500 499
0778065772225122806104877298624791068720321373907156854444066341297024688289652737251657486844400429121179662188957760237585819331341494255464047008787833769133015209396744580550895795069295969993190484979669190452106461129513867878975801094376730713206414852521076350958658079856976383371481869260641063085321677043471657431017591439397068587929122600495670518628474344752053040959657504838068509557583305746574003902353250959386818301893747890084863121372846627556122477830293174566066604091564334
4926677030516768165896150270158989513705663736576272984352124736513296597549262390183205478264009505753941322137687333563750421409750739865017527928029761369108205409970620226802088937029016772691416600597233331599005500148083165411009566399025009034926665454790503978820752031076240734772961966972627839890500194054364599850122299868154209502061632524460754964463747580205707134372416497083736360320523718358848110428365363409881606195038608965666834579643120465867028535472024472554355837071558255
0891877766439535522838096152520606790759495103012300265390866074817760713540506779809593096128105052666180274904009488120826271607458498373004792159170502329632473975932623261747184711799988641396106973538646206762127453099133698490662715367449183023894205676122311657767018921540225771404508845054481145434168483186997558246434809016024071412270250054898390372723224698048931302797430075119970179628410854058885191197494288708878563176137357077683748313100879243176492364247024521051679441220303907
3269045833267237608311824971497060267432443216629399130154175598675476416651911867722982660865992508707953194002266304761486656160915555121897373521126596651215025792421692254080550234208756856966413894938908752561648388771214859314134799990545463982911854513616465809073925536592485907313714939083846136900463399986182578228342662190436537417118422343211835058025892420302264869564488072968790170952278645450511606197822413254405705391730626613164490716516539194367879152636162860180397680766220212
3246075819223040917847850788739249650435345841897693239231538501308566965123293931479655099276843970780840292025163164004062372065438994402416811443440672059505876896275102257304169296003292994049039719205024518515341346432283717147485215701998967425461013599114436932938324902974243222034052943486510747944332040639847675176367352496244449864890113897732662208962746315949781039803436244444809437410947522967151793862242221497782495147960543751351426320795919990403290990772462740453034326223607021
3586263370716099595900714942326013699506451902673365829932717677000816584646844213531480009908372904900780683030539372028326706358140639579712929428100960155336421176214519916265122293390759498619999862082504525583124917930114788999720122224434140867275406907399021031916786513690517550861911704002838688629879004122653091789108220960484157512603188743773079250593874616249200888015892404755744548975761836309254400075509339253161501030284477797187521872038217751294843865548852911274911684778871658
9132321459399302021312694552663734668402048220012782163174493652117380394670056886026010750844811824909197879667170740210041166829736391791207402814187802024279844972901143140735090021453228775213649663625859359461243834454955559408708982274807048902644336223498266656473395710151972104821419939118256698353905868628819535936398850947936537319904582668270080996732952362823370280020139273920240747117715551512558787204518797328859102005501753045415853174067093136055160805520795761374775123653654304
2626300335482150691215303387691083582118259416849000781893359898368777536320273892788337087882244393068396939061623994146887421740734527316492570925595618288048107906350561270653344500000866132153062547397377491207588200102838609671573573325163253527850184539289112747017097386885057150936707591495788184200072886755477667743043373506153337575219686001398764070609710183051887916088359973904010276048675185619073497062976120260305524466428308514284370056846299712490541381849650163030777197393427389
9372494126838739899235657864430843768074610486164040357563775294760154795819593325366278916899736993502331308879204814075505851584949643822041169997853034373892763106838828664489463348887709218511734735122228598049366517403437695426758681677770356084314676822169609033660578144838262206176639862997220380469649095812886029851595499153905515227410292528122791632271898395493641793619183597154095719256112016102895330263654188720976486360712115098218053977540575277686538147428049419483380751145588184
4210622773879634518079438658305787473224262156957053744579475254083885041256235154766994302777816805580935210503875051447323382310881143172582308132694034936827612854423093049720378272990367381734036460065872224471842343826171574574444212418223702432420883149536552334526999188026209175594536341325043976176992163442211434362723379241265187013970165734500249635646768964340929285788630330924198660961329483129976690237373001793900575108350097591649141526631217812378417540025205876704893766045076576
9357853990356279030954281854852329472604630890515146965269619408177033648998564447467083461312376825578572419511473643854797104858942976637527864716844777361083252498322049213115964708868078522842634839801909923299997155336891241703130446746838426326276867706455583771657057870248386566758627162409023187938660458115076200339447441296644471660603842663039253703224991773691303913368319139505987211423893952778462437673464595580625255788962955209815768680666449068937348662592369673308455171907430021
3511757695974902934567642219656735802481780257179020387108927417105196468065470133276615969128779972301766103746281568609419228121959212690649706126620451327976189109032881963847644617506357913895772459880280444207383190687459821687175186011968949657510587446416450883826119975903018176656198619215571557268379546710481124238760269710903855445472449666191646881633701665907344571964352115885036747276203821676638060738678239432512440262706689141622780328100262755995041496192138903318150583811583683
5266276356269851303736604260083502086152863501260822858630954703112894169157884600502846753769862435030135675387311632327416228358171181259065507078005369136436614135312258700066406262591201737774883490257906065902864540822298615846261267748525592361657449505582715057555409510414233525664895295453664388406491416002591804421861063017204527100584231330220161621558975713717304803871240612156299227288919315589009685813450092188578724414325736228200870557792139179120356644352282690277976672393312774
8155034286030287077929785303297016085546313643081134194623930956436403993470667985423619367754892245285946515329803040951357186764087912757207474287174796476914009205191964978056454884854736846099864771441094743570287955335910414953753640157517567060348619385602393425535564897312238375041849390684733989556934351894874888093715454891972897220037181390737057660103666511227063597238682049317276826430400202664539049004298003369565674832451567570618003209791654569048800334650052297498084759879271350
7814605455510194388539012863370217094877711569107748691750882353995008961193341240383062928809811295366979125982392777459400279012390198460925152563687776501221601914701884179207946224893286239926261913643707207414641959279170044407848319235696752427117147509530837610490311571106179448339047055565263164673734402196854563526271669686302267232430091569910117567059098147122141776493774108798355897007754244291209643479798460831671577979790623007218415627921348034716106187187449947662816826676739956
9566616825354064972914431586051252095820760407494559724659835113934663993602504893248136085150775418709126532242618299246802704131121852046894121364112271210602923071866743529449777239154082668655429521772084573337847397623103879264403276353221563117010810697535058241648953530721262279455720410362936050311974077605049722161037711548558392984029037416313763460627175576459554483903062317253324414606641746257842987211108927330659979382491504956154496382769758685188724751808855676414334288234066270
5531302653143669461745448103081289179905806341169117199291998645604084635885057664512653345883041928966497501965962558582428401142712305581260142896339539490208808452445074790810476348023647553935717707619554315193365884334500140341947145437472632132924274260936681903936143666218703501400382349918397771841422792482651543552225183915048460982344472442493949048247195227017785945785518677426270982185641680163339648138823475806100828080156878894018652934335809049569465568423430641726605275516275222
6980235845622798129087105613763065127187974855635872165004729759566671807097108654456295186754941796764127493911201986685044117606564571735897659650951036022515413701590717790289204841164270307912707106599298808905597001883984947233427818500921956167498339755220759017604291821945540980204596689752673905088272633134227077021708519321642073078536175923503826608573323400181130187096017829061577689824795528088717434497571786635753116519708829601008356090856807417815990703137921834814622767538177847
7648113256183907462562705700152794676389807351081696827302904615492007429548622432699693490379556590827866259771737638841825432376941513162259030971894399088293477425063351991355781118610762643738632837800238770173830184257117869157039208783641003479120650534753379454859592097913456282726144409452468606828870270137217677122046089125586471924581712902826790123328863951676391160906760587213236695795545780782265108676919351011531023675521117046399269768317822075036504046587335877204927981711534351
6104163571767339664771800358056711167170299865872285499907625159800318872207832760830312702562131202769038733338845113018545468417316773323241081688235285939127232008507786881116821771942233718589363822291449105723175252328105688970670648712639317727245582950424125824481649599841357961087371827321042803776682992676549472054843045614625865537871450838595483140065663519110733627201792448640613523964451741288589224321680411610947594475368052730709847859835047106656980062063322779639020450376583300
8595315521001694790042469244551522389019368497731861823294905395250136225631986325025546502892249922249326807968960591295171769824075690426680319388502993230490058632106753353844897748118748959728750798323345369332611469191975346276993893033894031080328198932431070731696358789761225542440845520586476249562920601571000353706295740647906755010323936008127967952100564937390022225956781288060840506689033741356862925472754058976285874050699631909068797955186913385331054838913437739499867416749344718
6035806789255702846091608437512703961464826614239418762510715494019004242834452249360360723968545291632443869042718865768464714276118559117716276173640666746538764243470001997625128764883541580998881549251667770572664881653041479852168408078619835182492162586600320824710569879678908708660058615250973758728984585834141065739878924911429720055575913214360270764916162464291381079701198257406232302485727910575702164530269353167347474737419209505873605867905837273491914741893443370743947743728303875
1790727157723821346035891295002223188264938007837138601050599132334686048867863058075007302611362149762391774687296408563865248520452500196359862960903407952532417580774082542628484481192458263817999383588075086071545899272852137855622444515392284548971327999709144738787215131594879247312250054807814784023930305024585135258767252259003989476817843290443634562689493520001918759176640448622314295015089497316083952341345856526114876117747924278069043773458178777158118773586429783544324984277105842
7037192788771568355355122727614890691529207557058815923936290841597572649236955140055989087025195846430037037322325682171330256717090669542252186810829753468496804695085423548476879980771823380598050966610583167297026716722566044794369597397258369085847263893020309831521768151975605017807835559654379478931373649579132615697956957167080486806784374256027201365827163196951350494074715166968978245820044177301184821276392251764077158386191889379514079760235313937028758104647440178751387940489465485
1362444029619461435446355757093316070539760195333239400283146889428532188476614825683493265482380588246749066106411572228142846155173853784186729034194472096461605076578755504534329166923333891374257877244480940998274924334473526335999692777214939471982900093074137277442773418265287764599269343434613189721207519765512497867237210765068755739923233659004271733480340366502157833920063550691093423450031931558921758914277440318546591875951198321799621113014232315323322505252195507641759177499576643
8792740944892172259854624905186348269195673340473319504847827357021005584101384719259367500072043041396114625993666695544566433808708169653813449041781798767267577975658731852536501742609752510184043001712067479389954942070738211476217395200841350382802437409641982941679358796403229764082748762376980992523143147088489279652798401117085102754084278145248308884561330903962823048160586048038331067683178577528356677696647055840305684206067042738586599282985125511420699101795319261894323381761406804
0579530733677817323769535094844755062262403921488366152386828589973257849244864604559627926816498523072604460635083039546965910597102481189379974686780198252094419159645946003567350320014269860996138018325438114650631632409612801154881657818502718130645293952717643741229943114561249009706009200127778922640665642423193122355333513036525971167345788911228816885993485210507714654307253910562954495283760944002894202721604600928113397379384980110279971833769583524023111343558162188164741210154466655
7480919532888422316688474447856392307747291645984105719482320610607925643171387889421467818752289012433333134072693960610453364544843602038999880692967527234370201655071820199127697452830886368135981599340177483308391863975767752054660782177494431568901978397465437227511609472092417389534886248339608707625190678294965870063164433279161127701828860507375759415522818798078704716368675507078259307783847545277972796089585107620750640796758054141374466655239308713946900796391531283325301122352012310
5067009037328507332956592830898199740986402974712950297345201093848331610450276592373659458824320069171974508535466558118503458885948220602984790387969104472699568627224620154516322957676049051023696815467962251029988430440955487839300791737128572361966479953926376510371075198079268275956278079902749332448006783366918538180932405901226520437302515746605721766264826470135163256884786858030127254840610395455078485098850509485369656678663715243713356907373092957520822915099645762303627898987299790
2941616979696392602014063136702694319624063710185043284030046662269869204862069032740472119466756034146017632226932729856262632828400005547540101439705844234048365356948888076480896061460200159458858563086702966091596741449150041123910128032370146964856055416576174278423914735947454454645655849461255485027189508225639321117439882896160984758582874197787709105401822521257069424686963777058545242917513973479009402612277767643113505088584960215597784306641744407586575661762738261165380901259229326
0863592158874402989198601276010989155589106221927569005405838887186053494793404959340155405229550575251272361556578764185126096753986142161945958446535690687729956168173764198537659292658360829606455137028813840548135349281583547980792126171928944736524068253250215156410667863691753153457474182106665573900862694289826413324641979084831976910533041838325896138591670901271175906483150031434995258492070468324498514778757871800279665356581665256874049640233395954037288322710703781691031595045384775
3409507722719377509734480216438734652277761290285558234231621318605000149410119294489923692878518952586187344872874172680408492089490843513670051425117548168617575294780804930440242714914023955947332432510301185553716417052833730731101831020990265629762926026005558268599347321848930519412445753971872398015623047877460175021341109234460678857181654849539038519122671695578977833008107769473903656906469071375629868126158991424197968151959643214857746482431724158577480418129991160778722473388975757
8745853288026119241746357823372344016222529732006040310898323710499316886665262679071680863716807887590683751821980000137543064713880124060864008997790801839932041179739784303644782854558795918569673962546669599933970463668339088706805490145460483731265626472356183867880796095123194617006173503277322140390542829319051942291419403542884209841711783629298922988917205305026748472303642793956923430074405144756257582585284990899462102370124584093139785014252898393070322410418642168017222559283386113
0466852287199398252856345808626264056281662525592205525069616589900479674187410949191935343823673511904403021371366918968889789625974894094509307128053227406194580441558182545335187313036770727435334830531863100137872986247955501586656134337033707319659608694638334760057619558034193301815548620445563165846753830445798002525671971181860310827653859499505529227214576259830833655483653255482206444239961169451566626883008329908294344269791771340652207701378380513318122966526754676224530980733583660
1266389660552177788492333070120590978908682568820473828140469664283735564974994305952433472219646700785721806712690104268809866008882809472754992068541831797041393750756563016477915035852976880189569619465123005605790201148347307701525335052951888076897271685844730256971971875424181821261583358690210335492817618609587613601819181657035404791780576620933923247307384882564829283168494199504070780675225116739489126029996490759591373377049666980054431042626249598235819681830435314156832175378349489
0163401080749769799709912259385050454126622791107759084278770917692143606255360738509852512465395914904657623679678304992239647775824676021470797803752018827984083762012851067953995579291835871662117744966369959648658898240329512196999404443269133705046598676514833291542632504580633898795354944613950654449400182094595615619407160153846000188462494365608026210414462723695769507775252586226896950711474637069022740601305186446994415777540919636869684882350699414616904603715823660545365892683649702
9129617574344841767053043282661894711801125638153600908003240535120671390222672511854821090532024429833160027599082250800207822532258564458175402030457515152257480474900954003004461071918109471993330554735065319489713218435500448502166129489416069904111133807745384090879559838938846024446015144469624703718641979396771427495933278144411595429198896112058383347992097695304958221875265951559474518356619292242508522098332694843867631758143613439885111040122397162772071691989146783722333326821150438
9415205604081872413186064229560024054547677360127795162010787456607113623605674825923961372030677223631346697741824509777715995284465422690494858699783712840177633160709208958163309990855340648651068046490270543876062681531637440224402412248743124367538375891113749921876175579780229284257678455456621787194592077096970599693577649371033937515994675197900243765878987319821263269177626729356883994276121004468911081788011741339993851655144822645428718225357996212242372220270314472320331887495552856
3238749888247719845402245238167417203439484978401641916123679718698782732081601014912386362753265948632638640243318472472650984840785240995975200321748792612951497360901901733501249247631787792142278615072303011193465948239747596378074255742648027927550125985910332161466261410214610580514551889917119321212995851559690551044794359260495052938321799837585715454027448261988718345962308871059464311195552571201340886491464121646325651113529620920310940604437294274951669203067183238468839711162072555
8783273731812005273674554851478382972079421298839797349448357327191562790397126768234716609945421473458773684861909776323916766691429094153050956686969661092575982444911961286762586873802833855744943386377784765928842975373896914027570260188856899667625771438263133791471907017037838613429363356068749327440354151688796869494281856526594334686409161847083138346690978181384779617927741302063573156101739049078592812662003661678799091982587824931455786064550512575322250521661917179012873658887055057
7918345438879306661954675443622967711803346736121817253508874679799443667324147270209523581959480350899367536243396068970321096051636261119493527329630722308018300407085440097509476073197457977543317988424165752078382897187941447434673316329462923498326515467871597874286346981207136356045996283133684856815240108641747715736054004912256167301209730303951130941116685881482712637551317104589049319769729077428556590373248842204368353379070534851836306635949451239859267681239376444549576640095507767
6801939118671034899002997164157177569362459660785651646658753167670881022098907557339540349996213504967333747043034649938605646337256535594815548892995636877011604221204682771658951769617759767791260983457030999143951275815442499194643951310102436798443420650774495175810615105864993821224198389283669689184718237887393337726454375981244908748815492226876530660376254873755416248899190706996721154262922087679445053197144337809182261455505279684312536507668626023231147159286656600348013748038851794
8784688559021991015977531523790596544488310411102642482911144136804982525287199780102576881244357841434955096377841455392945505356715587321473360560536983906502421752175593486898142097104708065879105320208957917064770532903350558850397233658379724387682757288130087869605365514419169956276978767801542095868800263818809095738305745327863964199198077619055791643856268247025113886954693966786787532507331931269971542555202705017746677371789775608023245489528654164299526788525671974412999756099305247
9220019722105405818425455642875610223150153839587298980093909531333164058449960763304552796991491505830127468747020775548393361205179764796131774961234056703086967058459758817486213242362861071093424495332507789004030552204146307206089273354091602621443481003055310853343064550506923621312694631116901180560460084134858495020723346161765570173251499405759472191560014923506653141902394467556183273410203828046855771038353247469177809712867121087196690627242310824502820597491526030988520753244076522
2079254397906502715201803641427819458197350266982133182372630720526864546847863836478825909615355182362581678293458206810353406970550167871263293197316259849764862725018436800771268965797171368055668278354588948373902720867999687866987062440184424815439477383313334744211460125624155705321830550705429983576350442012595914557016020373159196090940333746803129983859807998778655270816703530664500140913811613452959574959097662264457551180468742639287927094152572617813529089186425345434192892427037445
9044405121964617100760700586552831641285693644736642712518987617387344474820134859491372639820548338911483688508523488762858866491968385828442598185295275080102961759609442643300364176925164920446858825763195716362916149076963580445511315380293306894569145514159637486732189439105942893761264930979842179770596597598320869673785408130000797806201274196615113201052560946845853419163536108584443400889240395947396049439668664377466866922019032419112312599071077074294709506280530493275942136002825281
3653999666175424148427019992887216173080449487317106966997345147517601792410299234868696599819373456097006536299656398056251729099100786686779893250283027920230900172926688057552512056457663519506626042465761985117398400087817617936663974254019149778798169058200432622518700909718186909358972015309199530434892580244279476986560246788521353221491259557704696408076521233675659490011846874040442609576221546569405924067072227906145810292640522930993883376087000494597539026121337300869076353945106497
7455811777719723540479346922794711421493807058517807975298272193514572741430709208109744102648277646456768685169870021784844732288678177487438607743374728044288419341502587282592219514108323244797869913577024388740893458618395496419188223016427146335278191218333851691312865418837491670021918754264820555961741792512193136805189181299341182494465895878136014129837969207827682540367619180129046925977720126550801500961999623730190000107975664435781480010536987011466755855660007922741431885804004620
9175700593771773018857076425417498882469277699863521846448145614549937634417010624515990138650909804637885770101050926305183518537827744476731764409326736657766110626282975575796578065463358007225492968152129206205520896227735938901646717844662592827766330707674269848810827077981060836118087631438298583179866713505489257498511573074264356264011999086270503234874411482021969914022272202911286544211663239828825067013691034234582637832649245997574709139794339898913438302337466716000560765868642115
2168142163348105840506425970818623331620110201227634829354552646271066524229929369022859471864190513900551699605750334315093987302060601010059367527525304574814503285354452560876752686830845161566718076148834631644409652557583786489931037634102601831676959176848320776282646380644593753640779499876133532941656023403785317091053217840804380358393168266460298407899592670919277398648633149794016313684581322301011272609352910514396846332744233383795916885686361914106099321068132926623623631419187161
4009455350655481170951641001432276161824332449388633888828165418919839060874251358138393773633047653161071901846399164452713038945087093013083469894279866990660481776024540299697197781170239265829565693963289239278197308441362792630938830562540652121279737093469214967552825362399158455809485489105382251993207302518128705597134637687160612916197659291399240543048698484927390976306595793348704572561713594565818925670808531625529873191782235625400341606639307691844334241003471093467554579216345194
3340362568976521597725182161570942940751594911051096374793711640856304776145593744999117286327644086786087727525308603678540185136723633026322495454911288618719167923208515976523237223711541903932933894161064905516734076469698171629677586271211098256369870171223957410374388680188367300578538417846964523824108818847799559490814677637618071353281487213923403326035403200633877635098885725134130191218983019599764567242166496679197637250295923293735584684896195053375228450892699782550200715449800644
7638333831035430943491672364105370412515688818198926053015385933421350316099483435231581800233544253735967892552364661481183836844491806691935516905796055020853622607424570412070100211839584406162386086610361050690846110843550426323187839280225245253818263985428342220089316659882293675677269870648275052303598327804221573937976383152881021008661956551358133412014951959988319022027826953431885886981743771654645927482850667492134261273111964335280988251741253618328795694631226326332179314401203420
5969022010834116696426814253716864457115658517456350520791445349411257018673953867401711959402534585770884260534051242689159664886355242812726256508370105731252886155643017690281880115481308330439836900142511666799280875295060638539351443022351386297022733932366483300996126069532926346565928501995963340430910099811231889141564219766684987592455370191393588343582751654878359219056008560593506014803508226876417459200319901372747319258913838868836125185175232974114016945699771622461519844186759246
8779167669921836491687012313490194574067727775572306793806699002305503732833631529373442712939784430618382017203327206877443300775006484481598659792509516202731678757422708231709584883894830278922054851711982384739994125096080973437794164310724917816185667044355665146896519707962201864395583870070994362294142348989649643097050573302610042989226904158853762110687073880528375585326863891759514331513572084113559775495762246787929742303452490899937324835457407039374879137014249133978727899703309789
2985318866924682405254192607757364432847277707341727061155680954943876190037674465384057770655552053248911336237723344329314831847423341892063197381096218417825812108421135808787755203380846322952194210751744171184952832339603981692324913364975838888235066891261353434702353980907945185811549640389218450072148387188908849129402783109480325114670270640939581124914554825121090581890204802691838075383954368318264461988676121085031073101287276748017685114781320810663864874239244652214429977977712327
3252341277825118266835972424111623589943377933623064276305089929463774641725995181362505965708853338207217726109493067810868953624124314716096410240808191502492446659341774868576433791013130003603126172706445574568393493785798299384606389579771169946062342379075613318868124323976031830922436669363088648247656881779728927198543455435348786822111042607366624669524142728097836473323595216689450428060935310550545503146701945221744692487224457841271676551893839590546117921014932580417827419161388933
3295220621586157625543408328820803047820415682127505785933319082939456850696504246005236367060038616278482577729975176805488334163716508272860602678711240286649204884703970317706514810250020241465148554676293019470649238848387594254919605129193625537430611198498014362424309033161691807007559781211833198012784924763352496268837455098180890095746789473610679437578743298335092595525498484458393295352047971062340059583158377456427433795316171517572328951464862271812256907021617174533935412725402557
0023696595911098039241862320401956928307153690896075903103144749746455303493497621262717156729248287694805281179383909084678206982232211419370018005461493924938422689649412077356723956857436997715431447374970649254983085314871958688834592879132749781584742257228892161020478959965559442830564552264902943378847375015314292520693088804328932343688917059235620174719671706173085982482106656273633746097391880159150659611206211804397233569563603459262454452878697982225802095662141400282684525742057529
1186365773344605094820841093004680250046022866562410007054770642225656769188712104927990215124111996140252215080133849061988434163418214677128840438298356107511321932752337769341915924373481325289105301308320817713744862468200357090753826818649632045414066855597401198018757553374079015833368579744929808371894495642855543067751914866592908101914935832809835739352985342473466963753780842872682160531204421128411854942207900925559190262744131601261162796732227633223462822517793458073085086131130870
4971865340291096351702223607857508357366439859364669251822343217177828972166314112475479080780467912117594285541372245510658913718734103576827140254342173605516711213412311442554431801780623932039208888645876370810926339376627024163279276405457595707450169075208311168092632857197190674379541443895708239740979356020542442601882487156605196804848866363072178600741197476896401182875379526419210013835721679046291843200890506387185673928203800500837065587579493521737957991796237832102781405794279159
1233608348293584760162572998425365998488474636374187364864532044154230661897264666830070667323768031800713959111039806063520775578792556645406055756150872273920408008727688154237298847593799751964546757352545953044123550489102079431761075873312706866597184672031954527871757094054968227369898962508970411825020999316149667639600298829111772711057917565320852631517866254973957618502256718030275471113991118145971984842435753666557785545293043244789765886910622409630378763166765340873025529529686248
8530780353084860281236323979793293209628925429980879762782358195424658492107497536692409563405264627566162853493824394549130389605267057609104313130539757428811197377690914754656105455565745822011276653407235794022638694048814670513722818973637007044723482841806228812542407942259967300837334819698419079410171317272044735990972281073214231159590826362007906722419682188186305975192920512726127541129649247061566438132422462084552999447536625044500961783744742346152932782654892180325220495388484798
9337788964558490575240631996190709732553379920486621875498420496395182614585003683179250904243022777526158520977352708430089213021955554307172856962951942062383153641851514246964783716950747305724995280455226077622278601035460329700099036172445823665115197154265965998696543282123932483999704320839068295172842377285836723027848675834752424554464913064246290419592610637486980168868770742167130650297564687354062666430759536045936534197971940120768689700433349837828177380745780111975353266632440367
0791019757173663660896774254666907123933279040776714072341331847857538920474472802653784092741349620311349051291114606625335632778607949797311213520957483478892202306084156753385366953236646348429247589994806536781158445302047935600469489132321136262094598268418539603665386459557699314860177226991462149745627930712879543597014073176253387653501607998455543981116777120768035801546751923467181278875494690113786509066498981199076946774398288403743905620009240346246831358397827577499477854183881817
5825743585112654761612712465852207460065167900615841931875381375071341373522017624060639055896263246530279053034325975177507731450226964505540200770931710817697748042193369539722404089670163783216617317141930399501242611307502563507411783588408156554486459943509804656989702639139469543419731949103966106744660385044736403980658482850661862634884376043377176942019608918603458641142685697990743437542247716310831960210590203801973737226616307933285007707748683796626336394041408243034303459724905143
0825029613360130923314188320844658432856650517722420080519397328299877353383722700318841874946155114155792408664120012271939756987305520449200333108646159319560708022713674841270814440845056053475719533093528699302007985832028313685887802917826171248169471381766732930900172663814648990074893195923691867420553312689369098193395063840862109692973903528458685177114634017568254691456385354629362718063095544359219246572355705198686316538467817417153709952981283586692691690784297027182233976520461700
9544307498776360310595265682109634670832835450947010139491945555119804788330381024014256096194271629335606713778198249761408729646041131119180257877869164949772360672537419752911936811728024308420173556467736875905180146253082919407743401911055160270548355758303732629113085422783052492712873288056977601253696030437079160829956036164721402942636743215274543316517980271477281944494920660596921984113694624660559093551225209613612957404669567218627324003763649363657112264940880078794069075678217522
7907126097996514518074601621337255524796358286568379413079451958077198032162446044776127705806306312507484634364153131479910620777360181608570067697835046788349028792860488477338994654318857543828275935318868245542513750158603141827817509533566535680380797492179705102138133046035504423360427639508862871730174897941135084380530696329876178731519668825544417690926975910876113292300681293927980407832836416432165512223386861331099774068738578843316919852201362739316993977076788172528067889058280423
3098414376713518004142546044641833789277474146579502785043644401522652223798965231204885220575592999186946393122671412253144147888590176702971224452185029108301761618759974740235643477215195932058051261306327056155990682107839200379642879447688921942866976102284458714957645003775064490457578208295661808427632444823227781732794955309929363470348770480632206919097510300360855439566572215627693107449382764410119555273684201034883139733424721784944827955224470684439131055119518597389991817930922938
8552268420131477564448103890216781060466131079037518185895546101321487497931812168717345661507474828976852556013259064323194354081442054966467851046219009566741799853209354626361723283459999681755912930578579117228656894623833569210462408106794935231359991624313425581961698407205671894014288860752194763092413335341257144473996497979816971475556857323126246652079938544846407905793552508837739292057921730010455496293209432177962031462079148716761162502847951991678899067351527973261202475541494767
6629446453768859377640659731544155940510714171694653160064888259406399175358646663010766724882829759331531124111482563928018086295964135331081856291610887318472325282862566748936556590704601834772629810911211337520364553614365040850117938912724056675772331184643416823087268766499649060859451884366958188796723992853524674378625550540211869884761133729297396348725863701832620249810771926284356110468190910742246729385026084072471307146690017246436354820986125667348449845960704824074741047683474940
0795623520648845426269955215907322771720575264920242851540087357481570352572164106482491087918380504120939156829823721802207224010660525624554647910063625040723321486866125380378286716394337283049264313891902767424730653221933475883726996592408105783860856366768553781865616666127186550621508782579998943570642640637469183151374404391470690882100465807614349816626474722828957318557174951831047739834303142573660663867998889705168603066936619953313242421742058753655393489425622197180810765952428449
4885571836867379253396108545177842816577772165709907661624107886688318815733554675303683884817617553747879345981387014089476702413891842028228189227895849857951144649205381056561185668359510838154770795810212445272528918185621246759412851508381362902479027972357810710754653512423684051883265107134458606657081505642232926090013663247043497982157343471968313794382357352851067076770211121603903484672032021622847196350143357888334502825177509036068295989494464958543107527244634222937048865396550095
0015789748174427907136589313793606178009850572768738858920510549408807490084159984602488046999033249033102413461099443026958893860480734388740691300525993670412191365892780897459325634114320325231963056552446405683995988033228869415549424178386982500987004635367005572174693807115811447834001550661980121255347931814958087800018975195726005983346620374649059172651888914737818370505788953468655547967174420685742489242244125174061514372508343565584110056503804617925635760363387033100009546088090774
1261261142523804891513232442735852662754588844500090612830333877473685846336937925599934199137369908142253358172445455899339501637997770145936561271720044139564483013564924953345512943216490880016268506784856930682486346300267108571984829436678739896309053228646206426555225077422311096584024064991231960138606956930218502351937210074161817992696050247830877935553491142986253082066853746648535524761007158760006895345333382959662994861984956576917046298083495816221316164723096376020793476242237509
8957025814042040535535702562457223553794852648158959682349449832638570330714785306781030796497355372520491668780674012979566224187694883394825694853835074412301135945511589119692782489827270750670277504130831669097018804202035325796054224598326038966425749083271050137661566218195190026657207141672945668227587632667894276052354079878544070405025201333152105967759289314374311982530627617703355655987575056509908314048944617824324426440239350641342035301546476631940021112962329200510867972582285340
1820831569407731905999126817867123014431006900460242687573387294921779486292276241788763082730669652208042731501645033157841262926650293581469652004782739047442458151015676616162679638195910597751257783127918793302939074850939019298084441395948328791614073972144796236296430377014732565834242031714699275705358042693918733858484899717403446492528247716257963885818733806174900703411799470824299501481444470637398496099209695291503032763881715293320380689612946631512651803750749263696492826477147971
6867440601048803677296720326530842706824664829370214307407446888910051974276879484468475716130142545808665117133975132467232532015698690397677618103008766649317603028464126840256255295407154626247774881579936765284562305927170168265222267032772940972339596410208747466768503097254988567539268204026858994875319400869701882289535105209411044754022830069115464625789255626954371990447951302552041736032167709578301384584031836374206456654049309122554080441141604559907207665897661584250360974035710885
3390725641596274027705226198661502977269360486050082996020893033653265770475459456303608522204297497528712784181006687120557985096604444186657043052104041386629334941196897763448345116470247793778242034963736233619605445568672771341773219048585212477400632405276159911853384750482114300622892580961850760178218756091918948933117617808963247893733860395009258236741185277394063161164858801030163855433978448381252700535829970923421141734593849097172985858769494823635712220098071733929698325224291264
6165522286988187676594800685818115671436131107247961076202282580926723516408027887385026932079176059214990560148273208307095596880353609529565700680800313572219101360222476766693407126001235365897846023202972219753012907075184255527155501746895994238405154390334209768327826311740090988713351230859567778331552344672475893237410459900321010682500319405853850938975612295336224254005741801974724494546519196606715315015619384383935267195495189921668552717271780921316324052769039468866562279177802707
3285039692457800908613919299203470612188260336945173716453622706874805868021456981471563518211240623711613099390438022979550283552028686565883064921075165197267347153948217421462775095410764469198929959398227206796566971281208400385809929181697515892014132695476304740920970610740188223959380833742386211765993080545649135389140708749161945264542059664911628016900193447901171579333411413123330294547550122142331099730817853155880131477034883829271216192882856512410410898189407765920715311685556506
4725431951118263678107297469799603337574026217572204933070625581888616598927128350841782915815311639514693012168729266259811712562136462754874073197010787437759562225799311085199915760325852820996412147008325708886295550135736972154999573472960249577642084629093219056044838351934198554619292038825642743897242286177953567887276123025662673381209737186548162922237962562056888708778668460207477636281597624919388441300570034134269785522996897347898127819098560466308246851475786400733064200636065923
6313705818975098928196126460025314843546899248964335995320271099008333892740689552640213327890483432212234207870889176888691700682469165597871142203594971567432877203272850544857689859158027782885005848848261420266089044454526534687140382243712154116034303387303138459710251685405115547981190879923318196333522982927741684218542360386960143500272918359541570000093268895602298568408977218906914047477702089447030713697906762153682459091060475597172346910034635755387084287297916663183538921985230576
8962721600328480464494584814938963918930935606942222259999319976215769829413942532448039436470618023044518037018574689599416741523971648126700905008806633351049780091846591325520985490516148794322320330296745866525678573320821335123794860542024625556369007332886584214213295432640739394741794125369625506565457856900474403412838965645566489903256280764507745979854190470809896978051792214446020395699879631494315608169698213508495288326537719278593711055237367983794044590451438657001014390482241857
4119534825105040688364502144493685237486938703037488169038600128680576556254116520629347767085895174915550319766584439832737958027456931287858682655236828022485020235150851556251557693811574527091901753493013310723287859306159436281924520527575084957047906339613313575861374705752694001267375717300087493364675714096038115370121992280201226076797878052019962863739515457731422184794560778312809278003910149689315397750175491866944368129855425369773167800792231398728996410960309216150706142720122527
4908993550002194248487636685630006165771010986980349358103600681867901955730142101953963102043028893509575209191618226672886144585396240152062022972323409145884911371527618896730981837922814159409364891778215054183407921557233438572101117948582708249677139229432611894056702242413016540143602361658315581972147415388929107229708517299319588808243801104820681332043748021013130980849789933721270794012112063858491333920384011154151831140443229635544453529718995557623664096116939517089568928038808935
0659562255896931866609988553238261713658570563086788107514010719062297649931586641976796369372905551081665149121810418324575974498163529747668159278145709942536872089343095522970953018126589993628375297269115741415339555903723672061171726658326377057877042211748465446160656246386328551102336340083386299232784836115652240930238157869826014613407862575818261330442987078297968493116777556058870324399419890184505579799600346175197892786232666081366035096042534078230488634612400672711672841772029222
1223668612528037130330824653798471485393534613417176271701776948693717345990374576493732409096580920726844612340680043089077179668578685516363778683615626074852143432266137005910510026032886443884829128411271942527465347157685492162470026284214936622395991339272129255252925256831196851988573231515970742816838066699349455961376401788629092252066218759587598978605377943917685074298204759695170530421296592292083205556443338299585555515296862623414874137116604227605184773252080601234351937128766047
0244049667162784658078737262172486968378772565240033673650418571848032450301257138779809179969886724267448213652140826868082094956683486772038579536787953979522046163373144114460654720753394388816542111768804489020278308840267616952314136439762988725242721109454424424973614712717169691954353201502554418339409508636627283151716280157947628160571595737634564176090444822363313092903230846339246814856450805515568994288959582907322027317923703009813167282110387461681002220077015306231883928153155992
6433381526438460266830013625737721982299854416610034092485974284652571561124281850714647725780087748339622686452714337912082821292100907354880271206550693495905832933072338061261108711465229041838289684128408203710161198026710284683585369729067850835938446185348874479931314841321990539558490790066266382229774678244664714922702932525685399108432459624793074348508699012991130253358503978123883596839048066732299498471007897552929376476149695061257814143730947182266822883868564426224872653843441704
2829089032188524724527241740543376064209673824711334870022752001293515758287896472021208881570166540079131907237946276654298489567840650537929366746695541118651899243808980150972371426361722252169862120201917296700942326559602965104162355095100031663638513783129349992939048962022914110925607712814569373966065629463816210672303993322314278320802665920230649901174553048701094799361789001276288678069493724271242225280147051798477250163159463078280508056064227958745595938405146711695600573570860054
2053314808538391974521147592655584686040013208921937522200742903686540472927067667566229962149791454074171376263930130325762374797104937666767460655446417630799037046617984101773083619860192368493586639755695813688620068485039049635561469923299501410331933801692754424676785702371356913757085249337092846796647702924955448171930007618535656504357428673275236451075211943874569196067191164672825203725842719831358558806263229595111624650354508622790338546856349668532826004847796631959699299237949747
1601193878381923066962136126551038864872015145401854527667095939786620891331663024870710690443298501239869361419757084759175370796170766103758929593508571231814485528065439045597948544950718515254787898523916986222661757094614641776405277750833543792674430410588213552861036961483247716425511230189378539487085527490801379198380947066575613296795455714635759756425504251167805476034269705904966481898327618068093969750014564190991570610422218750789948718403112562131862588005483841018282677181742595
8382055277189571784155864373746631953072641899106426991107327977572765441886642054715866316118920962563282381761109868253266036682602394427841695949462562059301140845544630841409664020613548563350962483591260228743421359203883881811525064546824982429065253101495087566967822613959958680016054455577415842360821705000442089764235823929991840742614167936168635351494336091652850949558825201557216365300799794984903481641748023349040059677164134840828292905902104409538782342083943544656858826215377952
0795385946087315603620233483135862757291526609305069392193884329084902053300059710153036617371612774824709997791487707994100757496836156559142322218073460751057926366172612217868065777567211167274823045439109208636677770720114760586321271963323612025551768195563779861196595761902743152497140176383983626603637140836016133609435111689624238874273398408780963934444207270675898345793055663173778791496698934168377722540527129465450617481581591624275075344372568449621878236008788376743305321365961859
1371905825559136784092062908181014105503636428305651609243730861242004525357488917456488865959331293854333664154835634363648398719697645747820212474287428931897977049367135088144585050818548965693622515670442196526046598738137915159643973821357040079592391281850674811832596377191323190967243762031263619405806050719940613064441934882697896333080958515023800024839131943653810421085574064510040459382876227266357760194426467754399531820862321385732627301759040570202536044764887089544780738663043066
4700896403542511740677462483944867194458187664322987712692320452393588746040716553571863354729029073012002856373919721168405060330976363552915460385890080949619857296722317395396060688399053767361822066183257879452866205531470156080349128815183359128118430527091834627599022463449062356276308895101632269222750093173029971062411429506595894214293616261767434985495244498283613050443987412525590559011884496290271324011322974726881217881100495510940245084766011149027962159280178492975989283109546456
1441208996973846560654613200344960678210050040981497224794328674809265162602295737860989127214834524888258503058632007450254539028969598977120921548427315578409512225814756046284754570194463143048301553330617932219134605310127233206225818221242758225987044402406466116141597048962946019952155744225927888827490307860209480105266717403508045289002359774402432091033429748871367581543708211046188684993828649448149323238980023423558891726696014506415678459305258116136518006513594250050519030528048726
0545469446711803457965675205578468712045276079055674561602575700175045394156558329199385300686017284897566879211634106900734513533297143700709592946673233912684015045149455013620946600529215209168746891197398945458613806837156814091333597993327896891821767098267661887786776184953033717425957924205067560645686151384646202094651270105345155433057286413987073707731767810229596660841665459382875119305951578160591349839920053444901496051081645017191392372670913084443231341692176496186266629914026918
7269098822919393922921939450962877181362505118777777178269123697839731663760865109347805655506778374156245847830874422228246743746123299167448383122129856207180176122607408346364716467851999175140594657919488039605788996034196511362487564161223870234439632652942650327917601402476884811351127793439621869995786351685180585552371923241200369916268447123929364221081559340688748440318856340890730730488904907903677931582291617859261174694393350206208443484909624506387160075785310253267416331849031016
4783314483357926837479383560669156258577779313038982635194750438642091585886038463716022009761287007976261069689726093801680689917123500039963783282351337803746253041831534097087876090675829473202072231750649182233067580107129564694030449394435334564648378698079213514020835418068299141251477769378184076939873534098259394382326867294840915136021435408266288618952162423880609811858260699086038685098382077009455231574015967841740044570721319259201081316965173843615215860364544242511272778633504123
8460744028761243942448034590406990454586816302225275150173162370546637321239579170719822292064585149002614840318797278143355567891150986158495079208052489162721830775863821829256611859813627068941644790443969569337855619877075791521891907785202816073698549610284589213149897290155601649606155206209409462698072934586930178212058088466791969218063969764140762302196728496081618476185847971991065638319647336307702175497010623143645661328744866212087544427411029974078310016105682736494950846836251875
0900945400596577598322612061134892107660580002018220298961506410072627932583623240048323733677242567739042247971293544939437851711872391813220726699830356484614842780384165658611020021996376263871799803217161826447377837747918804276850997893474213825691870357881273174607851855126949306864558532809692803518239790219635348591760317008254818967579916569814315031493734160146453395314420318927141566527734973023005442705376342282472684413883762191705367695737418266276082106274221592958663135324207775
9668713543182274757407440164244901566488299837811743079278748220042759959907012730350028893512370910717462841120124230999075452696696911860945029862536719876313583168982081171504476332301707186165589372705842956210004567833566928703061207854606452043380921110634774096039788871000396205236251903759272402583101817874564189492969412805384783357326016242157190925740061102498433607436457061826637653049154465173463623969909764810480893586766041806639221445983440077392837589780313608239633121191185598
2904945452393695716828989706135048741354174227347137058911550774302371137589267016219765773586624136913025803643231361775964924768741288934670751305325259373213756929538950121659856470737612218004095790657202194297655729610424158758952134361995787663804664356606329602742672935026536572091362427644647862002675989421534163030026398092455002661240492515206134979147055110504199222740681214016166105915959281686629241208957530864493580658009968847007603567642400198873876083970939690927313460339672966
9077903873459104177071018058251697755542241840365664281909151106465665884849891704742233499125949823637340793365265655375481480977591229946651002600951114989866887350622807114330125566463399857975521658514392087049662214346131647340260817495165230444262816495426367870505028266216128321402844155367794114561788552233077444728569864010684796047450062192320845606494446507097508430941622075347445267126732918542608710837975334230354348851588628526929892704013546701072329460690131866260320112936683374
9561528382076120399759496314413732067716758255336466555155079363985662138318615824425991892086840938333921586243791193061716721368355059391799981115399738459053139672333331048475936559754147557637002826997427955505172824672199858278848661062940233104799306896189999392647489494726742116733913908474420528445545655091853615410643522827871793579609555806462286174940940945034212034690262747916921572107705944122587664978821398535294601666576956706578585095406770374924837491535718148829491713548569667
2629714779976440182044657503100182121840052690519604698221806226310873227316338428822497118145630150440564042251729205680577715332412773792735559294405584033513717250519676142194293375403796248031512474161307389468519223704376140067187398462414706290679395433240049752251378729723608602819972607089927769750292496995968396433206807575062383104058458459019882459157244986295101700536805137720071961278465623675191928957692171077988583614936089520228096270474291868520312684765360331412375349701830355
3707750732871087525948492001435795896166926740025730772378215423893867828883533162668505005384004890099337426435082082985527062806537295250018997496247752163067751431414785172412116919546131211280821907973058004816226572665420184525348146686143305277859124707758409690349357665616849545605156792410033803887637562008243909381493574674925699920408921749467122704120134361428990041205647729560019548369760183994174922675183034662825105908553692326408506705274257887480758711028008402344166610730431849
9144915446901011569133830163093864457636418837249178075656777306828931631192867666737938961181164110933928879605574460706108260929493789685767060672265866537369825826098067289959535734417490168945406432561803478601810122457368416427435456430321943089272624233620465784871843143580916557113206453502794855783258686369238016248171489378044150190425421699983294781951167346610627969434951061949665942597866102562869128779661837389053577382942134917842180247815797460146065747524458417347410459755401111
2946050111139538567459214547157698228987332016515966191177400810706883406716081037195049973785304674264933795310819656088075072624966274307503070166120722831797584931969318664743296359245219727584771435669416149060353637295906030778554089237372728603491649622105454033988427933180175296022426718911473496044309323164088560331837163819407627308564592799128848794406338349195380705402017096836925708581826147593918899915237592805880015802547343819106766748033424263653530082201791899609218926506907560
8856117366119159275591564462374174713077262942929052059586288166599914785448586650724382482002933019964871268352228326963410744891727355500731498613434785824552142033531966431978919883955076427978885487022629485206564270246217081072737484647991580621521417368978608038674886900643030422972020415635906570971986285864024281767269103908214956719161651005503438039077715433804933245390984699609968190868975747149883985696313716566578215822459228306372378766811794195585618961894024319728137208735846255
4456425251881740802714143377468493738211827145455683788784092183472125895874313483415185445285071562452121864852253174789970501205667059578043006491391191638918561662231323737556669073896400984658954610032495023304849845013816639248927158221655312350661700578198015933873362518901900130334634226974660635290261486520810133731127909120124453162513494061708143500901531296629222428871460792069019747001023317230809381471464808113783328510945360673057215507397915964503931770595364665738756005817552155
4904815386876942700507370652916041326861837310717998654777521378405532003264324682492739158212132767245879036806282579012821135939222483154582451362851604845209781812475596729010240072969394730177689045005963872620660066999057117704993418663772511851570605103273315466492849711006193087073003017827161645581888055045913426814106221686560542723361580822797876380259505301663019317383792952009813512449707116075256922982753789696569332564442707563255248113370881698126982880593388136422233850875782418
6801768920876384544669772635287728879341761665538881965421854643730350152333731242241003673834625758660249600179578529289332618848736319457485327534692648169001094274449750697994686679798893051568835154898790753645428149849212597642965122028284427830106555453036360451172975611733422349055541518472814981497483432459783583872074818230067953089833280815840971519132002307824095749161766701734130764639935588726532280942518627995317121269127627523358974089777209626553057958318936234447493539878062290
9984888117989587684648381383717323338119238600713745229546558112654586882645311876492473751524204403727390070814334115722298505662279614804092717631179118482889225242526001943834828903055531965454946797487740515469581971112313755582773493835928872463570363303866758487520164067277169459682170805788632172857556203997936892043199102559224370243898712330995399089098400700327561598077887571344221021570207697471683961214743298686927536083569691016117922892494712038317032240288040848338818995038736347
5347493360134437151958323108914421461769515687468904551309773231842649625936635630915543273023806008375018276766705431270263387149773817399520490590536534861445973292682822439796829096573065065288949078772892532810293352368300005913169415890968632391742662162755120000683155431536297134580275894316240382300970420709748601004055689033392168978421412822528942231892050259027618449550019982331945640880677982366670918910583385533966591815846026926338610120580879284970431115945071396786286190354737079
0334376167679284804942088391133210943575721506532512984029433678265996816647977458571213517279553939700411809914489743144378504772179266978682924389228153761217652231222006977425290526380865335076708183765783706675739720064966358531155901379811633334610291853660074457326198043367786047911914696667089227784532728207512938874889727326186748280003322653845811684651909287844565555043500071676916410641870720430785047135093832610490825551090007282058063211020021067690954511115254028825395059539754661
6225885984297610740665984107990170371164042896078136423798628911355993227853370910709941854181047448882109592957125707835491650642967083351632856820928818963819060764778442487636693483799232223700177708054990863009095092455344382464618788759285432165516134892024294746716451139457274994123552057954023866758146064634696952313753673153355477408070460232330057341143037050443901326817748313549926028036236928086157514713556631856738826169984794652380398258073591674439492473976316120408063526777620626
8625086151565373072549484788770494851342937643481311971975694570298487167658427193465419834408747850753507933218302012101108933574114709174884726307268903508144687128381895642679946936669848135533307504409974961608566385374401779892143034867941299211853921908311612754583809027755123757092552555303327334806295934539239785389638231263191444561329508775511939348328357731939971844014663888299333646058658376426527425049527671375929740432789108511523672180087191464772826256437269579616175665992305197
7333037034433727948106024173078125417409243327651864505855108567329288406127586609450122649062619190063363021040347017043458173933825057213557582738667351475339733143928562733828811857078872425717656659480266104715374110685247676090190380096317400926191318733430854101246834429322554302236921831243808396337880218778890308454616634790798568609697590581441698975253628127058863007985390431677836504468859830536991668984258248221039450537473504628682918000608172280363214668599461933109931830222748523
8193268180131455138756811833247134957244123451809955029178587351708522776913895124740392854924426976217232993192857052304050492449728513379720341069473495071619197426357758500883844102536312055506433506847161726894882956643036112503263876200881187695794723057417261091622882489432957590602774199109366629576328265740702591802185007375937367955081206125112909278367435854009887369448402238904238953373029537498932075830038761231411842987476502698307600818788551492031483089418484340237390621193945925
8899335674595862447858597245374304509054162479866355192343861622485627859538147240934404351126571183851080983274644927410138637808731926934352846017903125364967536729598410460512673653569027412993827557767446430388896425318371877924026894407533877172598186687784965408764975794972593047990422258337838411086050510352152380827977589997072082582919368695817597266666950221693996501436995142535912823380377404401405262936847155671914473538152923597494630931261687097873186225290316364015748324913992655
5548078208768882472561343628983621939394422009769375613386849569056723082465282319909411849912821981653297451403821180116695052008330969920028075375746600341570720948895954334191076922394844207315789925766841817075125339488789608162320267721188971609224766042064082823658217175368452854538225026077124540654031619444042337548764158829715186236149230143194012203904522391962175514621304056176934750155651875841407290586178538435607861836742150457176444034314589063707383099956715571492419961550296373
7497802127991484095245643077358681075947852364164677946425498873254086776318125481573992605090316560586219183355537276772624380221961225893735630179053843094388888001356438846947900170503587371591625360234429349809143499907684576825555744023201005963831185060453265969578825630388426133342572205685373583734156299241283764655211496107516215831785851349057791226213017320481754154243443841787935014270767161348127795709814224963952762098351756291755173877235330428247080766277141280692021287075755851
5457827998774905782160532647046737359698664469264662964891389740782864893643900330928312652656194228639535381824275984915268335155733745879512903992034720888291483670512184591411396489331164216696917869696753211129688397804992826594429197922258377836364928409144710927928269398047743553308066954683759865540577630654679554814771373331714752951685927757354907994037586261692368611225691104698086147117063899737978409578568863734447062698963705716566070323837675211257102589870360684297886882008456012
0489659753916202018716737913916471904435849581824576391785971052590257370569943988092045911587622959307851228491634312735485675843754531611828414745008428858367309789571447353997532089560140294536350551283239741979567284374559105330380484540422384993566065812671705953303949511176248116691995455438076836618053132343264203785775508286779555208460396255747396318223946420969970587818166117088981165255096046802383831549803404307344025948792619447824301651952999504269574304330404755480515459217833698
2909835944290827351827086030980155699616492665189112859398906992070170076815716093370498967575926268284415580419131447999096567376280615063198396547117389692048757301930706724378309890539664167549946728485423645532782415381635547802359119570305659480971630181520888168662159441677339586765600033397273997361310645284409714735543677071909556939020067214687047707322251834827149151348350105554487145318721063790637622221196133603509775995675409445679921925197685386076564828789307478172091991425023031
7834997168466196719279135512633157997755898411087342024203755729211488399483281907009461543355271673486857706049891173560927511267515692917357172657457152402692287001938469998705862715588679486400833838689838783772193105882874102168274350439393540595064716482543516576066398308899116948191137836875943758472176854293272471475937714872629333029098640443570330559435716656645211760064317136016215022899398459376403917173443611133685543033053635345287180016903936892331004048098555618659629645443097174
4330602447064663766098901467498504664464351061357169353069478497283792979533620544188023973937633584396854112080870153725977801906588364164542442723715252763212635389712330141435851360887187477513109365262772626290521803367117166960581094128139550033843071437071271005492202585359386492213106033023586054636016088668714868624315802440100893747698028858112616010363180017779670951134305065029718290001267230446267844805124713406993092289173943705767967261829885804491125855009154845484920868558811923
4053323954849052127454469887716803632092813976489645751061672060070974629918452692867484043676720273537688253838629963467246673023043613821510991984930984236296148652245658714938886449120420572341843965217929565562409072090125236517970239110284907231036712578074878446260341970227987968448695840964752682614900234189844914973639826636718615767407949614092085358733804815653437143013679029431195303143922116619520201182229619882409415545829758548744680790454328568847800104345468582864703041075916459
0293285683954996876718026061548775496735850742938592246915493032140806182424126626981529156747790083372424401911486540477079144777527388844826059848626790132349141280360521216231483132259891574421892668721949503694506779183694411774929629356936386570098598832882593473503239819324091803842243380467720250478390892114957165774567750738453087396517447090198192035438931262136847059973814652108637767275416332803466673161682346557620369702566821019528908919728030085126622561170167959847663596065262032
0797868123671453327475862418631516978805012376514697115524901135947749180271272742137874491417147733421131776999970764879563334028741518787634748689200223189237306381360927575660292851894909186064473501579935960768879309702945234018665063058372549924946990939694219579308725545565065227913115573844911545465051172248402676124717240455409290079389366872866277384409271483140626786744574590693376798175932456240864253772558234864215227184061647717848825998581895436685138304167218793067506469992134120
2264828610567597774607681043507717697454085963480732005086738198222343992986113361915811519287131912407832831809177088418918188750546002360427243547776408083191650466090956505545207417074294859262193494389364585042068215675902342415150203689326527776766535054890447543358515719804860451480621604469144955698857360871381132050282612714499935939231757874756266739892247402128338491823911259783900439894601939388384513751216170797896943501992672800771121770863636309426535375056185533813928891938816414
2514544234121025781964514243340639049129743949931230929848578078925790171623373346620055832973101836122512824125736609439449627960899148944128301941540663705367378166808746029493411594205218428294534504697245896868938532786082088599122132259531814927244000452449174408977452879603193643865729404348103572815910391209729082344358861354544472119876435418676095137672173851299854202945198478348449073435529992086290786232042834677893399330692309409137961723790875580045078247250875170238380852670901505
4550556933427474176392280549599693579399256265335372316885012598211933900755240692673673289923138773156430653890556900412691380000769344484631274004898640468826475660773199854880869370384748787780456886701223818636275204813811493697381004974721739441204971643993642612069924837036924591769662577623395396871000428954788895411036896523564138771920302035573202735226679972862617418131326690558578118736512446075212296550423543682192626365125516759535918060041167409616427582893266570875863893909383795
5176922361866347979669453759453112140702040946102513375469625033286153208032724484122115371475072599225767114546927844621706898912734056633406725158535736980871682134115357529791020977857780064160575307427377083435819285437990112034495945569815457196649868161618843577631137991646683398751441560274920211401160509153068421009576424250182518886890809098024246993266609036137488611439631223480157341078928765676021291203863733431825062208890023650208499306198347524472530225017641979533132648927811182
0890059092887655097769272609559196032931201400518779433996300194869931389584770807492235069198566231422149888593354196666789811437142663818110300659021937396603680962275953802429708075947448457133767721325130017797391733051156166104743837183358028358850756499660513329264524959111162896000654545478287618210450325674119030411268111484501642353286053982245823916915700780187586847028751007393110679520812376913253908746408732713264579534039341869651478514734854546652013256884155141815785652204912571
7020008472844287818728769647334843972811267268098869029224931537127010345381505387945497198995586444906789122912600515319670360226846010535229294685887745211827151333711213240568622871679579233388759616024476341138713550912468124762998477657115531419976656857915701053270886607687368389595091045468110928386789178290385735538878262028906944576363945290264011524874715844694574087822107397857589754006890324051673611786255044369772215345815733871934144157160523922315382631116529894233285575838378518
7817736002605750105654826876669138322538478490065748901054390172786509691095632568824530373374025102604194871354666223177924718243946994647153093519303684765944277863497655081825853289633518141073337727305236295136996548397391236077302695725613468269546202746068893193407812543212075596639064419606282050971582986715974855862970463355725736454297216492044734487938406960877355248296291492966644979944521647979438350188333746203901968597262412928242591391656510066520637003942990628325356597317060263
3885740887758414536058277162644859273306403872489640956933338188623244784513008073612466793478270909673890834085071807553344451577609095943364245190747634502130571077781451095841279546216777630825274134151740641010384043887614325959874156527519536615557332558962452893201142128182334411266068153299942001093910557489531560193504110292671979787658691778645953051158464208716666145804732398779527918457648027155935706934491453321387699961439247334830530079609958578280243333618305520497569197534233246
6073044394120668049475243286427469954952430494189463754370595623086464761807406910508563760395783092859550092934479900891785256297316049286925882805660235564276470780200876511810909309390448928904113545574977713588393100565819351525380680682588455374036903719946941799555110801153943792418189020159688924199974942923196412585261510627853284621734880073798380720261351804558841674149642535696098934137898621443768088119326969902265614754639574611482844431425729622181773985848648013427769128168510879
6328199717620179260583429963292114675295958002170586874350492248235532039852982930591116960340236023139319108185299704635121549652183812451053778570317651852250618372442251281015236604016956413973588440947094079224876981294755028942263634233205032432558542467227797703705399942485268523332459906276893486554370480992971120171270798046873633870473759657767841375154395927680118795526889653539586730381582286155198604235541077983923637338304718020771484275558203812813802876193019504497757449778411496
9708535426284756885963485709259797044878728179228486137043231320953993198633377198321188788558503421045786523275918167866869103194418380221348465146064582188051125902555023648484347781314238931291466695361862737074301699807850660100051156330109142320334899193196048850944764187234193434219794371666297785433727131970115871773857382733211964936786641738585538743539450135370626889206947676620014511395348899262727075546976383227061619728585132010033068457888193181094613105915923030759035236205761041
4750946259536007008886844013255219217908356161572076946921534664033130933549397611067105975342083480878921436246524772655390613843313195882085890540426682191170798858821968535827426603725713831296512935811020250400086140035161083491335080143781808469817213206236609409824541399009394009795385596369923318507642153904858783678332158361099725743397470170933011773288964221360426337901434363139788639085954043457904504333146235124828133366909791938685072045075527868827608922892255747263323193043160286
1411848872947835541918689079566362648683485261884440999974986991736338610539791123226821905385542984384807548684105034861377877107807746768904759538052942858513534660037395229495433438641551989447405024152721950988233233591749446937026623113785451380634465589838776866858344718368777304828461292587092023000035662131389330485766271289410274020513103462277785402982718693802824104232413252747346496207655675541849103049814475559028751830323531743056075166549200706004041048354078979593413324478217349
4179985549794434032585667631295627596826177881772936119131335017114157157842886761263501630926739589249957220439651597666004471070992889599004121761971742064556031969159983815117896671832315902342560552918042554138410170828051751046856126269361719921784078214596066143953569232151564839916857778660089103383128335843337841202678039234248939191880561608213450790728214906426806639497472298144145502355386395311998547515040320766483538909921782511505000318216043464431287204804553237037337601346472532
7773740112130052351425409412182960704315514774806293283163716694374282297441931936637459838106470566223196844648290191713260317739277550131707919250372776551864596239051708364982946519864479902427842166834900557114934766311127640752561394594774063170751887501934323971443659863749371920198378598241735148064144295662478198217321640254782622258716411630113010462181124999589639473179082290019145723603533987548501612613240740974325621590799383314143547696405922280457095878609132767333817992065130967
8013467072557212110943877696067362422185394891560344694510004997468482088053858806566968797356157966139709399817471801738496689166736573986728743028900539245948855731135229075065990363374282309462832627179641428758347874208677471557649127411436267431176877250739535109470326438609162201817339152695415164351669334339606668660843958578731513834586270476184437524995999736978804550356609943194765959117669891728924496281873854500544734568800271929130110380507057678507529922782715269656022752282299853
0403355178895370687478367237736072598127460923936302647879620191012673333590678143251460841851144919033939751074190319603764678802125456967897952978909824616088014360961181020388991702412244216582942195238227631779906107641267333803428487287938895240554596257269473360707134614545287732129115396735725089301935335037178519921589729751621436116431829512454937225471070507504078843443888165581901004896412998859524155353665258354412032194221064188281691527301597217554803051559054478217271701444437699
0396211297694159048313503514442692832957432560271739789216261125957666739905753179071260322360880124601560700913221301656981747105834504509724345764238256391098899320647557335005783893695962041223150452191086224078142526056545056858911024302119159343727941700113903917251250474300761029131099010473708292009814579328603127638472269944937552602462550696408371417377515795509691407756091813203984859173933200903913598729364316284362074471812343270190095489494408539371405584488683611217275784510636442
3901845854560623385864768952029319455554320777775575207883427947966503612449854371740580970059599474114114422989872751320760207270922972313297145961688411756351728042189215748437511033437023122012635814793100122953341997728815008598203160901394266996822022290463625526039533014484383118899812512168116915051221244387136893410449919887845290414433375905535096607476561162145562710841800203914528843480179866400535305023254425861357854600253458943125027831499715093738374162485332059778411776762515732
5373118699663947662683006603783626389040833202428809291257502956768921882422776274840783410240639143161835114847858309985329867862850574904676117503379817291856772494761977092912597945369441417780949129433368166379271459419145883500328242097562255134024771895529902434933940273538154084798166629212519663188660844562117617699185607584007967792436593493831758795337683126087817055019350258770829170972468496553969209338951098107840567616831053956999434658227627187680920239311582024059253747038810325
4270955466918482040617314685765733088701935005774386152267938201948349867722839743569526117342101352471223789481820761799761064268895504882227941341724105028922121041740234008163487821501620078580206740399656199713000914427357172715072847221622755904341240943435600001449838671145017776985649996849109225554089803763793286996636917258791144129212871122059781834231389092044931523282037667221781040811300083070359524508617596392233198103524567131211960943410161500277523230710851183633188145817542643
1812680351571712930447708110406842801503019225817548843767572848235484310136725080725791658439791447040315061115989975059693556080133862122121935878865014677841911699578726822361267002561946312066780668463302123762307114397785909329205090360012259786240747477101978987863187178739779143055735496998736174234990048601992792982638768553503953490013370624384423245853772711120934161683834056680397829551926022419034690665016276678976721821627703113518657562711350963142520218940808218494948702705852160
8420068705344018651192620953409951159288903665176479030989405301822788072924488649641479287622292290257658067803008588928474245353203734214935719737874796326263728997140471700877329420855084167221053105233096061283262210967924130370845550161962985144349483161618752000396168978426459982017077526010363827445383578627463344009340067078309966078908990611967930075045187733675869792164908105804141666970037268937976659935162280255785297574521482123215380907004981391931461921119125826646945387558687493
5865360975146023268383634147451457838227025108730193552538747904316706210199554554850984644508918713540040814347036209907253853086927918841464652416098618307523973462678595509037877403004629013736854844461886893236104884555986295143709790543838889790239166762056927338297557206725114583472105792848597927363339123693517077191770203992719077548183127224543769276007791847328728787364361758243295832087209935492346888161665379729619152094109533626858502819335211254180570349107833469712404466899392831
4777805057190837615298600854547271108020997730743193171575175763918636873752612775848412442936224679263603069805524624597737746017506010012728579570592887931600734839152985004102700334240437036429494207296651345028664725331872576955158292665165177575131398267356889572801797438481008680552199343776515282281509458390574759424505953237497088220381020194677698045988415342132347463129438129678999560222914574336234953061600077815820522493754561455512741449581872653578792168703285320596277771749768435
6547062088814914880864114918820994357775557559326889433779823025915239057130412712343106568758200502137108571430233490586853632673667161805183898755575469063834239313414414891706366459758107569968812354927936746782147866082350352988652975063191893542045073369267816171491675744352658051254089023130672779804738384197671368980402187567447021308859450957450206307860748222529832403215051634051759378394608718752501551440568249335053589679873559552895246256914322757708168643275111099849425388031333068
6892653278377495619963284077392870890925489233198156955687814868370910578826416841516233229759450367197399234795295913657269504998294171863084149223497395757297460220475544866475010231401645859669476999677247552327985813089871431495092801706346386277003823748961418515682847567018884394086202193712127901715519819297014408864992702957871765608104679096074470305660136862958478628900387751316693648790156896258068290081499282060652654262629934586416966815248544024349411408961322409827868568510609510
1383439289861402111616195804541730358814729452658818805773523763193500958397380259081139269831390798488712946552929399488459701548203242282526138491289887680750074401862139130652644261749336000035309061447709813804159592246962203508134286067266921595305435002488571299814777745767384758524377519643430447986375820727216481298121768384168260355354944009708938224135331664321985296218327909750272195692203047809971276965830931047910949273533976867830084317976780522070586138594400386243592744692992810
5334501892670146452363546592806292376408818304803386421454781440758223308815611705704361872640427795588070699193944434369736023918680937412728817339000896669895815339755296278469642132622497417730437857470423530186802940389777406326148991882111587099915740170159449383951531051811338580230767684108485288831416084292702989910731589347987705213936657636571205851856967490619370876236173667215858232615862696503917086845849022994042904768056576129114581035076211595823422351666638255293086064650861617
2365635551231864614569737330462867337012601413358886347820168419174024291507106674069907209016281418884217529629062416895769050985247779055130922315694983202615400619429541761511964491348472136894317307314988074110617283009171176057270224700635589500227417194432917204252269888608558530378891970548707213712228790295255509210453280868490480269951479185995305316429234908333179939404881553224257806007946650217268676303736812590467909943041137104366002989987128760387728957539204923374615691713350771
2554644765246646954349535413433057605180061251869345781616787130492236010766946001264757253210458060948847988119731753105071643964190287459490071844853637162707749489520951889792080068868823947775912609635170688309375777364342772915659116174576591585643916396195073882097138633612925863447293361432640494078575241326961483245039036423354508715674641554546558152615626114238401835915750958355535163732729704909048279138902431317747031197165193652688059995738972314307864058249342685224650674836672024
3969029943317840628201432186759540019207467347794170268122091519324948280969825953746177860708678113529509104649230736476173212289479392125390226121155793309020595361707986981766329248628198643574365370906056482343446241075806409868432409478086103858015131439604987282340989607546377397996089182817130162654508206434249779303169555530182724715086724213246231102414830611932248825724105129856028578948665800665381214526677939193298143914376647477677132295139322267991522001860434388301657385937531580
4360683740767305024838966020996808303408915249543334594691208619153062344156034554396904229769335372432783349214906931675995247449692766417480871306810076086211344640851634086875995252555465638728856722897888299954253792289574205034549513507140248324780890268865754435597280895619085242895934295141864747172284145821259318417448909308043468594206186857220027186261271116332700074417246570217930747281612933051323576131152940240534200563327944396338966286770319000112374456028873981083367050375759101
9094510292736802603388335323431294409719645350373960579264382599359259898976333900241273249162950814439911814531551114964249959319547374788452833884685634514747753275812283244926324715190645007638846760882039590786868775837257958022383111010332723107242335313026907761240270937147473990126753311751647098773478115348504294488975122514156555793242289616912753317442718979293975185290892508413159808872275237927296456655978017771588210159677825887393116500352482492121605926978297440570598195152318404
4524749169135728654733783861668893374430366774066062632688350891703977016862668563685298692730422377180817213727399008230552882459727278476980659137473489260090528378508594818265698764400684843686195505713606034495009899904936082362094258061464206803858056677538283269509629417924228706453130275352569643857515189025139274836606662707376029492696001891406069049586244170810542080014116237478079212273237814466876536249085461076515082662009412093480581506387285163054209962383402410956541228291589992
4344346046331342596687070776762730694930505259478795585001117684294284138389543493924217317093684808940151629766366148899100314314276757599512505528881099417658510791796448463753094990323376054760904364666662069615576091579245108370377929010068782230963415854223295417246752731021556150589657579885725087438530753678335156947357264824904265243103340069972661136346207922559832149546308302002740513634619034118675675161398525717173604302403620774035591346611772816265691089380323086206842892895249178
9140537014402780180882269468195210248114605021440915749961889024676165505365402933310294693504083177529425860242672086493899600188994007411708828523092623622610980783073895528633067579487751439516591318684871442761067329148360622755466721723965685613772165608855806869401198041175011536750293034317983861264035441128508513476070530539917102615364818978467629142867550189812619909283471324435917264828758536442892504464463918198625190607735037850474138514000561962966776645529916449852703068412661122
3636466256853663487228377766836733869186442451284654355023132011125474332661232080833684032153577937305907756222844299136540975509587227574589692761515030904365849631110284541435853660045707322625999076296512784346540254443968319974321319557634118914011727556756848126124993877590833202688751439956818636159353656653976554286136635992478784332927467075063936074896020874368006742678543848388068718276496126652228852628554947690961926884009912300694977004204873042719302762813700528823223885719056000
2926345474320022433994187943352547435838682857278250473978386266423248930039382776933023394131710170654931949497174945244517300632678369909090541094125767202849839345843993492216192750043084329762827498409725166682007493574625230572293817626090750171733601575871716474549494290054204234515391552949445357556619274341823637461695454090189072843316329905547241151315504400426682886873285916924706587083090252476182121941418191969414867242819010041616416961932392700201878901872843173624920966339574676
9146129450675030749370021966330542908187289948820117686102481518414065357145692108123072541849476252307947455711280883234906217427454689775219949695511251959703249025970397481964070421598763107837873632082900589366466913567427745079358891942661180486911525289435528604505311054546370911585784306558262083260891842455154831764044038550199770488881337448784321144684795200365238636512409202301132845978905614194041672876744511192851512351062201030083578807314008025374044096999663831052219549701007181
9215463399537649678341481697585505642776037170370031401524487444212018397020921680122446286072917048828119235854590837520748106355157063247919236572309298852111984140457086469211452254140979462389145697099888072927706953146810806383339792360601075753823783164650916567723057571476520622053860538291962818164048632123779505747026567216011888479538979230312346902191340708715819677203437394717252699000007789632901534098361461746264292223782089796434163711572107802378970168174207422564183123137692065
2150451542634875553993160133535822948516528588429248112399477053296528109693244746123735691199062389765152461311036274765731281336178635827663664834028447735635278226483267429059563201733003275304796540101606244374387896395518228039561084449258515069687130114030434498799704791573198496402397143846537618560287365355534175466915227044646344471994256675886111421506119143985969170710966435769404761310552453315305140044786177709708561566341608706421049923404516871475930472806672081307827792454574293
4344972054211400901993533814172727915012626406470118939099293487480448658899801931615105020719065500513226875512388263811919482517633291672625393739878055225052808469543861589714220355528564053837596332120782588635754710446221980590407103549300408902263005415731053445480052723179269331623307626321192847737590707783469519973118226680990667005455886719865230907982243197686728726803078319539790762508576445956218271031772793912011337374773217220435204915249475172204202201084028282285876708219525790
5642275763100050257596553792139126141908614233686806285986760730643207099767961048136504723845677331286900217565278766618723924383210889468704872029243596669328076152220853546988032036067370250549113720389727693301665726617377769843394900224856947462887530513627894458452243018306720813701953444051387942739151727323430241951247443496405452941455152941058205653329294833597736916744677837814730719134682339333903919847830019195945017180197204436031393481042482833051803359775130809221784718552141637
6113976261762816673130974340174959859327640005896055735726920702188460508453646765027686466443106754482520760534320886686551308283764612385053244036269391218214556205929961596244555823065933090093509628471530832860583198514071292199732792959554194940210110447904017594469181072266896134729299767994775924246212846877005163984856376748298485816571098924614491010134156923489606691031782795944759106239635043833967111707409940478845173969003051298491381462283735829746361141924363820495708319173766376
1479964140053293324183696800034070962981711760155512159556062615489090391699985072700625694264644999851528193083446467714856879094207101708201211157473643343308155812979446456360277807977318641060413711679171571665860814351586388887147483531658780581032982779749414798370140153639999506848412999196402060487041940580938542127982782093773226683789249411248087342972385885315815895940636805825402244053589747721378830566051444526086697288548942949934766097196719110787103794444138323959267941934560290
1487679785502774268905036763353724024752728759516254093273560934128978836409234825592088576578922585926521755459185014324321782841482471757013016957543762924907332933711124165534451520258025417081905535541208343576701910799390003265719236520042868111106316986950254529090967618434091319349879724318169263811301667837811006925636025405625448472179428602893489932994329044798606648855407776100502508280481224287885684873855741398552532160766791386047102981071466984427886071072394308376995877278325492
7497393780543344691921789317880836586040981127271308571944024982402653001492388188937458445855536502325626773597549181841301762963872907888814379903131294475525447406098866113573816732534160972734618920392525193342214654176540141959086188643860934748838216508719052680593586937904711638480395846385460932959478257545373604154497854149626162055269076157354147086768325589846703660723645968582613143505337264173903673078767893963932605924007322395131919917111511363910470047736198227579405316590108821
2677175047135756317793698079750195109626229662709800967888760132319098973494283764251560284502119036472195037360356460149010946991233193041719703514809299054087331479964210923860066280244511355740668163857378817503643876371266839548805643172429210005439303829005904824613311857590347235566692175737460440376859827937335428435658425526496605481855328229234644809791306846098809556461104340083438199921675629700502236555514089161308734605458625363556699771914992134970671471406829870852127310059817100
4926720260752154690864075602747051838742442039939517250697374336170075292224565700698535866705175707809508948552132333620760826523633567513098557816662707667665848337090411066502588279718056411162981443920876185585972867550454114680580513686825024210235847974166328952030889582667575358447096495249259991611182146155169445171785740567105236446592194934463841456721146062814034212517196180629151682992866219576751350525585546731232911061781613529201724238362290794836334114607794186618834564974017390
6921281824534683973804585218833421191164153112522615603927027100572757034486593136626008252939548649785538654946162500263974792372938316567022070483003382079939461195750936948800217399259785697043481503580545530552442467944325921668102117533314810135056470798337372772600229153610305203831121928416948476348573495056955062363974235136217048676442886837600147568105642733810812442656963001783549568555902853444304386686302676729727047467180216805269871175044986650148619527347018158785141142015462399
7183717163900741180090428040776054553970619820199571800253275458000627731309528606195089644168319109829233481230092611842048518397732173257595881586801349289597746391413271309267577772606687134466292081019885626755606110915001025313660550430934820109659657383728478724692386273872820342055612353575042807503751329759865442110385506287248756599638121833246429188283715090347610446051609857441717364024395465037397704798366710877862663561996544878940527486135261603244461824822520223131182503628690444
5132726744734347731483464054179265367698346778183309091580854726993271076467684779336052727567090442071369153169965915438109572090218512214299627645644141601267642048671212909408943576639456458874788837120540007856041976233961438119383255070096899192119940125750215436784307647423056637555784135820828180793819058021739359185701859876720274200940910621992017764659207247872948566357116825129384418847780294119192984495631493150060904426884705338899511568457513057767148748677946303773201577001018174
8480532874061247621868904350837191602415869911258823634946896963192246370875372977860890357054603489182644247845939288303522260664418689416152187484974263684607356096343530744959051913645066808038959885118359899339339916887333599649105585317792160440117764835256053542476149332747978723136250305806131167592987426421371702368306248503400909599312663647430284805941385633267384457631866440687892696858478416304108108706861761573093675458688353528858152843012862876010290881586481884767298740670970037
7117597019593131643425739035766755377922953585213854816377177530162245627299639235931975167389861337509251794831769878684809537319457063991276245597839798063579088575439378751451260294984715036887909373636647352556256328751625550624773820974224107673876279397602613876839345722051583048188472062464360840715910895544871401799163801129509496612508781241501879300107474698784522472469125661869665939692649805274867280660032450673821844449028553918921903502152758648267075623758549728951676676958596443
5027962942466729387529504828745866579314976693889354101247648121024862214869813872976576071216829634872648926414352849000830349916828278344754502754303105318910058077514261847141941889257730905976643287852179386153505936855148775470413517713964886575797996497200925982163207388168122338907885406549354275238096823817307826694876175315610351810672835554625194330410356416244215642253744044405924189685380969449683809081420005620357571080716983173057139475351665021946294309053695965878295918807756618
3577986351542185428430907930005963302178861798298919720400562782277175800176997965155311061117054362894672688889337930576274481503721924355703087268651118311010631351415819358320047012438748167295705363843568832380917630243891206352197779050579472517989614116057460323053913154281490456221013316598089224391429937754970843569328253956245285603534828065911596825541751089816386908314905868282992327291560966222737557695916263963154997565303024464422418791497110750211794219384187120719690080774616550
5976250488946897624360053862955227999864051710818714506811463621335619166923957239694630627171745397315242245743628020379506291356187489007955899138442092916150632122157709700439427689001768716726375738325219992451696744961048530667589476503518188222605186075040865792924991939502161456419813346234814629739679746910723341468161770355364053135238807708620915713521356191047183978582014335695177123920202550822320251127690790411214972032870881776831102088948998705677339269570858797859694898459014407
9401836818605901400490073728284659332546931567790711445477094029356470334029891245844712715817955261670249012961995761734213969981625039547049336396531573828734352101226902472086502952900936288896458471529136118910220425300917417223558032488582339295245950626856612512545911734654255522280230316216100850270473986376652464825705926253062869053409311852908633085652939590680776133797835290474445262851056196213702437012518949700419704116094090312236883198040349536046878945618756497647512879970034660
4216023062150955734083507806399729030626393131403790837602416672291231944338318193248602353458790206397495033346731903006528944032481106986990498631221552994624178573911164328738172172204561017625815864373646180505752229012528619585284871277341938149314708515777976732109590295207897498717921745200073384647659671623993397265046853494759731409151337526626895405927056628593133191698789146790850291759410141815568893428728064333057381991805928221029962367028748690487881977132829350821010254830667960
4103567050258279229737892565921851120231546695513266424934573467369847707207732941986408479215707935339601339421424073950852971308711927151332561814401694307711253368232356425965881150010481812485251440811575456279141528431640200749625086103043418465911804928705425750139474763512665570849851463989706356726823628146146862478597597628214931026938295327296611405675684039968914002461407805966215976289233661102388748139106518832004243929764889794983623232570396409592443015991890210801030358712282349
4832811217499768722560397378337156437119753916309512460422915866817990338135768022714523867816053861625481665159332245147324082377923633101655938990539973496639055831662406116237692751095524611145662976668539267850988347748799195733617989187244049306743289791061707913107350975460377463426396034467312433978613411956364821803276981187416525527764508608523612730427830430261560331363295745403300086229086265648403496676720331701236386955365262564346204344483110724643429845565701951930517647528243886
6061057374818576725566386743843378928035324945639415643738005023789191308745506091495558433414999749586655774672792999724195280232366560242243720475510595683694113576169687013652058176718946889539008546845909189072600650674041143255185045067831981356726559645964598801471031955937658088028923711771650768337998595671812849218175144174181461602115005850236299468854593935206100863486233265131761187308133558539609292626326730259629179439162555427854341755281897089405275882467566780662675497330455869
7971811344899329761136594463944280744403329715196454218992828159783138014827682683064722797100565610809823775295114834578890050297301890029656248693998987776705875567086429252687511977649651952046775405901391813183254819877835617455856260326349039174067598260347714105992080765170166437225187091305657150644162835563148566340153247488543206078481885053070517606644115918994097352915506508875849464872780733367159816156081498338110890092971974739455226981949122829995657256600348162978041017999765257
6864494564420666865108288917664143308380055371811187069019650359949184030071771293091892791184990984394456787228435364877100508438973717606597104449618126946307621937291304778001370749626442448427432497548126748429008429956576121494595404688947340298296340801147410403113731365000943988999314049843746444081951989531696205641418947286209301773576041435259513773815293727767185085647201039750447855102483593163338714149432656813640437136198253553225773940642984822381700003998669951692661308567181040
2941965908635301368550670860591651322360744046386457507961785996855654310890113399665617818178164792557787088667467994030895392448584927354941114370763243246368421761711084247138153049557546509058961362004844737195601132684715877174382419477127391647319848634681249872789677724468511293385206246975312066752630702759830641112375568646302044487810249041763824131385728173917797568416017088218338079708851658628663957343099668312588143260264139084082249142214893984903633568715823818055706026054033778
9100915704995807799874387479373429187464565975748351118876863910490789867332481488867593987074689999134180464269212509682853660110415090263350763042198081438109376569120358184140957421761034667857797482234970450597499637886847030861714783863445802912120415294267566556700090274710742669057090520784585177579098669891215802964032274675493946113614174643292016333885362321937773955257315413368036568056769340942282763242058343298819252390458658684049750316386686800896005654644219667703181837750675327
5728776929542845150838887955203251617752483611452274453386114517781413640263356433915386435162810997932510643015156414175959048888312475022502462903024286022111697851749812411322262453063373763033583087435706074558903467055159053458290331056288665173737259616360781584054858013512992559660548312069170975322877393757169627618136557975408949005437662212476660204732933514208403469597605843862322997740734759304975313947164874528953047024236563238867155791152294904471103488853628731610443122636578931
9742602915622203681376591009534780601433335707623111835784337513216277453073325800234243237771880806809756261747297237165238830103233311756647182725172343780097030359636948253859023599595951228956406633008071836238260501021315291687667394715991867261814896020087164460240602016239474244253586199309657661005352902596419641255856443807947516120418621717514059341785489253069638051731457814731530088928477487543783398775477295644606131209803971873081097502551873696860959688025191356193691832145374179
8626408230034850690622957536807637690285281213805454917373773280699381233185183931760409603627749450625324870515474730302142740268641593613950519653563320561570231203262046831108401806655176265411697650847574481382789199601597514851877305308670836726600878222976959195954105551311373985761071856577499436149860113425170293889802978419116397237723922671479459073881422910049782320159050145256674578276191474759036186187011258112986019903276714808697905214351225316526256205683387347559798232632515146
4281571443024291186853134611183145251081938818940039063523877789632891038483693737792251332604127560864329949388072198918636449536758354689703784656170972929323144189267513046687559474729678124949260386914004652101965204469272631705805789559775018197577236208945415161846981711901811631157574147238797233653644154385612964139059885675064662351196014076623451991408467872000025813981508261508622231988445222558274702474237525620848649077225378556680223817939275098366167494880557677538433692769830552
4754675194765708445170067143779554541707474043875275931176192822441227667741622120846141489913488800299687950909486147928877636684800430943199045741871834100347416451961688512405509106606992609201531481059499940830576387150580654191743401720609228137461802937684496369923296399582193323910757781559463382525991463337506185701623645585270227503202594763126371627089552914005080025017872809031599351395197726781427134181626784223898384892357711870933423082937059952454287189387913923898006097371736593
1606005167990193865794257366575216216802823052378458450738620333313259087097011562361089173908857014253721074100085849561060136543900563455616589142844158729564576991575774818763374582989593583586091815365994714961218522409964450291703649655724947634218885846927400597909604358376972150980620752358527931828162640626563761056158297981669220745638731763601136460556249117642146739761637521039522098434594339883569975770138613973877118441569732986118260142966236326163494192505620111561890894365530376
7907179299087082776328418285625982489852028994499948504915113397105073909859726565926624248342118190410169164064884199729247768360418890974109250532215776125294515099875232395646445754659328086155297623841248759396729753047706619484659605022130034615308009794120939403737486516612279275463598814003039877019127012609620687893451942785357947802445474773561098395725578866827916570085138070229325955364237052254844527529017983484869698139221315107555092925649781962161619893479802236969427849311913771
1716478629996653869969722647964948284167895319936534052209403363701559495388445896465729908168844982774806413002784664555980255151881735782712412189454588184771112235000289195358931692756863514727372168516326547947096141958650215318608506311537938199683986930133799439732321709971897075524979818454552219105964506228679241564687496678193632070977322984067942722671503720549604772854771095166515306651745742790098448839123403137406471204171546324064644483335537505602191968433532979239825846664786844
4545947820549388531324191095017022367104171764011556254372949741746626019797283508638254220620398947686160688091059908988183108564315508622556917137556767104566535002686172841078927640649475100428179494812381244309912299350561400133752302301552450124896212622463913689372497280064346537913863838231062690971752257020461259483176706333594009266701704942327174392997019393400785236149355990308385995482834519125818520808435543498065812303935017404764681866046599520456877594162267736054771817070376848
9918457671572399953321324384249039902246307910318359253165970925265825907465706405427716302782064847348451932477900433271276172429085903262465755349755024523146755507954316749185189917063914821691924521295361395987922588780405433895746031036628051669647481637815677451437727581656543093316855294454665900883854039176402415602392129006850138908603984408685635988521468597195296880232925520964262911838995348564987322284042807142770739416239079462734778299986462483160410366395886259975228860181781385
7653602356982109343944218728490654988775101568485734914445435715532938119212996988194201755254366852658427778839486836968804179458801298572183602249446219113810723833166312171411978688985354455069259478421837257496839110965455082427144538812574352744054268885927588149656269748836670686095867619558152997151319215124828345081785703983812488585501968711095138750739666265042883508574414639401313465549040875224003923588614315240751777853693115785911021489645676736845641735900626904521003587842718404
0181738115678215047539486169005937012147321130541905649398262537063809926957159278509886691387760094388497591239204890616509352449689917772583113952654208035568870868664070540370339592913395858629610233991299098270884688227273223720105995508148529155053616832782162936234028933795090091414722065003912780343244435692867041519836864682183790019841822117662812803222072998764382973116087644424381309881881854575579532833893662557913411099398219119383502103568242927469489531391732784425880510039151438
4304203098352225871836756033903500201652833821176066816788284971815308569088757672514780462770465381406422143940584446381168382030895631584998878732188500392629788766818692263902132187389625362632318951629470397770627778517304944681222015553548444271497809941254581103450072073562649873806138381146134747501982342696329517658991562275974716112388600273765509246926384112807823137521697164895639064173409256991830700710621828250110711373495648429662080528399905690571393170266720820957958455864398094
3732107245208116626731455100167965918255186815606228277338705843209412654715351891575458447594138831497536792827682026389447984879234048629695808444308324103527809515226916713069728374367041991479673641394912951148108272888427804097878142833566593576021338957239679446226213345287954112921196696766983572949733693019546738482858311820459512572101479196838912419605532895157596665993688148127900803229629589006444900522674313135642787241105630414111130268969126307776688532127262842900704167061718023
2713788739961787292975178353144055208548526959006247324248677152189008296838381930927950011827698873749635553532333984443530275451722863963498707079248780103055770830148835971047013419253784986848234199307810937086070171288856818721428964467191988609247340083612866347410219209904797682839570451090947960863243634745962850591889108719423213238307421939789989621253096900451017862403162881482557483352824182213093169347472845310285013981562884037547993172988682599046706281050884390872027142304953005
3871328911015247706944076466717840980678482580190679616749978013094336148577408776382373291370092803104562147555349565457034867143523591842208986971414661819091273093485061476788552327849125060667187847263456703839569133404548339148796443518177026289669668165118803226752672905914841295265388606813324274649029161504556127791119852438215196800552729218080948166730529365643106217595160885751433271785602870809886690813843655083192435141369266234557563020212167196142472732234694959983439507592530992
3233116158800989978748726171280259861304570912002498927107937397691143400074801686386391422851474004528693162770783853502147209739476616345006163907942883105570964270602008651859586376152308413638229422700057346015760528689012410211530200378498218500314280174613409240336058284219164569254616101387474751250343102100025742389150367158113457224464948426951659704018850284537054698023121027616953650763618916898035211686711693127354468865437006331703250558563367389611635229504556146731017206872807257
8261950809270915981530006671540302278414345586267968561494656810760110160079801090267391003884393230741546672055599430487303350719816056339495946647810039460553108179968047410713788128656039063676264539695465395276770012118103509776970885046021933349578817585227266096233961233853571160251383971046375475044114561341749905513772122596772228820613017676826219823197290424465454365557685015585288497399526867700654963782900946045444812632201938753997076384554878857675782611796307048808463117956232214
0236077313784674953846440411940403788383417970145656237121476844795958431536980640626348674408391970143896471420643775615761022873916360377143650718906721856528715549500947422075559734932690939038664226797258527318419486589383743641366049890105709930646699210678810090114025586147608907238669705410339166962544036067730042411949171362709907133669307327866942622840926159368894917935760398226737906863613449527086326502017225892074592689425743601160566608852502895679313388505791271986293978533613684
7156854484388085017127024577979812674091762560404718710908713201710787053895409545706098135501322019617822651105347649005316141951412749175810988187118699939184327363074572659143229964304848956780171969259124938569111245624894830996894509503507925084481106647571063345386380278668825941184742115137256340938552879739425684150827144734408569199348134748210581134952287415587060584518668050979059679798652732777850417176028140036858415236354371334482802307396564864039298109510027719349339990175028574
2644198945924807859390590046652467798116456175348777774633592060686828119803573168497926648519728525116627694759705775412754431844716220751309971689647189419856734582159783202223680514647099863976495846112938588829360038373202157658095606316302641270883543525367196290954169443113720257215143485921234634730219446015610702144100057488206496396294660338778800017306064541815241241849273441975826080806677296680412450476536594504790324654406742780028603016934092484495301649189443341815359732005324673
0751092390275940654105087206017906993744440458371442208666285448338399872876577375193448787408796331514742201750390650151006288926146273394012647791882867610624073701388291073711240184894380054199634156216997658417313534474222673541899957000863936487276797417994541661099169545130958276536149347540158734608901666095994388768626114362789386735539458759643804647228797065247329670637360089935664525633717788318468320110080194354316266810295939203600481111945211661906320734749386149758798891042854947
6456603162433480969054808741723007690638421155641008570091081315906619848650283709691897799350205500024132099555184846630392818477886678077139081952643023346715820888069649923014261058343101209718849008637904620407413765970254200017511529204678966227632873098697100232480112698230685047591390732250766126791274086193089010129234834508186839544982345940031470168893569576197823790019166604865199897314907081211849914425439191443395455631377356773221266550042885407327998474048562481489975641837532910
4509825708900455474502349584821943074792931122601097998759039897156703139160263778873386884437528783494414962736180044369048306175968376785050886011798483762763774714468438521674652842480829785401248060545540312322767328759456565295349711914250771794682929383391902745008931834148776985927708031909355381676858769670733288583694396520892919546819815308732704017361451858036148554360326227818943385066872201460455477052322943495505671423368862611990687666005643348345978021285990929710343906129272431
8956376112981888629780856324654006311112154455103972507754578978828182442643109181997603355715071073383295790575725675866083857866322040199986687369415384600855115745455758328934816704924989588249288316964964973954109248458635557007139016284038989419317998637700887672800460002622031948907040647284297486170466734868791969988067855743913786337884124530073183261405739821701712677795871144881859341191553983588115880950008795260071867944577735518629139527759193611011691810113438581734826013165748079
0496764979436974132376178642707688812357304985974198105369931058992264572935561659342114979059395265768459281559602449468085476693362882798589268313018867085480586069280057281690198271689085001134885666923258442258387806988144088116164976490536630193987341997625736171747154009849566809478197799647641777632205780044912180086578896040134310464119848047914198670739963568256333396002945636194181685237635691459054150480831472451201955057465645202147954147416915825197873497075339250036837661587566280
2183880493359765894014247452195200304650415162536751555554613800741220754132101255427975892046019176170327776154333264838553329489586587401937189939557751149576169223858902972004226387489295632857822897636252963162374638083724683870633915846503492284475588208850223755586318318785817748156068536926421745117403950212563009191139580758229468559849775408591903736349600191397474351477665637369039558822992540935882557306019333796920292957343530271463920997150750548518486842127366933354291623612277156
8355603936013486590685559449802311208236843372789914101322245355490524734600444100684457711670218885455953593619345553975003512439118123034856833702914838959167118315304045524838400244743330112183020390150587022686179927743627224691228403954977475985147313521506767871674922298246527487552098151526756343707143281770692323897924806650954962425407186895180976231295455012884642357705218888551968521403011104015068370786870742173365869195698651907331161563336578122646869365885719450587066121736687591
4515031250658140162717164600390667153292930645008563491721863551932525729580976558850469200342334129942037152844045748649563852097502349796066093550434387999329502438208363536990460603493787979539931239366988783473836882071911928715266844112908555800151166721976606666340431521019625681908415746244195994824047911361805710554509197683830042569952534347197523665980937397533242128003866653761571327551444985142691139618156784459151227652637737924056293738432654268922925795769469683202824657001373808
8779983805124872688376747871650959408175403523604641218156019438670711847343192125137927077450382612320137260448271523845033752027009290378118506348035791835078160854381154179201680272054978565869751426505371193664849243917783061609028353715614930915574596718180074176669286683311754376346002521183381675993574199908989895194456502793314673692429339662608844646826345845352481372434636257500272883082422072561186338056165322485077098171726579294583488591166520078221379887165661775048257442104004121
6061886928247455959137992095114173397389002039546067352386031844007517580711039504236751008174885969302271250519847907566786256851717588823931758355394137681493646387867466453613771502602229467859664148180155155148381760252397766131366173058350527117014183214500027382871483065302885351222072608892192104642606237193383323859966029394019784978757522807785990434781577661775807582155130508963785735407000797927451378658383876741149212103626502437289769816525841247082591706350082820819334412133817785
2402300710824851725099956658043973707076538421629812239077975111795556969966726052798154960544038195373214306300753618589167607754014683092284009741200618306680482610550424792974988646409871622275008666080096342514311329487863197502523315868186966323961451090961243378741750277032640515497467765465715366232311845401123683943719045047407695056860787055094785376667208847776319316436233057869988192882082315095795689865166283814362023719754228360964661288375957878439926059805290907779987588152646000
7248345325827167657251737784922743184523788926972004183897196957374468997365706038136103187604821354006209773758704939308386371228018485615469623648453096758279281258446845620730808997818035587379503921671724766359196582521929397227643817133685850314580740831649218562796009781418521987190874037121341320590163544054405185261858458145415524747529018261847958213740849978904112329266589865614906316638005303173568495978173705041482850850475050408514093821202329381521793876006245557931389241121691073
5395960879693438402723420437046950129638367104471147938461778197461992351256323470616960359569056777133503644036691362795913405563406042656983872176729848285328290892307777481968413740598195466098379780761992973079179302786444249709295352872421338240791674602517150048307420857031188187038874718753155014253856915523913074494127030892275262241851141162628663638185886201156239247670094746751956322220145125090712778922422517425124696010870294403178431362218688502683689152499587984608748522132093180
1298993519049284328521145854553695015547963133057513260234802766279061722983617429899045734361312979279246093907350406177645830899645240805127695515462266953164185146777792428776626051157835529528565150587509205603726742649398097967796039731897396151933724406126250800341840525764261134103096461585609620078132198226512269563820866946906040565817214962673727626499721307335821555248930577705068310789815990614744683909056756654281983922661868451297916169305349417600623507313457176325059756479010074
5148173015095165551813833954453239804159201422948997390872130003932506454044925630608628850192926464341422623452987203300683777701918923332580525785487333484511009894259794208239340575565444482928766050614706282490079174026088038291527686790242802735776577259498152913854015033315141746528618067834315843072020706056736213809864882832655237555371089416467210938435962107341505849274845135279625504678713392320726801370904786380220762520379732238884501000101719091830118358752693981009476522071352339
5114757638071015754669728177780944096662287179315072725839598544557718980754891915174454113947177876119623313273417495571311493314967715921290649112022414621759859853810874977987486981989540119085803244417716259099834315151901976410432022524308883844104621272772980921967594359191195070670174966816527558481008644852241871139336079169741125055074937142708606098527845067819109377797282602176214915700061325815646694434078884624621710777891654958241945629862979084787161104396692550769240986439897469
9248654614608323610349095651753506604583177767721795257072921129515233329713491276636433562073042530134423264265676389132682991635850653876442324475016453190720073860012346613150107654093139809260140860305609383838057753606884008613292469999120267905982540914317483801695363654586787985578689774834878965248047968067938485152668997804434878415325047894194554196425658282706730915797598296609306972015743075294285653937570500631333463946553844095618336930959217818747508111860614413362664158975031393
6429474186552185665459641029512453349966640053517373670305142809380032604071185905852055981293730284209970963289108543535030893007233275721489541984921253936103507397577447006072759273985392040008886031044064151706575602546724658187930594018813779203654371816215224263629660119056394706925314267026183459673295549485661636405974307653804228227130680364141738250189165857910327896113654546371434093446861798937576267973288043765988079920920089452743463244448540472487376108090416507459151995782839223
8561030344092141400369176191493502004498104483264533215460060412767749278936862851858442452251575955905450919136393074335962354180236749508069247198205841681724758678920457345434857547345175043915031629034857347720839799891422854864087179581830272329747092350162494754031713253419851217590455979289183717545264195997077606244504078790667268388750946740202536876896853955413201949613562980535646740866218755223289579137281679157047420443920574548506078868367524295580389256694760605694841749070382854
3012443646515733608654441103414667047116929448350710280005026814302429278577388688383452670282138796024296518666252824273663113571555685870833486570359730152119471168777892457490980399473795512673541558821907290661904784077526669727919424841006813739960449871358576132262182331366755649144290209334939577476937577374224493276406456172439499306526759389468164858644488077385126000798601384645622342232466422258825020634573867214581052328089444725216299866673798769526385088806988145632146034312836078
8772560231833367511423339863785192826590512632397400942996266899923252483412006837834455103701174475475634203969942413485561652397382014351460581268642161490535734140324746944013981746831008204977889635339502634484131546265884970591621622071076222342622834539897141820695773003744168991118926952718563836387806878510615820136226269095661358145828018303066709246373954873514458335081105672149803612123718967510861238704032408407683226383515397608399006980264452180231974164745107148843447288968354053
1745220770505171343153211895684390092003836730998802460360334304006669552533823461865335875520388647939927030662255157611260053096623850310095558119958355967196124370779960158733082912710800492772321969549530044527856307017634310962396274000205777382226753152835239556217853284103973682582259666604173941821814868627860834489451731591344098940163733074514988236293387378857280266940221898254732023810326818484804231702009876521952953788574791854429893948194517992144024956521105267703236926281065486
8162073606950548692873831192676559240218323956143192894219916732756688426064403180282066663141227884989293557229122492785857382285338668614867335712782482705647703529230173697842982987027323999127548095138166307694880820312023688217795015532762896483691546458914105877368258354232269487914494298484319880833800311710257075913617268936579644962579306885184128065637282248315418273295887573783579305479620811001659554283107083243740803995194953672142983874004473109117031269159999994073748136619836307
0395263360090977920234817159827081030756143376120080264069528133265678161748849646432025958832299980969810461022457324455493974217800873160543409557693405223037423749481524808878191820176621999795277606929024240009671903685257339864524825432571720066933118269352849778508394963389078729992171606770794809533123225973066545099530103036837128878618482048620114104106938244421436171123803599748691519139790620731237402030314892652016897121143792803171235535135909941968732465690916797240062564629778841
4847419070651664739573376446661932160438077292300141217243017430384201275613637727884030203799283455192824306198392985467403015195401632610788366752788855248660094308675048531405562627030331059919163564073323576861177112342334204138636237343115055122521067456699983647476201166232024166596983828366503513257590934481166268248948427922130940223144668768101427391737776913169933333584687124439123026905335347582429730915405615937013845399065082957295283130655430803863061729309558995723143069257642548
2390652754561537363096125042617897233890918656987418405078071215087214653268371844269120548541296258072523411478763800602752692404585154463998324723874187003197889239259884332974086319549732549913411728487569162919899763767999182105431840378605043628581263892191840001635206008120563197096225231512915256643751075071687229641797367587883114994762185121439690027042390997341171098041283353547425228458969895083717070635364415875053972388558531665666780443758378588349471973315496122317946188544180082
3628053499507429978522997480877128509036250097694892687504625164444005733455556168972407355734226157878555848410504231258459911076211088693752740331620300999168418110964148369695852706699727638554583431608430682215697748225207663687258894652252201087207344847387484551029621729810416778292835473069589747066227917790814378039208009238947267548117162328196552738442293703155501871659185745477514229071921166034815232744012953643857859498324621527467631794510628784401939807386769447031298192701516559
3951813890317423914186908282604454781211766970391290210863060117596822326273199389566434375191636254255642486774810719782782946993163653357694943763871662169156384779627646822174360860070327624543401517289853391625342663365996501501912687144375298763854453355352986207923358051145323771398654964921740029879205521722330280954832283773552234576701923429496439131030067709547574342830008900976096501462828858052067705145990619854715930149917010223314890214879483879375856204045591181949053270706302211
3400206620923068150436595521603742414848774933902336758486038711092921212865639609675327789421743209161281833264636866001678699785526258549050058593543937218078365028647809997186029500840837053566452427675583983663922740511636902364447885405846036198645829843573324871840182100417306166615131532064948569260804104692867014755394993237644549395795748334427122684562319913811954119033763060031172279314664796483373468733043343752919624964817364095934299491745865995224390976385659721892892570201959864
0103587714089025178903093550462489332266781521634542380058619231698228574163405332079366836210963756624637180526807519224519052503872570415879190024420447527498601535068197857898841369903821437808920366698208312633134698412390964499220129504089047877882154172269678186980584927143208718263841535814008927834035399885659755453275255929650933450760401265588585056457478971811377926058899964846949941378706025701476992669408439009985749937873862915155531962372637319079254564657810419781667296818551681
0209151551609527217036077911512527656973183872978128454482113942223467921869442921702453100125377561549587488028648129905499909261812694348436953822454449714932137768254036124095565453019913603210146253517743201445939131606236654417125824733707585687737446516692053621861865300253485663182927141592037213381754605265768707752093768439031210418820681805745046498957684425859769443105844904012428370765016013056896143648585729414495918190280630926389122104615629528468147043757231058058509357619082079
5500366287304095243288281179726738459870109688231211740097354346432818395084155083111394700051796442273526708167603147754001572634862957057202762551784029952701671538437481831408470776105242475961835191686495960190777556728001117789055501745383433239538481324013075529568235028928094127143883773148854681076839022035137581299208205727121872762440706042053896176414063918903819803456447627142671440420258694761697556842899265939443117414570715341329536800266354651567174842802962527626265220633461872
2958901161080618221792522450894056132111638590011430666395115725346771399529630617895015454030326416627015178247131650074225273052571751018029785221513959082454484801382640273532812695022141819751569664113907934906532190246802293045776793093645545802606391850004185969088373955892280468614030113009440612347944020971021781434765590420943606242359301360118075319956744857387500729567605183790913293390033070223282127825521469094045308757046027855842723358977357030470277314992625528332521479134268166
0240875637538155978122715877164624485158068200515606180964934182914236156463744794548046417578991667552247256613635681843248414036419959095468049069273252603537193938104092385554965827903990282298080953051489450939703878438586467388644158428001980218030104111946453778019152356028053412881532341679346255532764489356922833441024262410993285090382798553573069271112350098193159948864826352268265726205562940682824052354451226513235010094996018949542044642666578232657358514599037437344514071146606804
6255619530897228629660317525207874614685720571160884967981812291775204661487319783663902789841699354907205882785622672675343055196705658631460885293156950296636494264745757335551612249692342801900686772576247009108172601790181240525163109438591770538800020681000987935268919580393044389094006387738551968936697423439879135286802901501551909995227766358718218337458942013247797567816420880341637158833418531594008530892625205406115225572251168742345532335929998377044484896862566710491278321996468765
5485195487548058752776085877022566906742688738221587570511900060451628880584901943953479904859887971937459185289286728258550968417645450377628905917230929747045082187595274165572260617862592729816309265233601316571411817154969588190650085614532215988393057227100399597231889272796823416238321468655627047592184282250830408366145913097262570510132757789091949665787253306981729137735579203817128743216513622704369940596921853692130620634805138575863929286693384798742164517261783477251564053699093303
0599925831453694883107599343982009764412761381215552527376552679078322608084395832374415358733550998441369483233375970386308915650644198562417233062170303605106614538567991005664607831645944651994862401945687872644521290575393401924943616115430370478254126106977762034401236308913553488252366698475202809433712440343553887778846198113027766335498230664154759174942791378594336431895987684823920057724281493046636159865775622883063643864965096213000722425361406093732019800151854914405547994780155031
2200823153209983279484624103739299772301107853820856179221393770049645958888087851130525419937606765340557650494693363339534670163720647144838140291579656575621832107247862595822513156352835843498952316682150370059787014656486447898933970803979604778550513957300772024636887296509794439819235435315408673125596378929566431277979101946174837806205022447127972036151882224754499044266855623431723201280786020677160393236117515142800782105378009472595507083638098455426046110025590729768243228249506833
1088151301064480787338448783934609167935747346051915858808346858991736667888005778579571713651543846506713885198871405760106561034621812245831844387432018962333756111273225558294467183434560260871130884852927154331446465357005455309191763287454936458258318355305407690141133358838622449579034830674575508033379019495931738793854235584344810510663398675178468039132947451544360538862540773390068861805025225053593868460778588733551169959799382957620196384435588312777437926024816399824381103263890928
7115845580662067520488928899791235962074287081398309285658287377869207900896258648140892564155682698515875295417109288038661215038114551226112580704506470933154100887310581185162588192806854845057622766435463959051655928274299072814150816232045915867056029142298723290626352869131323739445449504560291020759367851091830826101401450955469790855528394146429190896166892146924635812643203487136400866732965236141782699898772444420565011076982331261073363119316113023814357077470618701985107390166082740
2956626999526256439065596385713115782783324343150912750883384993903070482366016106961395995872293152166708826119586074891169397531797294800847124311668047422543276781364388175489360842100635633691645208539150406761592998868727951826313652645823542551630961029668448219782569627672136609447664353596428354495152515031256791180048221994980979630533763500421521991354983670629616321415567170462613262394599619746273327453903632727609126265083469558879624887097722552109257218203001185842997574871081874
8043043852745922802270007555858137741066574556672234931216331065127697265607546186123666241080230035570989086179200378018422034191070102632954873481772821798418778175590048688265336942108790584813313545587691359243555024731801447916645858644130028935322139457823285492679689387843750563993497388499882452456182654257967148488940011021293168554147141834814813726706604462825581775938751847262035576963885023552029926463335680377507610324986344397167100899792019095686569894868269087983432442278380262
8211350889978172170192596866298145129227413075100626025377978485760640459981472841170346629027940158871980014638100564299744911877198328779387212590259162436134889956846491924816572485863811314476405433552361838570597190024005056380107278944998236567926537095763411314192927138284758304788709749979919662285989242001868263474428449872427063907330044201665038164359370137956913884969455415649940776973460361950705737181796342800216812033827023573146985319409237348637160553356342528551559301210734481
2183025386115187459321264924885816661316521121940686346819420736541330030036666293672146851582125153587136407210841654832525382851916579382049966359829395437299682384896961122412269720460107337432467983179381063946723036613019373514792485734129476108802754164364181450570169494074714550999368140008498061402986207391384031771802489328200763220494962994409638826331856773115711050737830762049674953487354146703528492185456968263836486731552260493648717248360557307181962421395081892595320549415542909
5055350646061980449642471260288171784929543999003064080666959649763445006948225426347419170397220007661633833997916339288554062575619987743446403644697355531325501242341709859216260100472446781783828132222992464650862898364125483144473843054765518445003636244506668901798513512796443201927874053069531930419435190383569420676727549060412487024006562435624200227873310000327571323899045456853905920102026705767839220179831036770204678327333239017547877943344260632592778594226339774323507393957683698
7275382543959286624474765806790707218597024717892560740971246766257324313777374550096238490613347854051302305006174458846804876764775645822738849813157596678637271819948159423615185596120746662907549063978958543089793915893993041867306589079394378246409092489638912835494826865474532810087462307615046699789605021118678418238277854486774869757808162825512016760788836500300399113805886479801643840656621857943642494861041502308459764694362516279521698938338932191937274362549259527433982311645619976
8317586086138206647726763560285591158121109718710292630217738805866071009014236752099147846192882049293794423598611402444586993299147611643346984520203104714567365616794975019223145905768165999025156105872553405903479843984320310337920399319066487523112287193425366723003904539978497164320454997278222850207378932738398624241986995891326366619846354122333898690244561974670095844603456521107497733389344059334247032783449240224750194975239256084590691492310898074227376241476066056180934062837289547
4930658807527279135052849944410482575837259415760705014739412154322785857809513467487277710641082253393027575586888850969679163790612546213036480233764673091121706393230779844939864048330668409334498971752231560022757177156416869977824608835830367248922783751665188364509392160881967337345093324185814373887066020265255466474935496732610523114092270892641632845994999829738371453502480328190676244932474756973723286296782358551870530105787476277450158217006880962311936213940133298588817846584279366
0158378454746694117458172591915912193555408973233819122043913789453145944719696645905714823781907955732738265128210118734604408775310777187262928243649019501080916781652851804201895747408085246404300809688980639265001928739150539346727212326803814928197637413313139691904785012631599478410688944002360476497308287449991025032695149530240916279554985610859360656602272439404165981429246208567924223424399740894482900961695546113004383635119410785020167090149228566315623863077401520080938499919433230
0302830235198746939162649133895833001513048145035472425494603843383716901023257052977063276028545266730057028310144848234286576926984526799701763224078320672448325022964950404715700557444858627490430596464875753792904071094202457604188008229310926492060696264853451081623978351422335947395373382154921875989951550486449189884087920577642305279645142359127834559347696980420370948939200518201267974994560035059056660956882976372232178167678751091575511088598971163149045326469795673784000903066973836
7257335175599141658585708839015145834081002723944829941011522672466741047981376360550326967694347252395880761615062315444695580523881821636466772612763813440892775728996108044396975411934942488613909881300517422538921734067025101111847748553794696426312872917996952499125196895640126613961987043398844444547252944109305162658598876499777914919213128750213126789746725918281529749708222014293581254514958251231753795626539329615174775456178395548754819697276274926799450455142995220909933550007936771
8488735051002689143154157869533357112484823423655783230640061152782337739106668333043858558149259716823163373182333120206009752773963601039306816039911146521105010421200238537769800942669020917565867630960720530160913979056163134023868001791762142955243813717250603828349568586661486332841686722634431305485075854994175971912946988061774630932352210625865725841660877815216521139171591468044869376576257088310788664846871494687739394789283328711493033207213483658176077079781142587776600036215353034
8859211992778671110892125896269554070878841581551425574684324890307296446150153470936526213493486149397782590712492028029614659999146167541209075939363934811243825516989706989916849365806282256081581644784314193408777094897309408358635845536638108080962683468802024882021004204028458151329058588628014808441138581155861583115116164243847215730759066993238544816930116438796913878010547556336150772949854087707632106454107161125374640488771589463258102884805349140709322444425033252069870073071034555
3257308702180283295262493766370325789276041616533644401495668263055678696547901119671647171245109066470794449436330909107200124753716344500195132263361091024752801881758046649462298647213758111332139570689983771634512470708260751461307626515391810503925536398321187819241160061204186959376009471640485397173749203253977434589586351529868870481208224720794035154853967213302412207694537537355182411682406996908525200431617974528616289849927147155662484090340537236250484826540659004732949843516428987
1457232579890722508840581422561443818441286078570474738167963115032366295809738021094062958633484245564124507516042703004308470740306114751702214012984791642053323277881945330919562901965661398176284094060700453793860523971588178793486801358254905057490840523784413831171812196672132641025492260449641065420796119126245381652244714983301537700168672941979598624027298079959373717820123309962443480402079971175729821195953270286453123968953144382339745754186662244881247973771655339330213808405862532
8860422585246027027922028098400878233903764348611703634079209870376325682021394070813855141248592486293840619649204495022085620073814301999383114764632952752710079654698555999267669740299248322639355017993441295434597665287668038144431378582064929798826701041044105158367485420188238330044525699710394038399248700925056970859409812361690948827332571177945089019002395080958819318593261593496857618931405919485639535503897490790040471301015083586545072238415072108970399054179146075000686595767256511
9637100423140086312600242173429615436551551415569673166374584267563743228366479299944220712504500815513189094374644894866349713508910905656542939404861635845669714196195592480401037754021680934933114532959696355178598585250854496290796031811831080076126168496392383565205430194949768632964151191231399467071725211273560413949327406329576197487352271249889227613285406555137975305783775613475386310670375299176244543680520456656829012223889992657985897430691572736162235231552340251225172667373871795
9812414018673701704827160415034945054124970614074521744508049509576324951100634623029098409768278066157093630283068721448347988021412995283460666107661278324887807017509451723820887028828437063217989003617834021416546498237529089028606309694954452766878103444167718043228907104071573063473693026023018077126968972665342941440957647329035801205365090751864048712047834103605670856105242513919195967705644468512552729532482432238897807763169352696216545419851665513792238527404545121452224312249443163
2847793985610192149814524786453949074224998062819588403806320162555666888166238441918693659556146087909885388018925676345146672800755172530554928922797256826392574659516150174483106386953392560027753011288799860366319286443732317254792911061606374440955589937170239249677513633199258483852924228478228190187844875178445626795246886249186635432880918793027884403806021099661839889472140477059436137228061177128621257782484387204989156746214074032913877662845293168675647630929941478206988932884785568
7216837879127292801485374162979589363775490386303406939822325073780064357148132910397053757082302962643436635360224974092879303648343055414745554425490816745017714039818156435863516279371820606439696565388443939007526210035678716986794326752835166494977066764224346958490965188576688885143594096402165083014443496066754004928474166211874309061822293533361761760171069661193429193910032701268724986322226184601007795353019163423467615444222404019981784902266002948070487832264514081182554950400058252
7325474540766567090261628613943071840977489425177853754768520779324338498696167606213686567102316907408956103411877646979853347583440277401542052898819760158846976491120159474283885778871314742406523397165031122474187572683833475244417152377352626332830559154472208681873669884812719991153525552774691358315292542026057631001556765338388031575106602317024887173854448697530442711242261604616661411046182308463216717567924620785738602524720246436008544936024961630309599865466713311164438391425870825
4045055199476780584174975957191242092063304400464183646236291651005016482750950479350815473124334019655629140037234034926903005725066446205590761091369773511906424557488249514115313905612515905613310424233630173951859094772797288637926944011352422244105778447679208607049034877821160223772585980586123442879961532571427308912827477899960422282379261488786328847932254548940273514237605948438346402324248086585084162168401101822852814131901763806656823418617639293579063898418925193718706398742160775
0689108703257028372438087017441518994678356962862656602347145712022328218757818576390731290614937883555812183772150418234185280701797809814597975262764161714772017554669085486125405350954088676030876018990306388278971774384423155822988207069388447027448220328021914187712083349395757808171736900475197092895162017805729341652668868479761268009000680472029341705523943044957364371531416949369497521626899625079244482837801064531630086474707141752435697605213457989282789974688925701142759796111731559
1833932506930865596123665591694433288685270891181264778209209165498912954372597711669148146204596659266401693835964866535584299199389746533811798323057142480044673407988360841169224720155617253921061813815577451342832409384364639337503448973149684269060400235014008269395032832480758185772023475622255690221013821023712277348992057500560756738812177859614919313161475470666047034575836145496712055365291813745896077907681309334776475658689770997319336517268348344840947050388324128410770260490319484
5594042415665469336344447507781473770022062951338801131266078942087065509529080834012186823639576247715618819822626623999228186102659003435082677643306467583233977253361843833436513137009580933495201343105181070055531086782330140527160426123188270003725516555747700184915470269429576471497227494522115466288375381291043711428274003888597998668206050030546670414218431294178451213165701010891938305767285227779886808257344881413515096348838353088422370749723156812192542594938538626326992735103317848
2694154747328116632037692849657710266403003912926302824883332021971294002591767138531251643593662135867723689421276160107902325892155801117423666682871622734956808998081445608289298662598830300218483157040503455652267408371320997819739244153149829827351835557980445938000739868525204642565443785569620365109904619895473777870740549126233331827465044323328918652597508439240432525182656545274742449052721549896037840913522688589302327207550095470856129383911284008075564452419213265957707294243425670
7166055851931783897175090862645372315099308137533238683659640437810620612401495605140018706596047718762039846639738796483616417117816641519950733879978371871591443749757130625021102823814297708707076600663639440519353803067525713536487898928361664388674748373351164774808554310245933830559644533576213122619189000313796612390824649814796000528852933770549523947694842039342393185720870776580681021814402728550598786800677941200250804013615833302598858998133825019441744119273976945846683024988984428
5930582288057409963504212902221544288340783303461477455059920934932558724441603216114875165803532589201695317195871454074661789438090007987906821779248680515009981438052791791819138318394859983837829236314599280491369217846799056699686805003931536136825256036877537565710710329368398798331829525086947226118048314482125482138589735797999647357567314303873708075439894249670107175044827152420785756124793708098577184798544956241194772365878349539743999513035373640438063332967986381908470065227614896
5911409754516352864918831054140100972340272487496140746562207253588163783570404462843790686563421457123170904930904780742921586643197107385878657230289539201068171123921129480881554408531892971950866474009202763267284951908866788227836123781638753375644903351021827267668694756921937413622243410528850547732448900377398174466715238144976569715287265386139588550241774900649292089559632726209362947834400921800658240450662025080743580850582374370605834984030802637878133566227400828667785170418848161
8170039695834890078152479425587897486265819799102568181719828130019422403370851503086936008280849570172412933022732152157413641829315590924781777797008213732149042625433343187734479095883516295267037369120481855058005199686787977837874314413090408682281476070485117589267208419191836677029849141234918734470532818951977150213857488428365568234031998512289819671278308652217348106651355744783653823549433375249747399072879690437707469791971827720039695148931061917983760311843625645302977000586596626
7210629485707555488242627263440525244792705062167231702607195334655822724068926643399360716798259138838281921761236168485637279114339477399332428696821270039958467161305653497284142881660755530095174896423575545904674780106164661258243321981432276067065775833469395259186766850919572007209621245946474300959848682350817249315782583305541931943300284674959597024352744193734308783322242177890956605668113614824955890330833868730470575849601532429082298219098487578410766719292272418706051882265218341
0535041822100612075065160536536953473620133009924312814619998604160464902600912803442724083114369665055086015109629596034494879177287926325942510950280450317099010113031497315003375766698200512754498812388275823683750900305235134137679618219653526247497602951297651033440108706135161220674698942324134590446055377164079589409658275945274362163923288098699096058120741123223574362674536410385216613063852211885306263763738161028600297321118694308630683915810581538382138804944906933198943045482108459
1952039023280065379992300844286611101091460681069780927211910903735567544724609610502404816843942974352355737030776951553431324228423963287658212344140048694857579051916135536153858998492229789663819088908555348075638052006991627946463839762718395024742758983913738364070207229573387923955555860748989887404496679574357819520752380873860893993965288544698029630528229191853365656927829067561059364408640658395077681231718164737999833828927643800051872623798430875568217354509805092298611145203520929
9415212540145572130018496159558030905064029214783208233723397730520025941453029155294382467444126667637368620394788942055490874794333526673459462233482175469681220617579207804548048262976199841896464765146857342340529356506201232042481269255097476909187065843515736085915610629247438883552345250801491845735353988882782544956542051513206867756029237647296207779976105935132814983797212041049812788947651942738748283610699655276805027619748497569783248069406425079494839492930532512180573306381739338
7318292478314418817885959307659787570851391561836736172042536181941505308714170347645870501609325172974847447608575990969634874658019817198036266413508988205127830086920352554895575320212444358884989235419838854455781398725612392795451521279896507777777480351037077520244773670094918166383653013937408043767195597709047710446642526320317686492821864141447713125115611677461022587287357345933780520019963075209133858783457534841633663764076218019739026464449146413897520994152608131766988381672656815
4224287460940276390972998575927356912880405970961444325927654406907898145449806797239911629417555409362228279563259872139731918944464631071339302026321161311188649412579438387318775270458505154997383601787438990631908802418702799770286914447908113468923182880157005343263237459841855262873801573757993398441888480518221582908750454862025383976453823842603188222136072667234942860095098617876582233670986445975695450571771534512655673179082841385919796316924465088024651617023376801864462115205071767
1051559773133662871949323486126186283770602993329677575451218950039241601430567925512284346262537892440410514673434906108497556941191902173132874815950301631055208878668967956767599893279992245168765117050135951649205653078807722016083415890622057384530514114190796706552205397644423180038852174274034732665714490745217208969064381821935065916762661002797902111588383951405020910606835426122908011448321866217803194346265376877396973262636265051908383815629610838400867052058658524446400806060221343
7548770196954407597961413276997173029669342115026799782445321629227669579975981215894094503907975886718541063211304718087324497128546599601563693603107130809889171309879627298106866466934080999389975414439727108473819085785992337467300141429675556350565926911599802702777375499093322435706722764342213652429886860737144617784256338285291895956288811750798062812198555926712437805987633689893222727133483190774781304827693427954365519973171801238085298333443269282206859238894042577459268245069169253
1010195121349772630243922162495743602393456149807342892464329205101014825569652875546845815144645334091490017383629060499500882223161210101566471761520446409483714339549257991155202058684633896398268832486484776947614645821510341285808802643748202450429398194391096563712222296930725655362383413979235956789779064125533009642378002446701405615003628409312680014300257830082860606562656419605541176549429075193131885340294832510839309771454968320314566304149126795747595975848884606155769294530270136
9702826390450363466699438087633011949749715602085582535775359987084764883774047675237147257504150571746144672175563051913139604120365888785435938733528569256631106403381976936040415551472936248081592133745925624806998932699649149397624684503903084460027809337653380226109864981403421869164400289553466618792708127862579603249979981055273699291616100989685223127140335785114226763204685547623560965202978846783945776369349208828447911817866878408190533384123511639641292328197266999390161371944935584
8761495861480086654675843207745256907167595137672361880999466857413779598326593432020100315641262880682223049720274490535802524537724929918848612131937953684373036530829080047196781852243882885838847595367307716404427857825783546413929141592464436745876442178559441697879785171868112729278128228400550435167118884177612091401221120168437027580002694952279960127389363486600025107875885892588618536898044907594169066912604153113385158876296022863286998475112494587594255003092373561600623113484705183
5790867940142188856268848980011390346075864840732037689424999202820727236068637962769366053755708392911165938222759162240996288452538856046564490157472947443186393465438941154233042715737877444461534860789271578302477094983373640286582537685504301959747922144774555149206513429118810763350970782128485803918409689824956667395630067359450327790595715436329487497925308347419578252502819059791275052221530779573480505283086461809842343711722638017321121561055421573775418690787078345942133659923807916
3269962257403851066019635150927257621252253161241798592544933572814738176659501048111062548048594585047010667382722907039567870613688288103837336852594378781128794641590067103833412432243114353291094421339703561465644113287726515665796002296766505454122079299049768240841640888051464879736882984392990270308883593140113753310192827897527401446401531196560944970771435124149258470605475371910555610526973331493654460553919436184178679246921491758754762099636228183037752408131011679639552290908192262
8614759117388189026635179017454523767670401642397703836743768807556877137349455818241711050765403150556875951396021637591793672554517832943528745255686835718945753000100219945860248767929703890870983077093253883397438952499696022204918296389910217832791293406291164236058436422260885770867842344069338384465731149129003965499743933966017760922962456199917061995827215446144485672884366153930289388698394711587348885405857054784543280496842895311234869575867955048068222522823242700053225151850223846
0504476497338778045648767364036651019764721851627807902057486842235470666781685817152489903417369591033332329792841117074794480231540293317723235323806484539081527063186513882836791719896455942440983778670241986301404526679772521358377823468271643492386719486526552511730377305335925070421179964805420761065179502504882782752076815999063494100515761795526426202657745545248653394984155715693814477109424914261710387228629063927092919314699838853479682306895754044233689006862029240324887006098547813
9783361876413412568156907520021730450213398581803842596030748579016830762324984271506353400238329827015302990892666724787926334216934164655988337920735468558662494463611386827289611269140067710999297480341437874787065314734363412256635343589898497899383185361420836032786997949060760009563384288575877400232468785702418276028413727920700941955117324367919323353571824389267796483563007867428858915709335892980573154491264343405545213332411822343115861027170324966866420131005258288705952632748288964
7156346969097846873196234178999394457429524769318256001972833468137492365208157737048222685722623553470075403026311776074427700479534158778976984598502756926096757179999638564323290434071163696281262667886741036607378575573294856622876874564215339484488215597525158117916725265711700760038952244077286248280464256131825253176645363013670533658721372571656205685470123944688072489277121145037576473885859571011521425176803731803784819622261479472745049545683860006150913977212529779319329794575032256
9344669915548047136344076506677322657224957773370079964568236519977551409882206704682091982451133751304294529839106746604823961523750319970368365554861430444644404817686530980487693001425420226880633242476214924640393330877662269789628800855549876794140302870453932315636859643735633310747912607184567779389771745323141649682829562738897267541214106308223716697993062937382997261793235398846315583812718492090471360961779173563959248803277259349639698009206697885034115436983834810860765042910464362
0497966868664221626456846210902343436127482224076474380597340204956014187969988994849458815418166255516707801377225593986265080109982805948436055654075447005345997295013342261308389689528914666807672879078694708367865648817046687613614538302400924302949345804837880972646891542131015239946022907864582389386423472666023887333152702368211656717060141667336489256512290502856284303969457868742437391242351357932122742459233509807437043411884297848794594188609977182814612335098202949621466575252983749
8532264548686805804145510227579114013205324524534538614333509572504937373280016851266111930410858461479434191828150158850007890397812516047665335624871752873649785618723386988572568052031678613472710916284619075862143819313806956739498111791500217369293493143030027888184658313683572455781258924410110221554806444720190838795202840919226276463817104852578670354145292255720099071585543132748208706040876650322542669842659236108644303336561848403865470702481505389698772740901174814894739884754370506
0593185230722370592773548147760175796052201592658489161203694248539282781246449219252579873411057478111239628959617220703580704380159046531681336913812717358820796364213315828682730299390042540887989478116153922725164843306335102668532449594458306824880628694732428939752671350305611783140216311125301041847583078129658208114828670151057608835144576507772729220412232648456355421638132727982517989635798787094195091317639639719205147273507545696425677266762758540306375323307105182455047906059472061
7150531658547754765308417004331471224918586337029494993337380914798852003685681565216892608411230519642089826801405851646005527214071912097447351820943601504457930715710588144587304838289618725519873754896534437822446100703834674321017456388687368622630896713833192633930156148711712992144890042956478687673360307642084426442186489350695373847725282272075937300684169106108343864424575419728862339351405234326113363717023848037847035654050362403193356123704108689640179255151705574828739920174299737
2017961558854547687057315239657480897807904261391515079703321576669603524950539863365538359072871697092248770092588414492455755018497256450457432770167747534034211047487334971900768153005261161624949422882227054571832485729830345429662689801349609725978645459372257451442135116300422342443626717306449056140037137872993641490259395789920835004404219683986212294160686277876560425932399343886132780015488887216839947854243295710093014742122564801269677615364602162849335726965929039988676696526942590
3140540470299779081445800950706603184160160254387063771268919435811700746026878285489382785533062766049228324600827962032782916063991780176055169702864123975849173845933153370184295093142261904404411029226008921983892704396229046797927657029540715503304216525498784700827132925529219722270250765701686680376345916468671212041937272412941386771310085568682807788333556677975876078239809345530713638804283928818944064716046446912926584467787935681728686410187299651262477339165112913187932684346000117
4767950397241576692852710572878107424482846303340022572813780080487750585994125338880091797340108235112078405939151914627636574708131714409398127922345920332960336005192895149577115771108550325206277338293924405051745941732291265724957722521114062180400338424086959002129272111320136206348029712562294937136410677370136710085572378909890716268246298488259625014281539537515198412485223993288311230146356853041652796055538031756795628372963724039400176056047417729112140267577558655176506837999879208
4864754613567470155609975999124825215421885763370809078147555399789938308231624872054367990322820647353644887867577603971977542441798985759201441249609932684577938440766822420544240737779314610946755756694728166861457005912657083437182526847169912181115037750954792363235144845164008098495348183653887793296491915037466538872824541426066456608913421450145780063386845766681763298775123356012995837132508552726378042829923403877982030796456552739806609852216906889325399761987086736213516777965377421
6195983323211402950394585513298686458654847190277570808443943675937236137723550922860784070319235953156479163774349989384453807980145238619226503856224640142089236734475191087127153545775974738623412625354657269750402844433998438109162023833073020612876937370620864584911404011783146079648957594920734283364003407527741374599687422259742822666533885710833018452027561020368169200458057052883502688363184679657378187701851222485174040757602118047462122304295382532422276596526284799031769107732814725
8043856961712834474029165464403894305279905766798510033748834058419396912199937163572328337432346012739286451870370579245208951492901891448577713896716954681841696357170076859991719835435735437507084661378334952524207939565884214524639893585416612388966468961549660339676917496417306094880865514823682059289411029243572230728168743669265278195507749998323402497848452161023927592527943928345203212644189956668194654576226759787131704522771043539231532499462739057147876508998732554993817124667983434
2631861860602626028329316881585344398975687656203498303915708666356567464842935040948750867930190849030762931183567170366779632604364748665952874464548469191219785875093831841545793113091529209482174369183839873314534270621913052181145633876901775312705936458118653184318585964083034898078180555437554351551131501624528901101403837599954763696663930025994982623205089878132435915207154860529442496703617193376354417975901388547598369960204972911345118453346882632591946064105594920702048350533663017
3548603763225188271845446984947830024731930576419011747002135712085176419240264748782718071755723114329952139830415660857779283260756742601117608725741713816041423279000969477908665751420508624549501989593828534836315223167050211732528668142629589445190499183616705091326396084794370139165798383573145147227189382143623560934967315595189663886472548328598867473625592874681663448676263841401651080844589157091517780894491898716995168022939647311127120837634856808135074286456471845614585058116279594
2282815071464005577588000759469050189550359028220447697362769348952522733813693208649191923339111796181157575457779702296526711583125468457834499228030758526746043957824979795842116148129126526386030117119890023795262285463026221240094742528005294488807768647655403467168056210204636324068775279348935197144631726257717705356726175958333651824536772838699423865464242803264223018989443937178429745710101333878405743690512344806637325054295763959130987743011723107194585736009384170019916595533758556
6693325039172620733547538461979052162089596127742258362383096245458104817873801361774842755607297340807046649878259803047940425819100392337066147127222135281179153087445923864541138706835088890494503987531298867194662883384237440482362359591660790064800648369729672779233700814977973835387416139451829957254863751384741892604598510260910263601628192219168126838519976851757535391775627728778275609635918134418718601859058193654410839380633268013974384444369667855919348146895432252628600251739056847
5897296758514557859402541386685681602853146598945407240203241940064231192952312850747735305307610615049712247427453395491465479495332254435246902944591565619909127989386210979766691837271525447249286408431694704488256978424721275650939374483843244150420345509179979048698534027779515425999826160004709403639514513316399425634619972329066568286946247321690115673894294097490944339914652520427755788520456705756499726268052226299758331286983752280473832095647431811368652108461678131661768363755912609
9190291590858562181391302727393226742936954486977474163769832191030167509606684019383511712482556106535312617875698213058388537524741546337412833351766104527894707707986601319934086626773796874044026977999340677145429255041551843683644972484253028298671630647168730023900257355900205784923694430465177817814079066235647768395847625798037178132640657455331819263714860051342425656380428835264995923664644600944570255846277730157915128769839041983281573154246954836466576777166817168658539494498449673
4602764359516956806811005108147317604520906097283595723153881608091087643716506033706804515539394322980354741789992918385679736875293034505343339512953328880710073013701460149479562343533559341908523730535789440933069419874118185298964340070829813324692385333669002793017360056032347891590903965033074610334606513364808701758525965314502694981164815773046650537359954868595939087531610707769276475787622218267180419814570294335605677860216050496997722170400449841047874091717869294747882874566291021
0864595591079096062493758937123388831502594293825367523880008002719566485901563179232623619813435824612391105692650937717535714213268439660433986319212497104540830525705480966596710212743225298308736156837142962020077719522026315397577443049093737161522683217924252015483833766782722222501015775284211791211051675795581504758678770339019916723192970834258975258462035818660910736702190130287463798473440667251060547808488251684552198259888190420504221227509878001004024492658815490979698571980447011
4060111738698226820280243886497045785406350731512038286053780075169796146708416932989306203083491624583963724009498201658541924742733916465962471670434129530469593887160245048958003777597678079556491122526416555286050722002724124954198495880188234051920689974359738321706338890653336807101826942094139040169093437091196723541033472439618439768213826305554961263456957014249095225199218462309357777156876453351590266246145351709349122328577238169670762106437445551055541717083485606612557489962209689
2042596575257560219682296944526915415769218095328438547102575177463466588008997900663132976295259133542768463904968916706562900256300626166644476769533969004110042762842350167777852381644667314188761154783733500433558389483987870075410752912740248212326024468651496000335778367826076030615218425153992869528559185619126069016716841959147595082323554338499006372106976487982800826246661696766569675840967668726550259851764497158245428386981198864690902896957503688376070463654657727389551949397310143
4580986970723680420933896197616640605244018053001579863547320328446974240712058132341352724113009103110546769958335777311677652845560866183191413124884138036409951592048945085089148635382777543156305629116769518576997500944095027775228989528030985133918277446976242919160872161591579518477821284273452924447800626339906145425298221948226750825848731839853216641824813014040002706284617616535265522507950334444398286962576290314577016869719433182951088197077325847057114305546128454201665764652941639
0406309920406728707557767592346197773439217850986880630993543315692014704722980061285115633185191004012150750936857962941503343655356603701030313435367975731030303248658858255571703951091224836001208697874523185958118132959109720398037802451574094325722040066061013878200531233716240832916160968713656200594679033429277934594497487794801840288093336016493409229762547598857663165398508234862028586038765210206954539306414562392639223566839207531274140414153139615565464749745316543773459636471510363
0616250955172972022472618778129847906429899152050447428113574048324906634532036475433570011192696956736389395145270035767047853258546473579048745191094661009553300135360010626444552576995841462692566289793612165866395634650568549104160241385766746995312014907616103204503153973360702717335373823932418686140409757267322573172862446577377781547374959665401570412974269898503077194874934721826127272587511506524398669456511421835796682598229199152284372705082589973765769852736340410685366720186474077
8383313538324500392598073648409898524645095997642002273270513751468955018407408382738973213237194196450783324971641550501373692992791451508226124523499215646404608963235541717787665121095130117807697938859489636955735870163538476659461533842232482316823893245617901533659564681653576503805166355084368185936456300250192962862653208618184091590609553512581398729744642104633381895060371721710543192754258521313563815382544259956737484491459465851634938555688221668437066060897058301257691036139332703
9284795645287139205428584644113377676316620042176581522561282924934129369766933073385073608238713728640712701797954047250418669411483235493056667609509242715824981709057493834407382599932421685121835448464332613634441805462760689037303253069673541327198924513609428321040518965283435004443673417263899534451226451515954296232076926414479323879796262631239362041754806363828291661526849053276745741756735866597816546740869453163565752993869228856224503769833020862968614400894398527460233898886366105
9947670506658567930908348702707169088714942671270421089313994670427543298806130047202194425427775852294757996395225130647667730146429138892465388491450365671843645381783977956168579270801671423894441369080659408715493980034148812444555193685550824175228297544805545434418080387912974782438285291669380930905366251603809274780628798582691426091731625798565142775785000056827763554262659336915583699029086509165691700893546247976252254542078080646817124970091594295280626259455994487938145493211402637
5196223396241922488075652676941714725784686848806339580818879543086823647958907934727855179274081997834788748360739212875407083057120876226290534117628246878977769763181886431502905223807222891686955998542629440500813539502020200966015969397889171086252185981215723219799264647730010493957936687902484687379660795693035510184781405770620620883253523978096335097499637326022226645676456570004754632167433642150017729808008296562605278145555300317572538860112002085874936485070529509849022240440562932
9915300490942267544341971420782621470734034960918431743017175494392987188699784504045712471810480640948522336095315606300431041627968016481675403518787064130850406393826084260185806179520336439313135125279039245705976728777055270454559977044192349010868303262918676597835731794150048428549179630355942758026568632683036854948356158696567121927651685285597673608450381499446236328952751548330504470968778367099794159747503878703372331303729304851154523061429367627406701669637290429671284603262963781
4151367897784241500182086859864243783944524145915020522681445783241678852176210507096664816938701551275272495343820585678596201875628293459446265157658585581116258747070734402946536282852267113862425669928531146190151581204298440314373853141273424096397252357524790473832754310890366090859699761757298196509761143089582596935431188408372445333850291792263555343762019793265106895029856540862817766204760853537521779859861311383005943654383576495258023622403090809811083116558075389140507441392798203
0681243504196669358621796244947577971753558814170903992517397515857567952951712355887812676718967796034158012760415114416343827953836204099952508719529053085650869093743359397556105005901543106453231771174955746770525257299864457202284916918253659162133782831660351613899567197342120950357556642218638031786450628913632142139888831672187380801535169869997422866747276580253649226603514888517959491118857523732268341212520240472446591638596421210678985561387193894391821755499134658704728591584046226
9701424187886446994775498424527411526066893922297163294370163876727780886723467052425526555426641273853436521034649805757070410796207487091851502970365502943324294481668627577967728562644944024168355213997721769549363838906282874244748543840641192998358655307497505156672140575418674937448390322802561791272487929846945594091492711127798104459508526073365667700316166728748579897462505295848613004424978188444514711730550270164831011828692114559571803304742479801946860786878886228586169175606061137
9232092465718747026135810092030465406485006594666313843287978063879720464220812332966178820242373798964718363673585387086888496113063932818418438290524132813184776775736255160099211472674562040132921869348092152170253513039197857666099917673853838533352183865518456412456334265061870721182859506581370088081482100279780323936923997397464394032833331521315052727537451892008539287369459733931760369390211781931649745177100489380080780857473379202490607368194271810916174142566024079500992191009511257
6414915954979921820844201736333354410635178383174025145320133035236327261342539752186364612613195432276751146493386499458594029660589964235710573910711636510391963226926634138020810999602212025474944395498776562239011799276395370712344068398686182814675424240219371258483831770685162164438400879784418193311459095818909681351243546140555122485249094682297004415029007876889044258400351143923002268653299457769974123011816495781907826122883840000093569427208329263842316535395973737356684831984379675
6788906493224193168128623032926591148579551746648726976548490615878599831697336960299951589074084828824044203088216294826019928782522225759537852879302150815413471341057958799509204525837964175556279100845670097733302200212548160563671051119482099212685729793292583788951246941362051859645235002189846265311573868276363120759391189788030337966429849468075173341121836800944398484545698759917085987393396700335476524093631348335177791083231703814718054014622295904784215245354100743756999862310420105
8392688991693609983038296216848733009953017983288200553853264362629942483944986583109200865028277655272752574919148749357531141784219978121019423034202292157491640779550997139623063870347883189664890864497154650084872498152005878173551132221639794582168743869508949510337225724555846354731118467448042767193613562264269151062498013511756184933910226750396668298266493788399948057377400249161269931873634419130297157582527214053281404554105192957600504979173488421934415964774482074346029985367153343
1645256497393167428552760415564781867863476612235903808847716858755493214970193361550623068802508321512538084430201188085320509813249202102226326040873982245957458958360114083558159630824619879745642354218869116992879379278280305454160497470852829694730954033663577455340155594136509596346383956008386948305921283552757313906324025194218477177789332756325018331049116837142677041100253567920638431005729150811212830397301556926370609785992577281592906178611952203108699505654483545616088717110275997
7930790324728271862083782793134070991742940138256258114525239429769803641060216190007337671546574866932238582301163664185965572242837065089640878704082689022015362419532794696222631911969737084857696632979906208762400567392833862569438260090180245270225994991438285293479368969077336110518346949421956350077310890768196935358675165720865197794395493768878590045227989004672919447237002461177087535946363277499579559149144856374118765916486831004308833088742248933559865447980859024729964813776878493
4782843944361781696072822251229191153521815574366828665105475245298891176255208219854738514769998101318241631472231940273052191784954932705246984301412900598274887639359815967543001767054646065722330227561759005032698306288849571160807591188131190717314689909610126320281584880045506418412525964386888651145740232886852686423327939901916469447140172086634376194826138353505539378117105397549123114374384904866851133719785866356092777462078159390801681519278030699055262657322791230054915255692621612
8930618605377153842169100870610286300840211954309762767655487697026349144055623418184568839268127647357827398422700667254083634261897114320330247920220511892541026423364765258184493624701308632989312279899029826553542568272979657222696092957506108269170324653522479668674105391788648315499597368040626323973436785516825059471769598293560602239831826266128752398219949368360633098616868626705159566189912460041897589499166993130369135522579120903861917667020490894801281306755212297426948505405606351
5119684130680723589968930420854924224580779421136196616791889639517575371957231436927618674990966033010229420346125497839322327727594609356299628054664305153821034409198460862221707299204758852497188826411971291278798387126695638845674285920118939192310687452809913974592522097078626983803652853104144151436675118853315926528190492181027327220646859518063954557217379181105832271091320932470558548856387034058673735860523189088844360268214830982502677696866988450856703199318147679122156632047601204
5685774219820331514166397052293367983441887052069729442187757956630828768925507823066460297271053948589553809855146492326264488679659798735054117262070141824680929381544447356818973506845851693323282533616941027276654957855335101205166985688143747271581014855364868248531757370234749807889235398850122401787067167391773157370831507339949646606019007162529815788719182046605201457282192702444473266965679394773265544971263895526939972365203889564917465317409409060423953430833071267839006102466606464
0582798435874036817461619741251421596683902807325297092828026091397982249774004274004893003347635810464534323680527474132134347863278574839565460125697994046558463334984799543046700490243366286392606188875871209633551551552581107319266120815411372077550553095376197266273053902812840327677215256751223300913331529069617030986694000556594807314464567670817120807395885138899772621050970874892596245685576648891453598244944582655740059324198388011087876000879724046687572503223513370235752619867055674
3086541635580471781360210895762163374535668211098230572172364345725070568303160577113991072185928717240186225986083444044212178654642427806092393366262234061199539332255693168696666953393516106060898448976451813568149653693954742543708980225223369591889580393032998350984851611924572996754687155034246627809758731166602890626389005222277795426878134136572859448501930378565552285564192003310657985263211929063066818070393504130274396673901399165081749375905211083260866368684563723920356917676044021
5450673558967509413690203538835089801432404233649328141243892840727101744652580218118654635620830472329661847589630637181349450897790778247377862311749653577994852996202112697316685907866457425038183596015095886805868174838116659226742244189965998945263026386034708046589071893738955558713053673866778771395033375301060158817924044752466005322296450018348831795178340399054696441698853711040350982282251519991076380775636211974002187367387347699316992703450611188822879883617938754151102260255658820
2575387428113079105495999426243639523357823550727676061656132985673459293226303172674709997981233527708302787072781007243182948010831791367647055229465943930746857728070987696647761520495971417273384593293292625295792159670781145273064080959552101826503251179533130000072602181919336378694996865993224825121906203360978934892831313932840085254467355624409036410424221002481738989407765793433893588719163211304154459864268581364872234574572245834771243056871258433642459433738455249890829538890249131
1704003071047059110837787749182333909527218575173430053685368966581604954979217098738464119209293250812796041064183615165956815978451128293962418535583630050084076248146412994138074873114351050882512078925859844346245183224941917267320106421065477375858682130161137240631462413296863730823432623191660066696872341450629948289543054853206430829757068607263014134325551122659178494033426373967968263003348520516201632877329446276950816939473117562335111328783017305844864222083715043360420106370912000
0079361146080314867795704499370970483728206707825667237894679687796682801341804468073931105971246425220275621125741149143819493068912831529677395117660173586514348443498238454411535539352279301166231505488252888735917417753498605094926958569451774183124934460885536497118137179472569289807253992878361120385705486148932359626324317380287893079311430297570038560348671170471774165977659700686692476515054219657488561868462148370702256339517654953202317802057186365004933759095036291344037683991433303
6998668052500101732289554513025056973315714359257875977813820344421894595921014075587601956953333252158051338818587541585635094002794687037849581224630082722530390618555054410604342248336065013786445523425810238952524382517551733554134107426227589288640845889092799604139858662869790521247606714341588762537045467126363869248892662421897572644947355364074803739166132782126547188070692529197684227721660383762802065447002020386126848509401203268170669740550856241595804108907389132111382756483989104
1827467723863312495958393623151579736983516200391103842641888171445871438257209463958684983341116505371066584198518946066495863619091655030276825714370255184563997853085682350996192439070196767700794913060312455412330897600027107481064433939558629003134832711187632356583576442228631992854720036520244116169290426628680382195189124920301116349374102184998092774958907498835465942609577580050917930927708668555371081678977514354353817953287961394480083120767068384161691830369546713626242374236552225
2535308625384787742185816703580306919080578489870972486157654616757897892436504090500338630482758395931942303790954878131220464337850422804096558175420111932544932715330433969088340622019193775387817771736011795697902042562742944574755806817270589109680892552656922581342635103117282721433896571544651460988655296316305782031035772982171715167661021244049519645304073546733254779017862183363577350812378945248944089232499577312029754802760202034733576440043490201304589839723970007795073929034909694
7737733426291807609007503555206079792984878285836360294431144220708728737576277683586086950536282705405698882931240625897842963749487412695807748331763630604391165400781365959484608914108747211367373116203799817195517293729103092623918567199732767220472345010660158075179962922718237923753642507783860712191631100179848188126858932253942697952090541845329425985177076985367350749959948299253951540691696625991212331441329690130984384924562662335809125264997348103344302751456917677740247011055593466
8858880628843878282453968016868865961667106614364184420575343580685399537404298418836368407456544302223722944454237529335846580468164861372545628127132577531510463415386658812340180428013952045878358403808076883915180288407243937128465432817219617713732188473999979290610303754270403492754335723263717018243376126367052980693567540078566556070053212468524055214943159362982973866694362946021731744011306239500752815192031906018944940010836869227571265015441161527523263537960495166925687710434885502
3478589839954107883818794280442888121586590223007254654586083575318187944614488711009917954135718942977253191819069572046119295773440619491819838330878905694408958045461310551109100096960930449265365139634602863073504782953501520553513849486873405167550833278420360117517986529340000222716131920292681986712273248984377666922473170541461326620481294767482725505313346030453927811429690575459127472750403463770472328825057683564083032173495648935275598499494311520442095185357071312395316901257225268
2357936147942108547260638961941405819860978243863103114525627759671769492784241052832266973831721794635881446804180471434180937960167520237772146285604440555451789352707637435613072103364973902613568679393325882826316121898077633270818293266415537162680740648741135217546794949879160802379119747426728241697280785228342168752190709068904481799808824011297757887429100505859876486204437642752483016612286946271328594970731700066147234877008371065660574627511968919171736784516877850537160597010092708
4682269733259013755002473514189309310509314863145192257117719169318339727630176240545298054920034550555873657246810415826069213909739909463771913106434604276512191475148784553054506764144463500002971134322584179411122824669542599341334709551194434213490208493573933956050252321254479696617539930512318770117670463834861503863919289353272383755843224039253959241223528013943995258233231041419011074607333108198554273853448155301108658670853949540884596587814523972778591836199250599573760920352598012
6511964087224538476420207902697846026468585130174808547528701455909596352617889865052028104560692618585006393017819716905983894786964265043565679625378034682633844705229476377144796149384918525228551820921154348498301077383347007078833143434292429381999786638159014727647256991199814078952539773644226984573149978931668463398009933824220682188854377166811911033104204877578544266781445539434097522565504672552010436492723475961660341338640483903921129764714020200696356740070836233432974272778365747
3405775219675775540602009710253024266109663136634876694412808573573626287652544418753371090162584606803834184319375703725043068268983348839033776856335423496634157672624327321779694635377040202125054838633479602823021296772803066049847929767783157282967195478184313335729716880458303408958408373223870199604536981097814769361933394471664366637887306794950135688087752645648980005999991884966327817940613625634726529891253323984552425392016491898006580009211190673580441247683247214230146939073273240
9910219245082692626347853554708043018948361220422934222775032397650089588300794727927347038652930784303869633034491399353748935919684040414287877352982036480168083717534440327931206914543897089873421296524449645842563288648252064905898616539501212940396347601262631366339746500229055382610334732775373735141957972863633231075372175059261577372041265639480998281928863499305868888955178675873380377081186324017854545788795223400798979264647356147983640366311304883481740650483798620636814500388174806
0071700527208817243798399424839405232383668722657362175322926392271543864434532234318381487422649053271201238231916443941135382881566610746468559811827658432366195772421566909228703506366909297272836680312783090558925963816590520893894538458101849015759777294348425154575715397060303360304402779672165525062736879801750136295590142256081319693551763508802728469083546282928374626156793307135527175041001236127250936735157466583132591808795186239740216283182951627748992341509355653944452505580691834
1323256210829123603311799111829913608321274894011547721047451430003988564766796842057677262895974713784072795937501246757283150274966135938057872401908095209041294829612562475057075670264271321469150754278458279767739953084723941777484853058730856735154109173012014535871170045083196344786790892373131535351496464951308053712627941449565392218360893100849268517500923770417418742730684654888541795961066404141572547620502525779205859759588290262118111751232529924996476325288409981911949589545261799
0115305405816430901446530931493478776791908009401767043978856785945378764897624333334775144260635540448054205051950424840199175159588063257724876602272253637674210425733377145511603467535932120996391455425515208083190265559218194388616852558156310716339175642412937559725758287741041698542346251592550315898400391370293441969749380204863725439989057151189635835067379505100169369993705156325109667007038914301283820285890317393684607250919506569990090934378177517852399336366479538128079489115342409
4263314079005564710023851239188603972706233528864382006469562801141739027134851411131321524136352746664350230896737432630004387516681854455425472590081839051580158320411216836915787939945893850452346388075642387319573217370194897936524747968778181059226936254814943170983990181779045268509925309894529095120841325997288945917086268115153544204534723822424758016602932504484988696518414464460757642701064339088381825266734770654304809049939208929627548506339610560829781324036885278009964380864840010
7147293438953951075677261997596439695304189273249999430992499975989199429724185157298642193926110845026559288262961602096104924982254117987989228265007443825908579959812099984952581824522381876472269581370922430215116178045416904622287310493217490342768246910748462620202864934353104529832947350621590386312871152776209183776773777648122298389667393286573742835746147483703185795046817592039848232419416013348755984209253919969645674654770676022395523612960385247652378715232362709695537043209873026
4301201175579708943477082195266164620937029513644538079815635344174444785891870176894299344831245776687931738391341354231203720309620288573143597357739004499584983115315698159265133179708878493550975531274315500329154770422015805604737029195047536621187424653940303026836480702872773197686091835237514729151509709746563107282934592633659552584536462466544407576321527995598421182477161032913552697181673753230472339438682461456076271137896925472557746727448046994200242630286202826805426056440395764
5840223695296834130097897892870380601213703549920058795860718329214293249100759076951725363507847153009648048438591719997706589270449388336409425351456285692099560433293063335824558671417037220077605093229175002556908792852234273793904264702066989026925001966072538778562320926235318600662563183858306641209192747334697563700305258304365343213362889009597975704810061482433325900393081941615119464770423849658809693316969278857283064396971875890123199507008222764827787252708536663794442699374308630
7852323059981687496675334299507381014419091821140829527387507054973300628304831049836966761053079480344995081432408259964342032115968231086797375957036190388036427006001321180828906670066120581890127100871120114374437447762071699388574098919560811643307139182845324261265579505485396792208380813376160833107284487258477707685979615240708579118942773782199797862687246043973515060626188528047817164199205342613860626671124881324909415729156301431317023750636256483273841577624736957653737786671386597
5680125824520269372628988969581065146346926887906201064186655327527312546388788612253450695039012988552389981853381917021523922917429127842574995115034111655278015158436632246655461137204010269786097751807672418558175066332102664893687522354884598132922838602143477793554641124220008598959281731972587252997710755100396744941592134830421517198027652565226812213158772727696366034467352095406247327243626969698834054482562407936088104487945099476623255624538321500467062034571485213346817136199312864
6630878052870128956010282299179650032327120710405646565127429437470754115628345126740151862755317923258301147193343022072058071815525416419086768546002305488580704429513480058013467367900247077853079165252928249722789734771798867770033097602994264955160589228792001049490498899685874827617322021176872475660973264136162218357924164833944568701594244155566139667911469842749555127524695064588744439875907868725812443387569023309984026910163075112116356076018755660885182697080621905337352751428350186
8576968093015526155669728181561962946859555273964305591854588972269562326534341193061103800703739580079377319121590390638495728925666826082864862540407001487352123804673025462296156845264007787263461744753483445082931003237958997907704109636218941277788227700752561239462409850958237116975600742171572826630538497789982817027328796306418338350769223743605563194186393373311488019518177631477344305516718845417915488869628182221399238476668826989789981524790515894272451850425137397804367757641220833
2196785345405987390627341991477354544653439649178397049352754363200483802820297760625358428023503760713606688974457911486886483813184487044286840324330360371621150864101155431884981645182753538781928126716904799395371963673080031944542378851442201279477342208118171884088806140674710868668941449164681631187874179923385749585358339916709221741465272569150976654103724701337357064153862411574310430403008567341787345098875381095545901508227937147164289554478290839423793262489916890741563913318684582
2452301677513687549000883361318827444399417249463471025651709300305195935463303959669398417134946394606397131435322906071131797373442619281597836604046209303399622227278500146780629571972819864220369095411106815249404944449137427100371914730403724328561745979849099871304617045234733246582939362461716470288196742031879428626371117747764186099830284866917143305141048589108073724165351278966616854288565888009863648700086183294704911741010686989075970143893653634532994132910251041180124088093234782
9234187825391739898181340470485762208972199088216303722749475796839400284941794439691843670662011737634068179634595251550896660657547689192449252961967563553502001177362151308805487850008724290352391963975784363387142679429585469440468423297262759345756266379148692572035728605040015353493001268950683934009246031771672797706694608638249555594416460641585423752253731785285490035741506684502269776048805756818151484024097407437994781845440985778054392258289233618466397195294260542938879706640647691
0949018524408870376017252591678919076975049662393428850502813675609373405660100219915201930958135515658131800242887334980407111937793718392863848015063851659802289001622690869145894363912474668146275770150808160866677907822140924874307321117219549059153290951773921305843774020833375982553292730722504476496378963047064776644641468676965645486733472631718866263496413844800924382660625886282142191720395975771273894281467987935715982492408281865378569380206388413945811683736295477311678141689185751
6293327546340550956810544227273257982532176511754933893697144843848053046442186921302301843028281390598823552899981393530337595831917985502292182612094571187441615298270677434758226044692689694292179410179285424284708433680575625781226998223477291547796564341041204019718027392194654842376051150680952591399830194212963932940982656742028894388598497472420393459462189573848280289275616416323044903718765678818345246757880255663109099544136857132178029661285220961317939881542607013949831608292155762
0279985195149378829130753335179714487598372861316653168569067950908676298710726157467611991307976239788602517238548167935409593984608426004980993244056986067989523757248806940139377553094332512608735722194557004217768579691953337546654477368928088718493890008918761667030361530979976387180118092347137448079109833809356343431632908037887589635871546826768770150355965891050308741929003020905781963253016994002925433572707361585339357576967226836329981584764551753511568673959373038588455951562174787
8232418885201456261301142048040797677307911668898945319310985391661380937842814788179562188662750510985228061849347647361645845867770949285965582870782211715256886472173923160370813087945596326335953002809817801743915175143147182081984769636967422955050373034913615487023711793685343323117013701425268638557360523228431330467484240809751963662149931388298195825495948536616311370096654611771510057616660159568806370876594417812833471838278840187674995575781744804914076895911115009090547260350100812
5302502669742110651294297695775904271650226729407731700609117500552677285661684593360840944301793572367435841957813080487392293874123306314093578583539397891283913343597333922647999415379145429677489841954559624182378080290227109696185117952028015612541711585830044363953105810081493546218099255183997405790444558254415219917862492212147674497447656671086816901263215428002597585520559241446982577745360886134116284879047742734965590281056444738714050428480447640115458190249558813621476128990355285
7552971186569978132856377462952469735971336823295415598276083556940859429944842429719956096931406691835191890243199951202159441391601533062593752795905020744377664872778289597587733286437617187808027726786191891205157133321158747830619505602586620100077507426320005138829507645389416068050593038505677515205843747947599994803492032245915252156013407263771478628687193116980817122642333851325804518764326669743411220497851986196249264778223408971052085822201676735866007294720693223425100979446225905
6786398965848996534562895897022569969243793203310851908303005900968056310508730036708979631608576435159818458348692811992650379474521021016390261183332157466342258770019081150466246292402464794044634533097142711289026595987061213642133579103112385816056748535244887212419249920524766934207412547240589395856687203383249316795926963171185049369871878086493475972832531933835007997979267588806379451465758467630904995414265046724552582816135197947002177607175139901339338753840970373674937908653830706
3531700282808810004388063664340316577197038232072048361263615820866214196710676232497006082827989852309352680343604574142791066598223340015696076208019692280909075693434356022377582331413386432590865762481633662506838202222593605522252967813071363665478558935577456799456861704712427309258222244441473108148415907698270750694430575092436235309120857749258758720686521030917305413766663167388425084004237312143171475065227749322781809762248238710873189976336415633230512955320649617097534707568101936
4533632222973522975556803876817357753852509669114215218621702761067075311884725797276817801576153260370962607963700839196385335992443166269289397290970378652057879059670728719049887453802002213907953104730826111753113642748625350377975115388067059757859161533381913764656542045287200104384294701470623842823040480405455977968853158413860096196371112303470251048490991902672213294970209764843784373626436986380651141910399371501190305151886404431744674711208373821505321798632837466086178001571301517
5231522087197608710053845823037110495263555211942821268070511515534588107389998498868144691550432462260435605842021815223471718983049203317167643981270450151794707434765961110340290610277643279533723938852471836778701383589263545978128581513965937485769681765147531006295149571068350250665562674871275141744383057513924286102995259936510476795961324411409789576330346281994019032969691938191435145021632220916899951590470727689814315796330020339482427482244737236551121605601260362396418714940565745
0206345677618493025306774897455125785637452855336174748262314360137552978305752692999048761966005058176116324425183699520287580729838035239566138944015061242096211731011754412066804670934519133018717471289270703738773762061508482390812963908409587091117513737664252382628575403802247138043621046126183133481755640831998995547576516033293177796141076765668930791532696113174062377759069542691520507787494988628479219612169267524434605865965958394130003003957191285137113026666682849776963395542709092
4302204207171679494106353743243762972123469348726409794963502644496505224857309103396237740364797595611255877335819729484126601227795009994151771880195215598855920401224553990157188961318351448608005523414137149044227096196937113601724806990636478435630328907463513003736394410924351724638440859479115082857641529138240546899486769882259758244585486656960484756565251341188527627321988981858749440966444446590370584298553554239486331359323067100696527963909642985897189207158033441223466750811080307
5665301742996423278240549845390223225529134627416685105205655557437122356139284269592072041921961811148310184829784202756904997617793119912795833858213417936090557652332098774223166516081981041505384738691708164852803681436419233661018353959736012002329190709574609568338863632413417979851597937406817407625707253202935899860542381970012320356925326053250591937294068979230415948390301840242483809435008693655785539701699912963227115670513313983312713365962530753970532356654645880657338723444089773
5947336879870841657400080951838671311225270227576283728363270219275240859439862504244687025383884669978405041652808286654386967337109875563869094124203791885552851996327230115665670837618793856606151158621734803123637280062331756883937251249683041247644374402925542276701053513695995422599422123293302011722795630841962147574087512102165301107066861505299799182553337444087124452912584178411381027550631933091039313180068154014741196334090377400928539759264269881211306119823281146160445537305231886
2702460437807083056084232288081212943145562907874673355179933497052840116074642803220365264209030394278483361972757573367323984321076528636375773819126134889375156726431857875881016011352862702178192994093747281805054827285407023439379159887638243166521925603404976451813806590355284969524581954707248701867409672427043907683196672258014985326746453341077368800444771282239572939992234139639553855459289592757100363683618739962976818473759291352051666231053337184527882032597316059764286818441727857
3353549638318551743943253965374291289901420325052025331067004747359718364111376383381419890369407827526185535058245188449440624191507738015341760272047696206150367914519605525444250750362735890324763234659873611219987534331261561885628026689160792180927702005515405865851750462294019010411909863046713972626448084847751491558298313067762127937024587175603760677522608867504971080139074338084011268719456603810335200764748045223060738225897794132937296222275158291590099899294989755658016419330121605
2573486690654831048259155320945237079138520590507820800279597263974825143689736295512128098009582407966874706547857402032972504699852925509672833885335771165410886455740051877465992917967101187567340596712950259688612953494195540078608786100707344042862601889658917987208636278550657020601014520514454984822345945816613837046346499449595721982231762868546151795782815493761546038487078296703086185768735679610156822281897649619076040658139703773890092181880354490668683964624368650357323409310930356
9204725263294697473301047371023017404663309920521925486041388546091928243460312354019226027619511175304677702749312975893012822987057407420690228945551274695099119345664676267673338284922224315544363958795586498862024147043010556343652412601867157666955190544038441416754956038706949095847102934462444681550967402525458910672409847533498583193346925650100554927462379869448299146379820728672851062471375866598416804474582917852466982540289033870419896675859326686116328319566002447301939921603490918
7791117013735051562591062659203436703065589446586870873107404670172675832021519343015096180824480026628882748982755105795471766104274830403210256003699207112220689081243254407932443616195077904848254745653772174310322077234578276680453377827964871539442753705113265382254247919231753409797953390404736988759059508978152758175671629179071503071005519835639550650256224009061828528074616915541049695192042437558754435661268215790761012009126960986478797998577534242698912155982508076300125119530657939
6131795954439672112487180388998064973857974905169365844555064298719678243743460266226473495657952995644274579268172277659179114544231625308170957858032042532917053331889486440531455138427944795929659540495431041357755770562852973529158090902170559768007323107983891572042708820244579874128836238583070495005258770063185138560774535825662513451252585719456762469416082930227543370743849965461204087494199578073059447297565271611004407852143448588969920620079581323421743781322388111447474067588702343
4986565135206126473016332888131143530773248838524226292264924247210702722625387191629875072284501919813199215748322983764827585740760934339983761760730398976713407044357297482354274703713949508653983934100646610691106472186387893082703872260718229412882222203945394343353831991504183268303235208707748188848500460432391579987563400406322915405782591682167846717758847907558454546431858596401244888706156409818723389172773754113159724059422803261109840570971335501463912492966892965771985247049065707
8284779107394258084304274439086832859225007360285721045128736796686127553651278025940941045407736165635235097629975133579685047053889473890312490739640508145426675211139224855295979375258222425738673939272525099336028334556312904953078132630194911497681059213122415488670895622321738554126632678161957532143743675700777293742455251691310584869266876906389300813351894059318052503103305109304958666435627736386809767159212251015885266679509548307305870922527018289338457433863039037710990056608293480
5080404325398955170309963402709228742791375515473636988075762370763537865944871849898265081211338292635646675366521530167002965760262560393591634633631632913206889671415957998409972617515081869899892892667869584278771907746778881356943251109488381105332747872153320817521418201104546145660879958517859002184107144510713422275910672009412212351454989640909041806561391576333298850750156379062985216750651591966944679770526491422926574232104390599630358101575182967666136953119266445692127574364417322
0599242028650669367029741387425198943540155707098343254555489051130653757119505929819595093165644712627145285691723228645382595251332563623098704315661446281546011728724942287818886577513410674506961033005653896757089615730655519673385528775118249043039616260225108645323931828335004173424418504947383568802104979913367484636056316164812053304600886966887811773574288165167956602805929997306017083171900353444585317612276378944626714856152710098573925427507389109471895353264312316076464037599437524
0056204299663508922620726762058039408308687467668660502317635301542043462698927875641510783889067571322565353455739222338668170517259459878138107765792747550832512260987421358641485707517373773696543029875388631850035371743361044882159888909822520156817741501148848808780042946595860984285261630537583584030899296457800543862676690328709031771123798269335972666556430818259139747384880928281529113029522062711150782893625542808603079189936808394184972720625804309417259962711958656265110354707811723
3724189633362097986623023752130568798054284692519070349812428273753297182114498944860496166430477762032296866391045294857530312903955186659532032652866359582701471034448484785934304465885210880653580392142525313624892361445975367876733000765105703761545067726807170130575149210830082333821300472735123918016351529366064417093612058753107741036813437367793298256617245396513113204866959406916651090018278315089085411923081119814777726052821401984793600518511648734828013381241435944353822537790971936
7305531264157207917064122091129935648870951048123661960363878525805357832669765279503660473003203462880196545130635632879923405597176069508780130757460337316975193784527515773209982256483308769715815574572009106890573850315842460854630279815519604827370527267696866284151463601571509904441288515604676500463929960252220376979811406967393439993775345396675468872511372333803302981147781903010081069241550065002354782705128003161986758356055384325494113419582098058369728564223760345892232361782394602
0528230950947249660904008723645290479641046452478424700371678796449623794167087187784917693747055337339019388111967340303092030354959114914902789140996848288915510235363408727347772136002537034074154052298578635087884144322755487676056126862736322326111254182939768910764610773121896116010644922886433643086743338198167017220609169608774527977338711718078140360299919034773930477915408755991569073387204365514536876088962285828017656028481557921680016037568287874833091413414013585769929213122217208
4117002151496093066717777696043519447883710615213656849695708818334239265070768178641472153187644155535724853956358779160904403857329585392921641971134950662174218872852613601423648547435043927955333695834031464469022010504810528855136686397516918007815978533079207217567085757427338995139830841310380034843434771098511617276047038184625925827109917822960435671452698545547048991214588022989115694578286208371073307473629227508532640220802908709479678922200133327694964588884631690197284818078559699
3901294533508325149018756399639344516887624301048216991301995823471466399132779575195114451842971930813778006384533337997126647823071141407271017865869370255829697328731099474619276784209025052150530005128704812138056577825322062624350222648100362673713321713985611739659274575564675900242269698255578317839714795628762706660012143306987650263807648768841503840266358739708129263662992985320678808971212201257922743032791584045130639645217533978395480390366796028684291808078475143452600691792156166
4497980029708496629790798417789502839429491512947051794601779766555690613057869951068796229954541417846040305496193943997355440245474193742707584824142327192234689625949695954449267483069283363555047254001284830595418788296422474768664784392140305016196939325618008970915357422197526061758974791638067371115296382953221485350286213322507555906291092436374060253764873752353156740804740097634399296895085957749272929417165855827792729543302865163448261273279860572138878403434959648094772895582046843
5157042761941747800592646386589302313286692523758294819859329757370321180669709113695075522894412237824133314297085322550725414294599740108033135773937198282323730729025070873805757005198961814727042271756760073543378422453712259756260902055475614439846591165364734853046274170565543387853276933595488867389832390724384580433631496644224961612547676824345850625531995181075971902933448890093858480657878199663186856675132280949589533698459342023685062416820883476587400358397692362887276254099041138
9874949782980390683566152529655862120700705348321293976786890723387705838856445386229792310547490444516922450967051502235214209585434634824901810649479892056943562057359320918592293657520507511751345569099076710582383451153885070689236964919787446681804498079320816927060595028803904804083729691615583046497781385285476493293678462837559530132163414473750319386214540730287135746950804122591559314547218458422045809242393032001660688842399565098958856555017177755117984140131401861314091464829687239
2252803483797938352052349055950058359270176271560716034035870198629929673768073425857950322385720910727802046613807430004338516202512882778442946303841985093815267472149262831567069597066095474275765068379395146377401905296042902162331648561795478530373700532195084641417203311998931820780589434249764627827604558483246962500140158543576890270257208142535642901070678024026510389769322533644241062598459280485794519957163634736389352452861411486908344983193623929958077694737901362220383218253866692
3271254739855875500517888024554043704895477290919848976390726832833400635429498879882680178554591514951696725751998901211465287290632906716290561012184655198053302690202549901274532974401505642564425907098457926429072769012256844848182913803994429270495058373065406205983332954396480499763765786018330209187790539617430985858682533265434764380892274745945723534184481281965510588276838529793323448948067095471089216289568809835997949944351980576082159375356610182952024326603466858762898464551746041
5632800578491420414035531171591878614265699716435184467806742562289889203354516261831967671029223791535072429359475095917603018386890025576695278570215184241213526209503151446193814582481310590608596997005064164378434655071771165738752376409116416215776051917664099656696309659125939331504045945945819129746285059785147619412766425284908827504677213495356247025813376294196713294602648721895540685790920224252327828134242223088355873549708293358497874882802249360494485263248163469997197217032039304
1115885063883577225470206745955041579475670120364533989614582569582461735305709435772125748689530013836641626884832733266281956207521107932028642030815428304794337278907835217914381699989496487847994743175974351769374370396971383758767680735991678959534827183331632480175026507025605072308824107755247744033647700950276765848542498536894558395567556664674308517572504837460664168810912207169187032608717786656575989582644767274763559159676097584336443812981096240578540876396785506227454528535945034
8016423097953490227880887051057841088350186040501981492931208019858879347387137547173115453128924152910141315511765894648080147953591257353167453622973577765900221618256115052536753592507666356848533689109633442068249317858803646184019606466811443495347972528087829235382928894174454451493988429131864703187899263404192703873011678833619049409960584013095667969481030605238762701668814150290047514123904242035272635233817174209006421211957440204856024031743536716033394848501105783267813359434255059
8407014690786097402998552445032809097702722064335532994744681497362013213548921122633274421144309135683602486756571741038774183385799098688960844268622829759041341626729024198608407429486095194579843385233872957846542770824898374808881750275155944167781997139905267214164884150282596763736830837331922796440070437963079450773081784412942712714139059249585818050291322925572789495219771878321123171857540659938283228996231402066305321959866360136361765022314481588913568275702898726087875462547303034
2383072819077697005452734479125592351476025098200016232275602669466731629541911071830448792361333488687138492630346072223433895541517450543274337200839479288953805183798720599809181351666420481189513933750213350699479365823375897525493673790427255194202985274593029761800972994500177648537635890948487347787571505680186550076748432475054215884665337944874784477221228209899632846786845921948611110246090564272056082868224956203062257124593650861349790823882726630542949305405739183956141337187010567
1264805613324501121864253845082154172756770086139730869003871400651690373823567930391838598504387715562474228117848764136108970048779698864073781723790023807586557299290826162123841183337041599923868742361873782167229162680908815327682539389017417624597693286119786459203555761806767804839471888642731587943972129847422316734405251164055897671520073837514020696520579418301053578226935947687876944083907940521249648306796953081071124869178036621289376372108786644365457484767907436691272436047695160
5115557688301007910240304302552972611303186696912228271001492758568175412729259237841891185272609786405686651549836799779240091263166262534621078257496953637313927950369857957782496983141348783201254363524650418223137189332524922768117481561975376898818212559648910225476272060806609490112717641654859486328323665335323347241532304943190361406180753897588201237563536130194544812668642352285283013760451109299108580790151025405759157070950473277587849366986530560202251117731391747075391493574550828
6950017495677898487444314192971613316150908096833774901739511131765087198466171471623197007368699612856420574327129132503143179820779996411677034032280742121702204847778248814793700278686334497645642320777256815061221519044708564726753106045517164979007634888027940772809625675177867944194068472115714530552684709355500257496721129606738616984197179664598939438807441918103236930997042566261295999869256221854576474696141726681858764384712420887852073418118285590150245590385652553203501426571076428
9787298889937525881018082998426230716091568045422979579702960352504777722156764598507573812159924014430447170695709092003753297319286067313193917680197496975316330363887451610077105004441715771300743534809895451560252204978522742590883312598610512642163971866714847920304785195672939779787138774862133933442282280348100380258831145827858467226783292323362113891224709888418891670970021844161840143783279482589468830721832045433815345735169828077461321650528108986646030885603779991530395707089928980
5333639802644102974864821986326474685604138124236849401016154003845977676093544699111837813381258055970489716399063400974431537235838009721999054354435625582668998960347960653702895504061568270291434070526606583285943947472106335738411187883308049969594818961821745728793288356307562664466236916630207924817591712624637021818739445876928157760390144385385541157242697518970181824230176060892839792022044820204519594386471746480748728187316634352489088404771155178371601551117235073788978004079158307
9872733063486031559228698228270690527372757728932203083183782026462676307992101596227600649057767072205976754006202501433726619053699099707415244467469265906925241801411306496372110926998279881812480407276537304219922187066720986439543492340604689674744293337287008210983934289274620293226291979973463176042487994441344940341636420354533593733527823830699748334769446115378701936064992759480635175059315036116922198760581730220400082110977604634052398052041775240815675395020122250263609707553906565
5921535750852767879074920636749585272347498730056651195598788313072853793312754884816507172934608468223816962530013138523316728649993061738213307167681685062969094016205561683221510643952274708004785605363867695652703864583588904080307668946619760446666281003092096334210598057024485942404095540879274538981136903798415452349840670443869851906212096529890464779047232531883262435983262356815289906008893348494432045178888215754248362859841658571166497690332315293547557336503255658496269764440312414
9441764320013880582514829390332031394139926905785544905900317716640239590284234480467711833609947180092956108583362346946207458312530650620396712863674600575118533282178857563615128606975120875214527735200347619434981493438643750129980290301395446985198029668646529441014708214080966090716291301617042680887123320402992521250438993768761438008035813258959895138741138309103028650180587090837250478171852134861537920705812980561303899378465213154397360756918690963856374195498675514188104906535479519
8513587014266948208029775244840352393813679435077981812401091544203206579140002868134549568686393879124512140004116271868631106087087855745591396171149883987147456880239069952243464869134366627749405983499109612993680118889265208857943216774264374384896342086667318706812035503957575003904956990746962940087298793830401662061588912647300624352610049046596619486785016900201378079948346575292461695613242465386316859350685685936229980565087067119687241160433515796673060695574956474374949666369986553
4507884386936544806784963815029404613248280306175808669835347648185029559680861143899671903722529457909763253216445510093154770037291448791551199313824355895655083302811636597412997777631251788303813935958559449844653075010825960141588945422311364694913143855553181815638874636817205333600765744223895773246883550108667960711035711579795560429124556239327168041077936438126340892306322971863240772245502881319972798261356817861127764921448021564179414283478512347635042882024903684276801523635876055
5503335035093922568425035750717427215694597482129386229504666080437976020991681699388693712173152166827764085453960931387462415862717718174621912025622149923399947729811065899203108624727025237882996156255151009199887023181689430597750743597397011552692063038831605896277124436320182802050825630412006718051765712343189348697304058360335246923350006793022563712239757087946941442423368550172132149154211955373751656783472404594535701939844168735404146619551985564807581651248648002711095566587546401
9536180778016090903317520517904242911710720043132868362545900227413814500335855400871250797427495714155039150285763467319730755503417791213610039699451685609274411999478137754405955328083400966963360259321683143494402213237601432140420526715252285050000328284010505656897104257251752889949770600989350558621326235577506270017755787529079285454214173311577264678091775854378836014690531455677878744136072473476870244001584014040045546599760048309775405049294584547213661517952385847401340085413637068
9295910128010063558756638606991423507346769680323134500261033908820919315493445066427961306766658550998457230880298982205976455929643086686267591001015467824386443697520631655222948818643386264838772683807573883180342528796259596108880532148493745324977567424737529008093327658851726034568343349155150121270870100139796914194241936603854951510023862484489440711229113094924451071237079794545149655609402697381565760514398822528523405240601669230112846055817200889064665083819671254630099808355763597
1837074466163965771625920939281692780977269451729752622961095634768462004640049136770630608513653955131779763775327153706153007060082770982597734998970452392906635897716490675012378988131712665763424829638949087570738410553300349140232463414148489548028267341216726268082433853624720828074523611405657841358785113472738430872097277744959384075240324204603900006985827957748500697505750366845822608987109121531081038224764371259283231242346927012824278898031974436246671472762045251109089710302552980
4688199656120650439552726638273099326002881621426138091314996771654043974581038437718576886718452052847959240970625979246820353086218262411837781366971902241527254693715429960347123159250460965988651705091078518954344207791191427432805156599492344845503701875110481801798348896719389955139585778948210531425746354302735127754549397254921300714460226550099442225387136771739148617041761698937815929732451313422254936131294216074555147944488016708007002968902052605308708854184270972546315496662156899
1365967434501738444221992086842868839538565227961591120562730044558526153301912250605388249614179479593621194912684707284269426525918342952090072784502276455627257134278733750719769865649314200800378858263719780953246419821609231435241192239216290624633526500084760735243904729408291451473938826109435476247798497968114613064095867394793059525687386168769237931056063699220986121029814504139218072591123257209912511775698878052617422997544819106412048076285323929116713307905288964759086731814023956
0939845436138030463730380342485979250418404279174017648255740460221175804711068028097688697777653068697392220953642104212390349364367802752996268063719890486361180991961033627524221889659737347872113176638784233187912540635297385396702663377859419602652404604629318983207420128685053118703676155033802485446111982076667528291173676810876074000654324629752326732547652574226021287145290295379330542680742843417228755326369390174999186596944782028669417359982706277870260878166543346432203087220576330
2766985260205161128930131698595192963921854068853405428291598723979147893885308528515057317348243552860255602758809533979674113167753186810371421852632367411278216400073811439441035013911918719388509184990492892518839279264019060023092303478674411238986645575940113753636445092793335941204111425712888292053619306786855917747438571714715236270159500690579615289853829947760061120715760398539164198643763246203395131697344104289091998378045748034717250094809013130853606312493280628233276830903295401
6325705030081025515420302594381919995495310338363696224233739668129647697744853241082299910083886718820797019893343634544035718649325191806658567766934982784287874725967292921082038024846639818259128210842898911927291614325976595722211766387812773324335949567541521323862835861966095960082508174167941934319425181650528822793750279342235606489935748931075702096436488548475801121129952005239332199988297498404689318198997257761328015132449900693736959936139626613422065236483879259218137721745379160
3692732956268158348360565023169565665467120684587459505265287799994340128184162790558785812285100046275961295392414397153911622257387032414551374192974051412181641882830550208368804675741006875920718383623966943677718315210518113420221212771237400477594894367944084813082136151579742120551490803475156569046577164650879118707373737171575823947177287368056586782722262606844626052552513250163184461449628714036430804222262132274620090743097624667395451122543158674383742868318829889836828187034720466
2476085807582339817141173446119912498573960284136096488741735159354707498720507684710013820888010031950183387752022685512098842462902679641970730219822247662322083557827611504689148551045202214149050429525544852837098006054124874717185934059185123102381702055996989488718139672851777783206922520827828324494033841498976831213885300955274745911803626381449858192543041325043089925439255500591147508734048662915118239083433906176867769200400719304659318780027855059262951795267968559687118812560064655
7933469635931872668688349592326024780550785673319846360365971784739169483113756622522114623075022732525748334753924318652702818675480600280650601871734609332683968732920766672890131804570263965894957961356974461697012400536935494261702344015527251381523355019715959398664655586029344926911799150643675295641031979323006498327391830935132679932976338886915979823564269437633512183142248026416975694984322752553452878777247756595944595685147855370183827946521589564237573962567032777501346968627283775
7149226067992107546329055354800580686686088724076676828183114470767338516771930944516519186978539196763801781699543829349455660390041034466818162971374381170411091875039546498439722179597144443370703825860106486159530777138046955082205696474790689232201822940519389694450944255935556804778485587162824650458558335385641800287242470293381809937226755524207452016665721565233316899643942054989708284264513606997174372114828145697945723547401343793164013760473790343832755396110398229714448627129501884
7352575723397353317458552531251611821104462060322271364184562080793245539091121580866541020987417746751762607699200447607296484320256252250443640083537823601600397020765447133490929456727485451886122866669034235889902955864030268216128209938696354765684324448509532670456062493344596023597221243674598923156291291089113173209186388267470180037338406028588855776075005325713901174759084570167753262957447062655474889228898530522105068704939692281036930581791696116616777006590907188622190193332797054
7267453048761295215924497386342711600717724458135747363807127988842552194820055326420980220114102520836146221977516600194382040111389871879244567471563690145241211802700091877958292444247918333223992822028955675483581702786108701375957220920184786333207105382564258810802602487926198001493938525630782902983150056022574582852914166320402614140107537902957404638365078641650530830878911358484635843204692416962760800013908904542513952899476155053740979071398767731356463008349145142876722652798553936
1583134677125115760891891658492642022048960458383788415864462556026002083487447826704369076720990846461728272854456496220475199245445935111838750754914485654574740118057263436816833586151729976562695685295480245282451838258659992498034957401424663224050647396137444275545345674310325896669611129999546721758140088023763519252463783884657163423042561010341721959657951853651659822024842414701455190322711202649999650304271254917552558376456983084816718134428637304044771960150995735271197763319461439
7140607110234912041837756436833838599226815202035416225432606981153903893042106960133851910614602759396126273261851928419479069835212811426367174481071887467034547902542160940657756708242841025595899994398625164655683630367872232815280158334437169843036762903515398057390743404693824821540703101117088677504476733006751251799577715363577766718937598074591415493563638781628256177070343439447923778988309317146791248865258309289529126484741864618294004285279255641600683766712166323246977139944226205
3021450589572651164704950402732092903901073572806616813826807242446769158224279269326292525900734121422174838493292704935188768969902432868096818164123296334244024312163539966879711846199208420781306476312435162565134661888575695610708936903679580560263432684327432847095206612876499574645774641188566918414156317657424220257940564953348718904752907942619031946437588858797788120719257834015221521911559218869227933206475814676398529113583341960573479039071900905064006221651412705345276327130327401
1902344365071408058312859007209303062333708485887129825552208477988132466330338945357759740969210470614935495084529713487318212242703683903153581441442590878071069492552171738914626870867689211837031452415206054361157180212107975707782676622966967660452859794720968920829713480841933569997114256527213076900321030556324430248847124556359865191495230904624231385862200696933203800147884664280818631151521754705083465459594043820547238715689620382600399990903007252219506936194124163229194528392504707
1198919704150571257457325625600436233084835846368449308760312518249728402848056740088761902610401355307401482188612070359797798276404054370553696321779196596691118762450973002649796934379416400498307648470198023442018765250539970331731927941063168698569704454162761187719182911633151351255003858801424238972326542519422439558170698967637924963192325120502342381669967731704978114522076960906814481777776611997735084477667764145762376901499460978367054421495189803872700899916060072671824902035080529
1464220056780709943584864666899317912007034458299735309575382515857290855944204756645927485956752202975510510472052210071491556874524762935368985307274806351087523993256332635149171602380089084764032284914914911134575605128595013612797442171981227039314089427838090737658270989311101206166811234431895848238395455028960979868623094374775329079685411654840785731532394435524773134009629013893356884336373641489249894748990046848889090558060555838202429639874257001576792402929786665087449777601720523
5320273954089190812027414460182080467958520473860939533851664371479405335782787692035904736470406419816144412377490131301723016005392939653536709596026282987909931599682290664255824324914009257755255029763850588015970000618069089676205302035586371092157707383580076388366062935991968881212092858141784437823090966405730625906519341133897461354811730765106213622824931872304677369755440389250326176636902430112179868621666949932532788188951053937878047121618838064595816067869580215140543262257226847
1002354090078692163425520109928003681301652784153030616943391247371035254037207279977523939825320240868149814050160594752177769401298556617552090232546916432933899996983726245537161544107999810794018981622530108577760047557533587985861839100066285160273607445493685970295939285117570695031227270831605551937903766846801073920051378066488620396609055899155313521859481476896643175666888025693609932756225906449719305933747605787464653523853739130902961516417168088109526760875164315167994745160655947
2930920026421390597348203058169825569494998415517136046863587268176753189235817752763365354394943407521439936319413359669704262553457811425334102258247540305148214361102171797919432511853750196353637330281799754507424055569370247379915064731818377957176965761410014187470013591400541430841326097041512831377577771236786920060152254972380926290378297702444856429275931328153459400127385218864157798425392780854241863904896308634233662239166729540883173445844133034328522161297026606249812124003543545
8309991068760710481129832947270431158014639578418798564617863661988032130281161979791224897450251407082899363523286630273767515991787144463563238811428358346158365599687307406506253428366001435996295009796419016074429705758945002054774468382865322134120426074882968958904406692403153707257230626295979792563216742662776938456170357486929238651030137940755035803940190003033194192617352956386398975195934604314716550105912407239591793364067752317823495372110819063658841475468510116688007072067124426
5532957528252614922221794718137410899091166370180771222364230744214371458491485088866875111964095112723676204008653221455895177030686692904869448374013329523254920817300668842207128726944560783441894638387545237248811385291740318236519645067946472696100346726718076222358548047162481398898528523955964494475619679999704912265307780075355863412538459967851892676918753128999071699903956505893705552119871101343852517766454135770786839062655758948027081364756300817432694789863628736035685340593839466
9728891117466822666375449458483125507814080023695552410188488553166369019112960181250958081937524384047870131389929851027657862817657803983061167882593893369270050317766773426841798077646648288644589102971550664709432158424127385108177319098611870816797927768425368178643618910540762695492198626248709852071367978730174745717720171459898230914329452132843499691182201034789264016741279352858402170116568792342794140802310242348979215842778949215071380569912305590752419696667601620662955858187927497
3176959648315436797224247988113195432613077177910090811354618066558097493501526902247239267881299940377417855639546067786131000641433388689723244660731064515489697775282034558329394041893595656036109320129438229339898411698249799404224751232109650542571348652535396017567163728319283696077171629765216327814817115009046833662370497326862690942619357707387117531678350665139086607607394839754089110929114803945865344375402773150454590501648125296069532003803786647503112066124574824707168787831348737
3949353840548841534285828428797755903168226273474076127498220611102457291340048006332393845982229731675575427647125686463224076475876051327177078191577182164684976409725186260552366666755947038140361803976728010465376272194132318515118353680277402683870780049054823113937997281843665382984234337311417137676800398925784482274185581515194815132845971642398565356758730782251997220606275288279032179071935635913101470661044505972024605933176352782975834559323762186368750441792674356800591170649165491
7508476461401805462004547419313024829146090649458848430356613209341138019587351246004371494519189661107576210496111677836463709395911273514952391152208482957924017109522341605955604791906183867796977986213333108576774910695611523034941947176651050088159892293464625633655912706091597324620684958346222928780446580383804634300778617876195587117396613051724249636583567500619524304193102766615261934035731277617215340962422267628797596831599876875888604303579796515582569516205535049838756408340128685
4088342406884629723101993205490603551501878716760442770050412732024368851498405452539296313386500038131198334397565689625290779012176934590666009431214645086432840440720325667040901092573654870337079463722409512515188350980264826366421419342789698592553119152891942701431629952216808237393894993230734537311010314132409357454328044904717865494899276484355477147349877442824670004046492062967073625956102301171222961617453734322517298599717535640892914111608330556818043259018548768600658131314401251
9335399196189849435823529081380186664372465781031312043108605186191309410642013790036235914998296007688629503153726023266831042577368663432550741388561195671415904570273308454473918894574475760134269916612342213116219149107383360904894880456274881619156825488961912207342714055930521966900664443446490459568943514570839808282199342125325693362611618166468497361156298733657656433822214977431556503767253411350180763006098470804987435655136766874542671066819533916800102165621279717672130287359495762
2144830209848909243183011608574918989164320594651763298601803730784735486445378057498336664322900233590851158525132795923087263162065843628393976240500012034163907632600043763906063266248963463237843627082525338448724642957574461801750278756788906693480567663734967713568753893498173541810882769881962942216994755507118258895420765598988391623407545532870646403425089593037474701063464750428350656318093605496736364359631986366053502169546357700821263685489050043687198627593273739041630618833097404
8155753720445342407768387045361275742190086928803403579720159565740830631546115536868231370152508334943899915489389720488595889922622578197551488978446958424869259591961710013199339016690964747354455365894938766694056203341818167404566412772655197954288877097996723252924156595542220368025751914935579436614464477494376853705093698348794721874226539378272235262551350118254596080087332409992828622041928922498903760000161732936155519813680430706743874091761520255740288226435215451655239473643874713
6056555734518785801251580693987653508179418046299196083087405795189296341758319776576634856226921186816008518748577999735026727298424636953799889586233077673536240712388129469571429935948040087483463128144270842238959237788031697651656974412775724491993637310602935248475112189618388339412059679148869240256623674627816176093455613181327558659645574278437202656924116629088033205849938820276791241412129098336939384395280757481621041100962618459588851700411390279627587205475951541100596464782679446
6241585943768609874821934113610215881832156223758442237454042419447597474276124429334580512734721845005129306109214962384416449925632916717833642709250210788192248086997254376312622631472773738196148473895041815154616480385847265989644314328993851834461717552932375105346021946541869327305743607702013286459163885643320550034562211776240114845618619881844897446055544880949375079864523232482951995211689483208000069577110663521831424945241064810372223707102207650892816876736340843991267902951799878
9555829686050095083335598962823746248567307610947412674253730561860669225952617653966399062480370712318565506669807450487838130362881198997856886356495981269883925573139908162785612124020407691987257767097533234418011980390596339647297506366533678049495830506000323020964397647564155993337689308312244650278743871697358120293034062007879626269127799938740151053170597034388288799788054541041176874278130251828345209126033531030759221582505959339986773987481726654249958996013299921447725495180322117
8700125130047087780090429562769113435465687776743036477962833179220047378330237523416767673322854755371389271031500552703110421299895346713925452329827486489703375416030491864096311063545265876440370754438502343835692956071133385554058975008281745375953506535824786928714532099304874666519092920839187816826120946123724144554874505087259662230324516901886870029102819030536121438180578190623511134306908484840669025778054857294011026132964571197218614632510912407547059746313032715451381099843966888
3424727416275854705454045089452749732024101566831283806858977086812730762057770787524337256738768485925158040661374933043769976781512652287881795689520722168164205208940128431418671760186765759134094628288780417824965833832147284807778474135338537973694769565838352215422783947661755093656207959716375127440246729618586795778920825202464243196534200533089233126656435328358720328390437814387652587067144175014254297521243772586927464136831329013126453402079692691621083750988055063126610655794348227
4294000268306434887234988608895468795013032287572347949666163362631767314711476783179065773441987295902328236187521425921014237046040883853973697967004967084966275701220796393240933547246011910838538766281114176549406197326789648482699407004983662059822636621309796402667746879247243529625599765788523127330962222204714324265889364943856167834525783010216912457272146939647509031692903451126299207389136441488913028438855375256558215065461543808880597942439412924828983960669482176848541530736498742
3722524132344874176193928332212913446637576372262759469388268222212528247058255996214110319066520664631021152785107417220371444964770773735789708173151260675597174232657017961349104011580395354845655816409992606080776850691356473309261828569691250678790505781877141276835564065359327016549098522731678478846548968637278521504257978542547552731789175870579510109121024485721646097257019646435136899169164123638042896985494276178224933372268382001939848525816022951225966824123963252755701382056730736
0853057191962650472360148272805468733033086728596198040670884495166766665609613571619036123721765747169018938125727561377476755805848040396728229955684460791509785000383431334543547542409454687909588315737579824995334404062811182242460568775988004320047983150634847706925114077890337174708093330872835425723643451778401437100003328218536241486308628992653162317178001224682107551882808345556745099879008702271845609432542186052374025461956910081223835188792313702708997617202174009265555468473595301
7506265031385960226810683803654584348215410775237474740379063482545503713083459226272337789362171126926934530895376649362313737287707581193739823813019656399263978200300905719778964512082332204572797854584905674125575753214051227010101563978563814701329073494906766449661056568670348710231417677815782477626773817933593561312869835576847688007832583538312220992375906477712040666363107186364478204015069969564310832833754496267133728930747091759966875064990034721776797920192096898016076305846186610
9847959273136220951827287164183121038433298956299823423489052630626734804430924523338633635100183474517456233498204550519303300375103060143095476080151342596801680765701110002556526457264637299409857174199612908444721053567224423190254575737168118941295399916093037193833549195260596323702130837030862289424382187234152663135461946508039980567202271667080681141482955966899315920263222919558808577604581982567762230574693373447605688007937689801749163425221467907667378305088485984526350071329982441
5072097190259675792465119246850137004568432377627463141180786159208090262704679307193127635466159822974396775469768362610427897949055137392042320756999260072381401008510433156213828399075351471203861821572325975932985181461292008305190593079089550227360140780592679213679961346911608218662182832135308904445565875076231639152689232405317014515445291745966705855007196578547242476540412240497077023139654160306038133597202242526038100318727967401842254207778080414802754272389347102075007517499821396
5741081857737335006128411683530126202496674679141668415003933142629723920369165604351093814825310473869922862065781239970917594380140167995272344409254116468270191303663495522226819570056697575511167024590447701499519751218236131871354241167081682190617735689754521185861036151727005691753355784167317455160733265818401033130589031971590988430319207251659905267613872641454188215866509701865432028919242501815300603544456248426034084704303704560419580087744900986885021117792819092547929329902391555
6970433151583361989671203672487793125274695176086984271325240744760386328202284008588637089730092786518224502465086630918662762360308744025576357616644046351387089948109535794327393044386604583387712160307137073342977901933266528919526688784493619323683758676318958532898117145291963082951162576581059932829534347052238020428298831273264100997472907604814494038754438401959800129487184345648822013063744976465001205159563533878185535344745028884202098486664952089641826838733211341767297046489692930
5943730587968761827606644935611971756995570627881525931054544398201002331466297937607109499186892717934013618895314210026398778883094910769738497196748355258380917275861952007983558408241109350288577964554471569112599604224166849815461384028488557478555333891273146727517936623371465916372156260254896531561441658756076058777425257894283607918248732262446133634571546882044915713312777657988583764249524023909133844772055618279522419597870481492351958513762104979412440232464879855355685467420604853
3779854686876421068738183856237014251146754241620646611950222406978060680165044536085358550338886316312755474827110461647937918661471827903919208582819172861729369904782213226675131304497261312737704833419744038467418644361499200111347580821158565128003293515249822917855758017472632872695336855892316088050616053882204668374308933124492406316288976820710139290613361084386008918539655314344697869248108902302403953330411432465622937899421275293129498553975229965914596237478187262855465651044105159
4550279801538296120714436607140229918098045955206971444618416536162969362922870312369003315922735323441451859365669406707300551708315858836221191354081802174875260840013284851662906185050921311254469389360230606687524119346246185629030896382510695879885541545636692571933854093639586240647994374918346539243694613447568262210151433896452205824663489555052784157362644261172341682715298399817684764445469222798827959727103717068830260675981691150881958472030325540898966779254320071966009536277120434
1829069209541694511975027615151093235257771420590375259031669000248054691811229184831235784703051246796585544351128400812805600688168953826051123374710031867455913845525224362338596586944035874556782123894278018290552253360678691342527374433868599741404449345128609705410536889270293499847233659930921957134437556562198303823277476621613823420878616555133343317403192473388239593038069712613698719661182041184035471497720728280909360492877573300573910173089127148675415557777994456379167160224289110
1546810480602101975777660030628821205234220969613324894087490590724502214619244702894338651245181857052581304142753633063266126400801090330368176983248572478651318050821303830830928529699225018695739783152577992576969289684882279865296049002458943573801744168842280655156415541230345501542088750267918374436959170745618357881967945206007380686951614396990372643704046083130256574216824098576777562898447999480837449278890497328394466904401581082784166368415525661692528729961165763210441477360941593
6473659737301550601415852714003192506756971530516053496816226726226052201234132506784181433083522014107790833776229269330800199966140839223567078304187071597595244862482023819866175443963556345537304255175422580060952153531190699955607349886957135639312912034805656876366521291511988573102551028653357671225420957543537233126889032143772004241891259169004751645189078377660511806481673840036518571391965328584889740706804344424285932640317527468738441181367709959413639411416925634034911487928609012
1029847810294512974985499742837967819137422920509544534933264877927501564894792204277975860896851968783476282963601735653760504911964770050505925287803794685086658046829804927989034890123557085262979609606703177601473232127459942013161611270152273441085934081611506007986102240161927300725395827612043859507811926428107883834134703048765742987938623416853578217365085529161640438252923303497702065276686342662574852201164142591282386863280690543102470940987652307337067947108819053637315903552168253
1245570536211012441800736622276165428916030721703348009231628726939700335427452136166940858288623459154038217579590754198375280569802660133906217685760081023863292454552920231603163043891659821222397104440421816025472091851870005229657756914714297503630270127748666063074963720262931590305893987344119075082621717043925455623745235419646534806200544256012545874289359926636259202419256177210710532124574120849445998920556600834643131974095541871559184494447492577034193232283918081860505764686071151
6660482785751413774603187139843842741655976543033093361141487078919399314303997385016294642692894128062549393774617959916350152157976119496743881766408623365125887095578836589456698079572927991500498463438156441078642999873976044512022637167501968257178873509467032241447561389681823405494158507183973817672194507991710936709425124808094907249327320743591315316651525694888191580986305833884987971189678298315790707469401555218110897381234327360858441915643393177083905246716690020768207463419126221
4551120838024763685524445364440640703876729000593317365055137631704588782596948153066138469337231002607006334670176337776759246538067358240373628488037858797180970875437367688319350886078119147537558132069913609242573581026492360197319183183980495818719858520232759394474381081571218545505289944770868243764128686796832572751370216386749331791628968066136459318643851236891095379928880929454459717068371039080175644843875406985282646363123857510626523567500692374136059555846928154170095975556905769
9583951674858014780176000246052976420527781184887413595649696259300937406764269283033197814532933685081869427928529748926861581450369189143609763073257024962924739416919757487219794728493239908706772562008505515628692235663261277956177901401551655130062897303570277255542028353809547632742076156495574940483261931391012305992993858620840899896375758302164248211651807712209303109179340589218251050028495808773666636056437237951935543269538984606935172383206251830323020554602114865309276611162931713
7709903142017868334543789139552562247395551881320345832240734539426497103714605263788185819991595687534450238647964942084773952971221431798823697337065745014470168093047400343359997101295445589108147870115331798239506932808387700675776465535904665881453672707601556367829292575541217963295171545378383567592177311381447446212242609168320760557209043781362547709243138863897279730351810890815606538377743973334001991592600233095941874256893676771471703533825847272962516758248386428292510315297594049
0005582205959471483705945173758625318284781703173121909702103487741838917675322247363521960091928682669174966237938189056071460779248413681376379009640661126644146465923113658968734425882088884313433080360116088687202183707930106208668729934201367644429014945225205296511076083497169428869682994427751795384585918870451852860876530351633796735724931831618705550485687809733492087130416520127580478694248955846433990673123377716777393348131645780509867062850383769234734541287494117342674666019233432
1609744431998322820375330897380787684452443654416235634203297424334415629893817187034490295786060938002569384253758348181730208844773305690610581236575942922012492233049547843348949643728641337997280177642734670002993839089634551692125509008240108019774148372248533726266449450496941549231450197171984539368699983067973183539519911611020863990694232575958046244001840730906710362711131957734916779508363587292670105970017866719040004927468012546064796618063392150539982603657640806863043116359658736
8793195239801333167586619357988998192528952611516017420149534345796554731836890342444817448710911103954070033308573083068108723477818579731575074650000396146901244257263337997864675131863426405268783031848118029211730629265192019783598583894119547078394026496351049716975904177967851620992989530988294476359967808865054681144204794976703609706260527213360139660694763277716170973295798441929807109146351328492220883748798044503769778783442715389022242367264546997392677238738972913724477397609074548
8034861711143893733274375185360541472747516602238990595784276686525861335428425403925336827140715318783655921457029839564341493112892512438196506143291898293171988864647436059724789322865683112383057713949330492291816309861198324849627863596678480591273254228073758832192622742190534645765010208668582739220761459773659107222824159032773899285775573174546899069301405341591998485293057787828181471169201894581742979558404704823274715423702084213888572635040744480501442969261985693684536821404005505
2109114413114269422645235984275537530025978600351150215165298916021982573542227409354371688107503780359005258767777509885306905162592926418331048780416660979458436485965341441882837432284751198724772926444467054908945678273610824756402619037170711299559290253170631888963421868566393006895846465539225527895066508238924096464190022262318726482469259487722005864118484905385082359553506118998781451019327230412814704730569503456574133972348059690408823985549196932671888029920817004385697356166824641
2135283650275273332674686451384380470092759129946085676386826897108269314641086958893848859523776454977073710782099352161495782375975252520155731091666893093739623255513532360443402530151654960938421646818813298255218120254640932329293552177060132532987518392899434123813484945334066146346083154187057136139632344374567318599231530937697589274542330840938572519217800684382288797744823643273887314238953994711532097905929252136259883791694156326992516332823775129232199011826706939348772286354485954
8719095886496542392271053004694423766181145999572781151961308545324883097585809331000894195327498284944055459675478888421940478417254557200822989349234605255758872524057843674603332282062664848842111561483070825299026186212378874422154176459931270674450861116463500944234215080666152822842700208004444528301979655365463742358301057540504711223774952765772465840388461186418854278628638287925900369666688164657355996931590282127104121528330840419268066648073324026258517393076471361904419571414475461
6844661061347131334686122001251763911452243156579809562687888823814925694597011862998073906723376626959873081610233123118914999311943741875745062829610974120938887305092372959668034159709158599867808532139316319262511397370508890795003538837530376462738976860990170475447749659222929258779405871039468637143490949593002891617524788816138241787566848445814765025857455090223455809900114934806418350090602594761229079401334505551470590704139791442323023341425631102803023263058578383583179723599540762
3087028171770358351526618803904258179846905211045743595389630598849399857579916304652786289754603917186569203755848366044451184575614047356200232300902062573521233303095485487386598642191079810895783336196816604667752902489206478468610534597186881324668943789695141573729209016199806696159293006678221726689902947690516396247015962810272546423538345003134527028846355518987750786086257058666605650297492913797762104029469870162933446502463144727929257972919058436256287822930135048480537510988284495