500 499
2342213313332211123314142143342314444223413214323411331212311414224234424223223444421344314434241424424242313424124322422143411412413211134112342442112213342113133122244322231421134313231212223111133421424322241241321222433334313413131213221413232313321431114342113444413141121334114233342443242343242441441442212321423213124131133234223142411143213233441433134442314341143214144132442443123234441421144431231321442142213114414411311112131411214124313134122224243313224233142321233231443234323324132
2323344111311312431434213233113223234322324443243332311144223332313114214234312332111322233131412324233311313113341141412422444414241242241113432211441434222131411241442423213234313423443211434222122312443334323211122322244121343213422213243124434322231312242132313323114432122443131433221114211422332331132322143343422412331111224434424434334423321223121224334441234342222142212341441433334424434142213214441124114332331443344443221311242212442423243321123323112243323241441443322212141132123422313
1413214143443131121314313331214323434441322321114313234432331141114434134422314133433212243122114234434211142314123311224312432214143143232121241231122143111234334224121112143232114224434323322424224441312113333242144213344112214134133333411212343143414431241141134231311233411444444213113121223222231334111233412322423311141414433132141341432432144121321344121324142433232233422433332323123321143212421121331131241423414134443132121212341222141324144134444223442142234243241123232313321244333432234
1212134311312413224423212313414241143223212331242412141321414343142331123214243213214422441233322141332141133212133212333433234124421431423314142234422331424112311422321244241414142114424233314344444343324113433124443223411421422121122343142434431122313424344113444313222421243212421122444114143341122432142321342223243342414313333314343224422332442323441341213441444444111132344314242312321244122342442144243413444131342423224331134442422244134244222441332123442113421241212432421324232413144422124
3324342322323134241222123332424224341243431324241344232332121422424332144133223331342121314234334341231413443214431231124422331331234131133424342443413213441243424431123322231313111234133244233123312442212121344243144333143442323124324444431133423243114211143133331334423434113424243113314142211333332121343344343114222432442334132224142132131431443241244112321243142231111213432323232322313342244114242112111242112431233332132333234424214121241114442141142242111443113213434421432112244444334112114
3234221424323433341123323134422124114432134331334412122343224334414134114123124443321234341414443313231124444332244133121313212111321442132133434413122341313234442242312224311444444124242342411321232112121322233112224222243123224344234222132442142212333311141224332212213112124113244423134224414241443132431412423223313321121433121322342134133211133423124212244323131324341111331444223441214113433243332434143123314224214312124222322112341134214112134344123211122242342124443333321241214231431322244
2313243214144223121423424432132444221233224212214314424211413434333433113123334231414314214431232231144142434142231112442231412413243234141341111234434131131422214332233144342431123442141122221324431223244144124232441211211131411211424442144322124424333114241324313133413124211222311321312344323444312221124421423321424442241124433334331344311242231241114121132124112232321133432124422414313144412414322133334321413422212232131244214314142433221341141314413423312134411211133423332234432412111321231
2324343441312231123222214144121321422421223112341241422232314434211341213133411234322322441311212121311111331434432431134414111324133243312423444144123223221332224214124423213413231434411433133434441221443123342144421412213222324141321341111221331313421144321313214341134324424134214313443341333442413111333311221143124441422424114312223233244443214242113411233214232421342243421133422132211434414242321324132221142342221332414141313321233413243223311344144442141221113322224411341111113212442123122
1413413211314324214331342313241133313141234333412323123112144412244114444113441122233414233222132434421213312444311212341413331433213423441134311344431413214344231123144324243441423433213233121341213111121241343422311441222244211141142111232124142423133141244113343233434244333113131123121124112433214412344333222242143111421241321143224111141244432421121223222412231122434141212423343231132412432144213223211333211124311442113324344234321433211333332143413113243333411433413214312444113341231332244
1112311441422113233214441334314114141142424124333433223412412134323122134222334332332113323144311111241332441422213231241321322141223412424221232134242141142424211214234224422144221223213143122231141232141331121242332423123314313133144213133322141244322422134424113111412342123242244314411144422142411342334331432412114413311141224314343422423211331442222234244412334421213314341443431222124312434214332144413421421222333242434423324234334232333312243113232431424144411331411212233134313421444133132
4313442423224143321344213133241111122332113122132343323321213141241144413231442334141224211431111213114141124411422323334333113311321312222113434222234132342114433423241233221224314213243313114214313214331341411211311434112312234233122122111423131214314433223323111311424144133323111312333421233222214321331444332322231123344331141444241234311442233221131123113432124112421124121124134231124321144231144244313344441211422134411412314231124411344432143134222124423234322411244423211434323314131331423
3124434113234413332211243113444224311332242233332132112342343343222112311342142224144423444413232431413312314423133111221234324444131311443213111423433334342143342222211243334332444332131321314242334144231434221222411242143342411333121113213432442332142331413132223113212242332221333331332134323133134312131333123242143241414232232421314124434322412312241332343241132313243242412343143214312322444343313112111314223111113442213332113134421333442121314131241442223423121132244421232414343122343212242
2224422344314111434214112424314411341113412233212131323344344412113421222243432141341421431423142423244244213323322114124333121231132323433421114214113234241241442433113224444212142114123144244134421314421221344432434114434133233423111442222411143114331434134442214431121313231243433244333412434422243241214334424134231244321233141414142211323211324241113332333434223213212143241141131121323231113341211234342233444232341122131422433122331312232442343331141234444222333213344123343433132231221243214
2234124122344344112113212324143444244244112141224222434242234313344141232413232134223334124143422343343213343142422411241144313132333134241442441212244234224311434413223221241431233212211441242313411332134421114233212212123343414124123411233321324421223441423123131134413431133343222241441411241313411224111324231124324322312322144222141222421112324342421214444112111234134112332433113112444224211412333124311431341113121243341332441311424443444123243114122111142111423422333421434133433123433112424
1224314144313144122214411144211133412214333244232343222323323132123131431142432124344133423434131231321214414244444213412132224421114122141433234424433424241444422433223243223441141313241231331133212122313134233414444111214114314121241334414121331124411314242431122422143343343211441322431214314112433214223321444232111133114222422233323121221222233441212322422313211413443214311112121212322423413242221144124431144111313242324114423321311313311112443243223124131331211231312244234324113343142433342
2141444112441131131324323421442111331421131421334212143133144224232123143324133422343221312211234322323441312112432414322324242422234444444443431434343233432334133213242311334124121241224333342332333332122343441334142412333231111114233332442114431241241431142243341443213123311242341123333131244333421143413323323434223321431124441433112343223241144322143343313411421341443432333112343132133423112311333241143431222321232444432111412414111242121241214214444441444422144323221122133444211432432441323
4334344314443323341242224421232323422342412211322431142143333231224331423332141223222434124133241442211211311134433111411334323411432441321223132312123132213312414133334323411111432131142324331344242413211333341123432421444422412121144432241142132432242142424443323411221121342442443212214122122134312111142344123243233233144211442114424223324124222144111243212311333134321442112113332124244414123331341141143431333221332221423243222223241241123313331233323421111313114321141244441132333212214143414
4144124241441231131433242411442242322233133123122223413114221143113134244131341241142341422321432121243111132342414321134323221344112314123444433444214312441433131141424341122332313414132122233244414313143334422431111414324343134322242344322311333322334114133121313111241323222322131412424232444112112432233422333134133241234331223234423333233224243134143432112332134324412221323332334314212221242414411332224242321231443142423211122442441132221433432324322213333423333341222112231412232221321114132
2213123323341344124131211131214242412331341344134222111222423423214312123331412441232421213444244241411233331413423123134212132412342311231111231211432333344444142242434213141444343114341421211323431341111313214412131212223214233432113334224424144121422323431424344212422443221113141144331112314231431141431224143313142332122143412122331122133411314324334241422122244323311313444211131211424243232343431322441144143431444233434312411432312142334442234312231211144324213434124422222431332424431333441
2233421441144233221121424111241143414243222312433334242441333434423232223322432441434242324321142313132241242333244422411422142424111144412442132133433411221334222231111121441312143413232411314141422442324422333131242242433421242133414242433413321443211431342433323212313411332132213432314241423414332422224321412211221133232332333313133443433142233322234333211414234132132134442323112313344243242442412114231413112231441123414424243212432142343311441114332124324324121114121232434432432343424111113
4241224122332432342244432121113423332143311434131443134342134234412133234121311112233134241221222334213122223124224132311112314211334143342434244333313422134343114442242324142313242111444343334333343341244132441114414342122411322141441213143121431114232311242241234234442234324431422113222313223143112124431123223322211214332114411244212322242113411313131412213224143232314422343433224423144112224124344422414423222142214334423444111313111441341122324241134143233221421442321433422311214433321121342
2434143133442241232341413433232111111331241334213324314343424331131333222233342214214122242321343423334433324334343314324142144311341442441311314132241444333334342141233121132144313232422213314442414413212114134231112412232411413323431113343332324123341213312241443234244123133411314331233312211344412132342123421441422232444112232111431212424141343311224411134141344341224131244212223244234322132422212421132214143224243214421212433422342232444233331114222431323424231142134334333221411211121312132
2111322443431233333341334112123314343131121332431433422234213431434324244141233133114133133414322132323443123441321224442444332134432432231312443131344211413414344214134324244244324411243343221342333424232332244234241344331211331323121422122124141323133412244123231323312211423212214312423422141114323132244244313213233434141123213124344413432124441311224434342312444441321242421322242444343314423434141443131332431312424312334234311113424412244314244223124444231223334412414334243423312421124442131
4121131123313214243222243311344314144312111312223243222444442414242433222323344343241242114343222311121121341322144342143214323242131421231422444314321222332142321431421222424334432142444442132442213132223313324431224343323243322112232143112214421314123323441134441213222112221242324312111411342333134223414343231312113443132314421241333132332321431242234113224422123141322432412433132314222224112314434323132333413123221131322344413433414434322212334214243424314431313331222243133332441431132123234
4444411333222232133112434444121331214123212232442441421412322223133231222423123333441113323413442342214232212413214243331211142341231214412211112444144222411214213434321331131333422413213124323223344433341142312141322314332413231333443114443322341332444234221334123421434312132323134144424342324222323323421114144233443421324223413321323423232444334242124442223233432133343342322132212333332111224241444114211211214343241212213343331312332314111412133242313443343431214414341213242423344211133312311
3124234422422122333424111111324424131413423341144114112312324122312312341142123432133232232321234143441214141114233414333223334111412213423122242113434213241341311144433131414311332413223443343413144134124121142211413312443321112232113442111411434413411421344122221344133143324424322211113214434334124244421321241212211321341434234142134243423413143432112341413231413414211211112131221141141222323443342343123442344432231411424222342114242424133333123423221123122423233142323112213142342211134211314
3414224214412222413332331223124232321211211242423212111423141422434234422444431334314432321223324232122414312421414421414223443311123312312212323424224214441211411321344313114431313211412222224221332133341414434444214123343123111113442314133422434311211313411423234443222433322333413342331311222242242124423224131231433244444223131333312234432223214214142434131113243133314314434323323122111241423443431132322442321341314332224441432324141121331211324423421223324341422413233113142222431112113231222
3241111223323131324112443431421112231342213332341423111133214112313113331424131134122133214123231321234342123341421231114343344122133133112434444233121322344223211213133431213344142442334431123413442422432113333242133234444241234222412434432413232243412431413122114131144411444324242114233421321134221333344314113232412124344431411442131422442234131134321333124132112244214222334124331232213224212323121424222424421221124421333414134211313324421442341241442441441214441144413321313141431122132313233
3332312232142121334421322211111121231133224322114241233424241313331121423223432441232314431141232344232411244321434134423343232124224444133333142131434322442113213114332442242322211113434222333412223413441433333114143134433243223122314134444444421344214113444222131133412241433431213123421312133114444113241243142411141114331124432324412342243111344443333111121341144234122323433424444342341222444112333424421343311321131414133332113131314242123333314124441424144234311211124141233213413324121213144
3111313133422333242313113422143324111123334232422421421142332213231223121341242114332331343142141343323321334433423444323432241314324431311323142111124142224241434211313323133444212313434422434124142243124431244223313223222223423144114413132311343442114431112422132223344124222432134142123323221443324434222323434231233324112442223131211413232123333411224223211122141434312223311231424134412424133442142442434433114221442331223344423141331424124421333312223312124133422424124113234442331411233423142
4244423243311114114411344312221322424331312131142233443114343441121113344321441113243132221211111424133223112414344121143232431322123124123412222421322321114321143132423331433421421123114313414433214234313223322312443433124343413441111334441112443311214243421332312441341421422241233331423232214243134112421223432242441232441332414223131414412233342322443444123122144143223232112411114113224211424333412443213424414321422212324113114311121211234432141131442431311113431432243314113124114141213421322
4434224223444144134214214242221242312434443212314444332341131112123433233312134443112124441411433232442233414444232311324144242111142242231223414212312122312132424323322414144231231213442313321113234242122413243213132342234343133141243123311122243441134432442412322243212313323134134224331442322134312422113321321224124111344223234131232244341242113124342221243441111323311332434131441244444141342224222244412422422212432341343142143323113311424414143414332441111424214334124341242423344134313323222
1441443434232442421343421342433111122144142231441332134213111313141244224334444132441142213431423313314422132414321443211314132334334421324433314444411334112222232121421112343323131214442242244221321341122334321243242342142243224143224431141234222132413313112143213343132222324433142433224434424132344132414144343414221333324422334433123213311312122331243211132131322144241232433231232214233113142333342122423222344243212424442411344412332311211122342243424232223323143112421131422433141111233432432
3134123233222333133131144241213333321422122412344141211314144124124341414132432232124313424231234213431243311333213224441122313211312433414421241344213344114112234424414232144413343341121113223123112213231124223333241114222212334312344432121332443233123424444434123124343443344311223224343221232221412413124144124241422114144223422214321214143432134241134133422443414112331441112223221121434213341412311332131422222143133123234121122332211442421423334241412344114142144432414214322343231344342142411
2211334212424242422241214241413311331432121123232331442412422321222142141123443414314321142332133333114414124124143223324123222233343224443312222444212222214124143114214244443233243142344142432423214434344324143214312244344134242122113123333142124422322313114141314224413213344212131313333143321242121333244423121441144224112142343321134223111224211313324243222114223211211334222144242223231214141211441111333231211114323411222221322314323224333211144313414141444214322113111212123141423423342334131
3442113314132211224132223123324321344114332123412123421241132211424324312332324114232131344224114133443234313432322434132331424112142113143243113221434313423343124112114413414243112231341422312342323211111211343213423211421323421441312341412144431441132214144444222421112331221443343212444332444112444211223143423444432142113142314443123313332231112114443121211432421343134422123224212142334211324113321341412331111144122334422312233114221424232431433311431244141211314243442434434332242314221322212
4434434131212342443244421223444222314244124322121413144212232433144132411112412214343421131334333214342234211143414132144431131314443433313121313423233133241433233411324144213123344411444412331331411133214122211333344232224114224234121323233233134124433321443243234413243341312142123432221321242442211434134344424244344212241321122121442233121324211414214433421144332214443121143323424241414433413222431414114312224344124243441311112213414313431213133232322133312113222142431122321113433421344224131
2142334241442213243241111214322333134223434132124333433423131233422141432221233414242412341133211144413334433413244322242433343214324324324324341222214432424331122321223334223343443222441443311333433112244323334141332212333123132242442144122343342314242432214231211341141431134332111313344443344344444342313343343413114321423234434114423144241441132432342434122334131143222423122311233334114213133211234341211244241343133322323131343133133433143324413312124414134132243432141143442144144114213431421
4311141214414214141241144323221144313234114243131423433223433411431214411312121424313431332234211434323222334312412214444311423213314141411323132331243124342231132421232112133134334442344114211223132343132112224433242414441324411222321113113212224141114242224411432213442312424424441414414242114223142314442234334311211412114234242222231113221212342221221243441244434132444441311214221332423343424341142144324213443421132222233124331444433244141223123432333321211434322123231442243344221443112434214
3442344221133223141214344134431341431121421244142131244112113424314143142321144311132311234214412231331441143314224321234112142321434422213311244224231421114434341231414131221122423414442122144343312332344241122314433314241412233144341334113411442421441112123114221312333313344113432312334233144121131424314143133414342423212422233243242123232414334222112322221214314441241142342334114134121444213433333431213114411322321442121331142433411213132421341121244433331224322214121231333441334233423224334
4343411431231414132131132423444241141234334342133413112422313412313433112143132431331442424214231224312432124321413143434324344213341131221122311322424332212342323214234312112332113313423412233143322341311443132124424143442331421131244424424224221431234334233324211133331134433421423424424224441322331433122234414324242324124433423132143313214443212311442231114444134432414413242343324211411221142132233244233444132434242423133241312213333342313121444332214311421133134231242242233122444144312344133
2423323333111342243212143434144114422241444422422341243214332132113423141124123214423332444144333241111224244441214142233314334231332143133143221141344243422433434324333341343111142442422412432134211121134231134322123434343422224411311434124214124344111224142443323124431212113433231214224334132411144322412222442222232422434332334241231422241244422222412441244133232421313132411443341111343124241143231123121424424312212444434441133242223311231242441223443111232442342244444411334124324411141244431
1341331344124133243111144423111324322322332221113224211241432432111422214122222311112313222331422412343413314424333242132324414222243221312333442311122424233422334144333333223243432441233132243423133443332224133234121134134233333424243342311223414232343343411414423244313311142321413324332224233212331424443424123242423423422314234113413112334123433232343214332221444221113333414224331241223442244142132333414112111342143221232134223141311243231113132323434422112342341234234443113433214241431123141
1233111411344444422144112211241323424143221341233221233234123213314131234432133122411441231112312323231232213142221414143413223414332324214443413331411113412211422422342242341432114421433421313321124333211214121324343122413423432442342433332123322343441241143141442234242111412314231111211431321221222114212131332133321221423143341323112142444423321244422413233332134333313124411123312331112221244234422432444414111114124344111141212411211242214412324344413423331114411124341141443212323122412123312
3241234243433224323424421113244243342241241424442444421323143131411424244333223434212314232344411442143222142323434121132134342141442434333422121241241412341124231242234344234144333331232213222442444234234331144443322112242223233214332122411332313413423212441221322442212433441311244214241311411214344342431111311121121312122313211212214123223323422121414412322314433211322113114241422413221324141323412433433424213333333244121424112244233123433231434114244122334133112313231443334222423124324232422
4313143423343342231132241242123424431444241434421432143223444312212311224341422334134212334314413232122432414142221333123222424114131112324244143441224431422131314221231341424413134244431414313111221443112242113121243213424322131413214133441333111342432441132213224111242444222134123341131432133334132122134114333241213413124332422224242421111141332444241111343343111112424232442311223121232231211231444212333112221414444231233234223213144314214232114443323432432433143123411324214134223323234323314
2224221132121444144224213212222332222411131121244441244123234131432133443231434112414413233424222123324114342432241244122432142124324133241113333313424111231134111132322334314414444421124443323222133423422111422212214233132232221111234411234113142234413342321414341344441132421424231324444133313131414242323143332421241434334141331322212434331242222341232142412344423221112223334344114421331422432114343434422132423244331234334432132433343222342134243241322231132142343234133222421342414423333311333
3431114431123432233323332441231144313132443143212443211214244122223334432434321234243232314211134221133213124223213311443111332431341241423434144113334422223232314142443113324234244144133232233413414432323422331433232123433313142414241342243242241422131231132242341144433343144423311322322212121134322441131224314423211222222412233411431113111424243323424133242123422141134224334131441223241443334112141224324241134232341134414443423141432243431344243343321144412122224133423424244242333333124233134
1144243113342432222442224311243143212123311141143443431313441432341443412312314241232324214121412121312331441121224321232313344324412312411443314133434214421144241222321342444243231223212234112312311113341344332334214324342111433124132411222342311421213433124321311144243413411221233333412332243223421443331314114124321233313331411141422213333141442242324312311421221443431241432234412123143231441422213132112144211341411133224444114434212242143243323324411424242343124431312232243432121113414431124
3443213414333223411234321144331423421312332122221314124331441134411242412214314212211213422323124432422412414322431341422221112233332223112233312412342411113311224122341113342234423223214214341144412142442443242314134241441222132221414324343214133333421121343422434131142333241443324114114322313421224224233311443344324133123411143112443341123313313312114413121432322311212141134424132141123234422414144214111344133214234143214313143411321211414314443342211144233431331311322212123112421441221312341
2332211241211432232242434324312243422132131134124211414424234333132242113314341112324123413244313211112124331342121422412114244122123331111414242123133133241213412422112211441343332121443121232414333233333424233234243141143441123111332121122412112441312443412442344234424124241423424313233233431321412144331213234131243223431224341134224113123411413142143332224314212444243444321313244232314321123212432431232123134434432242223143214311242232331442123431331312313134113414133412331143141243243111432
3332231311332124232341124312323333231422121414442121144311424423141122443431324211312241423131222421331233413142412424334434411321332122413111143422422132432124414132124441311342412222312232412222143132312233421141344311121341241211411113234442424334312213441131223343311444431413431442444234322324331123243441341222134434324113124432343442212341233144124114233134331213341341224332213342334234444343222331242224231143431433322133244224131333332314343414122414432433434422444444224143413322312413322
3233431233443133213123332433143222144113214341312223433311114411122113313441141314342213341413313312422311224331223314313323414434414134134212113444434341131311342321141143134424143121214422213231332431434413213124434232331424221331123341414442413424421113413341314211333231421243132443132444211113321323333134141434344121143134332242433422144332232231341434241242443331422233344222321421313221131234434442444411212212444421243414241244331244112211241343242344123421433122424421244214114222213133442
4422134244321312221333412212312422343343421243444444322431422123423223211212141332432444234334333344112332432244122431314141243134133212222322132141111442134134143421141113414323342113334132244112411334411111423431332231324333411314241232343224321414412443411214123422223313344121413122333221343423443142224234331113122442344411444444233313411314414142241423431311432242413424434142314312134423244212322422141334414121213413121232411122314344424413112141434222431141142232313414312123224413244234112
4231414433323311432414413312134314113232134342443311214224444332442341411323212431422131123231221321111344134244443224233131434412412223322442244314111334113112244113413341121231422233221122343411243312212212242411343233244321121111243333124134233232334213123242312412413134312323331211123321441432112233342411142323123312421241211414444111213311133313311442341431422322331343141313412131321441111142432224233442432234444431334424421134222314133223221324123311434333323442231322234443144143123214432
2121413121334131333431333433123133234323113224441131411242313414234441324443312311343123343334213234433144343444211332412232241233111342321221231212213112423422444344312333112144414443334313421113321411432212141432133122231131341231334113113434334413412131142333411313213144141212444441121422344222141311214412214333144344312431434324231224122423341212421233321422213111121114314413422411223312222133144232422341124431224133112122131211314444134311421141412424332441142224223413111444222343324423243
3343213432142442314321333122322412242234443332132111433214233313431144344314234111314333231231113341321243413141212134114212211144432412134231132344342432323334324432224312444333112122243433141311224222311412121122132112414112222344241112432122432123111341241212332441314132214422232114422413323411142332321444342314123434444343312324224332441134412144243113421433231341211334114114243232414211141111221214443244124241114424244131211311344243132332111223313434221244224312432143333121322321213342224
2344332424342142332433243141112441413112122423134144442412122142222423114434444411423333322141223144232342221213222131414431212324333233341443231331234212122213313412233232431212223433243132242144313231332111324344121433423231341434313341133334211124223211244323421314412331322114232214444441232331213211233323241312331333221222411431323321324433324433223211134121324413221122222422231313243433323441443334143341213442431221114431423321221221234421233212212442411143244234144211323324143421141422343
4424322322423122343433234411233241134221231334442131432323434143412444431122421112413331243421141111144243412324134243434311233111143342442241323131434232221342414132123413312311243333124124121121224113244413422112223221134313421314412211134142414132112221121321221234212444344141134321433312322233411313121433213433431334122344321123333431314441423431144324443442332141334432224444112231313113211442223143413324311422424342212214121314412113313431224141343242234313443143222443133242113134333242432
4133411121112311323242242232411132424421222422331123224312134341234444141412313441141133244133141222313311244444133241414431121443313111434421221213214334111444114233432241133332411433441234214331232443442221142231324411311124114432421341233224441432433343334222222131234433431132421112324343143313212131241112341114241413344222422211432214424123311132232232412114123212412331231214232244322312433233422411112114132244421222144221434413144234314332411132334124144313433224143444431421312414422143314
2314323334224212432443132111321233133342234124112244433133341234132432132344121432443113441431211142413122142112411334421441434412121332312312324411133332114122414424313131134412323323214324134314142441222212331131334222423124443321332414242213224341211222444231334144234142444242124131421322442341433131422231343211413414424242121242433322122124443434412431444241322333141223432122132114111333342422141332223241214332321133323341313442434434132324143213341321134214124422344442313233134231442413131
3322432131123431144242222141434322441321112243113443331133231134433243422122343113114311312434443423334443433244231341222141344324432312311124331212211333112314444433441231243142331231322444142213132323143243212423124413114144313221222231414343243133134144442211133321231242243421223133311313311113432333143423441243311312413343434111424212233132112411211242223123314143111334332134211422331441134211233343432121224124424344143244311213243143412241222133244143222111234241441144242311114322433124223
3411444432444114233141333442443133132433344222332442213333131124332433234134434231112111122242114344324444312434421213113421343123413342443434132144314342434122241312332433323414312333242322111214341342243121444132112323134321442343312142424112313223341331142323434423342321444223323421233434224243314123241323134444143143424332133142143112433231343224321234123221323134121122341341244114411322313142222132442413241441232232234233414314344232221141421313423211441313112121111331142114212123334212113
2213233344221113131122413431321114112111242221412131444122112232423334432242314244331442313424431224411314124244223443222111311243214314143413113133113132324134124312311324341414422331324421214111242223142224223141442212341442113421314421113111343331141321211212233323332431441334332342322133213341124112414341142322443441331324232224322143123142223311443111432314112212212311241213331331211332421443122323422231444413212422321423113221312122344432333444112124244143212222244121121431324132434434144
2432322143121442142443322432234142332323124124431321144324344223322144224212324233244332414224243221322424243442331143341222122211422312443243434433233142233342324131131313133121222242442434422432241212123344233121113323131233422433444212434421133114121111334444331312314132434244422232213441332314422211244214322233242331314442344243321342143232133333134413134224221214321432222321244244423412444232141414122412212121212434133312111443214224333222112313223342142432312232123134423234223124112423114
4124443441422214333341442314441122431432112324112241124244423314222424131424421113131212131214341332111223223112324114424243241113441113324123432132231142234324221343131124124224334413324123121142412222334311222221414342421144332111431111443331111324133223242413411322212433311244241132113222212331422312133211334242441214241221241321311443213332224433313312333243342144432213444421132421123444312341423443211413234113232222212444111242423211211221223224112221323241322244431231323243223432122234414
3212121224423243331221413432124434441141133224331434433142224233232334214333123123323333421324112432114431344114224311343342421124323211132213444312212424121113114224234113123121411222331323121141234232243113443223334434243221414423442423123311123144132223321323112124324121124213433324213412133323433223123442231433243432323442221413314233234332134213321311413221112134223244143222342443242211414213223432232433322313232311143322143441214321332433143411131213123211111213244223244213121423343324121
2413131324421342114332121144332131132233112433324214411313231414211322422112434332442144231213141243234313142231313242434324124144424111323213342134243441443242144213421121233411131332442342214334342114314333124232422123243133313432344141143244341222422132132131431432222421142222122144243422423422113241244222341233243123243321323333433234244331224244424423213333113443122432423241124444422223414133213124421211241312343342423214331143323411142323442222232241232231123414332421244333433314334121113
4144141312212131213133323343341333111433313111244311431343314212311131432432142431432342411344221332424242313212222142111211342412442443312114142243311134221421111221332232114313414422143412134213114334213244434121323323334224311114423331112432224334434412422343214144414221223443122412434113322144412112232241331212412212224112442434341243313444121431211333322141111332313222123243234443332241211344424132433422341342223222341313442413332443412112221422333421143222141422241112122224411433313144311
4224343321333331434434433333421224423143423141442444412333231233331332441333111422143212442434412424341113411433234213422344144313121441331223121441314142224132123132221233444141412321343244412142133213333333343244112332214441312321111222143314241444444311143412412432432344212234123321322222333434122244243213321323443343222111324111231332342132113124441122141344221112333434324242434122431323433431434134334244434142311423233412111331111211313113321432231112212234431441323244333232131411142334112
2312343114234133411124411143244323131321111343432311321232343413312324114121414321413124331113333141324332214344414313343114411342334444331124212323141113133431111211222312232412143441233334234122122434223414212314434441411332223231321434421221322422142133231413111443414242333434233323342211134331131343343144414142424322332243113223344414424311234412142321444442224331321332422213342224344421113143121313232423131312343412324124114144224222423324134321131143322241421322414212322423333231414131431
1343211323342324442211342123442312143214111432112141333132342142431244113213144222434343324223414133324113313141314343343443122141322213121413341221242143111241232413141123431344133441434224324223413333223414432122242231133124143113243443114221413332342342412332441113114312143244412123433342424214311333232114132414222241314421144342141132442414314312343422431313213123121121141232122421411422312422323421421141233321314121122431414144213431414422342322131313444412143233444311124412121113331424123
3232141141431341121421313444312121244141312123332331231312112432144424133423141412343343231343241422112344444244111241242114241123343324333433421212121323232141414441121212131214312113223444324343211331224114121312242334331424334333143421111431231232144114322211344343144333341221311334413211141342313223242142441343412113443343214112211332314143431342223114222432434232214144214333141222444131113113114322314413331314423113443443423114224322324223111414314212323442422231224333432233341111414114223
2321314214311441323322343224124233223124344214421333121111141411212212344132124421223313223122221233424221312124111412223321223244222434241244424432124143133224233111412223331141342432113434142244424414142113423333431433421342433334314433433434133432131414111222443133222122424312431213114312342224323242311232321232232244241233312412321312311322333214131141333313241314424312431114443421222111111314314133234124223134221414113421431214124413413231344412214434314134212333441414344424241441332114423
1133223222234221324211122431233434311324434214413144324123322422321142243313334443222441341142341133444132133424424312232134444211144343432141433241213131433233132214421133414144223313214113414241134244134214444214421421111121332334413112213111214131114442133113342424211112221311243242422221312412441142323214211414343423344221443132214321124234221233144423344212142312214241111423244324431223131311321221131143232241442212312141323424243144434433111313242411331144331231131441134142124433221423442
1422332124323444214311421132131324241312132212411233244311434232442114211212133244314332334241214322331233314143341424243412121314243221322442333214332241141233124233311233321443321412224444332312212143432343424313313143212314243421211334311423134332334444143421434424113312141321423313124422422122214133242433242213141233443424111131124414114134133123441441444344433234312122343123411141424333123334333322422434432322442341232134232341344414131311322233411243124134414231113223343324443422214134441
2141423133112332242144234242211222243243124113124421112143422241113124234232233141444313113421341441444243331242322442334223442112344143323232244323441321434222234244221233133411314223124313142242244214233232133341443124314231324422342122324234211443311124434111344212411434312134221444424433231142122434242311312134332123322433134214243213232144311323242112343233124122211224211144224234443421113432444114221123241324132211314142442132213333343323433244112114141234431343242224132323111242234114113
2414132223113221313323242413242132223143124322211224432313421413424412432212431111242242332421121111234434141142213323241243233111221134322311123411321112212334114423113114113343324241131414314413324331311413433314422332322433112341144111214411144244241232413134422442332212144222112441224213324441141144334231342434414331331112411311242223431323432333132314424442422233433234234213223133132122432222221121314142213144313443143344221121312412224223422243433444213231434334212444324341224221321423331
4143441431234314312211244412241233223212343231213413431344234114224243413323311244231424123221222433333212212213332221423324313313442141324444133144144442111312423412342441233312133424141434223221421113133324423122211413443134221122244123431233312411134433241243142312432242211443341334312241143213413241141443434134114341441342411423231313124143132223232421133221112244244434141133222214321142134324423411334322443333321214423314421213231444113341311232214343341314232231121312244423112132232211441
1231213411211113121421343434423434114131211443414321324213113342422211411142212242111113411114334411231431313214123132114223232433234344343141342233122323234411424443341411213314334342213433321332241242234444311211324412333333224224323111112342134243322131132233213342411122114312124442143144234442243212132411431131241224133441122234431314224213332441121144124111334114331124212134113113333213411233413114231314142323113434434224324132133214312324233134112124143233142433342134331344311321423233234
4341133243331134432223124244234214342411433213423343131441411441411141111241431122142443332142434321223241323421143123331231334232432214131112124441441224322141331333323211121241121331112222434122331244133441312212444443113423313132231443324333332413332221412334331111122434113222441423213143411244423312144334432114232444313443232133244224314331114142241133431222413231222424141313334223134312432414441134241432411324411423211431243342421241244234311221111121333121344212344312124124132222321123214
4312242212414341414433331322114231343122243233413111111422321224114221113131343324224433212343122412312243214231132224423232412311442441214414431444114213244324114211143431443112412342131342124341323241133312332232114131141442212343342423341124432113443222442411333143334332112432411423414441342432124421444134232111444211233321333144411343121123121244134213313432424411221232231314213234244312424324223232233324332234342421133311314432231312343241242324414141223332244213433323343222443111312111323
3233131423112114431414134111132243112332424133342131214444334131222144211432444241124421131324314422132143232444233124444414231314424434144342211241334311144133112144124211114231231111324132421142112442322242322412342442423143323411333112342342422422434141312142132412442223433333331343332324122433314312413221214233424234442244123434244242442314334233211124443144334431323323142434241424213231341211133231441233211342342243121324323112114222323221321233231241322223444123324112321233323313114324114
3441222141442244233342442121143233342432231142413234111124314121413311432233231443211422134144222233142324122114221123433131442243332223111131112414221133224132242223214421323423422244211212114124442412434313121421233434232213222334133442242114434421133323433321234111333343324311142124322313431424442331422443122433413231113322133234423121223111241332343321213213413444132414314231331244214223112421241314343344244341131142431132133244413313223143341414341223423134114144141422113422343121313243213
3442132311342332334312221331212233223332432222413233111433214442134433131143133242442123124431133342324124244223412213422244421111332413212223423142341231234322311223231421242224212121311324432114122123111414233222242132241424343313313214444243413234131313431444112233431213413341422134212413224232213431311133331144141244231214224431334314433231344344444214233342333211213412344332332241112231434242433343123331124324133112314143324212422212141443434433221221322222144113343331211322222434143131231
3142224314314244114422322141221313111423342213422421441231412414414313132244224411322121133443231123134422331313124113314324324223324414442414324343211344134331421131321222313414314244244321243442443134424232221243313113244114331112131442323214443242423233311112333231413333114143414233243234131323333224444333111334134324332333224411331434311321113134321321134443432121231141123423131121242441434121434333224222443132411341241223422422213232111213211424311331342112432333443141123413111311213333311
1411432222341331411443144141323113412411134223411212211123142212143114242432132244241322132141332112241331333121142414233121314412221414344141321414231141311442334413233134334121442443434224243222211444112223211243214241344221343414233331341121413341321333241433331241123131332343314221414334243333332422243114444331122144241413121412321341112342244333331421414434214324111124314144322343322321213244344422234444243131243131112441222112211233411334131342113311231111233333131443333413221314334242234
4242231123123224314423433222341313331324244321341241242212233434124224213311232444142322234333334131142223333142133112114412241322324441421244344233441422334132331444333312431122442411234333443124444424121132224342141213444121311342341134424234422211142233244241413221342243241421221214243122312122411223422333312343333432123311344312223113212313442324422324122222144222334434434314242144311413214233241242411433121131341123243422411122424241214431243232244113233341423113234233241132423323331113213
3431313323322111321222212233113214322324341441212323141212431412441114241431232322114423131442143434413323243221111141444142424143223223211334242441132424344422233231311112412213121441213214211344213114311412321111414434332412321432411114124113113421432421411343422344233343411441224124411133244424331422212244112342342443333313222343443342423441424144323324431443123244142343134224143212342213311223433231422223421313241113413113314221423412313122432213321334322112421411133443234411132213224342412
3332431243332114142321331121412441141312113211212232343111124224143443313322241114232422222432131142411422314331413433343213424442441432322344331423433244433421233444133414141132114233213143422332322233432114433314244144111424221134344132244132231311211422143441312434132134211114121144321123324241113434224442121444143223221242221211324412344143132141231144144132241331344143312142442124423421113441113211134221141322222144411444433211113311314313134411221123113332114444133132434311142121114231334
1114312244433212334441123322244323314114123112141433441244341134223221121241212114142241132134231322132434434132443122234143222234112314242432322212211224413223443242344223444333413143134121442434332332413143341423224132344341233224124442141433132123434133212444441441133314144111133121133213312232123423111323343142444144114414311143423122113244423211133233442431423142343211443122211423132111124344314444414434224214133323133143144241243112211421441221432433314444231233123424142322224222443234412
2433334213442213122332144121323231342143334413112423423314423321432214333241243222133121132132441432143141321243443112131342324413344122212111223414231342432124121313414312134441444243233111414221442224323111133312231334241243444423344232134144322131323344244214211432233323413233223113331131334343321243432433133234233221424124143341234212133424344423413131213423231121441111311341124444413141324133241232122324242332134234342344321323243431443131311241344122441221213243322114214244312132244242233
3312311131413343212114122221413412324112321431214441114222332431111332243214211422223134411434343424322444132323124124331441221313234111113413122343313423341222441241143114432113111321311114212421314423312213432343444124214212233444332223442444342314343134243212322131442324434233434314113144444433323144423441413223113133213413121141344313123343321124144432132334433313433433444434214241411324442213331222434444214111112312341112444233424413132411332324113232241213322313412312431443214321333432311
1312222424134333343123442121134444312244114432334441414224441344124231411222221142313412214434244141343141441341324111322331431413233312123422313144343222423421342232244223232121132213414431134442133221134243334442423131322341131442332433234313144134142133444424222142234134411234113132413321322231144112144111111222423433332134232144133243444142312412233441324133423343444221441333424241243213243421413113344113332144244323331424311134321142432414214314231332214444412413432324144441322213113343442
3233242242433413113324333411331211122123421342211133444131333214243213313234433232334322412134124342242111231334312312441434131434112214413121424412143232222222323223211212131144112424144342233442434121223141213422341132114134443334443431244421211444322333421131123322333222341114142112411232321334334332432211342442423133312334344113121222412332331324113321123411411434131441412144344122333332223233211312331122413141322442344141331442234213211121144341212144214422431342323432222312143314334144132
4222112111331244143142114114132143433422333321411412114444422134434412214114422333313121142412132112211322344433134312223341234114123112334424132121111341414313123341231334343132433434312243413423121442241322432221241312443243441323311431312334311344333141411234212222341441211242214422241212242241222324424424414112233113222443421442123441233322143122212334212342311413343343322432424342134233442441432222143222241233133141241412434123124423224333131143334321213234114213341433423331342322411344422
4113433311244413222242414343124233142423311132333123224434124411211411132411444242321114211432334112413332444431431211321133132231432433324414223331134111341413414234342112323113323432432411342214321324242322132323144321134334141223341121311432433124143134432422242224112243434121411213213211322342212221414212123422234312422142431222442211214421222112243111222333443123422413242314434212214341443133214131324114322312241113424321112111311334342243324112143114224224122423222143332441214421434123241
4311343433322431243114112234414333142222212223332444134123433321232321224131334343233133334334312214311432333412131221314411223442443234434333332411443244231243432112244433441214232323224434121131434423312313323223413242234321342244331321333422424131121242214412331424222114233114423133422224142322441313133313142331431414341321323321334212444143444423323321331231423313114422241222132134344114223444423433412313424244443334434133141234331224431331312121244323433141214142113141242122333322431133244
1141342111341233213224144341123132114233111341114143224121121214111141211314412233134323432333442321413224242412123114122321322322133143113121132443313423314423342224144313223113222413242311142241131332321421131243432144221443442233421311242413224122324132321241214121333144214333413333123224342131434233442431132421221243112442221433441143334131432432424241331313212321121133213333111433123213241132113434234123223112441423441241413111442413231124333134333224314431142132332431313112232242331134221
4233222433313241131121213214442222221441324324142141133431334242232113141211111423134213433424424144123313442144442343411331331242214231441413331133322112414114412331411334134321244231433443233313424231341144212122343212314332334422323231114242132411144124234123212222112243242122331441243144132244233434231212242433422224122431121433333112443334443222322242423414442224224444332114313143122434432313142431342234434241341244333242422232423414442421413422212412334224313232114123312114323421342434132
2433442443324422412434342234242444413124222233411113434223243423244221242112431331432422233142222312334214122312414221142114313122234223121422112224311421131141223442111131132332424312114333331131343412112313214432422111343121313312212333332234413412212144332224112131343311211311133412241413421341434121411144123424311414243234442333332222312432413114141132144133232133334243343422221133421324332122432132421141213132314432311313432212214414121332134411444223121423121233334331433121244432323114443
4141211122323233443213443333431142431342322333222422422111333214442222323113214124133144144212233242342332222421111241431344421443334224343243142423112441143123341112433321122444143331223312133212132441334342212232123114211334313232324442211112132124343312321444131112321223232433213433242212433441313131411213122241414242311413433134113114243341221224423342231312422411443332314224331311324112223123144414411221333423114112332324211143133334324422432224433122414144112323342313414411141441333322141
1111321224224113321121423132331234323414224233332421321243312312432331224412434323213314113242121223133223342221443234441423222132431241213443244333213131433443431322213434423223324121113322313421424422421242341132413134321121241244341132442213142213111412334131112444232333341424342442223223114423231433324211134123314431312324312121432342324133423123141243321313222334231342134243423334434412113213413313232133411444241211132444431411141112111111321423243113111341313214113242412434332324324122312
4442212322221311414231234242222233233322323312323411132331114341444341121212224124422322111233223421211423331142412132232221412134213344342442134233144142412134323413423231421141121321331243124134424124243313441432214421134112311433114112143433413441313331413134311143443134441422233114134333243123142122121413213233333423143333322221444124244223133444244133433114243124212231124121123333333444321431414422331123313432134242222132343113121412143111134423422421322123232141324134233412342233334132324
1323334431123144143441123411434232311221143141434242343411433141441224144323224444242444412432141434441332433314214121332433234311324232441124221143233113144242144312212222221414122144224444322413342222223434334443143143332124233324333431111342313241112321123234143132343133324341121233423132212311331132134144214141323133142431444431242411133331324233141123213244132331231431441213342141131331242433314312424324333122232221124112423322233331111233242122434111411213134331423342113121423233221122212
2344324342411232223223321311442312323431223343411134433412122244423121424211233334223414433431322432111143222241341121133232331312223331333234214214121312213134142212412344412313412333344422322441332241411232222113323331334422133214342231441113323132222131241312144411223243111442212224223243213412214334233221313423342241321113321234321431224431314314223213414231141141324212244142243244142244314144134411443414244144344411113121211314134244441311212421113111232423423444224221214241424434332242441
3141311242312433333213333221413124212322121223122222313221141312311143414413133222443142334443332432142312224423422142133322343113443441123314414333233423214314114412342213122134112142223232323444344443214233211334342443123232314434243114443212432121422243412434323313121411133321314241332132233232431132334241141212231432423321423234342322443211422443313141241231413434443123432133242231144312123113342112343222231241121311312333112133332114131111332344213243314231234133321444342243114312111433221
4314334442231213323242422134231323142134234323413214113412344421113424443123341421232444314421334432243124242233341122312211441312322243122123233123434121321422421123124442123113313341443232113241243133344243343433213412243333111221312232134121331312224422113134242224312331144422231433143431131413411131343232344111111211314332232324431322234131133141212441242311144242442412413414224423212214241113334213141441244343243211334121144223334413341334431324212343111233114233321131213242321143331423242
3243313444432344231412341311132224121343111411432113322211213244314334224223231343132241213211323232224144112333433411323141134242134244123444112443432124212323113223123142131434331223213313242314213231222233334214123141423333444132234341223133342441344413321343242232244331312221121211332133133243134333112413214214314422241441224134341114234322113324114312433424211212112213341414344433124244331131333413244411443132331344443334241322343314233112433432111132212444244111422243223332421412444311222
4412144231232444121241124314212122432431222234233132411212324311311244432442244234332314431441421144132243434212132141234241321242114244231344222314213233231211223141112211243232324341222244313344444322132242231121232111334114142412441123212213241224432414431444421111133213342331142112432332121441113411124142141411113142143443234233224333313431221244232111431313121334134214112233233344232443442413142431413321334213444432442313324211441221243444231433233314322322441123343332432211414432212441141
1143132241232444414244443213423243342442432324231242422144112134141212433212211114221212234212114414244443143243114334444332321314421333113113343321341314244313422333413212412311141311331341131233332112141244241312134432134141113243433114343422324331341144231123133341432434212334333222314431423114123324314124312121243412324241223142113231242134322134334244141122131324422241321442331213422144242144342233311412121223434443334234242313113234431131321424421242231142331412233422444423414344424141244
2442313142443111432214313144413244211213124221324233233314111322232441231342242333432344331322334414331324442213111422213314331411211141212314212314322224322233322424422413432322234212131132131442133234113344433141423344334144432342442332441424122233444312411111222122312413442442341433222322311344224241142122124334143314242331231223244142344233112432434332332214122432311124232232214414322122133123341331213142413213124424343122341441221121241334124323343312432444433141412324411314321141232342322
4213433344444111241432211314112141414112342112143113123233324331123244224443231312342411114414343141133423213222333312222412234111441244331134333431114333222142412321434422111131212143121342341241332123211242121341432442433123344143443131132212411422133441213441342234142123242213212132231341414212122444143433112314222214131343224223311114324121312213433422313442321323214312133242132323222313413132142414331422323444131342421414224122342443412344212341311444433412113214322133134123334344343424341
2233314123133341423221234122113134333222133223232422143331431313324421112423434241123221231333311232144144442213433244131133141224142334244213123412312424343212331213244412243441242334232434241222124123124121121141241431341424413121121343232132313343111321142221213241142431322121234411314223241211241134432322142141314312323331131224313311233134113442233221421442234321121221241332144233343111332411321444341123232433424114324432124121224444123431342221414412213234333122414412323343221212411421414
1322433112322242241443341334113414324323323322424444114322231311321243234333233121221433224212441422411111242432234333134434313421323332411211124124311233442323124411144213234141243333232132421223344324342211311112323224321321411424234411112122432224212133234413123323343413321322434112133122341211222222324141324131131221324333133134344141212223413212233222124343414241441443144232223434112441314222222212242244431341432121324313412414111122213144122411313443424324112414424223144231133344434143221
4323332121113142141131124414131223412213343212121431333444231343224214323413133324312111414443343123124212343314141134114333333211212442333334442334242324443442244331322412324322221413321214342334411422243214113314223412123124413221234114122111222122321343332233311323421244411411444224434224231442134442242112142333142342411421144332434213434323213131212243423112224321341244443431124112332332342243343333222134433331224113144324131344242132444331443411333133421421223134221412322414213124422332423
2411143442334424231311411142341312324341242333331312134214313133111421313323322414314231313243334412444134443244133124212323233343413241432133232221412444422322411343311333114213121411344434143344234441142313222341414344433333344131131211333413223222222334444132234342211414443234443412332132431334313121242142143413331423244332333241334243122143123123143343442442442123122133332314422443422231442444314143444213342141132142114324112222131233212334441224433233111411412213421133314222113431442224412
2342441131134321313121322113111213214411144133443111134144213113231232322414223121344323313142424412344232444322442314213333113332424332412433242132444111114144331141314434331341314141322431132134122223322333113212121221344142122331341434443114121422232222444214321312324123234434141142423241112432131414121233123341241114412422142142144344231142342441444231122311133324132434434214142441422333312243143121142331112343112344343441213142131114312344134114243313341321311222424232123222421324111122141
1214144414421123212211131411322131224322221142111312241132233223141131432332333443241341431234232323243333333132342312424433412434242132214132332133441233344134121331441412413143131322234233143133413323141223442412234323421212434322422144421213244333413122113214121342222444442232314114224442314442244124321314434412231431234134134241423213421243332412244343443323241124314322411234333131224423343132244223324243113341323441221423311432113331443224223123414133141111441131123214432211441442122132442
1124432414231143442121232324214112314122211124222114212324222131221443142342321332234442422314222112414433343433123114121233234314332332434332241231243223133323241243411443121344221433443211213311212223131124444444122244341244424334423444434423343121311433113231334132341134141231323444434224444111433144222144332421123313233143124142332224242342244231212241242314243243323131421212131412142243144132132423113141314323344423124421442241431123144441323142142114344431314344312234433112432241233313233
3423434433313313232114144441134314214243122241143213212124124142334423142444341323114123412242343442332344214214332313422321443141421223112324443124122331233133424311343311344234444324414413444422141242314113221244211131231124123421314232134134344234234433444333242241433131213441241213133231441114224422323223114241213234313333241223332343342311121331312143223212411131224241234323131241433223412131421212412124231423213212133213334342312344334334444224313223444212231113133144224244221232414242123
1141113222222411443234311444343344242133443411343421141131433231433144134222122233133343133141241114431233212312311124114323444421314341233432343214433424442243212134141141212411124411232222231423323223134421411312314431421413243132112112423333444144343141432423422134312414141434144331124421242324241442141114211223314242334232323444122312123212414223341143323142133343232221212142421422321122113412314344341441113232343413332213243414333422233112342321421421112133232141342122423211131114231241233
3231122324142322343344132444443233222434222433343133132121441332414324232322441142314342432312444231431322124344444133231211422123221441231422223434344341234141131431213333332433143123221334322332433123231441233243141222112144333111444344323244241323222131341124424312113333432231432342241312144432232231244221331113144342412343242134443331341322444113422243312443413224224433442222343313444224323413434222423211233133113442132214142343121144134414213232224122422321413313133111411222124423244211323
1431214443233214223411133312213113242433212443313133334222342244112441123431211143141432442224221112211342434113222312444332314142223243243334232341212331334213132233242421213442212123442122132243413442213331313443341232331443112331211241332413414111443221142221442443314223431442443134132212414114424131123333232223411223424431331313211431244413114342231444414443324422321321231113424312444233122212443143114113243222432244311123422242143143111433224241244243434422122321323313312142224333242124133
3122342223331343132332332114423311121223321333221311112113133331332422223114222431422413232121341443414224131433421343342212334412322331121442223331333141424241311313121211312142224132412414433111124121223111133431144333422241412333431223424231311111413122424323442111324123324134232144232421132122442321423111322333232111323424324421133234231332124443232332422221122114224313234424334344242331322244422223221421144412134123232334424332222241132423224122333313333123131442223222314243123244142421312
3421314112411142411233444411414242221342112424244131142234123314211212441334332212221142324233344342222412111431123211214123214411422222122334434422441414133141242121131341432322133412433444341214224332112411111122413331123334224333344333444124343211121331211133141423133112213121242314211314444213444122113313314444412314214332414441213231344221331143141312344334422443311343343433141414142243422242234321322311114421321144443114321132424434112144321223333133113211121244121243223232143424143443343
3124224424414424311432232332424423414213121112144133121333121241333421212232333231244321413211123432121323312421142231213424424423142333344331144321323442314142344312314311232323312442123422311223342234413344411411322431321222343214114143242311134413214323424444222314123321412443111231243423434424221221441431113222144344133433221441244141221424341344143443132221442312232123342314133313233423244233422342333314421244343231344131324312212213121413213422311423133344331114243442412412124121133443432
1243423243311122331244244123314213113224142134143224334243122441134442222443341331221441411223124133133341232212334313221131133343142114342444242112122112211431242323213134323442221241323134331133224231113113314341431343144314214322113111111224232211444111232232234111244311334344131221443443431231131314243134424423412212211113344443444324444323423412141442132112343433324233123341224434433422214443134114413243132242331311141133123124124121224241312211124124341334122124423144422431322344123243143
2424411343214214412311421142321331232212113134341434442111144314423443123112412224324311421343342414234341131432243342442344321144343111414432131244131224122413412142123113141132213443444414332243131433121421123113221224342443133241211121222144233443112211234213134221423241132411323311111322231234334332124211142234313433434442123341234241442322323133421133221332214232313344124333432122113412431313123213132233222243443324112112444232212231241111214221121324432431422434324214213243333211422431332
3411113144124123241231213132131322434222333124332342234414123134134313343232444334441131222131311223321332314431133122424242144132441341323333432314141142123144213432111222233331242414221242144134124344333142412443321212231313144414112121332423233314412214243411312324242311113124233441422132242312211124442222432231114334211214442133442214121221244134122212112443422141324311441232141414231231111412443323234322411233112241222342431144323432343412413114342414224113324232324232331213333112243331434
2411313222214432214314131231413243434422113442421243123411411143213143333123233314114124131432112323444443332413213133112314421444332111221442324334213143111111224232241342311144312232332424421212222124423313421412444111344222232324232323434442243244123243211233322233323414322442423413122321122131123132133142143343421211144223143221412414133421341332422321314411214113142241412224142344323124242233131114123324234442244314342432231332343432433324242331214342313242431241212312212113332431124324424
3133244444412123331144312124113234331321142144121212313224313331112212322214334414442231444231312242432323233421311244231422213421223314434332443233221412112121221243121434142423144444233431131113334134211323422431321343112111344341231423222441124311112343134312241222134313424124213123111144124422132111131333341134134331134324432413332144141214324332314121414141124314343343112421123112334241143313243431321331441211314222441211121432113341232323144222134223231233224434123432123132321211114134244
1422114111231143123141444343341421333324413232113322233412433232333412244232333443122112312432423322122333211321244131422223331234123333312443331122434132434432443222434111322113413142214434312311112112221423422234311243312412134222434134312412434342231344242224331113441134443434342311144241433434331432414222441422134112241141432131323333434342421111432313111213222342432334122414413222221324213233312131222231343244311332413414312131332342124444242332241144121434243143422344231232344441212144322
2234143141323214344444133434432221241313343343224423412432414411124311224143414321441421233422241212133142132113342321123223141423442424321443243231312243414341324343324143111432414131333234443313221441444111211444213431444112121221323112414244221122234212411413322221414312313444434212421334122421233233424221244142321431432221311231311414122331343333311442112334224322244113234414431314114433144323224142324411331121334314221233134424321212134444414144424422114242431123312342121422442112413112431
3141112121421114223422321233314123443134431133124213422332433432211213341141122111424114244113232312332222112324213132112321221131233244441311431113114333414312424423213412232133321223434423222411322241213344333432422124211312434111413322323342112432411234412241243224134143311214224211111311123231234243221442313144242113212144113141243124322433244231133144111422344132211221431421311244344123141314234434443124431414223411224311121131342213244232213234344113211334334114234313112342432224222344131
4131113113424322342433214111122133123214211441324322411332211443312122333311144332133241323212432421342334131244134334223242414434133122414112224423333411212323342211224144234312122412133323224323231222142433332342443332432111111431134124432324234344422144442214342214113421321144112341233314144112112343232134412421212422422142334413313112333413132212141132333143341443241321214423114212123131311411413314134414344322212344331433434431132233131414414223131333134214113133222143344221323441132432324
3323241342133442142123234111143222333312211341321241311132124122212233131212321334121244124313334444113323333223121143144332323243414112322213341124424214233113242444434224314114322121432134214234131231213211233431244221144414112242222133314131342214414142314444321343331341111414243342241214422111323421242421124344443442141122123412311241312323232431443222122421211112113213121131114244242224322234343233413142432223344333322124333323431143113312331232124214343431223333311221432311234231114311214
3224143422341133413244341132444121311223322412432431123243342342234333114413133221434413321233324222323324313342134113131242121423211424232124423432443342214232424231131434131413333121314212343441122344222132414124224423222343144323432441343322124423432344211414323443434424223312111234344342131424241422121311123324243431213422431141312342233111324211432323413142412223144311142342321213411243242332433314412234334411234324342143413114123441343332242244444224312333413143132422421332341224431432214
1213324233433232233234441214441444121114223214313322413334233213122111221411413333414244242241112422224123332124433311134441244213314314233313344413211311321233143443324243131222432242241421444132221114121213342111233423141141344412443114421221313212132232241242424222221133221142421134434221334114421341342441143233333424212231242213113113224234443312444131111121422244123343243232231432432141231321224113422112441214443442314241314134433211422343434212434143312212223234434433434423421431441242144
3223314423132312114213132311431234113314243432212142422311333141424333123223231132344211141342211143244112122244231141211334311134222233322114122432414132211221112414141343313342431331141341143312423133341212223133321412433114244142211123443134314232212222133234441131314432334143313223444221111143214334421323231221123323323431233124224241111223111433131221423343211132343413323234234222141431223132134131421213444314413211433243434331434142431433232321212114123422443113322112223431422312321342244
3324432332441221114331211214443132433134413433434343424422441311144311422131222441322233344234441113214334343213424242231231422444144331422431221331423433231221211332122211144312144113431241311313332314314431144142143233214244111213334431311214344133313311421422111213431442312232134121421414222222122323114111312421421133342143244422411434123131411124332424111124424314134424342323222212342211124242121341323224232211221423334341221234332243244213241144334143334131232212412433313222121312121134133
3343414121131212421422443121222421122444333431221231143311443143224312423322132433431423434123321134122244213214332111433421444223222222424122322141323234341424314124211231214313443343431224144431123443411231424213314443331213144331112233233312223412342322334341144234311314324133242221321343331434423411344111221124433331424422124324322211134423233324224343344443314232243144412443323344111121133241211333144344234133121221324332242423331341332143321231443443334412121422233232212222323413333323344
2324412414211144222241324243242431412412112312233324122113411421313341112213211444124113124114224322331131224231332131134332212422343242412322333313331234232244344331113111132212224123343231324142411112333423441444432244112343132212142221141424422142122234221324443222423314221432442334223321214322422312413212232134133212423322241332422444123312211313312432111133323132143242234421324221131231133443131333444241142212342114143432121343211444212212422424332342342432311331331143341332212341324443231
3243313221411433112314123411121422324122332134232321432443112233123131142242413343331421111431341433233131443411342411111321412313341441144234312334114243112211322233233411341421344234323314334324114222224443221143121312114142444134221144434341233442323232123222334143311323231212324321141413433313331212233342342432112412121411423432231444442124334243123342321314442122312313213131312413434412344242132424341422133412311422143332312312134221121434234341442312142132441411242314214224324212111333341
2232342223144131212134123344233334231233213311143411121131232211243342131314341424143432313331111243314223324444244243244112433114133332312131112122323231234134211134333332323433331311342423331131311331443313441432332324241324411223321414234321331413241344242231341142311111444123233343421313424242212342443311413322223241312242113124112412211443143334222332422423442243324413122323444231314112113241234311433232323343213222224224433222233221113333112324112422333112322343243424312142334434141334444
2233212224231121223213221342124133344432343433423443341234221224344311244422422342424222123122343232312244241341413132233414411141314324223113332332123422324331411411442321314421341134132343413111434112322144243313221224421144334232241431443413231234213243131144111141224342144332232442341241413223342132424412313321234343323444323122321423423313412114334311114132424444234441313244124111141121221233234241412223314112113422121441342214434242433211423344244131234443214314321322322413343123432224114
2141412344223113413313331423312223434411122412231111434231221133412421241414444413342211411313112144111342343244414123243122143214422134234124142331211121234311412113444332223221121434121343243412122311414321441412111232341411234312144432121233142322213223322312323141141343332122424243223223343333222133231123323122412414341334323214213244312134112134443113324221233142334344334424321214214323421433442221341344233443111113142232413442244111232124344321331342313334141434243323222224414424412442413
3133134133141432231121114422311413211343244234233143323433432122112212431411132243444111414331434143121323243321313432431242424321244213333222132433213423444331111444313223241431213242341244142234313443331111321231341132143313342413434443441123323212311323112232242212332341411111221342312242142412211114444142422234234233344413312234312311133242141342424223424344421221444423324424313132143411441343341114444412134434411411314112113414422322323213111111231242314311221412423211113134212443321434332
3434434233241423434312443343241331244444143421311324131133222422432211314424234212123413233133434113412143111214144241411444142231421332134224222231341134442311433124424413443413344333334424224234314411233442113442414344223334342114143114232114224423333342312432243113324241414444412231224343431421221133441322224433133414314123323421343213332441441342213113114322432234134334324443312114211332112421443311231124223222122434114123232313142313442121124113241411232231111224411233312412332143131123421
3422231123412143143132342442323312342132234443213332434131212214342321413124211241224311424324321323343124211311112114342343422132113244324234242243142223143132233431144214414334221214142333311411332221113313233331244421113333134332141413411134433342142134113244431422133141134322333341131333432242333211324242111234114323134232242123223332221341132224424331414223332231123232112344312233222433141323121441331232111231143132443443242333441231422242114321232414233424123441333411213324442121242114221
2141324242321122141233313414232131323212343441133233433234113322132331244413332222143231234113341144212323344342141443243331431212222313213121443122234141424133243233112311211112424134412223322112442413222414411142122312111211242232232141422123141434411344112332442442224413141124121222142323231342342114131434344441243424223133341242232421214144243121123341131424242432321433111241322131343421122432223434324322211112244244114321134223444332334341313141212341312343422443141442424433121114141343341
3241322233441114333231243442222444434111324321124341224232331243311441433311311421444214233121314344332414324421324312443111141231232114114333212234144444314331332424411231232143432114222241143411222413334412221412342121223311114341421312123124321433434244241422314433111223123432442132323323132114133121323243223431111434311313213421244443212231131234231114342241423142241421132214321113341341242411443324134322144431141313224321121142133233233313331413212222311234112213314112444234214323343431424
4222113211422424141223112213211213341142232434322424124343413433214443324214313131244412123431232324411331414444342131322334321431232412441431141442441332223412124433332114444312411231423311432212431314422222114433214134142413334411323344434421324312113423232323121432413114212412441131423344423411423234333114233434342434322113141421344231231312111123214234213142112231243214141214323432222133442124331442332411212223434231331111311211424313433122224121424234233424134144212332342443341212441331123
4444413212143322123424221344422344122414411422222414214414231121143233114422144342444121323332241243214413124324244442441324324414134211124414111231232432423431413241444411444144121423314323244344144143341421224222321241222212143244212444342323223134423143243313242413133144223414422111322433443224322431342313422133443423332234142222332314433322211141411314443342331431213323112134321414224221311311321134232241441233442122132111223132121224113213341311443423221124233343211242324133222112313244142
3144422412122434124233144121422233211313442344331312443444223431433234343144442221223323211411233341224443343131224423142221213442112124124241313133311113311112113111322422131134341141122442143113243324224144132243133131311233223234342322221311321231241414223114312324324441231221424333314413121432113423221243211133114314333241321444314221112331112312224234113312323344413124134234143322434434241124132431142434333444334141441124414331312211244334134411321123212333222342431214232321321124322441324
4414332143322133122134341241224124432333324321133342321121124124111311242233412444324212342244324221312124313121142431223414231213213424233232421443244442122133142241224443144234424422324132212231132411143323224141223242434132214414234232413214321241243321241322321343334422241123442431311321324112222431212121421223113224143223422232134121424114243311432211213134432122334134141132341314311323144333242234221223342411244212122221122343421141432341412232223421341434114332431221422212212142324413312
1232324244423444241114112212433311143121343424223141244434412331431131112434414332132413241223344133122111112332312131343432211433414134311412114213314234232242211443231111114312111331143342431412123214342412221421134133222243231423341133243324322111223121443433444442444233141421132232311321223232331444211314232333441324214422134212214241311114333224112111412422344324443131244223414311144332341442331132411411332333144141332413133222111223311312214134212234441241423121113341141214143134111444131
4133144314233313244322244231312143124111444443241344112311311114322213332212341233113411434143131211144444131114333413232232431114331144344141413444321312131321213124212434443244141344133132221414412142421123132344243243343123423134132344142434121313122411331323143221134131413434324214222212113243443333422141242213333332211121413224222312342131222122142233333331324443314212321242324212243142433133323331232221111343144441242344422433432124232412132113133322244413133113441413111414332334332313343
2243212342123242413442434144431344441134343312411442444333443323433321121314433213311124444214444431423422413432422224122343321212234124312113424211424412432214411424434142133341213341334442211231343421322222234432131112122121421232314431423344244344211134143144321424111142143334244132113434323332322142344243134324443312313232231214233212212132242311341322333143142412222433433144323312241232424324412342121212421432312344213133112242143232341214343322441221411144142234322433234313121334242443143
2212143332343213333233333344213414422324313221142223334321323343144234243433441414342313132442144312344421412143124423343331441122314134444432144313424422133234443311434211433444231114424333213244324332343331421134141143322412311322411242143344411412133113341143213331331324141223141223442223324431314411242134414442143342411112313124141122144242344133231334111214314134123313332322413442434313342224424231312324434131133414324331242132321133222124113132212224142234123423442233242444334114141312314
2313221412241314211443341441414443412243234144134242314233141312233331331142331423432214214412244332432213334434243132443243331444213131123414241424114222212312131424131441142314342113244324221442432321213211414441423212443124123441244141221312121232442112331133311323212213241142442331332212321312442343222412311324121434133341334214141211424312341224423131142242121221441243423333143421211424123123432214131431324243212343242432411114424312142221333441442341143323142312411211424213421111311331341
4244433244121213323122421221443334342113242314433341333121323431113244444314422434132431122244244124321321232421211114433441441134142132323432413221442211132441432242123421313433322443131223123424132343441412422221331114111312442312242133442322314243112422411442213122332143131434331311141233144222232311231131142321113111241222442231322334132331111331243342444134144423442214422113444424342424234122214131142334412332422233144312441213442422222314113443232114312111114212342211213244441242311433112
4432422411424422131313114111341112321223221331341211242211212321114424223222344133134312433432321142333131332334232111421243411344434132221124243113321332332121242441221312242241223323213433144122232321321422114331222441223213444342224111314314142334124113333424412321323434332344122134341114132331121123123111344431433113112141222112144122132314334412432221223134322134131211344332342423321344421213324121442341222432423114432112343423243242223214422414434114311322332323241311431234434334114443434
4432112121331233223122141144122124241331134244133224221212421323242334232123413213434113323432323341332121112444133434123121223314341413442212311333432243122442342341133141331132324341111234243342131323334444143324243342314232222314233122211424133241334324342121433444312412131444412114211243334213112332331343442413343143422433342341143443411214444334442213441231241314414313144122312233431131114413134343113434242344133444332413224432343414112414333232334113143144134221413224243321321431123132224
2414411211243121421321112311442331321411421232244412311124232342444142331212244112131423142231324224221423443313432214433443342342244123212124211342313211124332231332442443412442411143421331443444314223212344413344342114432411331124414331142411414133412442213122432333231224113244311223233432122323444221412422214423221331341123331234442131144441434443112213231131311223431211234341111312111124333121142422111221331411142224412344242442433112431334444424342424112344334211243233224313144242241134342
3221121312234223232422332334244312434411144342243131413142144242221243412232341241344232234224322132423114431441142231323221221121114332434413134111411121313324234323143331144334442121344334221442121424314244413334412232321232314233232422433124333144331441113424111141123232311323441234124333222421244132141311141233433423223141434114214412324443333121114312324344213122111243412243122222231234342411232311232332121413331341121241223413323342244121423332312112243424144311421124142111424233122134321
4211411441423141113132221443423133142313134224323322324132232221314414431114422313434341123421243144342132142221124421133423313322314221342431132133433221413443222441243423414133323224112334233433212144312334112241141424233432214243441213233121341342444144411111423311412321411334414421332132131433434314421223214421233413324144221434144133312223342334141242233333412322434111211342413424231233223111344214314433443333311331242414322124411241333323234223323334441141211431413143421111413214444342422
1144433121323324431122244441212224231122314323113243123322144124312211232414443322113113231234444333342244223211422124213132444124413421323423422231123444211232222412411121441412243112213144224114211313121123411132412443111233344323244122422323313134212132333431233112142412433122333222333121123222233141324244434222124144413133232212233142132413231221223444121224132411414232234243314313442234222131211232241331433242212414233121311323324314344113442343214112312412324442441131422111213121432132322
2413334141212124112234234334333414414134414132331433331141422112423424314112412314414213123222341432114243143434144341411133242434123233411312123422114224134211122124114421413442144323111134134333442332133311141424243434222422222344113441213122142214323344133333423224431212212341133332211443323114411424134212421111443331341423414442141313244242224332243322442222432133421432243234223134111322333424142123144114114341223343124331231322234114314341332144421341224411112424331314123434422124142144214
1141222424431433141232421343433213113334123133232413142341443321343111443112143434312111224212321431212333342324311144411314312242131144142422134214212343134214442323144243413334413131223312212434213221444311122243431324231314234324414432332111342422432332443332212333322314213143411121323421321122332342122431432433132341422424224311131131113133243214414413444144131431314312324321433412234344433332344121331413221443141443113132432321141244143212124113143412443132142442434134431142122214112312442
2411232312223211441424233444123111243224441313343144434343234214433424121344314213344141333422124424311442222314214223114123241232132323442421333324221114411342244211113133314243424413231243331434434213333242144344424143144112422343134414343432432224314144431432442214421444422322124444422342333121114121243414121333342441343212334142344313113423142311331142113421332443243223422421111421344141132221442111323322441343442211141312141342432131222134243334444422314212114322312242443411113122311421214
3143221142141431233113114124141333423121134412422242213322324132243124424332133333342211124221211214321233342232443234422211422332122233242423212314441343432232442243342134343143312341141424241333113414321121422211444232433223412314423242132144113133114434331212343411313211331422324423444211143434244444114433313443223322422442413113313431414311144421241324113131213134312331224232424223132111411432322114431233141133324242144333133221414331221233244342342344412242212232234411321312221414121123112
3444111213332213131221114213131333142442132212114212311132311112344312241443131114141114143333413444421114141424121111211242133142214114242223443223241344113334231311241431242211324213242333141414121233422233422123441212143411341123322134313314242221421444411223414341241412341311143433141342243444331334312244324424433231134141332324132334411341212123231231243212241241142321114334331424311342124321244443344444422111324232414144443411131334322232122144123112311211431421243431213323323332124322243
4231334414344432423224133314312432144321342223111111313423423242231311321143134321113142343442431432413322111344433132241121132321132133422212331213112333422443122322144441124412312242344124122311242111134111411421214342414244111123424333243334324211321314342423422121122134433112131234213212433213312144113131411123331321412212343331142233434313132212234422142233142212414112433434214114223313221314124343122224124213233323211243332242313232124333113321133241433243142323312321414124414343224114144
1231424421314114323423434323113314333143432443331121341313424122431331231222213111322424341331341343434213311321233212131432434131143122142412112313432413434112111243311432424333342444433141434224123122424321343312442423121113441414231123443431231234444442313343413241324432113432133333441141423434233113141434413333241431142134331323242123234331233323342333422233234243442241211312244343324134423233423111121432231121143432413332233122223313311324444242141332142432423424341211342422442141233423443
2224214214343113131121134121144433333233322433221413411413311142334421322122214342131143441331142411321331121242431323434433431131434212434314312141332444434223423244221121224314433421222224322334431243332141331233222223242113124244133432222322121421331411124114144314133214321244113132434243411421124313333331432142321431334423313224433441122211222443144222414342442341124113141432421221244334241331412242133431132124233214411411112131331313341331241441342234412344231241342234221431134444342224443
4143333412121432111411224144344313133434231322434141113124321413332412334144214321243114323311424421131431233142233443241214242421432214431411314322122424123421111323111134313123342422144413332442322232112234443421342321313412322144424443424142224323223214312234441242414332421133413142424434143342424123141244124233443444421421124131141422322344444342212134322244112314122112342314411221234443421312434123133222431424144141343424431313122343134143312243124422424412243433111111341423242314332121222
1314334421214424441334343113214242341212112331332421444241434414342342434324141111334132111413214111314433144144213324323312141122112233424113433333142222131222221321442244242442444122311331411142212233321233144342421223213132232242212222413312223143234234412244221212342322343441324244223411234244213241343424431331334231432144122242134324133124441131111414114124142312424134231132243321243324421143314243121211412222113421324132122114413423222413133141243232414314434214141321322412441342332233123
4431114343122341424313232441214241341221224223213114431144332413234314121222123334344434321142241344122132242142422432331122244141312114242443213324443111433344234231133221134432332232121223242133331342324133121132321222242423221243234312223133311441124331144322122121121141412212431411412334324134224223412312414434424212231112242423211343214113244331314442334343121331132234313124244323341342422121141341222141321444144412222111432244224434314413214343413313231113313242321321121313134241112432221
3123422233444444244131413323313213431311314124411341412343133132141314331443134221421433433131243244433121214321134112341233231242244113232313212243334422412334131221121314333342411214433423424141344131122443434313334233431321141223113432411412243134432122313234224341123422211314112323441241313143211331414414424242241124343242311221132443333444431223441213442411221132244423124234141343443244241143433113412242112142424121211124341144141142131234342132143241323231214242224243231131233212244321444
4212444141332332232214432321214232331144322121241231211123441333142232214412411412131121331333131312111234224241211423323231123443144331244131132143243131113211133441433113343412314433413321213314441314123421231321111411111313343424111411333123344122342131321222144143412431123232423111414433332142434124341423224234423224412434443113122414344312332221422312421323134344244433212344122443423242124422411344122343113212332214314411332214312221412422424312443144343443244242213142133114223133421344441
2241141141314342243322221424313224432122223122211344111434111143112232332242444142342444424333422423314113234224313443442112111134214321342442233231413424144223321324211212343331241231333234332243133244231322144343424441213441432213313124322144242231231442142114122121133231342433342323331433411343323432422332422114343411142411232431111311133443411244411132231434222124412133143443341442233211221143241231143421221222431231332124312322211314241223214221441233343442124132322133324311413433444234344
1211444132314414433121421333232144223244341142233434434433324112431412434443413312321233122423211333313324421112123434142322341321342123314423141142234234333134134433341323232121314113314431124231213214441432114411233312132341122214133311141221313341321122434132232134132121433344331224343232134331414232212113113211234432143142114213244112123212121211232432333414342234324211134214121331424421244421343334422144214212113141414424323434142442241131434213431331223212113224131421323434124222224142423
4344242333314444141423131124411133414211124321241433431433224342313343112333423122442113132113421111414212124443314111444421241231114111231242232423133423212243314221133211124112221143144431332243133212422424123414444241142213113332213343341132144412342131434133414344133422144242411242413234432144344131143243324311323441214311222122312214342242344321322324133314143214222223124323441431222333313421433413242224131333442422213142234143322444444111222331423221434233441122214344221221221112223142132
1134444133114223224222414411114212424423441441133112222111131123411114442442132123111114443112111441233423333444233321241324133212343321224333331141444243234323421444223114411314113113214144144442224313444441331121121334112221321311144232122341332222144142233231123433412432423411132243131321131412223323223333243221124133213434342313411443232423214422114423424222432234133424412231412321414314311221341314333212122132433312434433122412321114123332131423141331334143414224233434211233433221422431423
1431232444212412411121444341423421442122143233444443231231313412244232143114312414234132234132313222342133221423343341412421234244123221413142342424214322133333322321222311121443234343221311432424332212212141443423343411124141143124324412443122222143121233431113222114332322143114211342132134324244332311131343312313313222134234431133224213222231124131111414114213122241132124331224144111414342122113342313334342324242343334444421212443333423444211332244132234444224242323123332342223311211123143242
1422313422111232324341434334214422332324324324341111412423131422134333432211314121141431332413431144321213233343434124134444434212332131142322414111211112333222123112244221222413424134232132131434233412332123342431321413141324211431214211113434443443112211444342424442323311223132324242123314431244133212223231431223141424431232443444113112143412443141141212112323333231312323424133444111211234312423133233111212123124223143332144222422411343342443422424141111134143221414112111433123141334442443334
1233442222131442323142243432422211231314131332212241113132222143114331232342121212314312142311224412232113242423123424424114313421421434342433311224432323412132441333344412344221134444421441431243214232422343223311221142414222241411243432132121132321433233421211414133423332241223423343442122133123112241423414411122342424333422221143433441112224312341324142222423312413142432332141232132322123341344323244214424442314213341133212332131332234434333141241221443441342133442342312312132423314122242133
3344444411423113344424321323332212431432424223222233423333131122332213332322212144322341414132442324312123124114332224122211211124432442223232414424144113423214413231441213322222321142231111113242134123412424223244344241143342311324213222331214332134434442334113431313243133322433211332413312112423231211211443132423434141344243431122221323423242121121312142414332114422443311321212423214122144232441234344241234413343233331212212123221224441133333333313333312222113141121244311414242113333342444124
3121212413213123342312112443123133144412323321423413412114434323324441131232442132332311324221144112312243422214432311422424231114214412224322231334431221142133324234223421122434444241113241143241241241442223231334124343212443433412411222233441433222341132121332232131322324234443411144334124122114233142214322134232211333431121343422333444224431224444144333313242332143141422241311113341224241222211133233321242213424242213421141113141414131343123132344424213224432423332114324411442434434312422313
3423444241212431314112343134113442131132234242422334141412113122312412343121414412232432312421213311241124323234434134333413233131234221242141222143424333324322424133413131341414313444241244112224121141234332111312242132324114443244332214441341244444124312224232324413311124144424214234122133132233313211442334314114311123342411414122324121321432232121314414144141344114121333131421143311321411444324221231421323343144224243412224432344414143141442224321433344324442132433243322241141244344224143232
1231224121233412322341222213322132244323314324441341323334232421333431444322311432434414422144222432431312431342313213312231424212421344222433112124234424111133214212342141214322243424321113441141334114144341441123141234132232344132422231113321343131434433424422122224342242214322324233443413232443222321211244341212222312132322222421123332224341413224411323344422232123143122223234344214434343113214444112131124431144213324434133113212322332334214321422421114321212411434431123323113131221322421323
1221244241433323124241111232442443114322313212141342333424344312124421343141414321131444224432244121222333334434144112422224111143231341324222134134222211114313321133121132444244113242424433331333412433411333133243434333334234122214141413242314331332133444212234222424333122343331112213343313443433411414322423421242344114443111413114333443423143242243311212124221311142212234334143231114332321411243332212443341422144424423411442331322343122433213234242234323411322412224334324321131244114234412443
1214241232223414214222242132142331441422443223143214343221122222432333322334111433434322414111231423133324323323234214334221221344121311114223424312144313132124322342324441324444241122121224232214321133141114122313222112123212142211142234243242242131332432232342234242142411442322332212422414343343212313333432313242212131341413424143232213442312224144243212314141434213131324244343441321432111242314442232143441144111212433243313231231414343441323333441333343342144233411132413323142221234142422113
2233414421444244142413211241441313142432122321211444344422314444311141132343312143442233333323131124141132121331112314412342122212342432441243442331423443114234221123222342312113441112231221111122441412221234441133344414111113324111441432412223231241311224314322412133434333322124441141122221421232121344313124234434221324411432234222412442443341222113123112424241442112131113344433112143322333342341242211213132322122434321313442331413224244143411414333433122314423321311134244323214223113332243231
3321123131334411124124241331444211341123222441144213131332121413121123143114424313111321224414212314324222433214222243134133244331124221422442243323242424223122334331412241423332331432312144231311343221214423321243414322334423234131333223331144422342242112442332323312334143222434113332124231442322433343214223344232331333241224332111431222233441424343244211421124312412441443441243332113313313323313212444224142133134334223411131134334244432112232112241331441312344331311444431134121423134441121443
3131343434314444323221343321241141211232231241322442124244141134414114214332333333123323231234242311143322134344421411423322322322141423323244441221224432321134424343413224341123211223134144344421441231411133443443114343422423221124242422424443414414144422422144442342131311231111234121213241142332232233223333112223432114321433124333132143241434212443234431232412423444332323224433343112134212113132231423131243111122443131141144423141422223213313244114441344141314331321214334223413434411343441221
3114142143142412132213432112341112141444243122231443121341134143444333244241434411344111241442144214113314314413441422321231322132422111444323431311122444223134241413411221432222443422211332443442221331444112111113421133131213444313213333441314213441113314322132121442142434223331434142341111244424411323333343121423243312131143411222231322132222431343122234411244331323344344321212314414112443122433413324333223223334231114244321334323213324322321331122423321223424444143311143334441341333243114214
2211341111412421132112131211423114114113331111331111421232141412113432244311124313411421443441114331412422214321212344222424222211111434444334232322312311421142221134434212134313442143343212412121224132234343221132124323422323442234144313432114111141114244211211321313134423443333413111322122423233122423311231421123441244111224212422332243321223431312321423223231444413432144142443111421233332242441143141442433122413222342113433432213433123124431211141241244411221443313443412324431324432321422311
2113224223112342123334334222423114442211124433122144423323224143423111333222444313114414312341344341142244112223334323411243312231422334131213113242231232243113224343232334324324122424223343321242132322114321244334124414112113342322122342321432422232422111222114433421431341424241342132411134232331441234134313133234442223422424342223112121442412234342433434123123311432133124323442221232111314121433134312334141313224423223231341134314241121134232244314144141233412224334414111211231432114223232211
3331411412324411412442222214443133112243342114241211132231322233122144312224412232122112412332234311122421221431134134233142413314124424331141413233132241323444324434124221113433122244334414243211344223332313244111311433113244121224422223222424413412224112222342232232212413134232142244311341111423123433443442231114121422341414344242222432111112443433131334114214321214322243241434424332222114411124313324223234311121211211442141423421323132421234114433423134133244231441331231422211322132413424121
1441123132324342323244342341223112221321221243323311334131143134132123424343313444114432212334423333123143411323233143444132323311412343343431423134334334234232214344421432324113123312222143312444222334114414331431132314422334211213434124234323141341112343433143121134143123113233334442413111312143134443441221413123411134414433314224133241222434112443121433413322431423221111311444343141242312314312132223322324121423113212112231414132431333333321234441444212212313424433344233112122343341234412322
3441222113312124141123133221321224231234434332232443424324431112114321122344113222211242411324211311313122142321212213443424142241313344131441131314344234441413114131113212221124433412444223143143141312324123222412144431221331124212134141334314334413222332312232131421212324432441313421121144321143311122431242344432233414111342222122421423213434412141113111432412113412234314322142413431124324344224224312244443141412343424343213131221333121241123211342434444313111142443431332442231124124244313434
1442242113412413321411423443212432234121344333432412124143121324444321222341131342414232213432421143311244414313211223213111441431333213244122244121142121314414144131341134241212413123421342141123111423411232341212441222314221211233112213311132344134112124332131424244312442434223341441312122223241112423341113222143422112343321114431243211431141343311111333314113244233144413344113333111112214411111244122422122432414321421242113114242322233414442324343212323212143413311133334431343414332231313343
2244123212423314412234111144213311142424323332132321333213413443134324414411134142242413141131131314213443431321214243121243214223331433213142112214413344321123442423341112322231233323444321344434224324434313122211244413444332422334442213221424441221241432324323112311322424432412424444244141213332233331314242434422114241331211131233121414233223141133413213323234341321442321133314433212443234113113244413222323431344341442143242342144123132423121141224241424431123443243431343143324333424124344133
4114242431222421321414412433133312312414212422143243423311122221313431443122341431424332134321433313341344132234234111324231111424422142331432141224342243142443312114123444313141144311432212421311312333224213324341333122244224444343341431111133411244312113131111241213424334112311414411421132413232322422111122314424142111133414143331334113331144214433131413333224412234222113422311142223333433241224121323444422242242411222221123442132324144442414441141211134432334222243142323423342143423331211311
1112233113214314424124134142322214343331142214424311224143231431434322333211431213222111241244234223141223323311222223432224442214234132423342141312234442332334322432123421124114131442422144313342233221442421333411222241224132142323443334311312143122112122332233421422232211113221221324113323221112111111322331111144132413241233313422322413233214422313134134313234124412234412434233142143413411342114244114414321324224131114334332334444321212211224441123424234331421223233322144334113121242231122221
1341214132122421442444411334342314224241142312441121414112414231234231434321443213421421132142243141421443334414211232433221221433413413311213224321144323431412122132112422222221223313421144341113222242443441414112421432441114124114223421433341141211112432421123121111313342222133422331312331314132322224112342113121414431332332322112141143212334433141213412421311132214244143214431314444133142411233224131112241314411222411114121121413311121432132412113234224313411111113243231114242132423443211424
4334231444243212321341431234422121423343423333343432112442314143424222114434411232131342224213214233231144421224323234421314441123114421234444144431222412442234411443123442421221214131112433442212434323222321442133123434313133334412212222241314222142232234423341244143432343314143421343212414444141423233224214131113232243422131231243313321334144234331412123341121211122333134334312322343411213333243313144244321113443141332214214211144112413313314414431311224213223214422334242442241334142221221143
1442123144341211211222124433323132414243433321243212333143313131421142433323121223344324243443343431223424424132432241422343422142212243324333234114242111242424311132312444442241234423433334444314131222444433123223441214243341322331412244134143143132211243424233341234244444221234444441231213433344231441132411423431341324443334321221213431424141313231331232121313241321121113232431233211431333321411231323214114222112422134224424433122333311114442414234323423234433323123424143142113323343233213412
4441343313121433214312314311434344244214122213433234423334323343324213421132433431223312111412224332343141241443114424321112131331213241434121214324142342232243144233224112234243244241412343312324134222234424414144234243442134232244333133444311424312312343241234133111111432334333442133324143314214432134411142222332213414441212442434441322214433144144113411122131144332421342211321232232233233421333413133414142441342213214322434214332334233433212413433111414234344231321332333434111134121123441141
4214331132134334243243432133423433211124244232444144344341321324311212134232443323234231132423112321224443411443242222122143233222114441424232334333321232341142243232233242344424342123442133422342443441323211324432333442213423313233132333134323132442223213231422241121241424342243331113234422441313332124334323142122414243224143144413424231214324424223134431231141133441313331114431312214443341443422131142434143243414211314321142412143433331333113413114221233223431322441123213223444143321443312134
2141112413432131441242443331343413414333343233324243233411123341414111242434444141212124432312243431431214243344421324333433134321114434431433144143331211223413413114323433424434232221223244133344344334323123214342442321341224333123341214112232123234241123143431133113343232433232134113433123124421334244143212233442141141122333412242211232444313134443331414444443413334134143223311142312311343232434414223223312414421224413331311114411321224421122214212143343311444344443412141412313422231324431312
2112143144112242242431232334423411243411312422124143412233344213213244332412143341112232413212222143131422232434224321341243332443214112413133322431424224231314444442414413342333111441324114233343323442422222243221221224414121324111412224433144441223343341321114333411443134223433412444331432243444311213341343414143112343211133424314113131232143412123214212114421242113333124213222111341142144444313122441312334141122344141331444143121433312233441232421124424114344421242434232242423314422323332141
1232123334312131112123434414243431131241234242221333124121423111113113321113314134441433231124142222312424133143231233332134212234122341113224132421322321442414421433424311244333211124224321313111324243344431344122111211412413411341141212444313313243131332332244224324221323223431413213214243434441212424231421114441333243234324111134342243312224424432424124242221344432441121344321244141112433324434141131331133412231321243121131111314434312333213442132343122334244231344123222322242414123331224234
2431234243443234344231422111414211121144142314334234332122443113223431421421141112141433241424314122213323241244212411442143131433133444424432112411414433422131121412221132224434112123421111341414443422424344112142114231231323421131123131443414331421424234114344432434143321323211142141122312312124141133222341212124243324324111324214322321423422114432133233344214122143342231224221423321441122311421143341132124212441342322134242231312431142124312413144432212444214432121133412331423234241114434243
4313342142143123113323232142344234411234331124443124123433133233234123213324132212222142214334334433234242412422332124434333313411332322333233211122343324334123432241142142133443122434421114432221443214331233122441424142131311113234121211124211242444412342441113223213314242232334124221333311331421113432442414341432314334212222223132412141243231131313123341223323223413234323243211244212421234422131121432334122424332334214424311232344344432211223244341422241214211142124143141211432334332323431313
3242231321334244423233214412341142131134131441143224141143412344313441332131331113324412314111131213222232212111421241212112331133424132341221141331332133212212324142244341334141123242143341334121224331344313141111343233433222412321412343344334222424133213321242432433333422244424112223441122332143312234321143113121432212431434413212424231432414211423323311121323442443112441141322312431331143221232234323342141224312234233213242441133322112241213433114142211334323313312314321443342234142222112133
1422242143211122324121444111432333232423321422322443244412133442332421122234421321443222324334122223221214343432312221214341312421243343312142213131341111332111341331121143421221413231341442332234111333344231314444242321213432423343143221132114232432323133232212224132223413132232221423332221221311142133344111442334211122313114222432211132443324222142134224143214224313121214114112134313141432132432432442343132411134332233423413122331414411433142124342212113344321231124112433121141321211422243143
1441413144143143312432112213424334412134241321233443143114232411124321432212421232433124342412432434113343232334341333122344314423344342431412133323113142222434312242433314111244314241244234233331341214211214221413444113421114124424144421214331232312324221332331414324143344234431424123323134412214424443313142312223223423411244111233142343112443433443242213442421234123433324211222234313312222142134134122141321123334313432313124311432431111332134233322213442113313431111313241212224322143241122113
4231212414133431114143332413231124121343212423123343243322133132433241124114312334124431142123121232314444132143233441222323124432243133121241422444112142323413422332424443113214311223212142423431211213123224431123421124314131333142143324342311443131421144234232443231131324214133231232324133134121212334323311421122324332124112444213223341422213214213332331343221432213344131122433324333323324324243241333321213212421132414434313313311334114432424224423332314432213312142231411313344214324411313123
3342124333321334434423242414134211343111111234211421331333213124312333341332124442434332322324443313222221331321133142434411121214313334344442332441113413421241442342423341324232113421324414214333444223442121223423333131433331344142123441112141424143222342131231311231121124323341314433333232341333214131113214131332233124411214344441444424113343213423224233211334341224411241421242114121342232312123121334343141313114333344124233333113441324443414232313233134134231231132423111434312223444322221324
3434432134212141422433222343132314234121442143311132123114413314133323241241324413413111414411232134244143324233143144233123412234313421141134232412211414213242341212314334331123414242342221334211412224241114123141442212234314411241413331443143233113224413223211244111314413114222412443414433324412343344414343222343211134324231414332421231422434114424111314224322143412234112311132131123322442414231212241111442122134231234413344114123334211422332344414241422122312422424142123232233443124431212122
1122123234221224222311321214142134142324413313414311234443314213423442123141244124442423212112242224344443122123323441244312233211241431444132444113133112242422433323331121132231211244341431434331121233242432344121433113342242122431213331444413441112114343224243134413341244344233314112444142243224141331111422432232124134243341121422114234332332431334414123312214434221411313442344124431433231441211421222422133413231221412411212333234141213322141412122114324242414311334424122122332122233343123423
2444223341233214243433311411221434431344112431413224334224434333244211412314411222344223422441131322312342234233444423224112441314214444444212342113421131111214431141133122122434121112221434212443143331142231113234211433411122424132433412132444432112214343131444324243314222224424334243121432211212111231123134231342411132321421133334112342241112322212321333121223213113231312122111112234311432143124342332131424313324433344324441331213221412332334233133332333334131211111332313443344112132321342233
3423443213221432331331443422132314423132332441123243243212444112324344314121333324132242332142121432422432123131442412231432311332132223133414332234331233421333144422323411212423343331213131123334123232111231223131244132423231314221444123332124432131411421323223423414212231313122131231431344342434212311232234424321432411443323344324122213441424334333113321344141311132444334131343322242333421321341144233211134313424441312322424221433313234424331431223133334111223221414431314131332131342212333123
2142412244322213134311443321442321214214414234444113213222211113423433414431343423214444113431412243413233243114422341122132124142332322123234231222344412134434341141411442323433242231223423324143233143122324213214124314233123243314114341323344114211241341132314111341442341134112133342441331423142333443143442144323112313344113343144341422344423222434123133341131333433234224242144332443123313242324324444233423211122412133322343141111124222333131413231231123231324222444443321421213342314411431143
2231323311421314442314224431424414432114134414421141334334434144313422141211324421331433114113133123224442442212124431341221324242314312231244414242241323231223141414322341334123213344241314334433321332243444343423333321424223424114133232424431233111122131234431422144231321321223311133344422414414332314412423242411314334141324243124432441223411412322134412414344123434122434341321112221432313341332213113321324221414231444132132121413123232441134144231443334312233221422322311221214124334244311124
1123331213213432241133431412444241122223332232121114142424344342442344412234441123241414333223333344422122141444434123123212244234222343322341122412342233141112321432321111334421314234323222131243134413424314343432142214324441422344324421211321123122141241443122111314123114432132114313433213143114233424332331421111344221244341322114112314231341143433423233434242233231212444214243311324231431441144341243344224214141344314434122122444231321312242142223211431144133221132241231214424133212213324111
2123134123221431243331233232324212341331242444433232121224333221411231412123431131241211342221222424112443212232122111232134122413211422341312414324234412244321144432234232232342124413224323422431241134121214311414224343144214234414444242312243241313112233131331243332141344413213233241213422413223111213241412131323143144311144111443314121314133131142344124224331121212122214333334323124323222124434332141421413243114413311423244224331113314421222233121412144131442111313232442341443433331333134324
1343442121113234242221333244122314331221312132212233323223131433133212444142243342321132224144242213343132441213144444241441421233321213214231344443134413442434411112223342142333123344421241211212323324141222231442434434312413121312322424431211114143144241243244242112144313312344142241133334213222421421211231121413231122243111212321224312231233222441331414323424233332331221113312411434311222324334244223321411324221111243343241234314423412221233311231311221244241441422222341113211231233321132411
2424334133131423211412212244412233212334144241413344343231312212344111241411433244221222114141121342123321234114344211233433123113322424124321112332213244412234323112122412441113444233432123441144243242122221133433434444124144144444312221411433431322443332243112224133323124144342433411241411344214333213112331122422424423314334232432124312314132144333421323223324431123221444433413141111142432223122332124441131442132333442331134132133323331311121332323114333313141412144443244442241442244311414341
3312142113444421121224311442224342331314144144312122111423112231333224323442312114432142333423444122423224133243343342444114121441231131141223424414112424311234321314432132112333222222422431242124434241131312313421323411413144323321341141234313112121142232233313314443343132123113343212442141111444423121134422232342342242332414424421341124242242431124144344423132121241413144131442143144224322343432242422213413334332313331313134124143222111123313211143133243244111434434342312413421334444414441313
3322344314144324332144424121344222413234324241113322121412242434134332343131412134421433231333314333313221223323141414232134422434312312221321143443313233223211443432414323111132233311142433333444242331132434421441214113444334441223134442323414224314144334114421441441241443412211414314144123323333241132131431134241112221243141231434243341123114443412333123434234412212433323221442332214241243142332233223344114142143343242322423142323311434133124313141212431244232243134313432113321143112312441134
2121233333233224434132213234133412121314314423212214211332444141333132324341432234421313212231113123334212211332133211344222341311223144432113131421111232433331231123144234233343244321432223343414211131113312123214324224222141444231122143431222313232244234232211322331321424434124311114142142411411324422332124234344114422242121122332341223211234431324431432314311441224332123111112242223132142141433341133114424343231231431323123442213132443344211241213342343121142432422224344442333121314223442132
2131111421134413243412142113111222433131122431233234324123231414344224144232434331442224121121244314243431122332244311131444444232243324221143421121331213331422131111243341131444341112432243242112414132233124213121332221441424214244113441114242421333231214143212312413111434313344313411221421232443323312344231114412222434244234444222134121313244314132311124224112422422412342311213244432113241223243421312312122131233321121241233122142241412431121243412424221444411124134224224411444123212341334443
4233211344321121121424341221412331323211223424423122224444441311234411243413233212412143134312121313141322312243334243133422432121121113232212123323413322312411321232341214133323312423111141123143434214432423424312234332133311142124123321434232433414214224233441431213422313241123111114431444322331242243414234343422134434421134144133412114443134334421243223233141211242241424143241311343314223231432321343231411313141121411324241132342434433134133332224243231214224131123324232211344222331132233314
2114114333112444342233222334121422412124132233412114332144341331431144321311424143121313223343143332134132311124411333232443233242432324134422123144112314134313111421334313111231322441122233424444111443231441241411413124414342133124423134124313421213244433123422212412142324443412242332122144423411444212432242431432224443343314144323313242344421113244423411433441124111231424421441132424223424442413124133342331113323324433114413334221432241313241121332112141331234223123132434422144211312221311433
2231434133431224422334411241124412441241342112133322134214231222333333134412144233112114313312334141332444231221113433224143432341223244231111311124333432332433242113123234334331342121223222234443213213311342133111434123344124312123344134424313411241432342213242314241224434234323231342313211123413213224443413241332443313231424442312432423123323134141412211242424123214424221242123433422113432322413443234312442411413243424432434431231113121314434111424214414444412213412123122222121221413132343144
4414143332344112123422231434134144111244324212314441114231334443442114411324242242222123231212244443341313343212321212232434342312333342131323212333244422311223334414431232444213444123421334443411332334414223323343224131443113141343413422332213244412441443123312113343134112211244412223431411143232322221212124434124432321243343324141232131434213311431242424141411211442242424243244131444234224234231333432123313241241212144424312321241432121424134432413142124142112113132414122133314311321443313334
3122413111141141114422231214131331441143414432244334441314123243211422442111223422222333444132243223244221133231443413441321313413323212213422343422424214212222431233333144434221141121411231424413424313413324134314412111432422412411132313124431422122422134214313134122132231142143232142434223221433144234342321434422112414411124442412123411313232424424231443121323442232231223234131422413223423113223232211434413122112432214411324234314214123311142133324224221234332424242334124344422323114313411213
2312334213141233241133424333222242132134424222233213322231111332122422341134121311244214323433441312213223232432424222313224431233113142123414411413233221311144323332311143244423414411214221232243421133332424341233233142414231213433423311122232424434211113424434143122123234334221424131134341131333241431214332314344214444223311322241441212412312233223323233131131144431214311244311144431132143214312234434413414233333243324421234134142244441234133124332333223122434342143343124343413413423411121124
4221114342441144213423112143123113434224241234321242344242113443131411134124224131343341411223243122234142242413443242234433412241244141142112122432124232221414131234133422221122243333324144122433312334211332443224133131213113112132313441113312321223333213312343313213143214344221422243144212224231241222142132431131231222242431333231412411441233221424424444442423112233243111113211324111443133241331421234321432121121233434323442113221143432444241131311344333121113311122342124323344444433434233411
1244123134422132444111342121242343442112121314442343241313421243112344123122234222244234212341131334242333411244244434342431311334224331234342441322333224233144413433422234343122232323341122212242212312413222344113313134333134241344111122234144342114323331244142214431144421442321243142441343324331411343444323133324444422311422133424234434414212132224143344442314142144111332431234231234232342421433331131214431222121412311113441233421141231221344243322244121342332321423134312132414323114112234141
1311242234323223341324123313433434312332122414232143124243142133444334413411412324232121132421421412421314322132323211234333323112212341143123134123241441324214241242232324411312123231434423431221121313221212322242432333412114134143422134122224144311211434342313222342443221313441221424213424242432323414321234121222342323421432143441241442312434212211114432141212411213234112311142334122434223122142241244224313442132343331321122422143434424442441114234323133222421221321421223134233342231211421134
2132334434231241122412241134231413231432221133242313121124434133114323342142442142311122214224424224423232234331142244431234411313423431144232312113343444231312233413414412133242431414441434111314113311123232331332323331411333342221341114132423314433211423124432433244322121413433442244342342322212313234243442114231442342211133341143143211224442242422124133322332311223424444222343243212422314231124123443332342311424244433431413121211421442414133324331231442324441413413312424134331414122241441233
3241133124424123121334132442224311424133112412233112433334144123422412243431233241434224224224312324424441132421122421112241111342123444331441223133421333223332123212324221144332213233432421422433122213114324322212142331443433223311113331332323244124341333314142442321343134443322313123341332323114112411444421221332242223333344334431414413234313112243311124221343313413322433113434424442414214342114422234413431133313321114333321123224421212123143341143331434123233221412311333314114421332143223342
3213234441444444224412222113221112232144214112431334131313242133433323223122134231311223331324323123444232434313233311234143214323224314212332433212324433212213214223131132311123122221242421343132142111421423332123322143332432132244122444333444143124313212342231323142341242231232331224142221211331221224221341114334431233424241242134214133443442312113242143233411143112124431232441313122124423243224234211421142323411221433343231444444431442223143124144312213322233433143311434121114441214442332233
1324342412421223412143314321411133441333242322224232214241313223414212311411221412424114431332314313111132341111443424122332314322124223133433434243141422342231311444134334343434232434411324422132322321432424332232232211242124212131314132244122334414122331321214111213344332242343143214313122243231314341334414311232223423321344321223143413342423342422111434321311114243342413142144334413413442232234322312413234331412223141231431243322221321443141343134244424441434422222242333444444322433244213431
3432444213314444222433242212311242112231143213242223312422131313242243334141324114241232412312324412213424231443412121344334312414223121314414331133112343444111433242321414323212312134444243441342244442234123212441411232141244311243342321142432441311443122143331331432213124422133133141312443222123432412311241424224144444424123221234341224224433214441224442344223434242122133411334413413333441321211423421213422114123331314141412413443243434121143234213342212321231422414332412131341412334312423223
2224413233322324431341323132413334221442421243124421234421232414211423243314223114321412242414234414423414413122324131212242421241332413144232123143421422322123124121242311212132241123222423114312212322313341121343322223311132121332123143211412113324214413224422122143213124413442342114142413232334241142313122214134211411314244144213341142443142324241312122132333434432224131113231124113213143211133432341141442211444333122211412323223433132414111112224243112113314413433424114114332324111333131434
2334341444434443124144114334241332131312123312441344322424121433231223233121242422342334314142213241432211432432443314312214334324443344311221243212323324434423111314213411143431322442421332344414222124442131312223224232312114114444224133112212441124323432123244112223244223324433432212434214241113334444213323233421324221113114411233223222214132344323234214343412133212344133323143324133221211242444222232344224313313331144311231132424442233334444323413114314131444342212321321244124432244232212224
1314412224233211333214441224244322443242244441143424432134212314442412333333221441343121213341113234313443313342211344232414233414423144233123143312333111111131214341111333243214244131241422333144133244444132332232212132133224344423332333332412443224442423414244122222313242322233243224213423312232341223312213233123421214423223123422223432411342324124143131223323312413441123243431233342132411141111231231111132233312321343433441213121211434221112323331334231311324111322221134314213214343324112242
2142322344142311142324413241243231424421231411441323412344322322411213324322231431432411123144241444313141143444411343113343131412421224241442343414242214412242134312441241212242423411341122142212421443112124133123231231211342324341324222121343311321441422214332341424432244432143213331143431143342421314143133433223123121111141242144233111321144332142213134444334124221233321242314114211421344322323422434143413412432123144341343334313344212423242123141311344421441333214342122312221412133443331331
2112232122242311344111213142222123222434213443244234112341442344344321232343424212113224323443431314243423142314221141131142222243414332234413311131133423141114142314333134422134211341311442421311311332413314443331434424341332314323321231223421241422141143421414342242113233411344324423131214133133124232432341323424311232111213214421224224433232334411244142121311233421124323213434242342332114132344343442323232241411314222431441414441412442124244324241341424233111232132113211112244411414323431314
3113123211234323234422124443432112414412124214333344411411412324412224423142233411342142121123334342421432122423344342244324121234111112143323141112423444314322212341113142212211143323134122311214243122322113444214214423131412114143142431332442432112341142343343243442424233212121211231212141241424212321111431411311313234121114133133143111313213211412243314344324114431212444432221411123223211344124431331114211243123144312412434342211243222124342121411423311342214212432434434234243212323423444224
1323311414243432114423441144434221113434143123234242214113222113113231223131324324132431441423232143224311341324213144322341433342422213341144111344113244112314311242133113341213214221143323243314111423233224442323423422341234424434332144242121121423133311122234324241314434422313144144222442343224243342324141444313344332411112141211444312144331223232443442133211143144411133322421312212143313444332242444232124324131223123224221142414444233142431123324321331214213232122421442213242333314423324322
2122144224424424441144143144424132114131323244331132414431413424441444112323411341214322441133422111421122434224231422344314121114213423342232314422411433243434111123441444321443322112342334124112214442121222423444314312142124344413343223313131333433332341131213431113443313211332133332112321213122111223312442211142442323243322132242334212341213442134111314144111244112132311331433222133123143113124133444142231132134311412211214221413123322243344333442322442144134112231213422324334124434421332143
2323442342221132312132233313223443311234242424231123212341224343144422114131141143412333114444214432343242441212122214221244112433131443144214242122213131312434141413244424111231123212314331413311234433221433333141412431212231431443213114124413212244312244441222342121121313434311121311313112232133421111132144144111411224443432144441131213311321132433324312432243211141113323331143111314242421332314434232441231412343433213413222412431143442424323124243311231143133222324334411344314313111312434132
4242312121322443413241222414422231232112142433332321321424422143121114422223441211124124414334114114132213321232223121112232424232314112241311433443442311222113111222131114312241414314143142411133133241241124341213434212411432243134211312134114121444223313112112341432413134441421321211443132232112314441213341231321143223433341133222113344321423441241142141123321421442321333114231341421214432434443443231214441443413112343431223211241141123133421142423424434312142243314111243413442433224341244134
3424233433224314111332222341314341321441141434312142434234333422334421322432111344442112312114141423314311344123311121234423134331441312432114234414223113322232121111112211413433343223341431331232413414412243333143113122333411314112414312323211121242411441433221312111314241322234123224313442131132422311442443323223123424444112241431421421444122441222444443343312421231112412431322331424341341421443413343113331413232321332421314314121433141434323131413124222133431324221242441314223311134434111244
4134243133424343422134423434213143422332233342443242221333414142142141133321223234141331232131431222221343424312413423313322333243241114411312421213424222112331323414244231221212213331443134434214243234343233413113324112244314131224112233124143134233434333124113143233334332142414333233122242231321124422333341443232244313433123244331314112432423114321412222432134424344422413224222243234124214422124232134142334242412212131313324433413334131312422133134124424334413114224231221332141331314211143144
4341431142323144214212412442211143412122421321213211444144344422231244121441214131222144241242113432333242312312112211324232143212241413124412411123122134111242313142234232221222313114323242123333321224144124223132221221232343422223434212144412434411212312342413312443212221431212421221324241333414331241223332132232142431424231412312212412344323323124314444422211322343221312124141224233114433232244212433233313231433124322421441443334421323334134434314134344414324414221224422411323232333423421422
2121311222312213442413122431332433241221444223111444214444144113434233131241324343324224111423242423212311213223324444413314343432241241442121233242224324443243214131432244231112232124331112343134334132311433224143413332414332132413314122111441121314341424244213122434132441334112341411123431143241133331232221134413411141343424412342344132112231422132124332434313324432132221223434211131333221431312313322332242132232441341222344413423431312434443344321233422411413312421412121123224434244113244144
4212134234442411231431144233422342212422234123141122134314233411324331311412214441424413222331112334433311423231224133112321212314343414221213234142213332233134421112411421414341433412441321231311323422432211343341433314331212241144122144111121214313212221443121334221421321124134313324314244214344123114313222321323242123422431142313321214413443133331144414341212322243342423334232231322144433342311122444442123434431113224111422241424142223224112133141233333113221131343322331314243422121312431342
3442143424414312322142313344344212214434314112134141434422413433314331332233233214312142322222322414123443134134331214344141334333234223321212123331413124433214133212113442142213334313331131214124332313441334421224232411421313333122111213311224134223232343232333121142342121324232421142422314312432131131441242141214221412421411224314211234241431312311321333431133341331214224231111443243132223311412131332413314433444243144214313222444344424313433342143324221312441314222223311343244243311243412113
4344224322211112141421312414412321342142213221222313414233341111344412343221333321342214214142242142333413341443113133224411321311114443224311321214241434241134243211412413243212443224113423123432244112321341312141111333443112434243114132143242243432131233231413324413331124224133444421243323322114312223313312234212121123421334333413242233132211341423421421441341221431314112231121411332143123211444422421322413243124342231334122434444131312343342231141123144312412144323332111343344432242143414311
3224444413233323323224132424243331243223412311224323224121124343133421343344134342313131322224213132332123443433122211324122122141243422223124243144142441443432423322223132234314224131441432243342332122142132221311343111322144422124233132321314341144111314123423441323114441341444441441124434413144341442333442411413333314321341313423134123311231122442233112422412341321233214421433224231323134413334331223141311331423241133344331413111123442433143333234333143413234321444213334142111322431433223144
1111141214232121233231141312434423212341323442212444431413234141414211321234432222231234333323133233141221133241111423143443422331331412431224143231211314241132142131134434144412141123434142244441331144121122232442243334113121441341213431414213314132242112442324114343222322321243422142322341324141222124124112413321433433324423141331121334442432132242333231134221322431214142144444331134221441232111341223222132143111411313233132133111344141213114122414223322312221431423212124121242213323434214344
1114121411141132123144122143422212321214424341113434122444433312134323414342424211341244411324441134243334414442242412432431323142322124314424221411343312342433334213213122341123423331343432224322232124141232334133143124344343242113413442122233124143441333132222144212223241222343141324111422212411134434141342233422122143342412323222224124422431322244443433334111242421114412333443121213314232332214214423412333214344242114423432211242212443442344322324424443142124323322244442411433144123441311332
1433321242212422214332314122241431321233312431343212442242414232414213412131134443343134333424434413343243224141233341213144133244143124313422232123442231433412241441224142413211341313214431212231224221341443333412341221414413223212141432424413113332244414342332424313111344342431444313334242344312114242331422313343413214221411344341213321334144112141222114434234331122121141323234412144233214441344443423341124112424243441213224134211223241132214212233123131434244422243413434411314221232344341413
1341143144113344112413311114413141412442434232132111131331234144313333111312344424224441221323323433121132412322144131224114412414324443131314131221232212444322421431431341412121323242113143343112333433111211344333214331433232211414222214322124434124213213423441443134133334322214132233432223323442214234113312241434234244223441134124113223434224443222442314313344421431233212143342333341344223214244314414213133142142223211432243411432233242313111444111143144421412214333421332134414323314312113432
3312433412223143432344241134342312312441131132141221224212143333114413421214244122421432322142434412143214212432321211334324122232311233423243321113241223243333213214311124322121311412413113344224444231234332412443143144434344124114223212234431334143123422314133231224412434434314322341231334413414433412242241211241342213333134334223143143423123433134314222344214141133413243434423343233421232321314114124433224242424342344144341332322221211113442241132244141424433212433443434323312322324341441321
3121121122332314343242441242123312324244313421442123313431242131134324242321323343422312111433312312232313324314214343442111142343241232324423311134143143434214221323124234134411313424132211132114412332234221331433414114221223113211234111412432113142234222132343332422223332431241122112441442121212322333311223234133242134142411343311131122344241334233433423322132141313132343331334331421312122432143112332441312322434111212144242313223113413222122123112221142444321323441442133434411424344433141131
1131324123334134124232321324211342213222144442423441142331143242143414221244423442142123143141441441424144432443222422424144114411214223221343342224334134344221213421313423322434433313234334223213314331214231334321431434331132421414122433344132324314222134114232211324311411232224344221124444414223344434112424341431321422122223213214213313132421311132324342212332344132223113312321124321441131211212331214343242223323332224443241432321311122341444132132124113332212421123123233444213434333124141421
2232112433332333413332332441312143111113231343431322324211311312421341232322433312413131424443134241343241223234334241431334431142222331431143121432322333312141132334223444331223134232434112221222241424443222433443333112424211224314242112111331234412111432213112331231222313442221122324141132414323311142141423332223421334341122321311122113223333322331121334141132424421444121411413141313121313124342323323243243333424244324334221312221313214242344241111332141424413422413123232122131442321223233322
3343314344243312342133233123241211421114314223211212222131123433433343444234131322332113432344334343241421312444242211433112114224434234441143122241343124313344331122412412212231212423123224123241433141114112143244222421413434223221323121432314412141341431333311313431141131143442423342323114432242444322224331123321423442422143332322442421431241214331232334443421141134313113121441113231241244321244341412144121321124133133232132131242444121131241213234312142231433113114433332434122312333121314121
3314232421213244131421334213433224432412433143312113111222443321244211321431322442244113142132321242422143341124133442112434432444243211442324124214222413413214322412241231321211324242233143324213422431232424313214434132314331123113331113242422332142111111412322211224113212432423312344432431141131124233224111242142422412422143431344143343321241224133344312114231314214434133143143142111314124331332424314214343443212431231444433122442324231111422223314243322332214131211213213234114342311334342213
1142314122143142412341142233214213412441234114442224133132141212123414312131431242434131332322223211441142132131331422412412322241422124122342333132133311211213134232412141432134211322242432213231311424123211323243222234133414244433242134442424242323241414134222442332412321142332322111112223141131321443342411311442122314244443332341212134424314113441431222242432441341312323312343313412331143313212224442243221444343211122242331123133424444343431132311323233224444344232132332442221132131143221313
1441112214224124243444314441431241332422241242121421342444114322431224212221424341412142141321233123314444431224144314433432344242111434233212341332111124424111123234434143111131132433324114321233111421444124234434122323442121121313334243432442224312111213111131411113133211323243411242414323142441121133321114114221443334432224411331324431143342342322214143213341323422111411232424242221431341334411111334244422244423222222444143431434312114413113424343322212411412244444222443131142443131311233214
2142432343324244322334421132413214311344231244213313422313334142133332443233324141421434312244232222221231344421143434221323242133211212313112241232231311334133334213134312132241211411324142223232312314433431224143243244333434412411122422414423411331332341123144111431124311334113411334212222311224221323143443114232122143431111114243114424211424112242241213333234234224421444144231221423224224434122412141123332112241111433131134312233211421121123141123234323113124212124144411211443133212242113142
4241111423433434231234144122133421431134114132223132344313414122423411422422231133341311313334412123431432331234334223132443341331244241434144141241132411342323334142122414141221143123241324344134314432344334241433223441132343224341121423442412323141113414222244343441223431214444211114421212143114132433422421121324132343132424144434434142444243312332214124422234214322132331413234424344114343422233124244424324423412214311342321322422214132314432142421444444121221113312443223324131432131412314243
1134214141211423442412224241242122421334433113133211133333111112313324322234431434124343114114234434231112331213241322412131324321422334334243433432434211441311413332431442231131213412144434233432311422213233433142231311411342121312314311432142221133311312424121223311434122143243342241243313333441343231311243142334323243424134311323342444234323244444144424433222233224422423322124212323113124322321221132112213124412323221413334414221344341344444212133243442414131432414432434211324243411112344111
3122123222432143143311414234113243224142331414242132133342141443242133422211213113333324333112313414242113321213114134332142123343312113213334122231322312224332413344433312333214121123424444444223231224332214334344144141321123222114223121132441332223343313111141314321212414231311113341244321411322111422343124124241142442213132323413231214321242324144321214443223413343412214322412223313224231242313221232143422113313114322122233212241112432143413143422414114432423141143312344142444221111214231322
4132143134421141232343124213141224231322123423341412312412131124422431114121443332114422321131411312224234343341411242231111231212214422111321231211411144314414213231142323111244314314413122413114332111434222112433433221243232443223244342334113433441112322332414441412233112123231142424114244221424243442232231344433311232424324212334242234324242412343234123441423222441223134131342314243121211412314142414224412442421234422414111341223333224113224243111134324444331422222114422242431232221441442112
3123331133231331314443323333114211241321244433433123413134142222233311341441324143143234332312432443123422333422343434213131412334113432113313233242424231234111131414312144224444222223143231124132343444214131121332434232431243243213434414334424423423223323132311231131223424333321343113132333333324234142134343411133422434422311132434211322221121324342122132213314212431341311423424141114213412413121323134344314121421343413142344113242241321312131421411233224213233142244233222342443144314113241223
2431331232211213121144341332244222334243131114323222423242132122342133312221423411224244141443243414423432423441231343321321221123231333332222133224342313212242342113422433323123443123333142134311111114131442342313414213314241144414322212134213331111141231444412334424143241242222113114422144144122123221442334241112133112434422143133112222341224423142334323232431321144342413324414232211432112134332343443241333343341144242223133341442244112112442312211244134144224441143132231242224133111414424223
2141411324414231142124231322343432441142212112241223213221113212113142414133413441112242343244312321332321444414123321212442113121241111442214324224342142344243243231243344211121231221411414114231242224324413113422214212332224313431332443323442233244122441232433222132322324434322411124223313411242111341312241324113333413411422424131244212321212134214411221234341433322222142133113332242242321221234441214443432342233121433431244342233312132244433142244311233212324343211224333124434331343232423422
2324324244323321222434232134242242422324413314443241221242111344143224131211431342144311442122144434232311343324434414142342321313322232144112413131444233332314333244244413331433421134423244414344232331342141242113343334141133211321311444434132123342221434313314114143411444234442333331311322223424111223341243223311221424313433322141324433233244332432143412334113443331244242333413133443233424233342233223233212221411343441124342413123222343211132413431433211313324441344324122322244444233224441123
3431132334142214132132423133222313334141233221223112312333232211422142344144132232212413243134334421334123222144232441422111224233434424413212123124341423424234424323434134342324211141242243133244114312344112341411434313313232432224332114122123313423412214433142232413142332122123444341413233241133442433112442134134213442441432331314423234242111441434441443333344343443131334122324144234142411424334122241111423311423144222342423333342144244241343222241113234124112244421114143311134442441122223343
4141242222433343134431211412221424124312214423312332341323432244134311223212233232434431213213124132422433141341331213334223241343431111321223412133213411343412213123314222443124442333344213433421424112432111223114443111224143121213112322114442231321323443441443442124431342114244112433243143414344211442334124124413232434234431313413133323133424211421431244112224411321234144323134433112432314141322333414331322122311224333344222444134424212414314441314323342214343121313422113431231124314432334321
1342411424214234342324212132223324134312242324442212342442433343213443323333111424212211313332431243212411223333231413141143213213111313221342231443211424232434431341214344211312331241141323134431322433124144342244124134221332344231322432221413414424112123441234241333431321134112224321334413424443243224141311114312421213324444314412142142232231444411321411321113311142412433341322434223142114112143124242123144143424322332312311443123313231143313314422121241211214243113234141331341313211343141431
4143432113121123442414113242121331311113433244343312124412144124241223114243341422131133334112111311211133341123332211231421224112432311113343313142321431142212114413244111221414341341141222433442221433411213112332133413422444132412221111412331211231433141111322124241411113243341414341434324413132134112333131212213212144222434324144114242134133331332341241221213333243213142223344244213423441321431123214334422234313311144132133244311332214112131214224111323444234312444241114213442223423222441144
2141341114321341213323422311314324313141223224143343441331331412231133411444321414123413422131133211332212143421242341441343443332414322342231332411443233423112212223341214443114142243231441241232242234134224241124323442431134323144243113412221314231331442124214323344412232144414321121433432122442131121433131434441213141223421443313344312331314242144111411224322243321434434433333223422421414313144144324342332213333422331212313141142414141312142211432114434312412341134122242341114231433224141134
4422444223311322123242433232234144421224333412342124311444212321323243214421423312412243221422421232142124323213142321141321431413331332224223412131231332321332133112241411343322111334444423312431221334424433231244311412244413341312231224233134223244331123144443422322421242233143434344242134233341111324213243123312311143124434413232143244343334133422442434442212222334244342434224312323413423144424344131423341141443221322322332112133234242442222123332113434223334343232421311241441113344333221441
4113221144323114332411213411224124422231422442122332114331131422333213422111324342443342343244431431131222334134124112213211331334313342232433231231122422213123133232423122213423113113332142333432131341422244314311322322111122341241234114413433434242112314232132232222422124213114142221244422312311442312233221233222413213214122241111443324432414314234333241334442441331112241234243334431124114231341322131212112313124312342422331233114212134342224231312223132444112312411313133432244234223431123414
4141342441111242432431113412424122242342224342421112112232321221132111441341421343213314231144222121213132333243311113321242333221412341314121311241422224233333113114422314421111121342122433131214242221232311422222323423443441441243414412242131223413443323242223344241431231144324344434134231343121344221341121413332311322134313213222344334311324131232243133343332414144144443444224311243341432411222442241233211121212413243411134431421131241231112243414423341224312131234222114414444421344144332212
2412441334412411222334133411111131323121423432424444231341231312221212434241233222341121142242311342122124131421214444341242233342434414332314443314233423411234212442131121422122232221221341243222223342333142322331223222411411432443121313111232323433414213312344424433144143213231413132342312231144424442344434242332322113243212112333112243111232212413241141332422314224413314344334314133413313314443112331143331343414322434211144332133444323334442343224433424214431111431224342122113442241311143141
2242413432313141141432233333132144222232233241341121341144333122444343321232232234114414332213221414233241211214231344123111413434143341443121434333244231314331413242144324244441431424434311422432322432213114444322434121313242414141321122322221332132123332244241244142122223243134422134243132243322113441224424333113214221241313131242331123332131143332113234313243341131324323134322241232313323341114312211434423133323212134114222242421434323113224422233231441123431444212244244242223334322311231223
4343424434143312231314224412421333144112123242212342243421141424313244433441232413234133311233434311332111343234234341343411442222422331411433413224331343431322122144312323344122112431413114224212242233343323442332214142341113431323322141114224314421244144431134344222323243133341341332441312144443314343123331213334111311314342232441413211124121211233223131441221331213123331423442311112341443124122143323313232213144222222233243414413312244223144132421433333212123322111311331213342131234341233423
4413112233112422212113343441214132424341333242241221422134214142444134243122323333422343121441233342231131132121324123132332114224333222123244421212431141124234331333112314321443224444421311414222343243423342213421142321241313414133313213334311131221323432321341243211314244134314431444111132214142411121241223232114232442432412311331311122114223121244142412442414342242342431212231232413214211344444323323142111342234321312333411323442241213431423412134224432121312144234313212111324241332244131134
3424323231112121324314223112124244131213131312132212442441332423213232324143421432324412411442243231414341323133341111134234423312222312244134143334112123421214434443123324143343134141134412332242224341422421213124244243213131114113343224121343124211321141141433224111331431221131432444121144413111113322421341224132313422332334141141341334421233241321114443234232434114342242244333222343433424221322224344414121441332244423344242232243431413231312332343332112214414441123313413342443121311312144341
3132443123342244121232412432133124443132241411432131141222332341311411241214122221212332244441141431443331221431233331411421322121233333332142232113224443421312143321322443123433332113112213122123131121412323143121431343322411434431343141433441224143244132114441322221422433133122121441114123424222441133234334112222323243342121342342442211332313213122131224234143332314433333222112313121414334234341232124411213413133244442231233234211121143233343233223141431121234342242333143333241214424311311123
3414114343344441341421111444424131433421244413221124143322211411331112414414124442111232441221211342123212312314334312421421331122133432121114212212131111134313412232312242341424233232333231214114233343111412344334232141121242114342321143221341442344234432441112334413342111324241233344414333311244114443431241212441312442233444234224323121343334444434112332123423313221142242124311311424244211223221441223121442133212133443243412331444423413443431422134142333121342134134144322121212412234423433212
4233313313314133432414211412234242244124132214414111433311342114332141212322222432324341111113214431123343432432233131122113113313111331241324322333124111421242213122231113212431133211441134322433312133421111443432133441131311211333342424243343233212213242223431444241122341313333333142343144423441311331313112323223311242212112113442412433124432331242432411214313212313143422121413244141121133123244122412332432341221311244324212414442332242333423214232334114131244111414424221432443121243314342412
3323212132323311123134142221214231324134131232412241221423333433441114144313334231141444311124332341313433112241333433211443243114241432231211411421314341311411444341433134441431121334412441444212313311113223122324132242431421322221221411231313133432244442323224144422133144444412142442311212334413122132114131222212342133342333143123342432413133343113432444223314114244343124111321233141112344323413212444212111432134243441433234412343442421123324213242411124321411121113141233312434221334243343344
2222414212313344242414431414431234334231322121121411241234341314443132114133143233121234144412411214444431341134414311132212434121411331431142344313324433214242222121314133243332243443443233434224142312432411213223432432441121113142134114142334232333224244143134243312211414144211343414344213342142124122123441313213121334342132421112123221141222411232111342241414224413331111431213222413214124321241313331343311241444131334121212141312411123114123412442113334222444444321244423444434114422212232242
1344343114132142222444144342414213143322233331234212234444131433314444434412443113331213322233132133142334234242242333142142243221211231312213211442313311213442214244342331121442443224443223141311332441413233313112434121124441434341432222412342243323321333334413233324211334424143221441331234122212144211143413114333224433321443433234123344133222143234113343242323412412413113214223122124234344222414322443214133443332213134241314213143114342444113413413441413314212334443342113343241311144433222222
2124332211233314212311314321343432332114213434332342341413111141221333213343412311432224424134231414223123243313413421122423433443122434332443144344423132112313414231432221443223233343441123334441413444432223141243342224332323244132312234211141143232441211411433112142332332341411414333131121444312223121112431232244121234434324144443321442143233322444141112234242322234421443144414143231413324114432441421321341212333433114221134213311144234423122111134331212214113124141123341432413411111441414331
3142332331122112123412443343442111141212112243343114111413311421431131141223234124421123341424121332443422212421124131312324443143123131333441444442332142323431214212132121221443121313431313424214221244443322114123434144124123133431313432123141314424343321113234111223432421144332241242312112423311113131214324113244432114123141212331142344321212333431322344412344214142122134331144231214313112313223231223144231322443232222324224214134244313314114121424244322223344122142233213234222432411223324231
1323144224114423214423334213431434232222121323414423414324221421231224123332332332332421342113314331324242342413344223311242122422231442134234211233211221421243332131142413123142242141344244213143312341324312122231231344213233343443422123222342313323341334412124414341213132241332114341223114322313341113113321442141233332244231114211343224312432431144224314323324343312341414114434141432441131441111123412432314444244414241131333142342432421243233134144113212442244214142231341214243212123343124321
2334331442434143443331432344243414131211231411111112213314414334144421323442321442223432212214341413411223233431334112124124113232434244131142112312431111123444233444413144223411311432212411313211334433423444433142232321211314321111134421414233222324443334124331144142211424443441414324232233421323324241413234212212311413342324213432432123144132341413424432414321322342312424224132223143322144111434343334441234422444323224211113313234233412121221332113122213334244224422141123244142143112123243214
3342124322433213134234443322313422333431434311423211124434341244421242433421143423131412432221444334314222132143412222412334312312431232332132331421233311222124132133343324341431213433321344141342432222212421431421224434434214431343131213221443421142131433323311321314131114421113431121433424223124142233414114441423132423344123123221322221211442223211444142232112323124411113331323113432113311233223343334422134221142323322434122241343132133414113422324323124411421342112112443324431314344431324144
1133424322342222321111113214433412443221443432212132124222232341322213124323314414233243444441341214234411241114323234243142232424341231232141334344441444134331424111244313122441213324122424221122333214344112132444414321144432414331442331112211213313314141322234134213314144143411343242142334313212331443422323132132342223224143143444114213431422433242411133114211141421211422121121224122234222311431242234413242243112233331421334143213121224244131213142411332242431323321224113332443414223234112331
1442223143212143432321141112131313133214232312142324324343113143242332214124334241423142323423132214143432222131413213114133332111144242241311113444334343332413232211331121413222123423422222132233124341434444411433214312311344234332341224314221244442434333143443411343223433333214424244144434232112331321131423411424244233421111231342423112433212442443233243344332242223432424412433313313442344423232214133344122144444332123321212422213242242134312222242213131232114324343334311411312122132334141312
1123121442432213311341424223434312444213131233311212213341312223312243232341212211424333134133122314221223424343123234424131322443224344222312444143442422111314443424342111344231113433124143232233433313143421414141433114143431123313314413423413113122423211443422414414231244421431233241121134423122142143342433224334442343344434232212132242421224332432213113413221322243434413334344213333431133321321424132333134323314442444144414332324122233244141121424443231214432323243212214134341143241414131334
4121124413224413444124311111332211222313123334223341223214442414124241321324244314144341412134342444343111224234233212233322341113214231321313344134444334231324224433334433434222242333332221341331421141343424334121133324314243244123311222342323123314131242134132444341334211441333121224314231343314244314333321421143424343212242221211134422311322423244323334424134313421143443431341244111434144113444123431313131244414314331224321433122432332241311312241214223111241313221242211123412321211342333331
1441431242443443343312311421434343133143131114242312432124424424333211341333311432122124314142123243314424242421113334341114422432343322414111243423423233314111331422131234342412444434112222221221221331413342323344233112321342344212442243324434333233414112222133314114443343442231332332213134243242142234414143142314143333241323441434112331231122131242333431332341122314323122243334423324243142143414432114342444342113224434112323423332321431212312331344421342422222414111232134423111134342323414112
1433344113431431434223224342431422233242444212234334341224143414312432412342312113214342241234411243123431243243133232443422413423342411323141332241322231313222332221442223431141212324323111133241312422123123312141442333213242122432423212241342431424111123142214113223411432213432132442433144121431321133413311332412243243342124312323144344142132313133412212234244133112122413441441311442141344441222231324114433321412413414143313341112112433313342334434133314414242331223233321412442131221212422332
1232423441312431214334134124124321241432321121232221341323141322331443422121143234143222341324324344224242122424143112321221241212342222111441111244331424243314443131131142443433111143142224314221323114231344413221214231424233443221114112312231434123243243333413413111213242444421311211321424311111311323424214234414334433411224144341423314323114344124331142314233214421421414241214234313223122214111132133211343242321121142433144243414442233323131334444323413132222212321422213444243434231231134421
3324244332332413132331321324222411222431442243344311342344131312323434312341142224442324112334341132423114311424314434323122223341234343324134144443132444244423224422233322144221313233223411224212244141424212214123131324324322444332241334342112331422141341223241231344113431412413212222413124244323313312132434313331223131411231244113131433113414113331334113314143432224331141323343323142214224124322223233444432123322233434213441341222221213112332333112121131411432433443312423221121132234224312422
1122113341421413122113433332331221221243421244122414112223324434224432223433414311344142343322122441412133122312211212443143213424421331114222121141212321142432224113343122211121334111113444232243312343431341134232131222341121141222324444142341131422423142343234244414434212421132114312234413441234133121412143311113214333233333211143331144313121142234413433144222242224414241141114412224324442412111344113343412333214311443132424421421344444442344242224214323432133214421133334232111321323121244111
3343342113241141244124433331243113112111333242223441122231313224331132214341414342413211321133244312212413241411143431423242121233133233133131323214343242414242111333424124241143334431323142342232114424111343131133414131422443232313323423212133342321334434322123132121244222432432443224313224411231214332444313141113312124333114142234444132112112142423143432211412343311234112432211344414112422332411223312244432344231443211423411443313233213333433443344213422121113133443132243233443134444232141142
3422341244112444144111324233223441113134232241424241342141431333421322434243442334214233242314231231434322412212441223121313343331412444413441324142343322344441214144221123341432331441231121141412323341242332233323443314343421321113132343224222234212141412142344112222312212412332413431114124322421244214343241424312324231431212233142332212213133124334424211312432211131322134132133211242322324341131412441342234121412134411331441331232221111121244323244424413214421311312412433332333224241141212213
1414434124142424121414323324214311413332411213321212213133434232232244214112432233231241422123422221441421243442142141133224221222422242422332413242143422443314122133213434434422244212323132142221333334243111342332322223111444332424423311414124221314322412411311421342224114144311141132141323221133343332233234311132311332114212121233114433114431444233132234424413134421114324321323123412113322223432444311313333123141231132243342432122224414312223312224122433324411142141312241433331422213223233231
2212122411213244131221241222333421443212121441341321243331444432333133242111411342123444122414341224443141221433131231134434131431134242321332413434241211314121444134144121111222214322414311322233242113414142133334243122413242144331311244242343223323232411424113321124433343342433442242142131433443321142233122142144313224112411111414444132244124214312241242214433341422231242132233134231424121243441414443144332233432123233441241234143221243112422141421342312431431424321111341231221312412344232423
1444243413241422213331114214442232144344432123231324232321324422334134231334222334231343221131331333412311134211114114421243221224421321211323324343134324433113441231314211441122331221223212243234422134233322424243213423121314344311342312232133311243314133121444331241422121424413312242323123123414213222133214312331233421232441234314123233323141211211323132142331412122142122314343241321344223234244414112222443121243322143221444343121123433334412141233112414241424441334411432331122333432413141141
4412323244231231314413134441321141331212112423443341222441212414432442312433323112223242123313244233222234322324432323114113432341223221322111144313133411431433432321244332222111234222423343341241234211323321122234313314312123312122234322233144313421341324144444111323112142224422234132232112443432141212133242231334414144422114331124142314114224234121142322431421243114342243414341214121431114413122233331331441111414224241343442422112213433313433244442224143232223444343234142423414423342334144243
3411441344313212443241124232311313134442443232212232241111222331123343213114432342422421141324213334332223422321332234441432324321244212413433234344322213242241142143441214121331211213231224242414132434142322211142123214332431343243442232111424344422234434244443243423441444313442231213443133314344142442142134434441113134221134111311434411324131231312334222141243323142414411121143243333114311223213224344213434434343324322124322133343444141141224234422314131133111443442122432131334141433441414132
2441232333341334114321123321344323343434431321311213312411144112114312411221313113131214122114434333221313234222441312234333343122212442412411121142324324243344224411423442243414341223334141111243332431114322434444444123121413344341122211313133134324121321112422132434342332341131423333332243444424441212342344144444431222331332134141331423121112413344321412422223422144312313422423214431324243212431421413214231431443241242324143324413412333144412322313121334321334434231443321123233123211113322323
2341422241124432441244241134124413332311142132234223212314142214313121433421112344434121122214232344244331321143441344223242213141433242234212221423214232431144114334134222432344431234422234333443221342211323124321222123342143333332412422112441434333441111123241331142321431424312441411144233421131331224124223434113344134413333212222321324133423122311431412314323433114224114423324332332123442324313312214243332244131413323211332333332432333243114432213423431331221133424322311213422144432143242313
2221334333144321124411423432114431311432111311121234113243342442234324441144124422223443343434131324134223224213142111333344341113122344144412112444434211112423334211142343141234341133424444421221213434121243114444133143132144144414311424312124422413323324134143423333312231124112114122231411413321114223341314134212414133123141113423132431313441244434322242423423421414414332421444313344242212422223323143331324224332124113424412224234344314334232321414213412241242134322132441121434231222234331144
4334113224111332221123211124144244223141112411113234313241234244334141232413444242331414144332131243244222234331224434443421434422244334244142214111333244224112133142221214431411122113233211214133311142412332114412333332321334322411324133423343311433434134132433432341433414342414444144332422113234432443231231444332232111142333141133324211221421421443223322114122212444144313443312411222243434211414334333211232424113222141321242241111331222344323141344231321412132342334121111122433232344442242221
2441441333413243133431431114233424444241133234131211113214132241432423442431412141221314112123223113312341212124322132242213212344143241313132324433411224331423434411142314123442344211342213211344424131223334124311224322134112142124342443444422224244222142133441343332222134231222423323444444231321134133121213332322323134323413321134411321313322213234243242131311122214222314144312112242232341131412111231244142134134411343222413143321344232233231221414331233313213424142421221331414232134241322433
3322212313441142144342443221134334213223131133341323444423314334434322134242321332434422323144334424214221134331342111114141413444242244341344232332413422334443311331341244132143122411223123324243144242421244422424422314413231123144334111214114431411234131223432333133441324322121113211411343113411342123141443112143113243341411233113231142144234321132243211341433242224443244141414422142433123124222421422221343432413131343132212214141142133322142421421433422424334144234332442321324131314133321323
4123114224412441111433112242144114143224424332121144324333133332234444424321213112242442413132213214111434414244131121323413221143222321322431434441113143123334433311331143332223132143332231234432311443444122134422241432214143122433232234113334442341411442441321341234321132131122323231224323124443321132142311314424423242214334431231314113422123113441432323222414321142233233312214113131424142321433321211144221143324431231133242442123311432233223411424124414433242131123244424233243421414333233433
3143212141142323244442433323444123141114113413122324113244143222122143343242333333221111113342211424211412413433413413131322122442341213234131212434211344244312213412212222134332132443414241223421332442211232222241132142112142212334223213212334111131111141332433112422211132244114212212144134224314114114114443123232244311123131213424321324241212234223123332441232112243331112111111221342332122432334341441122113442331244123241231314314441331411412342233321334344412443132333313114333423121314442244
1341431212322232413411223214121122432232242232232344222334144334314343314144323133423433232434411344112232414414123131411224214231224214424412342244243222332143223434334412112312342131143311214341421143134323443244142212242113322244224241113312332423434434413444222444143231242124333142422412432443132244242314221343141134322132443441423422421213413441224121241443214144342124123112132112441111213141112413344434343413342343432132113322323412344322434121314124114244421341214334424113243343432231434
3311111211323411414443243423323244411223423442313333222241442321133442411111211114422132424431314233244432423322321331343222343331342343332134232233323142321334433341114131114242134341234422324431233133143214132224344241413324234232412421134342133242112234144444114412423232323421343141412311423341333113433141422133324221213111412443121313321144412222242323442234134333242413443113433131134432321331144324343442441144122114411341212343124211441212321213231114424214223341233343222131132423143342422
2433312323234444243443443412131411122111131144434114333241432421143334412134133131424242423123122331324432314131441314211141424232241314431133343112422421414213221414441244144143433144134211142321331233422122312413331424132111441423441342212322333221324133121121241224214141113143313323413424414424121322424143411121124142331441244244233123343414324412111332131214223432144423433231222144334431232243334412333412322231144112441112214212244421323332432341224442221312141412412142213132123211341142133
4421322434312144223331443421331222411331242433321132311411144241344211241233232114211443113121333431411124144211241214443434334422341321214222413434334432111244311223442143321214223422334342322433131422431422312114412424224133133332244221443212432133313323423114334133324431414232243143341414444413243234113133422334414421433321413314323242313122134112414441434124142141134323141433443221244334122132221332424431414331344311112121211244231431122121422422233222443312132314114122331214443143212221233
2214111131122133443221343413421132441313212144111311241124431333444222242442244142414221314421144214321133422243422432423344233434141444314212212323343434434324423113443121314412132413444443443433231432341411434212332334441221133233312213132344113412433342224133114222234243421241121443422223113422343423111113424242342432313441141314112424141143311333133333433114234214421121244341413124412222243344433313241244324333434311431133213222144114241141413431422431141342122114121132444422124341332221312
3312314342212412334134123311312331124434332342243224343424431234124344111111334112434414224344422124341123232114233344432122124244241334312142344432131432334311121144233122321224221113124212411232442311144211431334111311311111133444133444434111411213213444441423314242344244122111111422231111233431244343441211223424324114144112211223233242211444432111312341213342134223424221222341332111421344424131124112324231242323123133211333221322232434431311222211431143144243411122212121434343443214134212314
1242234434124221331143333423314114234244313433141312214313123333134341231121131341344242242114332433241112413313313322124122223333233411212313231211321411244411422114111313131144332133233142241141421343133412414241242233341342143242313333313344211443123113311414123132244222124222132441211132121142224233433441442243131124111341433311344313113212312224221133143123224223114313424444223244233313112311111224123211131434334112112331322232214133434341242143223221222433124244223143332342412342122241231
2241241412413432144422441322122321142422143323423111244313212341334342423324242133421241431424444232122233312222422334241232141231234212444443221422344422324444332432443331411141413444234141224333224313242121322311223333222121111113322124312424134432112431242231324322232222411431243412413111333223231441322243211431444423231334324134422433323241342143112323143131322312422231112233413232314434213434114224433112243321221432334222411313432242231324214142123214413434344142243113222113333141331143234
2134224231234333411114343143121144121242333441434233242344332132233433133444122342244421334124133331222221214441114311212313331423334141414334233442421221444442123421444123144341342214342442223134122213334424112334444223413131141214114241444232421243112341243111243423441123341422112111132324434114323141223324431113344134412422112243321223311413122422441224112312314141321234333443143241344342333123331134311121114241244141113143241124331431114424444121434424434134231214243332131212312433131141321
1324441412411413231122113434121324334333114232432343334143211344312313443324334421312224324113222333434234343432241214221442211123122221431432242433233413221444421243123314422131211122134213421231213344231232432111331332311421224424214343422334113233334434414234211311333143431443413133341312443124444133433444123431341122121431422222131411111423134223141211344341441113131144142324124233221332323441114121341123322144243321433313413343421114242431433244134444321433414434121434322242114212231312234
2444324414234431313321142142242121112413432124241211312222313434314343214443431322443234441444343213433234231332334332422113233334233344144421231242411114132233214243243411343244334431434214313113414442243322144444131113124313313333411343411421114421444131244231144421434411131341431134324241214444142332343343344422243242412311243323421432114143342323312413423132112423321313342444242424443112214232211213424112344133321224221241334344411413223114442212341413224221222434321231343113234441112113222
4212243311121311213242213222241242433241312212311421414434142242134334411133314341313343334122444142131143341233414311243313133411111231432223334113441314332432241112143443442232311114243233241211421141333243423342244222221142233323342413232411211434324212342422313322133111343332434442332232423424124331411243433224343342144233314212224341123333322334231132324313432331324341233141233442243324413334241432411244224341214321321444334211421214231332431441134243144231133432241321443412234434322323242
4242321422411244341243212233341332242222322444242323133142322342412232233112233114242413244432223211311112421112333211344343321423211342132324211214121343114214223132233423322123434313221324242313442213324412313211144312411411124443224433243412423234131344322334244433341443343122232341141112423113322331424142421322223224432443112412141343444444224312141334222113313324443332224313341421134432141334113213314234122113124111343344212434342441321224322211232313133312443231241214433122113134124411431
1341411132341342324343333441213311321444331334144133141322143342141141333324344221431332121441212232131442144114421323342344212132142143113423321112323143442444444411222121243211323144241433431211111112314331424243432432321341224413333143221344123324242212441421214413114133211441223424414424321332113244431124244343441123221344343412212112222434224411134424443211112421424134134343234414331431124114242143213422213442332412134413432234413211432214333414343222423323224341322433432113144244441344242
4224222221243111211242212413334111212423444414341122431432311313321241243322221113432424144431332432233233332234224342332343121222243132231111243312142431114234242233434312434112342321314342343341441413134234434332313123224413341442232412112323112131421314122133411111111331211242231143323211341413421423134423133314224343411433421214412241121314214124321433324134122223344114422142141322313113333114324444424411423441334411231232221234222333234141343341211211343243122241114142424331112422141243441
1311412312421122414141142434432323443214414223112333113134222132322212233442213311343414413344114144324313243422244424233324221344244422222434341113131114113422213334244433141243432233311233222123434144111211124442344221334313124133144432444222414441322223311232134412233211143214311434243134223222444222414122322124312223112433242433344221433123111212222122122424412222224443114232241411233243442431133223241124332141431242224224434133444441231344112134324121141442214311134112313112111143114133341
2422333124344321414111422341224322424343331212431113341212142231424444131441123134322223323123421421322312332243111444333131323414432111212323441141212444234321421214244333111222123221312343411144132324112144133442234314222114332413134241242132233344223134223231333321322113331441124423223232412234213322314441342311113212431113312113232121213343213142342341333331241313133132444311324343422323332241432443122344242141444224333314421214234421143111424121414334243324414433343334233431221132134232421
3141423314221443421343233341222121311212323321414443144312242141442422413114443223211434424343422312323232132213441124431312422123242123333313412441113413132323322331431242223121113212444121423231124112242334112113442233222313243131133444123132333442324111442314444223123432333111323141342324341441233314244124441431422221311331341213312143321411144413112433331334114432334443114443122331211232112122312342222412414131123111134432233434413111123222442224443211231131122241434333144211134423234332244
3324442431241324434124431323113324312422443211241422143414431313313441313234442112113311121222324422113342133422433111323111242434241143414341311113121233323413213144322143241431433321412443144123344144132344431134143343442133214424213323144431234411112124314321234422224433241141344413234232133124331344414312312121131423243321232334144431333312332143121211124214234424322334414333322144414444241322144142424211432443334144211144331422321243323114241111332244314141311334222222132341121213134411214
1234222223134124442424213313213132223243444234334411333324131214424443221241123124442424333312132221342213414244311332444344142234121324122224221441432334141411311114124242443234341241342332322324234311221124332141212244343334322211233214122224141232233414141322341134311114344134233311213423343313412243224344122231412112334442412342321221321133433132444443231343441121411342142231323313141323334314312231134441214442221342122334112242343413412441442231343143424442243142424114121234431424424343423
3434134133231233323132212334342122412443224224244234344232211334431112423441331244132314342313323313141442232113241234124231143114124322422124413112334441124224434134121332123122341244414113111422214111414121134122431314313332332143133143111231344133212441231333321431434323214431414131412331332141141222343442323434334431121311334113333411124243224321114311334134111423432142222142144114432132412444244113111112342311444423311323212313224432313241323344214433323143123412423334432443414331421441324
4312331443414234424421114243213224124312411411124442112112443431414121224114234443222241441342441134423222131414332111443334123141143321143122344413444422442224244322424314311333341334414331323133223333141143414434123213223242133122224112242231124332131424423123124132444143424133322242222414134332443231244214143124424111333434424324111111144324334241424322323414444421231443434222321224334443321131134222322411432313432324421314423344213133241112342413412213413124233333133111442441233442333232131
4412311242444442323234224132241213334333331414311442114221414224133322414143323244434342224222214244123234313412311344214131233133344331344243222314141343223423342144232411332244413414433234221432141444121423314432213121442144311414142413211231122411111321221432413324321431222433422411321112342142342244121323333324341224332143314442321144313131424444331422211421432441144222212231242134211332321122442133332442113312241132313212332222222414413443244432423134142331313113443114231121131411121134124
2232341344414214424224232111434232443433143321234321412213123342411422124411231132233342424121212414442212441213121224133123244334124234422324233133221314441341113312234142223121444121333343412314222234412122431241221144323413434141144421323321233334212341141442142131222324411212234341134442234332221121214412314131212212332242222441114434242222112421434443321211444323314133334112222344424433322312341144432243232131112441111432312224243224124121331234113321432323343321321113433312334332123333342
2232432332432232121134311144322443222123312443323322113442232132123243121143233344314412442131322112313443131343332212314221431311423413441144411132333444432141233141143144244433344114134334433441314212332314432422413442224133313221141113433143121131112411242444424323142122142111233433134112324234121141312344341334241233144314443444424313334343312413313411313331121442324344324423133114312134312212122423142311421333234414232413213214323423444214242212414143123421424232124241331233211114333234344
2432414233243332431413214311142324212334433432144243444223111221442234341143222421341321242211214222213443241141234321444332211111343114333212312222431134232122331422121431144134333242324313432333231133131231242131421143341241114422423441341343233211144412221413323331412433242223322243334111412412422332142331342424312413114241314224112413123332111433334123431442313311412144131432114441234411144413323313441134331343321134323242242221222431323123312142124234212232424441242443442241323114342332312
3341112243343341344341214313331121244222123423413314241312222133411422124333311234213212322434313443231432221244324433214433431443221244112323222341344443242222212321313344343233441431422123232224132231222423244113443232333431323141322313234421313234111113214111343343332233323343133121241332412131334231314433221234413342343124432113141343322142213242242244141413141111214124142332124234211144332333411341444233213344342443431124123323212324423123433333242131122311311444324332433344142422324244214
4412422133423131324344243344113424123143142133133112443413244142341422124441433422312344142241412111424313141344223334444214231234343111434443343321232311334442122312132411132121431341412243122422124223332222133233134123414124142321221434242131333313444423231143422114324113324431143333224122212114132444422121422144321311341231433142111334343111234323441421314144223231324423432144131431431413423242143432443444333123114432144224443242324332222242244413121311243421113434121434122343233211242111331
1233212213424333121232312134242443324133433443421321113233321422232311443323241412441122111143443424313332112423123421233411411223432343442314241444422324142141331312144341431434112133342234434132322222111133141114432214123423324342113341121332312433434242223211124434121332324214111313232134122121433343333121222214142113111211322142414413421422423321221211332244213413132422132313224144112433411332223223411133311443221112432411222322341324143342241141213431232214422413434412144324313224113442212
2233322423422331311121343144414114321241314411343332132334444443232332414224441322414112334334434242122313124334414432134341132412442324214342234123131314142422413141241134411431343132323141431323232214333324211211343114244422133212111313121342344344311213411311434433213321113223424221324121122414412232421211333312433311141134323121343433131221123112424222332343423332342442443122313434323222113312224231224311443441313441344431424344224311223214423113433221131433113312424114114214222322312313312
1411311223332411121234121431323342321211133143431322114141313132444442213342323223112234213122211212411333313433122334244121134232122242133113132423343444442322341434144134214341232142344313434123232234213333123223112134213313323443411224311234143422112443231424313341214241343344342242434112441312344322213242233132233411432312443423132443441121224211232312111334242431141422234323233122211331213121212213333342232133243311223234124221144124341441241422422221411422124131243422434231134321422331214
3131234143323442431233442324344143422433444243213334321413332313423243234214432413112143444243334442331222212442134214341143312221133122113423443222331433431223123213143424213421132423323122223422123131232214143311432342333211344131214241123132422123132343224231333333121334134322131124311111214112431211444243311412413123341113331343233341143214122414412112341233224212114133442422141141143112324142243341421143143224431324323322343332412344144142441121132234442214213232233241442223212142342432444
1424324433413221244323442331222312423143234111222131324313344232231121413314211224441224143114412232341134122433442244234411234214421421122321322141214333113314333222414432314413344432133223442241311214113323244411331121224324333142322341331423244214114221221313314432341112122123413113214312231311441331414332244442124441113142122232224422411423134131244212444311414441223423311212423323213343331222441214144321144423444113122214431323142131243211242332214411212432111332331141114223242231131312234
4224222134314114324442333431111324112223434141422413341344123414211141133333244231113232322444331112142211412324231311144313431134234431322344412133321442233421243222231313143241314124242213232324412332443443422221323121224233213444224314211233212224314331332221431133312443424143121341324422241224143431334113214314431143433122322224334141324431113132244311423124241343311343234312124422422324421223334422321131142344221243112134342233323242243143212413422334444444122124124134414224222233224143321
2341123431131343343342114344124422221333312314112321441211122424443344112341333224222133213134121311112441223143144231244243342322212231422421214212122122441231444132111434112441344142232232142244242342211442223424232234324331432241314113423141434312411143443323314322312312212413133133342123424331143411343342311414334434344143111112224132314324211141313311412423424132344411441141433311222123342331322212441121241412332341242113124323333422232212413313142241212312111123231133442234432233411331143
3111314133223332242344432111323234442232433121332314121322411223131213311232343124422313121314213142121213242114242214311231142321342112133322111323132412113442414211344342324234121442414231333314343422414212231213344224241122233234424433233414131413241332222143134224142434442313123234332133123224442223222343121421131424312231321244314144314124314424423333314411323414433421123221222441244212324133323342332242321133222343423212214141321411214414123144121132111342121343434324241233423211214424432
1233131323342441344411423434441332231312421444414141422342324331213424121332221242124342211414341221223434331431343223421111423134233243223424432214144322442441434144221423424133332222232222141444442223133212442123311312313422344342232133232133312124343433133432234341323311222314223413421344434131423341432113433433332234214323413342214123242221123443212111233213211123132324213234124442311244132132442333411142214431432233443231333223334341131113331211223331124244411234431322241341411114111222314
4423232114132443333422334112441122131423232322233123414242323134311211122421321231444112222331414224121131434232134111433412313314124412334144441442141112444114432242442143321224423122344322111421233134222312214124244334211324322333313432343422343221132432112312344323422344332211414142124422122334434232223331131232324111123333412121414142311224122134111431341441333441113424221324221333214313331414232441334222141131342412313113344224424423144414411232141324111242113134414233244443224422422222434
4143114423311423324122313144312311424341344222244144241421333222213321134113124222232111133313231232314433342121132421421321422141312421232124413311132212221422133241342213432341343223233321224333321334442232212443143441221232431241443334434323433322221323433122342443243313422114343222233213412321231141133131441124411224231212142144434221322321334241422124342233234242111213123233414314214432111434344421233213243113132433441411132133241232414122122444114124244433111231211243334444234432221441241
4131241342131133412144444434211121121433442442324333242132141244311311442131122423333241413322312331113443144234221431222134133321333222213213214224223344344413323211233134343433443244134423133343221343342123124313244434313221212443333123214134242122133332112341414421141421122131331431323331232124443221314214134113423423111423213244132122122233124233224431433213411223424344143111312323122222114443113121431134431434144243441424142112222114122121123131221444224344221241221244334114311214321132132
3344332432142331111222413214242431334331142123441432312413343422124423132331311113434331214242242324242311212223312431142322443343324323211111314421342134242111222244223113232422124412412134324114222332212233333423412112431442324431312412121133231421341243444324113443212313112414114134331242434231414333413312312121411241422321244232441131334414132443422224121233231243214131413143331441314343443223131414341334121333214441234443341243341312312111332142233113144243143121311331113133111433421441232
1444123244111214124114444342324134321343313422133142211313421244131342211233221414423441222413141443123334224223112222223331214243311213342111143241243322433122123222341214443133411232324123223342431332311112241233234424324222123432311424314434341323141213343113441411344114123222231324333141124413234131413314211122234132132344142124331232211134314133314432142314134423411412231424342121144134334243123232323114141244312413132412124132324111222324314441111112414132321412322244114332241134412411133
2221221231313321233443241114334224424423243221121241134214344244332411444414143413114123244132411424434222443311242244324232313322213223324122323321122444211341344242243233111132242432111141311432132214324134433341332443242243321322213443433243144342214324123211312211411412311412334443322211211334242314242124123341231114123232143113423323141114411411423144211341423444224334112422431231322113224243424411111133411144424211131433211322441221311134221231214414243342441132413321224333224211132143123
3433422323142313332423341323144424212224232333312321323134112221423112232344214423321143414332134321341313424343333122441133242431343123114444132134222414131114222434122112424224312133414321132222224211332321343442131112312114222134442422113223142311333333431324324112313321144414312434314242323344132343124124134114142143112432223133232211124414313414342342343131333241413243134114422333332134344224442233241332312132231312344242332322214122322244122413414224122333234313244112324212123244221334312
3334332243314423211433141343332422232321412441143323244244231411432343441431214213344214231442142441324113323223431412322334344323341214441232242413324213113132434112121244333434331343342422233414112342213124242322112134212321322141224214132133441411332112333121112414333344413133232134214444232424434341331224242344232211424311334412224413441113223242442414241131213344421114341434143421412242244413414432134321444431144211434142242123322243142434424132322424441313433221141324411434232221122341433
3344244444432241241341431241232133114132441122434213143332124411441144312233242134411342424212232421113334334142312234334344223133231222331233422331123312131343441432111314142113111213441441231414343223214224214241134344314132324413342123123341432432111413212243423424134223342233333241211421234233331143324113411412223442321313424433222231131133444133323442241441333423422214412443224131113434224241144344114214342232322433413441334112134213321111144222333323141223344311133234424123343114312332311
3241141144313233133421124422233441141313123343243131322414231244242121342433431124322133122441132321444412323441224343214413324314142322421332142122242414113113121431312122114314422344334211312432243224322411212123244411124312244232213111133432431343311224112333232311112333132433132313422421412413324224131114142113312442124124224143122443123412231232322214434442231211232243342312411443131333232113343342442411123333242314412444242221422331212243434221332431224413241333224311431232334212131344142
4233243311432331221422312343134123123233141331234421224123242134321213222433224321342123211433323423413314114434342314414314244441232223323121132343243244411331414332431131313431412123134231212443314343333122432413112411433441432413122414443143324311312421421314141214313233314123212311142233111231143341443421211132412344433312431223423312311121214121223243233113434243144313141442241223422221412331234222243431243421214311342242224432311433324234141212324334342431422214133414341443423324412433232
2232412113331143331232344234412424221222233244441113213322213434434422434412211223133121213332322441224223134334231242313423423241223111131112242321413442212214142133222421224112344431432332341131412322244412214334113433414214433342311232422322341441442143423113333333241113144112342334221143243223242213332334243423414131123412313143231324132231244412311322424443113323114433424132444121212143323141341111131321224334121443312122441124243223424242322421313221441321231332414434334424222214421232321
1244131131314414112443142441311333414321143143122322121431434122212313232321232124442234313431442331434244231211212223131411232234131233424123212111244233323431424112324411411111232124421112424111321444442241133114133241441144243214243421223323321223111332241433421211343124222131424131222433243341131134324333313311344413333342443422322142223123122313142111133331314314422414242112441344344243413224342123423133122214222341144331131412132243133214412231343134121141134131213312222344244233431114332
1313421422333113333214433311343324142312432334144144313431441341311332111324243433334323132332313343133411332321421242114344224341342244343332421313314133422323421312414244333442211312232344232232313432233331441112131332442322321244141444221442221434414443341312134214334433212114441322142221142243413131111332332224223312341223143113322432424113334344442142311244141224144121221322212223321324332443212221411243123344422211411324211314331341143232322313411413423411142423124214312344421443423234323
4344212114143412241123131134233132212224233212134413344111312232334222122131344313214111141133433212132344134112144312114141222121111231423113144114412442113443124422232422422244421424241213332343132411441313342434314133211432132442323243444423343241212142113432343111112421224332433333313233134313224441421312214124234441212312223123212134341312114211444444412234232213211413211423444121434243232434141121223322123122123433223241312243312333343431431143232311411331444131132331141241134321332142211
4121331443231223223341343214121113331111444342322112112133133331222211434231333421413114432414313214133433413132114313313113444341241332342241132433111443122142132131341322424421242422421121422112111321123144134243242113234222112442143341444212221313432321111334241241343242332214244123114234414442142232341342213443234414123421123241211144231131144242343421412111123242432434112221212222221142212232342322433414442243344313112142312413344212421333224333313141224212332344223323313222122214312423222
2434444141431112322343441224242214421413111441221134322241243331412441331242123213212332332432131342344423222434424143344241423132121244334433114141142442314244134431411433141341431142212444313441241142124313322311234111411343324323134313433411332241133132221443241442333141323333343132424142442431311311222424242224133212142113414122413142334413333322414414432141111311412432412431143112444441322323121412314241232442142123241432131221221323344223141233131232133132313333143443314131124133444222232
1123433311144321442433231434131332141233221423122143214232314122211333122332142113133212432224424421241311231143434121414411134312143111221222114144423311221214143423342142431241241111142112122144431431234213142232414421343223311142341441422243323231412412421134233324432443221232411114441333123142144112332413241243141233131124344124414144314313343441221422144243242133444432433241412143314411123124422222211313142331222423112143132134443234311324322341232423124144321142322342232434321111334121323
4422414224321124122241323332411224221424333122414242213142414332334433111441341124312224121114211433221343443331344424441423424211231123341344143222113124141132442122214423313131244344324324233211243334314433424313341114313321221142223234124442311321421424241421213332212312442434121212342142224323414424233423234121314121214114212443443342411113121224211421422223313324311221134343222431331412243214224413444342243411414313121333421444424221441144341424442122144242133232234232114343431214443431312
1324232421132312411212231231414133333143223243432144423224323121122444341222144212113441142322141224123212333314123133242322434431121211411432331342141144414214323443114144233322131411131222414412134412414413114244114114312421313413244143314242313422321311442222324431424344314144443434134144243431231124331244234232412222312344314313143344144211113431113132433322121112211111221223122142344421222123142343232214322333442324324442331132323223113224424431124243231313132221322414123113343121111331344
2411444334321113431223412114243132134421234122422224212442331211421411134114341131311142231424141222334323144343323243344433131244422421323232223432231314432133441414431124211114113431322143323341441324423242211322234131441323323434331214114122332141324132424141213143123134214132224314332241111431213213333324224443212132132411421444442132241414221331143224113214224414413211424124221232232234143122443221211124311212323231241222331443142241312433243421314124431232431211422441341432143134223431412
3343411441324133121244422224123223212411333141231244233143312144133212232243321441441144324224234422312322131343411443112334443313244121312312411242414242231411222414443223143434133333231413222324121121334124232411413143312242133114441124342144241323334434124143211243114432132433431411233423342114224321432424322122311342322432424413432423443422221443144314341213233422332341344242124313424334343324413313114242111332113232221432333124141432442143342314431324431233414132244223233432321312233131223
3142232431142431332111113311434122314424443313443423112213243232211431423341133432113133412422421444334231212241111433424111312141123234314122322222433114333423313332423341224442143113412344412113411332442122133422122421134221144322122422243441311141333433241244442121214133114233241132313122441112342244241421144234323242113424134344244211421112132231242434134213214114223134111224231243233143344232341224314124343224213144331331111213241123324112211441332442232431334313412113324314443123411124241
2122231413331344122141241444432142134143214324222134411124222111121241223341213113133414422343421242433144224214434214212241144233134114444443323342242422123344322424412214211223244114223243321324223333333213433122313422211133114113131431413411421413444341144211112234223132211431414444112113114444344444322433411311433314222333431123414133241443242343311232421121424232341421224441342232443124233421241212241223213232412414343342313322323334232422433132232434232414313121444212322422243431444333312
4411111343141142413321424113431333234323414242223141223424322122241234223113121144141322443431424222234142234211431433341121413222443312214121224132132422223424313232142314133331233413214424232344321324324334424111242132212332334231424424134211143112112212311333422122124212121222321332224211122422244113424444412111243121411442333421132233242314433444313113434434244141131132441412424114231411142311131414344423333314133412414214313234314434113442243423421312121124431413433143444431332314442213112
3314424334241344311422144343443311112132114143413334332223314431211122342432442213242441332331141412132133231421424312142321224332432213211421132342431421224412433333412334333244113223311444144131441112233331442411433224342342331223412414222311423344431411444332131311434233332313222421133421311114313332114212141334221414212331311234311132141231434344311423413412124312324414432344324323421444113232313421131423232423343323231442112311231244431341133442333323441422342144412142333141234324321334133
2443214344423144343143232342412211442142422331334341232232231112323324341334112222212342243234443222333313222434222133121442113233444314224341122421414433221132421334331144341141334244233234222332433414133222211344412333311244322212241343243441112442332423224143324144322243444423444114444142433144332134412241214244341223433421414433332114143442133334222224442432111111222241244222324431124133411333223421331324232124213314144143412433221442424121122344313423422311424231412342323342133213241112212
4444212441224321333241344244144411224123124234211234232241121123121134342221433112331231223313333314134311314141423133122114234434141113111121332444431144322244123232322323142144414434122233241333421422114331143343223114413424412433314312111142422423143333443442343234444431121233242411131122144433414331411133442414331422323412444111343113421232112334144212111131421234334423424233111441111233134124341133144134224423434143241343342434314144333141314444242134224121234142341211221233113231241422341
1121111242122413132113323431132443213442122113222343342114341412213314121221331434241411414424123133223223224321124434243343234333322321141443432413414324223343422423232314323223242221144122242313121421122441331332341241213424124224224311421331432142242431242324441244233424323113124423124431434343231241144214422313232431332411131312231111211343242133213231344334231142134234444124334212224244241314332421121312234414131443311234331344121433322433341213414333211331343132431422221124221413332343224
3211241342421224343444442431134121243344213324344341113243242411423213131322431222443433213213141423434342224313324223132314411441414343223431311213224232312243341423123134314321243243323431311412232444414211332142342112223144113313142133343113214234213433342143312324133212313334213212444424234233441432334443212412432424111324211112332123243322411434412441211122221324213113112211432242444423313214143243222233241332131114334134322421233113414124341434422213112444212321441444211141432232222111143
2342221442342221241221221312444441131311124321113413234131421121234313144433431223113244224111114111231433311333223221244413313134133441232413433122432223322124413214212141121431111413232121123441333311413113213234133312242433321211132433311441314234214241224223144422111144334342142321124222341311321314433424314311443342421123344213144412142222241142111132111131124333313114112311122132212212223333144343333421214342134132124314434333431243221132232433423432214133431431344431313113142112331213223
3141311341411413133342131114314323113114131341424112314213123231343211131112111342122334323133234341324111334131311134234341431333221312232234321432413444131312314442314143124113212222242241414434421341211232143342141122442333322431242342344114243434113342244123244322442422341133144344342321224123231442412333332214424213123131413433343111121443313423334124221333414134111144221332141433221221331123213324134434211432111324322321143422212333333114324144243224322131412332223412123411233434323142224
4113133434323144144223414333131124124234232212111131121114113444224142112412144234424424331412141423211212314331144331444211444334141444443343141134131424411321312411434241334433132144323132133423124423233314414334422432344422332241412442314422231224211244432233434441444432141213433312313244332222231121212142423123223211233414141441332441143433331414334343333124114311313414442123131124323122332223343243413343244313342242324334434431441342321224232332424432214443344142444413244414224131422431323
1421241444142234214243442214214131134121234211321421423141342434443424242343444112434214223341221333343223433412212212131332341234344221122322241412313222123111241342223414113141113213411311241234113333141134343143111222244444234231212241124221311412112221434244122112233223131442244313322132331334143213141434131333434323423322331431214231211242241421233221134131111341434113211424321312232313131224144431413114432143421413141121224433332141132134231413142441233434111341132434344343444323441131431
1121312323334432121231112311231243333224143431441243211434131213113124131113241121132114324324433244114244413443433231433222434121422324423344211442324141421434332143242244333113223221323214122411134334213242121311233343313131442234223213133314114424214421312321434443114142343112143311133332241423443244111314414244432332411143121322314433344141332124344132214323333432144134412421442341442213213222441221123222344212144224214312434133224133344122444144434224142133221313231444312222334242121222231
3444412343221323444114114241334141313214443322443413413212134344431133223311212211243244113444123213324224433232233124233134422211121422134311332313122222433314221221414311121224323233314414431143122312121112442324444444444422342322334134343421242141242432433241213121212222133431224314142134422324321232131214421311423122332122142234231244324444133412313432413121424433312113334211242344241214214311231442121241444432341241142113424422312231222224343323442234142233434243244432334213313112432241442
2342312334324343413143321333132442311321112242443342243132333211412324244314342231412112241423241334312333134333421421412131124133311132424142141222442124341431112323144344213144214313243333241113223434243213211234234112313314414331121243242443221113124221322132222313433142432322322212412122241143233232143323443423111142411242121222342211241221213113122422322331141122132221323312331442212423133142212312231324431244413432434322223221431443222411144422243232413122324443423234411131223331224443224
2212341442143232123112443214442342433422141143134143442234411432423133342333114144412434214411343331223222122332242242234441134414414442121321422133121141411241211413434333241143133223111231322231312241212421434244341323122321412323422242141321212421122123221123244342224342112343421132421314434141313331334344111211222433134111312243321213344312112323214422311144331242213344411333144421142211242223222231324422313241224144323422241432112213233242314244212411344413412312242424421141213222334132323
4434121133243331442124344433344424324244434144421124224124312421321131122131222311331122133442444123232324431231443213341131113442241312142211344433143234143131112133311444413142344241411322331331141111114434243241423334234141341324442231213242421422234443231312323122223343141321211212142314341124311233434332311141343343124321431322124233233244322132422221343442221131314443113323113434321224133131343342214232421311232311324442423344332244412342331424343112232422241313314312333411243312133342241
1122223414244334341344114121341111441244422241311323431323132141324121113334243211222224212423322412421434132124141314244232331124321122141142413342114441232121333212131234144323123132313412131311244112213331343323314434414232433214443241432143211314324114311214141232423341322432112134121314113211234134123224443324321142414111344142422222321412324434422432131143311111112321323421243134114431234224114343224242411243212133444124321311334141224142241244414223111322414234124131321313413423222212123
4331133443241441123121134313214234444132343143132132121411112323113121414322323221244131424142342432231244411323132144243143142221314144424323424111422323421333334242142222422134434133231344344412243134143331444414211424132214113223411212122333321131144122423344131413434241432242331444324221114214134143221111314442432331334122142433434322111133222323341442312123341332341444321331421324331232242312222131231143123124242342341122424314232233341214134423243234321344242311133113442411214233423433313
4232144313224143311223113223231342442134141222242123124441431424313414224412144213111412222134221334233424122132341112344221313422133423231123121132433313414112232323322123233341321111242442113241422124112322413212122414113411322123322122121132433133121212122212433413313244222212313424143321143132342311233431424123424331332443122431134122442112132331313334441212313124211431224143143131412223243332313411342433114121133311132213222121341243111444141124113342111432123311141433332221223331223142312
2241241241311422314133122411341124313212343322123222422443424344342123112224413142121324242314342332113342342134432214141113311211343341142314412224423434414232433112133333322413222434311341322342322424324422111331444143224412414131224443314334433441333222231134212243213422422343212114134342341114244224433324231231143331342324234124113241432133242331144234343322432113142143334321214213113311111111141133142431442333242223424114433434111341232244411214343324441114444313114423342412234114221241312
2234343331242321334432313342411241442343123312121343334343323113313212233234213432243234334413214144324413141322213443114141211322112134431113341412223221224111421311424212112242212122213232314312344334433412344232233441414123311311431312213212344422424414222414233224232443421141111134124123341431134144344433243312112231412341334321311214312423444422124242322214233334143412314443341112433211443342144432122213434211314321132143242111244124143212241313144313233114334441341222134144124434442331424
4134322141233112314124133432312211313143121241221211413444414211314321431231214213413224143313311312144111441444421313322314322313222314322411242434242113432212134211344223422332221334311441341441332324433212434332132424134131231243221123423431221244412333424331211443133121112434223131134213323332142232213133342133224143414324142244342433311113132313334141422134311221313144322411141232213444231233422344131221434331433411434121414142214232411142411433113114422231224332412424132134342114313432234
4314421322321434443233243342141142144124132142214223141434444114431414344212113214131214113434431342424312223443222333121114312213433331142243432333212414122411232423311344332431111422411212234132214212242221223134223313313211312232242424343221231142423144334414244421431213114422434422432313431141341342241233111411121214233443244111233422234122233141311343433121222213111413114231444112224331132413344341232334234112311232213322342213323111111232411433144224234434141331433211244142114221214124242
4422214432134423213212123133341114431323144121113333244312231124414213111324124141233421442332422324214423412123232223124421322224244434334443331444421413222141424432322124243211343312321311244414412342213114434233131142322211144333342323423421343131424421121131444443343144332221344144124441131111341324113441441422144331133314314131211331432313424134133233331434441114211234314443343423344233121412123111341242121213313421312314434124411133413442331342124114414322333424223322421223241114124213421
2313333232442244321234221131334434344131244321123333211332124121342442222143334242441342134121344131442131223332214413414411314224313242332444131244241311144124233341441332213441144141443113333421232423144211443424112243124134433131221312331123142242311213422421413413111124412334442111332322222321242124324332413343421143423242231332131332214134313414332422433411334124242313124133334322223144422211413133233341144214224244131423224123311232423342332312312343314244223443113344412343131344422333432
2244224141111144433434143414211334243433434131344231314324134324333422121131443313334241333332331143411313121211414443334241241414144231312442112114233431211213234223343232141332231311431331233341214243332343331123434442142412113114233123142444222413123124433431312423421413412432424133213441112342412323222213413224143412211331311421344424142113433332121324143223312213112422433313141323433132342313124313113214312343424331312432331334423133444143431431131344211414332123111431312331212134132431313
4344223422423322142241134211112332213432343314122323411113123232314212431314132431222214414343141141111243432231441432131224223243122234131424333241331123213214341232324221411421231323342112114314332341324424143224411112222212321431421423331324123214313224241141414443432321332242142322344143233122412424333124441124141413121131214321134342213244323214133323124234213313141342244333431332133314321313334123112442421223421143343241123232313133133411424344113443142123434414142442142434421431331123413
4212414123112332434411433331334244132133432441224111442122231432442442433322131323113134231212133424124423414333414132441122113332244324331421312244444432224413341143411222133311314312421421223324144232314134114124114324321111222242244231133313134212213122433443323212312432211114314213214211222222233212321312414313431314121412323231432332441342331342131423321444443143112131124313424322413242424214344323131234123241122333134342343143324214114244242323213331341333413232333423324232334423242331312
4241434313224241223412234444141233121232411443443321231211214333112443422144132111331123411414241141311443333241421143114143412223211221132324112314444331342341323333211214314334112312443441443143112414332121443243431441411311413443244211133434432321342131434331231434442434334113233314113344232143233321313224411243223224241124314213414443324221442333423214232131434224131114411124313343434312431321124211121141432124443121342133143234434434232343432314343414413224224414434444324432212334442343321
3134331112444224233223444223113242243341231343123144143124113332214142221333212232312414414324444212414242214214231312212211122112124444224413444224421314222124231214212131131341223113422233132114413233344224344212413343212222334133313433242414434244211134331243331143343314323344344321331311232322311414433433131344122221432421311343231234231133111234312343414424433122423313123243332341412241113133221343232143432112314113424223333111422323423432314413233321114322114213244221343123242442422243311
3213222121334122123331222213331244142341214221321432112242424132143142321141311441421443113133422342231421224442321324133122321233411343324313413331312132314111133422434344444424341434433333321311311314443413431334142143213124121143223122213314344433311123122434243221444431431434343314343341223121232144311224244412133424343324234132121243311422331313113311321431114142444332423113122422313441414214331431213324431424223243431234122132242112232233221234214334434231321132121244423121341222331114211
1114121324432331234432222442134133233444224443242131321114332231323244423132141233341231313442312241443433322432113222123442411313143341323113322443221444143312134124312411224441313313211334322234224324231242323114121433344311413433412111433321333132112312112214224424131313123121323121422224224244443323332141114134224232122143433332222242234233233234234121223124122123342134313231422213424443433142412314422213122414131233313133123211114214313224412443111222323233341141324213221424344433114111221
1223432312331141211234344312341223113322124222433442442331411413423111144212141123444422334342332131212244423143333322213141233422421133132223343133234343412122343344343321224333222442224122123141242114332313112233212421213231233421111312424334211123212122134322424431143244332242314323134222242243444414421223343242143144223422312413332122234331113413241221434422213344131432411424214333221131233114124411124233333421432432444344124332243311111221424231443213411442441111122134341311213124331242424
3321213121312141241443243244124324213314322431334233132124332423311112111314441141232243433423334211143324342134142133242344114111243424344324432214121113413134421243423442343342214322242214333414434142332342333122144344212131141443243242143234213211222332244232422242242112134113142131443241144132322243413334414324224321143431321131314331422412411234214331243233424314313143312244442413412424421332434321232231122134143131142432113442234332114232432432232433234233442121132433431344421132143132431
4333334424222212232234133212432441422234142323132442221124141431224224343411144224442424123142213124413334113143343341443314144424342443114214341241214234324344343133133344113331434342133221324221123343224144121133342221414341441421444243133121241314233413231442212441421231133332324131332343114213114211343222431314122432142211331142241414121134332234312321311133124344314422231431334312311314114212334142144411234324442121211141211131131114224214221142331322334144142344234334143144313322113331241
2132312231132343411443211411423234412141414124214423122312231424232343121212131442342122423341341411433221141344332242411143341343112323441431421414211313343233313432443131311332341342143124224332231434324423412244323423244324424212342124141234214113321231114442324421311113114424223131133343322443134444414331411224422324322213113332121324244313242211434441123314424232242422122112413141424221324121112222323224232321334221414443334322243343233222312212133131422433223131111131411414241111132224431
4441343232421112321122313233334433332422312334231121321423434333412444132424142243441122213211244431434133431213321124343422114113213334221232112142444141121224334242231324143424314123322313424121433311141312431233233434233142232443122323233232221424224222233413233431333332412142423413221422133421331422341132321122224244422444221332322441414313242314312342442242143331234233144412332131231441323331232142422424322213131124224322241231234341412124323242111112422121223241212133122324224344133331321
2141332442222244344343221331143131344224412424414224413422411444111213122442424313324223234433121422132143143434224433213221343431131344134442312143213443424331243344224343224432134421124233411133324124413142113344123222243131434223311211342421411412324123313321314122311242321324441411242332132233434331342424212322132142214231244412313133434131334332113443324233422411124322132442124442143213143333121221441224212324312411434324214124324412211322223221224424131112143421312232443213334141424211422
2321211422131123342311213233341124221112421422114344213333211341143432432123333232441433443322143241442211233443434422313312434142321334423113221414324113431124334341223344134242232331442113231132214123324121413141443243124112223224144434111424122322122114443211322444313224341331344242433221233224421424342321311344344144411243431144232221332323112442121433334344214113114242341133114432231414143113431123324143132334132134124433233242221332323411244211414212444343323441141411413222441342233134343
2314242244223222144424211323444111113441431431241433324234211224411344313324312243432143143244142233124441232133133432333221424324324334222242423412332141441344141342121413344231412434222124333421211142434223412321241441331432411334141231314434121231113233132321311124441221231212122122331433331441312424344442211213114113113232131132331441111441411321131223322321124411121211413231242442141111424332212341121222411132121134332111321241144442144232122223414411141312242134334221124243143434323121434
3131444132221432313231311222431124243314414444433411431334221122432241443331121324414414242443342324132324141333412144143342424332411212444314142122414344334114431132433442332323232224342321344443412414434242133414122332344431333411441232111243142223132443321342112434232434423321221131243311414123322313141144321334322142322231414333133313334224322234214444134233312421134421442333143231312344311421142413221244233134234242211243441222121332222433444441413314423242214432333114242212341133142132414
1242332222313443424442131314214344444214313243442413121131234342442234213331112321143113412432344113243232112313342441434423122234422344322132333411241342424323324321124131141111121141242324323232413342424134241124311144243322432224112431341314334233111331321111241333143224241112314234341312144343444132121213231222124431233324422442231334241122224332213443323243141332244122241312121413111433332424431141134344111343234114413443114214123441342313141213323414244231414232324343111434322214224213232
4124334421312334334412321214433313314223424244144414231343243241423413441344133233324431311422221322123134133323213322413232141142222141231413121331342432222132233412134132143111223221321244111311142243132114414221334111132221341113222223223441344314312334213314313413423342131232144443213241443231344442343213322234241142214313122142334122144414433422321222221232114341121232442141414432233333231414134324124411434344133243434213122214113244343341241442124434442212324124243322144223142342211122433
1112321111142442314332121434233231114142223443423444232422131241144341113441141143324344333442124431412243423321423224244121341312424233313141333221123214122344443144421413332431331232312433133244233432421243213414323222211322234342213233443222413142212443211212142414314322213214341142441122143212133424212114221141144421124114133411444333423223213112132232222231113112242134332214334442122114222114421413313422134314121413111144322314214121422121244111323343444232113111242421414143441233244224421
4424323423341411432423222113322424421111343314413322241111343111322212444334441211312132444421331311321221111222234413221122443123432443421412342314434341321442414411221114423113133142144233133313424421214133343433324411112233421343114431211324224324444423223323213231131414311214144224114224323134141324313424233224433142322124322331124433322233321142344121331113214244341221141142133221124121132122322113144331432214141413242241441344441344412333323221113112314423221343241413443413114142134222141
3334121241314411132341211322144443312142334231141323433232332443441214124434212233313414333231313243142111233223324214413214431441312433413142243413221432421333212132223112132341322441433344313311311141432221343334112421322321233241411214434423444222433323212314442213232241243214314233234124213241243144131131411331111122324234321241312324132112344244423432413442441124343434431141431313332313121124133411443122333441342232113143441421213211312433112414321432421311213114313133211333222312441242421
2143331142314134312442142114144241412314314221431221142234211243443313141233423314324343342414131324334241114341113141422311144241421322114323413322334323442431343342442322312343434134142324332341124342232142434322322314434323232422344122434223324432334214143234222121331423143222333422441433331222223421221344412114321212214114131224323344442224233112443224231432342411432124331143132114123422412112332113331313411433332224411243132221113332312244434342111211342414324121344324434333444131342233344
4341144241223342233334214213313224224324433441241412422224224421414433323443313321244434111234311233233324122114324343212421334132421432423321441143431312413341214113242134112121132222141121424241422434411433111242443232344231322132411132131142431121442441143321331111314313112142123214121131432131324243433114423341123232241342241433214122131222114441441434311433421123242231112333424342334333331422422322312324244343324131411122112414431441313121432333111211343442342142422132223334144322413341344
4434213232234333433132212423222441134142231233432333123213441443132114242441312342111142142344213134134222342232412133424333424413211334122423434232444122214344341212131411141322134113133423433442442423233233341244333432414441431223424334122413231344333411222314414321134322232112244421233331133231432242314233311331133111123231323114143343431141113123232443114433143334131444341223434334414324221321113222421312444122131343211212322314224112232133111112221243131141343334243234213312433144142443143
1443244333111422213223234421131242243114332434322333243232233411423134341131121121214334223233432123243431341421432244314221223133411232132431214243113311234442214234324133231311144134142413242344432132242132121214133443234441322323424332431332432334413444113113342114334244242332144444441311431423232321121144214231234133322212131211122112434123142123211431132211442311211313241332432441331442413243223412233433341223422122144214422124324411232311241211332343411322321234322433222324123223143344123
4233231434234413312333344311331312232121432314142413211424242421213123313244243131223424421413113224114133141233143432234333222143411324111432332214224111434244142442441222242112432124433242422414114443334111431121224122431444342433113343113441221432144333311121432334332141233234442222233314414144431323344334114231331123122444324143214134442323214443143244333234324322142433422123113224413421143342423211212311122241444312131324331241411413414443444122141321124414211131333334333222412114122233334
3143323134424314223212333122312312411144144432344324313124121214342441441442113131414433342411114114113131424422143244211322131141211121214144221311321411221442141443423332321241141143243423422331124234444113244424122121343131212441334442442214134111133323131232231331214422233413243332333321344412224332212141412124212123422333431411411343132211243232332331241334113334134324212423344312431214421123242444124443144144331421121431231311413331121112124312112343444422342413414234313222324233234314234
2241341343322223111444232441441334144431223324211311134212322314242122213414113214243324313332443421312344412322441423442323144214242434424112243142443331441221314432422321324123144143434434234243442132141432113132122313314434223123444123343423424343232434311314324122432131113332111422443212314413411133421132312331244421131211444443441121421422323231231432344441322144231441134212133124411242321122312224231333334131431344214244221443331344232443341423344322412133141132313113432122121441324444334
4141143344312333121434314222421234241144443321331224123313432334232412122444231214122323344334242434311442232413331141442342443213234222423331222424311123212442424141123144144123224124243323212214322134233142332231214124214233221244223232212121144412314312324322233431332442411443143444443243342113444323242143313221112113112323432131433422321433214144424221443311132321144314114322344133144141114333322334412132224344334132232323141443313442312434331114414343443242444224241231243442331224224143423
3313214241133244212443111333342311412444214224124333234213412312223342314334214244123413412413312313141224413341144314421311222322142432422423442431113314223131411233231344231341233211441231133112333313112121242142143133323214111123143441443142314311414244422413234344342232111142423222211211242414441333142114224434333133432142411414433213313111134344142244141332413334232332322313133334432223213211113432322331223244132211133441343243434111241143124111344124222242142421324214113212334241123124133
3433421334343423434234311221243424132131413224224324334223324221214141313421144141244234112312133213144224243421142334234433442241232243441323344344411432243131141123421423333432231314412211223321133112232414231334431341442312434244114331214414234413213412134133311413111432334431243333234222132332443422421313324221132313431211231143432424132441412314144233344111442122123341334144113211443311322312134332212441134331141111333414134333341133124232312243131414143311221443122424231422131313413231122
2233133412433443314214134243322114432113134144431222143243242232112432221441131144141134222114224423423214432442231221113243142211322113422433434433131332334214314111313124421331424321244134234241221322333422122311121311412212414423421141433241422442331212332123334231212212421113423321144231233243421312311132232141314321121431231114231343231243434433144211211143143323112111323442223332121223211142122211441233123314314113441123213114432134214332422322334112122232231312214231333411344321323421341
4413221312442314344113313342124233333332411412412131131311423433343234334331344321241334244141232334314343343243414144143124122141222241222224213314141341231221112422222122432142332112414333322132421443443413334134242313321213441132342333224221221431112123113211113333431332431413331211212231413422313422413234342142422232413434413244122124323331233133334241433333411144441323141141444434424322323244144111344434111211434214332112222243232421132323442124444332414311333122121122334323333422123443433
2414113214113141344341214433313114134134112411113132212443331332244441234333131414423414414231141221344332111414131322122342143444112433141414221311111411243333111434314234124334141114444214221313313412434231434444441411234244433414322434144134211142234244311123114242334133114332223213313143314323442312322212432142444343331442112121224234441121322423233223142423414142341121223322111342142242413143441133233411113442411443321213124411224343243311124234312124321342131432243311313414433441132323231
3411134321231243134212211112131444311241312331222311324141231134233413421144343313133442431332324344242131424243134124113221334421213333212431432214313322133243124244432312434214113244124324214413223244424411324344314113124123131134433244332333132112344413423244123224111333432212422321132344221312134232343213113341224231224112312321214412343344221242441311414333434312314223431433332414441314124122244221211242121124321132423411341121122213244324231231131341123231321233313232444343123142321144314
1111212124441421443344321442324342441423134313124312231233242411342421432323433214124143311312111413332334224433212431432241144344222324112441312112343122313241341323432322224111214342231123121321232444331211411244343313112311114314142312144342411142213141132221231421324214342444411221422341322334424141142121433422341114131343112144342341124313122144423413221423243344442412313234333132122211112211424234221434142132122142224221441142124212222311143143321432413412131223132244324413114224414443222
4424413422313132412242322413141124212444214411242334233223244241412323113421113123324244434214421132443211124443443341223122234142114224142112421114231314114313314231113422123141422334231343433422311444332234241444221114444111314244222112314343321242323333133322331441412132342133412131444134242241131443431324413322324142322441341314241133321221112112232134443411432422313321313124131423433233342424221233312132233314244242122224424224334141412112314232114444134343432224234333223313311413434341334
1421411431444321341342122322123322233431443133333144232343214131141142443342121124113322114433324321311134213434413414322124123214213424443132134213414324142444131123244332343421112321232341324234412424233424114434443343134414141333334321333423443211432424414214134244223433113113231311333414131122133222241311142233144232131423231424131211243422144141134142224233242232242412221234431424421144232211423441413111131213443243111311212143344133422124422243134223122212433231221313241413432241431144224
1431332111322131322241324334133223334111331211443333323132432122344314434311224124333231433111343244343343214412114342421421434123411241312121224124122411331112112321134323443312142133413341244431423341141342344123424414314243234314413324212231142122142431233241333413232113433141431442413224214333241122343121434213143141111443312332133421231113443422212442342112414223444234223211124132414424144234214321411431231232311134343424144444412422331421143124332313124443232334243212344314134432422122414
4141443243214432312342341431241411244322314111344423211241444133424441422121332133214414231224134412242234213244433211223112341324134133132122334334314224233122332442224413424142213312242114421322122422131323314211221132241124223144142413333212114111214123222213341332141322111111142344112443444213341422133432243111332211443223122243134342344421334233113412313121241244142344433223144214232111314243433243124132413443132212134122424233212231232321132314434423222134213224322143414414343144241421232
1444212114143414233123341312324241234323112343132134412422134344221411324441421314211132221224312243123412433231112121414233132231111322123322143112434442334332414412424432114434213311312113343233131421124332143141114232343432222433444414244343243124332233321211222231122324241321131124211112414214144232314113232341433221114332343242421431431143144221113422334134323121322311331434421444143212443232344234223143113121312212323144222422133414323424222224212333131141113323324122321124313341434343121
4342414324224344312313421144141431342134323332111124131332424341412413441344431322412324334343312123311132322442332434113342213234223132144444344333441434123341113233333314411243121433214231442144143132413213244113211121212422134243413324224432143144113442443243121224231411342414323441423211134342321333231123423211234244133313214323412142423124432133121332324443243433114113424113314114234414234241343411412321343123333133233424431343312232321412243424434234441431121424233314131111244223331241123
3331212111131431231213422334322442242124334243232314222243111111444132121443244113423133322232113444241132434423431343233131414334421142311112322422144422313332411343421321314323223434324423212113213113341131221244141433143223111411413332341433342112342244113322433421231314231142212233433434231223131311122224223413421221324434332242421344311221433242311431211324332313322224411214212114441331124241131211324113323433443434321111331423334141133121241214442412444341123233213321331444124413321423332
4133414423233242124431134322231243321222221111313332113412121142142143242143344314341242311413432344233414331311334313144213124322412444312432223341232431312123143443144141332231221324131341341122444144332144232432131314144143314242424144412234331124343243221121234243132231343332111132232433243214221234113314411432414221134141311321113224241442231324222112131343344213443142111323344131332421224212424321442223424423234314321421142233244444112433234333442411434223124444241411324144242434333121313
4342312421342423423121312223314112211131332311241132134241214412443334123422333344123422211234432143422332124333124112412331212434211233111312412413131121234214123221333343133112211221344233133313132323324223244124234422332441423442222122214321243441112233444342212123422441331333211123223324234423123413242242431324322131423223424344442111443134232431444124443134444111434412223414414434343413231222334421221241342124441342231234324321442113224414313123414312331342232411122234212141131244411132242
3234211341421332232211424124223332111441231422231244212123334222123311421334311433221434431444434232441122423434223141211242313241224441134234342331314222222123342421234442141233411231311111211214331231213244243443121432141133111443122324413343234434113431414312222224233322111333234214424334433423311233434344211324143322412323331124114231241434222112334213112231234442341113241242113223211112243423444133224422414344244431323321442431414131324223112141324432324223134332343133224131324424423444131
3312324141133334442241223142331314123431433144433111232341432444412334323311241442132233122321412314144142232441121444222413212433213434414244113313333241433433443324121322333334134111141443243111222311242431221322111431144233144144424342441141414223424124113133233231443322334343434424142431113333213221434223334111223143112332314123443233131313124421343142111334143323412311341243131141133431434323111322232112414431424131312122244324131244412413144112413313434132224111143241113324324311222433324
1423143132134223112221443444144322412323412233221113112311324341312121144322342311414113411312123421133412111424443322323133314241342212344313213314122131132113121114433433124111313413231244132134424143412344314122413234314132443231442311214433324322422312444441341242441334112343123224312344313213421333224131333241122411342312324414244331322314212334443424212223112331432344334324332444213231324124312211111222332242331234441222443142433141323112422142241213444124121132322431133321321334422343223
4231432432211434213231112141412111244134211113112123313311224142232342123132313241321144114413212133444223333213411344312134144114123331114213422224214311114223413142141112112342241211331342334343141221214434231212322214242243433341331334344124434312121134131212242244344342421331431411341444222144342411234321244412324341112144343214412122232431434441243324123244412243122123213433223121244412444144442312443431341221134321421132243442121113424312231313423223333142144241214234224414312443432343424
4321113412421323214314112442131221331432133313442242113114121444224311232424331322123421243412221213211332441112243214122141212233221342411431221414121132233412223143133334211134124233341414131143422113111441411312231123424122222323424343441244414133114131244132112143122134111312442124322442323342221242413231421113422311222444142412333314324212413341343222244122312341141223433432234443144142214233344244411341243342111144112231212332241112121311214211311423211334234132432121241442144414214221121
2111214324131134444434122421223323333323114133343312224341121321412132332221123413244131121111142243244214244334424232133423113333343114343323343444414222212331243212213443233132331324324314341123132324141333133241133232424143114113323444421123421421144122121113444422331311223224221322424421343232132442244144231334341421132413444323343221321244311421442343112421322434312123142142222424431414244323431124413323133234223423323342212211212434211244241113213311211212311213213124424421242132243113322
2423143422222341233334242311232432421444332414142444332132423133324334343314114423333432422321231443232314421342113244222443323113332112424313211324212233232321221442124222111114214312341214212133242121244313411313311113214133324144321444112324243441232441241132142432443223413113412413443212232342244221334124242133241112222121211313441324313332443313343211332413322431241424334141244144441122222314141232122422221143342312313241341142412111422334412424111134433434124411111132331432223442332144431
1434113411322443234114421314331111344224142232223142244243341413312413334143414432241234442431331344123221232313311422323442333221442232321321112442431422222334123124143132234421414132314214431314123122331111132341212212433321433122444322222223311243314412113342322244344241321423113341411113341441214133311441142112443433342124411114123312134141244233224133411443322321134214422231132323232133443234244334443332343221213333333422134342143344234442424314231412114434433324143122424444322122142334134
3314434414442322311443323243342324431411342433224114231132321122422243444211444112321144423122323233234243134443342413232241134123334232321243311411344111212134122323114422243243113143412234434323143242432112313414342133322322434223243424142322113232434432332342414233442314123233444324141313411221442321344213342341134111312224324413323431232243311244434232212311132133112442223322312424133234243313411114121312212131442121434243341133224134124331442112132212434433233211224323312212413341443232231
4244422234133231241423414342341221341124444212214443232332331421423421311132242143213411221131344141222341322144112112131122222211233113324413412243141214213122344131314222342343433434443341144124422141233341313241213121314342213421214442311423223213444411321211114332222122344312211432411143144123221213343312244334132211113124223212344431231412142332134124344413112143223323134222213221224423112442341213114414231243211224322423232131131433221123221442221234341322132334412441132432133422422233114
2133223242332321132144113142133313444111133312422324314443114312123212222331442344332143332421121311143432412124141434324232232324242121432243224221134313212212141132443434213232411231141214142432433433221442343112241432111242234221324133213111414112114121214442231222121242123323321212224234321112131324334332313113313421432431121131324213122423231334431223324433233113442313443441114244333124221431142214122321242114132143213143313424414242234311244422223412142344211214242434342211223431322442214
4121132422244434144243424234314223241244213443442342414332141224141133432232422234323344432113111233131212313322442422421143333342422312242224113212333134323322224321441434112423141331223414141143143433132441211332332443443423144311123211444124334132243444212214331434332222113334234333241243433233444224221331114432234323131142144434433224132111242134414421443431424211244421341333243411143414132323232414422321334431141113231323133343223114231432431412311134224432111334131313231344213343143142141
4113144131332313131122114121241112244331441411412133132412343213122144342433113423424324121123132232211432313424112212343331144323111234341244411122334444423133144212413322242114134122131221432414142443422222424121443424244141432434321421434112214324144442134312323323333411212242413422433211233441412143423111221231422313131121232414412344222343133433123423134422313123221443122212311241232412323233144422221414223343313133132121141134422142434232223342113412334423444242322343332211214444411113142
1222414324432142321142212232234312241241121423421111141124344312113423122311121142214314412112342423422224324112123242342342441313222442122234423423111243421141223432421133411113121441342411424224213223411234242143113224114334332422133114213144221213232123212334323213232244331444214242332221443141211122342132322114434144132421142343413222311341114111433422422334112412434221331331313322324111111222113422132321322134134422124324412142243112411241412111333322243442321313244233422114132322412212224
3344141221143122224433313334321212144342312324224144214143432231423332413312111214213423133113131323212232342443123342324114312441242141323234211112234322413242324223222231412244111443343144221112343213314111232222424234114323134232323411124121124434222423231422413122124134314322431412442314114321421242133332111131134214322313332123233442222414341231423314234232411322214332411323122132411342122141414342442431422131124343124324114214332414144144413143331342213144321214131313244242211413421124134
1213134344121313112324421334441424343424242332212121243124441134234142243423121112314334221114324334212132431124233433441234123221312311321442342444414442423242114443312412432142313221122213133124132414434314422244113131113212414123322121142221413243322134441142431412223132124232332341233111411344113434413441123324324324214321132441431241311321243244114333134224311414431213221222231134242434243432444333224424314133433332323312142214234341134433341344214343342213224433432233111143324121343444432
1134314121124134422213234121321311423424321133444132314431344132222333321144143343443131244141214112123223241422313232431224441312241311312322233444312121212432324312134134241214224122332234443342214313242144331421112121341224411211341244114122431141444221123132341441243344224314323243444141113132214113144134111222412231332333444122423313124324123442341442233214244432132141233142123313424221332443122413414241343413242211122133413121421432211414342244443141124223241132124143344432143142313243214
4141424213222231342332212113321143443233423241232312234412433111422412141231223444212321223212342441244131222123411131443123231424234331333114411313414211234242111343444322414133431334231244313222314413132443431214221414212232244232313214334341121242311413234132343133123122411322341444424113421414331211441311331334412243424423233144311211132321441343221321312141234133222413232311114123432132323423423114241424443343342132321342444124232422122111431323243142334411443112234111233233334112312113143
2323432324442132224344444131122442221434214423244233332332312433423141112411434243444121322323111133134433324122411413414114124211123231244234141433323431214212233323433143133143122442412134234413324421114131123244142323424143123233211211312134223324344443322112312231244434124433323124212214321143134132334344223442413243322243214241412342313422131332232232433324123143443132422421341413321242431312132124231213331213241332323213122424422221343124134311444213114421142232143224232141133233334113434
1211422434122413124234311424413213433214212331332344243443134422134124231143131432232134212223314312214332123324121111111124321324313313113433323112113134323222343232331441231134432213113422132331412323433211334434223132121433113433241312141223344344414132314422332131322322434324411144412141321141112344244224314414124422234142211341113111412342424333414133244314124443113124244243344342223131132413311432311333431342431233214131132434314144114323332413132214313122143233212444423221132121122224232
4212321312324242413231114444144421134343412314343431324141242122243333234113124232113212133122234314121243224433413342114332313114234143434244443121242442344111123241134332142313423423414214323424322111244231313114433222434324231414241141312314143323134112332132431343421443421312221431424333411423113342241421124212412332314334243232221222314421414123114123341323424424312114241112312243413332244442132123423434344232113422123312431144424232441122223113233413222213112144124241121343424242244213331
1133132412413222422112234222234133121124143124143131342124232241431423141242414243224244413332133313233141311342311342213124334134442313442311321123112332223224411211131143334333233243313233322423223112342211441332311311323322331114144141232324333232433424233133111243121131213224141224341241334432434432214211412223133144334224311413234132421123343133431231413143334122234423321133412134132321443321142444132412442231134212442334412432433344423321224421444424214321211314123411134211142143441334143
2423122421424343322123224133213231141333113332134413434334311134114322243222313111323444122434443244344244133323132421443324212321144244424431212444432132343123321141132431434313121312313313441142212422442313414441112332321443314134122232113114323413244311113442312343422312233242414242422413114313343131111222133313431411112313222214113422431143241344111143342111443322334422141413441334122123333421244311433242121234233421123412131422413421323423332343414324234334322311141313324242414414132234443
1133143111213443133314231144144312143233143141332413134122233221212313414442234113221444313431342231122423143221212313411123141211344422332232311322114341242222411113241223142123331121114324234412444142234213342434144222424232144423431424123421121231321444141423232214243422441212341334343422342144133334343332443312244332342121111432323134124422322413233131222424443134214144332244221413332123242211222323441424211222431334323421331414424142223321334441123213341414343142132143322424241121324332234
2111123314411342233212213234331214122143143323144144232212222423142312114223121123111143222233432242131442434111322431211423141332114224443124222313424233313222233312223441213344411114413224321443231311232334131141233433414223211233223144431243444311324422333311123342322313121234112432143142134334113334413324233131431121234334434144132122411244211432424413124414312331121314211443341241142434224333321321421221243422141313424143414444314321322312321243244123444322144133144434134134313312324231411
3141142111114431332334143244324323114321312421141221434412343133433443341244132142141432233122442321241132432343334243343433411233312344142114244332444244441432321214244144214221411121214142441314233424422224343234342341143334244133341234334122331321132433314231323322123223312114342342443342143441114344414221132314421214343232443211332112213243331132124424123122344421222434312311232413133224422212313422143343434423333131143334131214441211144131133323132223324414314341431143321343343342133214413
2134223143342114222341322312234422433334424134324222224233411312223244432244132322342344412212242321443323342314444121441221343441241121343242442444324333331443214342232311122242423312143131121343142233323141313111144144314414414321344431313312241314442431424334142314142324312212441424214142212221431314343423422242442433413134241441132431334212434214144142242114431412321134224122244214431331224412314242424144132324413124423211231332314144332311414121333421333313134144143313413141322313131232242
3332414141331324431421341412134332242434412431244433332344213211211144214111133141244232444132122141332114331143442342334111441243414432142144442213122332233242123223243333214344134114342214212413343122123321323342432412143133312124322432221431112132144233112244122114422442412121333134424124223344134142441441341312432242111433342422314213443144321443411221411334323411444324123331331423421111441444421434131213434121432334311213342233433312324313313444144333211244123141313224443441241343141412134
2221114112143333232422212121444344421121113422341332242341331131213431111133424213421234244413122114113232332244141324211223111222213333314434121132243231142223221413411431314422414242241222324143341423433111234232214441143323313223431123434142423411443133134232411344312423414314114433112441112133142431441123123222141134322222211124412234144333124123113231413121344412342233242423222413411121331312432342423221314421221241221414144442232413214331342323144133213333443212321313414322314444243244111
1433244331223242332133231342312442321431311133141222444412232444343313342331441143243112111121311431123344222441122433341321314331211223423313242231321222421332124324421311344414443333144442431133311111444412233332311234322133333413321131421222234224111423413342131422134434441142213213224141244124242321212222343243431144314432442343223142333233431324423113424422133121242134412111131341222444421134342123144312342221214243241134421113244311233132311423123322243123121133113223333341244213113443221
3234214242234224413443221144332241341441344212244212223422211224323414424342341311342422333414342422432244233231242441113211223121331121121443212442124343434312144331433232121433334424133231414342143413121343221321332434332312311314143114341411123113442113413121313414333443122334431442314423344124343443122244423112444434321224321414413234423432334222142224414223412231241342133231224212212312242213422344444141121324113131341134414321314143343111312112324444244341433422121144434413322434243122233
2344134323224214424344111114211333124343113121223321324214411333432333234132214233234241133322221222141342132113214223142411143411112324414344444443432123423342443234242232312432414423113233321321133433333212141444342414312112412444432234112211114314111432413224421141323333344331443114121233233241434241243224114233312124412211334244323123343331422421333443133434244331314212413124344243142343122343231143121333431343442321214224241113413433113311114233312233142214433241144233213244223332141221233
2144444131343141333114222144322444112343342244112114324321123111231142431124241434133341221421343144212134231214113321134414121124124422341411424313344114221432342411224334421144441232124431134111422431411244412441324342223333334141324312112233244334142323121211122133421234424333414442121431344423122113321223342114334112324241322333143232122411144343212343213132444211431331422242242143224144421112213132222113111431443143114212133314232344242111212321214242234243121323124241224311143114424433213
