10000 100000 1000
8660 4439 4800 2810 1687 9305 7251 4283 1676 984 2864 4730 5069 501 9723 9570 1973 7104 458 3465 3643 5523 1435 4197 7663 3514 1520 5984 4194 3750 7429 3918 8083 5464 8051 3182 6809 2873 8478 7636 4152 9540 3425 6602 6374 7790 5334 2077 1461 9655 3912 7996 4658 7561 4816 4293 6616 5159 8715 8416 9828 6171 1956 5667 8624 3203 3353 6409 6756 5538 1242 493 7134 5709 6108 1006 2701 9243 7909 6554 7770 6781 9866 378 2408 1492 8650 3813 9684 218 7826 7772 6949 7500 4176 1205 9587 3341 7595 3623 2467 9126 543 1809 3306 5400 2866 8437 3093 3462 3348 160 9065 1834 6425 9996 9606 8121 7028 7063 2876 4162 6793 7695 9619 2116 5548 926 665 8839 5228 724 9435 173 7149 3744 48 4917 4773 3513 7278 5617 6297 2760 7522 5731 2952 3922 2832 2145 3419 3695 1528 3402 1884 2664 7117 2847 8551 112 4938 2038 8362 3216 826 7739 2783 6650 4706 2359 7604 8377 3778 8052 1663 313 2823 2126 4521 4709 4520 802 7796 5915 3190 8495 5413 9379 7293 3479 2378 2039 7718 6441 8915 3581 1085 6659 4452 9621 2721 3404 5957 3798 9846 6266 5937 103 1367 8793 4740 4805 9006 2396 96 6089 1838 7094 8097 1241 7332 8291 4054 9098 864 3836 3874 5771 1227 3568 6161 4641 2482 4863 8898 9192 3 596 381 3945 5321 9824 2982 838 3012 754 4158 6132 6994 8124 4053 4716 2018 6792 4700 5203 3045 4317 2621 2953 1859 9604 4472 3772 7888 1905 4093 8240 7240 7434 9273 5340 1286 8055 3213 7395 3687 3855 9840 1650 7666 9945 7691 5901 8043 7880 6504 1020 3351 7208 9525 6535 1731 5597 9185 9250 8683 7009 1631 4235 8399 5005 9337 924 6372 8912 8689 6358 1702 8325 4437 7277 2825 5532 7548 1855 6904 2480 2363 1613 7503 5221 5638 6338 9552 7657 2895 1871 7610 8680 4831 8456 6584 5594 2653 2342 2445 9284 4204 6816 5483 575 9121 7501 6873 198 266 8367 3962 5609 591 8424 3940 9168 4203 9949 9184 1232 3237 1386 1056 2815 1870 8558 5720 2717 1374 7473 2186 5918 2992 1183 4989 834 9913 6678 3266 3301 1304 6691 8760 7926 547 497 2587 3433 7466 7629 6966 1160 4852 1470 6812 3684 1554 5517 9494 6922 2827 8841 332 5967 7758 9884 7384 413 9227 3032 4673 457 3563 4035 8623 4016 3110 10000 58 5805 5914 5180 9780 5988 6919 5465 2049 6172 9169 366 4103 6823 671 7680 1062 3037 5308 9154 8106 6232 2788 499 666 282 6462 1954 4896 8369 2400 351 4061 5762 8467 7175 3499 5699 5711 9340 2962 6652 9466 4020 6327 3316 9153 4339 5441 9994 7504 8389 3475 9095 8633 8577 2980 6863 5405 6587 651 952 6538 6412 2287 8268 6527 2553 9374 5257 8520 481 6744 5367 5031 8507 3768 2647 9026 6993 1271 8322 8349 1481 4908 5686 9122 6494 4161 9579 597 9047 4539 2661 7295 4563 1563 8094 7791 814 6203 4909 316 8970 9773 4213 9200 8608 2851 8753 6315 2809 2563 8518 6618 8042 6551 9147 7097 7763 6360 8521 6721 939 3300 11 4345 1523 1753 6556 7273 1612 2833 7794 8330 8767 1109 8734 2418 6633 6723 3585 9646 5987 609 4893 7314 6047 47 8226 1627 396 6625 6299 8876 614 416 8958 4071 2929 5042 144 5864 7520 8498 6313 4217 9415 7450 3789 9974 5133 6054 5639 4455 1100 908 4813 733 5649 9835 3240 2120 1801 6436 9174 4832 7084 9502 4149 9335 2554 6341 3811 7454 6227 9214 6385 5398 5515 2902 5054 8192 6046 1852 9491 9520 6805 7233 8378 632 6623 4710 2919 5205 1369 8559 9030 5459 4581 3336 7403 3057 3517 5858 4105 5930 3737 419 8542 4037 7222 1050 2002 3221 2805 1322 9209 3049 1144 2638 2425 6519 9301 4422 7905 9448 9551 5037 570 6889 4888 6579 2411 5401 1713 9003 314 1222 3449 1486 845 9018 6154 1902 9724 4064 4229 1268 3817 7687 7805 3091 8569 8837 9326 1813 2803 9832 8374 3615 5292 5541 4548 8460 9262 8462 7785 3148 3642 2442 5126 10 694 6741 1235 9452 4911 7411 5326 7609 159 3205 7662 6352 2062 3011 4166 4029 9509 3277 9371 5343 681 1759 2303 1173 2380 7249 5499 8231 7868 3486 4561 5421 2578 9256 511 5964 204 1644 4701 9319 1710 8946 2262 6381 5615 3405 6395 243 689 5758 8037 3143 4039 9758 2549 9981 9389 3993 3900 6825 1752 7664 4775 6418 312 635 7957 4344 2238 7211 5 249 1249 5309 2660 860 2325 3525 2224 3409 4721 2017 1947 271 6174 8141 7598 9393 6298 1439 4271 7146 4418 981 1060 4388 8896 999 1426 661 7247 9145 1391 613 6528 9205 1362 6263 3309 7092 3688 4799 5253 1399 3818 5106 7858 2192 1295 8778 9909 4022 3721 2266 5431 9483 4609 9456 8687 9369 5860 2253 2276 1940 6207 905 6256 2392 7821 1038 6776 6843 8379 6848 9412 3365 6471 8000 779 434 7822 7440 5477 63 7437 1692 3672 4614 2747 1161 9345 8021 9102 3320 9588 917 2414 9876 4261 9928 3302 1228 7367 8447 2511 6849 974 2136 546 5019 2081 4842 7651 9962 7831 9033 3861 4699 3329 5560 7445 5358 4647 9360 8263 7748 4626 3941 8491 1761 2300 9325 5821 5610 7789 8475 9722 6007 4704 2677 8961 8991 9775 2619 516 4782 3738 164 115 9218 6018 1107 5772 3626 7928 8162 6621 7891 8415 2557 3251 9437 9767 8573 3658 991 8370 3313 6463 1541 4185 9715 8115 2175 5085 3865 8433 9032 6117 3382 93 1537 3677 3403 6134 3083 1323 185 5265 7115 1858 5472 6860 3066 1263 1932 5891 4225 6223 3577 4281 8771 3454 4428 9441 6093 15 1807 8265 1244 9094 5082 2094 4111 863 8088 9836 9817 8724 4955 4150
5264 7929
6503 3710
2552 4647
5169 4659
2576 3543
8410 7504
4160 5398
3702 4520
8060 2961
9428 88
732 6864
7143 3289
7394 656
6781 2119
7798 4681
7110 897
7966 6709
3174 7784
5442 3478
4588 7538
8925 9266
6241 8032
1581 8472
666 5463
4933 2288
6452 1836
4955 6019
6925 2248
1257 5904
4245 1133
2060 1532
5461 8042
6423 6733
97 58
3871 4864
2345 4145
4435 6892
41 2378
7718 9239
2310 926
5388 6251
6697 8433
4648 1523
312 1151
7502 7140
7662 5143
4418 8416
1741 1937
3384 8159
9681 6926
1613 6855
5128 3853
7707 1129
5542 2904
7581 9126
2393 9447
8677 3845
6350 5292
581 1726
9139 5596
1823 7604
2485 6003
307 1157
9768 8773
8703 2033
2483 2924
4379 9592
9205 7347
7734 2171
323 4319
114 4145
3099 4361
2170 1646
6430 3716
7211 3527
7517 7771
5272 949
1474 9298
6582 6739
261 408
8750 2229
3968 8156
1372 2605
1532 608
969 7850
3462 6106
9007 9964
5676 8357
8071 6078
189 8641
3864 7052
4604 7616
3390 7169
3892 8319
4737 4173
693 9837
3584 1750
3133 3571
3769 7165
932 2683
8709 2578
4600 7093
8440 3851
3634 4496
9210 3503
8701 1936
994 3534
3695 8155
1567 2672
9354 2501
1981 7385
7955 3809
6092 2916
8266 8774
4439 5805
6586 9840
7543 5935
6013 3562
6049 3219
2680 1128
4488 5697
3306 4788
2750 369
6263 7120
9341 8281
8188 5858
2863 4218
8403 1316
6350 3332
1281 5819
6386 2989
5598 1253
3614 6072
8120 4411
6036 4862
7157 2085
5247 3655
7213 2394
4346 8623
492 1579
361 8478
5963 9460
9762 3965
796 1990
6993 3559
6559 7239
172 9710
5270 1545
9134 7025
636 7370
6651 3795
4368 2905
4839 8906
7259 1988
7640 5063
5362 4517
5243 7269
2657 6570
3407 652
6987 2963
571 6194
6020 3928
450 8119
8452 9822
3826 5739
6921 2343
8849 7014
7106 7758
3116 8023
1003 2818
3453 6662
5626 2496
3337 2515
6592 2060
3258 3737
4043 6878
1269 466
3108 3594
6308 5684
3137 2080
9570 2236
1520 1216
4966 4493
9539 4054
7051 480
1846 5358
8852 3124
9036 5685
8417 7333
7011 6716
474 5456
8654 106
5014 9795
6439 4046
7010 829
6186 3600
8682 1373
8675 4366
3919 5098
5254 2085
5503 2789
4730 7003
6786 4504
4938 7706
4721 9169
8745 8488
1771 811
768 1365
1788 8362
4496 9990
7581 5906
511 4183
2474 4903
2322 7515
2697 7392
3065 5344
1138 3527
8266 2976
167 2838
1530 375
3928 7439
8534 3730
4586 6850
8629 3967
6454 5054
3952 3302
187 7627
2752 7449
8900 9156
5235 4263
1245 6780
8757 2432
9330 1570
1830 1017
5109 5844
2265 191
6786 6732
2550 9974
9967 8772
5946 8970
131 1279
7247 5629
9934 6380
1930 1598
4791 4222
6056 470
8733 533
3512 5632
2884 6063
4919 9103
771 858
9205 2972
1206 786
1431 3348
7618 4229
8301 4259
5257 1928
202 8285
1952 2296
2418 3789
9921 2361
8233 9228
9630 7847
5707 2164
8420 9054
1355 1259
2198 2702
474 3496
5904 3432
7695 5388
4558 7030
9821 7792
330 3717
2240 1423
1288 3420
5887 4202
4149 6044
6788 9787
1339 5637
1184 8732
2244 1542
8154 6841
3548 4134
9412 390
1557 612
3016 4273
7656 5810
6340 2457
1993 7558
2332 7778
1962 1829
1026 4359
5019 8529
5568 9525
6747 6753
9775 1381
4694 8769
3988 7789
3505 4437
9642 1791
9519 7053
1114 3425
8459 657
3481 9678
2168 5088
7312 2186
6376 4716
7429 3525
6061 3392
7859 2355
4722 4751
429 6705
7275 2304
267 8629
1144 8902
2684 659
6584 8802
2943 9221
6737 2628
1356 3308
4367 3247
4124 3489
4487 7513
4965 4105
6171 9572
9313 1858
4583 7975
2224 6501
7107 7796
5794 7370
6816 4614
408 1290
3028 7235
1466 443
7097 9737
6466 71
4265 6353
316 8117
6130 122
746 7701
5631 9069
1587 8317
3956 8227
7657 8613
2337 901
9863 6058
522 4960
8734 8193
4909 6805
7046 2982
8859 7141
3355 3284
2635 6378
3781 5378
6685 4666
2535 2764
1413 408
3680 2293
3683 1810
634 6305
5603 204
9687 3738
3369 3340
3876 4834
3721 7929
822 8985
1849 6573
8186 4015
8007 2552
4856 1852
418 7589
8371 3014
2648 6963
5318 3603
9304 186
2055 3416
190 2477
4818 2499
8615 9009
4133 2396
9957 5669
4594 3545
1765 9504
5411 3767
4136 6077
583 2179
3754 5783
208 9472
7093 9163
6338 3403
3975 4439
1786 7348
6206 251
4996 7874
6400 1248
9106 6967
8449 1742
986 5952
4193 9213
1810 8873
4177 8710
9963 4329
6728 6190
6759 5503
9341 2296
7199 8404
4054 6775
2452 6246
6934 7197
2367 3664
2121 225
3855 8817
8800 7984
1737 3268
2860 6980
2103 5311
5437 9845
4047 2571
7247 8825
5872 3357
640 1908
8681 9955
2413 9674
892 2883
637 8026
2436 1175
1350 7144
4932 5364
5367 9456
3006 739
4279 8182
9126 6814
4525 4451
1099 6744
5894 5186
3776 6807
8186 5438
8163 3734
1225 8546
5382 2567
9086 6634
7433 3107
4071 2941
4919 4728
3518 8619
8525 5254
3066 416
1514 728
2699 5318
2381 313
7458 4857
6555 3363
4732 8285
7931 4515
2420 241
7435 7317
2922 1391
4813 545
3830 3229
2266 6190
4905 9933
5626 3277
4414 6663
5025 8537
3752 1094
7635 6624
4777 4271
9075 1907
8644 9268
6666 346
927 3762
3152 2792
9752 5532
5249 294
1474 3931
7231 5982
9884 1487
6680 8323
455 4706
7704 2230
3119 400
1445 8828
411 7817
7880 3395
4743 5037
5514 4914
6579 5238
4082 3076
3767 4004
2091 308
4835 1593
220 8222
6528 762
5201 3636
7472 3011
92 8976
1706 3126
3483 7628
8994 6240
7442 136
2712 6253
5379 1464
3109 3445
4100 622
1104 1745
1231 3772
1306 9019
2082 9240
6955 9093
5096 6444
8322 3339
9347 9926
2162 4281
5804 300
8073 9428
196 8925
3775 1212
6982 4473
7102 8739
3740 2157
815 1992
6977 7512
4639 499
9750 867
5763 7065
3994 6588
5474 546
9654 4542
8245 4408
4162 3728
1550 1808
6749 7281
1269 8736
5350 8589
6315 8709
3987 2384
1487 3711
9453 9921
1451 1802
2421 4518
4941 4597
3573 300
6343 3560
4774 6177
4244 2979
9424 8402
1785 4307
4692 860
7978 8386
4218 977
8426 6267
6201 9519
8357 1966
3305 7840
8201 7088
6787 194
1100 3800
8536 3402
9119 9644
2718 8245
5798 3063
1216 4914
5732 4695
7248 4726
7967 4413
7401 5722
9713 7350
4861 1204
4763 4833
8813 9537
3175 2482
1769 9035
2548 8773
3484 3991
8869 5682
4256 8974
9837 6073
183 314
9959 7756
6841 9448
4167 6650
3417 6152
6829 5681
7431 4029
8637 3834
304 1772
6527 5316
6377 8001
6406 7241
7896 6051
7918 9782
2500 4945
3868 2826
6638 6086
5929 671
6951 4331
2701 2949
8298 2833
4459 9683
5020 860
660 2346
8390 5805
6991 697
325 9415
8964 8551
5371 5978
8876 5698
8819 5164
5302 7339
2315 6296
7224 2396
9123 6329
4300 5085
4644 5649
9129 9527
4329 4325
996 8307
2870 4828
1775 8045
5101 7056
7747 7806
9213 2058
2014 8061
7098 7360
3056 6681
9522 2813
5506 8273
2519 6476
4190 4166
2651 8847
8121 7458
9898 9708
1331 8004
2076 1742
4225 188
6002 2438
6119 3023
3851 8083
6208 8730
5404 7215
7245 590
550 4406
5063 4670
5333 2087
4840 1400
4778 522
3754 7369
1629 7819
9094 9317
4582 3993
1631 5613
1662 762
5108 4039
2587 3735
3270 3765
4416 2011
1028 624
8006 5010
7665 8881
4976 7303
4549 5738
6779 4358
4635 594
7651 123
4543 1005
1277 6963
4753 2535
1089 1250
7832 134
8833 2163
6529 1150
481 8749
2387 9689
9768 8830
6678 6154
2547 522
326 1264
859 1727
7486 9296
5070 7288
7054 6633
4101 6672
6496 8557
9132 8619
3726 5297
7082 7900
329 1912
5492 5476
3801 6410
5210 128
1908 13
9473 5125
8790 1685
1166 2786
7940 3235
375 7168
3152 5183
4210 3582
528 1748
1319 3001
8597 5427
9901 7265
4020 7622
6940 7443
435 5721
1582 3411
7650 2880
2020 7020
6786 560
4886 9988
394 1933
3699 2319
4798 1473
7566 7316
3206 8802
2521 7945
3111 4778
1521 6518
4415 5118
9513 3369
611 3853
5463 2829
5621 5
5934 4666
7028 3476
7458 9476
142 4314
5627 8121
8987 7460
520 1456
3526 297
1695 1194
2751 9346
7770 1080
9940 403
300 9037
3194 6883
3934 1031
7951 9759
4858 1150
608 522
6151 9969
602 8621
4181 5072
1512 4870
9778 4956
943 2498
6173 5032
2341 8135
3674 9213
6415 401
6260 3496
878 5486
6721 8809
3889 4671
9159 188
1535 3541
5332 3635
7280 4077
7125 2
7529 617
2900 6786
4796 7038
3796 7863
4639 9306
5162 4163
7650 2075
7782 8610
657 6426
1519 1503
4944 6155
2795 6211
8306 659
6621 4791
5933 1007
559 9274
3479 2679
5562 8419
6123 4514
6312 7419
8112 793
7427 7106
2007 7858
3975 9676
5622 6972
8022 4283
4567 920
2812 6565
8426 1892
7170 5006
7852 5592
3493 3516
4470 987
9635 5378
5182 5919
209 8114
533 132
3249 6539
909 2863
2784 7900
9033 6249
6357 6788
8098 5217
4824 4898
5856 2076
3989 7480
1038 1930
845 8705
124 8191
4740 5170
3326 4692
119 1431
2806 9352
3613 1716
6226 7244
2394 8095
1155 6652
4761 9430
5449 7552
8584 8493
3086 8588
6751 6311
8468 4346
8241 5121
5003 2547
1668 4204
7834 798
8023 697
6835 2225
761 2187
4990 4944
3560 3933
4365 2640
3962 7885
5808 1604
3745 2932
818 8356
8313 2903
6673 362
503 616
3808 1002
5105 5833
6447 4745
7264 4967
5796 3472
6751 5156
6911 3159
6658 9129
8504 2848
185 5410
5472 4314
2139 2634
1645 1345
1079 3408
6037 9950
2367 4713
6133 3242
2516 8219
9481 5984
7497 3633
6993 1656
2418 1268
3954 6839
955 4281
5812 4355
1364 9404
5165 572
824 5518
9743 477
5932 2205
6940 1995
357 6806
3844 5920
4816 3047
8161 2108
4277 9185
2230 7983
7568 7606
1403 4040
1724 7064
872 7787
7575 7996
466 7099
9839 6200
7502 6205
8749 1847
2421 761
2959 1568
6632 6322
53 1453
839 2362
6912 8591
1771 9512
1649 1413
2364 3610
3386 7270
4158 2831
6023 7934
2508 356
636 4662
5902 9859
2778 1937
2827 8969
3569 3190
8796 2043
1198 6617
1545 3692
3439 7281
817 6925
5273 5901
9607 3948
8480 9162
9812 970
9785 1776
9451 2654
4427 4160
5047 7251
7421 3341
2304 8820
2244 1599
12 2152
662 3200
9084 3799
4421 7728
1809 5808
3366 1676
9558 2901
2925 8349
934 4827
7558 8715
4944 5968
3012 4561
4849 2698
4076 496
2419 260
5500 7354
6959 4599
3810 5480
1597 9493
3710 1112
7693 4594
764 3076
7386 9547
5301 728
7859 5795
4334 3945
4438 8432
9715 6648
6299 8875
778 3159
9346 4307
9416 9210
9277 6
5288 9541
9971 7742
314 2466
3212 9853
4647 8956
5111 954
8179 673
3084 1939
5623 8484
807 9165
9580 6581
5416 4973
6347 2099
5192 9429
2198 7215
5305 6862
6490 7288
9828 644
888 644
8456 6027
4905 2956
7042 5549
2948 5434
104 6197
7485 9502
2444 1205
7399 4066
3525 6943
6073 9070
6011 8192
4526 3310
4490 1401
5546 5389
9216 4210
7287 2320
3343 2176
3157 5958
1445 1851
5762 4455
6223 9014
1156 1748
120 664
8502 9004
1592 8694
8930 4755
8811 3343
4348 944
2106 55
7193 9451
5567 6616
1716 9669
3630 4865
6816 7249
2184 5573
4751 7750
7371 7279
6619 5954
5869 4702
710 4263
9297 203
5783 9065
8546 8148
9327 2297
8669 6269
3189 6970
5066 3008
8949 8538
5155 5709
4623 8854
4180 8284
4796 4086
6456 1587
4856 4137
7003 8172
2471 1442
1965 9972
5707 9605
5038 3619
2966 5585
3433 9932
751 3109
3557 6026
7217 3405
1783 7457
7822 7686
312 29
7409 3575
9988 3103
8553 4000
1268 4567
9795 9124
8874 7024
1680 6955
1391 2688
6222 7957
2702 35
6220 4878
979 1431
4714 647
8085 8446
4713 7592
3978 7372
8546 7343
3555 4825
8505 926
1502 425
2167 3259
5023 5539
7705 5946
3149 2602
7732 7769
2462 5836
2252 2808
3556 4646
6448 8835
935 7898
6881 5684
9426 4130
4825 1767
7383 6834
6537 5874
5788 4066
9492 1717
9779 5157
9746 2765
7160 2066
7366 1942
6505 9719
9337 1025
9144 7800
1145 9024
6584 1906
8182 8355
9574 6630
8338 8868
5840 4606
2827 4594
4635 8409
3627 8619
8855 4664
6855 9724
368 8551
4959 3810
1719 4573
7106 675
7140 5921
765 9907
6238 8035
2972 7577
787 7222
4873 1003
7884 7358
6167 2907
8068 9165
8097 8405
7631 496
4406 8707
5946 6880
2935 1279
8320 7888
9371 5116
1964 4754
7025 8041
6966 6680
937 4887
7835 676
5503 9693
5917 8744
1865 7377
3818 8163
1669 4055
769 2078
8453 9356
6646 8395
3998 6818
978 3383
8519 527
7077 4417
8517 3864
4742 7501
2791 1126
8148 7939
4189 9769
5679 2163
2043 7090
1420 2947
5271 4058
9095 2565
4091 3195
4484 9313
5076 6973
4305 1434
1199 4641
4021 1675
6636 7276
3549 8281
9308 579
1971 956
9022 4157
4173 8862
8932 7647
2733 2999
5718 7379
647 2623
2020 848
3057 5540
4203 3786
7348 6169
5559 6568
3477 3682
7498 9900
8027 2293
1795 8085
2287 2131
748 6812
4005 9436
2508 787
401 5950
7400 8961
1915 9318
9945 991
6834 3854
824 2111
7608 3248
2195 5925
7606 6585
5524 3699
8447 7201
9908 1109
9624 7766
1941 7506
9811 1176
1569 5648
1727 6988
7391 1678
127 3876
3862 9508
9068 6730
6888 7473
7659 3186
6664 8519
7975 5112
4231 8062
3737 7527
7099 7693
9308 6190
9585 2526
5634 4217
3490 3863
1088 5725
9827 2059
7431 7119
3575 5664
9298 2469
8494 6616
2670 1091
5225 225
1861 5648
4760 4592
2797 3118
6902 7529
1797 8107
465 9883
8240 283
4843 9730
3415 5382
6395 3002
7771 7160
3165 4453
8069 4373
5586 389
2547 5572
3261 4915
852 5606
4926 2036
2216 5997
3809 1522
4487 4618
1901 4673
5527 6575
5178 2257
9568 7783
1247 2348
2955 9719
3046 9083
9770 3753
2270 2446
4978 4828
8878 5801
848 2050
7164 5785
3394 9766
9127 6505
2802 5690
6656 6318
3946 3863
2798 1784
4663 471
2338 4243
8675 8855
3518 8489
3136 8195
4977 1570
3385 8899
496 4227
3292 6456
1554 3380
8653 3589
3297 6800
5346 7294
1545 5546
7949 4964
7275 1987
9481 967
5835 7458
6989 6319
8324 1054
1197 5213
6369 195
610 8651
1725 1168
8390 5057
8900 463
9089 2614
6893 9240
6110 2186
2679 9797
418 4694
43 9735
3470 4634
9896 7783
8184 3676
3650 3289
6974 719
8632 7973
9272 2671
1087 1261
7408 7592
2518 5126
6753 8829
6029 2382
5217 1006
330 4473
6689 4872
4129 5394
8886 8270
7495 6433
8359 2337
16 341
2380 2159
1328 6958
3470 3479
8831 4776
4280 8946
8441 4621
6608 8855
5827 1874
4087 9305
8693 4842
6769 9712
3216 5814
6641 8214
132 4838
2155 6363
3485 754
2215 4162
2492 2750
4234 8951
9160 3904
7353 9359
7381 4991
5165 6077
9239 2507
8005 1408
7499 9184
2492 6133
2958 5374
2082 1539
872 4998
2264 3273
6966 5688
9265 695
9886 3257
7871 1593
3700 5230
7561 613
4909 8716
6303 648
6058 7233
9857 8154
7023 9605
2083 1360
674 1980
5146 1489
1489 7791
8614 2805
6926 3256
324 3853
179 7636
4341 6165
1168 8150
1629 9299
5557 5904
4970 8588
7893 5674
4439 5919
666 3967
7233 7321
3212 1103
9287 8159
7876 782
3958 2613
154 1348
341 7590
933 5250
3176 8993
3241 9388
2840 2628
5044 7197
4258 6288
6032 4857
9311 3268
3478 2161
9682 5655
6935 9734
1338 3434
3330 9810
9044 3863
5372 9133
3877 3563
3326 5904
4843 3127
2190 1206
7179 9313
7580 3241
7645 2138
2975 8306
4157 2799
7288 7004
6732 4837
9593 1045
7263 8637
3089 2177
4432 8107
8606 3987
4422 3255
5951 7655
9649 2108
3122 1536
2493 4748
9375 6420
4984 5587
1190 5010
5483 3056
7532 3550
9583 707
2182 9959
2697 1545
2444 1099
4572 166
2264 8079
3663 355
3694 6838
1925 8613
5163 4771
7902 5712
2549 2024
1244 8629
2672 6561
2352 4893
3816 4734
1765 7577
3406 6556
9624 2586
1265 6473
3777 8943
8600 3017
2879 623
1760 4200
1132 467
539 9752
654 7258
6509 5680
2813 6392
1342 5380
3577 4344
9127 8546
5696 6331
7260 1118
2549 7285
8158 2268
2683 4067
510 1063
1909 509
3858 3805
5169 398
1960 474
3019 9651
2546 6987
6372 5567
4438 3333
246 6093
6870 9227
1524 294
273 7916
832 9600
1052 1238
5031 7230
585 2526
4568 6008
9922 6134
1978 1403
5697 5778
8348 7626
2159 2912
5584 8318
3616 84
2715 4298
3142 4365
633 5576
3561 9422
4014 4294
7107 6487
2549 6480
8801 8510
7873 8649
120 9902
7317 6482
3143 4186
4597 9755
7188 8546
7191 1647
8182 2988
9644 504
9759 6678
9576 7725
1450 1260
1551 8482
7334 4584
3734 7256
8449 4271
7263 5872
2512 7702
6485 5578
8983 4178
3195 562
6030 8381
1042 9544
292 4128
2630 4725
189 997
197 5022
634 1613
6950 4594
8311 7720
1470 1885
7535 1083
5678 759
9589 1921
5901 8910
6540 2252
7290 1252
9103 5411
846 8851
6512 4368
1505 1317
9122 3209
3993 5645
1157 6269
2026 2517
3650 4525
4729 2303
4954 4865
9398 8742
4384 4520
9279 914
1937 947
2619 7168
1709 8667
2762 6722
4982 8761
9738 1613
7871 601
367 8974
1546 3950
5493 605
8643 3332
4278 3720
4098 8448
9690 7988
825 6819
3755 5076
1100 2328
2093 1086
917 9791
8166 899
5743 8300
9814 2547
6605 3377
8514 7998
1995 3180
8352 9168
7664 3132
7165 1499
4778 4393
387 9976
599 8169
9222 6772
277 5674
3525 4772
4430 7093
5861 8706
4729 7914
7757 2542
871 9796
6757 3367
3928 9326
5406 205
6338 939
1279 8278
2354 4402
4821 683
7243 227
1701 50
4789 8315
7733 6278
4404 1334
4094 6770
5986 3116
7324 4538
6173 2942
3103 2396
3898 6831
3313 3926
1227 9966
7073 4138
5552 3763
6116 5791
9316 7881
1472 6764
6258 8126
4955 2726
1897 9387
3488 9003
7158 2906
7715 7927
6132 6674
678 2180
898 6650
9852 4858
3322 605
123 1369
8686 1419
7337 2090
4661 4881
2391 6108
863 4562
4163 4604
6921 9759
5212 5169
6251 4272
694 3063
3566 9983
2100 9315
9885 6065
2124 1041
1320 5188
3032 2879
8662 2903
6459 8358
948 3330
222 7390
1316 2036
5920 7326
5580 8389
3124 9234
6039 2295
6691 4170
5390 1849
9409 70
1520 2216
8906 5865
3631 3588
2643 5928
8617 5762
5437 160
4511 1880
7176 6844
7212 2337
519 564
9822 1178
1427 2402
1701 1473
3237 3634
4665 1566
365 97
5282 6638
5000 1290
2536 8690
7033 3503
9325 3755
5629 4467
3535 9892
8538 9791
3870 6206
637 1724
17 2016
6765 7660
6235 4462
8322 2030
7893 5300
5090 6818
969 3402
4310 3445
793 5620
232 7273
1849 1694
6073 1101
8385 2729
2396 1863
1003 9779
4601 2870
432 164
9489 1503
7040 3519
4767 8235
6345 2728
4416 6500
7561 2467
5560 4673
5410 8112
8650 933
2576 3901
647 1257
4012 5858
1170 1032
1013 9716
7267 5403
4870 1193
7860 5917
3782 6335
2324 9692
9946 5512
2695 5663
5809 2317
9565 5820
2528 73
8355 9279
1945 3630
5694 300
3359 3384
1781 2475
4057 8610
6013 8913
9473 3198
3184 2040
7537 137
6914 912
4042 381
6442 1856
8216 425
9243 3675
6528 7292
7849 5327
8499 6375
242 5651
7938 3864
1142 1212
1737 4805
6245 4725
5037 2595
1233 1330
6064 1681
6070 9797
1636 1720
8774 1103
2764 5776
4779 1024
6305 1743
549 7464
8828 7755
4038 3241
5554 3272
5400 9221
414 631
6931 8032
1914 4293
5651 4336
3340 7814
2494 438
5774 2457
6051 1045
8284 9762
8793 5667
1622 3892
5139 1717
9784 3598
133 7936
6506 8041
3746 6223
4236 9268
4386 167
1942 2527
6109 7816
3083 1183
5380 1025
7716 7965
4956 5393
7840 3305
6377 2154
3863 3775
4551 7559
618 4194
57 5847
8796 2181
7775 2129
7630 5158
2324 7732
9087 2330
7862 4003
7800 3125
4192 5936
6750 8751
6492 3797
7586 9023
3420 6588
2133 8137
3913 9904
3500 8045
986 8912
585 2152
8828 534
1132 2321
633 4852
2811 4036
1044 222
5305 9310
9885 5878
3870 3791
1439 751
8906 5328
3020 5341
7789 9732
8265 4743
9318 7716
2095 4997
4058 6471
4399 348
6133 8186
6355 651
6981 3557
8994 4394
9709 6591
8067 8141
8597 4923
6847 4496
3196 3473
5009 1970
6779 9465
8928 2993
4888 3895
552 9185
1543 6362
1460 4607
8454 858
1991 4997
1258 7132
2352 5942
5497 8325
8179 8732
2200 8554
6579 5620
3011 4043
5874 7494
2314 8841
1913 8497
1777 2220
3435 9474
6663 780
3531 9936
7752 5662
2464 8785
8218 739
5852 8674
6855 7366
1709 1527
7758 2444
8154 3198
1619 5017
5117 2038
5601 4891
3678 6199
1224 1455
653 2420
3614 2242
967 9935
3698 435
2837 2550
1242 5444
6598 2987
7871 9676
7499 1402
5092 2920
4350 8699
4813 3505
5475 2658
2574 7051
9112 4749
798 7655
404 2066
6366 6801
9146 3579
6596 3291
4412 6544
4560 2278
2354 8216
4009 5373
1015 2405
9012 4518
8578 8198
1453 6014
2138 455
6825 1084
4538 8346
2633 4598
8913 7922
9324 9708
1289 4859
79 8318
1252 5731
1443 2293
2408 5419
7005 9538
6045 1094
995 1379
597 6968
6201 1607
7629 5955
6693 2069
8222 6469
6226 9773
3616 4516
560 7086
443 85
6131 5749
7509 4318
8290 4883
8966 7152
9150 9713
8536 1906
2985 3895
9996 8421
9213 1367
2425 9156
2578 9398
5314 996
9152 7507
1960 4101
8362 9108
6039 3881
6216 2265
5586 1869
9732 7035
5403 2916
7110 263
1855 3526
2132 2114
5549 2741
5435 5837
2006 3695
3007 2314
851 6861
9937 270
3462 9310
8130 5725
1817 9
297 8904
9874 6337
1381 610
9068 7405
9345 5993
3994 3132
7624 4806
3835 2321
1157 4285
1652 8428
1220 2355
7872 1875
7598 6968
6781 330
9642 2954
2232 7956
181 4383
9386 8626
3906 9327
4747 9943
3906 2911
6868 6341
4277 5298
7176 4242
4163 4230
4510 7721
7055 6167
3127 2392
1885 1432
6864 8851
334 4598
8602 1347
5588 1110
7914 6608
5558 9569
3934 1145
5152 1711
8872 6311
1728 7083
4835 5976
8728 6532
7782 1958
6723 4832
2093 2485
1382 2659
1905 8850
245 769
8961 8231
9087 7404
1396 6529
941 9332
3732 637
8912 6060
1123 4650
7909 198
2983 2239
4411 171
6038 8112
8903 1810
7282 9899
3228 2043
2044 4471
8828 5608
8398 362
9547 5295
4017 6633
7062 5402
8392 6209
3015 4379
8209 7256
7992 8719
8458 7960
3541 7054
1592 3034
6700 475
600 7884
3657 8168
2661 3477
8822 6143
9469 3510
6109 9052
2114 8219
3996 4601
5952 9068
6690 8051
4859 6696
5917 5849
5072 7743
1058 3450
5163 1445
2921 556
2459 8604
3827 6485
7559 1266
4673 7445
5750 4396
3346 9595
8741 5558
5038 9263
2755 8373
453 1017
5036 2020
3031 7490
202 7033
4617 6008
1513 4380
1224 6529
2466 5237
4496 1517
5241 2425
9693 3911
9282 2879
6448 4330
3024 3286
283 4928
2838 4062
8968 4409
4608 5141
5757 4412
5201 6409
7663 4598
5796 3586
6480 4218
5969 5234
3388 4879
1896 5242
1397 8527
2433 3195
8160 8787
6187 209
5342 8519
9327 2248
242 5277
2981 6972
653 4811
3081 4170
8525 806
3734 4735
9197 6339
21 3588
3228 6849
984 9297
4193 2805
6704 5050
6214 5388
7112 6538
8598 7858
6263 4526
6488 7088
3238 7163
227 1562
596 9538
2494 3447
379 4585
3641 7553
3061 4992
4835 3561
6934 4172
7849 765
9401 453
7252 2761
8277 5938
8805 5303
8557 8207
5479 630
4473 886
5849 9208
5197 5081
4817 5614
1864 9817
8653 4882
9913 786
2335 5238
6766 2494
8803 2197
6173 4609
3289 7451
608 9898
9885 8537
16 5822
6559 8028
7244 1715
5838 1852
1251 3359
6772 2659
4809 1185
1758 4853
4487 5106
3993 8735
573 7810
9878 2081
3582 6168
6039 4767
1521 1907
9910 838
2969 7631
1099 686
1713 8493
8318 8167
5660 5902
5114 8587
4044 7919
4697 9238
6875 6170
6945 6909
6040 8752
4010 6056
305 4770
489 161
9580 7500
4191 7565
583 3960
2978 927
9421 6689
2294 1426
645 1805
3940 749
4184 3361
7988 5380
6918 4712
5672 6262
3039 5717
9560 5720
7894 9128
1227 4412
3658 1036
2471 6199
2937 5440
3709 8171
1353 6214
634 865
5052 9937
7323 9312
7751 899
8591 6208
9833 7168
5783 3218
4974 7021
6782 4420
4672 3650
1233 1574
5907 8357
1571 7231
1149 8262
6844 9435
5755 4553
8396 9123
7360 7285
9414 8877
8297 8363
8421 3703
554 8052
4312 1802
2416 2304
2161 7447
3681 8351
7693 3903
1915 975
3584 8418
6051 1289
1658 6045
2090 5702
9717 9036
4047 9613
3925 1514
6662 6546
9091 8759
6510 9158
7961 1624
1529 912
3081 600
6219 5976
2244 6519
7034 5371
3851 6668
4642 7921
6189 3101
7999 1327
459 3627
4504 7987
689 6533
5161 6042
4344 9984
9889 9678
6658 6023
152 6328
4290 6715
4047 9963
5625 4456
6597 1583
5193 1793
2638 3413
6777 6654
2099 2381
6059 4159
7404 6752
3440 1068
3882 2167
1289 6713
824 2412
3098 7720
4316 8286
9688 2575
6505 3872
2745 7043
8132 3145
6198 7327
635 2109
3059 1726
1192 7130
3417 6160
3606 8311
5877 7686
2274 4425
8999 8365
9431 8776
8249 1451
277 7504
9988 3217
528 4871
2732 8686
3200 4590
1419 4850
2705 3830
3921 9985
2230 339
9914 4207
2109 8680
8766 8544
1385 2987
4284 1931
7171 9940
4256 6299
4929 2635
766 3881
4653 485
2040 7762
5175 9457
4523 1166
7231 6958
1106 539
8718 2087
2819 1084
2251 7982
8879 692
4989 3036
2284 925
5570 9205
6788 9771
9861 9834
7717 6070
7841 1410
8555 753
4487 5269
3855 4800
7282 9525
1962 1813
9214 9434
7908 6769
6932 5736
4910 7065
4103 5279
2859 3492
9951 8946
3843 3662
4782 1403
2672 7049
2134 9625
8139 4608
6 3388
3163 870
1048 8424
7423 9356
4004 1486
117 4882
2041 7182
1287 8440
6018 5931
2630 3790
9127 5651
4824 1255
9782 7797
7664 3002
5609 4191
2149 484
9461 1740
307 7638
4321 5515
6110 5870
1846 6310
7686 3700
8517 3628
7026 4593
6281 275
4261 2431
5969 9048
7244 5984
4902 2235
2823 3030
6245 8165
804 8040
4283 9545
2783 3631
7173 4239
7362 7144
5901 404
3900 3364
7945 554
9932 170
7304 7139
227 8409
5208 6075
5211 9756
1686 1490
3367 4032
7788 6205
9839 3362
2786 3498
9379 5821
6444 804
432 8060
9592 6868
2873 6126
6873 6579
3867 1322
4199 3781
8343 950
6994 8037
3202 1871
8608 2187
3361 6065
6778 6692
902 7393
4383 2555
8048 1032
771 1460
8465 6016
7949 6688
3761 522
1672 7045
7551 3609
4218 4181
9577 8815
6273 7873
382 7542
9482 5545
3403 8169
4676 8442
8322 2705
6241 6837
8443 4163
4014 7010
9564 4796
1219 1973
6317 4388
6420 6021
3524 6594
1970 3827
1707 4945
311 2764
2018 111
278 372
3578 414
4789 6225
4101 1687
1389 2569
7152 8572
6875 3568
3969 3453
4533 5481
8017 7330
7272 6
2320 3078
6862 8244
6029 7489
5525 6266
2507 9320
3694 4911
6586 9100
9764 289
3279 5635
3566 5665
9603 9231
8065 581
6452 9285
4085 1534
5764 9665
9003 4513
1661 4546
700 8709
2687 1909
8628 2357
3327 5275
6596 2998
9557 2820
4149 5841
2544 1631
8469 7962
1301 9114
119 1789
9083 2937
3551 7612
1987 6409
9929 1645
9857 79
2672 3479
1610 7590
5276 8921
448 7333
2514 5522
3546 9870
9916 4042
5771 1730
3508 718
6887 9189
3590 3002
6487 5283
8101 1685
50 3473
2595 1919
5076 4322
5148 5888
5172 4784
9850 2641
9745 4345
6887 6156
7102 3112
3060 9603
818 2298
8772 1331
500 676
8492 1691
5063 303
8304 8810
1807 533
7211 22
8189 7517
1248 8648
519 1857
1735 8012
6155 8085
5224 4543
7702 1013
4599 8655
3171 4307
5029 7485
7367 3918
2324 5374
3943 7038
5216 3147
9908 4874
4410 4969
6982 7490
2689 3028
8451 5423
8361 8913
5713 7336
4469 5549
7046 6162
9281 5126
4152 1146
6736 1018
9537 3591
6977 4113
8167 9047
3680 8506
9442 5983
626 1323
1350 5518
9932 9782
5054 9585
7289 8549
6852 8548
2220 4620
3576 7402
5293 5437
8436 6993
2054 9054
5948 413
3484 1397
1118 5168
5135 7480
6341 6531
4329 9302
4348 684
7217 7333
3669 3779
7081 4062
8092 6779
1299 3644
5957 125
9131 994
5779 1516
5238 3821
8789 7646
1007 3243
3804 1910
9822 8432
8719 5372
9476 1379
764 7622
9030 538
3405 5776
3522 6361
941 6006
1376 5934
7231 4356
3437 3779
1333 2854
5670 6834
7127 3252
6468 4370
4991 9929
7154 911
4229 746
7276 6758
8086 5809
162 8870
7504 2421
711 9866
3913 2203
1731 6283
2584 8414
9172 9639
6685 8919
7774 7385
4500 2902
4293 5053
1609 7983
4524 1044
6992 933
3127 8060
2941 9590
1969 5293
1664 5411
6521 4731
8668 8766
3281 5494
4115 2687
2531 4215
9900 6005
3145 5606
6171 3571
5075 8852
412 5611
1742 2254
118 5164
8653 3166
253 4800
5012 7749
9680 754
4040 4206
7713 8206
456 4405
2085 341
5559 1502
7993 4813
8177 204
809 6186
3388 9124
9357 5204
3324 7419
9635 4394
2782 7624
7026 1991
6489 4792
3293 9237
7603 4254
5927 6220
610 5195
5987 609
3368 3934
5582 9191
9978 8116
2693 4519
7857 8685
7566 7755
6573 9751
5073 3837
876 6253
915 5427
228 8661
3239 7846
3149 4920
2991 2082
8218 3187
678 8897
6411 6390
8768 7037
2331 9391
8592 9255
9578 6088
4046 6599
9172 4646
4127 5275
7779 9152
9426 32
3887 5788
2416 4776
5659 3530
3190 4170
7863 1683
6211 8207
8482 3418
3346 8847
7150 5948
9318 7854
9504 662
1955 9262
5529 1205
6377 2992
4128 5850
3870 896
8148 7679
891 3878
7727 5205
1391 4201
3717 3283
9285 2429
9689 9460
2530 2030
5678 8094
3715 6620
2598 6860
759 7142
3085 6224
2443 2785
8632 6745
9873 5982
9990 7321
5009 5491
2796 3088
2894 213
2114 6666
9058 5806
304 2024
1778 7471
1936 8057
7867 7063
1119 1419
3424 6794
6158 975
2957 7328
275 505
1923 7071
5935 9039
7764 7315
1360 1481
9169 3543
8073 1654
232 808
5736 4665
7991 9923
9667 787
1950 1697
3963 2534
4494 8586
547 5515
3739 1328
7665 3522
4970 8515
7978 1767
9905 3584
3408 1723
5015 1118
6269 8511
8817 6474
9033 622
4301 5912
9065 9205
8907 2203
6130 4188
6114 3655
4148 2664
4266 441
3266 1266
1053 6033
6416 1741
1470 8765
9578 1095
7711 83
5315 5143
8178 8594
865 9365
8862 5062
9602 2620
9171 5817
1115 845
578 7056
5220 5256
3661 2145
543 3837
3533 9315
3927 6236
3865 5358
1232 4813
3956 4722
8813 4796
4609 6041
8967 8646
8072 7013
7387 6910
9280 475
2031 2951
878 7698
2278 9998
5580 3697
879 4136
6626 581
4695 8444
1992 2996
8898 9980
1749 3238
8352 6249
6508 525
7103 4118
7822 3051
4479 7099
465 2052
8054 8312
5726 1987
1775 1426
9829 4073
9235 9750
6179 242
7519 8907
674 9746
729 9453
8105 1834
6501 6120
3068 6488
7459 905
5119 3645
6242 7357
1384 7812
3091 5159
876 9099
9530 2851
2346 9886
4058 7577
8098 1013
665 5846
715 5209
5722 1844
9818 2729
1222 6703
3987 2449
6827 4196
3804 3496
4112 1397
5256 5986
5049 2475
8653 8590
5048 8666
2545 3306
3861 997
9453 537
6476 182
4392 7049
6161 5274
3943 3281
3483 7238
6227 9277
1360 2099
2054 9835
7395 5592
5836 8897
6118 7829
3780 4980
2011 6755
201 2113
5220 263
5653 9944
738 66
5125 1157
1947 2798
8485 496
8586 7718
2474 1561
2134 4876
6215 8893
4899 622
2815 7489
671 1473
1543 7818
6304 8184
3304 5401
3894 8650
2741 6227
3558 2285
2591 3250
9991 6605
5825 4170
5085 4360
5763 3292
2425 1268
9711 7719
1813 5585
9096 8355
5854 6793
6686 9575
9211 9998
2986 6381
8642 1210
1269 8346
8073 1467
5717 6680
8325 8858
8072 4248
3901 7885
7380 7138
3312 7490
8766 5568
3475 2758
3504 7660
2782 2794
5362 5176
6203 9956
7287 3914
592 7730
633 7731
2376 571
2097 1156
6878 2174
3679 2938
6007 2847
7213 1898
4893 6768
5325 2261
8067 7637
5999 2205
7344 4798
3294 94
3471 4894
8180 5070
1206 9471
6244 5419
1855 1249
1794 3225
4347 7948
5899 8390
6809 4639
9383 3069
1050 5925
9238 436
6122 3709
7804 2689
3401 6757
8084 4958
1721 1407
8070 364
1098 2182
6454 3135
7763 6071
2219 2815
3784 9878
2274 2522
6756 2719
1470 1007
840 611
659 1731
2283 3739
2747 8569
285 3210
2243 176
7439 3880
5195 8580
7380 6683
5007 9283
7001 3654
6751 9141
2856 2096
9203 226
8143 1000
4786 1178
4665 9519
4039 3607
1914 4057
3789 3432
2293 6305
5743 656
4944 5147
6183 174
8364 3039
2477 5833
455 746
3872 5537
257 6423
2681 2630
8446 2290
882 9858
6412 8520
1897 5931
5735 6026
1127 3246
9432 8922
4143 2775
1237 408
6935 1098
1988 4514
1712 3118
1860 3016
5626 1545
607 3395
9576 4887
7766 4409
4906 4639
7017 6765
6872 3378
6994 5061
1512 4935
2107 614
4865 1605
4092 5819
6547 7001
2290 9366
2913 2175
943 5946
8570 6274
8630 7079
2441 3119
3745 4957
9409 6063
8007 1438
4125 5178
8416 5807
3934 1446
2650 260
2097 8190
7574 1556
6985 7577
4487 2561
3870 7288
9531 2461
7722 673
2372 7082
3327 9520
4695 6647
3521 6353
4817 1914
3635 1005
8213 1664
5095 3356
9737 5720
3040 8709
7379 7100
6849 4656
7527 7752
154 8472
4383 8223
121 6080
6845 750
5964 2987
9536 4683
8983 535
1507 3786
4554 9798
3444 4039
8576 6038
2535 4228
2530 3884
6396 6027
1134 8873
9470 9698
9325 7065
755 5844
5392 694
2938 8782
3365 4685
8468 1028
7100 1649
8230 2368
2652 2534
3395 6025
353 5275
8467 7973
1032 7815
8061 115
2002 8279
4275 4317
7310 1644
1771 8154
7432 3327
4326 6534
4820 1407
5203 7561
621 9412
8775 2841
3732 133
1515 994
9708 13
279 3232
4100 1468
7362 4436
5368 1397
5529 8670
369 9541
8863 5290
2447 4357
1108 3464
710 9053
5901 7495
850 4926
5617 7736
4277 3989
7396 7403
908 1898
8788 2672
8721 1450
9161 1722
508 4408
5668 8455
4429 7012
637 7262
5451 6885
6779 7619
372 7903
2049 6539
9678 3530
5932 5653
3320 6739
149 3135
2601 636
3662 9886
6457 2091
8027 3082
6628 3636
1449 8237
9166 911
7082 7778
7832 362
7434 5951
1269 6549
6718 3529
5925 2203
5592 5935
1108 2659
6235 5812
1944 2931
6830 7907
1560 5974
3931 2547
38 1210
3310 2614
6634 798
7131 1604
217 6810
9654 7616
8589 7292
7001 5695
9890 3951
6096 9790
4860 5612
1780 7788
4858 2533
5135 1121
2518 1109
1955 1935
6970 9765
4764 8533
468 1144
4883 4283
210 354
6402 3831
4933 3646
8678 9966
2759 1171
1580 3943
76 6955
4467 1372
5582 1059
6734 9673
5502 2985
3619 9384
3027 5308
5279 469
1853 8424
3997 8778
9167 6343
325 6878
7458 6671
6763 5126
5558 9683
3249 7572
9027 3330
1066 1628
1444 1022
8624 2159
1184 5821
5600 1234
9655 6282
4977 2009
8287 6903
474 935
1344 6453
1530 3425
5759 5428
1929 9358
5418 9299
6042 5716
8965 9218
3659 5376
998 9199
9737 5533
4350 3015
9618 4121
2178 7783
7056 1564
3014 885
4774 8446
981 4307
2230 22
3247 3338
8895 3911
2438 725
165 5441
1918 9549
7358 5285
3404 6705
2601 5792
4487 4602
3176 1593
6639 8981
8721 5451
5615 9412
8033 1667
9655 2094
4651 9894
1721 5221
9782 1869
7103 979
2335 196
3584 75
4291 4663
9242 3618
95 9933
4474 6999
1583 7916
7089 6184
2526 141
5136 5398
6440 1574
461 5560
924 366
22 8142
5694 1195
1237 8410
7083 4834
4215 5957
3000 9072
9822 113
4653 8812
7798 4779
52 787
8758 7561
1602 6064
2911 9000
1287 4740
4000 7466
8262 3193
8443 2073
8195 8387
3434 2359
3530 8483
2037 5992
3346 260
1190 643
6049 1544
7676 9485
999 1829
3653 6604
7884 3772
9441 3804
3782 3042
7535 2864
3020 275
2997 4987
4637 1112
8654 9840
39 2430
1780 5023
6169 9947
1367 9580
7069 1344
9218 5452
3464 666
2120 8097
1091 8184
8904 566
4836 8088
8969 8131
3148 8539
3981 9294
5908 3941
4170 5783
1114 8353
5914 5641
4035 9530
740 3416
1390 7470
2546 7158
123 8143
4099 4038
2361 5126
2607 2149
1519 6537
2112 7805
1880 8236
3530 4295
8328 7172
3813 6835
2285 9453
3281 6974
9778 2419
4616 8879
297 5448
9137 9004
9844 4170
2784 9551
4747 4609
9876 2927
7689 5909
4074 1133
9896 9995
3958 9818
4829 477
4170 8011
9462 7259
2898 4176
4205 9695
8429 9856
3606 2196
5729 1673
3294 7559
1212 8837
8092 9682
5071 3393
2646 9967
9329 4636
9798 1142
1396 7611
7177 3640
6805 1782
6146 2900
3938 8011
5161 8921
1913 5659
2386 5317
8394 571
8506 812
6305 678
6823 2361
1451 5039
5577 3911
1015 7138
17 8790
4207 9367
8689 3148
3653 4994
1905 5394
4360 9582
9033 7095
817 4120
1027 1486
3334 518
6037 1802
9746 6213
7807 9297
2544 2119
644 5131
9326 177
7247 8142
6968 8727
7591 1536
3756 5122
2770 1119
491 7518
9517 9544
3357 4070
8266 4334
3758 5168
6621 1449
9387 7219
1789 9541
9170 9436
956 9540
4929 5164
9168 6357
5493 776
5085 5677
8103 6033
8418 941
797 1559
8321 1008
9754 5700
5094 6894
8224 7491
1013 625
4614 3059
6083 7408
5092 3815
4361 2613
4025 9080
9221 8620
7886 4463
3531 6293
1279 4716
4029 154
3960 8685
9816 3545
6447 8624
9934 1322
7196 7399
3437 9260
8116 202
3924 9378
3432 2500
8122 9816
5703 1875
3022 4322
1494 2776
7096 7168
7399 561
4484 1084
1395 2016
8624 7933
5185 5103
897 8155
1141 8515
5504 7300
1294 4593
6409 3205
9136 9047
3983 6925
1266 293
2252 4296
8358 6501
237 2632
6775 4494
8020 3473
1038 3849
81 5502
5189 9359
1856 7679
6825 7240
9108 3966
1627 1211
8320 732
6334 3970
8385 1127
6205 8286
4560 5401
4202 7413
5867 5258
5206 9713
8353 6507
6911 6233
8504 5922
8724 3976
3495 9214
6842 1932
4106 4672
4388 3604
3245 8285
67 9926
869 4952
1908 4055
3799 3209
2097 6206
1436 4245
8401 2010
3366 9743
9927 2729
4543 3892
6413 2923
938 3968
2861 8295
2574 2603
7338 5896
8530 7493
8078 44
8420 3191
2413 7381
8896 3120
6967 6892
9171 7297
6810 9160
4255 3610
3011 1823
2109 3183
698 2976
758 7191
7148 2739
2315 807
6798 4612
8205 8083
1044 580
6297 654
600 2818
1792 5169
9975 2746
1283 596
8077 2421
5985 3011
9538 2745
3061 7952
6074 1548
8192 681
3360 8773
8466 2381
5011 2024
5047 1681
2454 6227
377 7849
539 2515
5571 6562
7844 348
4475 4673
5139 4653
9187 8530
9991 3629
5252 7748
5823 4531
2058 9610
3445 6787
3639 7784
1710 5894
1459 2111
1044 5841
1491 114
3266 2291
1762 5303
9919 8829
6519 7425
4005 9046
3477 259
3757 8944
6295 6219
18 6576
4661 7630
7786 7883
8324 8690
762 7259
2405 2147
9528 1252
3953 5099
6167 3940
1628 2455
2927 4703
7634 7462
3639 6629
1462 6889
4759 244
8782 92
1433 5370
9360 5990
5218 8113
8368 4424
5911 163
9584 4163
8989 570
8407 3598
9106 8325
8020 708
965 17
4434 834
827 6499
8924 5810
4502 5664
2692 5186
6188 2134
8077 6877
1609 7666
7612 8992
298 4657
7388 2868
2503 5664
3649 500
6615 666
3058 3442
8697 6935
8372 759
3339 2903
1781 9062
2146 3333
4825 4223
4769 6543
9644 1561
4272 75
6605 6744
9590 4708
4984 8417
8277 7288
4416 2483
2396 1229
2174 2348
2203 7250
2888 937
1143 1608
7435 31
4919 7241
7620 5446
7152 3880
8709 3912
8399 9348
9056 7403
8122 180
9168 8398
4132 445
5124 6892
5347 6375
6522 6867
9005 3681
1890 2939
383 2270
6833 8449
8294 4609
8128 6791
354 6413
7324 4522
8012 9060
913 8097
6825 637
5949 3972
7543 7269
8684 1007
2126 8292
4368 2011
7668 5463
8119 5924
1312 9499
839 2671
3803 6928
4171 4880
346 2738
6786 4065
2775 3453
3635 1867
7659 1186
4734 1021
2397 9694
3013 5496
9861 1922
5931 8654
5449 3218
1201 4191
6433 3388
9615 8282
9137 1864
866 5598
5463 9717
3787 8273
7581 2434
7606 9846
9194 5781
4469 1662
3531 7529
5838 8813
8419 1998
8008 966
6772 9620
9933 6120
4339 5753
1851 5589
4239 8555
5963 1345
8905 9061
4080 1328
8316 2250
2596 9880
4826 9254
9467 7229
6356 3676
1210 4253
4109 3197
5410 5518
7749 9723
8365 7777
6622 8521
7990 5648
254 2344
7869 7573
5878 4805
4947 1263
24 9237
5807 6093
4537 2331
9645 6188
4005 5476
1271 2627
9674 4674
5130 3599
4569 1088
7559 5812
4717 986
8798 8009
9082 598
5685 7793
9334 7989
112 1887
8761 1711
5961 6910
2726 8017
9567 9688
7395 8040
9358 9514
9692 8636
9403 2117
8164 674
3984 61
3834 3500
4391 8521
659 2406
3489 3465
5196 812
9435 1251
5732 7208
9552 2590
3418 4753
505 1939
7131 6654
9584 7009
8118 6341
9047 7558
96 6615
7221 2383
6712 4226
2239 6744
6069 6978
2449 8274
3070 6672
9696 4971
4873 3727
2706 8839
3699 1181
3516 7890
5963 5801
8136 8051
336 7206
11 7446
9732 1595
7958 3026
112 1082
1576 5087
167 789
4745 5612
1135 1180
1666 7232
9223 2657
97 9849
8507 3241
948 4737
9124 8313
812 5630
9504 8534
7560 4858
383 3238
5883 9605
9524 2770
8312 9566
2369 9045
7407 829
9673 6276
3642 5908
7560 1825
1085 3695
343 3058
7836 6604
8371 3730
9826 6491
5562 6931
4499 1018
741 7268
3328 4405
5687 5879
2292 3321
6772 6855
2281 8824
3993 6515
5431 5135
1575 3680
4063 838
1033 3131
5337 4719
6233 9960
5703 6762
4032 9072
228 7807
9999 8489
2780 6643
5302 9047
3360 2788
9060 3551
6474 2852
123 7232
1468 9825
692 3188
8722 523
5661 3503
7712 660
3675 7495
7942 9982
5129 3642
1775 3337
3728 4123
4175 5566
9490 6518
1962 9579
8218 9099
7088 1964
6776 6573
4689 3343
8489 7118
9241 2781
5660 7415
6620 9443
492 9142
5467 6239
6429 2678
8036 9243
7072 3309
1199 9943
353 2567
2355 9631
5764 3981
3618 9216
4672 4463
3058 8061
7636 2304
8477 9336
5824 999
9616 7165
4115 573
2618 592
2710 9980
7003 8026
5635 1477
9124 3670
8641 318
9678 5010
5502 1887
8934 7710
9121 9788
7306 8966
9668 3541
5323 9469
5712 9052
7654 9649
7124 6451
9354 5071
1859 9026
6592 6590
4971 2601
1135 8214
3535 9689
9473 3450
3685 7004
2007 8143
9039 714
4390 1343
2350 8482
1629 8722
5020 958
1871 8255
5830 9
4462 7046
8616 1550
5076 2021
344 895
8931 6257
4325 3550
7496 738
3206 711
2640 2020
5501 3890
6218 2750
9891 5252
9485 4564
4595 2098
8958 883
9541 7125
3816 7995
423 6264
3383 8113
3846 3673
4336 7472
3524 1178
8441 5467
3506 3982
4091 6887
9879 4087
1792 6218
8779 4708
8808 3948
3205 5747
9782 7537
4018 4315
9025 950
4240 944
7311 7350
7908 5354
2328 8857
1359 2579
3578 8180
252 6917
2960 9299
3516 132
9948 1598
1365 5777
7690 930
8092 4128
3737 5958
9795 3985
4108 7591
3576 8484
2017 7625
7024 4260
5475 8253
5095 1616
4496 533
7794 3912
5932 2490
1890 8981
2444 3905
580 8826
604 6968
6858 9071
1569 2924
8040 3564
2874 6118
1876 7770
6286 6401
919 5259
2148 6014
9814 1352
4482 9121
7945 3677
9808 7953
7969 1819
7232 7942
4851 4265
2748 6918
7010 3399
1186 126
3180 913
2800 692
6659 8080
1798 4854
5385 8336
3114 2545
4232 5913
2673 5054
3141 204
2798 3248
208 5813
3102 4413
3066 1750
5223 6473
5999 278
556 80
6433 6397
3933 6970
6495 859
8539 3261
7757 9641
3257 8084
1067 7385
4594 236
4179 7376
2567 1221
3991 8079
1309 1256
9192 7963
3903 5980
9412 3765
8410 1511
903 9613
4542 2705
7754 6310
8318 8338
4605 6437
8039 2507
9501 5685
5723 3389
6158 9733
8369 4139
3448 7278
5638 807
4974 1581
1703 779
8986 3549
4015 155
9168 9447
8806 8277
5100 7547
5222 9230
5938 4482
4998 9522
9726 326
206 1929
5278 5375
1766 8648
2445 8182
8766 8097
5454 878
2594 5272
111 2042
876 3602
1588 5528
2190 4630
3895 396
746 7693
8807 177
286 3736
7311 7968
3431 6119
5227 8419
9370 9150
1839 6278
7005 691
6002 1999
3168 3450
7032 5520
1958 7663
2243 3860
2267 2002
5216 309
8576 4566
5460 669
8052 5320
700 3911
736 4322
9010 4269
8537 1605
2198 7500
7667 8138
6420 418
7975 6039
2013 1304
1227 395
1724 1201
2813 6083
9065 7359
8602 6137
2131 3245
882 360
4149 4426
8942 6205
5009 2840
9724 9624
9812 6061
259 354
254 10
9818 9259
2688 7485
8368 2708
9063 1247
7654 4119
2053 329
4102 7239
9212 589
9081 8242
7592 5870
5156 2486
8216 35
5869 8020
8711 6430
8217 2889
7367 275
1366 6165
9420 8058
7210 3674
6740 7697
7881 5599
981 8983
4307 7240
7982 6405
5279 957
1067 1587
4644 217
5459 3776
2276 909
7353 8863
9010 431
4763 5012
8684 6862
4272 1742
3391 3979
30 4415
9985 2740
910 4205
4841 357
2206 9565
9931 9270
7557 348
3828 4330
7768 6984
8976 6862
8324 1981
3131 2712
204 8136
3696 1178
7760 9752
386 1202
1877 9282
3343 3534
9074 200
3285 9945
5675 6568
2903 9651
2781 7968
3151 331
5463 6123
9630 8002
3627 260
5588 7323
8591 6647
3525 8651
7486 8402
7916 816
5980 4171
4113 2405
1568 2461
5578 3602
781 4333
4055 2400
4352 1640
4045 5095
2796 2210
1142 8661
7455 1545
7902 2988
2174 6593
9801 9173
3100 3375
2852 5525
5125 5727
5933 3951
6154 2607
51 4083
7948 8998
2442 4314
4925 1128
7769 365
8541 9512
8826 5709
442 3712
7609 8751
8411 3023
3676 8796
4202 8088
2772 2913
4236 6918
6015 6585
5423 8925
354 4242
3396 9910
746 1090
5388 3454
7509 1350
6005 4362
4766 7083
2684 4197
1277 726
2398 7775
5352 7180
6842 5990
7571 5611
2888 7410
3485 5414
6969 847
3660 3725
8811 4246
3916 1436
7524 5795
3231 1333
203 289
4031 6112
9583 561
7124 8305
3698 9844
9644 8384
8257 5565
1758 9293
478 5597
6305 1971
8858 6694
2325 9340
3968 1976
1855 3941
1390 8308
6517 9209
6985 5113
5395 9105
7332 9358
2623 5018
1506 9422
3521 506
2588 6717
6793 1910
6827 740
1593 5634
4803 8412
6233 755
3617 3597
1308 5650
3698 2273
1562 8950
5320 3454
2928 6004
3707 9906
2055 6604
9736 3785
3829 5173
3827 2094
1976 861
9644 4196
6280 2449
1951 3248
3690 5014
240 8411
7559 6674
1983 1251
2692 250
4034 4824
7111 5760
9105 6547
8761 2573
3074 6179
5213 3183
6245 7531
6804 9215
9813 7573
7948 7388
7600 5924
4377 2130
7911 1090
3363 2525
601 6296
3639 888
3200 4224
7045 1326
9829 2040
4 5259
7585 4488
8027 1423
3554 8105
2546 9069
9712 4084
9927 1794
9855 228
3509 8362
522 3155
369 661
8827 9585
4412 4194
5778 6910
647 2103
1519 8448
203 5095
1447 466
3881 7941
806 6297
3191 2576
8270 5695
6845 7280
988 5779
8770 6018
4751 627
485 7410
6715 4955
8355 326
4934 9379
6773 9097
5861 9015
5739 1670
5668 9374
9095 4273
3933 3563
129 2298
9408 2518
4063 9271
5421 2300
7534 335
2838 5282
8433 2087
4816 648
5421 5683
9648 8771
5856 2605
9519 255
9959 6943
2648 8541
5819 9893
2729 7217
7684 3662
3350 3363
4222 6298
5786 1085
6560 6895
6674 1547
2921 7387
7186 3385
6392 1834
2541 4887
1166 3583
6114 5273
4715 6581
3380 2424
4190 7891
3877 9646
7268 9052
267 5214
7108 469
1222 482
2505 8613
1505 6432
4144 4513
9937 1303
4558 9226
9997 8524
845 8079
2932 729
6827 7774
1681 1935
9619 6097
4118 8927
823 2813
9223 6097
6658 6275
9680 3340
9279 2996
4948 8630
4105 7187
7219 8005
9872 3510
3482 1546
6226 3585
1952 9753
5104 6891
3521 1474
7489 3170
3263 684
711 5231
7316 4905
330 1375
8110 4951
7857 4505
4001 3050
8488 8509
9913 2006
3407 2311
9508 4172
9601 953
3379 7433
1256 1540
7649 7185
8523 3777
7243 6497
8922 8212
9759 4922
7882 3222
7417 6835
7171 8314
874 2377
9325 2186
7102 5511
7881 9413
3996 3056
5326 4617
7502 6384
9928 9834
1466 5672
3090 7680
504 6981
2550 3794
7979 9921
815 2147
3989 9432
6950 9254
5613 7276
3060 2553
4355 895
8492 7473
5691 5654
1931 8071
4254 3472
5666 7287
3820 736
2507 6726
1366 2408
8825 708
6586 6506
896 3425
8368 9100
2860 7753
1733 7305
8203 7720
9853 4533
3474 6865
5668 9992
7925 5497
1289 94
671 7629
5762 9627
7262 9125
7854 369
5732 4500
7540 8315
7478 1021
9408 6519
1808 8014
4927 9176
5037 7092
1618 5638
4849 2877
4986 9756
60 5381
7925 959
5134 3992
4051 8724
1109 284
8889 3860
2170 3118
8116 8074
5726 117
4012 6517
9661 6591
1610 8379
7110 8330
4751 6856
1583 9185
3655 4967
7077 5938
9606 3851
7944 5523
3255 7477
5065 1539
447 4487
6486 4716
111 8702
6618 4835
6890 3079
6074 9875
7452 8444
2098 1902
5986 7776
6614 929
325 6187
1681 2553
189 7080
9055 4687
3430 9171
1558 3651
8003 9486
1188 2620
7977 8265
1685 2672
9 1228
4362 3489
4479 4074
9305 2583
8628 8757
4700 2730
7939 4748
6473 4080
3577 8817
6096 1878
8709 4400
5541 6729
6343 8171
264 1373
9106 1592
6435 4727
3816 1636
9327 248
4091 3561
6300 8474
9698 8297
5097 6688
825 9519
2017 5454
6362 9352
1356 9155
575 9344
976 3272
6956 7058
4932 7560
9724 69
8067 2839
9682 597
5728 2017
9600 8112
9616 2229
8967 8199
6259 2407
4141 3274
629 9930
6968 4035
2838 7673
9948 1655
5350 5979
2707 8910
3791 2868
2457 1565
5819 2485
1643 5778
5786 6509
9919 136
1978 7754
7776 5642
7919 5196
6083 5749
23 4643
5876 8654
1505 8473
6328 3301
6675 6792
9068 7096
4677 2853
8047 628
483 8950
8038 9964
9817 8877
9900 4216
5509 3383
6080 2418
1186 9632
3557 6205
2657 8392
5645 5873
4231 5395
9341 5915
6235 2706
2364 219
153 5813
8157 1927
4141 2469
5013 8814
1956 2868
7849 4026
273 3663
5758 3306
6138 2773
596 9766
9118 7563
336 8149
3028 9244
305 2420
253 6394
8255 8097
344 5758
3707 3116
3700 1945
9147 9432
1236 2929
8586 505
6005 150
3830 1237
8281 6285
1855 8828
1550 1776
9263 6382
6031 8918
484 4233
3696 1422
6366 5232
3193 7217
9043 5295
3499 4291
1756 5035
8141 6655
7009 5109
1066 4588
5111 4784
8225 5602
5950 8737
5432 638
14 2971
661 338
9973 8585
6288 2316
2282 7710
658 6456
9192 1604
291 4942
1523 5214
8899 4011
4952 940
3060 7977
4046 4810
133 6985
7127 9652
30 3854
5759 5355
8273 4488
7342 946
3797 5237
5755 2203
4351 2413
6500 105
4698 5904
8169 1132
9395 8729
7812 6722
6530 8615
2144 8126
3639 7280
8553 3724
7326 9488
1615 8536
2004 949
980 1380
2912 535
4338 4056
8851 4320
2820 8116
9009 5660
6715 4581
6677 8261
8972 5778
9684 4294
313 4485
6605 3662
6722 4247
6173 999
4387 7331
7845 7959
2962 7418
3619 5473
3708 4010
3524 2203
623 180
7309 4946
8830 8704
4138 561
7490 39
1634 2146
3015 6648
2697 1643
2051 7130
8517 7426
1884 7956
5181 1311
8079 784
11 7129
362 1694
8677 8058
5929 9283
5996 4089
9721 2617
450 7176
7785 3720
1723 1033
5264 3416
1585 1099
2586 3882
8007 5984
7040 2031
3579 7521
7096 3094
7409 1339
1870 7095
4117 8328
6467 5552
5685 5516
2508 4349
1456 9148
3345 7475
7359 3854
4461 7764
266 427
3101 8246
9880 2623
4056 3514
5054 2616
4429 8980
3935 5439
2748 22
5117 6348
8139 9829
8077 2535
9660 1536
7478 7868
5231 7389
8911 6144
4613 8508
6036 5342
1091 3923
2047 8461
4850 1281
8000 4008
2057 2733
1116 4919
3664 2882
7652 6708
6341 2945
4605 696
7410 9804
6166 8017
7133 7806
2021 6459
1453 6941
9447 9537
1580 300
9644 3635
6440 6307
8121 8849
7116 8576
5996 8545
8644 3706
5686 8319
9387 1535
273 3826
3726 4110
367 3461
4930 2334
2849 7220
1292 18
6422 1190
4493 5716
9448 6325
6770 8289
9504 9640
1806 7594
7917 4481
9309 2002
8469 4994
6103 6513
6719 4567
1748 7589
38 145
9313 9291
9365 3065
9769 7090
593 4339
4008 8303
3046 3196
1122 8066
1609 1014
9241 4692
8525 8686
2075 2507
9022 9492
7582 3629
7277 9409
6974 5436
5720 2961
2296 1163
4911 348
2268 6285
9603 2075
3722 8848
5068 8633
6706 3177
7260 4517
8519 1674
3711 1492
9750 1721
9438 668
8746 3558
2498 8817
8809 7290
8752 6756
2033 6014
2372 5480
4146 4049
6231 7206
4645 5682
7169 5503
7513 5313
3956 8089
162 7512
4460 5902
8214 9332
716 2436
5824 6293
1454 6337
2245 7590
3140 5059
1966 8175
5125 1596
2924 708
155 9724
8366 3687
1864 1482
5979 6581
5563 1041
8151 1813
5382 2161
177 5541
2520 6482
4041 441
7489 6797
9956 5330
8884 8753
1943 9130
7889 3506
2474 8766
8233 1064
3002 4721
8919 4775
8518 3677
5056 6313
3344 2206
352 819
4596 1602
7770 8887
3589 5420
7409 802
43 2693
6975 4482
6429 7167
3934 2422
3707 3197
9973 3405
5243 9522
9557 1275
1382 553
666 5301
8839 5196
1846 5383
5554 524
6442 986
5550 9450
9750 4299
2892 769
6415 8208
6730 864
1680 7565
5730 1689
1251 5173
3818 7350
9337 5823
4380 8551
3986 2962
496 9212
990 6337
8280 3862
5379 4091
4823 6088
1864 677
1148 1261
8672 6372
8336 6423
4009 3885
7617 1074
4007 7222
4095 2905
9463 1209
4131 2562
6811 9312
681 8211
265 419
2454 7309
5286 5031
3218 6015
8197 602
3186 6477
667 7754
6145 9636
8039 9061
1477 389
7705 3523
4579 5354
9441 5772
2712 4342
5606 2942
1010 923
6599 946
6445 479
8757 2107
1343 6990
5419 83
7387 1901
2366 7088
4521 8732
1837 7498
6558 7711
4672 1731
1644 687
8870 2923
4161 3501
7831 1568
7624 4473
5969 900
2109 8371
1987 1026
3079 9589
2257 2607
3731 7300
9295 4792
9541 1815
2206 3019
2385 1072
5805 5380
2295 2310
9418 7077
586 8300
2792 3116
7186 7630
3444 7243
4535 2372
8330 5803
6000 9231
3010 4507
1143 3495
9880 4664
8378 2087
6203 3174
9888 3027
4716 1629
4394 5550
9034 7087
629 4213
4803 93
1728 9783
7131 6418
4804 7111
167 5091
227 3644
757 426
4170 9979
6799 926
3948 4682
7506 2508
5355 8153
1592 6889
3299 72
9180 3879
8746 7559
1062 3691
6915 1286
9871 1518
6812 4571
4297 8219
4039 7429
7559 4771
7753 5768
7185 6250
4017 9333
963 652
4373 9934
2945 5586
7805 5177
9634 3453
9303 8766
7982 4315
7328 5777
2388 3948
953 2593
4626 7347
7429 167
6546 5741
8946 7216
8359 3484
8880 2432
6617 7836
1163 3342
3685 6500
9729 7827
7611 2278
6489 8590
5680 5977
4985 5186
8202 9135
9873 3819
1256 9168
3622 5397
664 5092
1619 7530
3654 4154
8473 738
9863 8766
1367 3522
7416 5193
8381 7565
9644 7904
2858 5940
7285 14
7847 1215
3389 5576
4201 1290
6931 4397
900 8193
895 7849
9021 5646
3329 8154
645 6920
5442 2779
2484 6638
5497 234
1918 1531
4844 4550
233 1499
9011 3423
9578 9886
9972 9059
7422 8771
9817 5738
6333 3889
7399 7067
2041 9451
8505 2504
3749 3236
3517 3667
5151 6363
2747 7398
8499 8351
3459 9324
5336 5362
1568 3754
6480 9951
3580 4366
8155 1344
5856 4085
3151 1974
744 3492
3540 1557
7220 312
5728 4839
5482 1400
6497 3889
3336 973
3762 9483
56 9507
7721 8407
2014 3467
6434 2786
9018 406
3882 1671
8928 3896
4977 9751
1708 5612
5626 1529
2106 23
2632 5731
2700 4145
7511 3120
3696 1666
6609 4480
831 2306
9697 6329
4805 7954
5123 6543
3619 9555
1496 4416
9601 3588
141 4488
258 5827
8379 3280
657 3092
1565 5684
3550 4473
1129 6285
778 4550
1034 9431
2736 5680
5566 2575
9740 2619
8487 2998
2432 2236
3726 3386
2547 8410
630 8035
1561 5161
4102 6117
7195 8310
7405 9086
4627 7436
558 3436
9886 9210
3840 7056
4849 9700
3122 4561
4252 9444
8848 883
2473 4115
1053 6798
513 9328
7920 7438
8670 1520
4365 6877
7169 8967
3963 8560
5341 7129
9247 7947
8846 7603
8298 9461
8294 6309
3117 4567
9125 6237
2150 1368
159 4262
534 9801
1527 2143
7817 6155
1127 4653
4883 8910
2424 9484
3706 1929
722 6819
2267 5336
7960 5682
1272 4253
773 2620
2708 6210
2171 9011
834 4027
8797 140
5397 3654
5596 7247
4216 5599
2048 1441
8990 3918
8391 9251
6746 6366
641 1353
7862 2491
6520 4333
7050 361
9159 1660
7142 3333
5829 5913
2804 8550
6988 9282
3992 6241
8288 7968
8902 9359
3716 4845
7033 1104
7752 4955
5999 847
8996 326
6757 6124
3791 5958
7846 4590
6432 4112
812 2524
1674 4017
7873 6413
4826 1155
7661 8220
3979 2222
5763 1479
3509 9655
1210 8986
8610 5925
3906 6847
5590 8906
6598 2280
4437 6483
154 9879
4067 7704
1706 3151
6618 9348
3762 652
1573 9977
1506 8755
88 5095
573 2134
4721 3209
4504 5426
6863 6900
6214 2290
1169 9335
3817 4496
6047 3116
849 6913
859 8355
1873 820
3334 1144
5577 4887
4341 7125
9346 9349
2273 8109
6726 3404
3533 8120
6663 2301
312 6681
2748 3649
9558 3755
4632 6550
2560 4352
9590 6676
9029 4165
8473 6162
1336 9633
5943 2362
6755 2240
6748 7485
6538 3703
8999 8837
9051 2611
3915 3876
9983 9761
8056 3780
9926 9227
6626 2769
3921 7074
420 3366
2505 6523
1113 1832
3195 554
5412 9492
6064 7203
8430 3432
1321 2535
3194 6745
9068 2965
1602 7658
583 8433
8673 6573
1254 3942
223 9618
7676 4663
7788 4904
4677 2105
6956 5505
4329 4805
4246 3050
1058 4003
3156 4359
9063 2971
2308 2572
8782 9899
2550 2859
2985 8449
9370 3653
2486 5318
8719 2380
6307 3554
584 7503
2425 878
3541 9835
6041 2092
1736 3285
6846 799
1341 6139
1613 8547
1551 7669
173 2684
8548 9853
2760 6237
580 6980
8795 9730
6682 5279
7572 152
6080 515
2661 3225
2995 2347
4521 3820
8481 5598
3531 3081
6834 6050
2510 3029
8317 3689
7443 681
1001 5697
2881 4662
2693 5365
4791 2368
1196 3132
6206 5700
3706 4775
5366 2276
5445 125
4923 7368
9736 1508
3206 3671
3615 8040
7254 7548
8749 6702
6440 4591
8236 4639
997 8557
6012 9217
4913 3647
9434 3772
3512 4128
9895 2669
311 8229
8367 7539
7648 1436
8639 5029
4693 4812
4008 4709
6874 1261
5941 7472
9909 5758
8360 9751
3092 1475
3353 6700
7183 2770
53 242
1481 4590
5118 7435
6171 5490
7511 7739
1444 5462
4878 778
2344 1023
6359 8924
6677 7513
6479 6774
9805 1621
1226 1038
9943 4938
2030 8188
3675 4657
3116 721
4363 8441
158 416
5381 8195
3581 8405
2244 9837
6377 5716
7433 8206
6253 1708
8584 7550
839 6412
1269 5996
3395 1984
1580 1162
643 5719
1923 7917
5247 5347
5367 3951
6490 9915
9909 4953
2968 5330
1144 982
9325 4902
9850 1340
5211 9073
2693 372
6726 9633
4682 815
7075 7535
1882 1850
290 2009
4044 5439
9252 78
558 3517
5948 3300
1772 6593
2651 3529
2613 793
4230 8046
1059 4442
4615 7857
219 6680
3863 116
7906 7813
7121 9758
1149 171
4789 6697
2208 6342
9235 4985
8547 1201
5687 1431
6932 6826
5908 6503
175 9764
6333 5743
4686 8447
7921 924
7492 4948
3474 9581
4838 3556
5736 4706
8005 3254
6852 7247
9073 7259
3908 2868
1762 8857
5482 6287
7228 9978
2785 8955
3184 6220
1847 8406
7291 878
1749 701
1002 6136
5699 8207
6748 3110
5196 1170
3117 8381
2213 2498
9240 1141
6879 9420
6151 2073
5005 821
8924 2598
3786 6446
5441 3603
2141 4315
887 1086
9328 207
1552 3920
5124 1452
1017 378
8300 3148
2851 6168
9079 9302
9922 4329
5216 4424
6176 6452
3313 1503
7048 7135
1852 1179
4770 4337
6681 5621
7381 6032
476 9072
9760 9636
5328 1632
3301 9787
3034 5471
3609 1272
7266 5493
8014 2912
621 2256
1319 7482
6137 1212
9211 4883
3545 2950
5174 4548
9375 3005
192 9663
1713 7786
1553 6373
1080 3709
6930 1787
8089 7408
3597 6523
7127 8717
439 9540
5169 1171
1045 4654
9551 4170
1020 7041
6088 6581
4567 6206
5369 1232
9849 4766
9231 5885
6087 7110
758 7980
7451 1085
8889 6121
1762 3864
330 8442
7517 5088
8107 6085
3716 7504
7192 2322
9189 9796
9991 4068
5211 242
1625 368
4357 4302
881 9484
8187 1126
8400 1419
5072 6499
913 5235
655 6697
5230 1423
5940 9692
3703 9147
1275 3372
9207 172
7555 3286
2976 2402
7189 2374
4324 9430
2522 8813
9229 870
2102 9193
2749 7314
1427 9778
3652 2392
3841 5297
8266 9124
1203 4408
272 7282
3262 5590
2846 4214
3379 6929
5244 4862
3522 67
5736 5324
8480 6609
3032 6067
3961 6530
8568 5675
3864 181
8808 5342
6876 2974
6452 926
1068 8505
4024 7983
4115 7347
244 4860
8315 5202
5173 84
3055 1705
3803 6294
472 523
1463 9034
8677 9001
3789 8116
6375 2399
8028 8555
8680 604
7659 6968
452 2530
80 672
24 9408
7056 8395
8233 8960
951 9044
4067 6525
3482 3620
698 5188
7452 5362
7703 2729
4659 7568
8128 1969
5247 7738
1500 591
5703 2127
3497 895
1700 7792
1504 3716
4460 3194
6007 2538
6700 7420
3923 2989
3592 4138
7446 4766
9302 4865
2125 3245
9147 1544
6163 6434
560 8233
4133 7121
5835 4124
8866 4685
7216 2210
6679 8421
2021 5524
6121 9591
3824 2579
6193 5495
3168 7378
3036 4980
6608 6676
1174 4312
8571 1734
580 3573
4998 6229
1476 8060
2694 4462
2273 2742
7176 9577
6078 445
3961 4920
1192 5268
7128 4618
2897 8204
4676 7117
2517 2321
9583 6554
3368 7789
8308 3202
183 8259
5950 4582
9737 3988
6571 728
7467 1805
1951 597
3667 7075
3920 5269
6838 8427
9574 5687
9264 4707
9427 6391
9200 3002
4131 3237
1166 5925
1050 8194
5243 2626
4475 6430
643 3117
4187 9935
3776 1733
3316 28
6888 1724
1000 910
3276 629
8669 7099
8072 9095
1153 1125
7526 4640
1753 2810
2646 3616
9368 1623
4610 7944
1864 3580
3973 4125
3291 3539
7714 5041
5035 4151
1551 2302
6124 2617
2072 7666
6970 9993
5313 3341
1486 6788
2238 2451
449 2850
2909 4376
483 1680
5374 7000
8196 3280
3376 6471
4336 9253
7918 7473
4709 7549
4833 2889
6392 338
5359 9351
7638 2171
8699 5005
1810 5572
5679 7986
5457 9105
6257 7468
9161 6756
3065 5239
3803 9140
6234 5764
8431 2746
4795 6919
2453 9586
5815 3336
1434 3191
1365 1142
2648 9273
7557 9537
4689 5742
5938 1457
9181 4375
9769 4545
9919 1860
5283 9110
5378 302
4065 6292
6217 4255
1759 8616
3108 1529
9073 6535
5566 9398
275 6588
5378 3685
7355 1859
2442 4859
9350 8506
4866 4476
6860 1099
1441 5459
2649 5337
2943 6538
7532 216
5988 4553
503 4910
9126 9929
4171 2904
3964 9973
3059 6898
1720 8257
3647 7822
280 2394
4455 6046
2733 1251
2593 5378
649 8118
9064 6018
1151 9268
8746 1013
5346 3773
5576 6679
4635 4701
4948 2946
8618 8183
120 2112
4607 401
2667 6266
4569 3300
1795 9720
8517 7727
6996 7352
7233 8793
5927 9538
9170 9046
579 6194
3437 5137
3937 3208
8787 8527
9064 4863
877 9042
6825 1239
9005 1250
8165 3488
4206 5318
5044 2253
6078 258
1198 5650
2655 8484
8536 1711
4016 5194
9809 1984
2185 3085
7598 1162
2553 8207
3983 2802
4213 5708
2434 6795
9337 2928
1061 2154
3201 2012
8653 5679
2020 4711
3727 2058
7992 3718
7865 2445
1366 6173
9582 480
7251 3683
2860 5102
5537 5919
673 8838
8429 1440
672 5203
8294 7439
7578 5017
2046 6282
9942 1173
1294 4203
2980 7089
5303 2490
6120 9128
8445 4602
700 9880
8764 6799
1856 3906
3038 4815
5737 8609
5152 5704
5279 1315
8202 4817
7424 7933
2182 1632
9100 5967
3460 9419
6615 6074
8559 9026
5197 8106
2815 4928
6038 2306
5549 6279
1991 2037
3238 1089
4571 8583
6190 9493
8970 7025
1153 4321
9062 9997
1490 7124
4472 1407
3706 6792
2429 8275
7238 4925
3082 9594
7900 3324
8218 9083
9672 1820
9176 8032
9140 1959
7057 5264
765 4589
7637 1409
574 857
6023 5007
9567 6907
2659 4014
5959 3302
9097 2262
6958 3006
1226 9121
9096 4289
8390 9725
3523 2547
5644 5361
8044 6836
2185 4508
4831 6012
476 7088
6039 1726
3432 150
619 226
6353 6989
7647 2477
3056 802
4675 2466
7407 8652
6779 9083
8460 1045
3451 1331
6594 9303
2857 2844
8963 2797
6910 4813
8183 5840
1361 4219
8093 9330
4408 3061
4845 3816
6145 1748
8366 1760
4247 1423
8770 2375
9298 8910
3037 2630
6265 352
3188 2799
8645 6810
8671 5779
8915 8391
1348 5862
2562 9692
5518 9170
2622 3327
2401 1638
1506 4169
9426 3618
4606 2645
3931 7394
9960 2771
42 3547
2370 3456
5534 2883
1812 4626
7507 5045
6719 4063
7813 2873
5406 3637
7806 5866
8525 4799
2308 5207
1267 3779
3197 9277
2199 3759
1330 1095
5970 9802
3317 7127
208 991
6245 5311
359 1160
8213 7129
5271 4351
5876 9386
291 6129
4501 1666
1295 8429
7542 9361
5837 9
6803 5989
3627 2041
8159 8771
9685 7238
9305 1355
266 4729
2506 4791
8406 2232
8385 1355
350 3676
6045 4095
7693 4245
5332 8360
3770 1568
5485 9356
8255 5446
7164 4655
6782 3607
9686 7059
2432 9945
2489 6315
3266 9390
7910 2001
3292 8359
8035 195
1428 6864
4917 389
3722 4156
8732 7478
6254 8002
7863 4814
9829 9969
8083 616
2878 9658
6338 533
486 5792
7301 6242
5057 5280
3909 9617
6729 3572
7911 4481
9319 4390
7411 3377
4305 7338
6454 5030
7944 3840
5294 7852
7226 1345
9691 3969
4884 3258
9968 1803
9087 4794
8376 9132
7108 2787
789 9334
4608 4491
8338 9779
9859 3738
8372 9363
6099 6909
7212 5769
7771 1037
8832 3871
3875 6599
9828 5556
1490 3904
3842 4207
7522 7880
6240 9773
240 1548
52 2251
516 665
7362 2680
4843 3957
9600 6079
978 8832
2495 5301
5358 4588
4143 7703
8096 6058
7103 8054
7752 6248
8314 1033
1502 4264
4599 9639
9031 4057
6777 1653
2155 5583
9555 8938
2151 8093
8149 6069
2762 3551
2772 4239
5853 9081
9790 5048
9984 8297
808 9710
1887 3324
54 7558
9395 2240
9116 2825
3944 1427
4317 6893
7987 4960
1261 9463
3818 3008
2321 3027
8262 6885
4317 477
1827 5902
8329 1691
3222 1442
1067 3181
291 3714
3087 5189
1719 1646
8596 2974
3242 2848
8389 5879
9652 5464
2224 6477
9624 9832
9531 7389
6893 6500
4729 1360
2834 3962
9429 2948
263 5049
843 7610
7903 2229
1906 4855
5942 801
3701 7684
8467 1224
4979 8301
8279 7589
3410 338
3539 5821
5965 2101
6121 9030
4075 5801
239 9916
1170 626
3877 9199
7459 7419
8672 7641
8510 9565
8844 8687
4737 1197
3960 7921
6859 6865
2442 7063
6640 7501
1835 1955
9376 3263
938 3659
4086 9723
5662 9805
9767 8554
3989 9790
6508 2851
7101 9781
7161 9832
6719 9487
1991 5851
6164 7922
4886 889
9860 7964
4099 6925
2447 9285
7746 9704
2817 1648
1884 3695
1820 6154
889 2612
5371 3563
5844 3221
1973 734
7399 3180
1358 5534
7084 1856
2128 7438
8792 2057
4549 4128
9197 9690
9748 933
635 8330
9229 1277
375 297
626 4080
2871 8650
3678 4020
8970 9684
2683 2937
2965 1869
2553 7028
8668 7188
6191 6311
9959 1503
8250 7493
7350 5516
2923 5026
2073 6576
2580 1654
3530 2994
1642 7521
7621 4289
4027 3800
7497 5943
7645 8847
9611 7586
5864 439
5060 4586
5746 8297
8423 8360
5271 2554
5339 7384
2228 4585
5984 3924
7414 2683
5769 6968
1443 6530
2064 2676
2711 797
570 7130
8130 1318
5086 6157
6827 8750
850 2983
3054 382
1030 8054
7281 60
2621 7670
2903 186
9897 9269
2827 7546
5728 147
7464 2396
6073 7729
1620 8270
6777 1466
3198 2763
8086 8566
6415 6712
5546 4048
6579 4864
2289 6335
29 9004
1829 2378
9446 4270
3680 2887
8327 1431
4277 891
8191 1570
4001 993
197 3892
7239 3567
4174 2641
4247 7815
691 4400
6580 8068
7165 4557
5766 5111
9438 595
7381 9285
7945 4897
4136 3288
7711 5255
4796 5778
429 5339
5969 8853
7158 353
7068 8007
1982 8635
1457 5781
244 3307
6312 9192
797 6674
1060 5556
4570 6374
9477 5811
676 2183
7620 5487
2440 64
806 7891
7988 4193
7088 6380
9540 3881
4192 6953
1611 6598
3753 9535
4720 7072
358 561
3723 5162
8317 5600
2620 2102
3719 1256
3875 8185
5823 1457
3128 7204
7385 2587
6865 6493
2557 1753
4427 2282
6349 1503
2061 3801
7255 262
71 3887
847 4108
9071 4692
991 6516
9895 1197
337 1562
2341 3037
7131 8305
7213 3419
1213 2364
6182 9095
9110 6525
9399 212
8303 5493
1124 9462
4784 425
4596 374
862 4766
9009 3440
3671 7200
5588 1159
1383 3714
5813 3721
7740 3286
4185 4977
2571 1405
1881 7374
7757 257
2500 9109
7703 3404
6139 2201
5301 5266
9571 8024
3781 7745
6479 2269
8297 7526
6979 7510
2961 809
230 3893
4583 6154
7103 8485
902 3010
5263 2880
7413 6432
4914 8361
7399 5221
8705 1470
7731 1264
8978 3322
9167 5473
975 7810
4065 3316
1415 912
8944 7121
5427 9296
8018 3923
4095 5410
7391 7208
3222 5256
4497 2946
4645 2844
1384 2730
6511 6637
2101 1590
9900 9380
1777 2432
2554 5507
4667 3542
5417 2542
9 1399
6256 8747
3694 6944
244 3925
5218 4584
7253 1208
1119 3371
4204 5703
8987 2630
9176 3283
8336 7773
7560 6054
7343 7517
7426 2856
5624 2239
6271 360
3748 9809
4782 4404
9259 2005
6459 9456
6922 4262
9291 7178
7756 8625
9075 5079
8168 6849
2698 8238
3496 9938
566 5265
253 604
7047 6593
8255 2307
1095 8238
1501 9680
7377 2563
997 1287
3268 7078
5520 2239
7104 6346
2899 8901
3484 5390
8246 7856
9464 9176
6291 4745
995 8007
8149 7923
6714 9574
38 5496
8550 2605
1648 9326
1932 2669
5497 9610
7592 6285
7098 9914
8490 7435
240 5630
9385 2652
8609 3185
2487 447
4854 5946
8744 9237
2944 4106
9236 2529
9451 239
4530 3378
5875 5217
2671 6391
7547 9925
9324 2349
8360 9247
7680 8734
1328 3844
2697 4579
2558 1037
4397 1
1785 5251
5307 3420
9775 5439
3713 9922
3376 4113
3467 4231
3093 7962
4979 356
7193 5613
9404 19
9247 6451
1060 4214
1965 7289
4795 7594
7505 223
7436 8000
5848 6403
1963 46
8874 958
7093 5382
3256 1725
925 4928
7365 6255
1305 5149
770 8023
747 6319
4469 1166
1322 8536
372 780
6590 3226
174 41
867 4923
4286 6377
8885 743
3819 6911
6147 2656
7208 5490
3039 3538
2967 1972
547 8890
4814 4961
7142 4870
9193 2027
9845 6908
8133 2801
3439 4411
9809 81
8604 2386
6701 963
7449 5552
6671 8668
1470 8757
1033 5750
3388 9734
5953 9556
6747 557
3451 7804
5725 6696
1181 5621
9865 1494
1148 3229
9546 4932
6101 3011
3484 7163
5036 2687
4664 7245
5380 245
1307 7423
5813 5762
4404 5628
4872 1532
2540 8297
5147 3457
9080 1160
8672 5307
9725 4116
8426 1868
1361 1243
7020 2005
1388 9482
1723 5042
4689 5962
2292 8168
4405 6203
5895 5013
5487 3498
1724 2234
9229 3131
4745 6271
4464 6783
9316 5759
7721 9407
3836 7214
5833 7518
1217 4123
2676 3620
9816 3830
1714 4929
3677 5649
8195 6257
5449 4145
3678 2841
942 5581
8065 3932
4908 34
3982 3252
1896 9292
9021 9224
5817 5480
249 4082
7718 3824
4595 5172
7552 7504
6523 3427
4040 4361
741 7927
5342 3120
2319 2420
6925 5127
7556 1961
8454 3111
9985 4928
1511 3415
5900 7585
2292 3980
1173 6803
5738 3093
4533 4644
9290 6766
3619 4489
8132 3999
8357 6561
6858 9917
3240 1460
352 4560
8538 2408
4549 5527
4604 5234
5636 2412
9583 6237
2463 5151
6747 5363
2715 5372
1330 9796
6158 4968
7562 4758
7054 9455
7902 4826
116 3687
3251 5382
2975 9648
2414 7137
3634 2114
9327 8876
5463 390
2825 255
3126 3401
3442 5327
4689 7385
4123 8694
694 6552
2727 8765
5616 7021
3599 8694
8883 3917
885 9503
5959 7360
7702 4364
7891 7269
7540 5534
2003 6455
6542 770
1324 9550
6419 1868
1133 9982
6756 4671
1152 3616
9531 6023
412 3806
1429 6368
2747 722
9186 8240
5069 2314
4133 4844
6815 5251
8028 5473
6378 2998
6627 5954
4452 7041
6697 4441
2932 9520
1523 9386
8865 2937
4670 6180
5157 1380
5253 8258
2367 7267
4315 1293
8929 3861
1988 4238
703 6614
3452 8243
6895 3675
4228 2048
9207 3051
4503 3973
2163 2549
1827 6764
8236 6526
4683 9044
4191 2166
6703 472
4433 2453
9562 17
71 2358
1943 1462
8295 7106
7455 9344
2539 8663
5397 5354
3119 4808
2336 7580
8442 9785
8920 6377
3717 5666
7757 9682
3872 7489
9034 1029
9336 1367
6533 2131
5457 8788
1338 6199
8564 2019
3426 5867
3894 1771
253 2190
3045 6929
5978 4703
8609 4421
3299 3813
1520 4900
869 3627
4097 1349
463 2185
2383 6995
5960 9035
9917 7132
5660 9497
207 7857
4875 5026
7774 3970
1549 353
1293 2642
577 7390
7400 7701
5489 1
8668 8384
6087 8029
1942 6471
276 9125
5087 2438
4097 8115
4092 1355
2934 5004
7271 8984
7646 8107
5776 3414
3219 1201
7572 3462
856 8653
1293 9408
4578 7664
2255 1683
7441 535
2002 1237
3151 6170
1311 2817
788 1544
2808 3552
7570 6018
1866 7765
7465 2060
4103 1140
9578 95
1305 3002
9235 3139
7991 1352
9553 1728
8992 3381
5754 807
8278 4792
8176 6767
7035 5859
7033 5032
5469 7993
4383 6792
5381 5894
6902 6269
2922 7222
5759 4534
2772 9907
6649 5823
3299 3008
3892 9938
5132 8573
9258 1029
8294 7927
3622 4600
5435 9513
9188 2919
2634 524
110 703
4158 4580
9965 5994
4130 9702
2093 3583
855 4994
2307 1068
4027 9200
8912 742
6513 6285
6728 3995
8037 3925
1709 3593
3835 5997
848 790
1803 2474
805 4126
87 8047
5603 7003
7033 844
7530 1650
9467 8319
8681 994
4106 4770
9179 4654
9867 9192
5383 8168
7183 1542
7654 7543
7489 9196
2943 7294
5066 6017
3263 294
331 5374
4351 787
9786 6759
5894 2641
1138 3373
8046 604
578 8634
8290 6599
9071 7164
8386 7061
4552 7085
3683 4421
4213 1203
1687 555
2719 4903
2272 3460
3278 6587
8720 9566
8593 1123
3792 4364
3577 238
37 7879
7403 5988
3979 4190
9182 4901
2764 889
1360 1099
3318 2229
995 412
4384 5407
2861 4205
8953 8232
5593 1723
9672 7919
735 4430
5339 4058
7447 1749
9950 693
1889 7455
4711 325
4960 7445
2360 2876
2816 7845
6902 8042
4399 2682
5864 496
9784 5127
5174 4930
4468 3950
4454 5772
7174 3253
5292 455
9870 7530
7817 9546
4517 3842
2681 4395
6330 8755
5862 6435
4073 6834
4647 9550
7388 738
5611 9068
4666 932
188 9522
431 612
9680 4373
2054 4647
3164 3990
2947 5453
6689 5840
4824 5655
2636 1619
3382 5381
4951 6928
4287 1286
9801 5831
9455 5194
8734 8844
9945 8993
1366 4246
9025 8993
6551 9289
2786 782
6337 1601
9860 9794
5460 4711
3474 8703
6485 1472
907 5802
3988 6480
3869 8478
9838 4558
3150 3129
9678 139
4803 5875
8375 7571
5548 3777
6479 903
5023 8093
2130 5931
6101 1482
1550 2646
1491 1285
1778 5479
4476 6419
3459 851
6683 1837
5070 4125
5906 1391
8619 4117
3478 4284
5878 6513
7867 2038
1578 7296
468 8707
8025 3378
2519 9274
3780 8786
3501 2955
4619 2159
9450 1012
3655 6805
4288 302
2099 3211
5022 6713
9633 3348
6763 9306
2102 476
7099 2058
8072 9209
7721 1812
3803 3643
5384 8233
5550 9434
7379 1294
3886 8781
245 2030
4546 4101
336 2148
129 4299
4756 1467
4909 8879
7870 2285
430 8199
8427 9558
1994 9402
7649 6258
3685 1328
1957 3104
1637 3688
9175 1315
172 4376
8852 5011
3974 4814
975 2256
9204 3184
2845 533
8041 73
2841 9459
1095 106
8383 3220
8763 3441
4654 7956
7391 8070
478 4833
9134 5074
8485 6880
3466 2314
6668 5231
9247 8923
1439 4053
873 1198
6540 5985
592 5120
2271 6835
3577 3084
1281 6096
7100 2609
6781 6047
9434 1552
597 2431
8563 8641
7376 7388
8222 8348
4755 4224
739 4766
7991 5971
424 3442
1081 1497
4725 5513
4071 6975
396 1394
8235 2167
585 4299
5278 8880
6307 7295
247 1271
240 4264
4624 8090
6926 9030
5971 7346
7172 6053
6454 9974
483 7405
7267 6290
3036 5712
2537 1827
4371 447
8483 6783
8791 520
6490 8850
9198 8226
170 6127
6667 1572
4855 267
8442 2995
3617 8094
2960 3623
9211 2045
5355 4754
5890 8296
4274 3897
9376 4556
2770 6909
1746 9592
7128 5350
8098 8820
371 9042
6947 808
3516 4255
400 7528
3860 2567
2671 487
2235 1088
5037 6515
7812 2949
7456 8040
4164 2197
5375 8008
6786 2553
4504 9435
8384 4868
9017 2529
6400 2517
8635 2235
5622 6387
9543 8237
1921 8253
7433 9719
582 944
7361 1737
3653 6596
6053 8825
4465 6474
5406 4288
7677 3663
7579 9544
1510 3434
3970 5714
3096 2706
9725 6938
384 5840
3364 3460
6698 8748
2343 9824
3002 2290
5803 4863
3052 2407
8029 6747
1069 2910
8870 7363
3204 9594
7872 2599
5549 782
7684 2548
8561 9237
7436 2446
6622 6659
345 600
2702 7663
5162 9189
8906 3987
1210 5774
2176 5338
3389 5560
2200 9896
6772 187
6847 6188
3320 3511
6584 890
9233 5321
2975 9892
8794 8657
6715 3036
5593 6342
3470 3455
488 2756
4655 8045
7551 1056
1164 5025
4070 5140
4774 3795
3846 6186
9497 671
3717 9748
7741 6815
8598 1548
5492 5509
5774 8605
6053 8020
6507 4992
5765 4355
8530 101
3247 8486
9914 9038
6669 9457
5451 5885
1662 6406
9628 6200
9399 6148
6283 3005
5665 4124
2124 1741
3201 4354
2490 3030
1249 7176
5384 1630
7223 7764
9515 846
1113 8069
5540 2143
785 5729
4534 8815
8772 738
6996 5506
833 2767
466 7669
22 9907
299 2079
2859 1557
1355 4569
3467 3133
8919 384
2728 6177
7055 9469
2943 3887
1697 4683
2199 5833
5267 6306
1096 3527
7849 9515
631 724
225 36
9378 7499
6271 2190
7044 1359
6047 5865
1183 8784
6233 2837
376 3588
8595 7992
8783 873
5006 4437
9904 3758
3830 310
6533 5758
5657 8339
2918 982
9115 8967
9547 5214
3482 3010
9058 2017
5226 9284
9302 8793
2865 7737
7688 1811
8545 7124
4252 9078
3006 6464
9365 6863
3319 4709
8044 2412
1519 4919
2546 8923
3286 8733
519 9908
1233 9251
3623 5874
1446 3128
6153 6641
1227 4518
8825 6360
7804 6308
3592 3528
5777 877
9013 9040
5051 773
8954 1263
7569 6441
8322 4958
3898 8149
2062 8702
2403 2579
3989 7513
9746 5400
3653 7564
2803 9114
9470 3250
2432 4448
9371 2490
5078 5198
1550 6460
211 7819
4636 7482
1610 849
964 6336
9168 5544
7899 5390
2106 1430
705 1911
2195 721
853 1809
2764 3093
1350 2615
6019 9054
6368 9962
9288 2613
9145 7223
6860 9670
6578 4322
6464 9670
606 7567
3472 8283
9408 1217
7293 6519
8079 1012
916 9678
4027 6061
4811 6143
2965 6008
2781 3447
4809 3064
1061 5114
6637 1869
6284 61
4699 8561
8648 1879
7963 1776
9799 1223
6202 7576
6314 8571
4733 975
9426 6310
5291 5440
8503 9045
7904 7962
9740 993
5001 5112
9667 7870
4533 3546
6830 4142
7613 616
5006 6210
5744 2941
5934 8700
4721 6226
3265 6246
1486 7333
7639 2968
2940 70
584 9447
4404 4075
9846 7054
7819 8039
8543 8070
4312 4486
2846 4572
4704 7750
9638 9734
5268 9778
2027 1271
2193 8888
4425 8335
7575 4646
4150 3377
9313 6941
774 5033
6441 9820
6534 185
1468 6353
9522 4082
3713 6759
2581 5213
1495 4012
5256 8613
7090 7233
686 6317
8645 7192
4823 8731
7968 4698
1330 9048
6836 3152
8856 5160
580 4386
9709 7291
6283 9584
4251 6061
8208 1152
28 7256
305 5844
9799 7184
6988 3923
9331 5618
2137 7801
2856 7488
1196 3571
2080 851
633 4397
8263 4996
1790 1277
5021 9096
3128 9115
5263 2213
1813 1446
2458 2904
1341 2390
473 1082
96 378
569 7206
3616 2638
7654 5827
6067 6330
6528 5227
3761 8654
6789 9698
394 7390
185 800
7614 9811
2648 9013
4702 9851
9913 9699
2074 9680
6059 2655
5154 4498
4963 766
5434 351
8978 9421
1206 9870
2481 390
2694 7853
6493 2358
2995 8747
8946 7631
9469 9658
1694 10
7889 1506
9408 5218
5177 8804
631 6148
1058 6215
5459 5484
1288 9121
7375 2224
4171 9060
3579 4984
8472 4715
4262 2008
2959 3024
8965 8031
1926 5621
9825 29
8209 2800
4566 140
2040 5908
4906 8876
5257 3441
9018 8042
6336 1219
3078 7038
9148 7334
9948 5697
6680 4412
608 8207
9502 1446
1268 9943
6115 9329
7447 383
8973 1102
5158 6818
8379 1117
2847 1628
2446 1284
3027 6699
6573 3010
2805 1402
2490 6494
5360 536
535 5635
7133 8302
2298 3291
8318 60
2719 5765
312 867
4820 33
9993 4285
7505 711
2307 4508
3634 1634
5137 7819
3916 566
1274 9357
1186 7258
1542 7859
4919 3395
8649 8683
8890 4608
8549 4315
3191 283
9789 2950
5276 1188
580 8387
7705 3401
5620 998
1175 9728
5437 1291
6865 5639
231 1063
8083 543
791 6355
352 9691
7740 3587
9195 5594
3271 2871
1725 6381
6675 6646
2711 1716
1372 8737
9865 1632
8375 2822
3550 1505
1010 1151
7388 1600
6750 1343
6949 4936
543 8855
8310 892
1550 4313
5569 3288
6756 4541
7620 445
2494 6562
2303 2830
7153 1733
3104 4047
2030 951
4163 6808
7158 5460
7065 3017
9181 4733
5659 2400
3969 6942
5552 1779
729 1289
9856 3367
644 2871
1506 4364
76 9769
5647 8432
3653 1229
1240 9318
2042 4344
8580 6206
1598 7336
194 7546
2125 9482
9410 247
2087 330
8979 3444
5920 81
9089 7022
8963 2187
620 191
4150 2385
500 4970
9961 4672
5632 553
4785 1620
7658 5759
8678 8592
7988 1729
2664 2943
1172 7470
9484 3737
900 9226
2287 741
6376 4619
2536 1445
3260 722
9548 8825
3841 6891
7588 7622
2659 5982
664 4970
7018 5025
4057 5203
3183 2195
2823 4104
2821 7441
3905 7815
4084 2862
6978 1462
4586 8176
9011 7839
787 7255
2134 95
5210 4593
8498 2366
2723 3873
3640 9237
7716 2330
9617 2172
7189 9229
1222 4150
3364 7087
6005 1077
4052 5209
9895 2116
7782 4081
8840 2480
4891 9162
2021 4540
9736 7721
5792 9829
8503 9476
6779 8018
153 4057
1090 4381
1114 8939
209 6618
9834 1059
3137 8212
3980 5491
2665 2740
6056 8562
8148 1556
3972 4849
9347 3600
3373 3766
3961 3936
3976 5722
8067 5539
6456 8654
1499 4966
7292 2510
4740 7057
8219 8562
7049 2752
5729 8325
3026 625
3805 6025
1850 9330
4481 9048
8502 8850
565 5290
2151 6060
6311 7926
4397 7068
6746 1438
6061 1335
7225 7300
7992 9687
7524 8121
9738 6208
1333 1082
1300 5106
1112 5055
4154 6559
4790 3737
9692 9246
3565 6164
7901 874
3630 5061
7864 7408
5832 1633
8727 3841
3873 1032
2279 7534
9903 4181
916 8499
9780 5279
8386 6931
403 2272
6703 7726
1304 7857
6221 7228
4258 92
1160 8078
527 7411
3023 5184
556 2487
5100 1310
7190 4811
2797 9567
557 3089
3139 6298
6336 2455
7614 3826
2100 4916
8636 5951
8015 1137
2605 9747
2978 8043
9661 6876
5404 5077
4158 5873
7515 33
9204 8852
6386 8584
9192 7337
50 1164
8319 767
4621 4816
8819 5254
3621 5641
3616 5297
8041 9124
3490 6124
1874 8895
5539 7372
6948 336
4047 7735
5981 1301
7686 4237
2054 7550
8375 5213
5197 438
7894 8323
1961 8490
373 6139
5469 2065
1818 1796
582 4034
4591 1567
2013 7899
7268 2384
4909 910
8892 3638
3389 9805
9067 8365
1415 9670
8175 3997
608 2222
9376 9874
8980 2704
3254 720
3218 1063
4336 4431
1468 636
2228 324
6478 952
944 7806
285 5918
7100 706
8605 548
7848 4541
594 7427
6917 999
7011 634
4084 6058
4958 6814
6166 8944
6515 3436
1560 575
9880 7283
8687 2832
5973 9303
5911 8425
6033 2938
7309 7646
6321 3570
2298 7105
5722 2487
1489 5246
2358 1494
3677 8528
1430 8049
7679 5644
9761 2114
8773 4454
8486 1014
4996 5012
9385 2766
2258 6925
4874 3302
8754 2899
6489 7476
7017 7595
754 6904
3739 5622
3370 9697
9595 6898
8592 8206
1001 1119
2152 463
6295 1194
5462 439
2310 3301
9185 8720
9560 7843
3252 8887
6265 8899
7657 7174
3715 3693
8777 7205
3054 8148
2966 6049
7221 3611
7468 7652
3832 8415
5728 1497
1624 694
4105 3097
4912 9047
8160 1729
2835 89
2263 3081
5726 4053
7773 2222
6905 8828
9877 2423
8947 8151
3446 8729
3651 4997
3071 3190
3126 2897
8795 4347
5278 106
5279 3714
2727 1845
6416 4880
7766 7817
4581 8287
2583 2096
8154 759
4955 7939
8897 4250
6202 9243
9052 1909
1566 8579
317 32
2483 7527
9762 7145
8050 3038
3074 1552
2919 3893
5787 1272
2299 9103
9825 4461
3412 7963
6901 7904
8525 9158
58 4652
927 900
3972 6085
6708 1093
5710 2745
3184 2097
298 8276
5676 128
5576 2930
9848 99
4557 3705
1751 788
7917 3798
9591 4415
3524 8554
8259 6945
4620 8191
3402 455
8477 8336
3398 3719
1064 9657
938 4822
6318 6169
4541 1667
5007 3160
5361 1406
4697 2180
8800 3512
2702 8338
9374 6982
9765 222
115 8168
1455 9663
6278 4491
2300 1353
6028 3562
5689 4096
6439 5348
3846 3478
1423 4463
769 5925
2636 4685
1079 4653
2202 8365
1474 264
3626 8807
5023 7426
5923 2987
6981 1386
2062 1188
4586 4419
9281 5663
9996 7860
7386 2603
7974 9943
3182 3848
14 4679
2053 321
9783 3780
5357 6898
8039 889
723 2143
8350 8887
3237 1276
6853 8906
9518 5202
1431 917
4915 2766
5918 2212
6623 2967
6998 2844
3419 3387
7032 1674
5036 4224
5468 4635
5352 6904
4189 6045
5524 780
4006 4086
5716 950
8178 4057
3436 4495
4432 6180
7642 8958
7197 2680
7525 1957
6618 9389
3535 1468
1232 9725
3037 7607
4651 4763
3035 6780
5368 7033
5516 9937
7663 386
2964 1652
1433 6224
8692 8600
3396 5446
6591 776
7442 8496
2215 7391
1530 7288
1965 7216
6375 5847
1056 7405
4480 2033
2489 5681
4628 2685
2107 9551
6415 1459
7926 1146
2860 7314
3638 1946
9204 2517
3347 7432
8679 3827
4156 3629
2271 7673
2205 9305
9382 4509
2169 980
8865 6434
1329 3218
9601 9508
6029 4806
3130 5862
3593 1422
6733 9877
3787 4671
5650 1777
6524 2533
8915 9180
515 3644
5709 8773
9317 6716
8381 2076
4091 8465
5574 6104
1560 1811
529 6733
7721 3723
35 3946
6423 5083
3925 67
4353 9404
7875 1157
6066 9949
5947 2121
6327 1588
3889 7957
622 481
1678 2217
7655 8738
4357 9523
6383 9067
5077 5648
9021 3540
1180 1940
4566 1002
4383 7711
8741 6152
501 5035
5379 5986
709 5738
5007 4128
9795 5563
576 6148
5999 9077
2534 862
9235 4408
5455 7701
1759 8413
5085 2506
3471 5350
4689 2506
926 7658
5339 3554
1474 4265
3967 2521
7547 8242
4433 1762
1845 236
9 789
6633 8087
4021 9173
4895 9929
67 4177
4981 4785
2245 1109
8007 3504
4490 5679
8186 4967
5426 3149
5697 7584
2767 2911
5255 7239
3856 1377
1438 9122
9482 4698
3392 6346
1270 6313
3641 2886
2884 7633
8873 2083
9922 9818
2068 1597
4595 5099
825 2664
363 4296
6937 8821
234 2196
2978 3481
6578 809
9973 9756
3693 3426
4904 9237
9280 2622
5952 1286
1005 4702
9291 6918
6426 6804
4370 2887
7264 1487
1187 4184
1722 1310
3116 412
8157 8709
1319 6555
7045 2123
4399 7789
8564 173
1440 8013
5115 762
9127 8392
4578 6973
9461 1098
2905 8456
6565 2425
928 9558
7256 3474
7383 5501
1645 1248
2930 3790
3520 623
4100 3184
4019 2256
6852 9248
9762 1965
8958 6112
1050 7454
7407 7026
7180 7801
3076 6998
4664 2179
4075 8200
1233 4128
9039 8171
3719 459
4995 7419
9386 6000
8696 4799
960 1495
9630 8612
8952 3264
6925 4249
703 4313
3445 4771
9782 9383
952 853
6451 4366
8507 1867
5611 6604
4960 5331
9972 2310
6448 3314
7107 2950
8714 2345
8313 2001
9524 7812
8290 6713
40 4908
2593 9631
2181 8374
6231 8914
9144 5312
4851 850
7311 9546
7273 6810
270 6309
2057 9247
2480 7660
4037 1276
4976 9597
711 767
8553 7473
7335 4655
8266 8197
9334 1622
6521 1698
5851 2627
8640 3685
7549 2140
9913 3958
699 9051
8732 6657
2663 6963
15 5386
639 8219
6295 3048
3872 4033
7564 6585
5182 9823
3522 5906
2785 5613
8404 560
2867 727
8715 4394
2645 2600
3515 8118
4693 5121
6623 4203
9269 2701
967 706
9117 9477
4315 9864
1046 5725
6037 8243
1739 9853
237 3112
9206 2352
6255 3218
2416 9314
5031 8499
6831 1873
3536 2929
6311 3527
366 8595
5091 2134
1359 937
3599 245
1670 4771
1911 1450
2286 573
9660 9123
6637 8423
6406 6770
1329 2226
8798 4220
5429 8545
8634 8727
4217 8925
6144 8490
9002 7433
7794 5303
672 9806
8 3410
314 5402
322 5263
6485 1586
2909 6564
2842 5342
7671 9784
6597 5210
7696 4364
595 1076
9435 3878
5727 9491
818 9227
3110 3063
1685 8812
5293 6755
6336 4122
9515 5335
2329 5881
4972 698
1450 2529
4880 1109
9255 685
8012 8922
6954 3353
634 9298
137 2076
4999 2494
2683 9792
2972 3479
9787 3929
915 1589
6677 3984
4430 2751
724 2775
8654 9328
701 7487
3329 518
937 3822
9560 8087
9687 3698
3646 1888
4184 9111
4955 8988
4950 8644
7782 6366
9770 2420
8715 2784
5506 3614
802 372
7818 5242
1128 9402
4705 5026
646 9658
3550 8946
713 4464
501 6271
652 6440
4666 9235
4697 4384
640 9089
7434 5252
1302 1826
6651 1608
1482 6897
2012 2925
4779 252
4030 4106
1456 5676
4713 1884
3474 441
913 738
6525 6572
7263 9719
9417 4345
8197 7116
5492 5005
2376 7524
4021 3993
2469 1299
2880 3085
4466 8773
6161 3851
3210 4717
1128 1831
2246 5199
3369 8911
690 5769
9938 260
851 6626
8716 2204
1117 5055
7619 844
9802 3782
5350 1515
3196 473
4257 9723
458 8802
3235 401
7835 8955
1921 2756
9111 9499
173 3156
5956 12
4753 4642
9660 3325
8191 8775
8100 2995
5684 987
8416 4921
9870 4074
3426 5257
7 4557
8976 3797
9153 4433
7847 1768
3683 160
8839 6717
3054 6782
755 6113
2188 4389
7816 3586
6752 6870
6000 4791
8715 1174
3274 8219
9745 8859
4697 5807
9391 4197
6347 2620
8838 9875
208 4439
4359 9195
6522 7347
7867 2770
4001 627
8416 3766
5224 2291
893 7925
8429 8889
9472 6256
898 1853
6992 6707
7866 3299
7212 4761
8984 6667
6494 8682
8827 8935
7915 9607
4647 8322
6550 2575
4342 7686
4483 751
9976 4419
3766 1110
3392 9005
2962 3759
7566 4885
4601 8327
67 7186
1490 4774
6872 532
9922 6061
7000 9577
1644 2208
9431 6955
1396 2106
2115 1793
7958 5116
313 7592
5814 5516
3660 310
5215 6685
5137 5274
9058 7124
8461 9120
6054 4222
1047 1171
5028 3826
2949 8785
2197 9712
8818 6913
7677 6005
3286 7424
4033 2743
7085 1929
1139 4143
3387 8230
2353 7219
4501 4309
6802 5778
3626 1830
4656 5351
5587 2477
7297 9921
7884 3073
1543 5135
2909 8605
8981 5564
108 370
1873 7521
3500 9046
2841 7158
9501 6539
6387 4223
5200 2216
4728 3160
5300 5803
9777 3404
9245 5795
7657 4198
3522 7492
7870 5245
8744 1837
4301 7230
9559 7648
1146 4159
3910 6850
9391 2587
4726 9099
7964 7509
3935 1430
1977 1054
3633 7481
9786 3116
150 8486
9083 8069
8861 9188
6841 764
2970 2441
2187 1049
356 6110
4962 2401
6142 2483
4123 8247
6482 9721
9073 4348
642 5915
66 2372
8572 6052
7670 996
4951 7123
3829 7019
135 1388
6881 6205
7192 7787
1127 2173
4826 5896
629 1896
9268 6694
2308 2857
8332 2808
6816 2777
8213 1396
5069 8283
464 9184
9547 5328
717 962
1954 7994
4810 3858
6131 1139
6742 3013
3359 8386
8175 7705
4373 851
1774 6306
5568 6883
1612 8230
8807 8147
6773 8715
4774 5332
8056 3260
391 4360
1609 4926
5434 652
4737 5450
8047 5426
9005 5129
4361 6102
4001 1595
6508 3721
513 3010
3904 8078
31 8928
4771 7663
7854 9168
5588 3721
5134 6025
7327 9651
6635 8377
1120 4361
4289 722
7747 1350
8528 1915
2492 4613
2449 7949
8407 3086
1277 1312
2741 5317
185 6712
1978 5331
1269 7086
6845 6093
1263 101
9919 1096
7577 9425
1670 4397
3721 1554
2630 9
1284 4361
831 3827
4998 2700
4683 7792
6760 6170
4031 3665
6202 924
4125 3300
1494 5110
8216 9533
4073 2386
7911 8897
3119 9972
4236 3316
65 537
6541 2275
4416 1971
4794 7781
4639 4460
8522 9990
9059 1527
9859 1388
9205 7014
1648 5927
316 7703
1982 5049
8308 9472
7907 1958
7489 6171
1778 5219
185 2524
9806 1727
6685 3902
5694 309
2144 6508
9952 1552
9262 351
9518 2226
9232 8810
9789 3251
3285 4383
5643 5632
1016 9218
8079 3354
4280 2433
7616 1378
9345 8872
6112 4390
3397 1591
2758 8249
6726 6535
6733 1290
9604 4602
5557 3579
672 8627
2252 3947
4182 9445
1288 4429
9290 6132
6021 1993
4018 3372
2443 6144
7102 5479
1467 9275
1028 6195
4512 8044
1181 3027
5100 8214
535 8514
3331 3573
1896 4470
6805 4734
8556 1599
2887 149
1142 66
5042 8209
56 6035
2912 1145
4389 6109
645 9059
5781 2132
5001 4421
6453 6911
8846 1553
879 7950
4026 580
2033 395
9262 6312
9030 6743
7602 3149
7889 2425
4210 5770
7446 8271
8752 4520
1969 6237
8376 5172
5327 3251
9365 6440
1715 8572
5889 8616
901 5615
5039 6002
9490 5388
4036 894
2637 1448
3666 2115
8206 38
8140 5834
7398 4443
4662 7183
2573 9542
3607 8301
2117 3075
5254 679
6836 8877
1825 8336
9020 9007
8702 4002
1855 8178
8916 1487
8668 8555
4800 9749
165 2140
5860 2559
2284 3373
6943 2708
2394 1289
3271 7978
2987 8219
6951 1071
1872 5499
1058 9712
3454 9533
1374 1058
206 4019
9775 7196
5076 8462
8956 3895
4720 7137
7808 8986
9109 4891
4943 8872
5561 1337
7149 2934
1307 9635
1245 8757
335 3086
2322 4954
4089 6516
3848 4175
9300 7088
7704 1466
4104 1886
5616 4427
3852 4294
8179 7586
6209 4941
6701 5403
8046 7996
8581 5122
8486 1852
4277 6917
7909 4500
4394 1086
2188 2860
5266 3267
2253 7419
1030 93
2714 8568
8753 3135
1246 4821
845 4477
6476 9607
8348 5301
631 5457
7417 1005
725 9256
2828 187
6193 7040
5410 9812
7001 9428
5855 4012
6665 9479
1832 7547
9810 5446
433 8855
2892 1111
2792 3913
2893 3965
4595 968
188 1854
1084 7095
5747 3166
7051 5758
6872 3541
5117 2770
2391 6198
400 9846
9206 986
3693 5711
1819 9944
4374 9078
6048 3279
731 8670
9410 4199
8570 21
2348 6501
9502 7171
7852 3942
3031 115
503 9220
8631 3680
1439 7444
7576 8962
3524 9847
7633 5332
3651 8868
5079 6800
6882 6861
7171 4712
8974 4019
2346 9057
4483 5988
9257 9969
2998 1106
286 8404
9554 9963
929 1865
4394 3664
5250 5342
9587 9322
9582 2562
3197 942
2292 8420
1196 6531
182 7650
7095 4471
4633 6282
209 5309
3817 9668
8579 9882
2256 9140
2538 8826
3940 4783
8692 7315
1761 8380
1353 6865
3616 2215
5740 7956
5086 9418
6196 8761
3625 9094
5826 3566
6472 708
5727 554
5417 5990
6852 929
4445 2447
2949 9484
8926 9589
3105 9997
1126 7990
1651 4428
4168 9494
2511 9258
6664 5015
7681 1161
4967 7632
2642 4988
3046 9767
1976 9099
9975 705
8553 6725
391 603
8670 894
3188 5686
2484 1369
5283 8777
3746 3735
4582 1001
225 2004
758 8883
8038 1556
8390 5391
8900 797
4935 9198
9899 8415
5580 9902
2715 5624
1199 5593
5795 1196
344 6799
4705 2505
4457 9573
3898 1473
2580 2955
2376 9541
7306 4266
114 860
4635 985
3821 4444
5345 9254
5821 9183
5575 5744
4381 3320
5744 103
5258 3593
836 7611
4108 4851
990 7297
6628 7182
2007 3443
5659 904
4367 2109
1548 9510
2940 615
6902 9636
1453 5486
7231 8414
2749 8217
2841 4019
1295 8283
2377 9742
2069 4671
7697 458
4281 9101
5768 1978
7287 8696
3085 3598
1306 4685
6784 905
7594 6372
3332 4229
5130 940
4763 5842
4706 5308
1712 9510
1640 774
8708 172
6087 2670
5536 5011
806 6964
3394 2074
6837 8086
9271 4227
456 6585
7985 2214
9695 9658
9289 8970
7615 1183
2580 8916
304 2781
2942 3670
1675 179
3601 2552
2199 9224
296 8555
8295 4325
9470 4063
3279 9856
719 4716
4617 4862
8629 6830
9097 2734
6292 9087
982 2817
1973 4158
6228 5130
5230 6782
6691 690
5018 9343
539 8663
2213 9280
6625 2322
3739 8501
1211 7026
5103 3974
4301 3286
9655 9828
1734 6801
7845 9350
1749 7833
3363 2737
2086 4974
897 2894
6810 4704
738 8499
5010 4914
5965 6598
8611 8102
9894 6811
4999 7007
8120 8242
9882 5296
949 51
3515 9143
9673 5122
2603 9815
5094 7244
2857 6699
4029 504
2969 524
2072 7146
3213 884
4221 674
5802 6018
6832 2369
8843 7297
3707 1392
128 2689
9006 1811
1339 2084
3620 2147
2283 4333
5206 7835
9903 9906
4022 6099
7852 6333
4643 8661
7971 3581
4796 9657
3056 9918
6234 1861
348 1874
4845 3133
5223 8189
1591 26
376 3141
7717 9299
3770 6228
5785 7138
4350 8789
9399 8279
6715 7045
84 1986
5246 444
3167 1239
3406 3507
6497 9037
8429 8946
3448 700
1980 5621
6899 6573
5717 5664
3284 5207
3227 4673
6489 8395
8948 651
1788 6582
3894 3446
5485 9478
600 7356
636 7013
2532 7265
166 4620
5675 8821
4459 2666
9278 5666
3306 243
6017 5552
5329 1768
2911 9513
5919 2765
6569 6065
464 1052
3984 2558
4271 5998
3426 7892
23 1309
8004 8551
1958 735
9392 2920
7470 2201
7972 9767
4827 968
2086 9780
7774 9028
5314 1086
5962 7723
5912 1944
4602 8205
4438 634
2344 397
3221 7086
9009 4286
3496 2595
980 9805
1138 3975
7387 8740
4987 4259
6986 1226
7858 1909
5151 9551
3618 6907
3124 6372
3735 8246
7076 7535
4125 9155
3652 6491
3774 7420
8876 909
6611 5486
1848 9211
96 7957
8907 6611
8346 8264
2300 6110
7759 4532
4710 9027
7413 3895
9364 7264
4486 7067
7872 8381
4515 5553
3147 2010
673 1552
1550 8241
4943 4310
2300 3077
4190 9176
81 7275
7612 3731
6805 1945
867 8184
425 669
5908 3649
6674 3182
4411 1416
393 8301
5806 9788
7210 3162
8987 1248
3994 8483
1265 1814
2882 9067
984 5736
4833 6020
1629 9446
1350 7779
2198 9566
507 6336
4237 5208
6731 6318
1755 2580
2307 9509
3050 922
9653 9595
4806 4547
3891 1538
4613 4906
8281 8562
6605 4866
9552 6510
4194 8894
9591 5684
5140 636
4908 1067
5971 564
5721 6051
649 2605
7963 524
3854 5039
9014 9086
2608 6589
9017 6351
7893 4666
3504 496
4660 184
2232 7241
9641 2014
2951 6928
9357 3009
1950 4145
8104 2634
9666 3764
5681 3619
3091 6184
3626 3310
3096 112
7734 7238
2013 5598
3066 1401
3682 209
138 9606
8817 5889
6948 9712
1783 6075
1846 3391
1586 2528
4010 2145
759 9135
4 4129
8115 140
4484 7663
8878 5761
3171 1575
65 4782
7463 8064
5011 4147
1088 4880
8490 4898
9018 5017
8183 8353
7615 8835
27 5429
7059 4416
5844 1115
8917 1932
763 2087
3908 4470
9102 7347
764 5695
8522 4786
325 8277
4814 3229
5337 5256
7737 1069
7828 6849
3416 7391
3591 5702
4771 9948
7264 8204
9155 7358
626 1974
719 2919
4678 1089
7503 4056
9342 3020
8879 5962
2150 368
6854 3610
8251 2229
7217 1218
8094 7907
2125 2001
5948 7480
8962 6936
4547 1545
4667 5811
5873 5616
3393 5313
745 3736
6039 6817
1059 5589
6728 7793
8203 4817
7745 3939
461 8114
9046 9643
5927 2065
706 7164
1015 7919
3870 929
3601 6366
3971 1735
1502 1621
9972 5644
6400 8112
2257 965
9067 1071
6773 7162
1997 5764
2814 1822
8750 5336
6334 3328
8887 8051
6898 5356
590 5676
4834 7213
99 8822
5422 967
5633 7603
9282 5547
7845 9781
4201 103
3022 9291
1184 349
3381 2993
9549 414
9946 3268
5068 3071
9295 8411
174 3115
9208 9920
1732 6755
5593 2138
1644 4656
4867 2034
7917 7563
9472 4516
7912 9848
2134 7674
3585 894
911 348
6358 7081
14 6216
2999 16
788 5610
5617 9298
9258 3217
5133 2311
5575 3410
38 3577
1908 9024
4391 5838
1873 9969
9431 1832
5633 3765
1433 2500
9926 1811
9535 1431
6845 6768
959 365
2664 3301
7891 8570
8884 158
7053 7471
4940 9436
6269 973
8916 4577
676 3460
6340 9484
6710 4099
6683 24
4877 8333
7021 5681
7611 2514
789 893
2129 9558
2948 27
4739 8399
8476 8442
8665 4177
7261 5141
1406 303
4005 5371
9155 1560
3681 6213
4777 1686
8008 3089
8469 4238
1072 4564
8009 5943
9287 7314
6660 198
7338 3294
4201 1526
3108 3318
3362 6618
592 4112
313 4697
1686 2922
5848 7867
9776 308
7990 4388
5130 5372
7277 2237
9080 6462
5286 5885
8488 8802
3851 4530
9112 4465
6428 7395
2515 9570
5156 9976
3322 4940
2482 7178
7148 9936
5682 9268
7148 3520
1050 5340
2765 2548
1636 5437
4931 4381
395 7331
6672 558
2764 9493
4058 4227
4583 665
4242 372
4522 9057
8040 7484
2904 8749
4251 8005
6321 9376
8886 9198
2315 8354
4464 2636
2337 6423
7450 9870
7016 7134
7121 3952
842 9898
3117 347
6601 2196
3027 3837
5286 8113
8025 9054
9297 57
2400 706
5012 374
8608 2464
60 3446
9046 6073
8115 2531
1231 32
3794 3191
7080 4301
3785 5357
1672 906
460 3538
5841 6241
8229 6201
8423 9450
7164 6631
2568 4612
3377 809
5457 2868
9436 8860
3185 4022
6136 3156
7885 5610
8405 1704
1526 2959
7888 9291
6693 4013
1185 2666
1061 910
9901 3712
1960 2662
2095 8714
7551 2731
8908 2675
4445 6692
7817 7546
6124 1991
7433 4173
6127 5672
6588 6067
557 9863
3950 5932
6930 9968
8055 3927
8019 2018
5651 9126
8859 2409
1599 6978
9818 7218
2691 9125
4582 8279
4737 5938
4962 8500
225 9282
1381 8970
7673 8147
4593 6159
4 7593
3068 8294
3273 5316
5427 9768
2901 9874
912 763
4991 6205
6266 7305
3528 2802
159 1465
9966 1804
9313 6120
6820 1448
5137 9413
6966 7689
9084 3816
7566 2958
4262 6180
284 3796
5814 6622
9525 526
9895 59
9728 7301
6644 2161
2638 8309
9768 3667
1728 5644
5654 7838
7398 7696
5901 7715
9382 3631
7706 5597
6214 6714
116 8534
204 4217
3125 4640
2693 4983
3907 8813
1980 2832
4710 6693
3650 297
7607 2558
1466 9966
1127 4084
3429 5024
4148 8121
1024 199
9497 8657
3417 1257
7718 3328
7375 8624
2583 7447
3419 6965
6196 4980
4226 2335
8615 6505
3424 1647
497 7071
8145 1860
2210 5364
6286 4873
3199 8884
3227 729
135 8560
8976 8554
8518 6922
4129 2752
891 4342
2635 6452
8645 2533
9965 2652
109 6558
1606 123
6325 5925
6576 9708
2309 7221
3087 1099
2741 462
2338 5707
944 943
9973 6650
3027 6683
3870 8126
2836 2951
6514 5797
5351 9102
2555 7627
939 9644
5225 4267
9304 9709
6935 1131
3330 7623
9550 6732
3173 9891
1246 1658
640 5820
7214 3929
3511 9132
5686 8799
116 6574
2982 3126
3794 3004
5781 9036
7713 4027
1287 154
323 7052
4911 8399
6644 551
5589 5833
4154 314
1293 1073
3741 7500
9744 6574
7567 6834
2720 5196
3682 4641
3522 222
3616 6273
9655 6502
9285 5471
2458 3506
1338 3475
2425 7530
1429 9255
5104 2004
7884 5952
2901 7459
7195 8359
9303 6050
9466 1318
4010 161
8836 922
4080 8070
7736 1543
4816 1722
241 1334
6868 8903
4910 1357
206 2279
9579 7796
6902 1317
2695 3045
5972 629
6297 2671
5834 695
2353 2527
7767 9874
4193 5099
4491 2312
8130 1066
5268 5387
3083 5786
3650 7331
5448 4042
7781 4295
9035 1108
856 9312
4012 5468
7353 4757
8447 9983
1216 987
9865 7227
536 1228
682 7469
845 2737
4239 8076
8098 2632
5785 779
7557 5691
8238 8304
3422 8985
1961 8661
4356 5628
9392 7165
3767 5233
8356 6081
7337 440
3882 3493
9823 7351
3479 8738
948 7746
5960 8889
4155 4591
3560 998
4549 2266
7298 3895
2100 4282
8442 8484
1730 2497
4206 5310
7707 2602
2934 7891
5114 732
6578 4737
7173 8330
8691 2772
9305 4917
2755 9057
6203 8997
3956 1348
6113 6071
5643 7088
1971 8194
2804 2533
1271 7059
3327 4560
2337 3821
2932 7414
3270 7409
1087 1465
9105 3701
8019 3254
670 8532
5036 4582
3376 665
7271 4300
3668 5203
7031 8223
8485 7376
7186 5882
2700 1779
9513 1402
7574 5240
6767 3454
9077 8419
1376 9862
3633 5367
3939 6605
2155 3184
412 3928
3502 6604
4498 4125
5080 1097
8758 3943
4487 3212
6577 6713
8153 4543
602 238
3711 712
2902 4515
58 5278
6945 1632
971 5962
7222 4384
1057 7234
7215 3213
7836 5775
255 130
8142 3603
344 2831
4759 1806
4724 2751
6835 713
7338 8881
2629 5295
3420 6548
4196 6769
1923 4315
7298 5318
7119 3855
3060 1317
5338 1863
8359 1736
3875 7128
5525 3941
423 8200
4458 538
3005 4993
9631 2538
787 8662
5465 6519
6300 3937
7132 6719
2182 4202
4912 1647
4116 4157
4270 8007
4440 5974
2425 4310
5107 4717
830 788
8923 9025
7123 9235
1855 1713
2569 1056
8078 5257
8771 9385
2331 1642
2269 764
8652 7973
8234 5016
9295 7850
2796 2910
1199 5731
8236 2810
7336 833
4127 7325
5829 164
5711 5770
2543 8853
2807 66
1972 9818
4506 9573
1944 1354
9939 8302
8938 4021
3531 9896
2161 8936
2526 3207
7847 1695
4416 9306
3764 5179
1806 4049
462 5064
1747 1190
6877 8024
7720 9467
6932 2069
4318 5738
2050 3628
7215 8019
2526 9973
1327 7205
4668 7248
2426 6359
683 687
9642 1491
645 4367
5970 345
7928 721
3129 4789
1513 1144
919 2657
143 184
8236 8421
8859 1230
4375 6622
5280 8943
9349 7281
8193 1177
5092 9646
4843 2526
4586 4590
6292 3964
5545 9399
2933 7479
1441 7842
6202 1038
3523 4312
2812 9404
2244 3470
6227 2788
2216 8592
3147 5718
2894 7524
1032 6856
313 753
2548 471
9029 1799
443 6461
8998 234
3643 6299
4081 9908
7281 5582
3795 2906
4882 6961
1701 2669
5503 9523
9362 4833
7994 4700
4902 8367
9451 3370
8332 4695
3385 8111
9982 754
9385 2750
5923 5386
1320 2196
7364 7687
795 4260
7197 9267
6462 9047
1386 3947
947 867
3937 5591
9777 2981
4431 2716
969 4598
1869 159
7517 1486
2226 5092
9993 3545
3176 16
7014 6527
3642 1509
729 2859
6288 6423
2900 4282
9383 8689
314 4337
1441 621
3089 771
8500 8601
4209 802
2299 3126
4787 284
8554 8083
1496 8629
2026 493
6439 9975
4039 5494
2585 2177
28 718
654 3624
2737 3702
3948 9513
6097 3041
8172 4756
2979 9651
2208 3358
1229 9224
8889 1364
2915 1530
9942 173
709 298
8111 4480
4943 7563
5750 2933
9690 8997
8143 3237
6641 7076
3074 5724
6023 8195
6763 1589
5799 2071
2251 4933
45 4455
229 7016
4501 3431
4623 5114
2811 3809
2938 9246
6107 9771
8996 8027
9994 6375
565 3932
9715 1298
136 7202
592 8007
4983 6588
5948 8960
6297 9868
8776 2776
3055 1136
7571 163
9584 1000
5361 2195
3756 5155
4012 2866
7377 7467
806 8875
2960 7665
3366 1937
5002 572
6655 7482
8238 2319
113 8130
9017 6221
1152 6479
9889 8402
3012 4822
7370 3263
6033 4695
1692 3225
2416 3256
7727 6718
6806 3864
4960 3729
2219 6125
7265 8350
2191 4077
1038 8070
6392 8950
84 2824
8422 5230
750 5159
6856 948
1441 2044
8657 3592
6888 3115
6198 9084
8937 5861
969 2988
9783 4569
5819 6055
5490 7277
6844 9232
1498 5961
2088 3548
1769 4734
2144 3857
6944 3397
3945 7255
3050 9786
2018 5438
8523 7160
3418 7738
462 1844
6602 9295
4756 9160
6750 9947
8338 5128
5315 4428
6562 9896
4943 8986
6562 3480
9076 2613
8578 4588
7678 6775
9488 837
3660 4238
5456 6538
2935 6988
2381 3396
9547 1417
8912 7093
4743 4387
9817 2998
8077 9675
6145 7514
7164 1077
9259 8332
4893 1702
4501 8237
1217 3066
779 9256
784 3184
4297 9935
8063 8464
7540 21
5291 5131
8627 4076
9150 6103
7318 1894
1749 8939
5569 4321
3829 5336
8469 457
3923 8381
5750 6584
6433 3608
5596 6117
8798 2618
7526 2193
9143 9446
8975 1002
5029 785
271 7106
9237 2665
9294 3199
1570 9354
9160 1
3354 2195
6401 7453
269 4781
8271 6484
6270 8690
3063 5429
7896 945
5332 3977
4191 3069
2935 6183
1440 613
6013 7344
3713 3067
3936 8966
4342 3238
9841 335
233 1337
3156 4839
4082 1621
919 5048
1373 2774
7011 2659
9900 915
2713 4269
1217 5644
2361 3817
9310 7465
2118 4059
1904 5793
897 3195
6292 9738
9176 7650
1211 4294
9148 5602
5003 4044
9738 2435
457 6306
6188 2972
3201 1175
5923 1011
6055 2628
6280 5190
6180 7992
3700 8443
7176 4015
1329 9618
7351 8742
8610 5145
3209 4449
5705 8638
4021 163
8043 9235
5299 780
9194 8579
2816 1714
6541 6658
7857 3595
5147 7556
8722 8769
2962 1539
9842 2384
4362 3839
5236 431
7039 3902
7166 5175
1588 9505
6382 5093
2178 7092
3649 1688
3119 4906
3580 3049
8534 6439
2061 9136
7710 9210
3300 4163
1715 8499
8021 212
5758 5616
9948 6193
6778 8449
9674 706
522 2513
4763 4533
3848 1524
551 8169
1652 7396
4350 9090
3290 2694
5253 4168
6738 2634
146 3919
1892 6856
9509 2332
8707 890
7671 6222
8421 4468
2232 508
7201 7239
6984 3040
798 5013
8852 6906
3721 8515
5340 3763
7730 386
2189 7227
267 2344
205 1466
3904 4435
9744 1825
9002 7604
8542 9309
5181 5581
30 5814
2027 6118
8312 3370
2305 7560
1894 6528
7721 2902
9529 6717
4548 4887
9868 6183
747 7303
5661 7911
4572 3029
3261 20
7223 9041
5224 1494
8126 4119
3138 5282
3485 8773
9335 6851
2298 7520
9930 4028
8982 5043
1929 5179
4479 3969
5785 218
1516 9736
1523 4491
7803 1399
5191 2485
4157 1474
3599 9060
619 9188
6526 3636
6348 5027
5860 1331
424 8720
1554 9439
367 8186
6582 535
9450 4330
5589 6695
6497 2117
2471 1971
3343 8316
4067 1931
7386 5433
6708 6501
8447 1851
7144 9283
8851 6630
3345 1946
6134 3004
9962 8827
5330 4899
4585 581
9874 6728
7256 6491
1337 4112
6171 8898
7560 1240
2202 3624
6379 9601
4352 6422
1618 3573
7251 3114
6915 9581
6275 2081
5411 6931
4108 7193
4187 5796
3796 6140
5725 1614
9163 866
1021 2536
8297 4135
6867 3124
4719 8286
7207 6198
8416 2514
9102 6225
167 5815
7481 7898
4346 6957
9470 4177
2355 3435
8480 9854
5183 3667
2848 6751
8595 8114
1499 7422
4902 8343
1805 2244
3829 7377
5945 9093
9610 6816
2531 8737
5482 7117
9814 4337
9437 8551
5911 7230
1458 7771
8779 3855
6384 2724
8932 687
2046 7941
3288 233
560 9250
1214 8542
956 3588
8922 3382
2571 7008
6365 7585
6299 9217
9974 8382
8489 3500
2322 9687
8831 231
9571 795
3629 9544
1286 2187
3893 1511
5952 2693
4116 3246
9811 3665
8226 1585
231 3682
9692 5636
9625 4414
7634 7308
34 8803
3 7238
6544 9371
7325 9936
6575 8684
9428 113
6692 9269
4388 8256
4142 4817
7430 6754
7287 784
5007 3575
5105 4110
1213 746
1613 1619
3080 5141
8173 3802
5227 2760
6099 9105
4356 5685
9831 4640
2950 2816
3227 1404
6962 7036
6979 8925
5210 4284
4243 331
9192 9793
5023 7841
6329 4090
3655 7708
8571 4979
4424 6758
9513 5647
6705 405
2964 2872
4392 7220
1214 9615
2491 962
8072 6729
5212 6959
3003 9216
4478 578
8445 2773
8811 652
9091 9337
8010 9234
9399 822
4385 3016
8277 718
2927 711
208 6838
6629 1699
8461 5908
6659 9455
5102 3007
8856 6437
6022 1472
7651 3824
6431 179
302 6850
2969 2061
9357 8116
4622 2555
4221 2211
4377 2724
8427 7428
2226 8369
798 4021
5770 8017
4643 399
3151 4926
7547 3851
7660 1284
1347 1984
7441 9090
9499 248
973 5715
2341 2842
4021 1749
1593 8806
1715 3319
3614 7252
3204 9074
2113 9781
85 1496
4881 9962
1454 2231
5714 3547
2360 9658
7827 2336
8869 6618
2604 3602
9392 5612
5029 411
7804 4015
1944 5249
6639 77
2711 1220
5685 5411
6960 2347
4119 7545
8441 4077
8255 689
8419 5227
9283 1131
6904 8080
7623 7013
1768 2175
5009 5020
8713 2671
282 4238
1925 6296
5266 5585
5667 267
548 8329
2855 9613
5064 1694
6621 1726
9236 911
3035 1852
6211 3548
6646 9892
4748 9567
5061 7812
6926 5745
3652 1262
9013 2559
8295 64
7916 9867
6398 9009
7169 8886
4784 6191
3306 4008
9665 4407
2688 5127
7356 2296
4240 4815
7763 6592
5767 9142
5963 6802
8821 9155
5361 1284
6257 6525
5183 2675
2394 8063
8032 1532
1624 5378
9344 1733
3019 7334
2893 1745
2487 1057
7005 911
2294 662
8583 5957
5666 5653
4071 2885
5499 7233
3298 6345
8792 3098
2950 9045
8857 3493
1947 3937
7867 9170
551 4762
9145 4125
9169 8683
2259 4963
2013 1524
640 1047
4191 4118
7668 8960
3279 4790
2620 5908
3022 3444
2060 4753
2120 4804
5086 4970
5991 875
1910 1022
2589 3562
3616 7566
6546 5823
5476 5155
3065 3491
4772 838
7263 8093
2688 1289
7939 6952
6100 818
6318 8625
683 6005
5167 613
2777 9625
7182 7912
4945 8121
5126 3995
6903 2081
7935 6429
5566 4267
8064 9283
8952 3329
8950 6666
6529 4314
5324 8117
1983 1658
7129 1835
7306 7389
1024 6648
5778 5089
2581 3270
9737 4013
4629 156
6530 752
2290 6504
454 7057
5927 8595
9752 4321
8112 2534
5593 3057
820 8346
3571 976
3404 1802
9637 3782
6793 4545
6490 572
4222 5632
1111 2079
9351 944
2532 9420
3067 6546
1164 5123
7477 5177
8437 7205
7917 5449
8858 3263
3619 643
9123 4500
3252 5545
1344 3778
6519 8857
4019 1516
4578 3200
2781 9343
1408 8866
2031 1675
9302 9346
3089 828
9240 8468
5353 5448
8495 1898
745 6078
3544 7824
5920 4741
6383 301
1954 5400
1558 5400
460 2684
2108 9250
5325 367
6345 7364
9707 1114
8430 9767
3444 1177
3251 7952
4130 4888
9419 4619
5654 8944
6277 1753
5050 1101
786 2295
758 6663
4746 4073
8111 7920
5862 6614
982 5590
2532 8615
3774 9575
7845 8740
9309 2165
6 4934
1651 1403
154 1422
1253 576
2612 7039
1127 2157
9181 4050
6034 1594
6247 1887
5135 219
9926 8341
6440 5665
1865 2271
4315 3863
9038 7155
8668 1960
3406 4052
3005 3708
7213 8998
3600 885
2442 4534
5864 3253
9969 7664
862 546
4404 5783
4490 5557
49 1197
7255 1303
1788 711
5650 1200
6412 3243
503 7968
7015 5199
7417 8397
9962 6843
5134 6009
2331 357
6692 2479
5417 5543
441 4057
7748 4969
4914 758
4881 4782
3193 5233
7967 9968
3674 5506
6902 3228
7426 5857
4664 3212
2668 5762
9146 3409
5118 7354
4065 2129
8521 8275
2014 4972
8170 124
1599 2286
8543 5590
4565 2452
1421 7841
1378 7013
8482 7566
4401 1297
6450 8207
1851 255
9072 2147
6790 4865
5202 2514
4142 3288
6198 4953
5482 4783
7724 5672
4085 502
6162 8679
2893 3786
3312 9597
3672 7688
8285 986
7125 1556
662 4941
3355 5537
4481 9520
2965 9489
744 7225
8053 4800
7831 5919
4756 5029
3421 872
5253 5835
7056 2890
2484 6183
2947 989
6374 52
7394 9301
6520 6293
4969 9459
8021 2229
1631 1019
5366 6651
2062 3457
9200 9256
4687 7494
7171 7916
9822 9010
3902 3023
6238 3547
4612 4876
6081 9225
3679 6923
6667 9322
9690 3606
3650 5404
8285 6597
8029 2470
3956 226
442 2672
741 9155
9679 8328
3853 9146
6119 7423
1888 429
2206 3182
4066 3777
7532 8430
3451 2161
9017 6896
1608 1543
2547 2694
8201 3112
6526 2270
1536 2606
4865 7550
9602 352
3724 6642
3781 7176
9973 4991
5773 720
7333 7439
1101 399
7192 818
944 2667
6608 7937
8722 2410
2340 5225
6877 5129
6545 418
9375 3729
5006 7381
312 8991
6501 6535
4147 5405
8583 3005
9737 8282
3517 9173
9372 7595
876 4603
8300 6100
3446 4045
9020 8641
1678 8674
5477 3179
9414 6316
1949 1031
5056 678
5565 2999
5845 5268
3854 8162
8846 3765
769 6584
8445 2667
1165 168
9146 7410
8443 2594
1171 7530
1904 507
4555 5765
2370 6164
7762 9026
4185 570
785 3330
2314 8484
4618 3835
8785 9124
7314 8112
975 7591
7561 1573
1305 2807
8665 1071
5136 8147
8436 8189
1399 2442
2276 2715
9860 2215
5319 4821
9742 7821
7373 5659
3424 8177
6380 7655
93 6570
1330 7186
5010 6695
9081 5860
3291 7833
1491 1627
8829 9022
6124 6911
3409 3358
7572 5495
3475 945
7355 6958
9386 430
2691 4246
952 8115
715 1786
2189 63
95 2078
3610 3240
9222 9074
2207 7058
4170 8532
4185 9564
7604 3848
2425 8449
5143 2097
993 195
5946 6393
8649 8431
2429 2152
1895 8634
5510 578
5749 2846
7029 5044
8491 8222
3313 9261
3357 2363
5690 2616
3443 2137
8047 3263
8914 9264
6209 7153
6995 8062
8578 3653
2107 761
1823 1002
5393 8287
8108 4670
2067 3614
5654 6342
9777 5697
2194 2635
1502 7777
5958 6753
3494 7737
2560 514
7411 6435
2433 1870
8651 4316
3279 6994
621 565
4927 9396
8377 5999
1718 9472
4825 9119
8500 8284
3168 4719
8689 4019
7531 8422
411 6582
1084 5924
8219 1626
6092 5413
5756 9628
4841 6619
6623 5049
3822 7394
5069 8698
1984 704
2015 17
3071 8923
8947 1052
2474 3749
3004 531
3193 3436
6925 3135
5350 1743
2007 5037
3442 4140
2141 1819
3438 6650
4066 557
1485 202
989 9420
9759 6565
5189 4269
736 8974
9824 5462
3002 3087
3900 4991
9039 7407
5121 2822
4489 8015
5077 8185
2506 2856
5018 5326
5756 8473
3904 8493
9501 8377
5107 3863
7598 5456
3582 5998
9891 8562
7403 4988
1861 4811
3053 6408
3455 8108
5220 4679
8961 4841
4530 1199
6925 2330
8677 8465
5876 230
9195 3732
5745 1467
4442 8145
9547 1905
9008 7289
7081 6226
1229 5069
1095 1871
1697 219
3589 9397
1106 6167
5323 4403
8716 472
9524 9276
3146 2411
418 5012
1495 8379
6163 5548
9773 3564
7503 7797
1219 567
8769 483
5257 3002
6697 2449
1924 7738
186 2410
1115 5879
4136 9916
8212 9425
2507 1148
6213 1878
844 4073
6618 9511
1047 4432
4789 4819
4446 7863
3078 3566
84 7768
5349 2941
9330 9760
4404 7637
9005 3584
5219 7032
5214 6688
8273 3635
135 2071
3039 1359
8980 5217
9420 5489
700 6953
984 296
1655 9391
411 6850
3845 2920
4466 6236
5452 3069
9073 5381
2062 855
9759 8338
7569 8393
9749 7650
6204 7777
3618 7078
2379 5635
1409 2919
2680 8781
7002 5313
4641 7176
8340 6735
4480 5538
9743 6300
6756 5257
1372 6420
4176 8510
8238 9841
3536 1010
5132 7386
7426 1295
2890 81
463 9992
4441 298
6963 9872
6805 2116
5962 673
736 9592
3680 1139
8943 1901
9390 2590
4216 1119
1659 5322
1559 1708
8857 5510
3972 4142
2310 5814
8280 8912
2091 4952
6638 4046
6010 3723
4327 7524
810 9699
7324 7003
6230 8193
7157 8583
5514 109
7059 5042
252 8617
5637 4646
4161 3290
2951 333
7725 4314
3233 3429
218 6754
3392 7623
9242 1537
157 8730
4187 1478
1640 6369
1204 554
2363 6929
372 9823
9543 5814
986 4798
1675 5774
2217 5599
145 7565
9161 8903
5677 638
2437 1401
9093 1040
9786 5922
1690 9465
6919 4981
9250 4407
8503 9842
6758 7507
7754 5782
3143 2731
4041 3881
89 466
6666 7918
8285 5418
2526 6704
2948 2263
7564 9822
8302 2389
1402 3521
8701 408
7372 5865
1023 492
4446 8481
7681 958
2287 3685
9267 8898
6717 1440
335 9917
1610 1191
6097 1732
7454 7368
179 9377
7419 8313
4520 2953
2692 1869
701 4763
9870 6343
3120 6288
3614 7577
6200 1860
4422 5801
4955 6264
4358 1844
4449 7624
192 5825
4511 2840
5543 6434
7596 254
5861 5023
3089 1690
5226 4283
8624 696
6294 8288
2361 4923
7464 7682
3018 2978
6013 8800
538 9845
8095 5270
9831 3355
7687 3001
5039 1424
7714 5578
1678 4112
9463 1616
7457 3478
2145 6961
1957 6910
8552 5896
7836 9890
5410 7194
9209 8115
3261 3086
1301 5293
8486 7528
9694 7406
984 9558
3876 7331
9602 7817
3941 6228
7821 1661
6458 2626
8264 5614
8632 3566
2436 9015
3907 4365
2216 1135
2685 6309
4583 218
8478 3099
5771 4325
881 9029
6325 5665
9408 7170
259 6242
5641 2754
7793 6379
2771 2296
9555 3433
6912 2200
2 2644
1034 6992
9398 3449
2237 1608
4537 5885
7209 6358
2083 1141
90 1710
1143 519
7343 5769
1892 7962
3480 7307
9672 5122
771 7706
833 2922
3498 7886
6244 3582
6516 1826
3759 5941
6641 774
4439 9083
4768 1445
5645 8134
8780 9829
7171 7355
8786 195
4791 6532
8106 436
4417 3847
3455 5156
9155 5919
2522 7203
8121 1498
7656 9275
3946 1229
2994 3226
4976 8914
3140 9467
2739 1953
2603 9262
862 253
9889 5133
2048 8451
6618 4331
365 2830
1490 3205
4881 9027
5683 3299
805 3102
3501 7379
6061 6857
7618 6889
9817 6950
2831 8308
4849 3073
9448 2357
3350 4177
5370 2021
2500 1563
7357 1637
7794 2392
5402 4942
2539 1491
8177 1376
5142 9741
3913 8986
8172 1032
5991 7966
974 4227
1507 526
1163 716
1381 2107
686 1316
6886 2402
6532 1904
1132 4786
7311 1642
67 4462
6631 1883
6591 2484
216 1552
8158 3204
2017 4950
7867 2274
1583 1460
8059 2444
9607 5396
4949 2499
2609 5239
178 2199
5040 9033
2170 8575
4438 4269
9727 4000
2048 7646
8044 4795
9878 3415
4322 122
1851 9761
5182 4952
5894 6878
7511 7715
9350 1017
6653 9347
1173 3632
9597 7310
8167 6299
3623 5224
44 6521
4051 3227
8533 1926
2060 4623
2939 1559
8694 9199
6812 9784
817 9073
5349 2217
1216 6338
1952 9412
2898 8324
470 8211
7841 6664
4727 184
6286 1043
4345 3300
5936 9332
117 6403
251 3185
5750 6698
7923 8948
5589 9224
7177 4405
7048 2305
9293 6121
9109 4314
8054 4678
4043 6318
2763 2622
5803 6709
6775 3836
6584 7274
7764 5104
2382 2930
8851 9159
5109 2356
831 6096
8756 5889
4026 1426
3497 5246
7110 9949
3595 2371
6606 1556
3244 1390
5200 5103
814 7620
731 5865
3517 236
2493 2919
1570 9818
2549 3228
8533 4504
152 5434
2 8873
5260 2875
5567 9219
4698 6555
4266 4646
3827 7982
6399 4087
2644 9100
5712 9573
7926 1244
238 7056
1487 9941
549 9392
9267 7101
6872 2964
4654 7387
196 1168
4459 503
262 2919
9878 5188
4248 9328
8322 8764
142 7698
8258 4807
6076 3969
7439 1506
7443 1625
7689 5064
722 810
6061 6320
2898 9747
7342 7208
4914 7849
7190 7568
3148 6889
5744 7552
5816 2702
331 3813
1829 8900
2856 6488
5867 5673
8238 2246
4599 3492
2324 6627
2169 3306
3753 997
6991 161
8415 7019
4897 2553
5117 4771
3928 9107
7720 8857
2441 8316
3233 1900
2308 7972
6981 5485
3550 9686
9844 2520
2712 6335
7634 388
5936 151
5424 8836
3270 4384
9956 1980
9245 656
2299 7859
585 9341
9043 9597
7811 2909
9578 307
8045 4833
7621 9201
5780 8656
6962 3149
3755 4052
5990 3770
2824 6926
9264 1837
4477 3256
269 2130
5685 9550
7868 2662
2916 9898
7360 7359
5345 6449
3714 7434
639 6544
1826 5545
11 559
4524 69
7424 8283
5299 8733
5655 4396
4124 2579
8105 5234
4402 4021
7041 8518
3273 6910
9821 9460
441 2772
2342 3368
8448 5573
9243 9254
2612 4949
8723 7498
2491 458
7413 7343
5049 5525
8409 9028
128 7910
3887 5268
6165 5814
4883 7707
1992 2208
2931 9775
8284 631
5450 2836
6501 4982
2043 2927
6067 1492
3037 3785
7827 2637
1804 6294
5376 7990
6584 3704
1420 8583
8951 9203
4501 7009
8044 3803
4310 4031
5707 6060
9328 8372
7606 3577
2157 181
854 7613
6981 3525
1229 320
8952 9778
7612 1113
7424 7478
3312 1896
2844 6746
7567 3622
602 5857
7484 1867
4963 5727
4333 5331
9999 1602
744 5940
821 8604
9278 1088
5881 8283
468 380
9179 328
1689 4627
9722 8649
2685 2902
7618 6970
910 4108
4845 4166
7308 5209
395 1972
6752 7960
3068 4545
8923 2967
8086 9640
8552 4717
5998 6185
2595 6018
4341 2539
1822 3062
4461 6805
132 3440
9354 2372
7953 7017
878 4950
6203 6590
3472 9674
8066 3696
1555 3657
8418 1869
171 5997
6 1234
1212 7455
9529 4066
4890 6137
8880 3620
1657 1655
8369 472
7591 4342
5020 4675
2188 7707
1739 9601
2107 1891
6284 7868
7218 8675
7834 7483
6781 2258
4009 5341
738 4539
4604 266
9232 6704
1054 6465
5808 4906
8115 3938
9171 8680
6833 5831
6965 8202
179 6238
7870 4107
8021 9938
4785 1775
3511 7693
6890 5584
1573 7969
4653 2787
4498 1718
6456 2848
1447 9550
9565 2568
7632 3188
5982 713
4175 6168
6484 1863
7788 3701
8061 8963
1280 927
9564 6480
9865 9626
6350 2048
4328 3377
4527 6970
7815 8907
714 7871
7464 7926
8675 8075
373 5326
4203 1396
7496 6683
8098 5031
1054 8693
8091 8024
6064 4845
2332 3648
7903 2311
1681 8791
4730 4296
9673 9806
1837 9304
4838 1385
5722 2829
1021 9684
9798 2338
9856 7978
9856 1562
1547 8976
8209 9184
4819 6970
5523 4871
7058 6807
8364 3056
1974 1092
8569 78
3870 1344
348 9591
2968 2704
4998 5400
1414 6353
9623 5905
8979 8055
3768 1067
9528 9051
4048 9752
1904 5988
4499 1515
316 3637
3430 4455
5897 3742
2815 5091
7036 1571
4362 5189
2120 4300
5697 6340
1620 9612
9368 1599
6577 468
1243 7410
9894 891
2399 682
7647 412
8804 2954
4669 2084
4937 7002
3729 708
6473 2747
6153 7495
373 7904
1641 4423
8869 316
4657 8116
3323 9819
3879 1406
5876 8126
8455 5402
8706 2769
5621 437
2728 9609
9849 7133
2199 9265
5494 2547
6913 9061
9593 8641
5646 5570
5271 3441
376 3637
1850 8330
2246 1914
8851 5752
9379 8123
7874 1111
2182 4373
9379 1707
5821 3881
2858 7396
810 9756
5951 2419
7904 3205
4609 4261
839 1826
1799 4608
8585 156
2702 6102
3079 6052
8753 8600
1530 3629
7305 2122
7430 7486
1994 8459
4877 8398
9328 614
6970 9164
6784 9940
2768 4820
9418 6923
1422 8418
2798 6160
9223 39
7987 8693
7834 2035
1015 9757
4749 3867
3040 5693
6302 9415
1541 3387
8413 4371
603 9254
4870 5325
5389 9862
2273 6719
8601 635
7797 5536
261 2320
6940 5915
4183 7778
632 4707
1521 8023
6626 1029
3553 966
3587 6212
8308 7179
4722 889
2715 9666
3256 221
2116 8583
9888 8134
1703 6724
2668 9096
4108 8543
6632 1948
1429 5401
9118 9613
651 5107
8868 8684
8639 8632
3572 5530
4842 2122
5504 1275
1230 7443
8324 7308
2391 7475
2878 7593
4246 1310
5956 2338
1482 8418
2845 5201
2807 2465
7793 475
1160 5923
4520 9426
8983 6163
323 5426
8793 9449
2713 2049
9755 2478
3721 1839
3153 2321
6453 5773
6823 1142
3593 6757
3457 9902
9663 2889
9677 6759
8963 1000
5139 8882
9160 1514
6968 742
5230 1830
6353 5542
9338 5758
9400 974
5788 6295
5323 1240
4886 1239
7905 4449
4789 1306
8775 2053
4690 546
8291 728
1515 206
5718 5152
3125 9698
8230 3458
5222 7954
2985 7409
6311 5666
762 5072
2814 5083
3406 2743
3034 7301
8201 1185
4555 1260
107 6309
8574 235
7450 9130
4050 6228
6861 9489
5741 3042
2712 8189
9338 1570
7944 970
4983 1148
5299 5326
9652 1171
629 5832
32 7074
7785 159
9839 3249
1933 1254
5509 440
9250 9270
4440 3380
4701 7851
191 5606
4888 7677
929 8753
7914 7894
7842 6328
8377 3454
3673 4376
6120 1533
25 3624
9268 1181
7399 5758
3447 1589
6212 4505
6052 86
8930 4569
1896 4755
1392 7696
6437 651
9575 1863
8179 6098
1008 4323
4354 3956
5847 9453
3170 2220
9231 4682
8673 190
1718 8805
3430 6496
5806 3413
9789 2731
2903 9985
4432 5717
8287 9953
6785 9628
1377 5479
6413 7770
2564 316
1683 3307
5389 1031
8400 216
3171 5454
7720 457
1338 9688
3709 6261
3337 6655
2864 3991
6475 5615
4892 3608
2180 326
2393 7789
7309 2808
3767 8868
1114 6947
1264 4262
656 6069
8715 8306
6491 2361
8762 1736
516 9472
1770 5531
8947 735
2171 6629
4559 173
1420 7404
5995 2130
420 5977
3123 845
8226 4358
5769 97
9576 879
5611 8556
1872 5434
5666 1847
2842 8904
4728 7714
6137 1432
8093 1735
5709 8310
8001 8562
7227 2752
5138 9275
2392 747
1187 8714
1672 8005
4237 7827
1119 9519
1639 5613
6690 1766
2886 501
592 4340
9606 9015
2450 7518
1046 8482
5631 9558
8743 9549
9607 5453
2117 5588
9541 7085
4684 1349
1703 9920
9069 1613
5736 6349
2888 8094
6147 965
3065 3068
5406 7346
9782 731
2342 229
7827 4036
6636 1129
8690 8383
3375 5179
9060 746
9404 556
3533 2355
1633 4613
5632 2212
8293 1742
7013 4462
1184 845
9740 3888
8757 156
3857 3418
3891 9418
1737 7595
4944 4440
6240 755
4945 1632
5939 6654
1364 6266
5684 8387
1422 9654
7458 6956
2485 9151
4870 9594
861 4891
8199 8122
7581 2825
4313 7956
9669 2493
8571 6947
947 3884
854 1441
9381 5998
3906 7043
7261 6792
3474 970
2259 4085
1380 733
3551 8572
8045 4622
2656 523
7012 2301
3772 7982
2774 2464
597 9140
3639 7638
934 5527
4050 3008
9929 5988
2491 6313
8088 6197
7506 557
1680 7037
9149 2615
1427 2427
3364 9096
3834 1663
744 3151
8058 1070
1253 7724
8214 1583
9456 6707
6474 6008
803 3731
5135 951
835 8150
6587 9857
7058 5278
1089 9952
5902 3338
1135 5409
6866 2075
4402 2305
6303 7065
7607 9657
6490 9143
828 2448
5862 9574
850 6179
1046 3839
2844 2802
2278 4111
452 9516
4970 5206
5082 6201
6869 9139
9259 9926
5744 2348
5124 9056
6836 6747
9570 928
437 533
7451 9494
3580 6253
3113 7541
1683 9536
7354 5397
9 1749
7600 2420
3514 2223
2873 8054
6538 5777
6421 5192
2933 5853
598 8937
4299 9323
2112 8895
9557 3325
8487 2657
8865 2051
1805 5180
4385 7562
1424 7740
4719 268
734 877
3569 2280
6616 7538
8331 4746
3441 3034
3379 2156
3064 7248
8673 2231
3917 2963
3623 2516
5672 3010
1320 3603
5707 4694
3804 4025
8826 5856
5780 9868
1417 4667
7188 8
2350 8255
5958 5444
411 4923
8726 5625
1930 2973
1465 6586
4555 9262
6948 9566
1334 7823
933 7479
752 4435
4139 6351
6935 2164
7091 2677
5943 598
683 3517
5936 3591
3420 4385
1959 4061
4755 6290
6613 3052
7519 8981
2823 9764
4936 7799
7574 2272
9819 6842
5120 3944
1393 8753
6527 7415
4564 5941
9328 2818
3836 2758
8445 8392
2968 9364
8257 2679
8382 1627
794 473
1709 9928
6757 2400
2707 1860
7414 4619
2273 5540
6140 4121
1116 5627
92 1894
1616 5950
6466 9017
494 3594
3479 3810
7407 6831
1770 9800
6939 5265
9268 8028
8466 6586
4197 9688
8203 1288
921 2126
6242 6276
2730 9549
8174 6185
4566 2580
7843 6580
6561 2057
8620 9655
2724 2564
2500 2856
5277 871
9912 8480
7947 6179
9044 8670
8170 5662
5579 455
8889 5349
2287 5946
138 1084
1380 546
6385 2770
9841 6735
6073 5127
9588 2125
7659 6651
66 2901
6074 7981
4106 501
8782 3947
6036 5245
7844 9814
9059 283
1217 5628
9274 7038
8364 4373
6160 558
5635 1868
2356 3457
2773 2025
2983 2801
4765 8401
4910 4618
5999 3084
4543 3104
928 8908
7869 1361
8263 1288
7963 7412
8455 7874
7899 9871
4279 4751
1985 1420
393 4585
2351 5715
584 1901
3965 6281
9099 4943
2998 3082
9539 8625
3443 7862
227 6767
7701 1935
8105 6714
3062 8170
3127 8565
6957 4635
7361 9414
1315 7260
8094 5801
4959 4860
5327 2812
9160 8979
3064 1800
4020 6338
1685 3006
7879 894
3543 522
9365 9384
1095 9556
3542 6713
2903 9961
6620 7874
5666 9044
9276 644
7836 1197
6689 9142
3938 270
3910 2386
6809 1330
7583 7140
2356 6035
8271 4508
9699 8856
4131 7458
8432 5365
4411 3311
7693 7685
10000 2553
2006 4875
2997 2052
9626 6284
913 2503
9533 3841
8683 5391
6143 8043
4617 154
157 3688
5650 7356
8902 3220
7381 2845
3404 9731
8033 1310
6904 9861
8337 8137
9144 3507
7590 6402
8001 8188
7774 2547
7089 2444
528 9458
3983 6405
3604 3376
7678 6222
9646 8040
2762 8951
7036 2783
6041 7362
3300 9758
9324 5545
593 6820
7121 1578
7494 7044
2785 3458
4192 6929
6494 7869
5816 1767
5157 2885
8302 5268
9727 3683
3534 2233
2073 1909
2899 1493
3807 3331
1071 6071
8140 8323
5676 8553
4112 7350
5146 6109
1371 9746
657 3987
5953 725
3903 760
5202 2254
570 5496
2368 4459
5570 960
7885 6269
9026 4925
7259 1111
2830 6210
404 3514
7121 6839
5049 5395
6451 8522
3077 6087
3602 2525
9214 7605
3698 8649
5260 3363
707 3700
863 4213
6033 8948
7210 9513
9338 2164
2552 200
3820 883
4129 8054
9392 8816
2384 7971
6835 941
5400 1838
4834 3147
831 2396
1359 8931
724 8191
7572 4617
194 4993
2731 9183
1814 3095
9995 7015
5914 746
1510 5313
4218 7695
4457 1295
2777 8023
3423 5919
3075 8619
1645 9860
9026 1087
5440 7629
8422 1912
8339 157
2636 8922
9575 7718
5057 694
4663 1521
1134 2181
2109 5241
4468 299
3339 3188
8108 6825
6771 9011
8571 8801
1974 2572
3505 8553
2938 5473
5403 8097
3526 6397
3596 7136
4370 4278
6290 9088
4917 4447
3673 2660
3621 2470
1651 3989
6394 9411
1121 791
9500 5450
9436 7909
9219 9372
6855 7554
9582 7734
4391 2122
2610 2382
2737 2157
9772 661
9116 5460
2416 2516
6120 6583
7023 8077
4819 4262
9731 7453
9335 7453
2630 1
675 3306
9825 672
3011 9492
3078 4298
1731 5796
2909 9215
918 6447
4032 6511
792 7274
8818 7873
9501 733
8410 6358
4859 2533
5684 9786
4776 778
7577 9767
8234 1406
8850 3624
1868 4754
9404 800
4309 2066
5491 2975
971 6458
4295 3888
9754 2310
7751 3689
6629 1333
4765 6254
3550 2953
3827 5705
4909 9416
6626 6697
3229 1060
1422 99
7337 5742
6680 517
5465 3632
1996 9985
8921 1181
1362 5683
278 5309
3439 1809
6328 65
9271 4943
3691 8446
7301 46
2359 4560
8579 1417
4530 6737
1939 5694
8568 2756
5803 594
5514 491
5085 4515
6645 8228
473 8409
9282 5482
8858 9850
7635 5934
3063 9227
2342 9467
9651 7042
5859 876
8035 9059
1468 43
1717 9415
4828 5798
1094 3774
9123 8054
7289 2264
9548 6540
1841 8138
2235 5813
6345 4152
1271 6295
3175 9818
9113 3579
6711 1277
4500 455
5277 9946
9043 8475
154 9164
5309 5697
1264 2091
5493 1842
8390 6375
9952 7505
7700 5928
8577 6201
5525 599
8694 7540
3599 8052
8393 4394
7300 2022
3907 6707
4060 6949
7179 3947
727 1105
6895 4188
9782 5781
9068 22
417 125
2379 7790
5674 7488
1720 8908
6379 8243
3798 1472
1926 116
5948 9188
4914 4767
7842 2197
2544 8796
1119 3965
5104 1858
6597 185
148 7440
8869 2414
3045 4059
3917 6240
452 8605
6063 251
6210 2930
8835 6967
2194 1220
3909 4844
2223 460
3248 2883
5462 8140
6391 8603
9295 7891
8173 7787
4594 9084
6483 5159
7789 2162
2685 1430
4405 9562
5332 9198
8066 3379
8186 1983
9798 8892
7754 2326
5761 2141
2951 2488
9766 2938
9960 6187
717 6378
7214 8239
6872 7721
4539 1052
5910 9030
7273 2403
5248 51
955 2005
3016 4014
1395 2277
4046 7535
204 9950
5257 6930
4137 7653
8741 2363
8832 8897
9988 8585
8011 2517
366 4993
6366 386
6307 9605
5490 2967
6111 5529
1503 2749
9230 275
381 6055
4565 2623
8039 3784
9219 8030
2383 287
4838 8639
8935 1855
1825 7873
3253 5805
7078 1531
3846 7073
2037 9449
9744 1435
6533 7100
4619 6242
3384 1565
9932 4115
9806 7948
7626 8691
7812 4909
8466 3447
5193 8234
4329 6668
5188 1474
4986 4723
8740 1737
705 4058
617 1205
2301 3264
7065 895
5320 7228
2199 9403
9429 2713
5033 1536
5246 8999
9518 5414
6829 3836
518 1199
5620 1104
247 5809
3506 2844
6933 8323
1262 6046
2760 4717
9787 3360
7015 6443
9761 2139
9790 7041
2660 1103
5591 2214
2284 8171
5949 6648
8659 2687
3846 9301
4023 7685
9726 8719
5335 7886
1347 4814
8265 1979
7580 1876
5491 8399
749 6585
1160 8371
1929 251
5951 9323
6013 4539
1901 3121
6161 4437
468 4064
7843 2636
1081 5230
7268 6865
5530 7953
1519 8839
4876 9415
894 2371
7572 860
7179 6793
5310 9118
7108 8081
7043 1270
6089 8856
5962 413
2037 1073
3186 6006
507 9280
5216 8702
8101 9468
9601 9720
8349 902
8347 6491
2612 257
8719 5316
7468 3825
9684 8442
1711 4471
6764 8621
2280 7597
7313 3201
5236 659
4200 5237
9460 66
5167 2020
7994 5814
9745 2679
3575 5185
2267 5857
9932 2505
6408 9925
6101 9216
6714 1337
6939 3899
4506 5694
4907 6792
7610 5824
1354 642
1238 9327
3325 6141
6723 1800
4182 874
3969 9626
2821 7547
9853 6534
3039 8938
2475 494
8008 2837
4582 4376
9468 2936
6450 2580
4343 8497
131 9127
2743 4631
157 3932
876 3619
6224 547
903 5442
6563 9812
3306 772
9992 5538
8037 8089
5081 2195
7588 157
1736 5416
4446 1455
4268 2846
7310 1344
3206 6957
2743 4981
9708 2746
3815 8004
1580 1870
432 6207
2858 3241
8541 2145
6715 3386
5507 1256
4717 9273
2893 4925
3292 9360
7673 3089
1795 9379
6435 4500
893 4323
3601 3699
7023 4670
798 1053
5213 4192
827 5955
2571 5813
3681 5156
4156 2231
7230 5148
2770 2266
3499 2641
6546 8653
8970 4106
6692 1308
6351 7431
7354 461
5738 9648
8653 1955
5361 6692
5304 6158
8685 4876
6260 5034
938 7075
7836 2864
1707 6125
592 22
7283 5132
5078 7508
2850 4073
4632 1005
8544 7273
3938 5320
3881 8950
3043 1435
5185 4372
6465 2406
9820 5565
5155 5661
6141 9664
5036 4249
3219 9016
4647 6948
9294 9656
1696 1398
166 9605
7674 8521
1915 9807
5852 112
6323 1949
8100 4199
2212 3385
1030 2476
8776 52
4975 2468
8536 6981
8037 9512
9118 3953
3985 8145
5673 7694
5389 1519
4663 1415
4922 9223
1591 4206
8437 3969
1861 5787
408 3072
2613 4079
3850 4695
9295 4939
1055 3822
4162 9885
8959 2738
8088 6417
4654 3931
3597 8386
3468 5532
3595 7559
2413 6650
1549 4330
3585 455
1044 2882
1414 1661
4834 5969
4278 7966
2807 6954
1372 1435
4152 9547
8906 1572
2099 5147
1404 4356
4357 2782
1958 4915
8530 5607
4139 7026
6544 9599
9665 284
4129 9721
8484 2229
3415 4716
304 1163
1856 1605
3473 8104
8870 5648
6370 3969
9675 4355
91 9915
2072 6333
7340 7439
8357 3585
3309 533
172 2929
4404 8613
3719 8510
2881 7411
1232 7790
9981 4812
9284 7358
2400 4105
5834 175
2900 8592
8934 2815
1778 2072
4 3503
4897 2480
6072 9388
2156 4876
480 9848
9370 5597
280 8282
4227 9855
417 8745
539 4012
1141 8052
9642 808
9619 9684
772 5711
2107 7616
8837 5484
2137 8956
9727 357
6935 5417
9920 9797
9823 9864
831 9674
8639 1712
5552 9887
6142 6720
6305 8404
4901 2198
7604 3482
3937 9096
5054 3194
3216 9336
8846 9360
7419 7866
1693 5882
2751 4281
2536 7325
2617 1837
354 6487
6480 299
2909 5621
4145 6766
4401 4477
6171 5556
9151 3930
7225 7219
5470 32
3644 5437
5669 7789
6305 833
9023 1651
1206 4609
7897 9719
798 9510
2288 1904
2565 4656
1140 6241
9801 7580
2542 2952
2545 6633
420 7083
1362 8505
2216 3721
946 6375
5490 1788
9906 3617
8080 9022
1538 7418
2154 5472
7412 5890
2366 3665
7011 5546
1687 344
5425 9657
8524 9443
810 9870
8845 7549
1935 7993
4922 2620
4440 2876
3204 5114
5876 669
3799 2291
3945 8532
3755 5402
6124 8318
5100 7995
2411 6417
8276 5527
3872 325
1583 6006
1301 7074
1427 8876
6902 1415
5432 9673
4966 2518
7041 69
6054 9427
6928 6019
7704 6240
7675 584
7169 2698
9247 1678
4176 3338
8569 8381
7667 9741
28 5646
2022 17
6748 2826
3735 6978
4700 9350
4798 6475
7969 7073
9992 9352
6229 8088
4849 8692
644 4831
8985 6000
5783 3837
8422 7580
6650 3422
679 7269
9294 1093
7466 5671
2636 8174
4995 5484
1079 1726
2696 1809
8446 9105
4038 721
6985 8781
4251 1768
5529 8801
8819 985
9254 7329
9904 8377
8481 5127
6851 8966
6605 6281
3083 8112
2902 5068
5018 7538
7251 9839
2471 6013
1595 8594
382 6120
4331 192
7040 8838
8742 5841
6639 2078
3934 6383
3048 1860
1060 2019
9501 1140
2956 2271
8465 6472
3949 275
9857 8911
4826 1302
9678 278
3420 7101
2200 9872
8745 2325
4330 3350
684 3425
2797 1460
7900 4219
6288 4480
4347 321
4235 6496
6217 5768
2227 5279
4041 3247
8794 8633
7085 1791
3442 5547
8899 9558
9877 114
1320 5514
2667 2518
7230 7807
1103 1315
6951 9146
6082 66
3623 1394
2972 6537
5460 3695
7292 2242
9136 5714
4673 5567
97 2702
1256 8323
5919 5148
8288 894
6385 225
3838 5116
8535 7187
2406 4032
1303 972
3448 8344
7860 632
2579 5680
6780 3383
6993 4430
2173 7621
5320 251
2127 860
4103 6703
8950 6089
2826 8940
7833 5575
9450 6412
6269 2120
6795 3664
5463 9604
2404 2831
506 6670
4685 2894
1657 1850
698 9092
5617 9290
1453 7682
73 6788
2409 6558
4079 4023
9409 6007
4299 6241
7134 7644
1222 8688
8877 484
3018 4572
2371 789
8801 1428
6349 3927
8928 2701
3730 7252
8737 3887
2496 6153
8998 8358
557 2821
6842 7243
9853 12
5757 9650
8799 3984
2634 4582
8580 8784
619 7082
6682 2043
5682 7032
8920 5442
5972 9989
477 3242
893 5372
1925 3304
2783 5055
696 1825
2404 8442
1017 4095
8295 6521
9190 3990
6738 73
2505 2832
1166 7601
9497 8836
6357 381
5106 3839
8810 1490
9490 4632
6198 9369
3015 6502
1036 4495
9837 1707
7564 6423
6932 5200
8150 5766
7503 1983
34 2241
4941 5842
7812 2738
9209 5521
1795 6240
6124 3943
5685 109
9332 3642
8518 7101
5985 3784
6960 6844
9391 4222
8730 2261
3116 518
5118 7582
4872 4143
6051 4754
4735 647
3592 6082
8449 9566
5087 5236
101 810
8595 9391
9412 5449
2396 579
386 3423
8471 465
1592 2474
9250 203
1803 9110
6230 3184
6316 9374
2608 1401
9345 6856
3419 3306
4162 7551
6338 3656
2117 1514
266 281
2172 1221
2356 1530
1650 2802
7514 3996
3226 7048
358 3253
5593 6131
1722 3644
8027 3026
7169 551
7418 7671
8450 5603
1509 5980
7665 7548
9413 732
2625 8521
7208 9524
2408 4322
9218 4428
4777 68
2991 4148
8667 353
3617 2890
7765 8129
1528 2997
6416 2384
8819 9792
3955 9301
9903 7914
5292 4863
6228 2333
9426 2098
1272 2253
217 3371
3489 4775
4137 5750
3385 3671
2643 9450
6258 1394
8749 5239
1836 1248
8460 5136
5070 2922
1739 1315
6866 5222
6553 4725
9046 2227
8762 2468
802 210
1134 9085
9790 9326
7046 1625
7677 4875
5148 546
1519 2480
576 3839
1919 9769
4058 2609
5959 3205
5465 6080
9883 3074
9162 2560
3814 9796
8100 6671
1694 4174
823 7099
2803 3292
6108 3678
6483 2801
2025 2998
4308 3888
6980 3607
564 2674
6448 5998
3155 7881
9371 9500
9557 6472
6045 8991
1780 161
1186 8844
3395 6587
998 8793
6139 2210
7402 8211
9024 2976
7126 6815
4010 9334
1241 9682
6402 6003
7183 6568
1992 956
5507 8534
397 4604
4531 7501
7867 30
2168 8537
1583 5632
6870 4536
8262 6975
8697 487
3060 9872
9201 2464
5923 6907
1573 8327
7548 5353
4341 2092
734 7757
9530 461
5023 8313
5732 142
7695 1616
2748 5032
3765 8348
8293 8890
6268 6538
4541 1399
6547 5953
4731 7158
9037 9573
8771 4758
2740 4390
2642 849
405 1058
5138 9202
9023 5733
2053 1208
3634 5798
9516 9049
3795 239
7303 230
7433 5938
1203 1977
3161 3107
2791 1322
204 9820
8580 1376
3762 1230
8447 1786
2483 6804
8887 2058
974 9472
8448 5394
5586 8961
3618 727
7394 698
3363 208
7359 1643
3250 6158
2589 6449
2625 6106
4609 2041
3277 4571
9622 8290
1556 9046
8003 5128
8815 842
5009 9330
2712 2318
248 3302
7687 5831
7374 1170
4292 9689
8738 7977
4722 2857
892 371
1893 2400
2395 3550
1480 541
4933 825
6500 1545
1552 5490
356 6403
511 4062
5777 8505
2561 7410
4565 4721
9386 9302
1294 3919
4336 9587
4876 7057
8895 5278
4991 6815
3710 2894
2629 9207
9961 2070
9007 9656
3128 6676
2400 9155
6552 1304
6103 3952
8442 7403
7069 3516
8316 8984
4015 497
8812 5401
2833 9387
2021 3093
9526 4744
4261 7319
9490 2835
4727 8812
472 670
9578 8317
2112 6594
3719 5989
6406 7494
1296 558
6769 5102
3782 4059
6927 6442
9506 9380
5177 6015
13 4478
4834 2643
6888 9897
6329 1797
1196 6743
6738 504
3894 1267
5048 128
851 8960
2229 7529
1351 7031
7351 2424
1819 2935
566 9730
9931 4806
7159 5637
5514 2752
2310 5424
5630 3866
6192 5067
8181 1346
7532 7316
8900 5197
6014 6458
8208 9585
3581 6755
4887 3004
752 8550
277 9977
4702 9640
8682 3025
3940 6873
9513 2199
9351 8287
6252 2839
6781 5812
5690 4267
9348 7989
6335 7977
6610 3486
6460 6171
3884 6914
8819 7645
5706 1767
1167 1036
9720 398
6460 9554
5949 4908
4611 9121
9556 9042
3186 2038
285 6431
5199 2875
6066 8876
8970 8164
35 6256
3925 8793
7146 3092
3587 5765
3608 226
9774 7400
1830 9085
6529 1403
7189 9555
6253 5669
6593 8743
9981 3714
3477 4846
1297 5589
5154 9898
455 7000
7433 9134
637 66
7359 4489
6715 6639
3850 6525
3351 9810
8723 716
4270 5421
6577 289
2315 1556
5465 4283
2063 6970
3925 1222
5819 4811
5015 8958
6390 1594
512 7884
2563 5041
8124 3016
4025 8219
8882 1877
442 6364
2672 4984
5480 2312
7309 588
3332 7474
751 7119
8748 2062
8901 9474
5940 3236
6525 6141
2679 9538
8995 2693
6646 7599
9884 6009
7495 5824
8701 5629
3071 9769
9969 5558
8890 1364
6400 1127
3478 6895
1138 9635
4587 351
499 9126
6225 4694
4301 9564
8568 5635
2085 7644
5139 4247
5391 4468
2710 6915
4728 5844
1775 5883
1276 9168
6283 5803
9860 3679
9528 5384
708 9650
2265 9682
9837 6139
5042 1281
5754 5459
6771 2359
7643 8704
4224 7250
5471 2892
8234 8391
2508 6407
574 3419
1334 9523
7277 3628
2204 8625
8856 8145
555 9004
2324 7229
8113 7283
3006 7034
3710 4935
425 6679
8603 6918
7765 3567
5606 5187
4933 183
9556 6277
7202 5147
543 4456
9497 9080
8201 6349
3086 2075
1781 6428
8757 7735
7195 943
2998 9775
2124 6767
7008 4500
1533 5545
1958 4785
4831 8924
5903 4777
335 9795
7114 4926
861 9087
4259 5500
4257 8837
2426 9734
4226 3108
8890 2787
4346 1712
2814 2676
9572 9008
6339 4526
4288 953
8450 6652
948 4518
3840 6455
5968 6276
5061 7292
9318 2675
1319 489
5959 8442
5801 686
326 2485
5047 9114
5926 6050
7785 785
5852 1405
4900 3402
2317 8636
7763 2689
6047 1092
7784 6195
1244 7670
7622 5867
1901 4227
5139 2637
2121 1527
9275 8613
1207 2126
7463 892
5914 9049
9641 3486
7965 6206
1344 8251
6041 3906
2206 1076
5480 6313
9115 1161
7153 3295
6275 9213
1296 1794
6782 4291
1044 792
4130 5978
8426 535
1824 1132
7352 3131
884 6172
9631 6531
6336 7587
3779 1210
6991 5569
8569 6478
1077 9950
5148 8361
6552 1735
5664 6965
1190 213
9973 9651
8504 2296
8965 9861
9899 4252
372 6936
688 8862
7493 9378
2047 8909
9244 6243
378 2220
2334 1769
5777 1365
457 69
1779 7374
3386 7523
425 531
7281 1736
997 7338
8024 5981
4230 5404
1448 629
737 5721
8916 2398
946 9278
7890 6166
8007 7505
3714 9459
5369 200
1222 1979
1416 5228
3381 359
5272 267
1127 5125
7569 7279
1192 9684
416 3801
4084 1041
3784 7919
6854 2049
6267 4733
6881 6124
1067 7703
3209 4978
6486 8978
6579 9923
2835 4869
4707 3649
507 6548
1801 7698
1754 8606
1680 9623
2251 2242
2081 4305
5314 2371
9054 8347
6599 4159
7751 8609
4852 3249
3864 9753
7971 4411
7914 3877
6756 7526
9774 8636
6038 5031
8586 9410
2263 2252
489 3683
2889 5912
4668 4825
9613 582
9583 1871
3822 7248
8586 6377
8765 8594
792 4623
3538 1073
7087 3317
604 5326
7297 4847
5304 6914
6856 7356
5780 6843
8669 5099
6458 4277
9536 4684
21 2467
2789 8310
3195 3336
7357 8281
1559 3977
232 435
5170 1437
4614 3434
326 70
2714 6446
4840 8850
5919 6628
4074 9347
4850 9568
4912 4030
5537 3301
7876 6752
3738 6365
4722 7289
1986 9275
6988 5566
7311 5253
1857 759
1203 2221
1299 8345
497 7657
9139 3304
2790 4347
9296 7425
1827 5431
5751 7552
6706 9236
4185 9686
5995 7912
9168 5927
4646 8583
6325 9544
3720 5385
136 5584
1562 9105
8076 747
7570 2107
1845 9393
852 4973
692 554
7722 5130
8837 4817
7970 2980
3613 7393
8709 9735
5102 8984
3538 5529
1557 9111
2672 8798
936 133
8740 8267
2021 7525
9805 2175
1338 8249
2146 6473
8896 6528
3111 8845
9417 7728
5931 9216
9926 3633
2452 1295
2889 4302
985 9824
9163 1395
4808 2471
1141 8085
5701 3277
3725 7957
3309 5827
8283 70
8816 2785
7543 260
4155 371
5803 521
4528 3585
2346 2747
5147 5320
7855 532
8629 4090
7474 8010
2899 4616
1901 6268
7353 9181
8943 5943
7654 6665
539 5923
5047 5089
2241 2172
38 7627
8562 6251
1719 3753
4950 5156
1798 1602
8652 8396
2766 1993
8006 7467
8336 9099
6750 1913
5788 5474
3386 7336
6247 9206
3857 6167
2088 8696
4476 8656
6780 3253
610 6513
1047 98
9672 1780
1306 7906
7891 6204
6922 5588
6125 5244
9857 4943
7240 4931
7424 6738
8205 887
8301 7765
1598 1140
7454 2416
3500 4590
1910 5576
447 5179
9652 6416
6271 2036
3063 4966
7603 9305
6015 7708
8154 548
6409 6881
4169 403
4731 8020
3924 6988
3148 351
4571 4355
216 5431
2921 1126
7818 3982
8706 4444
5715 5911
3669 2682
6465 747
3385 2923
3830 9955
9670 7345
9493 5955
3321 5382
3448 7409
1454 4370
3968 2749
6684 9156
5538 3740
9048 4558
1357 273
5868 9536
3941 4309
8046 8720
9202 8408
9921 8095
3259 1471
392 530
3413 5321
3659 2344
4648 5110
630 9743
513 2742
5826 2867
2288 4165
7627 9675
8096 8433
9958 2685
759 8810
5704 4567
2751 8770
4668 3483
5540 9828
5913 8124
1587 2024
9548 7890
5847 4094
2332 680
2242 4170
6409 9459
8082 806
218 8836
3325 8483
2138 3066
7032 5651
2488 3822
3541 2631
5747 857
6438 4912
6868 4496
5371 4515
2790 4160
6530 7884
754 895
2185 8924
2847 8077
2837 973
256 618
6490 1288
9403 4102
7689 9748
595 3467
9798 4631
1465 2569
2967 3648
1559 6368
3142 1959
4640 7046
7162 3788
8955 6571
5730 8366
1279 7482
4641 7648
3010 5223
7184 5267
3111 5275
1249 4607
3114 3294
2076 7045
7556 4092
8552 2367
2845 3843
7929 3142
8920 6735
733 2246
2629 2498
8986 8486
204 9072
1670 3324
5997 6616
199 2312
7857 4205
9562 725
8572 6402
1755 9289
7149 2398
1693 8411
6427 8829
5231 4080
5616 3891
2629 9264
7247 2182
5261 5420
2243 5064
9254 9590
4927 6298
9287 5566
4858 1997
4770 6314
6017 7618
5704 2957
8872 628
4634 2289
2330 1276
6949 8352
3603 1549
9093 5700
8563 2502
8434 6818
2618 7570
9337 8312
5948 3317
6806 904
3103 445
2834 5882
3409 1683
7058 1879
213 9134
330 3303
9511 736
4404 6149
9796 9765
2513 579
5090 9860
212 8909
8634 9508
4224 4461
1199 9350
8515 1680
6765 1253
6126 7911
3843 4769
7480 7614
8703 4360
5711 2973
2653 9634
485 1312
4463 3696
5870 7167
8907 8327
2346 8171
1625 1995
1214 963
2965 4244
8034 1757
6169 1572
8572 2564
2431 9972
1848 1478
3644 3778
9898 219
7292 4503
1466 4567
7402 1665
6882 6325
9549 5700
1113 6923
2527 985
65 2042
2861 107
3539 3203
5042 7136
6375 8214
7221 9174
828 1277
8517 4735
8828 8569
3942 560
5084 2070
8703 3555
9782 1333
7445 3590
6605 166
6074 3159
1160 3305
9988 4592
9957 3027
2018 5056
6665 3600
6756 9380
7845 7846
7749 8138
3676 5894
1049 5194
584 3145
871 6585
1740 2833
4133 9553
1578 4003
3052 9450
2861 5718
6624 4730
1421 4019
9270 5480
7558 1373
2446 7196
8826 1302
4913 9893
5787 69
7774 6101
3851 7588
6989 8800
7235 5823
8962 4546
9172 5322
5619 7840
3824 8394
8291 1143
8640 2051
3946 3661
5343 28
2691 961
2293 6550
9912 2853
9439 6605
8283 501
849 7361
7573 2031
4429 9672
8321 204
7362 7446
4950 8620
1254 8578
8651 1836
5139 5109
3024 6247
1004 1987
5050 9201
3553 9220
4171 1685
9780 3084
4892 1445
965 7694
4635 6515
9298 3340
5015 5982
8902 2586
6003 7025
9042 2596
1390 3901
1111 4486
6164 1466
9450 9746
4003 7
7363 100
4307 6834
4837 3616
9386 5789
7891 219
1139 9917
5846 6260
5314 7153
5252 5521
8173 8950
7703 9967
4188 2389
3164 9236
915 760
1412 7982
1503 1684
3316 5843
4242 2625
3619 3400
7258 2154
5513 2825
664 6776
4730 5597
9706 667
7102 5024
5863 3581
5445 7794
9784 6185
7623 3972
8753 5445
1690 4139
5451 2324
2304 6284
1991 1623
9990 3809
253 2711
9771 4445
891 2244
1080 5149
6837 7200
8466 2382
2263 8912
1826 243
4969 1799
748 6073
2763 1321
5187 3190
1511 4554
1113 7891
7051 1652
855 2937
1574 2624
9258 5738
5615 9494
2434 1038
3677 9016
3460 4817
8754 4892
1252 9928
2004 4837
1839 74
9376 4646
6609 903
6442 8899
3326 5002
5669 5943
1469 4678
8307 416
5853 2088
7045 3685
3461 4638
132 448
8275 8048
8058 9511
806 1890
568 9646
4425 7539
81 2388
1240 8009
335 9852
8420 7648
4046 4510
651 8368
2640 8811
926 3877
7863 6010
4501 5090
3885 620
2295 4612
9234 7572
4716 548
5474 5825
2860 9494
5496 9556
5183 4895
5780 2899
3898 855
3589 9145
3630 9900
7357 4337
9788 961
1999 305
4459 9001
9605 2008
9631 977
9063 7875
2105 1455
8325 4728
8510 3727
6972 1493
8790 5996
2410 4720
5790 584
5385 9166
4838 2581
4426 3576
1344 4925
5069 3453
5229 1456
7505 7591
5443 9521
8430 4148
123 1809
6318 2551
9838 4811
5499 4
3751 404
9516 8732
4223 2843
8514 6478
4255 846
7242 391
8448 1694
3594 5301
1761 9535
4524 9372
1444 8138
8085 6715
8011 2070
9373 1634
7817 4456
2908 9110
6951 6227
4231 2330
9057 3091
2240 5978
4394 4014
4055 384
4619 2412
4358 4357
471 7753
622 7922
9122 1234
3206 5542
2426 7831
8838 4858
9521 4888
4390 9907
6092 2746
2179 4921
3884 1441
1991 5624
4374 5240
7405 3549
703 6948
4252 524
2469 4121
2567 1246
423 1646
4810 4989
2568 4100
4679 5472
4188 8618
3098 4265
5545 1422
8972 6901
7945 2897
971 8052
8538 4165
8901 8189
2562 7668
568 465
2961 7185
1591 563
1683 9951
5172 9892
4606 7037
926 1112
4609 4302
9246 2158
4982 2598
7530 6977
4015 3563
5945 2645
145 3930
3163 4286
3352 775
922 7005
7455 2107
643 1174
7367 2260
4872 1679
8459 4407
8115 4597
585 7585
4226 750
3591 6426
8388 5695
4284 4892
1292 2751
3931 7248
6897 7414
1883 9608
6711 4026
8542 3129
6262 6674
1845 6872
3223 5441
9508 9109
2185 6940
3310 899
8731 9417
8413 4412
5078 8321
4856 9440
9283 3514
4675 4898
5205 1680
3145 2525
492 604
8185 4935
2371 6514
1110 2868
8845 6671
9802 2766
122 2202
7565 2975
3914 1952
6123 6865
6912 7291
2136 6647
2483 3722
6719 1234
1607 6303
6766 1080
8866 4515
5929 9251
9210 8489
4313 5606
8938 9494
9031 5521
7983 640
9533 6671
6579 8020
4185 9743
3714 1490
6771 8190
1596 3111
8039 3955
3063 6633
4825 3687
1915 4554
5635 9154
933 323
2560 8264
8102 2025
137 9249
6943 5449
8973 8145
5709 4350
5943 6274
5790 3780
1431 7366
8743 8622
7528 5321
4419 3349
299 9203
8045 7533
1616 9748
3445 8024
9367 8422
7578 1651
5370 346
6465 9180
3091 4493
7834 9915
1702 6489
7700 6717
3653 5694
3787 2476
3219 2958
5242 8647
1187 3599
6919 9535
1319 2937
2926 8748
9896 6857
4199 9775
1962 9230
8882 7976
5735 8930
4954 9119
2953 745
212 2387
253 3142
5347 8067
8803 2206
1383 6520
7551 3187
5720 4084
5035 3981
5224 6886
6239 2205
9040 4778
1655 1731
9001 1817
5704 2046
8857 8454
597 1797
6486 5465
5 1885
6637 9798
7170 6097
7292 7780
5009 4638
2423 3939
4647 9884
7634 4511
5363 2884
1223 1670
8974 344
4449 2729
6376 4546
4855 4171
6853 913
7464 2787
31 3456
6994 394
7276 3490
8745 3675
925 7116
8426 4861
3137 2878
3035 4853
1856 8379
4416 7103
8149 9656
4350 3073
6081 4224
2667 3868
5086 5393
4647 2313
9939 1561
142 412
5085 5922
1162 7409
9624 237
1979 2713
7753 8151
6509 6364
4231 3566
1091 2281
7016 1442
6202 4901
5462 5091
3081 1414
8564 4394
4696 5588
3711 5193
9965 7296
3919 5896
2021 4817
4760 6512
3865 9043
9827 946
4011 8114
3548 6892
4006 7770
8680 8891
301 68
8171 154
5758 1827
3850 60
2451 7784
7153 3783
3452 3397
645 7425
2916 6800
7238 9748
8170 9728
7489 699
6339 4209
520 6198
5871 2643
3754 7118
196 9292
6610 9398
2586 3663
8879 5694
8189 329
4331 9381
4209 1282
9630 9800
2495 6928
8195 8445
879 9699
4332 9983
1350 9284
3993 4101
3425 419
7478 8804
8867 1146
745 9884
1707 2913
1650 2379
1863 3426
6909 9815
436 6096
2743 7380
3268 3818
5976 5446
7615 7762
4344 6960
273 1379
3416 2935
85 2082
3691 4860
8789 8029
205 2938
4866 8762
9484 2404
6053 4353
4130 5661
9441 9123
2965 1723
7889 3019
9076 8436
105 1953
9511 8364
4991 513
6358 4585
5138 940
4706 1283
6791 7850
4272 4963
5328 6699
3590 8541
1742 6825
6138 5750
2932 6097
654 9715
558 3591
2861 7385
5602 2737
3293 626
8745 4293
4594 2920
8551 4427
6185 8198
1577 3166
3168 8444
6241 9261
4221 837
2934 2386
829 1960
8795 4006
2668 924
1081 8597
2005 4552
1692 4055
8106 6413
1874 5789
35 409
9995 9658
9248 7923
9263 9709
4523 4558
5242 7655
9962 850
9117 2744
1121 4239
9028 3426
9064 3083
9618 6675
9595 9135
4793 3106
1157 3115
4543 8593
1902 1771
811 6642
7851 6244
186 174
1058 7273
3453 4240
6127 4786
2517 354
1988 10
3424 9137
742 1560
2734 7936
8799 3724
9386 1040
7178 6151
2727 349
1856 8192
9796 9017
2172 5954
1262 7453
5622 6721
4187 1202
5672 6084
9111 8914
7736 7610
9603 2206
9947 2770
3066 7362
8728 8395
5705 7695
9406 5075
3256 7459
7855 8241
4369 4067
7388 9529
7689 4007
2307 1833
8943 820
1620 7319
9058 578
1654 6149
2024 4928
3801 1516
3124 7690
2152 8311
6407 2867
8960 7590
5259 788
9553 1688
6867 3791
6882 5577
3298 5776
2388 3111
3640 9677
8119 3941
6094 1589
646 7463
4039 6942
5873 6316
1857 442
2853 9297
3228 4256
1760 6925
1708 6735
9478 9623
9918 9141
864 5821
7299 388
7106 6409
3255 9462
4802 4642
5647 496
3253 2219
2369 8322
4050 6700
7219 7225
6854 6538
6632 3493
257 309
4207 7815
8957 3104
5541 5331
3170 8758
1181 6817
3693 8533
365 7197
7959 969
2324 4765
2854 1547
7802 7401
4904 4895
6270 8365
4128 5428
7113 3392
1137 6895
5397 8965
3556 2004
9722 5014
7275 687
971 4913
5836 9012
4272 1393
6512 4865
841 2588
6104 3350
6634 132
135 8024
8258 2140
6112 7375
448 6269
4058 6537
4028 8580
900 3168
9986 9409
867 776
5106 8385
8220 8449
8303 4542
1902 2389
6037 8894
8678 9300
4736 6573
5849 2427
5976 4454
3391 7363
1741 4134
3938 7532
2661 347
4100 8991
9050 5092
1347 3456
2723 7614
1264 1701
4932 5357
6959 2120
5031 9500
8753 4347
4183 1297
984 8477
3684 3828
2376 336
2651 8677
3778 3463
4867 8345
359 9179
1692 7251
9037 6735
8223 4532
1217 4514
1970 9447
1662 5130
9900 9584
5077 1924
6851 493
9624 7434
8963 5473
7373 9465
4228 666
8147 8859
3487 9299
9208 5277
6568 7725
4774 1364
864 9472
5525 5470
8429 8922
4599 6436
6679 2079
5495 6759
8797 458
1114 6614
8048 9230
6644 5276
1515 1296
4309 1944
4491 1426
136 2502
4900 6549
1844 2703
5646 3895
4711 9279
3840 3536
8754 4144
9461 7978
2838 7698
7846 7941
6972 4933
5234 6021
9900 8779
9983 4118
7775 9229
8157 3107
6593 1904
2699 7539
7217 1731
9558 1845
1707 6727
4828 3798
2928 6810
1180 7210
9328 8738
4539 7078
9544 7050
4881 4563
3226 990
8826 4555
8075 6084
6019 2167
4248 7279
7646 3692
7226 4826
3683 1616
2403 4336
6479 3091
2406 3853
6012 4379
9255 7297
7034 1623
1252 8375
5295 5492
3927 5359
9338 8271
9247 239
6504 1808
2154 3228
2868 2571
1454 2093
3945 5938
8771 3693
6780 171
2666 5096
7595 6736
5871 7530
1206 7626
4568 8546
9045 1983
6058 940
8458 2415
9227 7881
4970 5328
7205 9210
9801 4181
9887 9617
582 8930
45 4561
4181 1869
3282 9916
2415 1663
8135 6084
4501 504
2371 610
5423 550
3050 7314
1819 9896
9904 6938
5241 4451
1996 4870
5821 596
2801 9993
2250 5918
9394 5146
5191 9999
5566 2706
5905 2172
3857 8696
4604 4015
5810 3066
6467 1121
1639 6703
4197 5354
6496 361
4379 4836
7584 854
4867 7808
7448 1747
2413 9480
2064 2156
8335 2708
106 1780
4558 9682
425 9639
9267 9858
5053 9661
9193 4459
7610 3206
1659 7705
5644 1434
1843 3850
6390 2944
2224 6925
9898 9351
4581 7572
9407 6081
8135 8662
6602 6018
3124 8121
693 5081
5636 9837
1951 4322
6780 8010
2580 6745
5663 8250
4230 3558
9121 8878
7464 2226
2292 3834
2577 6447
5595 387
4915 7044
6553 90
7404 7810
2948 2418
2165 5190
9107 7667
7061 4438
7641 583
8169 7118
8850 9731
168 8269
6594 5726
4192 7588
5493 3493
7055 4623
8700 338
7356 7769
1540 8521
232 9193
1608 6935
2649 7639
1811 7294
7568 8591
3287 2234
5964 2297
9817 71
8416 3962
8094 7883
7163 4341
289 278
9221 8304
3953 782
775 2423
7003 9694
7772 7990
3720 961
5189 5310
4385 9457
1703 2634
6438 7441
6690 7662
5439 8868
5059 2985
4842 4448
164 175
6275 2724
1478 3455
9380 1544
8604 6241
2191 2573
9200 6272
6430 3766
9752 4533
321 6925
5992 3540
1792 2275
9497 4014
6391 7221
8817 4255
6394 1076
1874 3805
2436 9170
9900 4404
7723 2412
5670 4428
4 8911
4013 6444
4070 562
742 5642
7634 8756
1559 5864
9298 9439
2140 4863
3337 7558
1837 1644
3105 7989
3139 403
7764 908
7125 7566
924 2091
1987 1588
7995 252
9268 1279
8423 5425
4166 7790
5995 6066
1518 6213
7557 7196
3039 172
8820 2617
5471 6820
980 2373
2965 1162
6074 882
2679 4740
103 4729
7347 1909
70 3091
314 3451
6485 6051
7339 1267
2146 1244
2237 608
3635 6999
9717 4646
6105 9967
9579 3958
9109 5729
1151 3544
1053 3009
4764 1077
3446 1061
6004 6128
4600 6338
2272 13
6646 3151
5531 3464
395 4729
2614 3914
5340 6902
2767 4156
3078 7990
962 4022
3658 4135
8446 6324
9695 2039
3538 7416
3810 5660
2548 8929
4964 4521
6170 9988
729 4201
5025 5928
6556 6991
6210 6354
7845 1381
5835 4979
6389 7817
4396 8386
6230 7006
1373 1270
385 7774
6419 3495
4172 2262
7888 1428
3086 1815
6412 72
632 7651
1597 3607
2896 5855
2058 4756
2022 2847
7720 2783
7809 8490
8530 1834
5204 3577
746 1522
3366 7467
656 5012
1642 6009
5790 1422
9714 9205
1738 6471
1399 2841
8279 1434
8119 4185
5741 25
6907 401
9515 2579
5561 4753
8050 5519
6868 4610
6434 7536
2759 9125
5209 9963
4678 3911
445 254
8724 545
7953 5586
1757 6871
5931 499
8135 904
9232 9811
4614 5589
8227 3122
9347 7317
5799 3763
7079 1797
380 8123
9279 2460
7844 7521
65 6799
7510 8399
7563 863
4350 4203
5351 6232
344 3181
4542 4373
7379 1685
808 8011
1300 8473
3139 1021
6468 5965
365 7441
6068 8475
2460 4870
4881 806
3666 3921
8122 2897
3669 7602
7518 1470
7676 5062
9730 5900
2228 8684
635 1825
3780 8372
8669 6449
9264 7790
7583 6002
100 1666
7634 8219
3931 5508
1028 9074
3065 2361
3684 8260
7357 6598
1846 1570
1436 3392
7413 3497
1522 3166
8583 639
660 7308
1396 7376
9734 5618
5651 9102
9173 7271
7087 6895
8737 1456
4509 4559
1202 3346
882 1678
2413 3495
2953 965
4849 463
603 3017
6991 4154
1511 4855
1022 8074
2779 4784
1554 7935
7896 59
10000 6676
1722 9239
3191 3008
1598 1067
8597 4078
8499 537
6203 9965
7409 9016
9688 8252
5087 6643
3179 2624
1255 7494
5202 4149
159 1441
8259 4433
6165 4196
6354 7101
8656 8041
1337 2608
6379 8097
7967 4032
1891 9583
7927 4633
6626 1558
7345 1245
1553 893
7267 5526
7220 5680
6033 4427
4228 4293
453 7930
5558 1690
9012 4828
4222 314
1662 836
7140 2718
2227 9882
7609 2230
3758 5283
2072 6561
5936 7877
2216 5559
9038 764
2214 8896
6887 6409
8948 4254
2568 2978
794 4409
2289 9979
4498 8476
3904 7737
9061 1687
5334 6496
1569 4405
841 7638
6947 9843
4588 8369
5543 3637
1831 5344
4175 3477
4517 6624
2860 8640
427 8937
2149 900
4201 8081
113 641
3664 7876
3046 8995
54 3444
3042 5089
53 3219
2422 6135
7644 3890
507 7361
6057 5147
9037 5019
8672 4332
8756 9695
7863 2473
2443 9641
3878 2328
4843 5454
5550 9288
5648 4161
565 8470
4990 8133
2132 9190
8622 9880
6361 9695
1406 2670
8632 4152
9219 1468
3336 998
7570 8263
5380 1148
3177 6603
9115 364
7680 4644
4297 3601
780 5776
6307 4921
6553 8360
2232 8266
2285 5648
4442 9617
865 1161
775 8815
1207 5062
3189 9996
6836 7113
1296 1347
6020 8247
5650 2298
2389 9354
7957 1330
2995 3714
3220 2112
6274 2879
536 5042
4644 3308
3004 4931
4000 9622
9778 5380
5485 8088
6139 2462
3475 6768
6633 2997
7816 7514
8655 5051
8407 785
605 9693
8000 7042
1811 3082
501 2173
2925 2544
5380 3726
9179 483
1086 8461
8870 3111
5904 2945
7994 9856
9738 5550
5624 3305
794 8060
882 7907
4911 7570
1730 3278
4371 3684
5595 8202
4960 1046
8628 5456
2377 4782
9388 5144
5859 5804
9288 776
3128 2472
1693 7533
9339 7911
4079 250
4667 420
4603 2879
9928 5273
3577 2483
502 5757
8150 2798
1713 5152
9438 4857
1826 9001
5855 8664
7562 6011
251 7609
4324 1185
8455 401
3358 7256
7682 3861
8924 5575
488 382
2822 9905
2607 6533
919 2820
2013 8046
8916 4179
270 2374
3413 8094
4538 8469
3628 5804
9010 1562
7275 8583
2036 6717
8233 8286
6142 1150
7852 8594
727 9416
5359 4676
1446 6097
1635 9002
730 6681
1284 8021
759 5167
6767 4585
1125 7210
9714 2065
7534 2808
6016 6114
3800 30
1429 7621
152 3442
9959 6033
3025 1165
6848 2480
2483 2868
9678 9955
1932 5963
3656 8781
7592 9579
4918 365
9892 1024
2238 4
3845 5815
9555 8020
2105 414
21 7281
8452 4960
3049 8325
6616 3261
6365 5894
1165 5454
6776 1264
8071 6022
4052 631
7135 1382
7200 2531
3817 1488
4211 4825
3397 1868
9255 3971
3188 1694
4242 9773
9192 5874
2365 903
3247 8690
374 4551
9287 6111
6947 8851
9867 2256
7224 1023
5458 6479
3698 5364
845 7519
9866 2031
895 6882
2426 1529
8435 3801
6183 2224
4000 2669
6159 1049
6661 8615
9951 799
1818 333
7767 4052
6420 5550
1325 6062
3343 7243
9664 742
5335 787
9939 2667
4273 4898
2403 205
792 2566
4436 6582
2316 7376
2003 2715
4207 6530
7825 5161
285 4455
7408 5812
6663 4904
8497 3524
3110 1006
1625 2540
6855 5074
2640 2777
2648 2638
2202 8967
1710 2089
8719 5788
5949 3282
2365 3481
7372 116
8738 3586
6943 4140
9923 1760
1361 7570
6366 1126
6995 9965
9483 1461
641 1996
5871 6782
5002 4118
9329 7410
91 7191
604 2114
1977 339
5195 7142
5737 551
5776 6895
6392 9113
1206 3845
7925 4587
2837 8552
6918 1989
8377 1486
4206 9287
3341 9748
9881 1857
5335 9781
3812 8579
8131 1430
3864 2353
4335 4190
7785 4957
3826 6033
4272 3841
7627 7000
3637 3101
8905 8371
9796 8350
5593 398
4388 4955
4484 4663
8310 9659
6466 3935
1953 4425
2729 3892
7739 4208
1139 1468
7171 5444
2828 1619
5505 1682
840 4784
4094 721
5054 3503
1759 4559
2791 1737
5649 680
8173 501
7020 4494
9511 6087
9886 5210
925 9995
1670 4487
395 7551
3227 4519
1033 7084
5367 5131
4301 1172
3430 8261
4397 880
3652 726
2158 4426
4737 8118
8935 8556
2001 4442
416 8778
3326 741
7257 4033
5261 6583
6758 148
6663 3294
431 2670
375 4990
6123 2791
6503 3012
430 8834
8742 9265
2985 798
8391 1868
8676 4481
5961 1682
7172 1077
8271 231
6519 5393
7295 5614
6638 1143
9874 2890
8791 8376
3347 8734
2535 2440
2120 3918
6772 6970
2875 9678
165 7223
9590 98
756 6910
109 3127
2318 8040
8132 3455
8748 1509
2865 8209
7318 1252
3699 5402
6918 3762
6725 3367
5732 5363
842 9313
3576 4248
6217 4654
711 4134
6844 4752
5507 6184
5254 7990
8776 3907
8370 3219
1711 2528
6157 816
5188 7370
9448 9440
1048 6156
8261 8187
427 1342
9831 9178
3477 6871
8989 8337
3540 4941
5961 877
1384 3072
3681 3668
6203 410
7644 9127
3435 3612
7079 3464
4395 6394
8173 8690
4424 4880
4365 7683
8291 9877
4704 733
1935 7497
9748 7049
9715 4657
2244 8252
5640 8002
2808 4618
2364 2692
7806 9835
7133 7083
8587 9646
5947 2268
7807 6273
305 4893
4042 4936
8548 3275
1521 2380
9332 1105
5058 7273
560 8795
834 1450
4662 857
5092 6857
4373 754
3906 8458
1070 7584
8790 6191
1886 9833
5124 1827
5270 8068
9599 5771
4714 3649
2102 8145
3835 297
9406 5376
8563 3933
4337 1447
8447 6202
6580 5190
3306 707
1127 4304
8498 2757
1942 3699
6591 2346
1783 9304
118 5043
5174 7956
9648 8292
3431 9454
687 999
1337 2047
1001 9268
5189 2602
2587 1370
8392 1957
4226 5938
1927 3017
1242 2160
6586 7987
8828 1706
5769 5513
6269 10000
9003 17
8319 9184
2973 6667
5466 4923
6899 9615
3121 903
4394 1176
4404 1864
8370 3487
7845 633
5673 5401
1903 9382
1010 2160
9375 8641
7288 3159
6257 8835
1565 692
505 712
9283 2636
3330 1427
1088 538
3335 1771
2588 790
6163 8419
2576 5691
4102 4158
9355 4232
9738 3216
9327 2184
1928 8099
8585 7963
3022 6909
1264 2457
8402 1840
3130 9660
5315 3599
368 7015
9351 3709
1458 9089
5961 7911
4293 9738
8734 7682
4539 6761
8825 7800
2753 4425
4181 8773
2512 2084
6118 4862
2665 2326
822 1708
8669 6506
7733 2620
9878 2822
6949 1757
1744 4383
8693 8031
7452 9925
534 1426
8810 2954
5986 9257
9687 9643
3921 9758
5540 5006
3174 8777
8809 2729
6231 9061
4581 5832
9187 8539
3322 3013
2495 9620
1965 7176
6194 6927
6536 5910
2850 6586
895 9891
6941 711
303 5815
7839 2615
6738 382
2378 1114
1113 4866
1163 4229
3436 267
729 7909
6672 2014
524 4471
25 3592
5987 1911
9786 2832
5439 7933
6492 6742
4690 6125
4279 5093
8420 2745
6646 4176
4588 5848
7133 130
8690 162
9787 9069
2682 8291
3890 4005
5987 2261
221 8792
7504 5146
7500 7656
5814 9688
160 2854
4327 3979
9611 3366
9832 8438
3798 1383
6351 6106
5513 5761
6972 9422
6664 5105
6468 7445
9620 4583
1079 8264
6616 927
5638 3955
678 750
6970 2179
1235 1607
2239 3907
6096 8970
3531 2732
1175 4939
8674 8273
2260 5915
9142 4177
6145 8108
3218 7870
7301 1380
4312 5926
1356 6448
1783 2351
8603 3145
232 3265
2092 3106
5524 8929
1570 4687
352 1869
5326 8944
751 1386
6487 8976
3619 5181
1103 5975
3548 6469
3766 7860
1412 6730
3422 1634
3275 8754
8125 6903
3080 7532
9240 174
4637 8318
9424 2735
9174 1806
5285 8539
7152 3889
4817 6973
3666 1213
1920 1659
168 4569
6372 3145
3512 4129
5590 9525
2288 9410
7577 9141
1916 1136
3404 5535
1721 7084
9078 5831
1595 7911
2338 5740
3367 4155
8162 2597
2251 6495
1754 27
9663 5703
966 2455
8844 8818
8539 1766
7787 6857
5817 4212
1684 8333
1211 1505
9870 6181
8179 2951
9345 3327
1052 694
3266 5951
5723 7960
3517 1066
9109 606
652 3204
9640 6658
9404 3907
956 4369
6506 8571
9390 5729
6069 5564
4321 1800
1546 5366
1609 9098
8144 863
1583 3713
9833 3266
7895 9958
3938 2035
170 427
3662 6301
4185 8328
7153 2905
2008 6336
640 6203
1853 2261
7197 8869
8133 6339
9015 6956
9574 8640
238 7886
7074 9967
7358 3310
3412 9509
3376 6846
3348 4798
4738 6410
3864 3402
3924 4207
6288 6025
5601 2843
9209 32
2090 8216
5626 3839
8334 6221
6725 2993
1990 4602
9894 3518
2960 1656
8591 4534
2548 9067
3448 4628
4036 4798
7282 7233
1206 7122
1149 6588
242 1188
7616 9738
2004 4658
8850 4421
4645 2812
4156 6785
6523 8120
3254 8145
9472 4175
6855 4163
703 9884
9631 8369
7040 3162
2105 2431
2476 4064
4059 6071
8751 7798
7636 1695
8482 2655
4387 4624
9502 3236
2145 4489
7781 1295
881 4679
3071 4654
5471 1965
994 2112
8590 3127
6778 8238
5472 8983
747 4864
2108 7990
960 5911
1896 3381
7649 7942
894 1127
1572 4977
7709 8747
4686 877
1231 4684
5713 4881
8638 2794
9701 2291
6371 4292
7300 7007
4255 5205
4522 3105
3161 733
6273 6386
9249 7270
5013 3342
7320 4626
3428 1262
3524 8140
5076 7828
7689 3934
8969 1968
125 8092
9251 5064
9065 8092
6534 7854
4732 821
7965 3051
4427 185
3181 8151
4705 5791
242 5644
5223 1058
2800 8459
281 9736
4450 5272
7099 9703
7094 2943
1925 8232
8169 9647
4104 8018
5118 483
6272 5760
854 1677
6994 9128
9721 2138
1069 8432
2313 4557
9563 4181
532 2565
6581 3482
8630 4730
7630 4801
3953 9727
4744 4564
9847 7323
2523 2300
7447 3596
5231 4682
406 6775
1278 9710
3962 4528
6660 5468
9313 973
5 15
552 184
7755 716
8966 6527
3949 2788
3828 4713
1736 1139
836 3326
875 8916
7429 7901
178 7298
6401 3672
8144 676
5158 5493
6464 1742
3814 9918
7954 552
7181 4766
9911 7873
148 5554
9560 476
7548 3247
3657 2737
4283 5643
4097 3009
9816 7986
6764 2384
8044 3828
8811 2051
8446 1364
9874 5712
6763 8575
1190 2669
9961 8340
5443 1316
9307 2632
2423 4297
5170 5853
8098 9699
7348 8447
9208 9042
1684 925
1234 5600
7741 1733
7400 7856
2861 7125
2680 8245
7162 9196
6130 4848
1178 1504
3452 4560
264 5513
463 9106
6344 2333
8214 7780
6019 6737
1896 966
17 4855
5994 9124
9390 8120
7549 8329
4502 3071
5155 7800
456 9066
9128 6430
7302 5419
7732 4249
4368 9672
5741 7897
1381 2213
3533 176
2124 42
2060 8917
2660 22
6049 9181
7816 6579
4203 1876
5477 5757
2125 6279
3245 6310
9933 5487
8312 7160
9593 1632
6281 829
2231 289
6532 8776
3949 1178
9212 1940
1650 6925
4697 5767
9960 6529
6244 5111
8212 513
8148 5224
9366 5790
886 1079
175 2007
9297 7905
6181 7014
5214 7225
4713 9683
3947 3734
9262 4686
5442 3642
571 5390
7114 8350
9564 2772
4713 234
1256 8876
5733 2313
3804 423
5361 455
9605 8408
7355 1242
8134 7396
1873 8286
7516 8515
8010 5640
5553 7041
8621 7514
9354 4625
7165 1118
1194 4965
9742 3983
6669 3920
165 5052
9489 3537
1464 130
9243 9897
525 8778
9460 2018
8866 9947
3080 7158
2452 1173
1371 7486
4604 5552
906 4683
4387 599
5624 1215
1914 3749
2519 5778
2990 7615
6368 2652
2918 6049
4105 7302
2510 4534
6097 846
3664 7559
5491 5008
3634 8848
3872 1846
4281 2051
1103 4446
2009 9621
4122 7656
2603 1692
1510 5736
9535 3481
7109 31
2597 9791
8609 6699
2470 2102
2819 2256
5307 168
2380 5592
1969 3806
4708 5501
7132 7370
8316 2690
798 7193
1414 9411
7944 832
4277 6446
7577 5734
8623 9788
6642 4702
6380 3012
2340 3160
2923 5238
5206 6128
7627 2064
1214 5566
4832 3443
5100 1945
8404 8522
8084 9106
5367 3228
4351 3520
8802 2152
7357 2361
5593 8644
9822 4985
173 3734
1818 203
7738 5436
3947 8540
45 4488
4506 3808
2187 1009
5053 3977
7443 4764
9597 5806
4984 6092
1037 3021
1823 3930
1 1183
4586 3013
2944 6815
3684 4373
2999 106
3143 3268
2814 4490
2315 7021
6073 1525
8101 3394
1929 2821
1280 8791
4236 8269
6543 9553
7927 1551
3732 7046
1034 6106
5564 9003
6935 6401
3511 4603
3046 302
3491 7334
7774 3938
7777 7619
2295 8247
8737 3985
9862 4360
6004 6242
7709 9178
7361 5462
2476 9756
6390 8937
6357 6545
6057 6253
1757 1374
3508 4655
3594 3675
6149 2809
1916 5568
9965 7117
4867 8085
4139 6400
7929 3825
8746 4047
6782 4600
7902 8795
8403 675
4077 237
9679 465
7272 8399
7249 7449
7378 3133
9209 2236
4754 6114
8926 6085
2285 338
2229 9074
7826 2542
3414 7248
6807 3317
2779 92
4874 3937
3320 7586
2909 5800
7916 2435
2821 3701
888 4321
7070 694
1280 415
5211 3707
2995 1787
218 4526
9601 5069
3245 8351
5454 6848
2964 5857
3215 9640
2085 2505
3301 2998
4388 7053
1210 8694
4389 9907
4725 3440
1407 9208
7999 1507
8929 7830
3196 8085
4980 8096
4507 5432
3289 4866
116 435
7562 4889
5088 4431
2639 6447
3076 7202
170 671
1947 9337
3351 2711
1332 3557
5373 4011
478 8371
51 6052
6024 8667
3643 4990
5616 7152
7285 1763
8265 5167
4741 4673
1558 1806
1840 4902
8882 4577
7758 7056
8539 7621
9367 3868
8523 8616
2763 1386
8406 1615
689 2525
5603 3133
3447 1264
4668 8517
4632 6608
5762 7327
8310 4536
9769 8197
3545 8188
1735 540
9458 9998
2356 3856
7829 1230
8105 6763
393 1601
2664 7392
5931 8452
6953 7948
8352 224
7233 3801
5268 5664
6512 1035
3803 2188
9376 1678
5237 9734
2219 7126
9313 2827
376 6508
353 8968
5174 2215
5425 5998
6717 4823
9402 9665
6274 4253
2021 2573
3501 695
3349 9723
6310 9545
5534 7072
9357 9141
5534 656
1071 509
4687 8893
2610 6351
4563 6383
3911 2256
9984 8485
2350 4734
6775 8561
1789 6387
4275 3472
1203 6263
9570 6401
9981 8187
8233 2171
6488 8504
8451 9978
1400 6053
7451 2135
8755 3973
8220 431
8383 8531
7824 431
1540 6033
4116 6044
3030 4843
2154 7424
7968 5845
3054 2985
5607 7708
75 8973
9781 8506
4607 6281
1840 9708
7072 8905
2705 8466
4453 5814
4389 4109
1746 2876
2527 3441
7532 9829
1046 1741
4348 1856
1392 2378
961 5575
829 3204
1891 8892
4819 7076
8761 3387
3170 285
5429 4561
9598 4261
2447 3862
8111 2716
6979 1924
2756 5371
7799 1663
2573 5664
9507 1864
1692 5649
7199 2607
6990 8849
3673 7702
5134 1610
689 6176
6915 6231
4544 3242
9962 5827
566 5022
1937 2420
9686 3677
837 3041
721 5310
2144 9314
334 4672
2328 5459
8778 7474
7001 2972
2679 24
4937 4075
2699 4059
3387 4433
7577 5010
6773 3495
701 120
4661 8314
7512 3834
392 1994
4021 814
1471 6188
36 669
8289 6909
9223 7716
6210 7704
2442 6096
7889 3003
4181 5610
3876 7226
2071 7092
1316 2086
5113 6344
6293 6426
9378 1588
653 9878
3273 9407
6532 6442
2394 6055
248 5628
525 4216
1285 9566
8494 9943
1436 9735
1593 1805
2890 2472
3917 6476
6544 7176
2043 2041
8092 2958
3598 1246
2928 8591
8217 1906
4967 1981
8518 5052
2547 8899
8638 3656
401 8472
2566 281
6373 1817
332 4171
7178 524
4619 3900
7327 9692
3158 7740
4968 1802
5749 8783
2382 1857
8636 6212
9136 4283
8546 1034
729 4746
8855 8959
4610 3033
250 4519
6824 1874
7810 2871
9243 1147
3750 8002
4177 8069
5140 9614
2143 7883
4636 1221
2022 9808
7593 8471
6683 5806
8439 9431
9833 1363
4791 6427
5465 1453
776 4161
3725 2468
3878 2710
8148 5468
4934 5200
1360 425
3140 9362
7612 2455
4351 8757
7602 1767
2567 3084
2164 6077
9134 3432
2695 5713
9754 8775
9971 896
5244 114
4717 7013
9934 1014
291 3715
4773 3912
8692 9853
9988 1250
590 3782
221 7857
1095 8613
6226 3594
4080 9583
7626 5894
6504 2784
7818 6064
2462 2105
1741 8761
8028 424
5944 1629
7582 2589
3891 3645
8373 3842
2382 6313
8154 9396
3564 7222
2170 1704
9228 5295
8977 1512
3373 457
7304 3749
609 7565
9188 5896
3152 5184
4375 6094
5865 4904
3181 3670
730 9023
1343 1144
8096 716
451 3192
3689 5766
8226 8
4296 6740
9874 6574
7107 3585
9538 209
6950 9263
6477 3189
1442 8670
2338 8993
8534 1292
7777 5285
2871 9456
6823 7209
6066 4786
5410 9585
9178 4777
8032 3525
864 7683
7146 5418
8118 4797
9833 6169
5160 9410
6559 1686
245 2161
2915 8223
4508 7912
4847 7378
1669 9773
8123 2862
6180 8456
1796 4630
7234 7867
4379 9195
4159 561
2411 961
1824 3645
4799 7337
179 7930
7 1996
8133 6209
9652 3505
7195 1496
4467 8261
4077 936
5303 8533
2404 3173
3020 5391
5024 2702
3809 5817
7503 9196
3645 4662
7217 6358
7406 9263
8973 9983
5949 13
185 955
2800 140
3734 3199
3901 8789
8787 933
3424 2973
1547 519
6562 1179
5228 9298
7630 1020
5969 4048
580 7119
9331 4968
6648 6588
2572 663
402 6258
8308 8253
7461 9320
1740 7680
9572 6528
2106 8969
9632 5081
8081 8247
4533 2441
8046 9192
3005 895
1361 8034
4408 6876
3684 429
1158 6951
8159 209
7830 1431
1314 7464
4645 6065
5775 6784
4211 3329
288 652
5666 5336
7825 4470
7075 3218
7971 3541
9872 4137
816 9816
8256 492
6594 2164
129 2470
7161 1457
5418 2201
3826 9530
4855 3781
1934 5987
2961 9991
8421 744
6096 5270
6813 7540
9074 2063
7742 4593
7830 276
793 945
8798 667
2330 3708
9699 5498
2846 2312
2567 2897
1254 8887
4549 2169
7833 924
226 1248
1972 9103
2992 4766
3745 9699
5087 8611
3461 9940
6852 9346
2024 7758
8381 914
9342 6550
5142 9449
7822 9029
8158 2562
967 9180
2237 5772
4852 4957
2741 1333
1982 5253
6627 7134
1245 4960
7778 6478
82 1849
5756 7807
7717 8454
8731 919
2139 6368
6469 9177
9053 6797
3162 50
7430 6145
1549 2338
6520 3480
1487 1460
4987 836
7547 314
5090 4721
4591 836
4085 2950
3815 1369
8606 8737
8857 6104
5705 3304
5082 4079
830 6034
7697 9680
9166 7613
9280 2265
2874 6184
9808 4636
2282 2108
4274 2068
6612 9835
1194 834
7039 4984
4791 4280
901 6624
6756 5046
1711 5675
2231 1769
2241 2457
6511 5215
1717 3211
1834 1544
7367 6139
5156 5317
6004 688
9641 9195
4789 3803
517 218
2827 5937
420 6701
3849 2427
2890 3253
5653 3090
4001 5450
3034 6415
7896 6833
7268 848
5867 6991
7892 2927
6674 109
6522 9137
2809 7236
8977 3903
104 5125
8903 1510
5617 9445
7751 1941
9117 9575
5891 2100
2831 7934
5319 5846
1988 75
5537 7237
1927 553
4485 5620
3774 9958
7276 335
8428 8949
370 9566
7593 5869
4043 7904
9676 7445
6309 6935
9733 1563
4602 3172
2756 3037
1057 3299
324 6188
4465 3840
1287 5481
1724 2072
7171 9559
9284 1178
6527 5293
7354 7731
1731 6626
5047 31
7798 2487
4083 513
1820 5163
1225 1570
2744 1118
7844 5114
6634 8573
4736 8248
7175 8897
5761 8419
8843 654
7605 8481
5669 2414
4428 4308
5975 242
684 3848
2740 1349
5704 4852
2371 9588
7039 6757
5979 361
2273 385
5218 1202
9522 9206
6346 5258
7533 95
4565 5518
4133 3609
7455 4376
3250 2767
5092 6166
4440 2039
1829 5225
7708 8205
3811 4497
7732 6347
5280 2430
5366 4456
6240 5212
416 1939
7353 3318
2351 7781
1322 698
826 9916
9976 7282
480 9279
1463 179
5024 3938
1719 4306
7825 6511
6445 4863
189 6097
8439 1486
970 5908
8525 506
3992 9389
123 1313
9803 1877
1146 7827
8589 7846
9029 8118
2302 1099
1778 8269
1742 1442
1470 3952
5324 4580
3832 9107
4223 2347
8672 152
4420 2861
1744 5652
2601 385
8953 6029
3574 7536
5721 4401
1196 7540
5934 5448
2694 6211
9480 1759
7044 1758
2560 734
9077 8135
698 66
3057 1540
3194 7665
1470 2797
2121 283
2494 9913
8003 7698
4488 120
5859 3934
9498 6852
2029 1448
1468 3101
1846 8157
5689 5243
5922 1250
5140 7630
5567 2779
9930 5728
7055 5680
1836 4436
277 7741
836 9425
6350 7554
1398 4210
2879 5186
2729 8625
3188 279
2248 5319
4987 6260
6145 2611
7987 6010
9167 6092
7101 1487
204 8552
8485 9670
2434 1510
4053 2420
6797 4459
9402 9372
1540 6895
4300 2297
349 1736
3867 9585
6885 3525
371 6221
6312 3663
2182 7301
5198 7584
9522 25
3018 1157
7927 1421
4265 7379
7493 5101
2924 4905
8966 5405
9455 2186
6595 6580
1423 8188
1149 2701
1046 5986
984 4354
9549 9368
5000 7195
7708 2407
4189 4509
9287 6924
4333 6917
6702 9833
1543 6388
7300 4275
9387 7505
8759 1520
4729 4638
6547 9141
9589 7639
9687 4764
6850 282
4735 1420
4673 542
7811 5918
3736 9263
7967 6431
5300 640
5035 5095
3140 2035
6304 2216
6278 995
7998 9127
5596 6825
866 6526
9608 8039
2383 2995
9845 1566
211 1347
9755 5056
5677 2468
9505 4127
5090 5152
3575 7975
6206 1277
7833 6966
6083 6539
1107 5053
7019 4009
8041 1253
9668 9194
1881 2195
134 2039
572 4894
782 6424
2461 8139
7884 6904
5052 2766
4763 2663
4696 1441
2524 6209
1987 1840
5323 785
9371 4662
6405 4496
2208 6912
7378 5231
6621 9224
1712 3298
5726 1175
9215 8286
1278 6978
53 2235
3659 9931
2291 5634
3576 8176
2456 3981
3471 9880
8528 940
8080 5688
8892 5566
81 1250
3623 7241
7386 1335
8287 6920
6580 3157
611 7831
2036 2082
6464 5426
325 7245
5919 1196
5774 4979
7675 4821
6760 1812
3687 1749
3816 3849
6329 9173
2750 4054
286 5038
129 136
6734 3974
3711 3274
2837 6682
8806 2008
8840 7254
8038 150
7449 6171
3237 9807
1434 3330
6697 4092
3612 8930
7034 7649
2674 1965
8804 2312
4798 4296
9872 2153
3237 358
2927 5794
5229 318
8582 9066
1855 2047
9267 3507
2538 2077
616 604
8840 1188
9239 5623
2300 2663
2453 3659
9643 5484
3413 5687
6005 9584
921 4623
3632 9932
4625 2274
6798 360
2728 8967
6835 3625
4247 8515
6484 9060
2126 39
1969 5717
9011 5392
5279 31
6571 4518
315 5752
4525 1289
1598 1051
6233 2244
8592 3718
5985 2142
30 6522
4737 2865
3274 8130
8281 4765
5268 8917
2406 9074
1007 9628
3762 4686
9004 4571
4450 2808
2461 113
4231 7608
1743 4034
1182 1523
8615 854
6187 1495
1307 471
2418 9084
3292 3424
2426 6693
1650 7226
7402 1763
3197 154
8833 9792
9353 1722
5810 9092
9275 6727
6004 5925
3824 5914
4285 7063
7857 8759
8306 449
9440 4350
2545 5072
1017 9942
9880 3868
8112 583
5330 2224
7236 3164
3903 7900
7084 9940
6893 6208
1122 317
2087 6072
3959 1012
3326 1099
7837 536
837 3716
4259 4687
1776 5621
7349 947
2958 6530
339 9855
6776 1085
4573 6540
7088 6275
8865 4361
4720 551
4405 1479
1330 3999
5538 5879
9115 7919
1915 488
9454 969
2790 7104
6000 7630
2249 2993
6170 5597
855 4645
783 3079
1419 257
7174 7897
911 7960
4361 1557
2437 11
9661 5584
5549 2
2751 7526
1624 7078
812 4948
3243 1572
7821 8647
1011 2125
5204 8635
1120 2849
9619 5358
660 7560
443 2607
6100 6706
6630 3488
2712 5319
6041 9509
4665 1941
4102 6931
2457 4046
9623 6231
7286 8488
8160 5080
588 2207
2028 1654
1864 6915
9861 8274
1893 5401
4788 6855
4203 3950
371 7807
2484 5842
9213 856
2976 5550
3566 3137
5938 2564
7485 1908
458 3265
3040 6474
7832 6153
2111 3759
8859 2987
8117 8766
3071 125
9759 800
1319 5287
8767 9814
5400 5140
3965 3785
4799 978
8754 8828
1748 4646
7074 3478
4579 8559
4460 7147
8534 3577
6442 3
5636 7487
9965 5190
4177 8744
4796 4063
6907 1271
4460 4114
3302 1347
4140 2446
6559 3971
8307 1319
5545 5090
4726 8205
4669 7671
8050 6389
3609 6193
1716 5458
8798 4562
1828 37
6724 5701
7937 5923
7837 8725
738 8516
3453 4899
9009 2530
5256 1954
8795 3510
4655 6460
9980 8854
1952 5176
3936 1111
7650 5866
4061 6475
6803 6933
7698 2150
850 5724
3009 4104
4399 5716
5059 8206
3810 6075
4405 3252
3591 6711
4181 7708
4934 6225
3427 5556
2780 1773
5925 4156
2866 7209
8604 5046
3032 8410
5011 4001
5706 2540
1998 1737
9470 6658
9923 776
1841 3251
3548 7014
8933 9459
1588 2805
7598 5302
7404 7688
3457 4617
2304 8610
9178 6257
3476 8831
7870 513
3138 5803
6958 1185
6405 9115
7969 3902
5846 1015
6728 8802
8017 3192
1210 6767
9422 10000
6937 5943
4093 290
9012 1242
806 5371
2327 3494
8447 5405
3500 9575
7550 7863
2791 1908
7025 9173
9420 6140
9014 5452
6669 3684
6087 4460
9824 4503
6682 8053
3561 3812
9574 3574
4304 1641
2189 6943
4061 2637
4374 7298
759 1768
348 736
6889 9285
6476 256
6049 5107
9405 7710
811 5341
5919 9198
5492 9885
6576 7253
4952 5999
9592 7536
313 900
1927 2220
7229 8572
1560 706
5130 7991
5577 9434
8208 1982
9520 2183
4475 9228
1330 429
6314 8946
8205 8100
6646 4989
1546 5911
4345 487
1485 7887
7082 7771
4499 4337
6087 6688
9731 9950
1264 6198
3284 1036
5627 9147
7327 4569
9595 263
7617 1864
4088 8940
829 9653
3164 6569
6674 7387
4090 3351
894 3632
3468 6980
5858 3603
4550 4275
2375 5362
943 9940
1475 1133
9131 2199
6579 7500
339 2097
1816 7061
3736 4701
1248 1127
1616 5495
8586 3604
9081 7747
6603 9025
6378 47
9125 1603
3022 3079
2798 9787
1145 625
2428 8756
2120 4439
8531 864
9866 2015
8800 8636
8676 6880
7518 4113
3626 749
7586 2527
7761 7254
1458 8642
6021 7515
5176 9409
6759 5000
394 8920
7421 3399
7731 2127
9315 6988
6235 5000
9160 2913
9822 8482
3434 929
8282 3169
4178 8028
8264 8225
5138 3640
5547 8763
4014 457
8680 3215
1529 2816
5331 7418
3609 2623
8810 2507
4727 1827
527 3972
6380 2321
673 3797
2512 9931
4478 8670
3100 3685
6064 3024
3698 4543
2170 9413
3827 981
6344 5293
8959 8642
3324 1858
9198 4494
4313 9542
7950 5217
9985 9011
9701 9252
6081 1126
1889 3886
3806 5015
480 342
5399 540
5017 4410
2818 7355
8018 7014
7641 4812
8876 8765
9807 6645
6574 2163
5672 3523
1313 7109
8847 830
3644 119
6257 9811
8380 2118
1463 7807
8369 3457
7725 9771
9329 6239
8749 3678
3052 6596
2266 5687
2572 2761
8078 1029
9583 7287
2074 8900
3473 1176
1179 5015
3939 417
5098 6038
2720 6042
8647 6784
3188 1946
5768 8492
5711 1542
2975 4282
3997 3778
3620 7238
9537 7292
3250 6207
4344 5017
8891 6363
940 461
5360 3944
4398 7505
9914 45
1812 390
9186 8940
2027 2264
7663 7738
8224 3833
6699 8220
5082 1721
3459 6731
3948 3512
4240 880
3295 1412
1438 5252
1593 2911
7661 8042
8563 266
1708 2669
1302 8397
1842 5867
529 5441
5078 7614
8860 6676
1561 3373
3540 5380
5943 6372
4673 9780
2354 565
3735 9231
1056 8341
7832 3201
8714 3818
8358 8909
8172 5521
3074 3106
7239 5316
732 2767
7526 8756
9430 8869
3503 8881
3685 8363
228 4173
4130 2563
8615 6441
4061 4678
2096 8793
3190 1187
4714 5243
2030 4009
1603 8860
3960 7255
9872 2047
6391 3879
8844 4988
6514 8416
2428 8219
4921 59
8657 8545
6006 1035
307 9542
1363 4862
6031 2031
1846 1798
2863 5114
867 7664
2926 2430
7160 9695
2148 6300
7375 989
7464 3690
1397 7829
1803 2101
493 8362
4407 7543
5121 6132
9050 8597
2667 1388
4062 9760
7918 635
9731 8958
5775 3889
2320 6942
3495 7434
7490 5261
4900 7826
1105 7024
3875 3868
9809 6555
75 9892
1027 1479
4074 6737
283 9841
2742 2851
4115 322
4268 3570
2492 8338
2528 7995
5885 2155
4921 9053
331 463
1110 201
8305 118
1638 320
5132 2857
6806 3474
8555 4430
9639 8968
1199 2121
5445 4485
9141 3773
5244 65
4566 1133
7867 3275
1296 9601
7423 6267
5750 2088
9537 1494
1536 1891
2933 4674
1570 1475
9882 1906
2977 4946
9500 1612
8106 2510
8034 944
7256 4060
9436 4071
4704 9361
6411 292
385 4432
3652 7744
8688 2865
8784 3327
1220 315
7166 4517
7751 1006
2703 2118
4411 2319
9087 6519
5787 61
305 7105
6442 2207
1746 9406
7238 6287
557 5074
6371 3495
6059 8104
8715 7290
1298 2076
8980 8527
9551 1146
26 2405
2706 1985
6558 6704
3096 8586
6269 185
3588 9048
7203 3244
3226 7878
208 7522
4964 374
4119 8684
573 5957
1197 8036
3165 9854
2257 1600
4275 9197
8475 4046
2530 9114
5954 4496
9589 9924
5881 2705
2001 856
9057 237
6194 950
7317 6914
2501 7595
3086 4084
9439 531
2208 3586
6967 6535
2952 4269
6159 7530
3728 4490
4320 2150
7685 6751
8593 8589
271 300
5845 9814
1590 1672
5590 2125
6782 3722
2363 8011
2208 3936
1826 7806
2607 8371
47 2477
9102 9405
3789 2864
4100 6698
7369 4421
4967 6283
7455 3441
9595 6305
8674 3451
5398 8721
3342 4804
8794 8471
8052 7834
819 4427
9979 6645
3496 8654
7016 5996
7078 458
5808 3866
8294 7367
3246 7725
3184 6847
4679 6001
1186 9324
907 7657
2464 3525
1874 276
9008 9339
3802 2695
3432 3916
6570 9292
9868 7753
3273 3105
8870 2989
8123 8424
5981 2481
9300 1819
711 548
26 445
9187 8523
1434 6770
4254 9393
30 7734
3395 7417
1482 6060
7834 5288
5535 8029
6192 6084
4356 221
8850 1209
732 1775
2070 9613
1361 4952
1631 6533
354 8016
9067 9545
913 9700
8611 5330
5495 1433
6422 1069
2991 9434
6234 8188
5809 3286
9663 3914
9816 4156
377 6687
9752 6615
5172 5883
7420 9970
4426 7756
1212 7488
4801 463
351 4685
7011 8230
8310 3308
7040 300
4170 7012
2797 2371
2714 7032
6262 4170
2301 4419
6754 4632
2391 929
2958 7392
280 9356
3854 1299
2520 7166
9082 3006
4755 468
9833 4860
7641 4088
8859 4654
6082 7393
3912 8824
4967 1290
4495 8650
1821 8104
825 3413
6083 3831
5563 2075
3572 9133
7576 660
3477 5863
9965 3474
6758 213
4705 2229
7628 6485
2098 1407
7545 3976
6296 1845
5833 7039
2531 6924
4890 1982
2004 7407
5650 916
6799 187
3709 1675
8905 1215
6076 3010
2368 2207
4142 776
4104 4456
3150 9790
9022 5183
8872 8622
3351 2906
5658 4190
1986 8706
8130 7231
6867 506
9430 5917
9076 5419
3291 7736
8406 6348
781 431
746 1376
3703 3708
3641 2830
4534 3636
9146 9541
182 9147
6335 618
6873 7841
7014 6568
78 8043
5620 1804
3342 5422
1853 3050
4186 3303
4093 3112
4552 7598
1035 9773
223 1227
7229 1245
8820 7277
568 4645
2593 6997
8166 71
597 3131
8713 240
5576 1882
3045 1644
5634 1860
2404 7475
5042 1948
7693 7206
9548 6703
652 6221
2665 4806
4571 5746
1064 8609
395 2623
4818 5623
6156 7045
1077 8844
739 5816
524 1690
8578 173
3786 4658
5902 7128
606 6226
2784 8820
9795 6930
3785 5187
3969 7748
6113 932
3275 9811
4164 7435
5207 4802
4716 5696
2125 489
4525 1964
7474 7441
1844 4411
1107 4118
474 4205
4512 978
186 6956
4200 5587
3489 4263
5848 5737
4366 4536
2587 5623
6384 5717
8564 5728
9116 6241
2180 6962
4138 1676
5103 4048
4547 6799
7467 204
8487 6447
6056 3407
3762 8744
5513 6363
5291 7482
3445 6593
7152 2263
9726 693
6157 6842
1448 3256
5968 527
2377 4473
4071 7220
8980 6730
4964 8026
6425 1934
738 5540
6638 9397
2596 8718
359 8927
9103 4851
1362 1203
5648 2242
9507 3214
4469 850
5434 7386
5300 778
252 1136
8846 1253
9570 530
7605 5399
3775 2913
5824 9823
7642 7910
3797 4392
3831 9638
1592 6768
8560 4050
9750 8984
2307 8965
1521 1640
6441 5446
3079 5280
6754 4445
5756 5343
6941 5769
9680 7464
9639 5211
2416 2492
7558 5179
438 4093
1450 6311
7996 8788
8837 9404
4963 230
2098 870
8608 7100
7240 9973
4258 9274
4754 56
7642 339
2007 4135
1164 2692
9446 7418
1506 177
8489 9071
5471 8715
7973 3327
7916 2793
9879 4267
1469 295
7788 3547
1850 3370
4491 1524
4649 2864
4427 9618
339 6342
2954 5527
7090 5087
1216 199
4894 5297
534 6029
2803 8741
2491 7688
2522 2837
7739 6664
9139 8964
5342 2454
2802 5106
8950 6813
7681 6659
1172 3283
4284 9690
7109 9651
9170 8250
426 5156
1138 666
4407 5559
4405 4732
2036 2570
6695 1905
6734 7495
2214 4562
4710 8751
8473 2845
3122 6400
8125 5545
3558 9182
7533 1469
3644 8202
6884 1023
5602 9332
2592 6585
9593 6259
3557 9711
9032 7912
7597 6557
6477 9532
2863 5358
7596 9338
7252 3112
7563 6946
4036 8433
6104 1033
3948 6334
1701 5101
988 9366
9675 5510
5542 5467
709 3535
4754 7895
2796 349
4883 4333
2269 8002
7085 7321
6221 5001
9041 1208
114 9741
5238 545
5838 5236
1416 5090
3448 2197
9661 4299
7897 6418
8511 7809
6395 3841
8234 2805
9509 495
5555 6079
1888 7529
5312 9327
7552 6383
9560 6876
8854 5896
1942 7765
514 3417
5452 8583
9282 4653
7019 9303
2162 3567
8499 1009
4300 9014
3904 2598
6545 752
466 3376
8463 8118
9306 9561
1947 1319
7683 4745
644 8751
9952 9709
2478 955
1636 3120
2756 3151
7766 9883
5555 8307
4593 5452
2408 5851
7466 9591
2268 9978
4560 9476
3290 6468
3562 4712
3743 586
9735 8139
5241 6427
979 7694
3436 6293
9643 8550
5769 130
9722 737
5458 1177
1846 6498
5337 3102
7166 1378
5366 8758
7479 377
2308 8249
3055 3568
195 3798
9491 7405
1555 283
6909 1163
586 421
687 7643
8022 23
3297 68
8866 4320
8116 3822
4688 4534
9084 3459
7714 3253
83 5435
7948 5177
1149 8613
9984 4655
7209 1805
540 6842
9196 3673
2296 4051
3354 3204
1196 5426
7395 3658
2195 7382
349 77
2470 9307
3957 4436
9101 780
4211 5484
9885 7278
4390 531
6542 4910
8510 6728
3675 4723
2988 7957
9939 1098
6606 5834
8616 7154
6885 5249
5924 9412
5565 4406
2464 7957
2404 1490
2053 509
5076 7625
1521 648
4783 3616
1687 8265
3234 1193
491 2762
9546 9690
3235 4801
5630 5932
8956 25
4536 706
5852 4813
3919 5433
1850 2028
9472 8428
4771 2451
3680 8076
8394 7842
3136 1008
1068 1992
7513 3663
4058 300
3156 8076
6919 2924
5232 567
2620 5063
3611 2994
2465 1742
5608 9714
637 6320
4116 7825
6136 9833
6048 6980
4799 4849
3775 1116
8962 2822
2936 6962
6226 5562
7905 6523
8849 8772
7846 3664
5815 743
6193 6553
1303 4087
2676 2312
7831 5261
2949 7574
9704 3809
1827 6716
1821 9153
1355 1244
2294 8811
3727 7841
5933 1903
446 1433
5117 8699
7077 76
915 6607
299 2137
6113 558
6178 5117
393 8188
257 8327
1564 1768
4246 2929
2556 8969
8418 2146
6237 9080
2684 5182
1552 3636
5948 2561
5762 6343
7780 7524
5977 7463
2931 5059
7439 4979
2984 8857
1960 8534
2770 7585
9670 791
4098 8319
593 1429
3167 4777
1393 6208
768 6156
2201 4432
2103 1645
5972 3305
9361 6048
9731 4827
5022 1241
8272 1166
6246 5759
7860 6325
638 7214
607 5649
41 2794
3103 9838
349 695
5089 184
5825 2504
7793 4322
5916 2622
759 2256
7204 4681
9069 2614
4296 7903
2627 460
4960 713
8289 5657
9585 1218
6050 2033
8249 6258
3739 4013
5196 431
30 2985
1024 3843
685 213
2481 2513
3537 5003
746 8036
8678 4836
1522 1841
4469 5737
8736 1808
2074 2354
1611 378
8605 9461
9073 5365
2509 1528
3250 9110
552 1754
8640 5483
3874 5527
3130 1057
2810 1641
795 4895
3687 9084
8165 9539
5584 5774
2463 1533
8342 4513
2595 8068
9097 3857
4541 513
6726 868
4389 3125
3248 2217
6481 283
1307 5228
7260 4185
1923 1030
3550 8971
1065 2662
251 6121
443 6291
6725 4026
5961 1186
9111 3913
7402 9903
5974 5555
8237 905
1922 4188
3353 8807
9141 5253
4156 4435
52 9294
7930 9241
4907 8541
2414 3869
7302 9672
518 4371
9162 3097
1359 2735
1701 5882
8783 4232
5895 9584
7359 7173
5554 2875
377 1133
8599 7306
9716 1404
3396 5097
6021 4970
6938 3918
723 989
3030 6437
2438 2361
9217 3154
4435 9081
4456 9958
6168 1233
9802 3807
6882 576
4793 7099
6259 1351
2995 966
6169 9005
8631 7194
1427 8689
601 9859
6511 1572
3323 2525
6134 5786
3057 8233
877 1806
4514 4651
6226 2342
530 8114
7679 7686
6179 1772
2703 3948
1273 5189
1237 3280
7276 4263
3661 5903
6746 1065
3628 9927
7423 6942
9264 317
8357 7749
6388 8712
3124 4917
6088 8420
5926 3928
7669 932
6010 6285
8216 1101
8467 4884
285 739
6971 5505
5737 4406
9818 4259
8156 5931
5293 982
3713 5662
6003 2081
8000 9555
8005 9899
9804 9464
869 3392
7629 4135
2856 3008
3661 8131
7744 2395
2738 8614
4851 6649
2819 3126
8653 671
9098 563
9070 4931
5031 8687
426 9588
2747 8326
9291 7724
5476 5546
6107 8796
1962 822
8185 4366
1378 7941
8149 1703
5077 4494
5231 2682
2393 6643
8450 2570
2768 6520
3878 5109
9831 656
4168 2404
2358 1926
8954 9428
6487 4479
9422 3080
9795 1376
5927 8986
6925 8088
2998 7921
7867 2340
1700 9281
2562 8522
9656 1971
6237 517
8317 8992
3742 2188
3845 3067
1216 5704
8635 1919
9973 9757
5959 4710
3280 7984
9125 1554
9316 4532
1100 1557
1778 1243
8001 4033
2710 7639
4425 9011
6923 7611
2936 977
6535 6748
4166 4586
93 2342
34 7397
6507 8864
2703 7599
499 3784
5409 6902
1365 5396
2449 9934
6506 5229
6530 9787
7428 4521
8147 4208
927 5170
4005 6331
7561 7494
1453 4462
7404 9762
1642 5115
2225 7193
8328 3465
1202 4062
8824 6298
9605 6863
4335 4930
6859 2499
1224 2131
5176 3294
6707 5111
6790 450
9229 1099
2909 4792
4960 1949
2064 270
4335 1897
9557 6822
9999 1505
4300 9258
6100 2632
1993 7974
3765 54
8379 6786
7842 8833
2147 1244
7876 7663
8056 6318
895 9395
6993 405
275 3271
1987 962
3141 6239
1078 1151
5291 7539
7373 4009
8233 8839
2068 9437
5194 1190
9822 7628
204 1526
119 9524
7366 6221
8548 7130
1767 5510
7447 4897
6425 1991
9291 4959
1137 2862
4218 9956
194 4221
6305 6770
4772 4880
6668 4378
2999 9165
6325 7422
8013 555
2593 2061
7321 5697
5860 9537
5113 8556
3714 2694
4211 3500
3920 2570
3018 3930
9241 7474
2028 9607
7229 9491
3793 3926
4921 8736
3166 3801
6476 1525
4198 5143
9275 3271
2239 6794
49 6849
4223 6893
6779 8881
3651 3469
7978 6761
3007 6373
8821 8204
1228 290
5772 6283
3628 2519
9392 823
1660 7117
8707 7136
4352 1796
890 4432
2106 8335
9498 1249
1390 2503
2446 4993
7296 3142
5207 9665
8791 3050
3305 9598
3990 4039
4430 9973
6345 1607
1754 686
7385 9980
7029 8655
3584 5980
5845 503
8501 6105
3828 2176
9338 9231
9457 4981
6212 5400
9990 5444
9148 6855
7030 8476
3229 4476
1085 712
3108 6401
6615 2757
8327 448
1572 4213
5426 4841
9887 4161
2253 410
329 5280
3221 801
6796 8430
7414 895
8284 6413
9034 5413
6830 1598
6637 7619
4490 4338
6353 1444
9090 8728
6239 376
8009 7871
1340 7246
8785 1676
251 2364
7647 315
1280 9824
3393 7859
4857 8454
7431 4632
4388 6663
369 1272
6098 7691
1423 2935
3575 6560
242 4880
3573 3481
1202 6908
6902 8425
7744 598
2702 744
9391 9191
4871 6258
5657 6413
3195 4060
4158 3353
228 3669
8946 5542
8349 1122
8720 5761
4701 370
9126 4197
6323 7967
478 7981
2030 3505
4516 4754
4030 1074
5107 4441
1373 2417
5038 140
7940 9181
7350 1768
5160 1823
6481 5520
9591 8848
9330 4377
9563 6800
1175 5061
3731 7049
3669 6171
369 6883
7215 2482
398 5369
8462 8704
6965 2307
6030 7691
5350 7932
8609 4967
1725 1714
3717 8090
4185 3994
8112 7544
6401 6291
3862 2028
5895 8405
5176 2302
6731 8677
6146 5772
9382 7519
8439 8878
5853 8179
8713 1533
6908 1399
7441 4114
4268 6099
3836 4190
7652 2082
8493 2698
6471 4027
5793 5095
9905 97
8155 6086
8367 4279
2179 3173
5659 7532
9202 4326
3477 5196
6278 7769
1321 4081
6178 3401
4781 1372
5126 1784
9355 8705
1115 3424
9080 364
7178 8965
9826 4126
4470 167
9418 6021
6992 3325
4910 439
1756 222
6016 2292
3352 6598
5993 588
7354 3714
9071 1749
9033 5429
7911 8735
9752 2110
8353 3418
3929 8861
4392 3667
264 8132
5336 5916
6640 7754
4985 4935
6423 9971
3405 7363
418 1402
7567 1728
528 5734
6877 527
7845 7334
7907 1796
7031 4377
1721 4523
9873 6951
6815 9448
2089 223
1247 8050
4982 850
8614 9767
8425 446
2147 2830
6963 7067
9669 5616
803 1593
7275 923
7547 3331
6922 3279
9642 760
9327 5852
1362 8912
2475 5520
5047 1625
8140 7982
1435 6946
139 9133
7906 1170
5988 9238
3242 4874
558 3640
4926 6933
3248 8072
8656 5805
9458 77
2902 7435
9225 8177
7262 287
4359 3853
3172 2600
9207 6093
437 8194
9587 6314
8271 2207
836 6213
7773 8346
7716 7812
715 8138
4913 2160
9364 792
3163 1733
8483 3783
2068 9868
6591 4404
400 6033
3972 3565
7143 4917
7647 6894
8175 2095
4837 6487
7765 3917
6762 5225
1665 5664
9631 5458
7382 4152
3816 9818
6110 317
4362 717
8438 226
9752 6916
3439 7616
6414 7144
1619 2286
597 5042
6357 4358
9497 6397
9466 7084
8967 3199
5360 8864
881 8184
2779 2093
1251 6963
4171 368
2896 9848
2026 9211
1377 8765
9302 8558
468 9708
7502 2352
81 6064
7121 9076
2768 1153
5502 1750
8929 3065
3442 6759
8801 1567
8549 6227
4757 61
1011 9354
9416 5812
5035 6421
4376 7539
4193 7832
8259 237
3128 1846
9974 8025
1636 6373
4934 8998
2742 1810
8476 2157
718 2312
5337 2972
4143 548
5602 4209
748 4406
7475 9173
839 3770
9904 9134
7289 3533
4355 8540
6874 847
2827 6994
7470 5796
397 392
3392 9624
4127 2674
8860 7408
1924 8129
7306 4641
9546 3949
6163 9322
587 3899
7903 2645
9045 6407
8331 648
8649 6407
3348 2155
5409 4918
7463 8008
9447 1691
8803 3841
1554 6317
7764 2486
6372 47
9882 865
9324 9205
1043 917
3785 6293
7235 2896
9912 2959
1233 5178
5235 1540
4799 8557
5673 5149
7106 3425
8876 4504
3566 4650
4342 4117
2276 1764
3967 4994
9505 7681
1847 3536
4106 7812
7915 9421
5169 6555
3651 9861
850 1626
7197 6926
2837 7658
3303 8397
1686 1898
1495 4582
438 9037
1467 6698
8342 1537
9331 9221
98 9346
9892 398
5196 9475
399 6076
6495 1177
8900 3750
1270 8786
8247 1650
3983 9260
8708 547
9700 6994
7083 6982
8610 9057
143 8715
8388 3760
1662 9017
5094 8424
6961 3020
9965 5198
1288 4080
9531 2462
9167 6881
1225 2977
4679 6115
8062 1496
668 7755
9248 8940
8030 1958
1772 6529
4821 2034
4270 5129
6252 237
5730 7480
8433 6512
5127 9661
6711 936
1984 7324
9231 7431
7651 5695
3946 8573
1699 7340
5023 5524
5432 3477
945 2936
734 8351
1386 6062
4769 689
7506 5721
2435 7381
916 1417
4059 9389
7538 4478
886 9122
4021 237
9439 2068
5767 3174
5263 5361
8530 8673
9810 6707
7224 6008
4275 1285
2680 4179
3624 6428
436 965
3519 2470
2082 6704
1192 9579
4766 1522
9427 3936
3238 6392
9967 7822
4012 5786
6992 3406
4665 7105
8340 5516
2884 5113
6197 8770
712 9881
146 7026
2388 745
9146 7077
8546 9556
6961 7476
49 7093
1601 6781
3944 1306
790 7505
743 8413
3376 1788
5815 9607
4253 2815
1670 1633
7086 3391
5269 8158
8225 1220
6588 8776
2662 6582
5590 4012
2625 284
4218 2979
281 6288
6860 3987
7324 2401
8988 3084
6408 5583
649 1207
2930 7686
8307 3100
6474 7334
650 4061
4633 1127
9824 323
5037 5906
5777 5716
9861 2834
9080 3023
2051 3553
3142 2846
950 1320
6472 9890
9671 2710
5433 5125
8184 1165
3160 9087
2079 8984
6152 1806
3313 3667
6081 9510
2944 7742
1165 2413
1581 1537
5368 943
3848 4176
5393 9109
5303 6183
8195 1704
5948 471
1383 4935
3623 4997
1653 2352
8631 4486
9431 9265
1191 8148
4388 6557
9835 2710
7065 204
2431 8281
8647 8402
3640 5351
288 5873
6625 9731
4830 3869
4236 9546
7722 1642
4950 8889
3104 8000
6528 9798
5533 4551
3265 8857
5851 3140
4688 6445
4879 3761
4230 5567
9079 862
8671 3511
584 5642
1047 448
5367 317
960 1203
5034 4049
2145 6547
9545 3486
1324 2419
8641 8183
8225 2643
5644 2288
7488 1596
6891 3592
1098 386
4000 9427
3555 2395
5172 3232
7573 7561
6580 3141
3813 6568
1382 2774
9129 3958
478 1809
8726 6951
7785 9137
4617 5050
102 2461
1208 4314
9176 771
3233 250
1278 5807
8709 8475
5474 3166
4287 1913
1093 3021
2860 419
8928 6304
710 3256
6708 7648
9072 3050
2477 654
9135 7536
5993 4670
2077 912
4320 4655
6832 2207
7430 7983
8514 8357
9063 2183
9888 9436
5797 1725
4332 4665
4963 1499
99 1008
9470 9862
5050 4127
2806 9581
793 2328
6610 4430
2892 2185
3528 5779
495 4391
3024 4556
3857 4557
8342 9189
6257 370
6666 4739
2299 5054
3028 4675
3584 426
222 260
2405 5450
9740 1994
9060 8651
6660 760
925 6604
5107 847
5126 5061
6000 1653
872 527
1085 7990
8854 854
4698 5523
4572 7104
7805 5170
4027 2874
9295 3980
1384 1641
9849 5320
4133 4024
6464 3450
237 9586
7711 9672
5402 1145
1735 6005
9235 7312
6957 6766
3039 8597
6984 9343
6979 2583
8164 9425
1760 1339
5275 2501
262 8303
5895 7844
1320 286
2187 6287
7318 5432
4864 7104
5568 5005
7477 9626
1309 127
5112 9835
5599 9953
2607 8566
8283 4771
1557 9274
437 2827
8307 2913
7741 58
1837 5881
8222 331
7771 8568
1644 5486
1855 9870
2297 389
4853 8793
423 2370
3788 2053
8889 8903
4665 3080
5780 2013
573 2314
4499 4508
5393 8922
3280 4471
327 2258
9537 6845
9993 480
5791 2552
5455 351
6048 7281
2934 801
4603 1074
900 7031
5884 1962
1467 6324
6386 7276
3208 8917
7005 9011
2019 6837
6103 4709
3331 622
7025 4001
7190 2348
7028 3518
5464 6479
1236 9582
1432 7242
5007 2039
5869 7696
4969 5719
1392 1427
2352 3455
8957 3129
5562 6233
6093 5869
5240 3738
3345 7094
4527 8003
5561 6762
1729 9865
8756 8508
1731 4276
7829 1702
8797 2093
536 8043
1532 6318
4486 9133
3123 5180
3238 3440
5423 3795
3468 6346
5696 4893
164 9568
5424 233
6596 454
7941 3047
6139 8846
5167 8713
2987 9456
7469 9653
1282 2356
1965 134
7414 3530
2240 8475
557 2854
9428 805
7165 6209
3137 9400
6283 8975
4442 8430
9948 282
6935 270
1678 2706
6313 3899
3536 6638
666 6180
4850 7666
6777 2313
4349 9370
9265 225
2157 2182
5214 1712
1009 103
6709 1620
4090 4945
8880 3043
6452 5936
576 6637
9851 2951
3629 9431
9968 6919
2181 674
8712 1365
2082 6330
4196 7973
9669 9511
7336 2842
7532 502
6594 8621
5292 440
4980 5803
8146 1893
152 4215
6413 4079
4823 7317
9269 5605
4231 7405
2481 9230
8804 7720
3014 9693
9645 8336
299 478
4655 8672
5465 7723
7244 6636
927 9846
2474 9190
7390 45
6653 6168
7090 6169
2288 6556
4812 4125
9817 6349
820 9225
8943 3341
7826 2827
6962 507
6826 7816
7020 4649
9466 8751
3929 8918
7358 4644
4762 2503
1439 8681
8636 5261
723 2095
1494 1972
4649 9207
1500 9334
1027 3260
8308 9367
8186 1268
8093 1077
8569 7422
4073 9047
4603 5075
3851 3750
3670 706
898 3789
3609 7600
8425 6919
8650 3065
4293 9730
8581 7432
2581 6377
2349 392
2476 1665
8981 1889
8647 2767
5068 4064
6404 8823
6275 5969
6213 5091
8140 4656
8544 4517
180 8060
7042 8356
3375 1138
6174 2884
5355 5999
7636 6062
7908 4306
4594 1148
7448 6765
3991 8991
1928 3903
1721 6808
5040 3894
6356 831
568 4385
28 499
2933 6805
371 7254
8347 1320
9111 6442
4639 6933
2521 1384
7846 3778
8720 370
705 9759
963 1881
9987 7244
28 7265
3724 137
9727 5627
8087 3086
6002 683
5336 630
9515 1018
4341 5963
1142 311
6778 123
8918 6397
9976 5550
3247 4120
8389 391
9755 3861
5992 2597
1073 1645
7327 3748
7950 2973
6976 2767
5494 8736
2213 2328
1435 6198
6287 5174
1223 8005
8250 6648
7448 5960
3052 7035
6705 1715
9466 7141
4526 5312
3955 2113
1281 5731
7437 7299
2153 5660
4424 5035
3555 2371
466 9719
278 9668
6376 1432
2618 512
2549 9043
2482 7821
1364 4453
4629 4686
1334 5742
9610 6516
401 7789
5747 8054
8930 341
8305 289
2663 2914
863 3124
8120 4673
9419 6921
7017 8783
6502 6617
6803 3347
8379 1931
383 3426
4490 2248
9321 2599
6246 5873
6611 144
4312 9301
1788 3818
3839 975
7445 3753
8875 2512
485 670
3840 3829
4645 8952
7549 8240
794 1425
1917 5137
6418 3886
4993 9635
7758 5381
6598 2541
7594 4226
8960 7696
6071 3024
2704 2514
7442 6838
3077 7226
214 7939
4230 3233
1595 6025
9902 2702
4050 7961
1190 8191
2902 5882
8628 8620
624 3084
7346 3343
8810 8102
7432 3117
6773 4235
8917 1583
7743 6951
1466 7308
7930 6777
7094 89
4432 334
4373 3137
763 5121
927 3243
5464 8065
4256 1771
2501 7416
6269 356
5518 8301
762 2617
1259 3423
8623 705
7098 9256
6301 8158
9500 978
5297 9241
586 8992
6720 413
25 819
1329 6821
6876 7342
1220 6097
8118 1886
7306 510
7001 6290
7000 6065
9949 4372
4073 5827
3753 5657
8587 8191
2629 2474
6431 9328
6345 8056
5436 8245
5209 9020
2694 6252
4528 9790
6711 8564
3463 3050
4840 3646
5523 7840
2708 7089
2250 6211
7477 5064
2284 5041
1620 5815
3707 2629
1970 7325
1471 9856
906 9855
4354 9795
7779 8031
1981 3727
7810 7344
6690 3149
4639 6746
1180 5893
865 6821
2638 5919
4434 1803
4437 5484
8637 7503
4533 5946
5894 1902
2067 6103
9627 5209
2068 6705
7269 6589
8389 204
2284 7269
9942 9916
7005 7482
4310 6813
9754 3449
5387 3010
8940 492
9256 9588
2587 8209
157 1607
8592 7329
8926 35
9703 9526
723 3681
6568 1415
7191 640
4825 8575
3949 4740
5563 1896
3419 7958
7177 2462
2516 6464
1550 3867
3984 762
2141 4308
4157 8826
6495 9423
6056 6343
949 6094
952 5611
9321 2412
9909 9752
3161 4108
3410 4812
5927 6872
1125 7259
1968 8702
719 155
1974 5484
8075 7345
8318 687
296 7377
563 5277
2311 2625
3178 4462
7130 5625
4392 7538
9148 390
4956 3150
6167 9715
4018 4853
4147 1291
630 3466
1212 438
4171 5849
1123 6782
8058 5836
7459 589
2600 4606
9389 3835
280 2306
4189 9811
550 3887
2296 6824
8330 1047
3352 2898
6523 86
4664 9515
2534 9621
2376 1865
2633 7348
4033 9648
7693 7027
4331 2697
974 6285
4489 9699
9000 9136
1125 6454
8110 5595
6453 5359
6042 163
5799 6821
6671 6750
780 2255
7 6469
3421 409
1879 1409
7407 9824
752 207
9683 9543
7622 5282
6605 2720
870 8564
6 6244
5419 4321
808 1270
8970 976
811 4951
1952 5859
7936 719
4978 414
6187 9562
9172 1110
6744 4003
8674 9501
3941 5521
2335 2564
4852 4624
4341 6394
2228 8359
6984 1211
8520 366
1608 8651
8821 3512
1538 742
6799 1431
4376 2416
9508 3661
9537 9317
7491 6088
1787 665
5338 8654
2867 7713
5171 3064
6022 4368
7450 2300
7096 1802
7037 6857
3205 7708
5605 9183
5111 8648
4676 2304
947 7040
4736 3109
7564 7505
4042 5172
4761 4105
3488 1580
8744 1171
9525 982
4172 3710
5514 6786
3118 5430
18 2820
3698 1575
401 1804
4566 4768
6211 483
7900 2886
5288 8136
395 1989
1484 6871
6052 6088
585 7748
1552 4531
8207 7732
5342 1202
5656 9471
7175 9019
6430 2449
224 3046
3871 5825
1223 4248
1070 1754
2501 5619
507 2580
6942 3563
1312 7703
1595 9489
129 8821
9711 182
5767 3044
7381 3610
9554 2450
6006 3060
286 4274
6325 4503
9778 4787
5566 8423
7118 1695
1581 1862
1269 7225
613 5608
9773 7826
2149 4763
3381 5035
5435 211
4153 1350
121 8529
6430 4677
3060 9531
1258 6662
4222 6755
7799 8795
5795 904
2336 6467
4059 8454
1879 8443
881 3679
3059 6273
5478 8552
5178 8260
2828 3896
1243 8232
6871 1013
2715 5682
1249 5014
8493 2194
9860 8518
7556 4499
2635 2720
1986 8690
7528 2451
5692 3004
9665 5798
1356 8294
2161 585
8384 4129
4968 6356
6212 8897
4030 8059
7418 7948
9844 4228
6358 1552
3655 268
881 2524
7393 9581
1409 2643
915 1354
2193 9141
1500 2007
9880 9520
3810 7726
5838 9595
1881 5082
3190 8018
5336 2029
260 7509
9594 7436
8003 1404
6987 1696
9375 8072
9000 2533
9898 7847
2995 4544
844 6025
3805 5847
5145 8096
7038 1661
6790 4565
7654 469
4362 5206
9656 5281
3513 9610
2145 6067
9645 204
1962 6360
3328 3414
5126 6541
9275 4808
9134 4603
2447 2618
6776 321
3815 499
9102 5819
4307 207
984 5631
9327 8381
5844 9386
7448 5854
305 9480
4213 545
3469 9661
7574 1240
2291 8871
2748 6114
5802 6881
9721 7904
9649 6338
4143 1654
2118 3466
2896 3733
7882 5907
2770 4560
2398 9118
5163 5618
7902 6559
6027 1522
5844 8231
1184 3009
8983 6635
8520 8823
2642 8697
586 4780
684 1905
9734 8489
4543 9293
3514 9380
9760 3294
7650 2524
9195 1041
521 3604
3776 9565
7451 8730
6357 3504
4779 2595
9844 9034
7351 5116
8890 3788
2596 2286
1973 3061
2307 2183
6797 743
3374 1799
1316 4225
3124 1624
627 6632
1907 8076
5789 4336
7161 4588
874 4257
6661 3484
7862 2191
9579 226
2390 7671
143 22
8243 5266
6381 4598
426 8978
3635 234
3881 3673
4873 3704
9195 6652
6236 1241
1227 3779
6619 7395
180 2506
194 6376
5560 8017
9504 1745
6479 3628
3101 2929
6924 4244
5145 5331
7172 2094
9870 3034
6590 5122
6870 7391
9436 6714
821 58
8283 4291
8169 7387
8410 6318
3988 6172
4119 2683
4141 6414
9841 7931
476 2275
1291 8086
4426 9781
2564 8359
8903 3218
312 7536
4862 3895
2995 2129
3267 373
6298 8104
5447 384
161 4334
6756 2566
2704 8369
3077 249
6127 9942
9432 9574
1212 9863
9450 3737
776 6300
4940 1492
2977 18
301 2809
4714 5121
118 8020
1422 9858
540 2825
5431 1729
238 1706
207 141
6487 4219
3218 80
8192 739
3498 2349
242 8995
8128 3198
822 5140
4091 2863
9693 3091
4958 8864
1014 5310
5181 4183
4307 1175
2810 1194
7453 7166
7885 2659
6644 4553
9717 5370
8401 1263
7074 4137
9283 1880
1067 5321
5377 338
1744 4782
9110 2891
2143 2801
2237 1682
7151 2290
6464 7776
337 4694
3570 2760
3606 2417
6182 2428
1620 6409
173 9955
8423 5344
8366 2558
5026 6123
2267 7159
9860 4493
2561 6882
572 23
5928 1730
5021 9162
9761 1481
5050 7648
17 5628
1921 9905
1997 8237
6926 3461
7232 6951
1186 5551
8748 566
4176 3859
4305 297
9186 4175
9062 2419
7749 2747
7571 9800
9748 3878
2502 5871
659 9417
4916 5554
1120 8314
1366 1173
7317 5719
5383 9901
1247 3171
4041 4573
3826 447
9058 1896
5097 647
1516 1117
3233 3316
3732 785
6834 5750
4939 2690
1541 2867
5648 1689
647 8252
8610 4365
4778 7468
9580 7835
8952 1850
3623 9136
6897 7203
2348 5030
233 6168
6826 8491
5618 6361
6826 2075
5370 2095
6576 7562
4494 4676
1094 1774
3494 3249
4425 375
3372 2320
3745 616
7941 5145
7755 1757
6504 9379
7096 7039
7421 2635
7981 7927
3680 3604
5641 4251
9842 8370
9689 1712
654 8268
845 5584
8277 7696
651 7970
4626 257
4264 5503
5961 2162
4661 9111
4477 134
6115 6012
860 5111
6001 4944
7109 454
7179 8363
6026 5940
4503 8902
4475 6854
2412 8182
5590 9924
2063 831
8157 5685
1720 3875
2310 7124
8284 542
4581 6499
5954 4724
8127 2810
7478 8780
5644 3744
1960 329
4084 9076
6035 9035
4628 3312
1090 6862
567 4835
7807 4525
8001 1358
9138 8940
5160 6556
6438 7173
5385 2702
963 2556
1336 7268
684 3141
825 1868
8455 8883
4785 3646
5222 4401
3567 7244
6034 115
2644 3563
1137 7058
8265 8005
9320 1225
6801 1748
6463 5890
4933 7681
4126 1731
7670 7795
9377 5142
5514 6680
3191 699
3972 1264
6823 3200
6640 9909
981 2731
5950 9462
666 1407
1810 5996
7694 2904
9466 7816
101 6324
6670 9751
2802 6781
7622 1338
1434 6648
5828 5500
4923 2425
251 8520
5724 4396
5758 9642
3454 7875
596 9686
283 4271
9113 6385
716 7536
3758 2624
31 1017
1053 513
2696 5981
3508 1695
8155 4403
1918 3435
9543 9352
2454 9831
4293 8795
1613 2799
3251 4513
4780 8913
6559 7826
7751 9423
9508 6133
9955 7576
447 1642
1453 4015
7270 6117
9476 933
9446 2222
2782 6105
9814 174
3905 5653
9538 5194
2218 8958
3643 7373
4393 2209
3467 9591
5337 3704
6799 7636
7721 6928
6477 5141
3641 3513
1863 8208
6598 183
6381 1646
5665 6394
7368 6251
1361 4025
4444 8940
5843 8386
593 7829
5406 1215
304 1310
4851 6820
641 4867
5868 9382
3752 1250
3199 9934
6921 1775
9067 2202
5186 9550
5647 7693
3786 9879
9103 1078
8519 8197
4121 6193
4123 604
454 5391
9592 7658
4901 6533
7389 4445
9088 6812
6507 6457
3124 1250
7470 8756
5608 8088
7850 1807
7413 1806
7354 4609
5358 7159
3894 902
6602 2530
9802 8784
1144 7716
6042 7791
3604 9996
4571 6779
1701 6321
5185 1754
6773 4105
9708 2706
1311 9519
217 5047
2628 295
29 4996
3849 378
9425 5801
6118 5342
8494 2259
617 5166
395 7039
8084 4081
8421 6884
3013 9905
5339 8987
4954 2760
5580 5666
605 7034
2976 3607
2780 285
168 4781
6885 4696
3710 3602
5494 3613
3560 625
4644 999
6232 344
4368 5265
1567 1194
3802 158
2778 7005
3779 4870
9001 9795
844 6269
3088 1569
1690 4977
5601 6893
3612 34
9591 212
6229 46
2242 6244
9121 4235
688 2723
8587 7711
5264 6719
443 2892
9017 879
9397 346
3428 7272
560 3477
1546 5228
4658 5219
5126 369
7154 8654
2113 357
1304 2662
1985 5275
4323 5872
9858 4878
1181 3760
4541 7263
7617 7597
8642 8522
6964 3245
7790 9245
730 8210
4214 3643
667 7861
7381 1089
5648 3275
469 7122
1102 619
4340 3193
7912 725
5990 6
7791 9066
1380 6979
5762 9978
2395 2298
846 6291
7854 720
5008 4820
5383 533
4961 5728
6291 6535
3553 8448
3245 4131
7725 7665
1392 6989
5817 6652
1094 3360
6966 5169
5075 3763
8019 8142
3043 240
9144 2101
331 1122
1206 6984
893 2323
2729 1770
5846 8521
3573 6067
741 2683
4125 7334
1050 3438
978 1872
8801 2112
2639 8643
2161 5635
7431 1152
9325 6993
3444 7350
4246 8792
1006 3139
9812 695
3130 2464
7858 438
3253 7001
2216 3063
7766 7265
1598 4182
2804 3233
916 7760
7731 8210
1310 6933
1401 6297
3966 6119
6007 2588
5165 4753
7880 1136
2522 3520
8124 1496
1183 1873
9873 8114
8056 2301
2946 2535
8904 1836
8467 1835
2295 1262
2587 5046
6690 8630
6150 5498
6215 3641
1390 8740
4289 7684
4630 1561
3446 3989
5342 3487
3845 3506
488 3684
8112 331
7277 2913
264 1724
5437 5976
521 9459
1660 7288
2107 8731
1140 4778
9378 2816
9870 3278
6265 9770
7235 408
8718 4463
7940 7579
3590 9753
6200 2178
2396 913
3547 257
7822 2605
5045 5344
616 1775
1159 9342
1224 4075
7377 6126
3509 6566
2676 6565
4166 5375
5984 9878
1242 8064
2419 8629
4170 6248
6095 4232
5319 4765
7934 3950
7053 6187
9890 8417
8769 3997
864 5610
5460 459
3087 807
2006 7120
5870 8436
4893 4549
6059 4925
7914 4422
3688 8352
3184 4123
4899 7747
6174 9601
4550 1177
8688 1564
7998 1117
1776 7597
7729 2390
8656 9196
504 3762
8945 2883
8002 7652
7252 9406
9812 2468
6603 2544
9305 4357
3243 8086
6502 957
8253 8402
3640 5278
5226 3796
6380 9827
5532 8040
4847 7183
7999 4321
2741 3903
3883 7665
2861 4759
1521 258
5466 3256
1859 6669
3815 6972
3202 8435
4439 9051
3135 797
6151 326
8986 1729
1040 9003
5988 8441
2560 9907
9659 3700
8904 2104
8200 522
8728 158
8170 5492
7542 1759
231 7521
5993 5752
3399 1028
7049 1826
3675 6561
6486 9068
9093 1976
6541 7277
4958 5270
5735 8345
7595 2524
8801 1575
2923 7865
8747 4722
2797 9446
4237 8893
7840 5738
5815 3386
5636 1169
3879 325
7029 7216
8617 8813
8777 400
1237 6110
5435 7302
4125 7147
949 3199
1113 7737
1972 3297
3193 9796
6364 6984
2446 2399
5429 5952
5460 5265
4252 9551
1408 3898
174 2799
5207 655
2779 7712
1758 7660
2133 7537
5643 7601
5175 6035
2214 6213
541 1280
8661 1514
2517 2989
1371 1737
5447 1246
92 3147
9087 3608
7722 9408
2433 7425
9121 2438
745 1460
1462 6736
7904 2474
8869 4846
8127 4209
842 4776
7471 2592
4231 7519
1117 1039
3575 8154
2259 4801
483 9569
6844 215
8642 3342
7331 5995
7021 5015
8953 7176
6057 5497
5902 8592
360 1999
1503 9369
7518 9204
6570 3803
1444 5756
4931 4870
664 1629
344 6377
3802 7005
629 9744
629 3328
2403 1897
1027 9790
6600 9280
6540 7694
9124 5314
7875 3183
748 926
5342 5528
2327 8853
9982 649
5847 6949
4901 1621
3070 2518
9135 2470
3078 6543
9642 3964
8212 9369
4139 9377
7434 9075
9911 5320
8070 5529
5205 6169
4838 4655
9688 9220
5206 9023
3680 1888
112 6727
195 2066
4809 8798
9441 6310
1843 2216
5234 8038
5991 3291
9845 4673
4728 2982
9268 905
1535 7698
5296 5883
2894 3581
6254 668
1395 521
8838 4704
994 177
6188 9470
3946 8581
1181 6419
1282 6471
8243 6746
4602 749
2950 857
4577 8798
6747 1705
8299 1393
5398 8038
1865 9680
2080 974
9296 2522
2875 5409
731 1645
5306 2033
4502 6934
4965 1740
8485 9662
796 6204
3093 384
6059 6966
6150 7084
3722 6971
7100 2008
3185 9772
2841 2792
1504 814
6261 7100
1975 399
3656 2941
4174 3870
5051 4897
9691 18
8029 1690
6821 5976
4400 3624
9184 7569
225 3355
5507 8331
7286 828
842 8427
8937 495
566 7031
998 2524
617 9248
1615 1934
4101 4681
9089 1266
2485 7452
6776 8835
2333 1396
7305 5392
7835 2174
3511 4815
9667 6383
9848 3011
7113 8605
4749 6787
3684 6463
8668 8564
3312 441
5153 986
9291 1373
385 4367
3803 7848
6040 1223
6089 8255
3971 9876
568 2539
6235 7326
161 8042
1028 7627
7193 613
8815 8210
630 6800
3020 7587
8880 6353
2557 6365
6509 3364
6349 6115
2963 637
438 3597
343 6743
6874 7434
152 759
2894 1971
1549 9177
4937 8312
7122 2251
8524 5378
6624 8390
5874 2974
8494 2503
8864 1282
2874 6607
3844 3661
6891 4755
9632 861
2808 2577
8081 4027
5087 8229
8578 4833
5992 4134
2439 6652
2002 3645
3122 3676
5680 2327
1540 5277
7507 3940
4706 2121
4670 212
9659 8319
6085 9960
3952 4133
5134 5042
1190 7150
6042 464
7573 5691
4760 2357
2306 8193
8307 5686
967 2382
2620 9292
1559 42
2118 1726
1213 5821
5351 6208
8738 8124
2986 7171
190 2690
8872 4906
3333 7629
3256 5719
7337 5572
4596 7214
1929 1423
2827 9743
386 5261
2856 8229
5273 6675
856 6873
2172 4564
1668 6751
1632 678
730 8454
47 9178
6019 8185
7304 6563
3865 3733
5585 5449
4991 546
2902 7069
2594 6916
4241 48
4961 2589
9992 3782
43 8655
2350 9939
6823 6640
5727 4751
1465 1854
7351 6759
8911 6308
2332 2193
2994 592
8247 666
6194 6846
1521 2917
7005 8751
2490 6162
9152 6370
640 8537
2290 5350
203 2120
172 555
4013 6583
3163 8133
4290 2919
1924 274
7582 7981
2198 9144
2069 6290
1849 4826
5436 1138
7043 1287
9011 2351
8644 7253
1155 473
4740 8790
230 6545
1873 6351
1033 8589
9815 1587
788 8758
413 2465
6509 3982
946 9344
595 8363
6194 2658
8996 8085
3265 839
2122 6274
7817 6693
2769 3641
520 6499
5542 4166
6783 20
4508 3155
5010 4305
5951 2119
8368 1319
708 2763
2638 8261
4071 121
2885 8138
5963 9299
6429 1370
3509 1549
6365 3829
6461 4291
1380 5263
9762 7187
9750 4918
2568 9370
5278 5409
1635 9165
3445 3227
6917 7725
5611 5060
263 8132
4890 5300
5454 7328
9936 5273
6266 36
6579 5451
1655 4155
4392 4269
7406 7889
4918 3561
4145 7775
599 5048
3266 259
4272 3386
60 4016
810 5268
2214 2806
4614 117
1087 1604
7220 7884
4064 5342
3852 7149
3785 5927
4294 8248
7346 9686
7496 585
8554 3148
8050 1925
5995 7278
2954 9382
8726 7577
9412 4872
7164 4168
8072 6006
3626 5466
138 8379
3966 7786
315 7517
9625 2886
7818 1925
6732 7140
290 9150
9908 8836
3081 6871
9722 6202
4363 4978
8163 2337
7822 2044
5709 4009
7533 1941
1841 5203
4069 7914
7030 1320
6415 8372
4722 9233
3736 5230
5407 2920
7500 9348
967 5578
900 4356
2180 1636
8713 3908
1865 312
3381 343
497 3185
7496 6196
2603 4213
1742 7826
3700 8956
7458 3460
5875 1453
2847 409
7714 5335
1210 2303
3469 6579
9955 1835
3628 4357
4311 7797
2783 6251
6733 7341
5308 8926
1041 3433
2156 3120
6493 7100
7173 443
8852 2158
4014 636
9311 6644
2432 8653
9994 3668
2929 3043
1695 1944
2278 8186
2612 892
7998 3939
7991 2768
5105 8193
8534 3919
4673 2120
3181 6647
841 9387
4640 6144
6527 8562
2146 8417
4949 483
5381 894
2459 246
5657 5673
9399 6060
6434 8748
1052 6574
7711 849
11 5146
5336 370
8543 3631
1920 9767
8880 18
6545 3102
8260 310
2035 857
4500 9897
6093 5422
355 8339
6052 3169
1000 2627
7011 7978
8728 6013
4148 2275
9822 4823
9495 8400
3829 6467
1411 7796
5392 7445
7231 7163
473 831
8092 8431
3863 2264
5755 5026
438 7411
1833 9367
1305 580
3453 1053
6927 2214
609 1816
6741 2990
7773 7338
5715 9010
7215 8508
300 4444
665 2879
6242 4740
4311 6187
9562 5434
2005 3593
570 9408
3158 3764
1980 5980
8687 9371
7627 2975
5770 9067
1873 5359
6391 5213
9371 5085
9350 4962
5671 8307
8242 1558
9114 7903
1459 9691
1154 9055
7508 4946
1837 9085
1770 7109
3076 4112
3177 4164
4698 4539
5289 9144
2211 1567
3645 9867
9800 2165
7442 9961
670 5451
8638 1908
8085 9838
7177 1584
2915 5857
2794 1366
2673 9707
6889 5089
4688 4201
4220 9051
7854 1045
3411 6438
5560 4130
1888 5236
9885 6595
1361 6473
9343 6800
9969 9706
8572 507
3097 2306
7851 747
1287 1074
1326 7418
4874 392
287 1899
7269 1523
2713 4595
4213 4847
3248 8137
4303 1357
6417 2246
3870 7891
6265 2606
1940 5776
9397 9665
782 3009
5202 2328
4426 2861
5510 229
4615 5012
6535 3406
3928 1830
774 8783
6128 8909
3112 2964
405 6442
2107 3445
2865 8722
6212 1440
2328 8517
3393 1671
2708 7984
6062 7508
6843 8073
7948 7072
4006 3591
4477 5428
7949 9926
3190 561
8668 9613
6431 9068
5435 5131
4373 2072
849 9492
696 2834
6045 9032
3285 7214
3961 9483
3006 1383
6829 446
7329 7185
4588 3165
9285 5236
5918 562
3275 3493
6265 1801
6292 5876
7976 7935
4265 1199
8196 3737
32 3204
7687 1416
2275 531
7712 3166
618 3301
6946 8551
8111 431
9524 7854
274 458
5812 9561
2764 4078
5181 8940
4128 4469
8336 5595
9513 6160
4752 132
8601 416
7637 7314
515 9565
6510 450
7354 4747
5117 1950
8666 9112
6132 4439
590 4262
6973 5055
1006 6392
8039 8233
2347 5079
1499 3292
8818 5719
7186 3069
6287 8110
2674 4161
334 2737
1562 3991
1374 4694
2396 1938
4880 8022
9668 6047
5435 6554
4411 6231
9237 6992
8637 3055
4467 3130
7134 2505
9451 4477
165 8004
7644 7680
8511 9517
4215 6292
879 177
7324 1848
3256 7118
2385 3627
948 7861
3219 7236
2033 8837
256 4335
3905 4531
5577 9239
9147 3692
3833 5594
8059 1664
3170 9222
9017 1367
904 2277
6124 6375
3727 8581
9014 7485
9862 2856
8991 5781
4972 390
3332 5019
8246 4873
2456 7600
2630 2303
1026 6589
923 5710
7929 3476
3390 1991
7898 1911
833 6948
1453 1738
6678 6180
3938 5768
22 1256
9315 1182
7202 3147
4657 2449
6964 3733
1695 5408
3751 7073
6326 9111
5178 7032
109 9519
6422 2403
5013 2269
790 9880
6141 7079
6330 3568
1476 7175
6703 8280
7011 6181
9530 5658
9874 3216
6632 9568
1616 2267
6323 5780
2928 8884
4981 452
1335 6943
4692 349
6500 4164
2799 4532
4514 1740
1451 8057
7490 8286
7211 8871
8061 5069
6242 2593
20 9073
3907 15
2974 6226
6869 9107
8333 6696
6213 1074
6431 8881
1414 5142
8174 5885
286 4469
3594 1366
1161 3915
3310 1607
6885 9990
3287 7073
9774 1830
8655 4653
8808 5649
1285 9054
4117 6776
6445 6685
6039 1833
347 4341
3489 791
405 8483
3865 9938
3206 4640
1425 9064
3460 5688
2990 8957
4487 8938
4881 8865
3771 3106
5686 7572
2831 8146
4782 1689
1614 8182
3810 2310
4188 7366
8954 906
4005 8413
824 4121
1642 7197
6368 4344
2696 8860
2758 3322
3785 7326
7023 5736
7978 7420
6452 2537
1383 9188
8390 5644
6322 212
7171 9771
3064 4533
7670 70
6328 8328
9096 3591
2866 3794
4030 9759
7162 1357
4734 8414
6267 3888
3679 8778
4359 8537
8120 306
3579 5164
2622 6817
6786 2009
5755 1269
5727 9801
6911 957
6901 269
9087 9894
4574 7378
7781 4223
7497 4464
5946 7630
3854 4056
6999 6439
1865 1361
9459 8719
9886 1616
401 739
2440 545
762 8854
9146 271
149 3901
5746 3785
8726 7821
1324 3639
9982 4707
5799 6829
5114 6726
4584 3528
6867 4418
6832 7615
7163 804
9946 8433
2410 1053
2664 9271
7263 7801
6394 8143
1091 7982
5117 958
8348 5367
6199 4669
1937 2526
1777 4523
326 5641
3919 1798
6042 521
4355 4580
1301 1561
2111 7028
3668 1398
6787 1806
6976 4711
3490 2035
4548 1188
2739 3564
4716 8908
7868 1882
5468 4571
8303 5974
2076 7192
591 6474
4841 7856
5526 1543
8296 4803
796 3496
3158 8651
7528 2191
9830 3131
3187 7891
184 8567
9236 2392
9669 5657
3559 300
1733 1541
8600 2181
6394 3955
1533 6391
7675 1837
5801 6070
6787 651
9094 1935
8875 7489
8216 2191
6041 2524
440 5904
9583 8515
8370 6041
5228 3175
3803 3262
3735 8231
9174 359
5579 7539
8425 9131
9650 288
7069 7103
8801 5446
7185 7463
1268 1747
1426 9503
6180 1528
708 7008
8927 7248
7494 2556
7588 8607
3939 1995
705 294
9686 8239
7384 8053
8287 9547
7723 1103
6637 6318
6045 2242
8634 206
8875 3301
7921 4471
6947 4265
7917 7735
1661 1799
6451 651
35 3882
7381 3968
9707 9466
5354 789
7754 9434
3676 6846
6441 2592
4144 2750
2829 7913
8896 4528
8868 8896
7498 8690
153 5042
3415 1594
5254 558
2198 1630
458 8307
1275 8529
5155 3962
8857 7202
9323 6443
9672 935
448 4586
7483 9506
7139 9696
6117 6790
7700 1627
1607 3791
6526 4743
5119 7688
9267 3101
5841 4640
757 6095
4995 5932
3623 9063
1605 1466
1107 9103
7821 3085
3194 5917
5279 2658
3032 1425
9247 4354
8042 1741
4267 5378
1932 9216
4169 2591
9308 8013
9124 5452
2524 460
3864 1955
3272 4295
4086 7252
6637 8896
5236 9377
3452 2950
9814 9282
2746 8386
5664 5128
9616 9297
6254 1961
6231 7427
4600 8412
7054 324
5651 4142
6246 1319
8859 3841
674 9601
1801 3633
992 8190
2704 5881
4512 9696
9333 2943
9133 2131
8109 8978
4153 903
8361 9199
3251 9433
8258 6068
9202 7563
5408 6986
8548 2609
2306 1297
7820 5842
3181 7159
2222 7985
5336 8803
532 6111
9938 7604
7106 3466
6750 2141
7291 8881
970 2550
9311 4473
782 9669
5109 129
5103 8228
5382 1227
2954 8284
8714 9852
87 1681
6028 5539
5314 534
2795 1057
9796 731
8328 3400
5010 2752
8921 3914
4948 1874
4284 2648
18 7179
6310 1438
3197 8392
1478 9530
4253 4466
9848 7687
1627 6620
5092 8419
3600 2366
2905 821
5028 298
9792 3591
9973 2471
1158 4829
8415 2214
132 4433
1575 9813
6613 5761
6923 325
7415 787
6253 6946
9377 8452
9114 3154
3613 2978
7997 2640
7188 4945
684 8329
8404 4684
1623 3064
2925 8993
3859 5636
1249 379
4449 6633
7847 3046
5887 5253
5999 6248
9510 9920
6492 3148
3224 8279
8864 2575
7308 5397
4378 4888
5620 6602
9080 8057
7389 4827
3878 3784
1672 9722
2071 9239
4189 8372
9165 2688
7911 213
605 2155
1069 569
8482 9047
8969 9165
478 4265
6489 9616
5292 505
1377 8269
2153 8490
9474 7580
4918 4236
4916 8327
475 3967
8219 7132
4707 9651
499 2109
5638 361
7508 5808
5015 1136
2494 5750
2280 7484
6850 7528
4536 5073
1993 1038
5105 1029
9270 6245
7028 5356
1887 6277
5001 6341
7370 9257
3941 7115
3046 9646
5806 5048
854 2458
5528 9241
3410 4446
6591 6486
5772 9601
6377 7466
8289 1835
2134 9537
8168 3760
12 836
1844 9209
9227 3515
7890 4947
4552 5175
1002 4958
4310 9025
9620 9633
3560 1357
3494 9405
7007 9740
9774 7067
2592 4349
539 703
5270 8020
9871 3967
776 6308
6443 4679
1498 2506
2360 3999
9982 3983
2394 1331
1304 9810
8551 5753
5774 2076
6216 2421
5094 2317
2730 499
548 3825
1138 7074
5162 6393
2860 5453
3603 9698
9318 1724
8235 7210
3013 33
3536 2060
2698 961
9009 4352
8139 3715
6857 5608
1136 3968
4835 6937
146 9645
3811 952
2620 8625
8654 9264
3461 9241
825 2763
1651 8763
2466 8158
1408 2589
8469 9484
9716 2120
1810 125
2999 7840
7903 7760
6571 3120
838 6381
3355 2025
2262 407
9405 7304
8999 5862
6876 723
3359 2898
3579 7368
5379 742
2426 4945
8524 873
8433 755
3737 8708
8928 734
707 3831
4850 5316
4105 244
6526 2596
4876 121
3081 7091
1111 4446
4497 3508
1859 6783
8397 4481
6587 4003
8168 5183
2328 5541
4779 9987
1192 89
2698 9955
3653 5223
8508 8634
318 9132
1073 8476
2584 1747
8970 6221
2499 3329
5978 4834
7910 579
1191 4001
592 5170
6137 2612
1271 5458
7375 6836
282 7573
2555 3611
901 9308
7097 1607
4659 3812
550 8327
8805 8224
5169 8987
439 4524
7022 6159
1664 2127
6115 759
3281 2210
7171 9665
333 1095
959 4001
1520 2348
9502 2675
2790 2323
1386 2533
1064 38
4300 8201
4589 1888
8577 5714
4458 9541
8014 124
6166 9742
7169 9188
6921 9086
3215 4192
2998 6409
6942 3547
3485 5773
1215 3590
1337 8683
4523 7657
1593 7148
5010 7021
3978 2673
1951 4412
6073 4266
2047 4120
8872 6012
5978 996
4665 3576
4701 3233
8715 1110
1153 6095
9797 4821
4040 7688
1672 8380
151 1589
2635 9925
765 2980
8729 8363
4350 5635
6812 7988
3789 872
614 8446
9537 7341
1973 2077
8889 3333
2414 5203
4217 8674
7708 5278
7176 6171
9222 2984
3535 5836
483 234
7040 2146
6608 6653
2996 5558
4124 9614
2624 3700
6483 4672
4513 2027
5698 955
8817 8533
7468 8450
1833 1666
7003 6401
8844 6192
4202 1576
755 5244
6598 8567
8212 9133
9989 803
28 4915
2170 7852
2017 1194
8801 6495
9422 9057
9016 4205
7808 2075
5134 5693
8205 4929
5560 7033
4724 345
5847 7063
5271 514
8359 2363
4195 755
2104 35
7042 5201
5491 8367
5687 6027
6236 7023
3686 1817
8569 3112
9324 2456
4310 4650
6144 7434
4743 745
4146 2741
3184 4050
9868 1573
6418 5724
8498 7783
1179 3104
5521 7428
2896 1139
6230 5673
7966 7922
1619 3376
7974 6285
5049 1956
3211 5846
4983 1336
8147 3769
7379 7573
3694 2058
1892 7857
190 8602
1861 6292
1895 5122
1557 2094
275 3987
3964 7022
2257 3259
323 271
5971 8014
484 7544
4756 4713
7963 7974
8975 3776
4162 3974
5456 5124
7949 3380
5153 1905
8143 213
7955 7332
2972 8839
135 4357
1131 8294
7540 8056
3469 3229
1931 241
260 3305
5702 5530
4365 1300
2374 4194
347 1015
5646 2188
4675 5663
3543 4117
7534 7460
8869 8611
3728 3116
2212 3085
8507 8195
1900 7694
5575 6859
5795 9077
6473 1593
8625 9382
9052 5285
2603 6124
5223 5653
9201 2375
7129 177
2198 1874
9481 4644
5933 1090
203 8032
8088 9150
8233 5367
1693 426
5063 5371
9020 2714
8041 8580
3062 1161
4247 8003
8225 4725
8866 8663
8331 5121
8476 2092
7486 7769
1789 9933
9884 8417
4865 3851
909 9362
350 1262
4368 6428
3988 545
4402 5258
5455 8231
9901 2355
8846 7637
9 4352
4851 2640
2767 9507
1521 4641
2295 4035
3860 8846
6936 8426
8436 8678
9243 7458
4780 895
8680 9038
891 1212
3353 155
1794 2706
3626 5417
1148 2531
5465 4381
3911 8030
3192 9097
7426 9192
8612 1175
6710 9776
6802 2949
430 36
8233 4562
5399 6013
3723 2317
1295 5210
9354 7447
1362 16
8392 8756
766 2614
4898 5438
5488 6435
238 5878
9624 5995
9063 7648
6795 2128
5370 7877
8968 4378
7760 2248
2524 6315
2560 1808
2395 3461
1304 9086
8356 9449
538 9553
2535 9857
7637 3346
3296 2630
4517 9129
1465 2773
1625 776
4701 5274
2434 6772
5011 9637
1171 5709
618 1561
1299 4174
4046 9894
3076 762
7957 4640
1666 2655
2103 3410
5707 9525
291 2105
6801 8335
5557 6548
8265 8176
4564 2128
3411 6121
4407 8560
9758 5005
2282 1840
5554 6250
9374 1632
537 2511
5301 5804
9480 2028
8475 257
5137 485
3810 7523
5448 8483
7096 2217
8752 2228
2706 74
7936 9778
6943 4604
8586 246
8529 3876
1732 3251
1711 2374
7179 158
1234 9390
3006 7132
7059 9101
1634 3847
9005 2300
9385 1767
8948 1766
6458 1529
6482 6087
9252 2177
6335 9043
2321 3996
7240 4948
170 9641
7768 7319
7266 6169
5889 8202
8917 3584
4237 4900
983 5957
324 7075
1449 7450
4061 7118
9592 2218
1131 5074
8536 9527
3025 8663
5332 9947
4603 3156
1098 3436
6607 467
7094 7001
685 7239
1932 7045
7319 3147
2489 7902
2642 8144
3203 75
6969 5020
2141 4186
4223 656
5726 6087
5912 3059
1024 1420
6755 4502
3042 2601
1244 5890
3303 656
7959 2726
8678 2413
8487 2845
1456 7466
1351 2754
2510 9129
9024 6433
2484 7908
2441 4828
543 3749
5379 2946
3003 6029
6652 3219
3218 1487
6793 9116
6399 3527
2445 4947
4592 2566
447 7424
2288 799
5679 6621
3284 2484
8191 8337
161 4586
7850 8044
9914 3908
3744 4162
2770 9618
2030 5644
9222 6798
9614 9308
6264 77
1333 1774
8586 1669
9336 669
1438 9115
3081 4757
8993 3713
6069 6402
5131 8105
2724 3207
5879 6278
4640 4835
6562 3302
703 1728
835 3345
2082 9567
2577 9546
263 7091
7866 2861
858 2016
1942 2390
2005 6122
7881 3169
671 5573
4119 5513
541 9664
9249 6685
6673 258
448 805
5883 9029
9255 7631
6581 669
8193 7578
122 820
2245 297
4583 7310
8212 5376
1282 3633
5788 9142
2615 2459
2945 4091
5319 7351
9361 860
248 6759
3080 3727
7808 1701
3508 2484
2145 9865
6459 1618
9237 2487
987 682
3841 8551
6685 618
8944 4894
945 6872
2846 7468
3847 9497
5588 1510
9659 675
8291 542
7420 4221
4128 8958
9066 9960
1261 8017
4217 1079
5836 2743
2966 2285
7226 4355
3024 2263
3466 2608
3462 5872
9656 7924
1285 9542
4482 5699
9305 527
2627 2038
9189 9212
2207 3172
8000 716
2764 4029
2433 8588
2493 9393
4236 5643
4035 8393
8551 7420
462 6472
2320 3234
2051 5261
2641 6258
5442 4667
8166 4576
1447 3834
4065 284
8012 4109
1317 1509
1946 4686
3071 9225
829 8336
3377 6299
2405 2002
2441 8829
7637 1199
7855 9006
730 7576
1420 1607
4518 9836
2591 8773
3654 8270
1997 8034
1837 6621
4803 6787
4887 9144
7962 208
6451 521
6036 1245
6908 8344
2512 3003
9081 14
7279 5813
2556 2521
3323 4908
5627 259
2545 8024
5105 1086
8548 2934
9024 9279
2954 6731
5662 1943
6438 2164
9671 230
2613 22
3974 3148
5402 1080
4748 2542
3010 3630
8141 2021
3163 3872
927 6935
6521 886
4413 3195
25 9049
2438 3589
8890 15
4081 9811
2534 4051
7179 5932
9065 4742
4521 3667
7203 4074
9412 2571
4341 8395
7353 4018
5293 3365
5291 2538
7101 764
5473 2020
8473 7432
4881 4360
2088 6566
8714 4111
9177 6087
3516 3744
7124 1687
4877 454
2827 6905
688 6895
622 9281
9294 3639
9550 7766
3786 8708
4627 9324
8364 9367
1270 9502
2411 8158
5993 6378
4068 1224
8830 8608
8880 1555
360 7968
7447 6662
1406 5606
1165 2511
38 1309
8911 87
5831 3017
2818 3005
2964 2076
3552 9416
4333 9227
6549 8895
5821 1548
1841 1747
7441 6066
9373 5221
3741 8534
133 4929
9682 6730
2328 5248
3425 9991
120 3943
8143 107
7062 6420
7769 8002
3980 7769
2891 7805
3388 7857
6163 5045
2641 6876
9205 3543
9506 6689
51 8687
1365 5551
8953 2541
7400 2628
5533 8032
6829 3593
3468 6281
5066 9320
1570 5956
4366 7431
6262 7683
2752 6865
8533 7058
4591 3577
912 7676
9281 4477
3519 2836
2527 7686
9652 6864
4888 3571
7542 8346
4001 5963
9774 2131
4514 7302
873 7721
1442 7841
4675 5907
98 8102
8744 4245
2861 3775
9187 1782
8244 3141
5874 754
2952 6522
1863 2394
5629 923
6561 903
7652 196
3250 7118
1147 9771
2386 4798
1643 1307
3033 2919
8332 3338
9266 6397
4493 5270
4718 7832
4302 5702
9133 391
1636 9935
5707 1930
1383 9489
2467 3447
4189 1826
6369 1083
202 5018
7139 7151
3469 2668
7139 735
5174 4850
5761 2166
6982 3003
3052 9735
1011 6850
3745 1031
405 4596
6687 2331
1021 398
7603 8948
4766 4466
9986 8564
5817 2448
2709 9746
4634 7730
2120 9351
9892 1732
7213 5006
67 4951
647 7512
6681 8151
8935 3385
8026 4328
3420 1621
4561 277
8893 3913
3442 3100
4789 2356
7172 1972
7154 7028
4814 9768
5706 1304
2887 2289
8109 3050
10 7076
6126 9969
677 157
3748 9973
4443 5102
3194 2217
4878 4276
3376 8115
9415 9098
3087 8012
7600 4112
7816 2424
7946 8132
8063 8717
2024 1318
7601 3933
4645 2203
4201 7447
7444 3949
2807 6093
5098 8372
4418 8613
3394 9044
7661 5115
2054 379
8592 2995
2324 1960
8896 9822
928 533
8271 3354
2641 1078
3439 5030
4407 5421
6859 2922
9419 2400
3481 8639
8421 3298
9728 3155
8637 8780
7678 9606
6050 3692
6275 6254
9620 5315
6648 5304
2056 6467
344 2360
8191 742
9994 4213
7781 8980
6728 345
9558 7066
7220 53
3326 26
9057 3108
29 255
6388 654
2091 5872
1678 9675
3860 4097
6841 6823
4757 858
4822 6171
3728 945
7773 5305
7274 3672
6439 7008
1958 9665
900 4096
6283 9878
7310 6712
801 9752
6424 2189
9321 6722
8984 1667
2017 3829
3978 7886
1038 2525
9262 3109
8952 9299
7295 4899
6297 135
7413 2676
537 8366
158 5337
6474 1902
567 3290
9027 209
2280 4589
8694 4695
3525 2814
1209 3696
1455 7135
5699 8672
4735 9154
4663 7588
9023 6856
1237 9127
1178 7766
3998 1721
4753 7481
8058 7113
6052 2559
7048 834
6994 3981
2696 5591
736 8552
1605 4800
5498 4602
8755 810
7294 7656
8579 9444
298 1910
7887 8170
5079 2174
2537 8163
5988 7620
1380 9004
8128 8232
2097 7110
6789 8837
4239 4385
5729 3195
3860 5520
5515 1923
2342 4662
3703 7034
413 8434
1530 2532
2705 2270
336 108
6096 8092
1098 2875
4791 6029
2604 4847
799 4713
2115 2404
3450 145
301 272
2362 2281
1641 2521
8518 3849
4354 8657
276 1905
4725 4628
945 7921
9823 7043
8424 8351
4477 6778
8551 3208
3682 2373
7018 1318
5870 5655
8351 8812
3996 9888
502 935
3719 4884
9350 4352
475 8911
4748 8934
8090 1308
9101 4025
7752 4696
4498 1589
7972 2750
5895 4372
7951 1873
7318 1960
5542 2564
4635 3580
2520 8882
4674 6918
5207 9633
4602 1188
1281 7439
7934 3397
8713 883
7811 2243
4266 8786
4130 5515
3041 4797
3042 1235
3358 6167
5529 7590
2943 1229
419 1408
8054 1597
6435 687
1887 2122
5997 6877
1287 7230
3491 1219
1555 1568
9466 4661
3712 6291
2740 2748
1807 8959
4512 4654
9987 3609
1810 6224
8744 4676
1275 2682
5284 969
9968 2024
3984 1502
4426 2601
4634 8966
8182 6104
3901 6163
1595 7733
5126 3012
5344 4403
2424 4582
7066 2782
3919 4490
5039 3767
5409 3300
1052 9965
7530 7612
9395 6299
3194 6486
4135 9218
3419 9048
3605 6020
52 8538
8338 10000
1516 8379
3388 1067
3792 8098
7899 6920
9107 2634
430 1516
7900 9774
3096 7082
7167 6247
3065 1353
7824 4302
3686 3915
1358 8170
8414 1135
6645 7074
141 4042
5153 1775
7856 807
3654 5131
8535 9009
7976 909
2002 5239
753 3108
4400 6641
9066 9399
6425 2577
6325 4625
8 1419
2721 8309
2561 3890
6754 4738
1752 2031
3641 6774
8505 8019
9838 2681
2484 7615
407 9237
226 6193
4765 7678
9144 4744
9897 9677
711 9648
7587 925
4215 71
2475 6748
1585 9623
679 7831
5249 3711
2472 34
4128 4209
5466 5631
7978 7347
3408 887
7363 8737
2537 1560
4250 8521
3063 7268
7170 1926
7015 5021
8810 4467
4859 9568
2130 2899
3269 7144
8195 2851
6975 5622
2703 2037
1772 4911
3988 415
161 8026
5409 1340
7778 3502
3609 1550
2327 2689
7683 232
6810 6494
494 1261
8054 1865
6228 7270
1679 1687
2241 7052
1121 605
6384 1367
8048 8466
7903 5833
582 6743
4997 5718
8553 2717
5934 6042
1366 409
6997 9703
1328 4089
3542 6340
992 1888
4409 1761
5746 329
1828 2160
931 3864
3973 8778
9828 7200
198 6753
9573 6681
7054 7204
522 8540
5395 9147
5962 8440
8316 3154
3128 4229
3245 4814
1381 7483
1221 3064
4371 5791
6831 8071
5112 9209
8445 2221
7196 90
2647 923
1182 3109
3427 1263
963 2247
3920 4579
3204 9327
119 6995
1337 7561
3305 9379
4950 5848
712 8263
7405 614
7243 2538
4388 3866
5806 356
7280 5803
3298 5175
7113 213
2171 4727
1959 6534
8580 3735
7429 5145
9234 3027
6278 3549
835 9013
6026 8209
8550 5778
671 7858
3847 9554
3687 1725
8138 357
7231 7789
4471 5971
2594 9933
5080 7018
2292 9568
5088 4627
5076 3112
6165 1578
1815 2998
9936 451
4182 2835
3585 4831
9846 3941
4677 9230
6816 6234
6752 4529
3235 6704
3672 289
9000 8616
1808 5210
3838 7906
9614 7755
6035 4888
4879 2948
2581 5133
965 7150
4384 2188
5447 5849
4690 5678
9919 5358
3415 8742
5970 1460
4160 228
3578 4010
4452 602
4135 9031
7342 8128
5367 9303
2946 6951
8025 5152
6554 4140
9391 2206
120 6765
1044 2720
1070 1689
1730 9841
1792 893
365 9979
9353 9269
9348 2509
4334 4703
5834 4201
9507 6703
326 3608
6084 8513
1874 5806
4771 8087
6266 7241
2331 7213
8628 2570
7625 3124
152 4394
561 9517
8878 6128
1065 914
3016 4283
7242 1107
7436 3602
5939 1369
1400 638
2945 5571
6105 9740
4911 6562
4890 6439
6253 3222
5630 3997
1793 6756
6927 5418
8764 7719
6082 896
7745 2078
704 5257
2789 7660
5869 3232
7739 1509
5316 4746
5901 7651
7362 1559
2878 4699
2447 7896
1296 6300
2688 4575
9976 7689
3436 9164
5401 4295
9368 2356
1844 6290
8783 9250
4798 5695
3640 9344
8406 2884
1599 6459
2833 7558
4015 2051
3045 5751
9498 5031
7285 9798
9331 6611
5229 1717
8878 5323
3703 244
2359 1259
6006 2540
3134 1255
9728 6432
6159 2001
4497 4427
8172 2838
8982 8305
7356 3972
4589 229
203 6910
8986 9178
1512 2676
3666 7882
5997 7308
8069 3090
8946 9779
2714 4991
2745 4304
8502 2191
9135 6268
7142 6083
6739 4912
9991 7192
9745 3753
4469 9145
1873 7758
8628 3993
9161 4456
9777 6674
6827 3978
3453 8713
600 3698
6409 1775
9115 324
133 4986
8961 6273
4131 8776
6562 5400
8023 9107
8918 160
9241 6263
7861 4615
6405 4635
5808 215
1332 9632
4562 1765
3722 4003
1413 2646
7923 8876
5151 5543
6858 2136
1901 5618
4394 9536
5302 4958
517 788
4421 1533
1155 7491
9381 2486
9759 7542
324 1147
5834 8202
2719 7913
2249 2514
9178 622
1807 2169
6880 6971
5608 9552
437 4592
3295 3535
5507 5713
4320 4460
9511 3656
8549 47
3232 9602
4732 9100
5661 3147
4066 6795
2344 2000
50 921
2295 5491
7393 7906
583 1384
9146 1434
3501 4542
3995 1667
8117 7937
7890 8712
1009 9894
9039 7229
4037 4522
7428 3928
4656 595
8577 2445
4394 8731
209 8498
6398 6042
5576 3224
3217 1750
7472 3476
1844 3525
2134 820
5792 3788
5885 4733
5200 3876
5487 3906
2053 1420
997 2313
4013 1842
6442 8973
5320 8115
1064 6918
5818 3107
1277 7965
6525 7695
3113 996
7989 1120
8116 7311
5744 4097
2734 7766
114 1821
8233 4863
4907 190
3528 1396
1852 4116
9130 6542
3904 4127
5991 941
1538 5646
5050 3127
5151 3933
3998 7926
9504 2030
4091 3953
388 3494
9254 7517
8688 8826
7912 2189
4768 3414
3806 4723
1815 7617
1024 6364
6168 5714
4604 8675
9564 9628
7305 464
1590 2022
7060 633
5574 1942
5787 2989
5374 7546
1391 4064
3825 5123
1795 2427
955 4665
7648 4186
7061 6870
4786 4343
4318 2023
5526 1901
3316 6185
3029 493
1454 9681
5807 7778
6203 1362
1168 9095
6025 9169
3814 7593
9170 5136
1226 6821
1231 749
8882 1471
4582 6418
1385 4599
3990 3096
1321 7058
7947 439
8969 4099
7756 1625
2582 5816
5262 6150
6325 9057
1117 2340
5765 7902
712 4506
8618 6501
4077 1937
7155 3098
623 8598
4699 8107
2507 165
7090 7584
1170 2351
586 2300
7155 65
6002 4058
7306 6650
155 5497
9615 1591
8362 8386
7333 4309
6404 1594
5877 8493
3435 376
7796 8914
7388 983
2255 5929
6295 3529
8194 8960
9290 8597
1663 6017
9934 2283
8039 5639
6852 4386
1573 3091
4985 3374
4892 177
4207 74
7045 994
8626 6338
6659 958
160 9604
225 9999
7658 2914
1056 3511
5383 6803
7148 1122
4947 7404
5348 1332
7440 4906
6743 9704
8933 3987
2305 2609
8143 5588
8303 7755
6405 6676
2673 1315
959 6961
1756 889
5375 8790
8510 4069
7794 2401
2697 9256
7301 8130
1288 2706
1764 9051
1012 6972
9601 8997
4181 1081
9160 8500
6018 6388
7601 1225
3057 150
8972 2787
3342 6927
5727 3206
6847 3237
5391 9673
4150 5151
6724 4335
1844 6721
9714 2643
9127 9491
8998 7391
3551 4068
7931 3988
2309 2327
5100 3458
4821 4043
9143 575
5543 7411
1455 6387
21 4476
9363 2012
6990 8776
302 7347
1570 3866
9111 5174
7244 3408
6585 4526
3820 2364
6329 399
8104 8238
5205 3632
3619 7743
7848 1078
6695 5825
6361 6703
1468 556
3990 3714
6137 579
3746 6737
2738 531
1127 3646
5301 3690
1128 6500
6378 641
3019 6408
9283 9199
7067 8033
3956 4480
5668 2171
1924 957
4267 1898
9176 2162
6404 5245
562 4776
338 5822
9579 8968
6897 2145
3450 5813
8144 1197
8923 7351
1793 5577
6001 7457
4258 1785
3437 4073
4068 7323
4058 219
1112 5593
1976 1497
1296 1738
9133 1684
8570 6674
4840 7021
8164 5205
4649 1791
478 5428
9067 4447
4920 8478
6639 924
3736 4490
7810 7336
2490 6040
4852 615
4102 117
6758 5719
4630 2488
8128 263
9614 7999
3914 66
6389 9794
1212 8806
7368 3958
4611 8073
2796 6497
3145 7405
6461 4974
5559 6334
6035 8515
2831 8935
7804 324
4605 7504
4259 6867
6367 4558
494 9694
8338 3641
1177 2554
3250 7606
2937 2945
5368 5985
9674 8400
7307 2901
6926 9625
8987 1054
6671 1936
3870 117
8192 3065
6464 4841
6146 6252
2505 6671
7173 3086
7474 570
696 9047
9034 4283
5455 5580
2561 564
9069 6721
9103 5551
3952 5784
759 9746
5663 5502
2029 7092
2459 5922
7380 1285
1132 8796
3059 7607
5828 1597
6013 7012
9339 5269
213 8297
1020 1415
2585 7724
4111 6945
56 1897
5009 1679
6616 7490
5434 6581
8214 4113
1237 8997
5062 559
2954 616
1770 5296
4876 2089
2849 3074
1672 2509
216 2529
364 9597
4373 714
9913 64
704 5501
9267 6305
9425 6891
6610 478
7958 6752
9311 8482
5025 5945
2191 7396
5677 3656
854 9582
4715 801
5613 1951
3922 2885
8386 8892
8467 7568
8231 4817
3610 1078
2868 6857
3823 2125
6701 192
5642 3820
4703 417
2517 9259
5258 447
8059 2266
8022 3138
4689 1458
5325 5052
8183 8159
8825 5182
5067 4262
3425 8064
6498 8127
8327 7157
2881 6688
2326 5877
9014 5054
8172 6465
111 1149
921 6616
8786 1440
4832 3614
4811 2737
1625 353
6731 7547
9002 6922
3594 2773
7260 4104
9021 8103
5268 7527
5731 3087
7281 8364
5139 5427
7353 3514
1331 256
6781 844
2199 2695
2553 8111
1648 5790
3703 3066
2196 2397
8553 1969
826 2191
1452 5097
289 1986
4471 9061
4875 6670
9044 2206
990 313
9259 4080
2349 6776
5504 9847
5372 1060
8613 9567
3961 99
9511 5055
4925 9416
5671 6762
5795 2856
7973 5450
1441 6786
4428 5577
3616 37
8158 4449
4150 9770
4422 8014
6160 510
306 2690
302 5200
2459 9923
9501 9598
656 36
9770 1909
9429 1616
6632 6332
9332 1683
6467 1569
1422 8614
4477 8071
735 1268
6220 5075
5284 1189
9081 1283
5471 3267
1973 9656
6863 5706
3729 6865
2874 8071
225 9275
3998 8975
4022 9369
6917 8571
8501 7016
6687 9048
1926 9436
5969 6553
838 8162
9248 4964
1961 5458
5295 4330
59 1227
145 247
9864 7155
3391 9852
3321 1943
7596 5045
2636 1840
1542 3030
5285 6271
8151 9239
5782 661
3999 4258
9169 8993
6060 2857
3560 7594
7149 569
6156 2565
3897 3981
5958 1826
6768 7293
9075 8577
3251 3806
8858 4378
267 8696
5682 430
2696 8657
7290 9849
327 79
4492 4541
7197 990
5457 7667
5579 8596
1537 8671
7814 1898
9250 3855
8433 1381
1101 9272
9990 2167
1502 3200
8622 4286
8345 5698
4270 3381
2515 9026
3886 6424
8684 2131
7818 6154
6533 1360
5031 1035
7842 4296
3666 7589
9927 283
3017 7143
7962 2900
7406 4897
7334 2577
7893 97
3539 2529
1701 3
8361 5800
4531 3314
8755 2721
2499 3955
3474 1353
3314 3350
6946 5851
1424 7050
5335 8212
7828 6468
5736 2894
4219 9054
9472 2712
5238 5246
7874 5308
8001 7335
3426 7324
9672 1992
9712 8184
8864 6397
4504 7883
1355 1594
8053 1459
6988 1135
2956 8314
8020 5483
3942 5147
7084 1597
7983 5601
7078 3280
770 8488
7771 1746
3908 9700
8760 8676
8512 9328
7860 4447
6666 2023
891 9946
5624 7510
323 4012
4803 4136
9288 8014
5577 7694
4183 8592
9068 3544
8727 4005
30 757
9697 6721
8314 1392
9508 3816
8561 7685
4836 3495
9440 9539
6350 6863
1684 4105
4899 7227
2463 3843
1336 2641
6506 7376
5606 9563
9 5515
9929 8949
4335 8582
1586 537
1610 5095
2241 1929
7442 1813
6347 9948
9267 3353
9800 3816
8587 588
679 4936
7522 1018
2693 2211
9296 5222
2073 6667
9203 2025
1322 1780
5023 2166
6301 9199
6547 6222
1199 2878
850 2724
8819 8451
3769 2320
221 5182
7289 3826
4706 9814
9040 7861
4703 3881
4828 4327
317 9027
651 1733
7153 3938
3739 7746
9275 3190
2735 4665
2921 883
8022 9985
9237 454
9824 4186
8113 2933
5757 5894
7591 4514
6870 4000
9511 9324
7486 556
393 9961
9321 2030
9797 8375
6934 9842
9107 1512
7644 4525
6145 7881
4486 1156
7476 5880
547 4362
3964 9153
2126 2463
6267 6531
1133 1453
8256 2810
945 8572
3485 1756
3550 9321
6022 5946
4078 9440
1877 8552
5416 4446
6032 6664
3143 1992
1002 1909
121 4146
5446 5786
6525 3564
377 6021
7397 3493
394 9408
7627 6399
7876 9355
5283 7485
6312 5900
3387 1571
3159 9291
6777 7168
9665 5953
5651 906
3068 6140
2080 8480
4214 7392
5838 2984
6304 8641
1887 8839
9977 6225
285 8310
3812 407
9906 7513
6200 7537
5076 3600
9713 1456
654 3454
7725 8031
6913 6655
6789 4145
8530 6738
6264 2045
9254 6769
6885 4607
7472 1923
5733 5038
559 9983
7500 2436
8188 558
4700 7635
9593 3202
2678 9718
770 7951
8647 5044
7005 5840
3169 5791
6868 3098
9452 718
7249 6173
3450 5252
3670 6716
4694 623
833 2988
8054 4126
6831 3216
5091 9893
7835 9680
5099 8256
7329 6876
6673 5259
7707 4018
2124 3840
7452 9161
694 2829
9477 5097
2409 37
5745 6152
6418 4740
8437 6523
5390 1265
6570 5511
4338 5310
9001 2135
6425 2878
3056 7203
6566 8021
4611 7162
4647 6819
7469 3099
3840 5033
8501 7447
7042 1534
2894 2711
1039 3214
9559 184
536 8255
1832 3035
6312 7323
9672 7416
4823 4951
9140 7555
4477 4314
8054 6354
4327 7753
7615 9690
2145 5417
9886 2649
9540 8428
2977 1783
728 3887
9169 3008
3338 2728
2317 9092
4457 9704
9262 8834
288 3588
5059 1636
4936 2734
7916 6770
7887 1868
7947 1919
6544 5737
3185 9252
7870 3392
6722 7729
1531 2117
6013 3068
9836 8547
4485 7938
9800 2474
5111 4428
9896 2182
1554 9456
5539 7349
2831 803
6443 5281
4447 1415
4380 193
7308 4039
2860 9088
2048 7712
2457 5665
2508 8636
6644 8196
1052 2240
4278 9715
3065 3077
3937 3006
456 4838
4752 8817
850 4765
7324 4922
42 5760
2812 6014
1261 9180
7266 4917
8886 9435
4855 2529
7413 1180
250 3430
558 1331
8904 7008
6134 338
1932 8826
3917 7615
8872 8224
9364 7932
6188 574
5878 6010
6314 8792
3697 6528
340 6706
2102 3006
8330 6894
4508 2017
6999 5862
2295 368
289 2230
8334 1351
9886 1039
8886 8280
5121 3937
1700 8826
3806 9854
6803 5169
6832 3655
8351 8121
3585 8165
2186 2303
5859 7057
1155 7979
7638 5970
485 8908
7851 7017
939 5880
373 7189
4449 6698
9180 1937
3775 4475
3307 2155
5325 3336
4172 7329
5607 6432
3298 4321
2592 9757
7990 6048
2176 4217
8433 3585
303 9052
1177 5644
8646 4632
1542 4079
2507 6451
9637 2563
5872 6888
7276 4426
8425 9359
824 1584
3411 5137
2263 9474
959 1220
6055 9224
1167 1923
6024 1243
6397 6709
7266 2957
1832 4003
1911 9022
605 5603
5302 7674
1329 9798
3349 1226
7138 1459
4381 5574
6301 9630
2998 6661
9815 1522
2903 3391
8856 2348
1349 7040
2843 9002
5679 7597
4872 5811
4800 4245
9626 4252
6357 4277
1381 2791
6513 4790
3674 5897
9426 1188
7 5095
8102 3579
5 8432
4585 5754
156 8601
7250 4302
4304 9676
9896 9216
4667 7284
1879 9834
8950 1609
9209 3001
6843 6772
9455 2276
3704 8341
1555 7643
1292 2345
9144 1825
2938 1668
331 7262
6277 4267
3588 6853
8827 3057
1759 2161
4300 4615
8298 9129
3310 3876
5051 7223
2222 2602
3547 3819
7936 1573
201 7539
5074 976
7324 5890
4296 4846
5452 4534
3914 1546
1214 6949
5634 6268
1310 241
9178 5916
8555 6691
2309 8613
5348 3430
2806 3003
2393 390
6412 3529
4823 3959
1645 5600
1322 251
1428 7817
4780 879
8240 2334
1703 9742
7892 870
6622 4278
367 1950
5773 2266
4441 4796
5747 1045
3627 1839
5246 3503
2252 7705
8002 1415
7796 7174
281 5589
5361 6644
1185 9937
7353 6604
4464 2686
8196 1631
5727 2271
3992 9292
4670 6726
8283 4259
8772 1040
7971 8868
442 3413
5323 7291
3477 740
5918 5222
7377 8883
9593 3633
8643 7985
2609 930
7249 9637
7027 4340
3888 5155
5256 3036
1832 1238
2052 3456
3351 5704
1081 2767
57 3198
6242 3252
9568 2263
5552 2805
706 611
6490 6737
6151 7271
4802 772
5118 9868
8361 2206
2895 361
164 3445
8228 6780
1313 8378
43 5370
1343 4056
7227 7380
9307 9439
9581 2094
4822 8944
5906 6312
8796 1760
3821 3128
3855 9128
4874 1937
4751 7199
9792 9080
9016 3197
4656 3929
7075 3202
4430 1142
1906 2075
5030 9997
7941 5568
2748 5545
3403 7691
4936 3165
5113 8719
2002 5166
3094 9565
2898 6243
5391 3745
527 6664
8973 6129
9873 1690
7101 4773
9587 8274
9470 519
6163 6476
6414 3843
1185 8327
4886 2297
1253 6741
8466 1602
4207 9556
2891 6203
9276 653
8271 7550
4671 7970
4317 3308
2794 8522
8797 426
3330 6250
9923 7819
2793 1881
5594 4454
833 4842
5100 913
19 8301
4720 1446
9074 8813
89 7542
5970 769
2754 6090
6090 5035
2857 2805
7614 9845
4278 3730
448 7660
7602 1914
5146 6923
9049 7413
3937 404
5554 7657
196 3625
1039 5068
2283 439
5887 6554
7824 6807
8311 509
9778 4031
1742 8379
2489 3698
9426 9995
4257 8114
6781 1519
4451 4947
3856 1354
438 9924
8334 4815
4662 9331
1427 4022
9959 9677
2672 9417
8116 391
6896 2408
9976 232
6126 6139
5715 5107
1255 8641
422 1470
9754 4734
5117 462
1502 2102
20 7317
7042 5616
3284 4696
8726 7675
732 3581
5764 1966
3062 9952
6042 9824
6574 1017
3613 441
7472 2167
433 2009
8970 838
2299 3550
1337 4105
8675 7336
8127 9194
6601 8475
2699 3669
9710 8949
7475 5067
8120 5771
2767 8499
8932 1485
6781 7130
1027 9514
5788 2710
4377 1749
7892 2911
7587 8691
1460 5609
3168 5810
2048 117
1172 2698
1053 1286
7980 1977
1391 6943
5591 1792
7511 6602
546 2421
3282 435
1877 6836
7675 4724
7637 8404
1835 948
7450 5545
8653 915
375 9894
1865 2288
9275 7085
5013 1936
3743 5344
6754 5283
6604 7968
8963 9442
630 1718
3605 5410
6251 6160
6812 8671
1903 1991
1681 3864
7130 844
9766 906
3355 4481
4107 144
2232 769
31 7051
7960 9969
2552 5820
9207 9021
626 7611
9955 7194
2116 5
1106 142
4559 426
9925 2067
6897 1023
1394 774
5936 5186
4540 6011
2603 3506
8754 4730
9284 1512
670 4126
1291 2524
3438 9969
570 6928
9169 6635
1345 2760
1598 954
5610 9338
5240 3389
5586 4026
4421 7258
7690 4981
9400 8261
6667 8266
1471 2310
2121 5610
4831 2403
9779 8257
3702 4538
7375 9292
4331 1299
2672 6652
5034 5391
7677 208
4972 4513
1926 6273
8705 7066
2141 3983
7301 7276
5441 3271
5188 2825
6468 859
4883 9359
6598 6567
2661 9122
832 4430
6933 6291
4466 3594
4414 9820
9925 7678
1575 4511
8426 4618
9047 7934
7982 7610
6588 2092
2109 1412
3788 3127
4598 8594
4927 956
567 1688
3588 6479
48 6950
3928 2383
5397 7486
3740 3086
6821 7928
4515 9498
8218 131
5511 7773
8842 6374
8625 1421
9409 7919
4578 7568
3215 3615
6 3691
5916 8990
7776 2415
8068 6199
6092 3739
9920 9562
4603 5531
5620 4683
8550 9356
2920 7080
5404 9754
4222 2429
2573 2054
7740 856
296 9280
2063 6678
6521 65
700 6889
5705 9867
7880 2364
7520 2021
2126 4748
2248 9841
6668 2744
1881 8327
9475 8515
8377 6553
4335 5874
9433 2627
3361 5668
9930 2679
8216 9079
8190 7858
7875 8786
996 3625
127 8131
2276 1659
9184 2300
5631 4818
7320 7221
5698 378
4760 8497
6718 2457
6651 1235
87 4568
3425 176
2139 8743
1858 8501
7030 7647
397 8931
9009 3238
9989 226
1613 6418
6084 8708
4790 388
1540 463
3720 474
2477 7957
5648 9309
3659 6614
5147 4597
9071 6718
4866 2103
9250 1765
1825 6459
5012 1928
538 1592
6353 7031
4548 2733
3488 7671
72 9898
7903 230
6323 4910
5576 923
5758 9073
2331 1342
2217 6690
3234 9252
7626 861
1614 1701
1951 5258
4359 6594
6837 3818
7220 9218
4080 1517
5749 1790
8309 1268
8121 8387
3577 142
2197 7916
8776 9779
8668 2140
5875 3592
1081 8004
2113 5936
6086 7976
8579 6232
1170 5043
9289 8085
299 1552
8112 1104
6460 3464
2661 291
1004 3061
5606 8278
3020 1163
5640 7108
9010 5637
5245 9962
7009 7843
409 5103
8650 406
8094 2403
8935 3019
9176 6114
8188 2038
9215 6042
2427 7415
2955 9786
6384 4758
9646 8480
835 3410
2435 860
6385 8366
5067 7596
8033 8516
125 5694
7307 1242
5386 9793
3015 388
592 7789
1450 9540
4776 3633
7367 4676
5175 1652
1575 4324
5307 4023
2716 2980
5491 5830
2318 2153
7113 4759
5528 9095
8474 1469
9786 8086
3468 7688
8325 7762
2229 6245
6885 1899
8905 3907
5952 8110
131 2102
8813 4318
3429 7733
5423 8520
8775 1582
5072 369
5758 4080
3454 2313
5269 1637
625 9026
8032 7136
7476 9133
6824 7258
8655 6361
6635 4353
9184 2918
7656 1372
9030 8867
7098 3296
6286 1166
8934 2743
7863 4856
3601 6123
4876 3813
2732 3459
7460 7849
3410 3145
7830 2464
772 2256
7553 3876
825 5300
5224 4496
6781 4528
2631 2626
399 6589
2168 650
8817 4036
8951 64
3813 502
8611 9795
1665 3412
106 6717
823 4823
8564 2809
8600 2466
1032 9134
7658 6679
6660 8331
8341 4457
2152 497
377 8119
6571 6007
2588 3279
1316 5860
1710 9197
9647 6341
8864 2697
658 7580
5627 7895
9240 5428
2865 5250
4407 4250
7937 6444
2975 8828
934 5943
769 4186
9425 4427
327 835
9769 8401
3857 3029
1882 794
1921 6384
6776 3379
1141 7175
477 7195
6810 8625
4465 4605
2606 9870
5801 5200
7021 177
1387 9833
8662 5572
7913 3764
8477 5792
913 528
5789 4816
1009 990
7497 5017
2651 2823
8568 2123
5362 8886
3089 6432
5014 5170
991 8705
5972 6371
9370 532
8748 4161
6742 6023
9426 1595
3816 8639
6739 5725
3229 2655
7743 8025
646 2227
8053 337
7141 3261
3980 345
9451 8226
2882 4799
3221 8429
4377 3953
7742 8554
3214 842
2747 8546
1969 5246
6575 1537
9191 9992
3219 4569
760 5897
2971 4467
8747 6568
8819 8134
9321 9284
7568 9340
5295 9892
1353 6411
3337 2346
6761 3390
2678 1212
5704 1429
3453 9876
5504 617
6758 840
1737 1863
2960 3527
3631 5452
181 2433
3142 3009
1151 5903
2020 2151
640 503
4628 4329
7561 8519
9338 6605
3447 6274
8275 1446
9484 6430
6065 9894
7027 2169
146 9767
1510 9404
6338 4576
3972 8347
3406 9656
2659 8675
577 9953
7915 6014
7268 2231
3102 6212
2572 3014
5152 9560
6016 5464
4314 2045
1131 3342
3617 6843
7452 7421
3175 3492
4434 649
6762 558
620 2079
3615 731
1865 6720
5449 105
3448 2311
5734 9134
9795 441
8937 2073
4611 8805
8460 2673
7644 9469
3144 7912
1267 6212
861 4770
4278 5397
6740 4340
3875 4226
6208 4479
7925 2514
4496 372
6641 7744
3217 5946
9075 3885
6556 5162
2187 8060
4646 1070
5885 2513
3030 3087
7015 3232
3066 9160
5860 4146
5557 173
2439 9035
6510 8200
168 992
4808 8945
6847 4587
878 9261
3686 1671
9995 4235
1070 9431
8312 5030
3253 8205
3993 6517
2706 3148
2279 7999
9404 3013
3270 5930
2396 2922
7501 92
1809 3354
64 9687
8115 1483
8829 826
8128 6606
4762 8196
2857 284
1114 1028
6628 5573
9230 4553
3230 9914
8395 7135
4845 7672
5864 481
5937 5655
3688 3595
9204 2551
3189 6126
6057 3505
8672 9106
1736 4165
4468 3935
268 6834
7510 9603
8346 3459
352 5781
5458 8057
6705 7863
6755 810
3305 4207
1907 8369
8256 3916
8120 4055
3240 9447
2410 5957
2811 7055
4241 5814
9404 8624
1529 8948
1716 8020
529 351
3992 1323
6187 1642
8494 2926
7742 8017
9242 7515
6503 4322
8368 4507
8772 2870
3097 9519
4065 9156
8674 4964
9691 8280
8767 5155
5269 1718
7240 801
480 58
2909 6435
1875 2014
106 7953
512 2225
978 7882
8039 7607
8018 6730
3806 8114
2249 912
7414 5303
822 6588
5693 4116
3029 2006
2313 2590
7843 498
8443 9353
7714 2562
6476 3973
4455 8910
3915 5024
6908 7767
9609 8224
9208 7880
7310 4549
1300 9222
8867 5335
2239 6209
4197 7339
3361 651
1047 4612
3763 4603
2238 6738
333 9406
240 6209
6637 4456
8199 5586
1633 7338
7201 6484
9327 9642
3180 1020
3271 384
1065 2158
3367 7262
719 5685
8196 4534
4999 2715
288 2466
7048 3209
9381 3462
257 9946
3647 82
3397 5569
4543 405
8675 7393
7993 6807
5634 5333
2043 9279
6057 740
1402 8694
3355 2310
6304 7787
6966 6186
4693 3732
3998 6324
3685 1663
1596 8186
4490 6786
2781 8612
7265 3220
1915 9629
8541 7928
5138 591
6822 2650
9724 5275
3652 2654
8132 6188
9837 9124
7041 1233
1652 1298
7161 5499
3882 4055
3486 4055
2765 3541
2796 2854
778 1673
8432 9082
2463 7340
2921 1802
4137 8711
8616 2975
6620 5525
795 9197
9857 4464
8112 4381
3652 1499
9161 5700
1735 370
4658 4626
430 7729
1318 7437
7693 1953
9189 4715
7919 953
8349 537
4799 320
1342 9716
3028 1268
4208 6268
5727 9980
8039 5192
97 7704
9489 4603
7782 8010
375 2730
6008 3025
2183 883
2587 4908
7876 475
875 801
7903 9468
2948 2443
8027 644
7065 1953
2015 8654
3742 7377
5007 3625
4231 7568
9489 1570
2574 3922
6624 8626
2207 8824
7895 1656
3607 4708
2203 4918
2053 8357
217 8910
7614 6332
7144 9601
1886 9183
4540 8296
4320 3826
2513 2865
8327 1286
8798 7287
4273 9672
6764 7101
7421 5156
4814 9996
1318 6632
9659 2139
7572 3073
7079 5392
1728 2531
2813 9923
8011 3120
3864 4899
8778 1343
4712 6686
7876 2703
7141 3237
1864 4297
3203 2157
5322 8308
3789 2
6154 4674
7962 9243
8239 661
3540 2681
4218 1613
9274 8690
4317 5756
8234 3700
2760 8353
1917 494
2318 1592
4866 9381
232 5380
1538 1629
2133 5976
6455 1754
2181 8676
1040 3604
2468 7952
7604 271
195 5498
6260 1286
1540 1675
7877 6287
1313 2450
3804 6295
4895 5588
9384 2792
248 9296
70 4271
6331 3381
6441 6959
1866 6571
7910 7898
4457 5362
8280 6677
5916 4859
5208 9468
6820 9207
3357 1819
5313 6286
6417 5784
7157 6348
6818 6882
9612 7530
3630 1419
8951 5569
4510 1209
1045 3574
953 3985
1111 7577
7926 8027
2797 4047
5746 8770
1553 2260
1957 6285
9168 1073
52 2537
9257 6026
447 5318
8795 1242
8688 621
2717 4468
330 7362
2376 4175
1629 9610
822 7824
6889 4439
4824 9104
8695 1011
7762 7222
2593 6095
3341 4268
256 6100
445 9005
1 4827
5412 8493
1377 2569
3741 4387
2922 8256
4706 7513
5542 7785
5129 2920
1436 9565
1739 7122
1794 413
4225 4207
9016 5913
6844 4265
397 1767
8709 2198
4342 8175
6902 7653
9729 5031
7050 1135
5993 7842
9730 1469
2032 177
8568 7628
4531 8047
7723 3860
3311 4402
9068 5699
1007 2635
8879 3548
9756 3821
6174 7853
1719 5315
3467 2663
1228 7707
1691 3267
6975 2654
758 9478
5519 2674
5674 333
4552 5891
6298 2412
1584 2646
9162 8717
1272 839
8534 2732
7685 7890
312 8610
3569 4818
2044 6953
7030 2711
710 8656
2200 1050
4817 1062
4508 9352
8395 5956
9613 3112
2884 1682
1767 7584
7959 2393
3633 2709
4213 5270
4094 7268
5021 7658
9284 577
4187 1016
3278 7621
5885 529
2373 3048
2130 5542
9592 4113
1973 5558
698 4458
8597 3030
4335 133
1814 4747
3090 5291
6471 9671
1610 6445
9655 4812
2212 4793
679 2903
9796 4293
7153 3060
4441 3942
9422 5772
301 2728
7764 8317
2012 194
577 6009
3844 9321
1819 6969
7858 7952
9764 1722
7832 315
1070 2909
8979 4421
5555 6787
9724 2323
2630 2458
2198 549
7588 9754
3032 6410
921 2786
7555 7362
4809 8660
4802 7489
5271 3995
8509 2405
3954 9085
4396 3768
4329 2546
3370 9788
4172 4060
9177 4786
2549 9824
9247 9689
596 9792
9116 6762
9241 5710
5688 1058
5228 9933
1267 8684
8547 1357
6028 1880
7311 3595
3887 1797
3508 5184
8267 8133
8236 6568
3824 7110
4256 3357
6126 8050
2358 7196
7805 9765
3909 8911
3505 2634
9699 522
894 5820
8914 2467
7514 9966
8003 6747
5650 8471
1378 5640
7536 1619
1510 5005
8470 2426
5209 8728
4610 9897
1970 6683
1743 7458
2030 318
5328 2943
4165 6248
1274 7919
3483 5662
1525 9450
4295 5540
5907 6033
6103 3693
6741 9642
8833 6800
5275 2558
7890 1743
1955 7499
2834 8599
5625 6320
8359 501
5501 1558
642 1411
4496 2039
1168 7119
9456 2992
9454 2165
8423 7841
6690 9273
5152 7039
1723 4897
3882 4031
8921 2833
9007 4859
7135 9165
6732 7994
3367 1895
8819 4808
7539 1112
9008 1297
9774 830
8249 2965
7380 301
9041 7072
2457 1859
6913 1589
9810 6122
1371 1412
6911 762
1188 8875
1926 5606
7720 6004
6872 4217
9549 5034
8243 1615
2357 1628
3399 6664
3043 5339
1155 9866
2917 6920
8865 1369
8343 8612
5036 8153
8558 4070
117 785
2517 3014
9888 1467
6958 958
7923 3330
8344 5804
6369 2815
6526 547
9330 385
5596 7029
4130 6361
56 1263
2738 8086
1200 5852
6179 439
4339 3502
5930 3118
8051 5178
984 720
222 5123
1978 8748
8170 9973
9512 8885
9192 3053
9166 1832
4087 3631
6055 4695
9589 3655
530 2243
3520 551
6968 491
3363 567
8089 3376
6783 4875
7996 933
678 5524
6378 7041
1990 5725
1672 720
221 7500
1334 4108
1433 4087
585 2300
1987 5427
5569 7811
3195 7557
2389 9379
6178 2442
3669 4407
4192 6434
3282 3769
6869 6497
8577 6698
5533 5121
4065 7790
7396 2981
383 8208
732 6110
7299 9464
145 2378
4334 5736
2878 9920
1035 9302
9590 3075
2752 921
3218 162
7225 3284
6822 6277
2242 5545
5545 8514
8845 7802
5290 825
4194 6106
8099 7423
2170 192
4609 1595
1374 2702
7219 436
9698 6176
6564 1673
8933 4589
7051 1791
5316 8812
2665 1302
1085 5982
5710 6487
2790 2502
7766 3988
8232 9645
2162 9349
4099 3186
6394 2955
919 4000
4506 6728
6156 3541
3966 2842
5924 3972
1655 4822
6830 9901
9036 3963
323 6598
4065 6985
7878 1196
8256 7006
943 5525
4246 9248
5951 5014
8717 8532
7043 1499
2960 819
1222 1907
2500 8940
8092 2064
7686 1376
6347 9151
4508 3017
7811 6740
8931 6771
5763 9100
1429 8801
6852 7566
9767 627
1238 5823
5916 3680
4857 7308
5533 3161
4781 8252
6344 5066
1521 8740
2727 3627
9627 997
6314 7109
7013 4666
6705 349
8109 139
4900 215
5876 6883
6299 8706
4716 1037
9382 3795
2467 6147
9530 283
9781 8230
6885 2387
9885 1383
8283 8024
6793 2798
9470 2861
9900 2445
6471 303
9960 2496
6223 201
8010 6145
2807 9598
2342 1133
1678 1153
4864 4291
1954 270
4455 8967
4351 7863
6063 5554
3226 1072
7307 7341
6226 7238
6407 3112
3502 189
7149 2968
3038 5158
6328 3758
199 6265
981 9684
604 7482
3627 1766
7367 7742
5650 3291
1816 4069
9495 423
5704 9943
4589 3840
9785 3380
1349 5357
7603 7460
8415 3174
6441 7203
5885 9954
5671 4518
3484 1838
7095 4960
8468 3185
2078 1221
8924 3990
8019 5833
1799 2560
7062 3322
3635 8423
9923 9356
2695 631
7576 5263
5600 9189
7317 7224
4473 7987
824 8545
2706 4173
4313 4322
5474 4354
1916 112
3352 8485
680 2350
5341 4764
5434 4955
7457 6480
6609 4693
9389 6389
4771 8583
4411 8240
3284 622
9194 5921
4404 653
641 143
9481 9361
2561 4199
9501 5849
1815 6072
2995 3902
9781 204
9189 2544
257 5815
5947 2480
7104 5022
7498 2697
8998 2195
2733 5595
7401 2764
398 2263
5196 5140
63 5922
8838 1159
8676 9499
402 3136
9992 7190
5730 4293
9944 3012
7934 2446
2385 1098
3192 632
2223 7186
3604 5272
3721 5857
8167 4145
7831 8360
6363 6865
2471 9917
8543 460
9224 9489
9355 338
9050 1954
5769 6880
4375 7778
8382 2986
3834 6673
9135 1503
3937 1136
5336 582
6733 3365
637 1848
8696 4085
8128 5321
2350 2393
9633 5163
7570 6491
3091 3559
7845 2000
2996 289
1860 1253
9561 564
1278 5035
6326 1671
7656 8894
9731 4193
4509 22
8586 8801
5446 346
9866 3829
1642 3245
4536 1845
7894 5275
2479 7125
746 8557
5743 4504
7186 3468
3752 982
4877 1357
3385 5884
2671 7295
656 5631
4221 6156
9820 6867
9443 4665
303 1571
5530 424
7584 3514
2546 5314
4776 3934
8860 1806
6516 7056
6430 1620
9532 6585
1097 5000
1854 1007
8509 3454
7862 6087
1028 699
694 1577
2868 9687
7319 8319
7097 9438
9057 815
5693 3986
6231 629
3366 6931
8621 1416
7166 4290
8501 6195
9029 8566
8461 9048
4512 9314
1830 2491
4328 337
6843 8740
8015 2545
2292 6494
7798 4008
678 2922
858 7993
7683 9885
8640 1816
3129 7368
7950 615
5496 2287
5372 4695
895 4842
5401 3181
6653 5583
9537 3495
6092 820
1138 813
971 2393
6492 1693
1136 740
5122 733
9012 4024
6077 3171
9822 9491
9717 5533
2688 3811
7029 4557
4329 9206
3460 6542
1412 8902
6508 2576
2898 4560
4259 516
8930 1366
8769 6144
7497 6473
8870 534
1244 7224
2082 1907
7400 8792
6502 1226
4884 7334
2262 6978
983 6136
1227 8748
4472 1913
7367 9783
7887 5877
5055 1739
5211 2252
5682 8253
2279 916
8879 4410
4684 3489
7077 3793
5327 3366
9695 6659
8377 2479
2181 7928
6195 6559
6733 7366
5911 384
9374 7772
9657 7306
5419 3305
5823 7330
2400 9140
2617 1261
9430 7300
1152 9863
2076 5818
6307 7150
7186 4086
3980 3679
5434 6996
8918 8845
2379 6758
7642 7520
8237 9615
2257 9212
9289 8199
970 3591
6398 2700
2532 4721
357 5808
5543 3906
7079 6067
1850 4135
5680 205
7569 3450
6550 3471
5198 461
4979 5261
3717 2114
7325 6473
5761 8680
3558 7719
9525 6382
6755 3876
5129 5205
9394 7619
9332 6741
1113 85
4767 4789
6291 8845
7504 4903
1458 3503
4639 5543
5250 7417
408 1959
7927 7480
2145 7816
467 8955
8924 2193
1112 9659
4873 3680
890 952
704 1728
6363 2490
6844 9933
1204 6215
9579 6968
2506 1564
1792 2975
2972 7221
4123 6565
4178 6272
2192 9510
6459 6335
9563 1547
1662 650
786 7395
2035 3110
106 7636
1283 1785
8039 874
7098 3060
6136 4369
8381 4021
4947 2289
2620 2982
9564 6286
7012 6669
6379 6756
909 8899
7292 3276
2951 8222
8214 8984
6571 510
2863 6123
3214 7104
711 1744
1272 91
1622 8017
6510 9656
4731 3573
2135 2186
2233 5727
1121 9721
8984 8636
988 3715
3880 1488
7374 8189
1770 7134
2290 3228
3847 3260
2673 9382
3984 5975
3571 4116
8080 6136
2383 9054
4535 7017
9467 1034
9507 7980
3210 2043
9877 6759
9908 1908
5701 3636
7752 793
441 2391
7796 6727
7748 3303
9934 6512
9932 3433
8963 9987
6635 3662
7349 3005
403 3038
6533 9801
6748 7511
6963 2969
8771 6784
1804 8946
9022 4151
2012 2479
5494 8419
6994 7917
9728 8514
1486 6570
9269 7411
6551 931
8662 2303
3159 2054
9009 132
7696 1958
9566 989
1226 2674
5610 6500
2168 9758
6456 1044
193 4517
2500 5801
5544 1716
483 8228
3833 6879
9244 8293
3345 7290
1876 689
2244 5057
5850 8589
4234 4944
7876 963
6570 2462
5969 6968
7273 9560
3274 5545
7619 3781
3818 6197
1517 1695
1711 4944
6587 9232
1986 6869
264 2074
6241 8595
2631 4163
4900 6875
2813 3645
3434 6207
7917 3596
174 2531
1879 5467
8575 8669
6402 3
9129 5845
2133 7269
1192 2285
4551 8569
9095 3982
8061 2971
1255 3738
6167 9935
4305 9267
716 2706
843 4733
7782 7693
4784 7989
930 945
8803 6964
1153 9096
4562 2692
67 7895
8307 344
1985 9626
5684 2769
1546 130
2721 6284
45 9075
9197 852
3696 2928
8171 6872
3350 39
2156 4031
638 9589
8389 8263
3938 9631
6331 9935
445 9948
6386 974
7984 4013
8920 1483
5248 6753
3787 6429
907 5283
36 8208
9905 5261
8506 5815
3688 5669
947 8065
233 2306
3335 1609
9384 3280
4210 7471
6051 1600
5361 399
7296 6241
2024 7645
6074 5933
152 6289
9185 3070
5126 532
1146 1485
7802 7540
5941 9726
2488 3026
609 499
3501 2436
2262 993
9452 7736
6183 2843
5488 2052
5656 4080
511 7511
4628 7021
3315 9601
5309 3218
1940 8297
7989 9968
78 7629
7208 2987
2153 9344
7421 4034
4396 6671
4141 5398
8168 9152
8531 6760
38 7449
7421 1001
253 9323
1275 5813
693 9595
4272 1882
2928 8559
9862 4759
7291 5092
5042 7950
3387 213
6558 7981
964 1198
9902 7541
2338 2277
208 8799
4191 5111
7522 4466
8681 3671
1016 4771
9758 7038
1924 6609
5620 235
2956 4541
8894 8101
9414 4195
8665 8049
7638 4799
4553 6631
7392 1360
4563 903
3508 2021
7078 9306
509 5879
4272 727
2126 6716
3035 9156
5077 2063
3109 999
4185 4865
7105 2434
6038 7699
936 1378
5342 267
8366 4575
5219 1365
6246 5369
4953 7073
9539 1234
5503 4507
4350 9254
3574 2617
2426 6954
3593 6831
4009 8961
5681 83
6964 8214
4241 1390
517 5716
617 2914
5610 8541
8022 951
6551 6355
3746 7046
4463 2900
1787 5691
252 7138
7817 2424
2715 2519
5640 432
6913 7875
6345 8357
9991 1866
42 9745
9309 1280
7468 5653
2901 2874
7433 2434
6632 4600
4175 6755
6785 5596
9204 7121
3863 4948
4880 7510
6771 7418
9018 1481
7120 1156
7030 2394
1204 8874
6656 6125
7422 5658
8889 2764
8328 4417
576 8524
9353 1178
2845 4820
9882 4151
4689 4882
1501 5835
4832 272
4586 997
4804 2388
6369 9451
7145 9672
3338 1720
483 3048
7599 6644
7227 4786
7980 9719
74 7724
1375 3629
7569 2271
4981 7161
621 7893
8124 6465
9032 8303
400 6204
1865 6647
2951 1432
6093 9179
5121 9800
3791 2577
8398 8138
1674 7052
6772 9467
800 4044
3348 1253
4505 4549
4770 5786
8866 6671
2815 4173
1387 579
2080 4707
4437 3102
2255 9434
7265 9750
3240 380
1968 7125
127 7334
8028 1815
3616 9527
9283 7898
4796 941
3930 4210
4582 6085
2562 4831
8808 2909
2026 9732
4819 1864
5106 5304
2279 7926
1460 4625
2740 2659
5823 7574
3182 3004
7807 3509
8967 7103
5666 9842
281 1735
4128 1192
7842 5947
53 4537
3736 7727
7468 7426
3232 88
7963 7405
826 4460
3164 5057
244 5236
5122 5433
454 2602
3652 1613
4431 7767
3096 3610
9498 2201
2808 699
884 4815
293 8511
9865 682
4551 9000
6167 567
3336 5699
4575 1480
2530 1105
8968 5769
7724 3982
7163 5635
7662 3104
8620 4305
3057 4005
2897 6002
6761 7318
1951 1428
2174 9579
1527 5796
7243 7092
7838 4269
4533 4637
7998 20
6838 9258
305 7740
310 5832
2765 9266
704 5005
6470 4890
8711 1390
3852 4653
5228 8811
5730 9961
5247 6609
8557 7339
2007 956
3350 6886
681 6684
6022 2441
7980 3571
7677 3762
8517 1524
5469 8873
8079 1298
5026 8303
6017 5480
2166 2117
1536 8137
1383 5643
502 7880
9385 7346
8511 174
7943 1410
5730 5423
6074 9397
3030 7820
1122 6807
6385 7569
2211 4519
7916 6380
2627 233
6476 517
409 4656
1035 1146
3058 6835
8058 8715
4605 2015
8252 5548
1903 3585
2276 2635
268 1418
341 6592
7461 1262
1741 8892
3639 2801
6213 1985
9795 4369
834 9908
7298 9377
1921 7547
868 2322
7396 6502
6654 2859
397 6874
4225 6281
3628 8277
4311 5301
9781 3912
641 818
4563 5522
5834 5722
8914 540
8327 3978
6 9123
181 1018
8845 8290
9939 684
2145 6100
7974 3301
9560 8235
4696 7744
8521 3470
5224 3699
9403 4087
5313 6400
7529 1904
4724 6005
9144 6078
2358 4114
8325 2777
1771 382
5685 5225
2574 2426
5402 9074
4882 6564
9347 9066
3569 476
826 8461
3749 5547
4272 1158
5591 1776
7358 6344
754 9524
6492 7361
8481 3640
6547 652
6323 8114
8467 5462
595 2297
9101 5977
3435 4044
6066 3762
7540 8455
283 490
3891 4849
1153 346
5757 6390
5346 4604
7436 7351
239 4355
846 3047
9593 5658
5660 6457
4168 404
403 8893
592 5382
2276 7441
8064 4641
3730 4342
2105 5115
4166 7124
2822 7385
3264 8484
7804 6407
9540 8656
9292 4390
8741 6731
9854 9755
878 7846
4057 9059
628 6917
9074 6382
4251 5892
1381 5434
3531 6734
6891 6073
6330 2064
905 2472
1813 4310
3432 5974
292 3935
5605 1808
2212 2329
6257 273
1083 4464
193 7339
9718 6834
2454 1862
2423 297
3114 4352
3805 7653
3303 87
5445 3778
4416 9527
8714 1501
7551 4806
3227 1031
9954 136
2739 7858
9023 3010
2977 856
8646 54
361 7862
1302 14
4429 313
1851 3639
1109 9418
6646 2835
6799 6083
4963 3630
4534 7654
5742 3368
9123 2086
2660 5471
4147 600
9045 675
8790 5818
6610 145
1971 1462
4643 1181
1105 8895
9340 3252
5515 7526
2461 5261
497 6568
5356 299
7573 9237
9485 3606
252 3731
8151 4555
594 7632
4011 7505
2674 9691
3419 3429
4790 7243
9461 8093
9867 3119
715 9090
9459 1604
961 1949
3163 2685
4630 6961
1077 3063
1698 5625
6894 5165
5127 1351
6580 6695
3533 1437
2108 7186
8914 9802
2694 113
4906 8707
9261 1215
8192 4155
938 6287
6111 8287
2348 7023
7794 1076
4838 1598
4397 3353
9999 8499
7912 4515
2117 6898
9350 3889
2777 2218
2183 8649
7262 6850
4917 2830
6441 6886
2523 8717
2810 7993
9144 2508
3323 2916
4474 2260
2118 4467
9241 5824
6937 4057
8262 7903
8146 3756
9075 6471
1041 2978
4895 4360
8138 3114
5430 1486
7893 2529
5825 3513
2192 7957
5399 4802
3491 3789
5296 1671
6327 8046
5052 4694
8934 954
4508 9734
7409 3089
7383 4120
8778 6076
3494 4437
3203 9923
5851 5084
1364 4543
6309 300
8469 2288
809 3732
6960 4202
9670 995
4412 577
740 5093
777 4194
586 4626
8435 6087
2552 5617
5625 6434
1299 5996
3811 2050
7799 5876
4352 2374
4242 4488
8545 7386
9066 8586
5740 7323
5367 2611
3462 1115
5717 6373
8314 3474
5573 5870
9711 6257
3186 8764
9846 5893
3896 4201
6810 9869
1091 2640
6292 1770
4697 5418
8462 1093
9648 2121
7438 6405
2450 7568
8484 8207
9984 7705
8203 5713
7392 9443
2917 4001
7394 3854
3283 7542
5644 3427
7173 7827
1015 5432
5934 6384
8427 4640
8055 9198
4365 2585
4378 6954
9667 2521
2167 1968
8328 8044
761 5515
6456 2524
4799 8704
3648 2944
260 1557
8935 1848
3377 8308
9165 4754
8446 5821
5892 3879
185 5355
5114 579
6005 558
9683 9820
2589 3539
3647 6856
2468 5464
4261 8247
5756 7401
1644 1819
1375 7256
2588 4068
3698 2657
1966 7697
7007 3162
1171 8954
4879 4095
8399 5601
2213 7574
840 3687
1614 6491
124 1265
513 848
7710 1592
3066 2565
7463 934
5462 3140
2609 4541
2129 7876
7480 8485
7293 2243
7670 1412
6023 9034
4497 4151
417 7152
7323 1304
1292 4346
8971 1454
159 5581
6169 5826
1408 5460
2843 399
2399 9807
5322 6893
2020 6778
3388 3905
2894 3370
5819 1283
5786 5307
4731 5671
6006 7525
7726 5077
3917 3468
8115 8070
9221 4231
428 4658
8303 5088
1119 7959
4849 6831
928 2729
7076 9317
8865 9672
1885 4459
295 8451
6088 5241
8232 3343
3464 8222
1270 5095
5432 3624
8582 6351
7613 73
1347 619
8131 1756
2726 8458
9557 3025
499 8631
6946 4713
6987 550
2376 3915
5244 7710
4014 3377
6355 3491
3296 7298
1310 4120
9023 6474
6908 5360
3518 8808
7279 2829
8932 9739
966 1277
9147 5197
4234 8197
3823 6411
8986 9975
5495 6955
3578 6580
4996 3070
2069 8494
3318 4963
8051 8943
3290 2915
6619 7859
9081 3796
1948 7386
5871 237
7077 5704
6948 2850
4933 6104
8197 5735
9282 6711
7296 9949
7004 3913
2654 5333
3127 1581
3994 1166
1494 2493
6392 2568
7918 3287
561 2288
3639 2695
9514 2523
1440 9023
3302 3275
7216 4708
7586 3487
8556 6203
2797 1827
6279 7013
1926 2500
768 1985
8994 3396
5900 3984
7584 6043
8666 7502
7148 228
5460 7095
7201 9688
7901 5161
828 3921
3562 6770
6700 5730
5717 8414
1784 8459
5089 2429
8917 1836
5116 88
8195 1851
354 6667
4086 6366
5356 2958
5693 6515
3179 966
5398 6567
3736 1823
8603 2585
6103 8076
9931 3319
1084 3510
8556 8431
3012 5929
3208 2835
9338 5434
5878 8897
1861 169
9651 4433
5315 9723
6941 1224
1460 8870
4188 5488
2541 6694
4036 5848
1763 9810
5650 2250
56 6801
4352 3610
4937 4263
8197 7158
3286 3815
7548 296
8508 2324
230 7139
9817 5260
481 8670
9385 2597
3843 2420
1697 1993
7262 9509
4666 1706
9593 2519
9937 6493
8004 697
4733 6311
8993 1965
4504 7013
1145 3358
1248 827
2948 3419
5076 6650
6057 3139
6461 1502
4014 4345
182 7448
8315 8668
6655 4751
340 8788
405 9183
832 8496
873 5087
866 1664
3877 849
9391 5394
2886 8553
3342 7106
9228 677
3068 1619
9035 1036
1197 9533
4808 4741
7168 9069
320 6227
6504 3427
437 6812
4492 5444
9492 8078
3709 2554
4118 3513
4791 6265
5324 2564
716 9610
9121 9074
7939 1749
6258 3371
5444 414
7257 5327
2111 5150
6942 4003
3084 5885
8251 523
1083 8091
5883 7631
2426 9857
6404 163
203 1104
8742 760
3718 2266
3382 2317
3763 5392
4343 1537
74 1633
1755 4175
8171 944
1579 2229
5684 6640
9719 3142
7829 6842
8843 61
1167 7388
1912 7542
3091 2518
4491 4818
8751 6888
7104 3176
4179 3011
8172 7181
4578 1030
2067 8584
8077 3911
3856 7461
9652 8686
5545 3448
937 4832
3742 9776
9427 3091
2856 5253
7773 9542
8277 939
5999 4557
9462 5529
3887 9376
5879 2920
423 8933
7954 4635
2608 2118
168 1244
5868 2007
1607 2718
14 777
7990 7675
9876 9491
4627 9536
3117 2934
6232 190
851 7286
5085 1719
6282 9352
6106 7406
4081 2802
9681 6367
7876 2069
8096 4287
4832 492
7551 57
4660 974
9620 9097
4544 9659
8431 7017
3056 5260
8147 7258
7870 2254
7923 5298
9232 8234
9953 1578
2200 2831
8112 1787
5348 8895
8994 2404
859 1111
3565 6076
5681 7792
4838 7103
9115 3862
2508 4115
4911 5107
5563 9988
1415 1743
391 2174
8548 1536
3063 1893
388 8292
1997 2098
2848 3402
8409 1377
3749 8987
8262 8497
3095 4033
9380 7701
7448 6294
9561 4329
1253 4017
1845 1677
3899 8931
6881 3214
3646 4321
7464 9456
2299 5819
8532 9297
9055 2656
7775 1212
9552 3462
703 2826
8686 315
9620 8292
1060 7005
5940 2367
8672 2137
1578 2272
7268 3101
2861 3987
5528 3362
9640 2528
8611 4867
8213 8204
8012 3784
455 1943
2480 4295
5150 935
2980 2366
2419 4019
4367 297
9351 5808
9545 2641
9137 7542
2501 2139
8108 6875
7824 700
7605 8506
1139 5958
2412 6231
9031 9775
4393 8284
1251 9582
2741 8392
7450 1398
6543 8830
6287 4703
6419 7074
7875 7054
9811 7082
1217 1303
4816 7074
6383 8548
8023 3919
1268 3520
4079 365
529 6564
4846 9168
4910 293
1713 1884
5376 5950
6160 6032
9668 6023
2256 4563
5165 4949
7302 7542
1987 174
6252 2588
7150 3738
9762 3406
6059 8609
668 8601
5272 8229
6397 8604
9449 7790
8456 9786
7608 1583
4280 6663
8196 8169
7699 1701
9595 1199
4653 9123
4738 1125
9256 1733
1172 7545
1131 6790
6457 9786
3692 3460
318 7441
8045 5721
7940 1009
5271 4971
7041 2640
5144 9333
3644 2665
467 7914
9433 3473
5766 8333
9240 9494
7932 3750
3701 7336
7801 823
1625 7648
7054 3252
9643 9884
1212 9953
8175 6137
7182 8133
4068 899
2364 7987
7953 1594
6996 3247
7434 9108
6746 2318
5032 3800
8167 5495
5340 2455
2105 3562
1303 2120
3006 8393
3348 5124
2782 7187
9418 5420
5490 2399
8136 7313
8943 9099
7456 7554
3194 4657
7599 2944
3497 2214
606 3885
950 7859
194 9044
7484 2405
8307 1718
2530 8814
4199 9841
754 750
1282 3121
62 5892
6072 1973
2894 3614
2147 1879
7912 7955
3117 3097
6131 1799
9431 6005
346 2618
3109 2455
6462 4787
8394 6948
6188 6470
7934 9407
145 7997
7557 7205
4157 9965
946 9214
2226 832
9517 7627
3884 1670
7239 4829
565 3860
7868 8006
910 108
7322 9967
8258 8191
9404 2273
5276 7492
6852 7574
6976 2914
5818 147
3364 8235
3904 5705
1877 6690
1314 1854
2613 3348
9935 6046
9190 5138
6845 3370
8006 9818
5907 9237
2683 2589
6972 3145
4761 3821
8871 6324
2708 3585
5046 4182
4363 742
5787 7600
8829 6852
9763 3495
7055 1867
8457 830
3515 8754
685 1279
6939 4136
9387 4147
7828 1036
8607 7190
8879 3182
2041 7444
9448 5554
9164 5795
4804 6527
3224 4791
1486 5879
8692 6739
758 9112
3905 1742
7449 7806
7607 9146
9508 2572
2259 5802
9697 5477
8159 3243
2071 5751
7730 7267
2723 4216
7919 750
9507 3101
792 4909
4920 444
2903 9287
5016 906
3832 3334
9776 6709
3143 5741
3702 7425
4698 4946
3521 5135
3836 4207
3108 6686
8001 8669
9274 8942
3763 4668
6566 898
746 4914
6193 1821
4634 4372
9295 6786
6716 842
5162 6743
116 4518
6492 8304
2082 3257
7710 2454
6536 1406
1548 9739
8707 9999
111 7557
7960 2602
8856 7089
8073 9861
8510 6452
5086 4654
2505 5053
5428 8555
4709 2452
2227 6240
8070 3147
5642 6040
7474 2335
3401 6507
2246 3257
6069 8736
3989 261
1320 59
5114 636
4135 6502
845 7902
936 9518
9558 4513
36 5289
745 3534
9843 7880
3833 5383
9251 7968
2519 5486
3109 9489
8081 2905
6377 2823
4968 2689
9676 9056
7987 237
7549 6427
6064 1545
7575 1232
8574 3188
3567 4301
3837 8134
2443 9032
1013 8775
9819 6331
5299 4896
8604 9446
6271 2777
3442 8736
295 6280
6243 729
8570 6829
3521 6558
8688 4606
8882 7855
1119 1250
7319 838
7092 1613
2893 9618
5386 1458
6370 8044
7063 6510
1017 4356
9993 603
6030 4943
546 8154
4042 5856
197 1584
1583 6430
9792 5982
7768 822
8917 9919
641 9145
9939 2245
295 2092
4245 2428
4712 4523
5144 770
3065 1565
3208 1119
1931 9772
8753 7983
1287 9670
98 1174
5913 2449
9280 1461
7946 9580
9615 9853
5348 7366
6442 6176
8245 9647
2638 4911
3178 2381
435 8114
2140 3880
1090 5342
1121 4655
1047 2262
8146 2471
7590 4468
613 5942
5537 7238
9295 988
6184 4605
6160 47
5627 3748
5378 6427
6128 4673
3843 704
7583 7434
3696 3660
3749 1042
2599 2300
6427 3959
5437 9636
8080 4453
9787 1800
3524 1863
7331 6809
7324 5638
1130 1334
6289 7408
7915 3827
5110 3764
5079 2199
2983 1135
3206 3624
5040 2244
9613 8975
8868 1651
5344 2655
5627 9359
6783 9047
2239 3054
2944 4563
707 8182
3542 9585
6186 8010
4443 4590
352 4049
6370 3401
1449 8792
6772 7353
1719 3957
1362 9547
8797 3289
6335 936
1130 9978
3680 2352
8033 449
44 3115
5357 3240
412 1067
9001 86
3374 3743
8503 2061
194 3059
3621 4374
4987 4838
7886 3782
1253 5066
5508 6038
3731 1536
907 8593
9379 2863
5852 4350
5981 34
7247 6306
9360 4341
9091 5614
3387 7361
5536 5053
5014 218
4941 4843
3628 1007
1885 1751
740 9769
5463 6645
2825 6510
9299 6667
9540 9762
3814 7024
9008 5737
5491 1496
1265 5426
6017 7204
7832 6528
831 2690
2756 1428
7704 7282
8449 5184
8105 1210
5703 3072
2833 2614
9498 6503
8816 5917
1805 5555
3809 2866
2429 7634
531 7309
7384 2581
1589 4210
4077 1368
9596 6257
6038 8431
5763 90
9004 2181
5381 3960
2053 2624
3173 2655
4635 5833
9339 2659
60 2439
6529 3006
5167 6071
2695 3030
373 4067
767 3994
4543 9627
5911 7508
8294 2960
3321 9319
3035 8733
2533 1167
8494 7155
8417 5245
8981 857
9256 9198
6297 9422
9621 436
5204 634
6924 8766
5680 563
7044 7370
1241 2722
9463 8895
9305 6057
261 9087
4831 5721
1684 6675
125 5816
2155 8512
9485 4712
8507 7740
400 1325
8182 4974
6033 866
7132 6436
1247 9303
3083 9504
6756 7088
9705 5395
8521 8577
1484 2830
9553 5755
5555 1241
4438 1481
2850 5546
4575 8360
6148 8925
4718 3750
5154 897
3760 1795
6247 8150
1674 8589
9831 1535
684 7850
1572 8312
8112 421
8552 693
393 504
7454 4393
50 9964
921 623
7834 4614
2220 2117
5399 3330
5681 6426
5521 5013
1008 9667
6995 3290
6145 4840
2745 1938
580 3713
4768 3463
3713 4581
2221 2692
2090 9591
8193 1699
3 6361
512 8682
8812 3434
2248 4515
8347 5549
2471 6250
2954 8878
5829 3264
9900 2429
7045 9419
8153 5683
3237 5002
9775 6864
3760 4023
6849 3064
3268 7698
7518 8326
2571 5326
5651 898
2144 3761
2724 6322
7092 9615
3637 9258
738 3898
8298 4502
2880 419
6622 806
3165 9448
4096 158
7043 8972
8335 1351
2170 1949
5551 7083
2471 5095
5408 359
1034 3667
3162 6898
7016 3362
944 741
8504 5509
6076 8402
4331 9073
8515 9805
1846 8426
6770 9722
43 2703
171 7584
469 4797
1897 9145
3392 8299
5882 5503
4796 5056
8528 591
6219 9060
4039 9049
2048 6281
9953 8051
3816 117
5875 1299
8732 771
53 8652
6203 606
8386 134
9067 6911
452 6671
9920 9042
5584 4506
9949 1112
572 357
8378 9318
8574 2814
5644 2305
1530 6476
698 9329
6739 3969
9786 3565
2475 5163
9254 5956
7795 43
2318 7431
5792 1422
1416 8791
8164 8019
2598 3284
9843 9734
4303 3968
543 8637
8441 4355
9373 4335
4913 7869
4887 6648
365 2888
4885 9204
2977 8191
4417 7638
7901 9487
716 7252
7839 2193
5504 5277
1808 5235
4007 3044
9511 6901
4313 6534
765 7144
2449 9203
2356 6760
6960 7886
2344 5245
5690 4878
7679 7573
5368 8799
6581 4857
3907 9229
9421 7358
6825 5217
1441 2216
2399 1919
8883 2764
9900 6080
1784 303
1713 8007
885 8350
3401 1140
2991 9378
720 3587
2996 3306
4306 2680
4516 4210
2647 8787
6840 2465
3822 6273
9307 5162
4511 7249
5345 6694
7086 9287
8457 6685
7119 8646
7737 1111
1055 9296
6052 5243
4751 2922
1110 9757
6079 3656
9936 7965
1388 2531
7635 9879
1997 3578
4617 9523
9450 5039
8882 5521
5683 6285
6547 2189
7452 4510
1044 8356
3871 4980
1562 2869
1221 324
7542 6655
4149 4924
809 8489
4135 6746
2314 8331
2625 9913
4769 3097
383 9778
4949 8168
1181 7314
2738 7346
6002 4725
6905 6219
9897 1944
4477 2696
2417 7705
8776 8104
1020 3424
8206 8513
5847 7039
6406 8723
8046 4094
4438 489
2327 2527
236 2561
7612 1358
9234 287
2542 3620
1411 5682
320 4137
447 6164
385 9450
2568 1808
1317 9430
4459 1716
7790 6733
3469 7393
599 6935
9312 4300
6349 7815
538 8911
355 9958
5760 1004
7349 6209
2149 9179
7035 7739
4850 1722
7845 6790
8409 8818
6651 4366
6685 9612
1277 6217
7500 9007
556 6457
5095 772
9957 5354
7340 5342
6008 7872
7590 8900
5780 4258
1332 9307
6859 2036
2199 8892
6867 6061
5463 6271
3842 4534
8166 1893
4845 8144
2947 649
4086 4894
6390 245
5751 2739
1283 6412
6362 4613
1606 5345
9748 3675
3502 5597
6179 5660
5833 5023
5926 1050
9508 3434
1256 802
4991 6434
3680 7589
4676 5110
1901 2260
8485 6719
9321 6991
3841 8446
3277 2
410 9641
7884 5563
3687 7979
5986 2232
9804 3203
1163 1742
9905 4009
4394 3145
1966 6038
7910 3751
1595 7034
1590 6690
5726 6250
5377 6096
282 7362
3355 7425
1056 6756
9872 5000
5233 6317
684 4898
9925 8044
8342 6791
6775 5317
1458 4292
9799 9625
1211 7044
8460 4568
8484 2710
925 4206
2699 2775
484 6715
6652 9798
3250 3817
7295 4013
4564 7097
6641 3223
7852 2618
4458 9330
6072 70
4803 6332
6109 2581
5209 4768
9968 3553
8905 4810
5138 6056
5666 8427
1533 8384
941 8472
3933 3443
9176 2829
4652 9546
5796 7719
2902 2703
400 7367
4985 9197
4662 3094
379 74
1900 449
1686 6347
8212 6694
6035 538
6594 2222
1797 7117
2137 9437
9611 9523
1679 2143
2357 5239
523 203
6144 4645
3449 3222
7272 8701
7145 3264
7800 4656
7208 6996
6205 8304
4159 5075
926 593
3228 1533
7949 1746
5707 857
1383 2000
7296 6062
8853 6848
2155 567
5608 7267
66 674
6480 780
8947 3477
9186 5745
561 4817
4399 4912
127 2081
3466 6959
9434 9230
4520 6370
9876 3913
3210 6215
7499 6771
9801 7711
281 9314
5195 5004
4051 415
7151 9471
6597 1715
9998 8225
9394 382
9351 3718
1370 6245
2974 6877
424 1671
5788 9655
5070 7160
9919 203
5029 4153
3661 610
9982 3935
20 275
8008 4554
9876 9174
8260 4775
7259 494
6610 2300
9034 8333
9008 2948
4304 3870
7351 9882
7917 2157
3053 912
1062 1554
1497 7898
6572 2947
1941 8289
6480 3358
9799 6860
6346 160
2361 7185
9738 2420
6032 2444
4729 9876
8237 3451
5346 2116
3916 3357
9539 2210
5127 3506
5275 3404
4724 5745
8604 8348
5754 9266
8953 2086
3218 8684
8851 8225
6019 4087
5498 2106
3008 8285
3877 4533
976 4762
3992 4291
8102 9800
232 1046
5801 5298
4244 3014
3518 2156
3406 1915
5080 3286
445 2093
9466 3775
1028 1919
3770 9547
5382 2870
2684 1930
5239 1064
8695 7281
5199 3917
9674 7107
3077 8048
902 9135
7416 6439
3978 9846
7997 2405
8274 5157
9610 9916
2064 1848
3853 2203
2437 898
7832 8195
4852 3514
8515 7471
7259 8333
5216 4621
7611 5752
9569 6882
6644 2553
1014 6693
50 7175
4092 1438
5983 592
2872 4209
8500 9822
2278 9886
5461 8589
4706 2829
8474 2185
7785 4592
7384 4248
8595 3643
3431 9276
7978 7616
2116 1607
3117 4390
9772 3427
9178 9104
9491 933
4658 6171
9957 174
6467 8
961 2494
1924 1787
9197 3869
2791 7788
7746 4233
6903 2790
616 8875
1734 5827
7892 4058
4786 1603
4657 2913
3007 2690
6064 2220
2661 5463
7454 3832
1700 6216
6330 649
1230 817
7226 5136
4810 3128
8227 3001
1004 5200
6859 3622
8354 9192
6678 578
9627 3803
3092 4868
9993 928
8310 1723
4932 1024
8566 4352
9161 1529
7918 9012
418 7705
6481 6830
6347 4386
3179 4463
3769 7712
4297 3667
3018 9241
5566 7204
4666 9391
9396 3274
3728 4678
2055 6915
142 4804
6026 1712
3414 6208
7117 1005
9362 1411
5375 6855
9257 3115
9835 3321
3761 4037
946 3286
6706 4854
4968 5942
3010 5566
7702 877
1563 2696
2533 5412
9006 2715
6423 8703
1693 1988
6983 4573
8941 1539
7788 5532
1878 987
6516 5861
7039 7888
3920 310
7099 7939
3245 895
2901 1085
4511 4915
4645 943
7589 5322
3461 5623
9870 5385
1739 7244
8569 9480
9520 7258
7223 1000
7866 7293
9094 8547
7369 71
8738 806
4732 2790
5728 4475
6158 4059
2080 3723
681 4277
273 6926
4843 3560
5593 1806
9607 437
2203 6008
7776 1334
8576 6113
6396 6102
3445 6968
1666 1639
6334 5224
9656 6745
2128 9806
4122 6429
7800 9275
5157 8042
6704 7386
6425 8725
6857 4218
761 449
3278 5515
7483 7124
3310 7682
4466 8124
5980 7328
3645 3996
1599 767
4338 1708
5668 9685
3840 7847
2498 9689
9189 8383
6871 8438
6656 148
7504 1935
6215 6821
7192 4292
6760 4635
308 1793
6806 6508
3535 5706
3160 167
2356 2816
4451 5907
4599 6559
4783 1950
638 6808
5469 5661
6579 5004
2415 9812
3877 158
76 8990
6839 9250
4430 9941
7582 663
140 9914
3743 6759
854 2841
6953 3875
2285 4454
2402 5039
6799 9824
6978 4871
2000 6722
4521 610
7504 4163
6910 9840
5067 554
2742 5080
1685 2365
5451 7310
148 2985
996 4772
7519 2192
4506 1426
2732 605
5252 9352
7585 9605
5498 6375
2136 6209
5059 3295
1294 7620
3670 4537
4589 148
3165 3089
2403 1076
4092 9895
4842 8141
2264 8057
7892 838
9227 2743
9194 6767
50 6183
7536 9312
8002 1383
4522 9075
6162 5200
2994 7529
6633 4031
2560 4793
2684 133
3200 5153
9640 6480
3196 7663
4630 9547
3472 6780
5397 5518
6372 8578
1663 9156
4564 4763
7650 9949
1229 6420
8959 9879
8543 4339
5934 8352
4537 3317
4430 4948
9225 4144
2910 8181
4128 8747
6609 4734
2412 7150
9186 1183
1347 1164
2090 4655
7449 5879
653 3227
3829 759
1960 8746
1812 2432
5795 5914
9876 5767
3183 3994
5667 252
9457 9755
4482 8871
4236 5432
2734 5107
3634 668
4736 6509
5875 10000
51 4475
6742 3169
9261 2646
711 6965
5527 6284
766 6672
8615 8133
7221 9785
3386 6955
5163 9205
7116 5073
5342 4252
8767 8904
8051 3072
2939 8895
8508 4479
7981 7968
6642 6321
5773 3657
3397 6740
793 5435
3923 6032
9088 4007
2090 3850
6205 9703
2742 2315
2680 683
653 2422
4807 6695
3019 4286
7012 1286
6374 1029
3211 4456
747 4686
8273 798
239 3721
7923 6835
5448 7630
5806 4894
5028 4600
334 6210
1273 7361
6775 8139
1293 8767
2449 8455
5023 7639
5374 2204
7027 9114
3531 5750
6337 7913
45 3074
7137 2112
4186 7142
7954 2334
509 7904
5053 2563
7262 7476
1125 3706
6856 372
1317 3876
6334 1199
2466 8809
3500 3404
4467 187
4281 3215
4515 9303
5076 1234
2276 8685
8286 8176
7756 5732
2771 6412
4832 4257
2463 2095
4214 5376
687 6863
1401 5452
7750 999
9814 8941
4761 5545
6499 8621
4455 8471
5695 6352
6879 1672
4573 6248
9057 856
6009 8205
309 272
5978 6640
8306 8801
8309 6066
7003 3401
9931 7247
2455 4082
8174 9813
6123 6240
3012 3441
7801 4320
1039 6914
9351 7345
951 4061
8363 9685
2876 2799
9419 5759
7827 256
598 9800
9343 3670
7562 3930
468 4065
1906 6849
8043 4203
3339 5125
1126 9138
6345 3966
1157 4287
3392 8169
7033 3586
3982 5002
1222 3184
5019 9694
1523 6330
8787 4886
6235 9433
8522 9341
1056 7618
624 4955
4889 7369
7871 1652
5699 6420
5623 7364
4974 9170
6772 5881
4263 7846
9359 9434
827 4533
116 9625
5990 5845
5718 1185
4528 6050
6582 9140
9975 8619
3034 9750
9887 6520
4278 5121
7428 7848
8820 6123
8567 5677
8942 4800
7044 4475
5760 9705
6859 8859
9875 8388
2251 5325
324 4262
6693 6877
6786 2904
750 6356
1314 1968
5166 8185
7819 7854
8717 9004
1902 2138
9491 1982
1055 3205
9621 7690
903 3565
2696 2184
1112 7122
9419 3799
3352 768
7935 8187
2818 7250
5166 8535
7799 2664
7838 8254
1078 1095
8017 4055
6174 7601
5248 4403
2445 5167
9289 4857
3064 1240
512 5787
6202 1698
8664 4805
422 9277
4312 9562
3613 4865
3217 4865
6083 7833
9622 9389
6950 7418
5668 2895
7288 7413
5199 3356
3762 7590
3603 6779
6971 8645
7434 41
8955 4580
2014 4957
6095 4810
2234 3011
8984 9482
7929 4184
613 5438
2351 4350
3973 8941
7454 693
6310 8936
7436 9913
7087 5595
2632 7221
3480 9008
5958 1314
6646 5852
4619 2673
3841 6543
3184 1318
6864 827
9257 7547
2662 9315
8880 5345
1166 9936
758 2005
444 9951
5929 3178
4670 359
5822 4809
5010 2679
2005 6692
2119 2098
1494 8462
8870 843
6096 7263
7871 8686
7656 4560
1493 1821
9459 4621
2145 286
1673 6892
9429 5910
3980 1760
310 1441
3971 4680
7138 2126
7764 5032
4814 8752
1481 7072
8766 89
4930 9866
6055 3825
6327 2069
9971 6085
1972 8063
3904 3054
8637 5536
6949 1823
1844 1647
2130 1452
1213 8196
3737 1601
4107 380
3422 6693
3241 3649
5920 4539
6326 5981
2468 7863
2838 6642
9505 7194
2551 3202
6907 4980
3509 2151
2154 2977
4169 4641
9740 3304
6479 9606
9210 106
1550 7966
9236 1327
1985 1478
1336 3284
1031 9064
8305 7584
9950 4053
2424 1525
2831 5821
1195 46
1857 5615
3785 8034
6273 1028
7983 8472
7670 3811
7577 7784
6986 6562
4617 4400
6766 2846
2717 7412
4124 4467
5891 1865
1409 1668
8824 6055
9282 1271
971 7858
4395 3240
9959 7148
3925 93
473 7581
1643 559
6327 8030
3650 1551
7755 5962
7098 1491
5257 946
7678 4052
5449 1870
8188 2811
6038 4894
6344 8384
3317 1526
7620 260
1080 1735
1450 514
7145 3939
519 3388
3225 9107
229 6066
3622 5545
2381 7439
1228 7268
7730 3811
1104 3260
6248 9026
8757 645
2031 9312
6458 4140
2628 1654
3025 4508
6364 3724
2067 8942
9345 4198
3619 2214
7696 4577
4327 9656
4332 7748
466 5605
560 4486
7002 224
9589 7941
2273 9949
5100 6573
6879 5486
6851 9854
9487 9916
7751 1251
1521 1454
9494 4671
1542 2331
4139 156
6692 9043
2518 8999
9113 4979
2131 6109
7857 1677
6994 2965
6674 7713
8137 7329
981 170
7832 7447
5401 3653
5492 6023
5487 5679
2629 320
4649 2328
7543 928
5148 5459
6856 6414
1849 3363
9717 9038
6088 3802
2031 2091
5331 2133
6542 7944
969 8454
4484 3200
2987 967
7484 2950
2959 5335
8752 2879
9953 1586
2867 5746
5673 8663
6289 6717
8780 8310
784 3389
7912 8500
9607 4332
4827 506
3514 834
4668 6111
8498 2181
1304 9282
7338 9167
3293 4807
6285 532
5500 8893
9175 8058
1957 3431
1016 5617
1332 9795
6088 9063
2633 6454
2351 9774
3976 8220
5869 1785
2161 228
829 2758
6343 7303
894 3153
1761 9154
4626 2852
5278 563
4963 5655
1228 2275
5019 8970
9446 3044
1719 3266
4114 233
5234 4428
6364 5147
3501 5860
8780 7155
7797 3423
1102 7239
9531 2593
7356 3680
410 3713
1313 5207
8312 8218
5915 4008
5129 66
1235 2291
5975 1780
3208 8617
2948 3590
7058 1929
2674 2267
6676 5799
645 8841
4348 3638
5652 5476
5401 8109
1486 3041
9354 8716
1978 3503
9051 2491
2819 4119
5375 6107
4757 7226
7512 9454
1761 8349
140 4360
7137 6544
2247 4832
9910 7069
3964 615
7668 3928
6938 6334
747 7963
9408 9302
9527 4298
8030 4317
7541 8290
7312 8238
9939 8938
3544 214
6510 1134
37 3831
2117 5890
2831 4479
3741 728
2832 1671
6216 9732
4593 4916
1828 2754
6284 1730
8550 7177
6241 5066
2974 1754
8646 469
8362 710
9361 2666
1424 1358
4679 7319
2414 5480
9873 3780
3632 6046
3964 9259
7197 909
8201 8871
2635 4136
8664 4431
2970 4614
7140 9420
934 3601
9225 6161
6942 9435
7570 2588
2086 137
4754 2366
4444 1386
9519 9267
5756 8003
8459 9287
5821 2736
3644 6406
5000 2772
6505 2614
3224 3376
765 2452
3352 6005
427 5840
6738 5067
9831 7260
6156 1679
8145 8538
4531 6616
1955 6605
4164 5102
2287 9818
766 2273
3787 9316
7204 9943
4907 9347
2290 7083
8011 2307
1285 6810
4970 6663
4836 4219
13 2975
1219 9196
3282 1452
1661 3125
8538 5207
1633 1077
1029 6066
9157 526
3963 7448
713 1107
7598 7214
2545 3064
4009 3659
9824 9098
4352 3244
3113 5965
8583 4576
9240 9047
1800 8545
274 1410
5320 3635
370 1118
304 2750
5712 483
9571 1455
7549 9200
5677 1428
7607 510
4838 7274
6080 8234
1076 8864
1938 3941
6633 2933
9312 413
1595 569
5617 3225
130 9925
4609 4189
7513 3477
9311 188
7791 2667
3025 2711
1684 991
4144 9687
9839 5942
1491 2848
3893 5904
971 5256
9765 7713
871 8058
3235 3460
1464 8572
2082 1037
748 9156
1793 934
9644 3222
2634 1550
5844 8492
2642 5575
3597 1597
5493 1095
2196 1324
3357 1356
1485 6416
5587 730
5714 6167
6249 3293
1696 220
2726 7905
8928 9818
5799 1552
647 2284
6989 7240
2290 8506
5466 6038
8890 666
5022 1860
4899 9374
4490 2753
8251 3190
9818 3910
7698 2452
6084 1886
4019 135
937 2238
6534 2122
8934 3597
692 1653
900 8772
6750 6850
7505 8446
7498 5023
5354 505
6506 9873
186 6396
3722 2019
9241 7662
9000 4567
2460 6042
5996 911
4344 8189
2537 7228
2664 9255
6535 5326
3502 3938
4878 7342
4873 582
7526 251
6126 3586
9698 5282
8082 8053
8985 9547
4066 2933
1163 83
6887 6158
350 734
8751 6872
693 7489
2493 863
5825 8734
5328 1512
3734 8014
2332 3389
5451 3797
1395 7946
6691 2432
9860 5209
7434 2513
8236 949
7993 4197
8557 6225
7287 9633
9269 8151
4756 2225
9575 5979
1433 1233
8210 5363
9568 2556
7083 4161
1699 5324
9737 7438
5755 7564
1791 8296
4432 34
6333 630
672 5457
9447 1448
8351 1811
2442 6536
2039 9529
5743 7180
6364 5578
2557 8179
6129 5711
7469 7206
2684 3036
8804 9111
7262 3695
7792 477
7467 717
5815 825
679 2090
5346 5450
8708 6370
1206 4236
1827 6798
5980 8971
9581 9153
6503 2330
9149 3080
583 8394
4654 7559
6624 3788
4167 1025
9547 3126
15 8876
765 7876
6367 8104
2229 7717
6341 6883
5610 19
9071 6580
3316 8739
9763 4821
4462 7739
3440 4079
477 1178
5447 5101
5694 4978
2061 9422
2684 2231
9055 5673
4941 9844
2088 7835
3048 9863
6720 2341
8965 2747
4421 1672
1344 3365
5282 9356
2852 2754
7685 2434
8553 7125
1413 4663
7983 4528
273 193
7929 2013
2879 1544
2636 8956
7351 1807
790 1651
8040 8445
8327 8475
2780 7954
3181 1882
2788 5563
3893 4562
47 7959
226 5258
4833 8567
3245 2806
7099 3434
2966 7555
7252 4430
1164 6938
1190 1743
3337 5778
3311 4557
2751 9064
9613 5950
1029 4269
4334 4655
7684 3306
7098 7346
4765 677
3693 9762
245 3406
6413 827
8863 1665
1049 9058
8179 4416
3573 1709
622 3329
5130 2495
9830 4083
4433 877
9042 7265
7053 406
2507 1914
6438 5206
7952 8574
13 6439
8917 5284
5457 3829
3383 4968
668 2169
2841 4419
193 2842
4583 7377
6387 1484
2381 462
4051 6595
9839 3795
6986 5196
1527 1112
7144 6536
5993 776
4360 8104
2715 5219
2177 2160
7662 1803
8780 5171
538 9643
5767 5159
7995 700
9218 2364
1470 3961
873 5957
2373 9619
7135 5669
1707 3150
4576 3383
5686 2726
9027 2015
5653 6750
7155 7075
1516 9217
928 379
5542 2947
497 9992
3068 2489
2706 7735
9857 2472
2386 9450
6294 515
8602 5407
6200 853
7201 2882
3878 8306
5182 4482
3522 565
189 5301
6854 2774
6355 1141
8571 809
8665 6106
6204 4355
5540 5129
1364 2006
2308 3501
405 2832
4921 6777
186 1216
7715 7425
7192 5398
2920 2567
4977 9338
3384 7397
3702 5986
9698 9551
4321 7721
7277 783
3198 7392
7871 4905
6405 4237
4538 9641
6341 6696
9507 3540
9450 3006
6122 1670
8830 7462
9077 7339
3346 5011
2690 5646
3552 4887
8163 768
2101 5251
2621 1345
3560 2496
870 7109
7281 3534
6231 4996
7041 4047
530 4008
1712 4917
5419 6249
4956 4273
1556 1371
4479 4873
9621 7560
7033 6034
3919 3718
6439 6049
6742 2852
1086 8023
9479 3720
652 5287
9391 1621
8324 4634
2778 7721
8392 3048
5737 6716
8770 8858
5520 8933
3324 8389
2285 7788
2123 8958
1574 2300
7642 7431
9541 4948
4611 6089
287 6478
3778 3082
2312 2414
2747 8758
7343 3607
7353 4295
782 4205
8646 5974
4971 1147
6378 4618
3014 2871
7522 2791
3332 2214
3757 7116
8058 9187
9730 3315
8279 7843
3360 7645
953 1993
1049 2455
7592 497
4125 9205
4032 6008
1726 8332
6466 7067
1509 9795
1581 4945
5184 8960
6770 9730
6204 4623
3186 4267
4872 7153
6964 4311
3346 18
9290 9809
2905 8189
2575 141
5587 2934
7672 5337
5683 2642
2462 1203
4084 8800
2938 7548
2847 1768
8879 5744
5243 6507
7385 3028
2037 6100
1657 217
65 6792
7441 6343
1613 9744
1408 6306
832 2763
4269 8930
5690 5691
3649 9976
7663 7853
2047 9447
4266 8632
4098 188
4447 342
9171 7242
8214 2479
1458 9025
6957 5368
9388 9162
9520 8527
1638 5428
6547 774
4406 7107
9922 6063
4709 4664
1939 2158
7448 6359
5894 9254
2793 7143
5644 2663
3335 552
6581 9403
9384 2223
5081 3489
8935 4117
6667 9177
2598 259
9437 5267
3344 1769
5398 9023
7167 7248
5057 8730
6547 7540
564 3456
5108 9449
3399 4859
6066 4234
4672 5132
6224 5574
2213 6460
250 5740
5761 3598
6344 5676
346 5448
1093 13
4110 7314
5730 7668
4907 7631
4356 9972
8859 8794
359 9066
1075 2066
3700 8355
1484 7189
2315 6363
3447 1493
9789 2285
1079 9355
384 3646
506 3077
6918 8772
7207 2459
8967 9266
9316 3004
9436 8024
6022 6914
8121 1109
9120 2311
4892 9578
2332 4438
6695 7387
1091 6332
6908 2018
7038 6972
8502 7567
4975 8300
8402 9615
2960 974
1401 3525
5420 8916
7968 6879
8217 7583
3637 6851
8829 6649
8672 8163
1519 4685
1106 2826
9941 5284
9543 8621
6946 3599
4719 3742
5278 5426
7200 6899
880 3422
9753 2954
2287 7647
8383 8410
2471 9454
2399 1472
9599 8903
4699 5749
2190 7714
5612 7931
3675 2016
6882 5277
5172 1997
3586 6108
7401 1146
4494 7946
4536 7448
7619 2537
6686 4584
657 2037
2152 8361
402 7934
2386 3115
188 8914
3741 6396
8149 8364
1709 1375
9021 9047
7834 3630
963 3248
3509 3794
9483 218
7024 1546
9171 4827
6029 6125
2784 6544
4465 9086
3938 6159
1949 3464
8640 8574
5531 5848
5056 3111
1878 4752
1035 3309
878 9741
6707 2778
5365 3866
1008 9033
2715 1462
2004 138
4115 7926
9660 5368
3190 8336
3020 9645
6302 8327
7228 5109
3838 8557
8525 9940
3487 7576
2766 5564
6974 6690
3586 5303
8593 1938
861 1062
1523 215
7185 4658
4759 1962
5602 3405
2391 2654
5722 2009
3987 9030
4073 8804
5318 7029
5308 2177
3757 9507
9975 5537
9579 5537
694 2992
3355 8938
3555 5616
3382 7351
3471 3636
9252 6081
7602 3606
2316 7556
5027 6449
1073 8623
417 7006
3029 6674
9027 486
5381 561
7 8828
2159 6037
934 2048
1705 1925
3487 6771
1687 6981
937 67
2707 7562
8311 2201
4171 7403
1683 3829
799 5795
6122 946
3536 247
9365 3864
6218 654
6190 9186
9666 594
7157 2559
6035 1701
6558 7892
9579 7765
6766 2179
4568 7978
795 6026
8947 4290
2073 6643
5065 1614
5378 7029
4595 3385
7955 3478
9362 6949
9226 7088
4374 1696
3555 4811
3632 305
8890 723
7415 9391
5701 8621
7354 4951
4995 3477
6576 8067
1323 8747
4864 4714
8964 8781
2716 1208
1253 6473
1931 9569
8249 9967
9162 5733
1929 2326
1342 3512
2671 684
4009 2106
6221 9946
8549 5691
3377 5047
173 5467
1642 9816
7745 1924
9352 7735
6341 2134
5677 2908
2886 1023
4529 7245
7151 1185
6958 7960
8983 6148
1010 2177
2317 8450
1270 7177
9842 4337
3338 5469
4181 6912
5117 4382
7393 4101
5366 8092
4019 2420
1945 9975
6852 9412
6136 7744
7820 9803
7104 9633
1275 3764
2343 3605
411 1444
5703 7862
4304 8416
7281 2355
5696 275
2493 4303
2954 8862
4487 4336
2183 3323
5385 6240
125 4995
5070 752
8807 41
1119 5853
522 7849
6152 1457
5855 7852
1644 5674
5586 1985
553 4129
3228 4119
3568 4187
3974 5629
2220 7712
133 4482
5525 1682
504 6869
9413 1140
4671 5742
2336 8826
5230 7426
1567 4114
287 1916
8690 4717
966 2204
4763 8714
2901 8046
9092 1
3799 9196
6949 5507
3618 3900
7935 2340
658 7686
9211 7048
4416 1436
9894 4072
6418 2838
4474 5578
6065 5194
4485 9874
1992 5202
3818 3961
5034 3700
9702 869
2709 8226
7750 3691
3132 5885
9577 5304
3409 2221
9107 9327
4837 153
5567 3382
8635 3855
8521 6951
9672 2131
8369 8809
5995 6303
8416 2239
3187 7477
3123 5018
4594 368
450 5828
1499 7147
2631 2277
9040 8455
2937 9931
2524 8072
7169 9953
5266 8530
973 4822
5078 9233
2781 2221
3237 3026
2058 5798
2839 6363
3517 9459
9745 6177
3580 6775
4767 8782
6138 5426
6656 7109
4266 4070
2575 840
7440 4939
4198 9039
1082 8148
2039 4243
9234 4914
1706 7975
4316 6816
6121 534
3323 2396
4786 2766
2637 2068
2195 1723
2504 8894
4221 6929
2564 8945
9539 5146
3304 841
1731 276
8797 4509
970 6779
3998 8577
7136 3373
3875 9675
5238 6458
4176 6405
8443 3230
2462 5635
6455 3389
4270 3788
347 357
8463 3882
6812 7598
4585 8495
9960 9498
3649 4609
4826 5174
6901 6889
9301 1948
6814 7644
1021 3684
7504 1675
3052 9988
6717 1295
4098 4620
7809 5694
6997 3564
8151 2425
5966 2824
6437 8825
4622 3085
8980 5690
5088 2326
2383 215
6428 4575
4540 4938
7484 9317
7149 9970
2908 6452
2570 9840
7042 9349
5576 8681
7197 7008
2498 1858
2398 3906
2274 2150
2399 7514
6110 2172
1562 9269
9435 6620
6640 7999
1181 3915
7755 1270
5040 4887
1337 7838
814 2401
3947 2515
306 7098
5593 6002
2616 5647
2303 986
6805 9005
6306 956
7493 7127
4198 1013
5593 9385
830 8946
8015 8929
262 3766
1136 358
7827 9632
4568 6181
1753 5430
8456 5639
4657 8882
7329 4437
4741 7829
9484 6081
353 6513
3811 7141
9379 2123
2274 7761
8033 59
4581 9045
2501 570
4449 258
883 6678
45 5579
2867 1859
4107 6910
7844 6953
9310 1205
5978 2379
3421 6582
9121 3935
6036 5767
5568 4201
8780 7806
9587 3176
4720 2414
8964 3951
9115 9782
6438 3303
6278 6054
373 1099
1716 9281
2576 8449
2700 3789
6375 2954
833 2777
8837 1143
3752 8789
2451 6468
5312 2676
5773 7235
7974 1707
2313 6534
7987 6076
394 2326
6925 3771
579 7741
8858 8786
3492 4139
608 6981
4744 6541
7726 824
8880 3849
7641 2406
2490 1885
6602 3303
6605 7738
5540 7414
9688 8489
1135 2711
2596 3035
4304 9652
9058 8093
851 2952
653 2967
5324 6069
405 5117
8818 6354
1619 8947
6409 7045
1710 1895
4917 5156
8458 1123
5887 1456
3480 9390
2184 7413
5539 4910
1200 103
4914 4858
9322 6826
9769 7515
4786 5612
7802 2889
6219 1636
8703 9972
2389 1402
9613 6975
5990 1584
9143 7992
8150 9988
4998 6434
7054 8099
6899 7030
1362 7197
289 596
863 3312
8741 9675
8162 199
2933 4683
5185 6260
2064 2019
8602 471
3029 5145
956 93
1853 7434
1044 5575
6483 1867
3365 4313
1811 7962
9218 6072
9037 3028
3147 6305
794 8029
4542 1845
8308 374
2062 2296
9278 3090
1802 679
8083 7611
8564 7884
6071 3212
3483 8102
1212 7229
8206 5732
3452 121
3230 1994
5599 4156
2010 4765
91 9225
4291 4828
60 1244
1417 464
6406 9325
6520 3977
5776 8929
8393 8941
3883 5942
7930 549
3038 8590
7676 9300
8543 8885
4553 8396
3813 4422
260 4688
1184 643
1622 4252
4824 7169
7261 7745
7724 2551
5728 5101
1180 120
1338 7876
6594 7467
6045 4219
1300 5140
5671 7950
740 9647
6688 4850
9886 3861
4194 7123
271 3692
3225 7261
8798 2587
6778 579
4847 1272
8732 4219
3565 9581
6676 6718
1571 126
3692 5192
4325 9269
3260 8945
4008 7118
3130 6620
793 9631
612 4335
1503 5068
7351 6483
6102 3598
2342 9021
6852 4850
7287 4778
4592 7519
8718 6391
729 2641
9533 5786
7040 1114
9717 8347
2962 5696
5947 5912
3767 5901
9278 4513
5725 615
8159 8090
2832 5623
1993 8463
957 7379
5917 4168
7056 8413
1715 6240
1111 649
7869 4729
4574 5785
7487 4435
3196 800
487 8369
91 1199
4623 1513
180 490
3385 7088
4772 5019
9484 8122
7696 4959
5423 9675
2591 5537
1569 1877
8141 9739
9872 1064
5641 4650
228 157
6257 452
7082 6951
5642 7504
1747 4623
6726 5626
4057 9588
8073 8292
1003 6569
93 3904
1382 2401
9677 8143
8178 5083
5858 9199
6166 7100
9898 6799
961 6316
4036 790
9870 4751
61 2087
8455 7054
8486 2203
7190 4390
9707 34
4900 77
2045 651
3726 3193
9199 1321
6432 8912
2540 4794
1110 6789
3877 3362
4372 9757
480 6393
9878 855
2665 3742
3348 3018
8764 4776
9531 7163
9474 6629
1516 4444
6265 6705
1377 902
351 6922
1848 487
9387 968
538 332
3769 8151
887 4650
5113 1474
3366 6980
3966 8665
9715 275
1998 7601
2087 6138
7195 9995
8938 6999
5887 9913
4542 1658
6073 469
6974 1136
7970 9991
7405 1322
4791 5745
343 6630
6845 8835
7213 4535
4107 8496
582 230
6034 3897
3971 5225
5595 63
2639 585
397 450
8019 434
8027 6711
1666 3233
790 9978
4866 9487
7641 6675
1323 7031
6796 2153
4738 3825
2698 4548
8199 2472
3899 3255
6799 5807
7788 6321
8687 8827
5314 3584
9715 2853
6403 1296
5444 8538
9640 6651
6336 3457
9042 2760
2135 1967
3542 5438
1948 5524
9078 1636
8572 9412
8763 6728
7241 1964
9254 2801
7516 3889
2590 5930
3679 232
2412 7321
1068 8336
5426 4525
1286 9727
1 4933
940 2674
9586 2227
6442 9868
2343 2239
9373 4563
9674 1293
9612 415
4109 6582
1249 396
2085 4832
7219 3494
340 5503
2389 8249
4968 4771
6217 7656
5193 7333
6246 6142
1354 7767
1631 6355
5585 4181
3816 5956
8730 148
633 837
3530 9534
7205 8699
2382 1793
4061 9924
8266 5117
3780 7430
1684 6366
5462 2246
66 8310
8104 9670
6943 3222
5200 3966
7077 4
4553 6599
5635 3894
9972 7874
8279 1565
6447 9407
5656 1738
7412 5363
4604 6537
1271 4857
9154 5148
4445 5726
9391 4337
182 3358
7215 5199
7358 1343
57 7793
800 5622
2668 9488
9881 939
7539 7016
3010 6973
8447 8854
6947 2940
9937 1248
2029 5596
5869 6518
4647 8462
8981 6509
8327 7971
4280 6948
846 4462
2100 1275
7289 9470
5176 5019
6327 199
4897 5604
8154 2566
6543 4927
3704 6788
2676 3313
4825 1005
6341 1036
1148 1767
5840 3494
7746 3680
2238 3087
5295 9787
8119 478
3053 8898
8516 9748
677 5565
8307 9574
2674 3617
5804 9849
6243 851
3729 1718
9823 6572
6770 2997
9473 2029
6455 1673
4593 7421
8827 8270
5744 349
2134 2333
8963 237
4186 6508
5703 3731
9720 6043
320 7748
3028 9376
8164 2449
6003 6652
4169 1616
4355 840
3917 614
8488 4266
6464 4768
6806 7915
8122 5606
2546 183
9201 3384
6657 8546
4472 8191
174 9801
925 5239
9982 6578
2076 419
5711 6601
4369 8443
6112 529
1416 8482
6770 8608
4005 30
473 1173
192 931
3676 6944
9787 9493
6269 2398
4739 6441
6798 7623
1323 9422
1091 9853
6387 175
440 2164
5008 7797
8196 428
8686 6479
4145 9085
6946 5242
7722 545
3455 2222
4083 1791
4351 2545
471 696
2542 4921
713 229
1363 7693
181 6784
7746 8486
8400 608
6378 9107
5323 9471
7713 6094
7894 2722
4354 9609
3353 1164
278 3684
5027 1781
5722 1074
5849 2347
5596 4907
4789 3121
1981 9957
1076 1220
9909 3605
2440 1611
110 5039
4554 3254
9822 4360
176 9042
8421 8251
5276 6622
6988 3559
2695 6267
955 6528
3087 8777
7584 4344
4993 3301
5084 9081
4676 7566
6866 1849
9784 5007
5678 6787
260 2704
6848 6181
4606 6046
2622 3695
3828 9162
4647 6047
7130 9277
9896 8631
474 189
2645 8782
4611 9773
2111 1678
7004 7825
9091 475
8425 4586
5618 8614
7268 5427
7340 577
2073 2325
4851 3194
6052 8317
7120 8158
5874 3292
8011 5885
5901 7367
349 86
4120 5375
5577 8963
4744 8208
4333 6
3589 9122
5647 1034
4456 4543
7942 803
6665 9456
7697 7388
5173 1151
3891 9460
5453 3420
6065 2486
2265 7756
4238 3502
2144 3265
1459 9578
2980 3537
2044 6067
1016 9008
1494 5600
8610 9196
4133 9343
9458 4567
6784 8185
5186 1736
4040 484
7276 8647
4840 345
9131 1728
2319 4959
1671 3203
6432 1317
8398 8724
6609 8369
5466 7388
1066 8721
7852 4269
9691 3987
7788 2564
9562 1133
6881 3580
5862 4355
3431 1315
4981 176
8607 9248
404 3125
653 3829
697 9763
7918 5239
4885 3097
6665 5618
8396 1107
3177 6279
1907 9687
93 5303
8594 4475
4224 4519
9772 8648
6589 3529
5307 5422
4909 2343
855 6565
6454 860
6053 516
6591 7739
1764 9759
1048 9589
5028 2974
3994 8379
7768 7523
8109 1400
7738 8812
8917 3788
7516 9931
2588 5483
9814 549
7130 3479
4358 146
2615 890
3714 6460
2647 6063
4204 6095
5854 9324
9128 975
7681 4521
5848 8755
4012 9308
6663 1734
3547 5007
1897 1778
3974 156
1344 9708
8271 4737
9895 6745
9642 8551
7252 5512
4445 9540
8681 6298
2012 4919
8829 6950
1322 4472
1853 4108
6335 5059
3632 3021
571 6001
7481 3305
4065 6286
9502 8921
6155 9787
2321 9811
1664 5340
4465 743
8195 6031
2899 2877
908 5771
6321 3848
4588 5280
9089 3275
5572 5450
1372 4185
3206 3559
9785 1258
3307 3611
1471 8328
8 7177
39 6490
2403 9062
1257 3646
6758 7232
8337 5333
7739 688
5841 363
8081 425
1697 5823
370 8697
2543 7537
9611 6181
462 5253
2919 3098
3473 4438
1955 9996
8698 2464
9828 7347
5244 2709
4461 5481
3372 1353
7487 36
9469 5724
4025 1918
7108 9839
4840 7729
3679 1281
5150 41
7295 3249
6887 5898
4170 8688
9407 1813
6535 6944
3589 5902
3305 6143
4141 6415
1956 6814
9590 4149
552 608
9617 8224
1461 6054
5501 2900
1731 1219
8611 2818
6470 483
3292 2124
5124 6333
7832 6463
6612 9234
3503 2344
5404 2940
5378 1719
5464 739
358 3344
9413 3856
4652 4244
6411 5164
9383 8528
8435 9543
6852 1874
3550 8175
940 2918
439 4622
3708 2345
1349 1625
8219 8198
9747 3328
344 5516
6137 3060
7739 2111
4390 6314
4199 9752
4505 6826
7650 2793
91 4289
4698 9850
89 1964
5870 3655
4810 4429
8044 9513
9264 326
5186 744
5805 8895
9881 1988
367 6789
4505 7176
4927 1981
9069 9657
6493 9646
7988 9554
2682 4958
230 3293
4899 9732
8936 3651
2743 8617
4701 9747
9279 3990
3833 3521
9221 9647
6793 3872
4107 5975
471 322
3461 5046
2205 1744
6310 6155
6351 6156
6444 2937
7254 8404
8706 4478
9743 8416
619 3603
2769 7155
5715 5945
5529 2557
9761 6743
5991 4308
9188 465
5901 1382
7572 3236
2561 9111
42 6224
288 3247
8173 4365
1788 6909
3030 7869
6079 4128
4365 9774
7264 2302
6426 1203
9712 2313
6919 4519
8636 2554
7564 5977
9279 9601
9501 1312
5573 2455
6546 9606
5049 9625
9089 6471
2530 3732
9927 3406
8337 5146
9273 2616
8115 6265
778 6642
9589 4542
8966 1153
4981 8178
3851 1043
4257 1731
456 4147
4702 2347
5039 5150
4889 2173
1639 2248
6470 7517
5410 7537
9147 7580
4790 7829
8030 650
9461 8679
6469 3128
8821 1179
8270 4274
6926 4535
3199 5934
6893 2143
5086 1182
6015 8815
2348 7259
4394 4072
6300 5012
4459 5221
1888 5554
295 3613
9104 7102
5023 7249
9821 9372
7010 449
449 7463
1166 9733
3897 233
1715 6565
4497 4924
1128 2833
4777 7193
8683 8011
7785 445
7253 9252
1845 5857
5584 8979
969 8438
4398 4164
7282 1322
9928 6990
6659 2097
5506 6844
7407 6686
4886 720
7069 4412
3296 2460
3985 9098
5100 8785
8679 1072
8581 537
9152 3736
2920 9528
3192 1356
179 1344
7157 9894
5512 7009
2577 1992
9332 2391
3971 1094
5416 885
4939 731
9918 1734
8392 1015
6256 7692
3872 4498
7146 2565
5788 6126
1490 1320
7711 8201
5115 2650
2473 8435
2939 9928
4472 5402
1972 4477
8885 1298
2653 7090
6302 7286
6209 4089
2809 7603
9189 2463
5198 4755
659 3270
7913 1138
3866 6531
3898 9452
6515 5300
541 8876
5484 7970
1249 3486
8969 595
3456 5320
4571 5007
8399 4414
1862 5406
5229 254
9515 539
9854 5
9991 6884
9177 4681
3082 6018
403 9292
7151 8520
5000 7749
1211 7516
1941 222
3790 4792
1261 463
8511 7257
9789 8628
3118 4170
8813 5343
5024 5110
3152 3754
5203 911
2123 3087
6486 8288
5894 8376
6334 2232
2342 8086
5604 4638
6636 2570
120 2187
7561 5543
6795 348
615 6330
4582 8525
7039 7124
964 68
6003 5286
3948 4977
4065 5562
7910 3418
5850 8427
52 4123
8701 3947
8960 5339
7802 8988
3902 845
5347 636
4526 3678
8705 4066
3381 5280
6588 2125
5487 2898
7727 6370
3183 5295
829 4165
3785 3643
890 7824
8913 1736
7046 7140
2565 3381
7642 755
8256 9316
2129 6234
6725 1083
8942 3605
5516 8150
9836 8019
9562 8948
9394 504
8829 5421
4161 1836
5310 353
1521 4284
6533 1263
9800 5329
614 1136
8244 8151
431 6347
6558 9429
3261 9658
5594 9911
3323 4120
4193 3222
9647 1300
7618 5622
9631 43
212 3950
518 8194
5680 1734
3658 9479
4162 5040
5143 1529
7703 1007
8329 3913
669 5357
7515 1710
846 331
3249 2077
6349 4717
4485 9638
7537 8824
2623 1800
9311 977
2155 234
2998 1677
7191 1771
7910 1458
589 2368
7722 7823
3020 3156
5329 1103
246 5412
8198 7752
7405 9836
7656 7203
2642 2981
6193 6806
5252 1822
6694 7731
8141 9877
7745 9877
553 6471
5162 8695
1229 9494
3343 3967
3248 697
388 1681
2282 4516
7211 6156
9792 6511
4708 1550
6156 7274
194 1815
6799 1489
670 8160
4961 5379
3180 9803
4425 8028
42 7810
3676 3968
6219 8003
1213 1390
9585 9042
1927 733
4224 575
7783 2009
8668 2173
4760 4692
6718 5068
7494 5289
8297 9585
5033 9954
6086 8009
3748 996
9202 5490
7681 5115
3852 5483
8580 9119
3974 7166
7649 5577
4776 1438
6429 8348
1413 8217
7672 6500
8639 3283
5205 1551
9938 5531
7634 3764
104 4500
8158 6393
2181 626
907 6544
3615 8172
2340 4820
349 7714
60 7611
6916 4652
6689 5427
6407 79
5314 4877
8409 727
8550 6624
1533 2253
6098 2707
7746 4355
9427 6897
3114 1181
9428 9751
5655 4389
8022 9888
6219 4165
8677 4864
9916 645
4126 2618
9355 2298
3694 7125
855 1816
8299 3191
1420 282
5924 9128
7476 2400
3131 4918
7207 4427
3568 4919
8793 9361
9652 4921
8447 8724
6262 9123
4032 3333
2807 5760
200 6436
2564 8254
789 3798
6109 5094
4299 4616
4827 6987
9211 4397
4513 8517
7999 4777
7914 8611
9187 9638
4099 771
3321 3887
2672 5693
2460 8254
8465 3237
6027 3190
5476 5531
9604 1066
5966 5166
2509 7392
432 9014
7094 9222
5428 7742
7835 3972
4370 2173
9196 2934
424 8372
13 2422
6982 7476
3524 432
2152 9979
9127 7678
139 2726
176 7489
8786 7385
2931 2547
1283 899
1437 7001
7473 1297
5678 1851
7858 1862
3809 6428
8468 5763
9502 4522
8535 569
8437 4198
9489 9198
4016 1244
6375 2718
7059 2596
9622 8007
8924 3535
5536 1394
8363 5188
1549 7592
9957 8485
4966 5967
8928 3654
2584 9205
4881 3385
1615 2927
274 7623
370 7331
8147 810
8735 7396
3812 8954
8296 4316
1043 2886
1067 7444
7730 4844
6577 2421
352 2968
5326 3627
1028 5237
8293 6647
3983 7496
3967 6963
1464 1603
340 4836
565 982
3634 9971
1404 4935
657 3200
6414 1087
4051 8539
2604 5669
7707 9182
644 8630
2953 161
5433 9509
2420 7245
1298 6387
4995 9283
7664 3069
7584 7247
9974 8034
3632 3078
361 2276
3349 6927
7640 8310
7234 452
2037 3693
5514 2119
5713 5712
656 4826
807 9159
5346 3474
3119 4371
5411 4623
4700 2545
1930 39
129 8692
931 3718
7474 6678
4876 4464
6617 641
6278 1175
9201 4677
7905 1946
4503 8797
5785 488
5998 1535
7894 1787
7393 9907
5867 5024
956 8851
4278 9618
6344 1391
4224 6349
1361 3652
1910 3894
2850 8653
9686 9980
1102 4889
6768 406
2434 3113
1470 3595
9873 9806
7705 1484
7786 160
8539 5093
7916 5868
5226 4065
2363 1368
8839 2352
3388 7955
8374 3713
2028 8437
7494 3142
1264 2564
7960 8018
6780 766
2294 9495
5353 6442
7591 9841
8674 9990
4309 3962
4159 7401
2132 8386
8202 4518
6369 2336
6301 889
1714 9566
5076 3316
7882 6233
8386 4046
1153 639
6758 8712
2240 2442
9872 5366
5670 7438
226 3632
6131 1417
528 8134
8398 4056
8088 9492
9404 6429
2520 8094
5691 5282
9211 6788
8237 6582
5069 8911
6438 9646
5812 324
989 6250
6863 8886
5803 2490
9520 4510
3904 1940
6077 4944
2761 959
5500 1900
3189 3126
1919 6534
9660 3766
5959 6386
4555 180
3223 2710
4439 8865
5675 211
9536 2010
6452 9702
4057 6319
3589 3999
4396 5785
1621 2181
7014 8651
636 1786
2998 9947
6243 9528
8853 1953
1380 9639
5291 3604
652 4921
924 7329
5817 9312
9895 3232
7809 9272
5314 8691
7499 1876
1494 6893
7717 9683
4507 489
5941 8035
8515 7219
7250 4555
4844 8927
6396 8615
1016 852
8454 527
914 2827
7713 9160
8164 3205
6830 9072
9688 845
1102 5507
1384 8603
4901 12
3772 9317
8295 9515
769 9993
5654 4945
7954 9222
9286 1030
6202 7968
9225 9422
3003 9486
9440 4880
4560 9518
3079 7818
138 9372
1320 3865
6038 6813
8720 7974
3025 4549
7687 9817
7064 4176
2077 8947
399 3670
7066 4222
898 1139
6116 2158
8930 9100
2612 9456
4837 1316
6305 2030
3942 9482
7956 8113
7237 2010
452 1402
4710 2645
8452 2278
6363 8801
1038 7161
4240 3662
4771 9714
7006 9432
7040 1846
4020 4827
9875 3249
8381 533
7593 3715
8969 7873
6657 2081
8124 9767
7964 7600
2525 2640
689 3193
1124 9537
7988 80
4732 6726
9517 4480
9049 2160
3078 6007
1113 8624
5779 4966
8862 6471
4383 9201
7115 9725
2103 6330
6399 8057
8047 9705
4503 1389
9852 8341
9855 1442
3375 7132
2281 1906
7449 5814
9162 6359
8360 5671
9995 698
5012 2205
4019 4201
933 8814
6351 6481
1227 2845
446 2280
1001 7228
7914 4049
2836 8702
4987 805
6907 1451
8125 2017
4088 8852
3271 6378
9219 827
3605 5500
3978 3796
3823 6891
1238 9800
7368 3731
7901 6446
6499 1067
2574 8143
2445 5289
7379 7273
8892 1371
829 1644
1204 767
4724 2273
2855 6850
2786 4801
9983 6299
9083 4322
9604 9686
3725 290
9759 175
7763 3479
2073 398
1293 9857
6835 3618
460 2686
727 586
171 2583
7454 5353
947 2804
507 2532
9745 5380
3434 491
3246 6856
7138 4558
3924 126
4149 2688
384 7013
7946 9198
1810 1866
3422 8775
5483 6620
2064 9330
9438 8054
8655 4410
1122 7881
1487 2152
1554 3374
3321 4936
7030 2931
7799 1981
935 5022
6095 8315
5780 2827
52 4180
7736 7294
3969 9294
1393 2867
5214 7519
2783 4479
6427 3577
5339 51
5655 4983
3649 429
3535 2771
422 5561
1043 8123
7416 1812
6793 2587
2803 2098
5614 5359
6985 9173
220 1670
5848 867
130 5160
6508 3357
3240 8488
9501 1182
557 1440
2365 5255
7217 4985
2239 2672
2863 9669
9396 7023
1984 2153
4447 944
7129 8521
4758 9696
8610 9497
3223 6979
2426 5881
1764 1066
4190 3762
420 1327
8489 5006
3287 7903
8604 3266
9455 4570
921 3006
6826 7207
8702 9436
2131 9346
3595 9187
6520 7100
9530 9066
1808 8878
5767 1386
5832 5945
6909 9312
5173 647
6107 7870
3808 7201
8159 8635
1146 1030
2080 4089
6099 7228
1546 8319
799 6584
4109 898
7001 9251
7161 6500
6244 6828
8114 8111
209 8970
2759 7760
392 4890
9795 450
9468 4027
6931 3944
6478 2686
4302 3548
8187 6495
7853 7373
7357 3005
6562 4262
4927 2819
9769 1107
3055 1463
8657 1691
6544 3656
5911 3743
7411 9657
8115 1142
286 1811
1552 913
4416 7218
985 5003
8243 9406
1667 2556
3969 3496
8019 8200
4872 4990
4255 8963
7300 7732
7295 972
4771 1151
4815 7839
4004 8563
5238 3246
3942 1269
6671 1522
4704 9728
3186 8870
1065 394
7104 623
8002 5937
3463 5206
1381 2320
8475 2185
5259 7506
6391 2636
9309 1630
9529 3848
8283 5398
3706 8347
5855 1875
9122 9351
6376 823
8585 5736
5228 5160
617 2109
7809 5515
4825 8153
1802 7453
2953 2633
1929 2310
4484 1444
5604 1475
7534 6973
1739 6350
1708 621
1388 5369
525 6657
7268 5541
3534 9179
731 6533
4256 1967
1924 8732
8074 686
6647 5608
6771 1702
7891 1733
3464 489
8388 1785
6335 4555
1316 6405
9561 5614
8318 265
6914 475
2934 7844
4121 2681
7999 7867
2395 396
3186 1649
1107 8860
6257 5803
8124 399
5921 5854
7471 4715
6592 1363
2022 5483
8594 8427
3462 766
3417 7439
5449 382
629 9989
932 6792
2153 7629
4288 2979
8143 7215
4158 7070
4249 7188
4445 4848
6957 2400
5126 7461
2196 2788
489 5441
4909 9678
6935 8468
8148 4526
7212 640
1694 5021
2447 9954
1193 1063
7519 5486
3663 3277
7266 876
442 9008
3434 8143
2539 6510
5764 4715
5467 3940
9479 5908
195 5344
2717 8502
8066 1868
7847 9674
4946 7651
195 2311
9501 6606
3775 4622
6466 8555
7345 5491
6034 2482
8962 6328
7661 7417
3200 1681
4736 3842
3198 854
586 5350
6590 9530
5933 5059
7402 9408
7872 1975
2167 9913
6773 6204
3062 5130
6623 2473
8354 4378
3450 5212
8553 7971
9792 2998
46 4066
3155 4540
9965 4646
4868 5085
1692 1137
9904 6622
9352 9492
6042 5352
9280 1510
2490 8472
5148 4321
1251 7029
3713 5972
7125 9665
1228 5325
3 7752
6536 5106
1909 8692
7152 1662
4863 5091
6915 5102
3173 5469
4231 1616
3480 3145
5536 646
5627 7180
2136 4160
4997 6784
8933 4004
2954 7236
6397 2668
1985 7374
4867 4459
9538 7561
2754 8
8581 9214
1986 3812
926 4586
7987 2059
883 1506
2135 902
292 284
9562 9086
6523 7853
5303 4208
1877 5747
3064 7754
8004 2413
7408 8017
9877 5125
4548 8247
341 9975
6320 3737
6411 3855
5602 7658
6003 8002
1153 9072
8772 5375
6279 703
840 4411
9618 6335
9988 5114
564 8677
8986 9276
187 59
8862 7520
835 6696
6676 7694
5525 1934
8140 5283
9671 6346
511 1876
2071 7841
9690 4144
9633 3610
5680 2222
9813 2265
6268 8808
9542 7629
7553 4934
134 5309
3850 3721
9874 3672
5157 9994
9789 1090
7105 4020
1762 7436
2934 7657
9744 1347
7424 5463
1156 5182
3308 9561
2904 2530
3119 240
8246 7557
3249 5948
5947 472
4431 441
7160 694
8839 2409
1275 9977
4076 8386
4544 9952
3086 1231
3488 9347
6590 3732
6039 411
5595 2649
9087 9277
6303 7839
8975 7558
9484 5715
6929 4329
5592 8767
2168 553
4959 2438
6583 3692
1023 9325
8728 6900
2012 3423
3440 1355
565 7723
1886 5004
8080 2892
508 19
5207 5169
46 8067
3618 9763
5146 5647
7725 4421
502 6620
6298 3681
2471 4876
2158 215
3868 7659
8035 8784
3016 8382
2243 8432
7757 4309
2700 3423
2261 343
9958 1410
8733 3837
5699 9364
3669 252
7466 6762
6841 6710
4977 9379
958 3988
7264 2871
8146 9904
5320 9718
2201 2140
5033 4026
4620 8583
5315 9374
5367 3148
3806 5626
4693 6587
8110 7214
5871 4344
4372 7700
6273 7542
537 4870
1132 2047
5179 818
2682 5072
2506 9542
5180 3672
4960 1454
660 9407
94 4300
9783 5327
2811 7145
5891 1963
8341 9971
5722 6880
9958 3638
9247 8730
2765 3013
2983 8568
779 4753
2575 7053
2826 4420
5941 8092
4685 4790
8771 9151
8709 8273
1476 4866
4277 1023
367 9131
9111 5809
8235 8390
2851 9553
4589 1295
5239 9513
9418 9901
3682 3065
6261 6003
1593 9588
8759 4603
765 6925
8408 3622
5550 515
4801 9287
599 4943
2500 4785
2963 345
746 7622
6203 9381
4804 9935
8311 7072
3832 6392
602 7843
2092 6653
6068 8964
8303 6430
5763 1912
3177 1213
6195 2323
8039 8047
7036 2939
4474 6798
2087 9692
833 7217
7663 8699
2073 5098
3738 2943
2821 9687
8590 2673
4254 7963
7521 4859
9207 1329
2858 6536
2644 7516
922 2721
951 7623
3964 8389
4652 1593
636 6299
7525 5732
326 8325
1033 3491
3097 5771
4215 9139
9633 390
4497 1655
2406 7351
937 750
1318 3071
6225 8924
3805 9426
622 5061
412 1279
5458 3504
1427 3014
8846 3393
4295 393
3773 8390
8 6299
7095 4993
8373 6364
1153 8080
312 1048
3639 2159
7030 1565
712 1921
8518 5964
5999 825
8731 7011
5379 7533
649 7234
2922 3272
6459 8165
5461 9817
5968 4895
1918 4355
8760 2464
1048 3718
2991 3816
7672 7606
4651 7733
912 4611
4241 3139
5894 9295
7422 5179
3128 9914
9649 9917
8596 4692
5332 897
7885 5620
5232 3699
5674 4798
7314 169
2331 8092
4800 1790
4545 6933
3089 537
5666 3402
530 4667
6383 6426
3104 845
1987 7501
8344 7073
679 1757
2122 7137
5160 8899
3655 1887
8522 2649
4152 2693
8204 4060
8898 5380
8146 3301
4061 6712
2729 8488
1314 4375
735 4668
257 1660
1629 9082
406 5166
6892 7592
6819 8053
662 6260
7787 2028
5815 9136
2396 8436
6503 7258
1833 2846
969 526
6528 8254
6784 5965
1020 7661
2083 6404
27 8903
242 6613
7274 5600
3382 2236
4158 1703
7800 4892
8483 2670
3259 7498
2139 1051
3846 650
6309 6611
7173 1761
1732 8806
576 2702
8824 7844
6396 2069
3275 4998
663 5330
1447 9576
970 9422
851 8010
4681 4080
5710 2495
8323 7269
9992 1880
9967 9929
8790 2948
8313 9964
722 2877
7323 9225
4137 425
1623 1292
5914 2675
3209 6980
91 8672
3833 2643
3611 4516
1899 409
7069 5144
7623 5730
5145 9260
1021 6327
9216 2009
6599 6161
9465 9129
6196 4990
7306 4333
900 8252
3020 7458
2517 9089
1017 2421
1491 7939
9213 1711
8585 2142
4249 7432
396 9658
6406 5739
9952 2050
2789 3546
6182 3779
1724 3976
1328 3976
1954 6882
4341 3988
362 7795
4777 6770
2982 7324
7805 1398
5544 2741
8599 7860
8317 2512
2819 9023
5390 2274
6802 6089
6664 6155
2361 1005
3835 5698
7601 6479
9595 7266
3955 138
2468 5009
3860 7448
1315 2586
2528 2808
9004 6044
6566 5997
1398 7724
5947 3481
9729 2543
9259 3560
8219 5710
6531 6161
8372 6706
5153 1930
1584 8079
3100 1694
6465 8547
197 5260
1112 1853
6339 2958
604 9556
8570 2934
170 404
1577 3875
1570 9120
4182 8788
2074 4681
1621 9085
984 5990
5329 62
2536 6432
2309 3043
9664 7379
6266 4550
7546 2584
1622 6277
5949 3153
9906 496
4832 2639
7915 8308
3144 3090
4773 5442
2180 9988
7071 6640
756 6513
1055 6580
3512 5179
1234 2381
7643 2143
3083 6951
6978 9832
8996 8761
4187 1561
5403 7716
3882 7341
6318 4309
9665 4197
8795 9976
5194 1126
302 8413
9514 7411
7422 3837
6116 418
9134 774
1290 2663
543 928
1820 2074
9717 573
4436 9031
7141 562
2318 72
7256 4484
5700 1644
4454 2440
1159 3496
2465 499
9505 5763
4182 4950
1305 3321
5885 4807
9087 3560
8037 8432
9527 7242
9209 2237
6822 5131
6034 4149
7778 4007
8247 9181
6602 6296
9887 4552
623 3866
3023 1177
4914 1085
4946 9668
8461 6666
6340 2354
4295 8395
8170 3484
3388 9411
9207 8176
1203 5646
4073 3852
2696 8137
8711 4562
736 4682
961 3080
4746 5823
3476 9231
7177 2447
1416 3660
9310 8304
5330 8503
5550 6557
8687 2663
9667 6067
8977 5620
7441 49
218 1494
907 8886
4372 6521
4642 1686
3435 8826
4087 7291
964 8639
5484 2904
1122 9979
4076 8630
4886 1265
1185 879
3050 5982
5541 2657
3077 3641
709 4333
5562 6917
3879 8466
8607 5686
8699 8658
136 1438
2317 4303
9237 3049
8972 1088
5964 1420
6616 9711
7455 7248
9098 9306
440 5986
5641 5870
2124 8045
3862 541
508 3646
5484 5132
9971 6427
8003 4609
2397 2727
8494 682
7494 5671
1587 643
105 5858
7595 61
3882 4576
6220 5173
8830 4014
5734 8663
6839 492
9053 5749
3544 1548
2960 8667
7210 9295
3690 1373
5589 5306
1829 9975
7152 2874
8373 9373
4949 7575
7864 636
8671 170
183 1203
6955 4989
852 3055
5750 9546
3092 6527
6216 8033
645 2954
891 6393
8821 6530
2102 5788
572 9831
6052 6878
9223 4066
8546 7988
5368 9629
103 1624
8069 2172
2057 5264
6350 3310
1291 69
2124 824
1864 5623
289 8395
2741 5896
2372 9971
6935 3182
5381 415
6012 3665
4104 2652
1399 6957
375 6634
9083 3655
2512 9981
1977 23
5101 7945
958 44
5402 4675
1952 1656
3331 9495
7645 2002
9073 6350
3197 7051
6213 6580
6273 6631
4695 9886
4633 9008
428 983
8764 1808
4569 887
8692 242
6217 7453
3571 2539
6859 4476
8259 6776
8288 5262
3255 990
9160 5191
1216 460
4796 9187
3712 4649
5572 2238
4646 6210
2781 1107
8753 868
6209 9440
7536 7320
2405 8175
5603 7940
8412 8122
5384 6324
4637 5343
3172 1113
7652 5401
1523 7908
6060 8566
2853 9469
4446 4994
6743 5590
2830 7765
9146 166
2508 5270
9447 8230
5470 1530
5222 8598
5211 9937
8979 5129
6518 3378
2130 8478
7240 6746
9690 7584
9134 9581
8821 4920
5268 1022
2814 2694
2163 1421
5019 3701
9525 2040
476 5480
4353 1396
3239 4563
153 9930
4415 5657
9776 2790
3895 3147
5237 8475
6477 7110
1730 4198
4606 2192
2367 4984
3563 9763
7018 6710
3788 8161
7460 1393
9199 9575
4754 5473
4943 8378
3324 6714
5432 4405
6966 9903
4375 8860
5459 6982
4244 3681
1666 2843
5807 7665
4773 2490
1999 8910
8045 4648
4034 5534
2819 8649
2649 3542
2251 9131
198 9649
69 6795
2275 857
8751 2595
1815 3316
2653 4415
2801 903
2269 7458
5508 8722
9467 7646
2578 1797
7818 8025
5413 3200
8618 6388
5380 808
3702 9117
1333 6955
5164 5879
7153 2158
3846 1699
9367 999
580 7657
6311 7733
6834 3344
4292 9333
5997 5853
1448 3680
3443 1659
3777 781
289 7858
4833 2517
7981 5171
8504 4192
4935 515
1776 6370
2526 452
3920 9353
1344 9342
2184 688
5303 8266
7232 3740
6108 557
4272 1110
4117 3451
8809 5178
8716 4987
5850 2019
4736 5940
8740 3129
1933 6704
2217 47
8091 9099
5328 9262
2795 5945
7628 1461
3080 2142
7410 9115
5036 2445
862 149
4449 2877
779 4810
3641 3872
2175 3204
2858 982
4649 2938
8267 815
7761 9345
1300 7141
8549 9546
6667 7502
5677 6763
4020 8779
5789 588
9999 3295
1318 3933
9007 1729
1465 196
1561 7074
7509 1523
9376 7453
8180 4202
6008 8970
2147 6417
2636 946
1586 2408
2740 7685
3199 5755
4156 1850
1045 4713
7221 8411
6148 1810
3295 2430
9890 5580
9174 5410
7052 9541
3695 9719
1448 8486
4213 4986
1270 9877
1578 7778
2215 4457
8168 4
3069 3780
908 7983
9652 4661
8356 2684
4058 4294
5481 1882
4894 4566
8065 5918
4713 6440
6948 5404
6831 4819
9436 3316
9501 3711
2467 8815
4544 23
7725 2063
4270 5870
6691 1806
7291 5743
8528 7113
6105 1682
4611 5382
5887 2920
527 8641
7194 9193
7898 7848
678 8810
210 7244
1244 1085
6089 6060
5991 2519
9327 2218
2665 2010
6641 4321
5658 7005
7559 6847
5529 4151
6680 3495
993 7101
2017 1008
7834 3110
6280 6005
4167 7970
2820 9468
8980 1356
7357 2956
4683 6574
3122 2636
6552 7632
3522 9925
8042 26
2586 6039
2056 2841
7880 1950
6147 3382
5832 2058
4452 3416
5262 8883
3674 116
8500 5041
8259 1946
561 7070
9716 4780
6452 985
7916 4990
1531 3370
280 6828
1956 9026
1963 6033
2646 9473
5565 9823
7812 3886
4383 1744
5914 1309
7774 1150
148 7840
3411 1584
8242 6853
3269 9048
332 7368
6935 3963
980 8343
1202 54
3659 2817
5128 3002
2783 5398
3855 2729
4503 7114
3290 476
353 5212
6082 5215
1192 9165
1909 8025
3370 1933
2783 2365
3989 7832
9278 3399
5668 9547
6891 6293
1497 352
9807 7126
5856 5811
4519 3833
6945 6529
6423 1694
9002 5386
3083 9423
5915 6391
3386 2816
311 5336
617 2410
8834 6741
8526 2424
2366 3366
3267 8197
2145 8093
9550 5376
7771 6463
5844 4646
9944 2297
370 9299
4200 5369
5062 446
958 9469
7706 8697
110 1266
767 6491
514 8297
4041 4558
4125 3505
5338 3727
3123 497
5986 3948
2880 1493
6543 4805
4867 7525
2587 3900
5601 7520
7949 8805
6361 7208
4613 3444
5697 7228
9994 5393
8242 4893
8524 7989
5110 6879
7187 5257
9031 9483
3386 8427
3419 3649
9176 5700
3133 7981
4860 6704
1407 4
278 8555
8453 2861
1517 3582
7525 5252
1558 6589
114 7400
551 3991
1487 1461
3319 3418
4002 7612
1788 2355
423 8909
1488 2063
7840 7707
6689 1947
2319 1991
5218 935
9488 3693
6241 7449
4591 4220
6220 6572
5439 6007
456 7514
5712 1443
7823 2815
5930 2834
197 3089
3559 4009
637 9777
5577 5190
9503 7384
4155 4040
6010 1285
9416 1723
8850 3032
6830 1778
4643 7012
1728 8289
7511 4391
5794 6356
3392 8218
9909 5793
907 8325
1433 9869
4924 6473
2061 770
8131 3318
1806 5913
8972 8098
1188 7786
3480 7284
66 6928
8115 8477
1735 785
1316 6251
1337 4122
7869 2005
1735 4168
1236 3289
3015 2202
3708 6330
243 9449
8933 5110
1796 7827
4167 4400
1390 7139
4027 7803
8048 1189
8662 8996
8271 2924
7268 4232
5867 3959
8761 2559
7944 85
9251 6358
6240 757
7888 2405
5861 3390
391 5533
3495 7915
8889 5188
9756 4773
3257 8501
5914 7188
4174 1033
6908 2384
7886 9125
7325 7368
2994 6586
26 9757
998 2720
8030 1707
660 6862
9994 3783
8306 824
9436 5707
7096 8447
2994 3553
6815 1789
4943 6849
2305 5960
3045 4272
3578 6987
5378 361
4750 6454
5350 4729
6646 6706
708 6529
8679 6667
1667 9086
2513 3630
4681 1372
543 985
3499 463
1298 329
4747 9539
8792 7483
8205 3751
5121 9191
6539 2271
4434 8261
5492 7414
1437 2366
7823 4588
1500 3846
1221 4431
4053 8569
4798 3061
3528 5715
4017 2496
8590 2811
6907 3606
7103 1266
5009 7445
2428 7090
535 7109
4601 5930
342 6714
7317 5167
7470 6163
5300 7594
7372 2622
3428 5484
3547 7650
6224 1297
1860 4539
8804 7843
3506 3862
3690 6423
2358 8953
4748 5576
4469 6161
515 5329
3042 8831
2103 1264
8763 4809
5160 1548
4186 588
9571 9449
2609 8949
8196 8145
5338 9956
2912 90
3352 6778
7757 5065
3197 9873
6958 8058
9187 9459
8344 1600
6024 9880
7781 174
1368 3676
5762 1774
2033 5756
2673 2706
8220 221
1678 7285
6607 8925
8276 9952
3429 4904
7531 3382
1801 9570
6942 2987
2581 6500
4319 2406
4066 4966
277 8897
3355 2888
1046 1531
7277 8346
4507 5840
5868 8212
9787 9989
112 9769
9790 838
4867 9566
8296 5292
9607 1885
3227 609
4567 9274
8793 5344
1009 5032
763 1593
484 2178
5515 3371
6117 2473
8916 3465
8997 2895
9566 5267
4872 6877
5605 9680
8998 5749
7169 1057
2711 5418
1897 8877
1250 5094
8034 6231
441 8897
6363 8541
1432 6828
9754 7947
8345 7813
6818 9875
4762 5204
6591 4234
5221 9690
3216 9468
8583 4194
3524 7369
398 2784
1050 495
4009 6660
5442 4936
2587 9674
7656 7187
6814 9352
3072 2549
2447 2497
678 2020
6211 4363
4502 6943
3438 7221
5707 5769
1543 4161
4983 76
8607 1905
3433 6096
5062 2032
4336 6092
783 2194
9587 5339
2532 2396
2057 5321
3177 5352
7416 6545
4176 892
7634 7936
7068 2829
6512 4826
4853 6769
3604 4638
5663 5820
6372 4065
6162 1037
4133 1195
3226 2211
6185 1206
8451 237
5161 1637
7673 4107
8462 8697
4262 6678
3011 3720
5905 2320
5469 9337
1057 9879
8485 5833
238 9961
7635 7383
5553 4497
702 8375
3744 1211
8255 6310
4893 6144
2472 3792
1720 8129
6763 4421
3215 7283
7097 9959
8914 5192
3366 1036
7879 546
1083 4310
4290 1155
5583 9974
8271 3810
5540 6894
1798 91
9919 3960
1591 2996
6529 8162
9328 9154
7843 4272
8614 4149
577 3391
8928 5248
7094 212
5033 2367
8238 4801
3728 8972
5373 4687
6090 7711
5319 8588
2795 2351
7215 1670
5620 5318
1551 564
5250 4287
2473 6272
3040 1401
8166 202
8133 4226
5808 7998
460 4654
6551 5827
9594 7933
6261 5499
5366 4620
6952 9554
5496 9574
9903 2272
2475 3285
4863 9661
5799 715
6707 9723
2086 5984
9744 7877
8846 311
8032 3770
5917 4908
3990 3845
3183 2059
6846 5371
6968 7054
2398 4004
9529 9386
630 9387
9 409
4412 8449
2343 9932
1126 9968
1025 3500
6909 6824
3633 7930
3912 929
2857 1293
9586 6887
7461 7337
3456 124
3608 9563
678 9054
1306 2207
1635 985
1110 5301
6963 7060
9892 7344
9166 7240
3939 6135
7134 1465
9005 3350
3989 8881
6836 1219
1036 2504
6547 1116
7820 8559
1447 2038
7359 7410
8410 5392
4485 6052
9153 2467
6380 6079
9377 5558
7042 8642
3861 186
2028 4420
4296 114
3901 9384
6508 8708
6374 5510
2648 9763
771 893
7531 2390
8988 5224
4975 3031
9868 5014
3690 1243
3514 3461
3505 5627
9891 3685
3843 4868
3447 4868
6176 957
2533 4713
1659 1705
2856 4400
8697 4644
1474 1925
5493 5064
9820 8356
8287 50
363 9527
9997 3330
6287 5110
8754 8561
9530 4618
2025 2967
7852 9921
2768 796
3867 6366
9467 9931
9935 5835
155 7319
4348 5915
313 2243
9957 898
7537 1400
9829 1652
2397 5175
8424 8807
9890 3059
7408 9099
335 689
4318 7
3664 5633
4195 5269
3197 6921
4630 5197
7887 7821
2937 5304
1693 3517
3096 3082
671 9656
2440 1465
6521 1318
4996 9869
223 8742
4466 1009
5734 3190
1594 6140
5672 60
7750 1292
5929 7041
2495 4555
8692 6878
838 909
7071 2135
8934 6411
3682 9945
62 4071
8064 6528
5196 481
2763 3030
2804 3031
4103 4525
6216 2560
4672 6897
5844 7118
3416 3595
4510 8821
544 7228
7643 1021
8143 1344
7869 6437
8824 3957
9328 5934
2175 8872
2230 2163
2657 2230
9200 272
4339 3462
9951 8542
1732 8302
9349 3778
546 9903
4937 8484
1661 9590
536 9215
8235 7699
1289 1316
4150 3940
2319 9001
2379 2636
5760 7770
5674 2334
4492 671
4495 5106
5581 5553
9349 745
9774 6401
2366 8066
4388 321
594 3908
2396 3744
1248 1665
6623 2668
4639 1071
3605 60
1927 8369
1180 218
4562 8206
988 9847
9706 5304
6032 9747
2300 3632
2642 6779
1073 5232
7981 2463
6809 6406
6308 1694
9138 2753
4458 4069
9039 1993
6699 569
6234 9100
3063 5496
5957 4096
1220 4878
5394 4922
6951 5708
5172 6795
8788 8009
8903 8521
5856 257
4300 9495
8973 7008
711 3688
248 2466
9246 8860
6662 2572
2235 8498
5206 2592
7940 9605
3487 3730
2926 5383
5727 7956
3824 6533
3225 6204
802 3025
9088 8651
4909 1847
8315 8701
4234 2432
4383 5184
5529 20
1019 4191
3137 318
3187 435
7739 5535
8073 4657
1331 9381
6524 2234
5716 9645
9443 9000
6554 4328
1010 9740
1910 5301
9697 5884
7858 504
7352 1864
2756 599
6696 6663
2527 547
2623 6671
6640 8983
2841 5810
8758 5864
1041 6020
5922 6488
4119 765
5863 2875
5791 1309
5476 6401
7754 2783
9925 4206
9276 3760
3830 6297
3577 5851
375 2934
7775 7043
7159 2573
3325 9013
6408 3348
6967 5032
4701 339
9896 6070
3881 3983
4132 7766
6458 6848
2110 2679
4715 3428
4787 2742
3161 7077
8613 7738
3283 1590
9413 8353
8011 2974
5748 1962
9634 7009
9218 5633
5028 5056
4961 3834
4066 6365
5709 7669
5802 8614
1795 574
6206 8475
2089 6713
3221 1843
3503 775
5306 4246
5771 8547
5366 5051
5398 7218
4339 4430
8028 6711
8718 1496
6906 6607
8468 6983
1842 3022
4237 4153
214 7688
9863 2523
7908 5828
6696 6208
4915 6468
1398 8643
9120 1661
7812 2333
3195 8135
1232 245
4788 1408
4841 5206
9199 3647
3375 4538
3345 1663
7331 8826
8210 5762
388 9130
8850 6122
1660 133
8282 7358
2781 3018
635 2591
1750 2278
2598 4065
2 2678
203 7098
4523 9219
6884 4350
3923 4528
3397 8619
622 1605
4086 9595
2920 2803
6980 8195
965 1190
1123 8946
7594 9586
8178 3221
2277 5555
2673 2145
1339 7258
4453 8076
9179 4469
6249 3960
8212 5434
5101 9051
4444 3826
5254 5129
7367 3164
9956 7544
5497 9051
405 3418
2143 78
7053 5448
7827 9006
9291 8847
681 1781
772 8315
5872 977
154 9434
3969 4472
7365 3468
5560 3334
6398 269
1764 6848
5083 3934
6208 4309
7890 9705
5734 4426
7950 3340
3005 1921
4951 782
4310 7367
4152 3775
4357 43
5826 982
1785 8075
816 7459
3371 6593
5360 2872
7385 5224
4179 4817
1956 8896
8654 8761
8613 1590
3795 7860
7315 9366
653 9912
336 7761
2330 4384
4133 7855
8992 1586
3267 8872
3162 4914
488 4368
4562 7214
1241 7049
5004 1897
4668 8364
5121 2482
9508 5825
3823 3842
2885 5545
8394 9746
8169 4932
3692 915
2536 5391
8041 5686
1568 8383
7671 491
1876 6284
7578 3710
1506 1089
353 5082
3276 8584
3970 9904
4767 4586
7356 8966
596 1807
5776 7230
1258 4370
7665 9721
8343 8653
72 5971
1619 1905
1369 7392
6283 8000
1164 3954
6296 5953
2019 2024
6163 6363
5695 4043
6789 9269
2670 6680
304 4035
6463 3622
9611 9686
4943 6101
3539 6311
9526 7104
7716 6626
2043 7686
2108 1665
4439 7507
7928 1032
1601 3554
9446 1109
3491 5489
2808 6213
1636 5992
7195 9556
4005 8154
5302 6569
5794 7031
314 2070
9625 6709
4699 8750
5291 2246
5043 2144
4671 6702
9378 9461
8007 6401
5691 3119
3043 1542
8834 8839
3822 5444
9183 2577
1872 8339
4324 6594
7156 3562
6223 9773
3484 2416
8929 4912
4041 3273
1711 6701
5128 912
3390 2000
983 3518
8491 8850
6593 8525
6472 9696
2355 3770
6252 1816
7265 6888
112 3410
8634 1207
79 1018
5968 5440
7635 2634
7695 9855
236 9303
6552 8120
7142 9117
7663 3901
3114 2482
5700 3181
2220 7867
5680 5158
9131 8779
1430 3806
5798 7099
3621 7359
4693 3212
3855 2867
6432 9896
1932 8339
7407 124
4258 7421
2556 4002
3578 7662
2150 3314
1458 8456
240 4884
1084 9935
6898 1186
1798 2108
579 7733
1632 126
8734 4016
8512 5889
9764 7537
7087 1058
4334 1939
1722 19
5842 5462
9877 9134
5739 2331
8970 5986
5047 7473
348 8739
4281 1524
2746 9387
4028 1832
6543 9481
1963 2333
3181 2899
4743 3275
4715 8397
7907 3456
9617 6736
5331 4199
1382 5963
5921 1032
6535 8839
4507 554
2464 3258
6473 7961
8844 4534
6765 5329
3398 4819
9905 7368
2895 9860
1811 6076
2078 3222
9244 5407
4729 9234
2652 6692
2430 7811
8221 8692
5041 9506
7121 9313
9617 670
1453 137
369 517
3753 4414
7607 5796
3260 4481
9719 3606
794 4638
2850 6303
9326 7287
1477 2416
4873 7828
8784 9744
4240 7915
1258 7216
4801 6262
3089 2155
661 2796
318 1676
2785 5127
3461 7396
5732 6771
4498 5672
7951 5956
8500 6952
263 5352
5108 8075
4633 4584
3295 8797
6215 6366
5480 6900
5946 7639
99 7580
8308 7132
7905 5207
8923 4961
3042 5318
3221 7535
982 501
4326 9887
4316 9199
3936 3316
1547 9547
8152 9221
7923 6917
4776 3707
9667 2611
5680 8809
6492 8687
7949 5105
5700 3799
4112 1448
7642 3642
7413 4344
9572 2724
5357 427
1098 8381
2210 1381
7065 628
5834 9626
1251 2207
3269 9804
292 3033
1407 2720
810 4716
774 9223
2183 2941
2434 308
7186 8502
5572 4930
6410 1865
7307 9960
2261 1319
862 1873
8552 2523
5255 500
1607 5410
8544 7543
275 1524
9547 573
4411 5248
7592 3124
173 7663
8244 1589
7076 3796
7022 7697
4708 5242
8140 4649
4396 3435
4375 2558
8509 5455
6735 6886
4844 1316
5654 6783
888 6827
2311 4415
5518 7676
4334 5940
1665 9902
2539 6494
4172 694
9349 184
9880 6236
5207 2307
3092 7609
6905 1820
5661 33
4179 5248
4952 1788
9830 449
9991 7006
7940 3433
6660 1989
5724 4519
1033 9810
7315 3381
5572 4125
2368 7551
7972 2190
8706 8601
430 7827
2080 3886
1517 8876
8334 6743
8365 1892
2298 3025
8619 2940
9854 6893
3937 7593
8264 4469
209 8767
6492 3694
2751 6161
4055 8753
6758 7785
533 4168
8564 5111
3464 5279
4555 408
2 7915
905 9409
5578 6922
2813 4760
8383 9614
9987 6082
9365 3295
9802 3296
7570 3849
4605 6537
5634 788
6442 9592
151 5355
7088 7488
7427 538
6494 9001
6429 1436
7270 2052
9458 6088
5316 8211
7541 825
2410 1680
7021 2479
8007 6482
5051 588
7896 9095
4627 4202
6246 5866
7617 9680
8605 924
9904 2418
4983 5557
7474 9402
232 6633
6636 1887
3867 2235
9011 4995
1103 2927
783 7675
3279 8858
5 4375
2307 5315
3678 2713
2709 9267
4385 131
1091 2543
4914 3858
6433 7570
1734 8836
3014 6116
4669 9689
2145 4206
1204 5638
3666 4581
1150 2369
8581 8043
928 4242
4159 7897
1953 7419
7118 4640
8150 2572
330 1849
7054 683
3967 4694
6028 6703
3452 6692
6248 4757
5749 872
5831 9572
7539 9773
5051 6199
2152 839
5742 9500
4273 2899
5954 1277
7232 1894
7770 9117
5702 3685
9409 853
9935 7315
508 4191
3212 9083
1189 1142
6722 9901
7190 5805
3355 2221
1304 5818
1474 3755
8062 5734
9645 6987
3824 7395
8839 8809
5790 6888
7213 3722
7834 2874
2044 9011
9580 5811
3544 2093
4036 8971
6276 9033
4843 4341
4165 4655
5594 6195
1914 270
3942 2139
2042 5151
8078 201
2176 1933
5149 4798
6269 8993
8705 5961
2485 2688
6456 4655
7149 2367
1765 9946
2355 6779
1040 6280
7041 4527
7015 3306
5236 4393
1600 4402
7388 1602
9597 6515
9370 7290
9103 2974
1772 3196
5980 5076
1990 4587
4894 3875
4452 3530
3087 662
9876 2897
4459 8084
4170 7981
7589 2265
9265 299
3767 6056
2611 4116
6812 8989
4484 2664
8049 9605
8142 6386
9928 54
6968 3086
9703 875
6652 3789
5561 2998
2758 3762
5707 2069
4724 8917
5239 503
5679 7191
2761 4033
882 4916
2789 2294
4781 9424
5144 7032
8358 5048
9132 4442
8282 5992
1840 3838
5169 1612
1782 9495
2334 3592
1905 5364
5053 7264
5478 6504
2357 2263
2140 3726
216 8596
7879 4417
7215 5191
3729 2515
2672 6970
9391 1296
5776 2936
674 7195
4344 5262
8528 9000
3659 5159
2542 4645
6021 6150
788 1066
2635 4055
357 2011
8264 6860
6576 7311
7078 8461
5824 5986
9872 3447
3580 2018
8000 2091
7970 9796
2715 8895
2304 7863
1657 4080
9458 1363
8974 5680
8900 7451
4173 6669
2240 7289
9086 9304
9370 2647
552 7740
8714 7446
6880 2410
7807 8462
8430 1271
2878 406
1019 5671
714 5035
9425 5737
5213 7121
2389 3598
2255 400
8141 4551
6269 3195
3591 5159
4284 3625
9881 3509
5552 9970
4086 9302
9292 9530
1976 8532
6797 2533
6420 6747
4892 4447
7476 8483
69 3957
6421 3185
7973 2873
3335 1382
1194 7715
9747 7077
2994 1089
2376 8624
3983 8773
3699 9014
7508 4207
4387 6382
5505 9750
2091 9394
3211 9425
1986 4682
7555 9688
53 5302
5870 988
6305 7332
2791 6772
422 446
7684 2339
5518 536
3936 8553
5051 1824
1785 1366
9668 8073
5367 3750
5986 5485
4752 4386
6115 1923
3990 8789
5084 6845
5337 875
5307 9334
4901 7892
7573 1195
2182 7603
535 4645
8754 9049
5922 747
41 1104
3929 1316
2530 1870
601 6396
4954 8657
2896 3913
4693 9067
3449 7280
7525 373
1576 5699
8931 4373
4781 2471
6744 3191
8058 4219
3820 6634
7299 8139
8261 4578
7762 2945
7056 8381
8584 3511
9879 8269
1257 6858
8134 8186
4875 2483
7263 8859
5018 5043
9663 508
3190 3205
2216 2999
6176 4023
3874 3837
7723 4121
3593 7759
1434 2209
6793 9849
7411 2314
5580 7375
594 5201
6268 6995
561 2809
4179 686
913 6644
7852 9604
6298 9089
383 4200
7413 8776
1935 3888
7528 6282
3398 4258
681 6294
5825 9808
717 289
5130 9017
6062 8997
6248 1805
1048 4775
6122 3386
6815 7514
3947 3719
3544 6712
7085 9095
3031 1239
9293 7367
9547 5005
6610 9741
195 9410
6365 6904
314 5160
5618 5923
4954 6697
8779 1669
3961 1523
1502 9267
9445 8111
3528 1641
2341 388
5510 7329
3065 419
2895 1728
7192 6309
3835 6487
7567 2022
3683 2683
617 4565
3089 8360
7181 1986
3480 1600
3457 650
336 2825
3665 599
1111 5073
1625 7738
6809 9927
2855 4931
8672 617
2354 973
1700 2435
1917 218
9396 648
893 649
4447 7401
5998 4235
3136 4392
739 6598
4629 6883
1205 5839
116 957
2108 7333
849 3760
5212 2545
9040 9122
332 5685
2968 5747
2326 2308
4807 4711
7178 2038
865 8400
1751 5783
3466 9407
9323 2240
9598 4165
8251 1499
9961 8943
6235 6026
8754 3251
3153 8129
1560 6188
3083 974
6642 8070
5018 6816
6162 4989
5332 7915
3051 1436
2959 8263
3616 7072
6047 3696
5388 8978
3170 8483
1434 3982
5665 1150
7161 9574
308 6388
4606 4778
7216 3619
7899 7059
3885 2012
6190 6633
2179 8273
5753 216
7773 2224
837 9361
4259 3916
2418 4125
4844 405
2015 7118
6564 2121
7990 9806
6304 1258
8852 4883
920 1667
2601 45
3595 1657
9627 5633
6803 7772
6242 9425
7894 7065
6108 6981
7920 1870
1390 4033
8482 3071
9158 5340
1293 4100
6691 391
5322 9455
5984 7854
3517 2905
2928 4762
3561 2423
2253 9511
3774 9886
1308 7791
5850 8793
1407 7770
8647 1044
1768 2299
8564 5705
4378 1140
5933 7515
6189 5226
3409 1278
5747 1875
1490 76
5473 3558
9769 4531
2145 2222
5309 1649
6429 1680
9230 4253
8767 2277
608 2842
198 4664
5053 3157
2568 3264
2886 1853
3158 4261
7387 7018
2227 719
5608 1689
919 3643
3464 1335
2311 6082
516 6636
5359 8532
6582 5278
4211 6453
5331 6484
9441 4823
6731 8784
6299 6121
7388 6839
5392 7137
5915 2748
7126 9313
1902 7725
5567 1284
1678 8017
6125 9913
5844 7419
2112 2058
9540 1045
7125 6055
6370 295
6583 1342
3107 6524
6734 1511
3036 7812
6377 7101
6933 2852
7148 562
8209 9812
8049 5393
50 3207
8269 3447
9749 1569
3717 7392
3992 9317
8378 7554
8942 3166
1875 8130
3372 1695
7630 8600
4208 8383
5333 2342
7137 2251
6566 3216
6103 1994
6199 1702
6694 8097
4956 9185
4110 1809
2113 7140
2919 8701
7709 7553
8989 8997
9135 8822
1571 9974
3098 7885
8800 3059
8022 2765
694 252
353 6375
8952 6836
3990 9220
9662 7935
9540 590
5930 2574
5297 1907
2776 8773
3337 7120
6857 2210
9133 8345
2693 602
4706 1439
258 6488
502 6848
4521 5823
819 8218
1562 5293
9129 1406
9929 6185
7343 5486
3456 8882
3332 710
8769 2591
5133 9770
964 7818
4974 8959
8546 4239
4380 8220
6906 2452
8619 9413
6553 4808
3978 7651
5308 5048
2228 1562
493 8583
2035 7583
3064 1834
3014 1717
2095 1218
7790 2391
8540 3643
8385 5984
4488 2276
4622 4720
8509 1324
3469 9467
704 6551
8202 615
8542 7099
8382 9850
7811 235
2181 4375
6083 2011
6945 3504
4990 6809
9816 4564
7230 3865
5423 3658
2799 6639
6885 420
405 8362
123 3014
3529 9868
4830 5773
3426 5983
2991 6809
8025 7519
7037 3443
6935 3166
9302 8665
5647 4490
6995 6600
5035 9561
9264 9312
234 6386
1077 7829
2311 2512
7832 1812
925 7435
6364 317
5768 9331
2875 7923
9494 4297
3494 3242
2563 6116
5202 9859
1501 3811
6943 6036
224 6048
4145 1482
6323 666
6600 3418
342 3071
7121 1612
2609 4956
1802 3924
1153 5730
3230 8272
8589 2326
1330 4114
6529 8089
6319 143
9920 6741
3798 4003
486 9616
1654 6655
7282 5852
4450 2468
3732 6389
1117 788
8023 7018
174 1393
9960 9523
6586 7842
8828 1561
5254 9618
183 9026
8602 5944
5056 3217
3975 2360
264 1286
1413 557
1786 5269
9666 6043
5495 3264
753 7866
2229 2806
8540 8449
8853 6694
2315 1826
2822 9736
4796 4983
7758 7659
2839 7461
572 8205
5491 9157
3428 4069
9775 2953
4484 143
2216 5203
5423 2048
8437 4914
3433 7796
1683 8123
1122 9776
9326 1814
8176 6078
3200 8756
3007 4951
7931 9657
5911 1987
4109 7786
4319 8562
7459 21
6146 349
8544 7413
7393 5817
1137 7051
2546 769
4191 2900
9172 4730
6736 6981
2813 2052
3305 1760
4502 4455
8757 5427
6083 9045
918 5408
3497 8346
1102 799
1594 7677
7640 9831
2619 4438
8104 1075
7693 43
7034 1161
6829 4139
4895 8321
1054 758
3299 1164
8756 9339
119 6142
4458 4533
427 4043
5506 2998
3021 8767
6598 981
558 6943
6246 6191
8269 7716
9826 8502
3790 4784
9397 9520
684 8745
9796 9791
3690 1170
8201 6269
2136 4819
3254 1771
8049 213
1674 35
2345 1960
5061 8367
1503 4125
9976 5413
8534 9303
5733 314
3224 2279
6364 4318
2351 2879
8292 6737
6081 5161
2621 4460
312 8765
8846 8077
5358 4574
7068 5602
1275 1642
4914 1150
7792 5633
1586 6230
5237 83
7436 3554
9333 6660
5818 3246
3520 5431
6127 4755
7532 7399
2556 5913
9583 4556
7086 9564
7394 1049
1418 4552
1643 7114
2116 2608
2957 9640
6092 4919
9602 5737
8982 6029
3555 4112
6548 9107
7668 6132
5488 6875
7788 6988
5773 9488
7268 9396
3813 8285
8918 5455
4907 7095
6989 9981
5669 8384
3468 8250
2052 529
9128 6204
3605 3825
4647 2445
4984 5248
8470 1508
7592 3262
1898 9861
561 5631
528 9655
5352 7337
4041 3574
8466 7401
5252 9385
5627 9262
3951 648
8424 7929
831 6431
681 2700
5283 7917
3103 2244
4278 6146
8944 8904
9507 1662
7330 6086
850 7612
9353 1195
6240 1733
9631 6801
7698 1005
2288 9615
8322 3838
9084 5127
6731 1189
6161 5008
756 7546
3855 3168
4510 4560
2352 6782
7052 8370
7926 4962
3265 2548
8402 4891
3663 9010
8054 7591
5810 4377
3315 6048
8234 6246
166 6175
458 3543
2590 5792
9382 5292
2322 4257
3898 9257
1847 5684
6544 3591
3813 6675
3994 2549
1494 3876
7261 199
9840 3137
3890 7861
8411 7986
9285 8742
7033 3001
4170 4468
1286 6556
4449 3129
9330 1345
3668 3318
5611 6769
1160 1721
690 2738
2522 7701
8034 2751
1057 3471
7497 8962
7769 7206
2927 2502
1356 3538
2947 9570
2859 1055
636 4380
8633 6493
1389 9313
3722 9566
8056 3449
3072 2102
7433 4224
8044 6098
3252 7173
9102 5251
6743 3777
301 8039
9256 2685
2621 890
5829 7005
6729 2566
5581 6903
2809 9986
7671 3988
6427 1447
7377 3541
885 2024
3345 3550
2834 4566
5728 3166
124 8527
5788 3971
5915 9408
1835 331
7507 5462
4047 4761
8560 4271
3828 9561
683 762
9389 7536
9575 344
3265 3971
3879 6116
6690 2207
1215 4006
7839 7894
8359 3234
2364 2523
7335 3665
8527 5262
738 4606
1056 9611
1789 5998
3067 7369
3760 5081
1055 9386
8837 9625
8579 8835
5408 1067
6826 4727
9019 9107
9950 6233
2314 1655
1168 403
1885 9843
9155 1074
4896 9028
4220 343
9903 5663
4930 1442
2810 2236
8549 9343
2658 9012
7999 4769
2679 3473
8172 7141
9564 3164
3019 131
7879 9548
9429 2747
8374 7275
7168 1808
3522 1883
7601 7325
5908 1016
6033 6380
3982 2807
6186 7376
3018 9705
5167 981
1858 6111
5687 9126
5565 1781
8796 3184
293 3185
7116 3496
7384 9168
5905 1068
1194 7235
2572 5804
7507 119
887 9936
3864 3875
3098 5096
9101 3416
9589 6388
4267 4265
1932 8103
3109 2252
1622 7123
9867 8584
875 5388
1367 5850
5859 7489
9527 8893
5826 5097
4647 7869
9683 2990
1904 3022
89 2200
4199 6955
3175 6632
2368 1436
2247 9777
9217 7132
1550 5153
2914 1380
8146 6993
8464 5582
2449 3495
1363 8710
8576 161
895 7144
6867 6151
3350 8326
5434 1459
3591 841
6643 7197
2001 8997
5187 7217
7854 6592
8326 9031
5652 6233
3431 6975
9996 80
3688 1124
5028 9789
9130 1851
6447 9887
7942 9041
5521 6689
7156 1716
1720 2689
4609 945
8869 2261
3717 9409
7509 9159
1706 4511
2275 6883
5454 8850
5361 5653
4972 8352
9984 5331
987 8961
5500 4307
2205 5363
5319 6181
4660 129
4601 3686
7925 7532
8455 4314
6865 1136
4186 4410
8735 167
9390 7975
1384 8782
110 8284
4038 1479
7923 7836
5808 8974
6092 2317
7045 9590
8301 7230
7989 5423
1477 2530
3552 4245
386 985
3529 8957
8820 5351
9376 7518
5527 64
2001 5159
7756 6383
6173 4376
5581 6716
4314 9641
9218 9561
3740 509
4648 2347
2437 1525
7263 5696
1750 595
7352 4987
5629 9389
8468 1112
1563 8316
7059 978
3043 2274
9832 7919
3885 9908
6464 3020
2742 8927
4951 6670
3824 5468
773 9136
1293 5230
8555 7123
828 7345
9331 928
5279 1813
2269 9646
5249 9518
519 9219
7367 1481
9356 1924
584 3952
4527 9533
4990 5093
9329 3484
5838 464
5393 3231
5329 1526
2679 3286
781 2961
8933 1979
9523 2976
6820 6573
7283 2133
8150 8134
8650 6205
7905 1133
5133 4216
269 7889
5557 3231
7468 8679
8079 6389
9914 8617
2784 6089
4322 2661
2068 4421
6737 4444
8581 4506
5835 6558
2848 597
4097 3482
4245 3380
7388 4936
4241 6644
299 3163
6483 363
6383 3165
5488 5696
8130 8956
1721 3532
3712 9683
5949 3812
7604 215
190 5098
1026 5370
9221 1052
6160 4032
6311 7611
7123 3325
4382 5721
3611 6598
2243 2301
3939 5151
3636 1178
4009 228
7682 8392
237 7546
3791 8636
8454 4707
1475 9518
4790 3422
9549 7125
296 1710
2875 5402
4124 1117
4208 64
5827 974
6057 3880
5991 5512
1750 4246
3338 3591
7260 2633
2122 9487
2124 3898
682 1372
2097 4704
317 6320
6656 425
470 6562
5627 6928
7220 2453
9084 915
5849 2022
5350 1143
1771 2440
7831 1294
6657 7416
5817 3238
7615 6365
3950 8642
994 2748
294 859
2262 2677
9227 442
646 5448
8041 8459
5064 8104
3228 2241
1449 3328
4708 363
5616 8617
9826 4908
6429 4933
2418 6573
9655 1828
2903 5864
1659 1071
234 3410
3558 7256
3457 788
4864 4259
7691 7299
3408 4279
6698 2879
5557 8387
4984 2109
3492 6636
3050 6291
6327 3875
1812 1286
6915 4045
2020 8405
7849 5606
8312 412
3728 2190
7065 4743
2309 5475
6495 8562
5197 9922
2051 3904
7054 7213
8793 2563
1858 476
9411 4827
5959 1735
5145 5194
3813 7724
5547 6894
4143 2940
590 9622
3484 8222
3704 6276
4298 4763
1711 6091
6883 5237
5763 1042
3933 8957
833 6347
535 2718
6970 3701
7025 7572
655 568
221 4248
8748 2389
6563 2788
5811 7125
8469 3728
3207 5820
5339 1653
8174 3056
8867 7938
5743 16
931 9484
6905 2902
6590 3830
2266 4973
3316 9146
9479 5469
7547 3308
8142 1239
260 3802
7450 5627
1758 8889
1851 9080
6701 7983
3132 9968
1071 5707
1596 2145
1573 6857
66 6188
3588 8521
351 2385
4024 4887
1617 6405
6563 5016
157 2519
3303 7756
6510 5355
2453 3644
4359 3830
1773 3885
6000 9225
4880 2778
5030 93
6743 7054
3906 2572
270 9751
6023 7896
9302 6307
9271 578
7022 9852
1361 8263
8238 3175
6648 7167
7887 2194
605 8694
9694 6538
8311 1209
7473 110
1227 2032
4993 561
7792 8723
6147 5838
2656 2818
693 2098
8655 4402
7851 9303
8966 8236
9367 2918
1927 6580
1085 7991
3521 5713
5321 3251
7571 3247
1869 5821
1210 523
8928 8883
6783 13
2147 847
9298 2000
4364 9785
2138 3767
7238 593
8115 7282
1544 9444
902 6005
9121 6245
9636 7657
6903 9914
1609 7587
5945 8713
8142 5695
2893 2357
7645 4889
5282 5925
4186 4036
4134 3846
9146 825
5369 2137
5621 8774
9596 1061
6894 9801
8728 2005
3905 1515
3688 2978
6952 357
3652 1069
9717 3273
7540 6943
7325 5823
1344 8228
8154 2672
8167 7041
7286 9278
8595 3546
8901 7036
7841 7056
7533 2739
5788 9826
6853 2980
6538 1656
4426 7229
498 7618
5482 2549
1987 9209
5473 5469
8155 5876
309 3932
829 26
5661 8149
6437 8370
1234 7659
1697 2465
6369 9175
8760 6400
2910 9076
4154 4447
9694 7961
2249 6361
2071 1336
4769 2276
5865 1913
7454 7118
1136 7474
1501 5909
8262 9506
1003 4878
8843 9259
1059 8193
3179 983
467 4117
8774 40
9436 3357
496 2603
4236 6327
6528 6579
8594 4768
2620 9098
4048 7030
8439 1447
624 5232
808 1377
7972 2735
2894 972
4963 2118
7619 2058
456 3554
4587 9940
6242 6343
6989 1662
8474 128
863 7850
7988 3618
8891 5112
3383 3765
2277 1188
6862 3018
5828 5013
4274 1492
4926 6373
2663 4607
2064 9940
6673 5748
9877 3076
7175 482
6538 9495
1999 8764
1557 1249
7226 7617
4800 4921
5132 3216
3698 4715
5979 4778
9592 9481
1963 6074
3771 9889
3271 3150
6001 9263
1966 9755
8090 488
8898 5128
2213 9632
7808 7191
7741 5215
187 7809
5810 6662
5070 2688
1480 3072
9078 750
614 6341
5272 2822
7168 2320
4786 6312
3869 5886
7358 8833
6952 7391
4772 8134
6823 5291
7955 421
9696 3014
6707 7560
3285 173
2678 1481
3238 6019
3523 8632
2002 8257
4552 2883
1632 3062
1154 6470
3996 4880
873 6982
379 9857
6456 7160
7598 8670
9721 977
2331 4002
3893 5132
2019 8611
3881 3617
7506 2665
4481 1138
7655 8423
2741 5563
7588 785
4133 3838
1335 5700
9172 9056
2018 2724
1354 3498
8657 7644
4889 6036
8370 1952
6912 1145
6219 1181
1917 1137
9704 5884
3761 5363
1509 3786
9239 7999
1225 4027
3902 4090
2599 5106
4539 4876
6894 9614
7825 6740
9442 6823
1593 6116
5591 9876
7883 3712
6861 806
5180 2428
5864 9476
5360 1083
5081 1668
6672 7700
2278 3186
473 3052
9194 4442
7284 6012
154 74
1181 4078
8911 7537
2400 7498
6414 6129
9373 9288
4845 2330
5125 4599
929 9869
7371 1443
8918 787
9714 2384
640 9766
3888 8864
3950 4080
3107 2637
2859 2535
9526 3087
8678 1300
4996 5128
5343 2957
5033 1977
3104 5749
5091 1201
2102 9911
8459 9483
9564 8482
6401 4739
5310 3948
298 553
9074 8066
4055 9916
4843 5236
9449 773
880 8822
223 4351
2993 1195
9159 7615
8001 684
6581 6777
4582 3394
3706 6729
4645 7880
6823 7064
937 661
1279 3808
4732 6344
5193 4487
465 851
3078 5625
3856 257
6528 6392
8594 4581
8157 8744
1274 9099
370 964
5220 6283
2021 7047
1520 9505
9669 1836
307 7031
8430 393
2358 4188
83 7323
1786 7180
7832 2918
1395 1108
576 4223
894 2812
6675 3005
694 6164
3464 2254
6862 2831
208 9654
4460 529
2624 5246
4776 8871
4492 9112
6044 3138
7984 9324
228 3890
9785 5552
1781 7186
7999 3216
1846 1165
5356 1983
3635 7212
5567 2203
5479 6520
809 610
9212 2657
9499 6097
6230 1958
6727 2764
7434 7352
2057 8932
2418 51
2264 6000
3885 1321
2983 9097
2443 1047
679 8084
5552 1521
8275 9099
2917 5067
8328 5727
6361 1101
6147 8497
3535 6577
3093 6232
3962 2480
6639 2543
5143 9580
6850 6927
2433 709
9253 2257
9285 4424
8282 5732
6601 3190
2096 1289
6012 2795
5950 1917
4768 1008
2187 653
7252 7846
2020 2233
2090 7136
3200 6479
2336 4159
8487 5383
5887 814
1644 2885
7160 1841
5349 9806
8646 3161
7680 9232
6990 2369
5694 4556
928 4600
1107 1899
9639 5302
1351 2259
2541 7947
4437 7445
5970 3673
4745 5346
4158 8030
8508 194
8260 2344
8635 2221
2819 9389
6682 1435
797 4302
1530 1443
5745 4494
8921 5436
1161 5518
2534 3743
784 3316
727 2782
2196 7131
3117 3569
9278 5481
7972 2816
943 7510
1569 4000
2312 1829
6226 9678
8616 4049
9679 2792
1721 7777
7134 9264
1817 7485
8282 4927
6268 6117
6786 7800
1657 3820
6963 6938
1392 1859
1341 4523
3698 9334
3357 9041
31 2116
4066 1624
7366 912
7987 3474
3520 4309
5845 537
4669 2826
2489 3569
9819 6185
6183 6194
8738 5328
7143 8976
3509 3396
2239 2640
585 9091
6955 2509
6024 5383
666 7767
6373 6291
7746 3762
3658 9154
2221 1310
3432 705
5622 5568
4777 3298
8076 9531
170 7536
7441 2375
7922 9064
9177 8007
7103 2730
8989 1540
9992 986
4334 9494
3854 5659
6070 5327
8125 9019
5257 5224
3951 2559
4577 5465
6119 4465
2951 1132
1361 5124
5349 1780
2768 2179
8807 2408
7432 1858
9835 9266
1707 9144
3070 1763
9826 5770
6799 7580
3647 8190
9107 9466
8096 9378
9469 7603
2843 2888
415 9945
5011 1384
4202 9351
1848 8221
7323 760
3892 4207
3212 4448
5354 7385
5755 2067
5199 4064
6658 1309
9718 7526
778 4520
1554 577
7995 8922
896 8713
8550 1038
6368 7370
9045 1017
6276 7781
8487 6351
9693 1238
1546 1066
3502 1369
8584 9667
1067 6501
8861 1839
951 8770
9881 4672
4683 8469
5027 1863
8752 391
2876 1092
4178 7021
3125 1796
3861 4870
3176 4767
3518 7914
2124 9566
5228 4778
9376 4355
4517 3454
4420 9937
2832 4176
1741 2631
3478 1318
9775 839
8395 5607
3388 2556
9702 5464
1737 8524
115 1681
1042 1317
9610 5875
3595 6040
3070 3186
9233 5925
6115 6119
5428 5189
2596 1051
271 4823
8383 4442
4876 8059
2781 9849
663 5054
8131 6823
6734 1788
3926 5214
3807 7212
7045 5622
7071 4591
5359 1238
3746 9942
384 2606
5984 6171
5723 1700
7431 8317
808 8037
4597 4106
25 983
9336 9786
1898 2941
2354 3746
4353 4877
2856 4896
8107 8307
9490 7220
1071 5414
9794 7631
9414 1748
88 1682
5152 2234
5768 4452
9904 4012
5186 1818
7417 9708
9191 1861
108 55
1140 3649
5278 4036
9182 4781
6174 9277
8220 5336
9311 465
1028 2684
2836 2335
656 3078
4820 2434
3239 3506
5262 5785
341 1754
7722 895
2550 251
42 5070
6842 4488
5135 725
840 9022
3488 8347
6230 2389
3983 1910
156 9521
9270 814
3635 4610
7931 5583
1649 1432
3175 6315
7241 972
4849 3522
1914 2669
2478 4697
5783 5083
4528 8799
667 584
3187 7079
9754 9679
366 6483
785 7406
3311 1638
8269 8180
9501 8452
845 5959
7768 4222
698 2499
815 7248
1935 7279
624 3516
8256 7194
9648 2463
1996 4522
4730 5119
4857 7146
9867 7462
3086 5842
8717 8720
1628 9199
2210 6171
8717 2304
5508 4632
496 1237
1220 1268
5105 7625
6879 6194
9246 1867
361 4984
8027 7492
9986 9224
2450 1844
2787 5401
5436 9832
6238 4858
9815 482
792 4389
1100 2290
6836 5716
2667 3764
2691 8322
4897 2384
1688 3214
9067 5692
636 7259
4459 2912
3657 1470
8853 1010
3684 9709
9035 6908
5196 172
4576 6880
823 6304
9278 9295
3120 484
1740 6006
8870 1364
5671 8544
8249 2966
9556 9239
2708 5643
5543 7046
8908 7483
9827 7258
5446 9365
6657 9514
7371 8103
3476 5222
8307 3321
2424 9267
4389 988
5499 331
1208 3112
8611 6738
9043 6395
4070 8590
9584 303
28 2249
3376 4237
1113 3225
5808 4469
7355 3813
8573 969
7048 9520
5018 6824
9997 5061
6619 7128
3319 670
9811 2187
1440 4559
2348 4145
9127 4938
9158 87
238 5627
6823 3925
2437 9852
4232 2882
6322 5629
8722 688
697 3697
9494 3419
1756 9868
163 3763
3367 1091
9929 3347
1090 9815
970 2543
3767 9878
8442 1802
4546 7364
7968 8335
5550 9664
6471 6102
6782 9936
2613 7984
4977 3386
4409 3868
4266 2062
364 4426
5061 2333
9887 6504
2039 8651
8248 7571
4627 8642
85 1978
4216 7610
8426 3147
2817 1748
5148 7590
1235 3349
6025 8617
323 4021
4583 6091
5340 2098
6145 51
6420 9146
2499 126
6865 2592
6299 3901
7603 6493
1471 3067
4301 6378
5607 2627
3339 7687
7697 6128
606 3528
8321 5955
8531 3321
9403 9666
7634 5025
2741 3042
7531 1894
1151 618
6204 4014
6314 4182
4208 902
6529 6056
6412 4717
5420 9567
8586 6411
3385 111
7027 3300
1058 1558
5626 7191
2864 4546
7866 837
4982 2925
2699 6199
7926 888
4878 1821
7427 7556
7272 3481
694 8636
9078 7223
334 4129
663 2907
9164 6243
7739 5576
3656 5650
8262 1187
1536 5690
9667 3831
2031 9833
9130 4380
348 4966
6987 9886
9871 1382
4482 7863
3124 5008
9678 987
4648 9064
4856 9767
4171 3248
7538 4512
9210 8466
1521 5008
1968 6451
4855 3880
3924 6754
5447 1540
9610 9339
5821 3444
380 9735
5136 2587
8964 9164
8061 500
8334 2352
3131 1641
734 3847
1763 1508
5398 3526
50 6598
1892 9997
8544 2347
9977 623
4127 293
6062 6135
4066 3023
7333 6335
8663 7896
454 1928
3527 1991
6510 6298
3776 2695
6362 3394
3032 7647
2187 9541
2901 8884
5394 6386
3286 8695
7856 9493
450 7821
3143 8417
3451 6318
1859 815
3396 9994
5478 2300
8998 3806
1460 6179
4354 4779
1274 3545
3108 6329
7588 37
1022 5953
2023 8736
2978 6256
2204 446
4752 4825
2140 2905
7898 8564
114 7498
8915 546
2103 3777
9322 9006
8645 2348
3650 2340
5701 3661
8166 6285
951 1175
68 7503
7074 1105
7442 5473
3658 9748
2096 9372
9691 1117
2003 6929
3985 5447
8876 4351
5295 5575
9490 80
3953 247
5229 7207
7407 9801
3460 6730
7873 9042
2928 2705
5913 669
8143 43
4421 5950
2831 2772
1334 6955
8901 3068
7681 5839
3319 5744
643 2119
5712 386
4187 2521
6050 6043
4520 1418
9824 2935
1973 7063
6200 6741
4309 417
6981 136
5024 9030
6581 9062
9814 7128
5762 6515
812 3998
2245 2274
5794 8682
6797 1712
69 9552
437 7504
9155 9377
8193 6522
153 2083
8218 8272
4189 1412
9113 6118
8920 2313
675 852
8672 2211
4260 9923
3381 5817
6593 3760
1612 1930
4967 5089
1759 2357
7612 6368
3467 2558
4652 9400
1075 5108
1722 2475
1355 7377
4216 3585
4245 2071
6755 3714
2847 6233
9342 7267
3647 4596
2802 8742
531 2951
9932 8264
4555 18
9954 6333
3517 8687
2608 8876
4325 6911
213 1329
6634 2606
8466 4563
6040 1867
3457 7855
4255 4637
9430 9716
5970 6763
7959 2288
2787 1644
1823 8542
3941 505
928 4657
5157 6660
391 6704
7982 7375
6710 9956
5846 7636
4275 3010
3375 5197
9221 1621
8603 2740
6146 4895
1137 5181
232 2860
813 8275
3034 8287
4309 5223
8750 3167
286 3096
781 3075
4960 3463
3556 3673
1340 4759
1739 2024
7255 980
2489 3276
4145 7451
6812 6826
62 355
1266 2743
9306 1520
9736 7520
8733 1658
4378 2734
2676 6485
6222 9212
1048 6987
2165 1085
5695 3279
8985 1879
6376 6646
3234 7944
7711 8551
7654 8017
8554 2824
3454 5998
9266 7756
3068 5962
3159 6080
1256 4657
108 3332
6297 876
6178 2874
5209 9428
3960 7297
1349 4821
2417 8072
984 3380
2042 2533
6985 8043
3621 7050
6802 9090
7511 919
5926 5255
5701 441
9894 535
6699 4424
2239 1542
9300 5431
5260 6333
2777 2349
1177 5653
9680 5652
3639 1590
1868 7456
586 8595
1897 5942
8151 3881
2862 1898
4295 6590
9116 7007
7722 7905
3753 1877
8388 3070
6803 7406
6438 6719
6366 5153
6279 5908
3380 548
6855 4563
9224 6725
5580 7627
2963 1199
5087 9946
7881 8342
3970 764
4455 6471
7013 9286
1945 8211
7477 1284
4990 6980
5299 7735
5509 9265
2018 6245
5921 7489
374 6968
6095 8608
85 6865
6191 9070
1986 291
9313 9749
6008 3701
4007 5907
6245 2890
465 9715
6558 1135
6531 1941
6460 3229
9256 5458
9846 8707
1857 4957
4586 5210
6143 1832
4064 6791
9079 9703
1843 363
5767 2484
235 7159
6259 2946
1618 1184
8195 2974
1720 4844
8251 6289
68 5706
6470 4297
5351 7120
3644 3357
968 6902
655 1487
9423 2723
3428 8428
775 6507
1215 363
2455 4660
4821 889
4855 6889
7613 7880
8337 5659
3411 3536
4974 7520
865 5619
3909 780
6111 8686
7554 7650
5811 8394
670 9315
3184 1278
2571 2741
5269 4435
8949 3190
7569 8712
6612 3949
8692 6008
1596 9480
1155 5573
6418 6335
1535 5040
6917 798
728 3254
1344 1308
7075 2138
4792 1248
2770 2577
7627 2651
3585 9142
8926 4899
6565 2598
9247 753
5692 2444
9145 9144
807 5240
4378 2547
1355 1847
9649 8088
4682 3712
5941 115
118 4614
2671 9337
3044 1217
5062 2398
3190 1042
8417 6311
9874 9145
385 5897
3659 3964
1821 3690
5484 4750
2089 8608
3348 5011
5774 2045
1997 9019
6551 5120
6071 7701
5959 1044
2189 2773
4604 7562
7477 5285
4268 7613
3423 9507
2427 5570
656 6518
5200 5341
8989 1410
1485 3367
9055 9577
8315 5603
8212 1718
5626 1019
6684 172
8296 7081
9569 938
3655 5319
4318 7326
3377 9512
9545 6179
2322 3460
6799 4067
8201 6440
3256 5021
7425 557
9319 3392
1228 8033
3589 3918
2379 7377
8193 5798
5208 1418
7044 865
9564 7360
9499 2047
6020 7712
3963 5822
9682 5137
8947 4917
3455 4857
8971 3813
5834 7707
8721 9300
4147 5350
4773 8256
1595 9897
8247 9417
9809 3377
5793 8837
3367 6141
2235 4595
782 8296
8342 9654
5670 3519
8681 2704
1267 7587
9517 9392
2428 7619
6747 6886
8713 5625
5160 1727
4938 2846
6133 8124
5089 3015
5128 8605
8141 2201
6902 758
9522 6703
8454 446
6437 2873
4785 5233
8173 958
6999 4074
1660 4256
1911 8039
2408 8845
789 765
9851 2448
5434 6810
3932 69
2934 1721
9384 3736
8443 5922
6961 4721
299 4513
9571 3562
4048 1183
6663 368
3526 2764
6273 3566
445 7721
4024 8
5414 8036
963 2988
9834 7355
8065 6878
9211 1714
6377 3165
2337 4067
931 9866
873 62
9492 7591
2150 7624
1207 8983
6941 2160
6590 1179
29 1777
6092 7318
6744 5029
4220 5962
5092 5891
2330 3246
4190 835
9043 9835
6109 1256
9347 3830
7788 2971
1162 3174
2008 4134
7111 6893
1373 3394
4960 6122
8625 3845
5421 7271
755 4513
9621 2120
3712 6845
8724 3824
1150 4288
2968 9545
9095 6211
7352 6955
2125 1686
2023 7825
6443 7144
5135 7816
3736 8370
369 7860
4759 8468
7280 2356
2106 6547
9029 4810
3671 7194
3110 2431
5037 8412
625 8954
3364 9895
5405 6364
3574 7261
8641 8111
6186 513
2600 7055
613 1023
8391 7936
1292 557
7517 764
4481 9628
6907 5908
3344 7738
5154 5964
7141 7832
2669 1907
4589 5963
4995 7405
1269 9406
2692 578
66 2732
2968 5357
5683 1740
2185 8129
9931 2295
3776 7745
5827 4902
2002 2760
2152 75
8911 9261
9677 2378
8622 2742
9625 2188
2211 6317
9869 8964
8625 6423
1813 5490
6013 1093
7248 5046
4132 8319
785 8431
8309 7880
6153 6765
6944 8018
3327 6579
4946 1073
8559 5776
18 9457
620 1389
8087 5966
2168 5839
9699 6459
1261 439
7362 2300
2317 9345
8110 473
8984 1229
5610 5964
8641 4273
136 9863
3004 7242
3599 4419
1324 8308
5894 8352
7671 7192
1503 4109
3929 389
1623 8375
9379 7393
9910 7029
7541 4867
4958 7849
4922 1776
2468 9864
9317 3482
258 5480
3243 9860
5141 359
1149 5459
2398 5338
4234 1375
4643 5744
7924 94
1236 1671
4422 4055
9217 8913
8429 5679
5528 5908
9490 8513
1959 1477
5725 6422
9799 9268
3507 4429
3911 8454
3608 4481
7581 7275
3727 6647
8026 7891
304 7703
2074 9536
9660 9109
445 768
2444 1899
257 7133
3371 7951
6459 3384
5591 9990
3272 775
5983 6838
1126 348
3178 7529
9553 1291
5055 6977
311 4336
1749 2956
5942 3804
869 8801
9336 6891
972 3264
5471 7602
4696 8737
7841 3950
1759 7057
9859 5131
6337 6962
1493 5595
8740 8708
5039 1906
1732 7863
1675 913
4562 2506
9727 6897
401 6831
1539 1806
3158 2716
7979 3133
1953 857
6979 1706
8205 8549
9131 5331
9950 2216
3246 1782
5121 7573
3590 2346
883 3572
6402 8461
6185 9924
9200 183
7204 9903
9321 8057
1661 9501
6893 8698
4118 1684
9777 6610
1351 2105
1970 4594
1624 3957
5879 4929
2119 8100
9896 825
1119 1755
620 5040
5754 2948
5656 6577
4673 9261
683 2356
3506 8660
5125 3908
271 3351
4352 3204
2764 8023
7122 4212
3755 2948
5055 1634
3470 5970
2575 2085
3597 5745
4433 6017
2669 8136
9078 7898
6146 146
6520 6214
6647 7487
3469 9882
7287 4437
1261 7823
100 1375
2309 6288
7109 9238
4714 1691
5819 690
5139 7347
7435 7718
470 3537
5668 3904
7942 2796
6349 855
9810 7416
5724 803
5851 2076
4036 1254
4075 428
9734 1944
5632 1214
5912 3483
5691 8210
956 9819
276 9306
6496 6917
6028 4597
9044 4126
8199 358
5931 4664
8988 4948
9020 9367
5211 7758
1761 4739
5809 9370
1265 7541
7881 4398
2192 7177
793 8485
6366 7975
2381 7830
6710 1369
4869 1578
3840 7327
6116 7046
977 3876
2376 3322
290 7110
2991 6069
3309 4658
8438 9392
4205 4981
8066 364
5010 3688
3518 8215
373 5832
8212 189
3652 4997
7589 964
2047 787
5541 9740
1556 3933
7158 4161
6101 8616
6041 1395
3634 2913
5574 9099
5631 3217
7255 5225
9643 7437
7339 4172
5076 8822
9090 7453
6745 9849
7402 7904
9580 7088
8637 6195
6033 4136
9453 8444
4133 732
1129 4246
4382 7852
3935 6409
48 3389
6920 963
173 2337
8669 1165
7956 5430
7565 5050
2943 8980
4454 7913
1477 8312
4896 2596
1658 22
720 5889
5670 8406
4077 5711
3686 6055
4044 3319
2743 998
5105 6153
8995 9444
8472 1001
9246 6811
1343 8497
8473 3855
9875 6982
1520 3471
3827 8919
9092 4092
3211 285
8524 4574
4195 455
4938 4700
5421 1636
5791 415
1653 28
5851 466
928 6942
2542 3344
2332 316
2977 9688
9737 4015
1208 9211
31 8646
7751 7253
9394 7059
8417 3172
3346 8996
3964 1461
4529 6343
895 7933
5838 9279
7027 4943
6060 1744
4274 5070
1445 7619
5960 1540
387 2050
3618 3453
3968 4963
4921 6574
7168 637
2567 5444
9626 2090
4053 348
6112 7946
2493 6434
6070 8474
163 9862
3417 6553
3957 4023
6099 6960
4263 7513
8189 9707
5877 8079
3666 3093
8218 8947
5298 9126
3041 7205
1084 9683
5478 1365
552 3406
3038 491
2104 8729
4196 225
7838 9076
584 5546
2843 2652
7079 164
7299 8798
9133 1002
7137 3552
5807 493
1440 6470
7290 4548
2596 6158
4298 3161
8480 9482
6988 7593
8413 1844
6494 7058
4405 749
2274 7046
7972 7736
4545 5
8973 3349
2736 8797
2056 9038
9934 8985
5008 4610
2652 9823
9247 5803
6307 442
6062 6273
9703 192
5697 5586
8770 2239
1012 142
2290 7929
1013 3750
5904 2654
4775 4789
4193 1401
9952 3498
5304 6981
6328 5052
8912 4924
8408 695
9965 727
5362 4707
3306 790
7781 3980
5272 5945
4773 4312
9035 793
6951 7660
8969 8841
2097 687
2341 7463
3208 632
3855 1005
8058 5951
6160 5626
1585 2232
3825 2294
244 512
6472 3646
6009 2424
467 2247
8734 5187
983 851
5721 5175
6469 9764
3004 5713
5844 7460
7828 3395
2917 7222
7735 952
2731 3834
603 4767
1428 4850
7703 7830
9193 6640
3971 2469
2691 4435
5213 7593
3964 5462
3874 8952
8229 706
1410 9182
794 548
3070 267
360 8392
8326 4022
1447 6031
1714 3931
9814 8421
7892 1286
717 2021
8693 8919
8375 3914
6611 6033
7321 1470
1562 2756
7818 2276
4599 1664
7559 3513
3264 3142
1495 4917
2952 7751
1677 4399
8373 9853
9371 1785
4908 5802
4476 6145
4197 314
4417 2532
3347 1864
4035 6402
17 6117
3221 3445
9017 4670
85 2279
241 9208
5582 4965
6547 921
1636 4748
132 7760
3478 7393
6546 1450
986 6329
3022 2454
8845 1338
1102 7443
2902 817
3273 9620
9751 851
8753 2503
8058 7374
4887 3770
5640 8703
7973 8956
1120 5770
3991 9082
7226 1559
1369 2310
710 3428
627 8089
3239 587
5854 6942
897 3254
2703 3990
2360 9286
1796 842
8919 6363
9206 9803
2826 8527
9834 2956
8557 5193
2012 5570
8457 1579
7653 9890
833 2680
7139 809
6839 6933
7553 6276
3420 6233
3939 8518
2346 1659
7361 9489
5993 5192
4491 9031
2503 3528
8604 5389
8294 6661
5230 2954
6987 3771
9809 51
1500 1049
5394 4459
3510 8004
1901 5530
3148 6834
1150 6305
2977 4508
62 5031
2710 192
5039 9371
655 5545
3816 2045
428 7074
2164 9323
6838 3274
270 9117
3911 2282
6495 6318
9606 3455
1889 3611
6651 6831
1663 1578
2598 8245
2340 1039
8881 9588
662 2178
5607 4351
3590 6778
8101 5461
6943 9110
5988 1010
5601 4536
4854 9217
9129 5903
2193 7378
6443 8006
3427 2061
3709 5157
5980 368
873 6535
6153 2016
5251 9792
7837 4075
3798 661
2979 4530
4513 9274
6370 3182
6058 8545
6536 4383
5686 271
1823 8225
6023 3074
8927 2362
6921 4224
513 8070
2421 2667
4897 4726
5499 3828
5797 287
174 1434
3780 2714
3465 3642
600 3528
3246 8442
8454 3081
176 7896
6508 5748
7206 3804
1781 4966
1354 9817
9465 1664
4932 4131
3905 881
417 1542
8433 7115
697 3811
3087 4598
626 5099
5891 272
1185 6783
4511 5794
1054 1604
3609 738
2030 8272
2462 1513
9671 8306
4347 3104
9333 5278
6840 1360
954 1373
3099 3827
9699 7321
9449 6392
1701 5737
5894 5831
4500 7483
2762 8571
3846 8945
7578 1474
5582 4778
4224 5333
1299 1004
3883 5040
9418 8210
8596 1228
1601 5506
7100 9019
1597 8016
4985 3741
8448 4713
5919 4548
2306 599
7797 9856
1185 9011
9132 5345
8213 4846
7664 1598
847 321
7010 3060
1158 8319
7947 9800
6688 6981
6161 7464
2580 1518
7494 2126
1518 5629
2834 2566
4635 5964
5227 3624
7617 247
5970 7869
249 5475
1307 4628
6407 1454
6863 8675
6555 4358
1429 9721
1119 4577
6685 9312
6401 9553
80 3976
7181 848
8636 2855
4909 8418
2168 5896
7118 6161
8985 757
573 7292
9208 9662
4848 3978
483 4366
6961 2013
2387 2227
2540 2469
8914 5428
5829 3850
7756 3415
8377 1813
758 3258
6389 8388
9849 3427
8371 1244
3457 1390
1930 6862
187 3442
2652 6066
7660 9719
4453 42
1493 9490
6135 1274
56 8062
2454 8710
6093 1048
427 3279
8217 7543
6863 7870
5479 9456
3652 703
4971 8491
9042 7656
515 2345
3068 652
3474 2094
2512 3403
698 7687
9796 9027
3623 5600
486 7242
517 2391
6773 1911
4554 2726
5499 7829
2311 8782
3720 2500
2495 4173
8876 1887
6006 2183
4863 6864
4232 3614
9066 8400
8321 1076
9284 7539
1588 2156
3148 8875
3122 7654
9459 1686
524 5440
9209 4921
7130 5716
5599 489
8439 8652
4162 4723
8023 106
2949 2249
6009 8466
4538 1038
8337 1959
3603 6422
544 3813
1485 1627
8453 9489
7892 6978
7519 2266
6651 8872
4559 5298
5283 4575
3662 7002
8568 6214
168 7848
1878 4712
8980 8602
7017 1466
8598 1892
5915 7676
1001 1406
1382 3727
7421 4710
532 6031
1318 6186
29 6908
1278 3377
6691 4864
1658 2844
3177 6556
7504 3432
2891 4472
269 4116
9028 1826
5229 905
1211 4784
4793 7922
8092 6985
5070 9893
5445 9016
4757 4478
9258 3227
2195 2675
8950 3074
6831 6722
4835 9272
2724 5648
9224 7026
5779 5105
6354 906
1161 883
1095 6679
1917 3081
1943 2050
7719 4151
6113 7610
354 8896
5834 1779
158 5574
7260 3048
3712 5910
9161 3644
1838 3727
6607 7364
4828 2035
7870 1287
1557 1233
306 2439
7747 8801
6216 568
6157 3371
4973 8805
7590 1647
9085 1555
3882 844
1052 3168
9758 9942
3409 1563
2166 9046
2880 8389
2670 4607
6402 142
8479 2684
8831 6519
3217 4776
2625 700
3008 4602
1103 9522
4837 2878
5896 4885
4774 8945
3621 8774
9965 7387
6890 81
5993 8201
5169 4556
3558 7671
8565 4306
9147 1278
1684 9652
1685 6090
7818 6708
6691 3254
5194 3273
4103 1728
4856 6661
1717 8230
7022 2078
184 6340
4374 501
2243 7522
9456 2383
1847 6798
9300 1089
6329 579
1953 1532
1638 208
7761 5800
9189 3732
171 7983
973 3009
6012 8227
8319 3095
690 3852
8599 5364
6567 6759
6720 585
3469 8329
3997 4284
2591 1415
2964 6127
120 7644
7558 903
2962 3802
7753 4754
3605 3679
365 4442
1358 2446
743 3836
213 638
1486 7327
2138 5792
765 5315
1140 274
3354 5531
6341 4322
3409 9402
737 3267
3393 8869
1709 7564
4510 5219
2728 6789
7309 4713
4564 5455
6969 7274
8420 494
1206 5408
5492 8699
6156 1509
6739 7751
1856 7210
3463 6605
9595 3615
6238 3793
4866 6170
1903 5521
3995 3433
6636 3839
7911 4939
5266 2879
5918 7760
7561 396
535 5361
3866 3962
2118 4362
968 2210
6775 2870
312 7009
33 1178
2512 7672
4104 3726
432 1826
8646 1722
2791 3300
1509 5193
3544 8233
4007 3793
3418 9814
8418 5278
4629 2793
2808 4408
7135 6946
784 4910
9567 762
6146 9815
5828 4810
6261 905
5268 2901
6099 9245
2747 3351
2361 9731
6132 8604
5377 2844
8752 8133
4382 1761
5541 7382
4636 5061
6718 1531
9514 3760
7717 3487
6657 4261
9135 731
1760 4788
2629 1036
9484 4268
3498 7083
6244 2779
1571 5266
1538 9290
8859 8380
6056 3482
2535 4003
3314 7905
1600 9387
9009 9078
3837 3516
8842 9904
6700 551
5454 4353
3176 1555
2876 7679
5897 1890
3954 7484
9938 2344
3248 6504
1252 9808
6662 1198
4449 5211
7255 8128
7513 2502
5178 5586
9459 2117
8996 4305
1028 1432
9178 6039
7005 783
9923 3941
7815 6250
7557 8466
3637 9470
7904 5541
4633 4739
1732 4968
7504 8051
3884 9347
4538 1469
1112 9424
7841 4438
6461 9960
6875 9011
4447 4734
9053 1025
4949 5884
8151 8801
4815 3440
2482 935
6362 2784
331 6580
5307 3902
4287 1069
5654 7393
9479 3119
9071 8020
303 4532
4024 5570
9808 5280
3379 1833
9153 6517
6665 2943
1154 2079
3898 4118
1845 6134
5262 6761
6294 1687
4422 2583
9021 8283
7568 5568
7941 4618
2177 5560
6972 4756
9804 1724
3642 9009
6867 44
9893 7431
5383 5186
4230 9179
6501 8554
1186 7602
8402 1980
2576 9214
3538 5653
5542 9380
1702 6206
140 5076
8199 1651
4155 6561
275 4712
2078 8183
6517 5300
8669 9679
5441 5541
8853 5824
9722 2072
6081 5901
4966 6968
3410 3374
894 9830
3157 5180
5366 3677
2074 8414
3799 5586
8131 9222
8200 4855
1164 8378
9094 8515
7623 7503
7998 964
5828 2395
5884 4956
2887 3225
3826 4376
2332 8830
1828 6853
1306 7680
7063 9731
3882 1275
9647 9603
6467 8165
8745 4547
3566 9148
3641 7979
3794 8975
6771 2914
5382 4156
6153 4033
2161 9133
9537 8684
459 6468
1173 5057
2606 9749
4623 1660
1174 8665
3932 7404
7084 4542
4183 4771
5372 435
790 2286
5872 7174
3782 4427
7453 6102
2599 9709
3875 3837
4862 2026
3730 480
510 2619
818 520
9749 3440
1585 2907
3178 5602
6432 2293
3587 9971
3575 8456
4301 2898
8217 4404
1705 1511
4721 1040
4077 7354
7943 6087
7840 2202
2451 5273
4889 3068
2834 8421
7719 4127
7065 5589
4718 7158
1137 5376
8045 9023
9178 7007
954 7
2478 4063
5007 4228
4477 1030
8852 7022
1034 1464
5932 785
8392 9481
388 6951
2886 4797
505 1120
6590 8864
4410 9607
1320 515
1194 2096
631 9338
3176 1368
7164 5194
6326 4095
316 1598
3829 2687
4367 9910
6475 7601
3453 9755
4112 2221
3958 8170
8963 1726
804 1537
7471 2089
2261 5125
3083 5691
2923 3524
1517 7071
8719 4749
2236 6758
8175 9789
1613 1117
5408 384
2791 4536
9759 1818
8857 9594
9922 3502
1013 2815
5126 4835
7920 6237
3124 9822
8040 4087
5643 6293
8821 4652
8793 2604
4431 9679
8631 4528
1762 7225
8596 5473
1665 7292
6660 2412
4638 708
5632 8736
4918 2977
5847 6446
4885 7001
9830 2758
5840 9439
4329 3336
6965 3398
5189 8166
7336 5031
6061 8095
3291 671
6713 5806
9796 7311
9076 1737
4530 6251
4805 8176
2876 5532
4345 9881
8648 8615
4407 5097
5403 2618
4969 6298
829 9248
6612 6104
4365 4871
2780 9207
1223 8421
9134 2092
4870 9702
2371 7467
4399 7084
6176 5170
9311 6865
8550 1290
6385 3065
4633 5975
4827 9224
7253 5504
2869 1678
3330 6991
6310 447
1518 5686
9246 2656
7770 546
5743 8701
4972 2408
7124 371
2420 1293
6802 4292
336 1744
6251 6633
2941 241
7233 6730
2441 5553
7246 4683
1756 4696
1255 7154
3378 5877
6303 3790
1576 9424
6208 520
5707 2224
5388 4164
6888 3662
9752 9967
7383 3641
6591 2917
7556 5289
56 4736
7471 9123
4986 2814
2708 16
8869 1928
3667 4825
4350 9019
3848 1453
9243 7996
5413 5510
9730 3950
3787 3429
7243 7394
7081 9318
9204 8041
54 4259
4997 9769
7206 7512
3603 4251
4990 2182
826 574
6679 8749
8236 8781
8570 7903
7893 7661
1761 4235
484 56
3369 7238
1877 5349
3688 9435
8812 6655
4762 6115
5760 5217
8636 8873
9524 2919
998 7632
5143 2774
4570 2912
6101 4729
1753 560
290 9989
1617 7869
3301 9928
1768 7284
5409 1203
7872 9416
4828 7085
5886 3986
4317 2439
9857 5953
1333 5077
2578 9718
4885 4586
2607 8958
5630 9658
7032 2205
7095 5937
6428 778
1133 6894
6021 8533
6575 3457
946 4035
9662 5081
1757 6694
2127 5473
9 2930
7607 4772
3090 7772
3517 669
5789 9314
3306 6084
9686 190
744 9943
9001 87
6284 2877
4928 849
3054 2076
3706 541
3014 4929
1742 1094
837 2937
775 2059
7153 8924
3770 7881
7523 1287
6719 6188
3331 4047
9463 1057
7930 5583
9516 4855
6304 1250
1577 6884
6597 7888
5277 7045
2140 8687
8257 4665
423 4990
6451 7312
2411 7460
9966 8474
7212 9854
8079 9439
8822 7268
8354 4948
6169 5347
9990 9999
8192 456
3307 4750
2433 1742
2159 2671
8260 4532
7035 543
5703 3073
4548 6239
9314 3943
6881 6492
3653 8770
3894 5449
3276 6568
8493 6985
3181 9714
9745 6381
1146 258
8174 1755
2239 7511
8055 343
6687 210
1714 9575
3173 9072
3817 2758
6557 6553
585 1130
2978 7850
6648 6671
1271 9005
275 150
2854 3842
3413 5526
1523 9226
4937 3166
3636 7261
6833 9834
7495 1817
1444 73
9824 5334
9005 2033
4280 4330
6609 677
291 1033
2911 6978
8283 2048
7858 3562
5824 3376
8824 8788
5419 5542
7382 7016
1713 4812
3834 3462
7784 3798
6113 6862
562 8851
6016 6929
2155 5130
8125 1058
1986 2877
3269 4592
2581 808
2243 4196
7240 143
9619 7157
3850 3591
5501 1006
3701 8386
8080 534
3878 9022
6844 9942
1891 2990
2355 7820
5130 9172
6333 4542
1047 8492
2948 9088
2136 6958
9892 5222
5341 9392
3753 7041
1408 3021
5673 5435
3935 6523
1201 5926
1046 2605
7541 3639
3931 3371
6487 5359
9160 7932
4523 6666
9621 2665
4901 9470
2274 2354
5085 5615
6136 7761
3643 3089
695 7636
8873 1459
4914 3289
3639 5599
8255 2578
8281 3799
345 3847
1988 5151
2148 902
3574 4423
5196 3352
1918 7795
6434 6822
1119 5870
5102 9352
1272 6866
8027 3101
6432 4497
7022 7746
6829 7351
1796 5331
8952 6828
9702 5074
6063 2156
3714 7062
2568 1646
3631 5307
3435 1231
1506 5757
7105 52
9844 993
831 6342
630 1922
7820 8665
2105 3807
1627 799
4529 9840
6673 3024
1379 697
352 3863
6229 6016
7411 509
5425 3747
354 9571
8625 3585
6 5855
3211 2627
5826 1812
1841 1667
7927 2496
9425 1167
8671 3179
5596 2289
4603 7695
7127 7516
5570 1068
1358 8114
8266 5345
8054 7152
9672 5181
5308 8423
7889 2362
3288 4163
2393 2530
4181 4969
2422 1770
9887 9684
8726 3236
7270 9672
9066 6310
8166 4610
6507 1018
9075 6773
9898 6840
5978 7844
9255 3176
7670 7512
9587 2225
6595 84
5767 427
658 9931
9961 8293
6131 889
4753 7238
3478 8767
1370 4660
5749 8142
5191 3650
141 3181
8525 5932
7613 8856
3255 3999
4571 8106
9139 7323
6209 2650
5274 8788
7149 7409
329 199
5556 5468
6373 1526
2393 8141
8262 4017
9452 9705
1787 5887
7826 6870
8604 1502
7821 110
9156 2015
1229 5559
2311 9270
4551 8578
3909 5139
8852 4233
9186 3355
3212 3521
3215 7202
9225 3283
9507 6379
7759 2615
6978 2050
4896 3328
9810 6188
6102 2379
9741 1887
3307 3758
5914 3082
1662 1627
476 9644
349 1201
1803 354
8771 8216
3490 6094
6819 4622
9919 7262
9088 918
9306 8725
8800 3669
4629 890
1270 241
3818 8784
8758 4197
7271 4904
1297 9234
2539 3778
4342 7249
8079 7292
4322 9980
6497 2477
234 8956
824 3537
1820 1058
7551 8304
9869 3361
78 5410
1759 7952
6950 6394
3923 8204
6235 9832
6581 4053
8821 8279
1743 2531
2467 8978
2435 3024
7313 8139
3336 7855
1466 3162
1493 4985
9827 9901
6697 2134
5016 346
1358 8732
2309 7988
9900 8659
6461 5829
7971 6015
3570 6746
8685 5358
7673 8832
7055 3535
9145 6282
298 6473
8271 3274
231 4497
2161 9995
2765 5006
616 5062
9327 5764
2281 8599
2575 2630
8958 3423
276 1207
861 1860
5840 3617
7724 1600
1887 2229
5177 829
1761 3056
5235 4217
2088 1761
6477 5931
7043 2370
4990 4386
5709 3319
8684 7011
1261 8368
511 7870
3532 7743
5208 5777
6099 9920
2207 140
2427 2358
3889 5536
5505 6148
3853 9262
1647 8030
7034 4886
3971 7039
6813 2443
519 7357
4316 7451
8793 888
5343 5039
9799 4015
3911 9617
7175 2832
8975 370
112 2280
4630 9304
6079 1697
9547 3013
8958 9034
2907 6536
7143 8212
2998 238
8789 7535
6549 1057
9563 6175
3596 1096
2908 1476
2978 2215
3615 5310
6984 985
8353 8136
5457 8709
4798 3411
448 8995
8326 8942
1626 5998
7197 5415
2987 2708
5263 2427
8714 8300
6601 3849
8285 5908
6475 5430
8803 1175
8651 7197
6942 7525
645 1588
3447 7015
7466 5990
1494 567
7798 8449
936 1737
5633 3808
6407 7366
9974 4554
5906 9070
3440 9227
2532 973
6160 6708
1477 2091
8168 7201
6531 8341
5091 2478
4996 9788
4435 861
7014 4553
7984 8023
2879 7847
2311 9083
330 6249
4396 5070
1980 3062
8284 4528
3335 5619
9744 5381
2844 8765
4648 8674
3330 8658
8003 6171
2714 24
6633 5211
6755 6894
6908 7890
6197 1648
1923 2154
6501 9229
6465 9572
9522 9102
7363 4306
6724 4548
7209 8003
8745 9410
9356 4868
7308 7228
4003 1180
4221 8987
3402 5686
9971 9867
5422 1278
5559 8157
8518 7152
1593 2400
9280 9195
2944 8191
2089 9397
1686 8226
4435 9855
127 5115
5660 7458
914 8878
8120 8984
5109 3383
9751 1583
4474 2643
7254 6591
9582 6500
3023 3007
1753 6415
8255 2204
3236 4054
7993 6930
987 6912
3273 7319
9217 4278
2390 6477
1363 2473
1918 1005
6967 6911
9054 6731
1852 2637
1881 7539
637 5752
2696 6934
8637 5130
6995 8178
3664 7325
3437 3936
3507 3177
2101 8976
5171 3106
8164 8101
4502 7643
483 2252
5791 2033
9127 978
8504 1753
6391 3718
2807 4671
5985 3030
9229 4638
4155 6781
4926 242
3952 6452
4368 1412
9777 6163
8994 4771
5477 6946
5317 9697
1903 8587
9897 7019
833 8673
6781 9538
4138 8305
4022 4158
6935 6972
9645 3011
3457 9075
3944 2023
5155 7834
8245 4094
6491 6177
586 1976
3817 6385
4182 4820
8326 1989
5086 2752
6830 3364
3595 4471
580 1380
7797 5782
3093 6704
5090 7008
8787 9904
9219 9561
5916 176
5492 4544
4236 4652
5268 9000
690 1925
1536 2885
7508 9062
3516 7746
9094 1164
4768 7896
2425 539
2366 9758
2232 9943
1153 6503
7557 5921
8488 3047
6802 161
215 5954
9353 8221
6968 5526
8635 5726
1104 2854
8886 3093
7399 7964
8865 2216
3602 1454
6238 7932
2878 1423
3725 5991
3058 78
7944 5054
9533 3843
8905 4274
3834 5934
6487 5603
7801 8883
8259 3345
4644 4985
5955 1578
3615 4318
1533 1432
129 1642
3553 3440
5413 1029
8699 3617
9473 6421
3401 3800
135 9758
2368 2233
5955 4961
465 4974
5922 8985
5173 4925
9980 748
6745 6019
5623 5161
4888 5695
6462 9114
9084 3054
8624 7765
3998 3682
429 5667
5496 2353
7436 6287
9482 3100
1448 8275
2071 1084
4220 5946
5438 6512
8206 8945
7573 8278
8228 4008
8298 4747
5239 8554
7393 174
7893 497
158 6493
8339 3997
405 6370
5781 2313
306 3358
4194 9986
8781 1309
7097 9049
6694 7878
8736 785
1831 7989
699 27
955 4154
8864 9830
9759 7299
827 4908
3566 6603
796 3343
9970 5267
2040 8513
13 5334
6582 9515
2403 6875
1353 7583
7230 7484
7719 4265
5361 5645
4955 4957
1713 9057
5818 7052
6692 3644
2342 5818
1401 834
2739 8672
4916 2750
3579 18
6688 492
4508 481
6161 7391
8088 9208
2479 1393
685 4801
7741 8346
60 8913
143 4252
2603 6532
9208 6206
2319 6773
7582 7535
2009 8045
9729 5154
8268 4830
1974 8990
2344 8523
8545 1166
8666 9040
4365 553
6555 1252
727 6905
2731 8380
9419 7557
5610 5948
580 7609
943 5217
3035 2375
1497 141
256 8451
1622 5505
7229 6077
5395 1041
2177 3283
8675 2336
8274 1238
2525 3966
7475 67
8306 6411
7308 893
6726 8839
9543 4775
1179 1902
6755 909
1896 8
8276 1284
6309 3074
273 5772
433 3775
2883 4613
1145 5701
486 403
6554 6288
461 9206
8579 2224
1698 3406
3033 5311
6082 816
1269 1014
6331 3772
1205 3473
2036 3401
5740 6714
3997 4048
454 5002
7923 3990
8818 1459
638 393
6400 2788
1608 3863
9476 9538
6453 5832
9536 7337
2685 814
4021 5573
5371 8510
3465 1154
8718 1228
5299 6190
3489 5712
7107 4343
7656 4585
789 3945
4576 9767
8652 9276
4170 2663
3151 2684
3058 6657
6325 9969
8125 3343
5396 3090
8352 2568
3558 6980
9239 9975
6787 5304
2234 2231
9606 8456
3233 1935
3477 4547
177 5259
1486 1025
8836 5771
123 8406
7986 905
370 8283
4097 3474
9730 9431
1206 8555
7682 9539
6404 2506
9702 5131
5244 5328
1357 2308
6776 7747
4283 3075
8101 4046
3849 6755
1884 4454
5554 3275
4809 2367
6330 3496
1161 8031
3191 4311
4402 3706
8817 1183
9226 5552
170 7821
5884 8290
8410 2522
9404 9796
8377 6546
6138 2922
7618 1044
1372 2966
6069 5037
4357 930
5040 960
6724 9435
9828 2395
8747 2292
708 7123
3268 6601
2330 8304
4417 5118
4756 4584
4219 4379
8885 721
4227 2742
9149 9627
7119 6931
2544 9953
8332 737
3436 7124
8238 321
1600 507
7792 2486
1233 3911
3354 8223
3179 2772
6639 63
5294 2868
2006 9496
1096 6831
3754 2680
5421 9296
8912 5900
2004 2253
6267 8004
9839 5536
6195 6438
4925 9092
5112 4754
8092 8790
9553 2698
5384 746
6452 587
497 4967
693 2627
3838 4256
5626 279
9923 4860
7032 6531
715 7489
8681 9535
6938 3863
866 1242
6898 6716
6158 490
4043 1628
273 9773
9661 137
8327 8256
6871 6024
6859 4509
9670 1354
6187 8775
6922 1825
8441 6291
2066 5359
763 6375
1873 5718
9753 6492
6233 4986
5147 3785
7979 7923
9782 4978
5611 8615
8911 7903
3904 4852
2273 6591
9843 8637
7565 5839
5266 4416
9239 794
902 1996
9811 431
122 8449
5822 5802
8341 9443
2950 8681
4566 248
1778 2798
6105 6090
7221 8631
6244 8154
4969 638
4222 6073
299 6806
5092 9339
4722 4144
3579 8825
9885 6954
1172 3927
4571 7358
7794 4736
3964 8666
6240 1969
455 4286
606 4455
2794 8491
1221 6448
539 6616
3923 8261
3873 2482
9007 1144
5792 9319
9366 1262
8350 5718
711 1623
406 7403
8656 3546
4860 6306
1899 68
6814 9946
8048 4629
307 981
3380 1044
8565 6811
2948 1387
5340 8636
3413 6819
4153 213
7867 4968
5687 5711
8765 6872
4009 7604
76 7649
3221 3616
4678 6450
8143 4085
4678 34
4399 619
9037 1329
8037 6318
9291 9547
6304 8504
5523 1523
5182 1230
8482 518
2441 3626
980 3302
5169 5906
2717 8405
5384 7780
7015 379
4675 3119
122 9872
7936 6616
9682 9553
2734 8759
3104 1122
2184 8292
54 8398
6843 7627
5338 1369
1172 5350
2569 8133
4946 7904
2663 7014
2976 5259
9488 8906
1321 2440
990 2835
3980 7559
9725 1679
77 9698
7367 3059
6049 9459
2107 6732
1013 1506
3478 3376
3122 2051
859 7455
4674 1739
5054 8376
2163 9293
9534 7746
2806 9924
8847 4564
2873 4730
1562 7383
8747 7366
2773 1116
6456 4306
4983 6631
3395 116
8381 2290
5790 2001
5545 7832
5581 7489
7503 8962
4131 938
8926 6550
906 2733
3110 7302
1310 7512
2999 9915
7378 6981
5384 3942
6349 7068
2015 2605
4320 810
4478 2150
56 2004
3318 4972
8483 9363
7123 9091
8582 2172
8929 6417
2482 8083
2604 9012
2485 1184
5990 1658
2072 3489
2075 3006
9009 5622
2634 4690
1202 9268
4934 8967
4681 4357
319 2764
7457 8563
5709 4799
3431 9171
6286 1427
6803 3609
8844 78
8846 905
6543 8408
3644 3048
5462 8305
939 937
9593 7521
402 7902
345 952
8973 5561
1318 7349
1060 8811
7686 7110
9928 7999
7029 2639
6565 9860
1176 9925
2277 9906
6912 6935
6064 5148
5102 6457
7435 6710
5012 7695
647 3919
5812 8310
3047 5394
4219 5615
9552 5618
5835 6981
6831 4502
540 6681
8007 5596
2788 4352
1444 5367
6857 2690
169 1261
8794 2943
8756 6623
1223 2924
4030 2279
3188 8608
8728 7958
8255 5294
3148 5045
973 6132
8910 1024
1181 6835
1401 8299
1217 6492
3987 2582
5417 1341
8115 2281
8679 4309
9749 4977
7407 6890
2550 1154
9313 7830
3210 9306
9215 5043
4329 9866
3412 6030
9776 6019
2708 5123
1699 8114
8244 1321
1950 5481
2912 1920
5097 2275
2819 1729
867 8715
203 9489
5834 8203
4833 3168
7797 9677
4895 4800
9380 4514
7057 9113
5464 756
5676 4611
5703 3024
2198 298
5745 6633
7106 2589
263 6507
628 4942
4984 6720
8628 6572
357 3890
2225 1340
694 277
5702 6182
3713 77
1629 6944
4055 3224
5452 6007
2866 5308
5913 6402
9650 6445
7012 5556
1532 7011
9467 7492
1706 1714
9452 44
2607 883
1734 7145
5218 8994
3511 5231
7238 4586
6935 613
5875 633
6713 1732
3946 5159
4999 3968
8806 8914
8947 1225
9296 2133
6283 6285
5567 6115
488 7914
3377 6170
7109 5115
8077 7758
763 3423
9018 3320
6308 7281
4654 900
2823 1797
9165 5999
8702 4777
3995 2018
8113 4382
3808 5575
938 5117
7701 5377
3069 8619
1252 554
9192 7795
8722 8812
8817 4
2177 9943
534 3721
6470 1573
7130 9725
1717 1822
8162 7657
3360 1628
6386 6009
7722 188
2677 7233
8462 4916
5421 9272
2295 4687
654 9091
8605 3689
3593 294
6399 3211
9981 1431
3945 4883
175 2448
7649 1780
6651 3432
3227 1634
4900 151
9414 9685
4594 2296
3195 2850
2061 4641
8980 9578
7421 2303
5239 6383
1696 3173
9036 61
1025 6940
9743 3895
9753 9501
4834 2133
7227 8853
846 4723
1372 4015
8655 6785
6475 7528
1934 5216
3703 3441
6186 1009
4926 5105
2524 551
7338 9623
5096 9488
9065 8346
4540 905
5479 2056
7308 332
5221 1266
1262 3096
2974 787
3240 5602
2858 9472
9651 8443
1234 1048
8299 8843
1305 9559
1665 3486
3690 5838
5839 3530
9168 8474
7678 3248
7526 9270
2975 7024
9392 6647
7517 1610
2807 8379
7263 7355
883 6833
919 2326
5298 5808
5986 3176
5681 8956
5581 5342
4115 4674
1850 9251
5009 2672
5860 8140
3464 6784
1773 4308
2932 9929
6155 891
1428 6525
26 1146
1715 3549
3270 9924
9994 8004
7962 5235
403 6731
8364 8433
2022 8395
4016 5018
1108 1824
777 2219
7716 5179
2019 7343
517 7018
2855 7615
9015 257
9447 668
9792 9748
4405 7230
4410 1158
8980 1202
9910 7525
3778 4099
4569 5352
108 6032
955 7594
3469 6727
1752 2276
1635 937
195 1490
5640 8150
9343 2947
4027 1770
3373 3232
8712 8742
5706 9901
5981 5410
5611 215
2500 3078
8028 5077
3303 958
3712 6081
1245 3384
9741 6376
9426 5052
3364 2365
8558 5242
6627 8941
6033 8202
9667 196
7707 3157
6458 1026
2054 5593
2233 7810
3752 5106
9755 16
7617 3614
4463 9813
8350 6417
7142 4287
3878 492
9542 2352
6729 8844
3494 9951
4652 6302
4425 661
1668 8940
3874 3756
6299 2844
2160 2986
8660 4364
826 4689
2407 9279
8541 700
9191 4000
1340 2466
9223 6921
4765 7118
7222 2711
152 7404
8405 7228
4544 4675
9085 571
1951 1307
4875 1247
6337 4425
9050 735
6097 4938
2637 1231
3413 1452
9178 9780
2198 4567
867 9951
8796 818
2914 3202
1326 1605
9786 4940
417 8210
1633 7949
852 1722
2070 2288
8016 6490
604 1620
8417 7588
4272 6030
6338 8383
2749 2576
8578 2029
5491 3034
9877 1271
2559 1698
3092 2161
1058 2729
8437 5207
7910 8696
5172 8357
5079 5160
8933 2378
6448 8147
8363 6197
273 1641
9864 9303
1644 8838
7150 2942
2236 6498
6152 1588
7549 207
107 9458
1234 4244
9262 7168
4293 437
5031 4338
8675 8354
1612 3638
7434 6084
8138 3985
6995 8666
4115 1104
7134 5068
6765 9143
442 2739
1104 5302
3748 9389
5672 5273
1967 3233
4918 2367
4649 8558
2808 8767
5457 6782
9970 6292
7537 8841
1061 1441
3989 9451
1305 1801
9457 819
5482 1362
7903 4468
7999 4176
5356 2943
4982 258
5314 9887
773 7575
9150 9155
397 8981
3420 3265
6097 3328
4756 8024
5923 1485
3510 9574
229 3920
2665 5052
1737 7443
6090 9704
4096 2501
9975 5481
2291 2367
8514 5911
694 2936
9376 5152
7794 337
2429 796
4058 3148
503 9003
5766 9765
3022 2064
4980 3194
9126 7606
5606 9483
7714 758
2177 925
5033 9621
8219 7841
2264 5805
6691 4043
2988 10000
6240 5864
7991 2729
3386 3630
7365 2452
639 7709
3471 8841
6621 5152
3598 4452
1576 5781
3746 940
2469 6587
3847 5156
7261 2102
7727 589
8289 2544
9039 790
3273 1659
5647 8329
7476 6605
1590 2454
4021 6248
9625 887
662 2593
7174 6240
6639 2698
4829 2220
4366 244
6601 6378
9056 7560
1957 935
1867 4425
8188 8504
8964 2309
6875 2416
3120 7429
9084 159
4543 5017
990 7535
1176 3753
966 725
9809 9460
5530 9622
1488 2527
9058 4573
2205 7803
607 4764
9830 7304
6399 9253
7123 8530
9945 5564
2914 9431
5531 9443
6594 8940
1011 2346
8946 6991
3091 2153
9783 3701
2381 3683
913 8604
8284 7057
4655 8991
6049 1677
2754 2733
4932 1163
3368 4124
4049 321
2309 7752
2340 7065
287 9081
8661 564
2866 6357
1065 2932
2930 7281
9616 5631
2708 1984
8119 3398
2988 5007
3118 9961
4008 670
744 1039
967 9190
2581 6346
936 3461
3080 809
5276 1353
6459 5116
9544 278
526 5283
4103 7323
5681 8232
8051 1170
9759 7787
1852 6321
5709 6466
3627 1328
4427 1943
8513 6304
5242 5502
8201 4497
5890 6477
1186 3235
3278 6809
7753 9999
1647 1378
5578 4670
494 6125
5884 8160
4709 2006
1035 6449
7566 7140
3263 9160
5789 2638
369 4144
224 7927
4885 3171
1430 6978
7958 3988
2674 2349
7496 5620
1333 7045
935 6218
9018 6597
1635 6629
7495 5395
7273 7268
3606 5712
7148 5287
3344 4022
2067 6259
2194 5280
9255 9169
9014 6828
7199 1088
9759 6982
3276 2575
5172 2827
4303 163
6579 6298
2100 5618
3564 9623
2845 3520
8562 8424
1499 3708
9250 8044
6113 4024
6510 7632
8905 8763
7633 4928
7817 6735
1305 3842
5945 5379
6593 6354
7788 5216
2057 2134
6260 3670
8995 1459
6727 5765
2021 5860
3048 9864
4010 6303
1075 1286
5930 533
6067 6658
704 2282
1242 9505
4778 964
9612 9914
9882 5079
6931 5945
5964 2746
9546 5130
1384 5424
1452 3838
6185 7818
3687 3556
6108 5908
9196 1341
3680 133
3430 5620
9102 5089
2839 5152
5664 5113
6199 2239
5977 3358
4676 1037
7155 7531
2611 5702
1588 2571
3761 7827
287 250
9427 3344
7647 4960
6848 9451
558 5439
3848 4039
985 588
9020 8066
3452 6668
7798 1342
7837 7686
8509 6049
8173 6854
3059 2428
5920 5052
6606 2347
2996 8495
5608 3999
5582 2778
3925 4794
8906 208
4494 750
292 9238
9869 255
9774 9817
6940 4852
9268 4761
6040 623
281 9079
8801 6049
2270 7987
7910 5289
2361 1689
9393 676
4907 5241
5530 2214
9210 969
2202 7294
8590 8431
2079 1976
2113 7222
9502 619
8861 6450
7648 3976
39 7637
9815 8663
6241 3888
596 2832
2345 3034
1756 9055
7322 7374
4777 9682
6895 1645
1165 8587
2958 4954
5886 2384
6794 4222
1923 308
8278 3217
9248 5933
6498 6331
2308 9918
9201 6117
4080 8414
6157 3786
6742 275
8765 8970
6256 3765
836 9435
7837 2693
7707 6784
2005 4440
2442 5195
4772 1767
8784 3735
9296 5573
1288 9717
9536 8443
8292 6656
4584 5099
4276 782
4799 6973
8479 6482
5700 8394
8775 2868
5834 4422
416 339
1123 4173
1061 3295
8690 6702
370 9039
9783 5287
7280 681
4674 8375
5409 8595
6598 95
3208 1291
8342 6369
892 5179
8032 5389
8648 3443
8832 6004
3985 4366
8775 9634
3799 1732
5843 8298
2491 8820
2240 5037
4222 6561
9886 5415
2733 1937
7306 8668
553 1926
6003 8930
4537 8262
5149 9580
9662 2674
646 2090
1174 4461
357 1987
3967 5638
8724 7760
8163 9413
890 8085
8008 6092
2435 186
3470 8215
5027 8247
6319 9324
6441 1585
602 7803
9432 9917
8066 31
6500 2165
7837 733
3518 1466
7217 5189
8242 1950
2077 2548
8307 93
9575 3028
6839 5014
278 5612
522 8224
3975 8508
7743 3700
147 433
5773 5219
3660 768
1667 7753
2076 1542
5268 3771
6763 2925
950 8112
5981 2889
2159 6680
4026 2030
2942 1656
6013 8062
7940 6873
2157 4355
5486 2129
5174 322
1313 2687
4616 6410
3515 6429
1185 9857
471 4852
3212 2456
9270 1237
8497 4697
2578 8734
3853 6424
1026 2630
926 5432
4909 8914
8935 1890
5881 6041
1282 341
9458 3917
6413 9285
7800 6462
2604 506
8247 1489
1834 8401
275 1126
5467 9592
2007 5885
9425 8291
4525 5137
8723 6329
8982 7721
7172 7243
5059 9208
322 9990
1289 357
1975 4068
4984 6590
3003 4510
6262 1545
7284 4451
8529 9846
3899 2581
4603 482
6972 3398
282 7558
1834 7246
8274 8573
1961 9273
9060 9482
2901 4233
4115 893
3552 8889
4271 7822
4861 4655
6167 1658
9121 309
4518 7699
4945 3602
9422 7619
6559 4168
9549 9646
8188 6520
4262 3572
7250 1807
5598 8331
8868 9662
2335 1728
2209 9725
203 5171
2503 9448
4149 8771
9484 4683
4904 945
5836 8095
4535 5774
258 1845
7040 6319
9401 2204
6088 8316
5682 7628
5698 1745
9406 2548
3032 5224
7132 9291
7349 1412
5043 2982
2276 6409
3957 8951
1304 7030
3403 1195
9148 977
3840 1196
3017 1159
431 460
1895 301
2240 7883
6164 9250
9115 8384
4364 9460
22 5136
4698 2166
7841 7886
4161 2715
8469 1793
9766 208
7558 5319
1667 4988
6806 3240
9359 7963
7559 8173
7432 484
6551 2721
6747 381
3999 852
8336 4832
5039 9225
521 2955
4786 5369
4027 6283
4873 7243
4470 3820
1657 486
7171 9195
4645 8547
6668 3656
6260 8557
6200 2090
1444 2822
1320 312
5828 6648
250 398
7545 3929
4553 2542
9866 2667
3331 4486
8315 171
4335 370
8967 2046
5233 1520
8340 7583
1251 5810
3675 8433
1237 7632
461 8165
5046 2825
5734 3199
2334 5959
2265 8074
4875 499
1113 2843
4351 1253
7408 7953
5844 3744
553 934
2189 5985
3078 3609
2412 7720
3193 8285
3621 626
2244 2659
3334 4733
6854 6239
2218 7073
5766 4211
5043 1372
1342 1740
3337 7633
3614 3969
9560 8171
9022 948
5203 2758
7648 9668
6342 7003
9303 6825
1240 6344
1957 9368
2456 421
8020 2077
3515 6592
2978 2223
1235 2967
9772 8966
4093 1910
111 6200
1662 8669
7959 7436
4463 4072
3902 5725
5803 6321
5997 9570
4086 1870
1319 5297
7239 8278
2194 8907
907 4040
5607 5628
7819 7806
218 31
5145 7260
6972 9627
7467 9606
4581 2199
9684 5712
6196 6373
4016 7116
2796 9133
9424 4095
497 2048
3767 9041
2387 1731
2829 2076
117 5210
3916 6131
3880 58
2196 1382
5623 6861
6402 6599
9539 1951
8076 7970
2410 5283
9946 6247
5182 2954
6202 5033
2754 3595
3676 9303
5866 3586
2715 2886
8028 7175
5017 1574
3248 3349
5476 6060
1584 9112
7038 20
5006 3667
7041 6707
4952 6814
4484 4494
1301 5791
3018 3826
8529 2438
5483 6450
7467 2385
4788 4905
560 8008
3454 6608
2365 5890
9519 144
9426 4117
3178 5212
2483 3667
4901 5721
1332 7706
4278 80
5654 4238
9728 668
7510 5091
9441 7027
3742 2702
3864 7795
1192 1660
294 510
5120 1271
5804 7565
9345 3532
3087 8103
819 2583
6230 3243
9623 3476
3554 6034
7255 4168
7198 3634
1928 1701
2795 7702
659 1547
8367 9973
4105 7076
3792 2415
7964 1632
5507 3787
7336 2063
244 6408
1641 5027
7312 888
7957 8008
2257 829
3354 5572
8915 3547
21 3892
355 3014
207 110
9754 1084
6175 2381
6330 40
1477 7255
4557 2073
6026 2258
859 8374
3722 4655
4123 5753
3469 799
6459 5523
977 5397
7973 8891
7789 7084
2723 9088
7577 2475
4361 1380
3146 4495
8153 1130
3617 6332
164 3796
535 2019
6409 4655
8912 3599
8709 2516
4390 3249
8867 3856
4706 8181
5656 9521
274 7347
563 1034
4720 5635
1705 2544
5184 4049
3795 5291
1271 6224
4442 2658
3910 9967
3796 8899
921 1681
4852 4219
3098 7056
8454 8009
952 6629
7891 9589
4338 4937
2999 6296
8883 9620
6981 9553
1096 6758
6018 7227
3525 2555
2809 7303
8504 7722
621 6650
5853 5847
5359 9476
650 5136
5846 4676
3764 5954
6250 9455
1613 5183
3118 5025
6685 2213
8211 7850
7337 678
4348 9388
521 6419
710 9324
8523 8122
4566 4363
9894 9684
1611 1323
7557 6279
4133 4481
1696 9540
5581 3065
4495 9034
9575 4427
4334 7396
9788 4720
3062 7725
9913 3668
6479 1182
4366 3147
7475 5873
2000 502
3175 4404
1287 8931
2593 1770
504 8293
6266 9934
5392 6926
9062 1583
2902 8941
4048 7941
9125 6069
8039 4868
3084 2007
100 481
402 4983
5097 6227
6726 8579
2898 2756
9149 1178
8493 5977
3546 2977
7966 6460
2880 7088
9428 9638
7737 746
2883 4353
5658 7957
7549 695
3003 5209
6279 4103
7702 1691
9983 8170
2975 7325
1977 8977
8696 2549
6638 4975
6586 4785
2701 1838
4898 5236
460 4557
8175 6984
412 7549
8041 4540
9498 958
9009 4931
1939 9624
8374 3437
3656 1243
2493 384
5297 5884
8654 6460
751 3982
2163 7797
7731 6943
6542 4863
4988 8512
9393 383
4227 9353
6016 8954
3984 5431
5534 8456
61 502
711 7966
8032 640
3727 8249
2051 6051
2617 2490
1557 2510
8189 4007
1955 8972
3949 9759
9297 271
7471 1512
7115 6603
7156 6604
9080 8904
1053 4670
6130 6208
4915 9323
3224 6093
858 7612
3656 88
4653 4627
4023 4231
2600 981
2722 1910
8417 3083
3097 1787
6030 5977
6056 4946
7613 7230
4927 9333
4053 6325
8602 2082
2726 2783
7106 2703
9320 7960
3093 7680
3050 4600
9500 6615
1847 2814
5973 1686
3832 8019
3892 8070
3111 1089
6225 8323
2052 8881
6348 6444
3399 1721
5727 1630
863 385
2979 2855
2920 5658
8436 450
7875 2103
2450 2511
2610 514
6436 9674
6622 2482
9669 1324
1425 9887
7547 5455
8018 7292
5186 3908
9298 3074
7359 6158
7644 8771
9483 8489
9533 1436
8230 8868
9164 9675
1848 4513
230 6457
6265 1282
7944 9413
3527 9611
8288 2807
9248 4835
6042 5182
8874 2904
2370 4036
721 3661
1961 8712
3761 2086
5390 4438
5483 465
7685 8371
9767 677
6871 5414
773 3070
2335 4200
6197 8853
4599 6568
5564 8940
2608 3046
3019 4832
7217 9434
173 8932
3082 8564
3858 8785
3793 1220
7676 9756
9295 4250
9696 5348
8884 3218
9109 5780
1542 3251
7113 8330
5845 1985
5282 2811
3694 1214
578 3733
7202 7621
4346 5341
5485 3170
5871 6589
334 6756
169 1993
943 7803
2908 3688
9938 8264
6679 8977
7388 3058
3596 3308
4501 5629
198 7649
406 1182
1350 3431
2895 8364
2616 8949
2244 7091
3371 1877
8937 2448
3770 8564
8491 2361
8057 6041
4402 1836
7291 92
5235 2591
5818 8833
257 4442
9151 4851
5979 3274
2734 3693
3821 1332
8308 6791
9586 7408
1298 5119
9197 3691
96 6187
3756 4320
9979 694
1458 6505
4123 9217
291 5904
9131 8706
2536 4058
5591 9177
4256 1610
1725 618
416 8235
6574 4214
5493 9773
1150 7476
4307 4958
3679 7641
1160 2502
224 5032
6170 9234
8596 5514
4051 50
9670 2167
2455 9889
2616 8494
6289 6832
1516 5705
7457 9563
9226 1372
7708 6930
3195 1004
260 151
1013 5084
6809 6309
84 7250
3097 8016
3527 6846
3470 6312
2658 4182
517 4099
5307 2951
260 6917
1904 5413
1680 9869
5489 5062
102 2544
2115 9797
9431 2127
1647 1061
8969 3759
1581 2693
2553 6990
5696 8546
9402 7024
2148 9156
85 4068
1110 7245
1116 1775
1277 9048
6955 7608
6026 729
3140 6908
5404 5112
4636 8916
4313 3567
4344 2880
8977 3246
4937 3394
5054 4733
577 4880
3880 3685
7796 5191
502 2262
2432 7760
3244 3474
847 5680
7951 6233
3658 1771
666 384
5580 992
6419 781
2747 6051
8303 3682
5166 1160
5425 8968
1870 1991
9802 2955
1493 6205
3857 1607
7522 84
1398 2935
1967 5307
2112 2278
9804 3001
9028 3534
1963 8571
5243 67
7524 130
901 5512
8704 4376
887 7334
6525 1557
5726 6048
3407 3249
5124 1284
9167 4817
2004 651
4466 3758
5553 7059
7079 8532
7019 1311
9947 5911
5582 6299
2507 2403
7137 5504
1161 9007
8599 2266
3176 4255
2477 282
4700 1895
4644 4969
6385 7562
263 4824
4647 8650
7906 5685
9215 8621
280 1795
510 4701
472 8381
7726 6249
8743 2395
3106 5364
2928 339
6216 2276
5973 9688
1116 3198
268 1411
8113 5382
9959 6271
7116 9888
8138 7132
2577 2741
1362 5856
8795 5187
4929 7208
5687 6069
1609 9897
9720 2498
1289 4065
7579 8831
9811 1862
9637 7159
8570 3756
268 1761
9605 1205
5768 8128
9197 3854
6232 6542
4336 628
5635 2122
9585 9628
4081 9154
8307 5224
2020 729
1653 5631
3797 2979
712 1401
2047 2552
2249 9826
246 5543
7343 9089
712 4784
180 759
553 9635
4976 6973
9135 1821
4971 6629
6748 4715
8649 5311
9485 9747
834 2680
8115 8787
7743 9181
1883 3999
7953 4295
3342 1244
5900 6311
3570 9739
9451 2966
7362 9489
9693 8915
2749 4113
9061 6194
1246 9979
4916 8800
2006 9667
9814 3957
542 5662
4058 9678
1221 5196
7260 6179
7193 4957
5333 952
4975 2210
8498 3987
1522 6063
653 3399
7005 1873
4044 2051
5537 1132
6034 1938
3133 6331
4323 4849
7716 918
2454 9426
5878 4808
5788 8298
5551 8385
3637 7527
3816 2574
5213 5357
1295 3024
2816 1147
8602 3936
8942 4004
9477 1130
1843 3795
6214 7359
4526 7810
1317 7886
3122 1604
7718 3623
4589 5126
4985 5880
7672 6631
6273 7185
2939 2651
8749 9998
597 4564
6481 7888
7813 6112
4981 1974
8695 6729
9055 4820
8439 2602
3738 3041
7155 7832
9211 5333
1434 5438
8619 7673
1439 6536
7354 5009
5010 3843
60 1326
2016 8045
5884 435
4944 5475
4916 8345
1614 1060
989 1762
1572 8004
954 9123
5529 5347
4596 5142
6743 2761
9821 3168
136 2260
7701 3962
8389 8500
9012 1309
3470 7548
6462 267
1572 4971
820 9308
9504 1771
2341 3267
5083 8643
7889 7396
4807 8745
5803 4768
5144 5886
297 84
2181 9401
4578 779
2212 4550
9505 1592
1967 3965
9710 2778
6604 5985
30 2214
9899 4929
5205 877
1535 2056
9910 9225
2185 9520
4762 5969
8289 5236
9590 1141
9280 6577
3703 9597
8531 4769
1924 4268
7474 9224
7433 2053
5299 9557
308 623
7350 298
7649 6781
7553 657
932 450
3258 5948
2849 1579
5813 7334
4013 1128
2917 6409
9954 5740
9622 8943
1885 8477
515 1101
6029 5646
5558 6815
4630 6954
6655 9306
2420 2570
7112 133
4288 20
2321 1810
7147 5981
7047 8783
882 9381
818 7676
9469 8327
2101 9391
1881 4921
7545 6027
6325 8798
1590 3991
2085 8134
256 3442
8007 8532
6489 7674
9519 4657
8087 2819
8162 8820
5843 6021
5844 8875
7287 8593
4199 328
3325 3736
9183 1675
7686 5858
6217 1509
4167 7206
8049 3466
6133 5945
1458 8359
7654 658
8982 7054
8731 3271
6215 8229
3622 6359
3265 5533
8480 9287
7680 7891
7510 9954
8131 8352
6889 976
8 7820
292 7579
7112 2711
1033 8745
1372 8211
1726 7211
1869 2601
9496 5181
814 3719
2837 9408
7849 6387
2990 5486
9595 9324
2962 8356
1995 4403
340 8000
5727 4102
2305 8766
6593 6468
7131 7275
9152 5721
3163 4101
3662 1570
1454 4429
4408 3080
9609 2964
3571 5589
1799 1431
1334 2792
78 5906
4319 7172
3575 5708
3594 9922
3596 169
9291 7758
3661 5482
5495 4102
8848 7188
6740 9497
7454 8086
6081 7609
480 409
3097 421
8842 6619
3768 8762
1438 5774
7816 6223
2747 8710
3468 2054
3122 1417
2396 1313
1496 3500
2062 2191
632 7596
6203 6259
5420 4867
1874 2140
1101 6354
3253 9979
7221 8265
5411 1371
2155 8017
2709 9357
5830 12
6260 6012
9235 3288
7342 3307
8594 9119
2556 5328
1553 220
95 9993
6974 1568
7213 8000
9792 7528
7674 2733
2825 7438
4682 1346
3327 8588
1266 3573
5567 1480
553 7838
8244 2297
7430 9920
2470 2551
1482 4891
7466 5413
6272 9405
3008 3358
6236 1080
5902 1958
6368 3451
110 7268
9845 8293
3227 7603
7546 454
6052 8318
3252 9353
7693 7297
6294 7851
3374 3866
6263 2122
449 4455
8718 4058
6006 4940
9898 1888
477 2716
599 4399
2066 7921
9582 3345
509 1473
4549 5489
8587 7924
2305 3773
9218 5512
8029 3432
8966 3756
2087 5765
5191 1731
5232 1732
9215 5214
9559 5024
8523 9602
5743 6408
3299 8768
4949 4827
8364 8791
2667 5293
8639 4300
5867 7383
5158 2722
4683 3395
2847 3948
4447 644
5128 4011
7268 4623
4532 6609
7980 8801
1659 2470
354 9075
2479 2963
8719 2724
6045 6342
6360 1250
5916 4242
5647 9679
1411 2341
7164 486
3407 8836
9085 8150
5317 6542
8345 1170
4319 1024
8718 220
156 9440
3917 9877
9307 3244
1549 4153
6936 6671
243 5652
6505 1200
8175 5081
8710 2207
8977 107
8020 8176
7894 3341
5655 9139
6897 7847
7766 4095
8459 8223
2348 5674
2359 9970
2402 5910
6758 1272
1534 6854
8542 529
8285 5599
9353 9604
2280 4200
5169 1702
4014 9786
968 7382
5569 2575
2272 2804
1964 2651
1150 6110
6764 8607
658 6402
9429 739
1872 3062
6944 7262
7679 312
4012 5926
1082 1253
5259 4978
5221 8658
8958 4537
7246 6846
1339 5982
7284 914
8051 5553
4002 8621
8176 4501
4125 6742
4973 2113
8056 2864
5742 409
6934 6924
2252 5161
3747 4315
9354 4887
2012 4920
1014 156
8326 7828
8880 9168
6583 2156
4081 404
8072 3747
9505 8439
7132 8787
7939 4157
910 2435
5139 9356
9368 9107
1956 4237
4168 8667
338 6181
935 4185
3547 3853
1864 4648
5570 5378
3085 4731
3823 8632
7252 4358
3024 7461
9053 7002
2269 5865
4380 3073
7654 8310
2046 3349
2194 3247
1170 3678
5306 9654
9633 6530
6935 5590
27 1943
5216 6728
3230 8468
7364 4949
4745 1858
2415 6040
9044 9518
1565 3426
6919 9968
6637 4620
2292 7138
8947 9585
8076 6848
6326 6421
5509 3947
8165 9549
9663 8974
7970 9081
7070 688
9750 4432
958 4330
9519 8471
97 6445
2482 2724
9180 9005
2149 6456
7591 9435
3580 8069
2799 8258
4664 2027
3537 825
434 8467
2793 3525
1306 8396
8634 3769
7297 5955
8551 2014
3568 3521
1038 6137
1759 235
8393 4811
8670 2645
5401 2670
7204 2731
7140 4436
3191 6954
7365 6998
70 9883
5708 9768
5927 1962
473 4638
8318 8609
3373 6436
783 9001
2715 3992
6858 2471
4461 4677
9869 2410
3668 3351
2028 810
9836 18
2184 7739
9681 2359
8313 5232
5355 2675
5009 8454
7189 1295
6633 3292
1769 9217
5048 7628
6316 8311
9559 649
3953 9347
7871 1100
1522 6307
6840 6776
7149 7531
650 9007
5693 6053
1579 6060
6612 1664
9455 9344
1792 691
3822 7551
6060 6786
9510 383
5745 5462
7827 1932
7328 299
757 209
7802 9981
8356 741
5372 9795
3352 7787
2314 5876
5113 5370
5982 1618
1169 8232
2411 6940
6265 1152
6581 5330
8448 680
2082 3274
2271 6179
9494 1728
1968 6370
629 7729
6410 9420
6542 9539
2862 3614
9252 5578
3137 5539
7037 3102
9375 3699
8121 1224
400 4644
6959 967
2480 6703
4756 6422
7053 7018
5728 3549
2982 1437
7151 1137
5687 3548
3666 8485
6271 6982
5441 9908
8550 3966
5121 1824
2751 1689
3411 4179
68 1811
6886 8194
847 1549
6891 2122
7287 2876
9881 7600
7880 3390
9596 1200
1225 7736
1748 3347
67 805
2369 5909
9900 2365
5137 8342
4583 4750
4860 3338
1 6601
1866 7540
1250 9486
5634 9148
9406 5240
9150 6748
4408 4934
9852 2324
1739 2480
9765 3079
8550 6194
8677 7467
2199 9820
8961 810
5969 5839
4966 731
432 6006
2484 6771
3845 9143
488 2905
4385 197
4352 4221
7076 4130
1482 4517
5833 5951
79 7581
8135 475
4709 2014
2289 8932
6484 4191
7005 2385
3093 1752
8714 6194
2597 3800
7501 3720
624 1638
7504 3237
2999 7752
9496 9613
4835 783
3488 2281
5449 9344
282 8290
7493 9494
5793 486
6064 7173
4796 4992
7222 1272
4417 8379
9360 7473
3453 8861
3484 1758
4098 9565
6907 5583
3452 8636
6814 3140
5059 8785
1322 2326
7963 1657
1084 3666
678 2224
6048 2883
1199 9840
2226 1012
47 8773
8293 256
796 9800
2097 1541
8907 2401
73 6961
4144 6126
2437 8779
6919 8976
4393 2666
6798 4485
2932 2342
7999 9608
872 7351
9189 8880
1598 1793
5333 1009
2804 844
7413 3068
8280 9069
9247 5852
7325 7385
1773 104
5487 4859
7648 5594
3797 8647
9717 8218
9645 5898
6314 881
1589 926
5295 1656
5286 3822
186 3990
3572 9468
3794 1933
251 5139
8995 1817
6097 5727
294 1079
3858 9273
7339 5189
2330 1311
673 7491
8985 3758
632 1074
1580 59
1638 4201
3477 3165
8138 5579
6080 835
8695 20
5214 1852
6205 6199
5773 3536
4240 1646
3653 4330
6299 2828
3587 5962
2463 2779
6549 7140
7531 7237
2025 2553
6350 9182
376 9348
9937 5494
6033 7031
5377 5414
2493 1840
7319 6011
3169 4109
8373 1258
4968 3674
3672 5861
2509 5002
4687 8350
2970 3899
8802 7033
3291 2005
2699 2093
2257 1748
8299 6412
4157 8535
8137 1166
172 2728
9043 7095
4831 4315
820 9365
8022 7043
3256 7087
4431 409
4708 3161
5776 9418
8828 8604
3842 6430
1072 3924
7636 591
824 3822
449 4699
6794 8418
8408 9738
3246 9028
9619 9133
9280 9667
4889 4670
8775 8219
9776 6084
2087 2626
5900 9453
5139 2566
8308 9507
6780 7207
2298 7010
2267 1281
3361 91
8304 5601
7345 11
844 660
271 7214
4248 3711
7866 8758
4714 5204
7279 5026
2673 9489
5462 9793
735 9011
7519 8650
5275 4682
6923 7084
7112 3573
7421 4328
2029 1466
6139 6221
3405 3372
7534 8177
6137 3142
1562 2000
4765 8525
8223 9153
5453 5893
1657 9407
4451 3639
1925 3745
1904 2868
3805 2710
4077 5118
1918 322
3550 8607
4949 883
904 1441
9899 1148
8798 1921
2170 6959
1146 7390
5791 9271
9666 4360
146 1799
1354 1677
987 6579
4949 4266
326 454
3070 1739
5840 9163
2634 8756
9981 2651
1390 553
8384 3220
5307 5667
8051 6952
5765 129
3185 3382
2904 7304
5206 8244
9781 9386
8974 3436
4798 6729
3091 7130
4457 4184
2631 5425
2741 9003
9969 5650
1039 6338
688 4603
8408 8128
3647 2100
7100 8800
2158 6144
5700 5719
5662 8645
9053 8051
8797 3924
937 9444
8402 6778
1833 3351
8889 6896
6967 5423
7892 4986
9275 3899
2735 5374
9674 1164
5154 4647
3502 7761
2098 1555
6086 4627
5217 2717
3197 709
2513 3460
1828 9773
7583 4581
9231 3977
5528 9934
3768 2403
9153 4094
9318 189
9125 9216
6730 5079
408 1529
8317 7205
3962 9035
9626 3725
7200 1029
4053 1983
6350 2579
6340 1891
9777 8058
7908 6219
2511 2259
1743 401
8212 214
6351 8816
9240 7072
3005 2767
7935 845
9521 6533
9038 3181
1512 2905
6056 2482
7494 7518
7740 4541
3600 9743
4288 7111
3471 4637
145 6380
7387 2733
632 82
9637 1231
8052 5567
9886 8351
4738 7347
574 5739
1544 2793
21 8007
3433 1120
3001 5627
4111 4970
8789 2827
224 1950
4093 3610
1709 416
4453 1701
232 5975
3126 4575
4979 993
9397 3649
2802 1253
6764 3858
2681 3178
7500 6178
4666 6131
1474 3902
3022 6854
4288 5956
6966 9627
4196 7121
3700 9169
9915 5682
6090 3540
7872 9140
3605 3647
8859 6575
8818 158
237 5164
8291 641
9564 8084
23 4646
3029 3487
3808 9641
3613 6167
1666 9333
9717 1883
7731 2869
2722 5407
4181 2652
2529 5766
277 4189
350 2947
7387 2278
4106 7204
1282 9343
4796 1235
2454 3148
2648 6397
3517 6809
9675 5040
6009 7092
8251 1565
3612 2882
5687 4597
7244 4629
3135 9898
3080 3021
2946 577
5659 2549
4417 1589
3914 6630
4413 4099
1323 2177
7737 2283
1522 3518
3757 2482
5529 6640
5436 4197
5119 2046
3652 1907
8450 4784
1134 6038
2109 9098
8603 862
6612 2258
6383 8622
1104 7327
2310 8630
9158 5056
5144 763
2847 167
1505 7671
8041 3044
4703 7436
2034 7234
5050 4511
8945 8146
4241 9068
8028 7720
6349 343
4198 5234
1185 5222
815 4191
505 5463
2222 3498
5233 9099
4894 3217
8378 9230
8866 8038
5667 9556
2169 3113
2956 6876
5651 1883
1461 1306
7619 3701
2928 4828
3606 7924
8986 3609
7578 6329
8538 2695
3537 9258
8951 7937
3313 1636
5279 9043
8003 8952
5766 8407
7478 6098
9128 2911
7600 1365
4676 4054
1002 8497
477 9807
3557 1215
8622 7654
2116 7959
6278 826
3297 9397
5888 4024
1024 6943
7028 4707
7771 2536
6933 5601
6531 7284
9891 5125
7525 8896
9142 3317
1267 635
6189 7520
5398 6267
9580 6926
9079 2214
9098 12
8007 5637
3039 8176
6554 9338
9501 402
9473 8934
1780 7986
5085 8372
6143 7525
9223 2343
7638 6679
8749 8876
9090 2753
8465 9117
4136 9162
9802 4679
2682 3593
2954 1837
531 5074
2512 1492
1116 5727
1219 3196
3702 10
6281 5954
6038 6196
1615 6579
5566 4107
6832 3209
9392 2687
8079 9431
8392 7676
8490 4047
9006 2651
2215 343
8823 3698
5867 4220
4970 5924
421 4505
4333 8521
1377 2627
9680 1814
6349 961
7973 2215
9249 9175
3366 8705
92 4222
725 1883
6571 8887
3804 5898
6032 8609
1524 2273
2310 3182
6035 8126
1929 9906
8617 9083
33 3992
6972 6952
5873 1382
2581 1955
4219 663
3599 7371
8862 2471
9082 3935
7295 4380
8234 5531
4999 976
9751 9170
6420 8317
2445 2444
7543 5613
2560 9372
1414 1704
4810 7870
4213 9866
8005 9616
171 2771
1537 6241
4925 5376
591 913
4522 4205
4546 8763
9465 9715
4207 9297
1246 9475
9565 497
5208 7916
4451 5493
9530 4448
5320 1741
2870 5067
7756 3627
4953 227
4726 1002
5075 6074
9989 1764
8594 9607
631 7078
784 8074
6916 5084
6379 4879
7308 1178
8516 1056
2578 7295
5935 1455
2361 3096
2825 7926
994 8823
5275 8764
6457 9673
8832 9371
9042 4485
262 1734
6017 2204
3410 7798
7944 8185
2223 129
8661 629
9538 7318
234 9485
4178 207
3020 3856
2722 227
9248 6990
5893 3831
7362 1764
5172 1819
7594 7025
5553 4140
6544 8487
7265 1831
2055 7119
2659 6294
7874 9294
3156 6346
3930 5740
3798 3369
8719 984
4368 9349
2278 186
5980 9842
4576 3636
8836 5706
3521 4754
5318 7656
4127 8913
1383 1212
8547 2570
7065 7785
3168 9739
8333 7714
5721 8046
8362 6200
8701 6420
9141 5938
1491 8070
9542 7036
7434 2929
3064 2973
416 7812
7919 5630
88 5472
4751 2297
9407 4367
3541 5756
4811 8764
9981 7083
7478 1723
8606 5779
8133 3869
6271 3201
8139 651
2561 4981
694 3969
45 5775
5303 6193
6392 4659
3023 8984
9152 61
8496 4860
354 114
8105 5204
171 7577
8134 3690
3963 7327
1962 3117
628 8984
9778 6350
9403 811
8995 5712
5819 1764
9924 6175
1400 5299
2238 2234
6573 9551
1339 859
4477 8487
867 8219
7773 8787
4843 4114
4034 7917
8714 6601
183 4554
2731 8933
1585 7681
181 7891
8108 4347
1358 2040
2822 1881
81 4277
6865 5414
9189 8587
6171 1061
1780 228
7953 4409
5652 6323
8632 6195
1626 6177
3315 9334
3320 9678
197 8774
6761 1277
4866 8797
7541 8787
1461 1387
6505 6949
8036 6514
1437 6628
3517 19
4912 1975
99 8589
5223 5809
5760 3762
2236 4766
6477 2622
2769 7481
680 7588
5878 1539
8113 503
7555 8843
7374 9963
4502 3016
9271 6653
5035 9895
3947 1451
482 3816
855 2866
5831 4352
8267 1320
824 1301
7207 2094
8506 3588
5122 8736
356 2364
5769 441
1443 6419
1541 3544
5452 4706
6316 610
7888 1674
3155 4110
3027 4864
1817 8323
5143 164
4912 4203
4700 6010
1272 7476
6167 3870
147 685
6843 6139
7660 6361
4723 6933
3670 1708
7088 3691
2729 7277
272 5268
5088 8751
9396 1413
1209 9756
7364 2054
9327 3528
2658 2149
3791 7303
2700 5758
2535 3247
301 7137
4553 2176
480 9354
7577 6484
5240 8741
8017 340
6112 8670
1449 6183
1719 1348
132 2605
5491 3075
7659 7987
9159 5233
8932 1844
9364 1501
5103 8628
4174 5913
2899 8977
2496 1390
6004 7797
1551 6086
5350 2843
936 6722
9649 1835
7992 3851
8329 6654
5877 2737
3542 5821
4875 6899
3995 6328
1949 3099
9046 229
8827 8035
5123 7351
9306 341
3769 508
3280 4481
2556 286
8949 5931
6011 1397
6107 7521
7015 3697
2598 3895
5485 5488
5763 514
7931 2420
2578 5148
5568 4210
5705 6925
784 9310
1899 8997
8217 8641
4444 273
3762 6103
7771 4390
9899 1205
8679 3976
3539 7751
4219 1094
839 5984
3076 113
1833 7596
1771 6718
7339 5864
3010 8161
2923 8916
8482 6064
5146 4867
7179 7080
1881 847
7072 43
8386 3323
2092 7483
4592 6910
3837 1150
7940 8898
887 9034
2219 7258
5084 202
8129 5387
2807 7428
8385 3098
5078 2639
7729 7897
2746 9404
8066 4284
2558 3691
3769 3086
5130 6212
6107 3683
3516 4892
3459 2106
5694 1824
4887 38
1904 8536
8993 8057
6032 1819
216 8987
1579 2360
1950 3993
8493 6953
7779 1194
616 9860
334 348
6782 5700
7959 6265
4726 1783
6343 9036
7804 2944
5099 833
2291 1253
9290 4264
6205 2686
7051 7810
8393 306
7644 8324
6297 5658
8785 2816
4000 5062
9158 1112
1630 9091
2592 1366
3068 7711
1684 2911
2494 1962
6513 937
2213 8136
8383 5630
5456 4638
6387 2518
6982 6111
7715 8914
7625 5988
1049 5554
7062 7568
5100 6696
4663 6695
748 8043
769 2504
8217 7031
4294 8518
8024 974
1016 129
7523 2678
8371 4465
1265 9501
5382 2595
8264 6096
1736 2670
3790 3508
4411 6070
4683 4314
2011 4595
1608 3424
8542 5286
9731 950
2976 551
381 9188
1260 6124
3689 6085
4998 9021
9470 8530
7269 8396
1888 9076
4622 9673
348 3763
9532 6375
9907 6252
8635 8833
7047 6482
6727 650
5698 7153
9404 713
9006 4050
2733 3425
6703 5891
9556 8654
4447 6824
1842 2665
3048 8132
8893 5866
4514 2384
2205 273
682 3235
6819 589
7240 2339
2859 2194
6157 4819
9985 816
5029 4146
8140 1283
8110 4824
1637 1105
1451 9051
5897 3175
2724 9324
3947 6070
3973 5039
9035 8551
6268 4808
3837 1768
1784 1532
5581 8042
160 278
9414 8547
2411 8046
9 5744
2531 8902
4117 7420
975 9472
5395 2375
4923 2565
4574 2411
1251 7835
8813 3604
936 2347
1175 2363
8031 5820
1302 4390
7054 5343
493 8193
9591 9533
7649 2520
1021 8312
4004 5449
7151 2243
3285 100
6958 9018
9355 396
6648 3874
8177 1858
5677 7349
4094 5342
1974 6136
2137 1404
8257 7479
6170 4249
7486 1940
2627 1039
9385 5119
9691 9363
1607 8005
2724 2103
3596 4284
9532 7798
3720 378
7044 4224
8038 5836
8384 57
6691 164
3960 3248
1038 9016
699 9550
5800 5820
2932 2025
2736 2113
7778 1186
6940 87
3395 6630
331 3677
9830 1197
5007 707
4938 9238
2574 7420
550 7922
6930 2782
5436 6482
8058 6838
6525 4948
1542 6455
1294 2189
1072 4062
5600 4604
5523 2694
4031 7221
2322 9047
1321 4766
4996 3177
7331 93
3530 2509
4537 8490
862 3663
4556 2878
6211 3445
3957 1795
6367 3958
7879 6499
6850 6586
7978 4226
2563 6076
9280 3739
3177 1051
7155 4189
3180 5486
9718 3184
4699 9198
4916 1319
5082 2520
1933 9063
2555 8817
9761 8923
8465 6946
6588 4492
2199 322
1242 1975
7993 7890
9299 4139
9820 3087
5007 9701
7935 7131
611 2108
9893 1845
8730 5150
7835 7681
9473 8641
7359 1336
1362 6214
6928 4533
2035 8966
1040 3719
2108 1308
4374 6755
5678 2177
8539 4801
297 9273
2322 5209
9359 4540
4060 1869
9478 290
9414 9165
5675 1879
4620 7161
1724 7734
8690 8353
940 455
8473 6783
3914 3922
6790 8332
9558 1343
1368 6759
203 2821
3019 6426
309 3217
1357 1682
7740 6639
4908 2501
5336 7674
7891 6808
7705 9836
9725 5428
8649 5669
6077 8840
7820 1680
3036 6780
3150 1432
7198 5309
1511 8915
754 6492
8634 7266
3620 9460
8766 9637
2474 1792
7047 8523
7233 1331
1128 8396
9256 7020
8630 4114
5804 3174
8851 2770
6578 6732
9380 7995
7689 8929
3962 3912
3743 8712
7718 1753
3640 7833
3301 1951
3015 7781
28 6738
1050 3228
411 9886
7715 7117
9805 4202
1641 3669
9526 4787
302 2022
4356 9851
7498 6301
6340 3534
2074 3901
5961 505
6189 9000
5527 3431
7118 9463
7333 7173
4286 6079
8224 4900
3091 3430
8228 5773
9964 3858
6793 254
499 5168
2713 9671
7484 4309
4218 3851
6515 4447
7811 8
8091 8693
9060 2139
2279 519
9283 3874
2210 9050
4701 63
4487 5207
4826 5427
3171 1854
502 5816
598 5524
5324 9087
4460 6767
7493 1769
3855 1705
799 8439
3414 7624
5501 4438
6184 4468
6096 8785
3536 2891
1824 5200
6464 6737
7331 6322
2914 6520
4786 2214
5151 649
8707 4064
8299 297
1507 6432
8451 9736
2658 5776
5547 4032
1260 9938
8636 8735
7862 2925
4825 4047
3842 6731
3147 5940
5617 8154
4144 4817
7967 6132
6599 5999
7189 2832
494 986
1366 3167
7343 266
7036 5973
5873 9278
1334 7793
532 7105
8834 9100
427 8809
6525 573
2103 427
7376 6041
8995 3541
2388 9456
8890 5245
6674 4079
2296 9867
3015 3138
7872 3212
7655 4675
3008 6131
2882 9964
9971 3069
7830 9402
7706 4640
5999 8047
9600 4065
6145 7118
2284 5319
8604 128
6451 4946
2065 4457
2844 4195
825 2789
2098 3816
444 9513
1569 3472
1710 9369
1720 3641
9378 5534
407 3969
8125 5913
3335 1399
2679 6198
8086 3706
2883 2995
7502 3655
2550 7481
2607 1599
2367 7774
6381 6405
8854 2531
3071 13
1615 33
9633 2269
7771 8017
8146 724
3251 5084
9236 2044
3666 6989
9011 9281
448 2815
4061 7518
2929 5972
7139 1509
382 4447
9599 3789
2286 8724
4836 3350
6579 354
9789 9548
9935 9373
5329 6666
9630 8737
4773 2247
8526 2823
5857 6785
8568 5678
5502 1898
1682 100
5259 2140
1642 7117
6532 3167
3204 1831
4924 5799
3021 8540
2139 1507
7310 9096
2613 609
3418 5732
4538 5763
3858 6004
5224 9474
7678 1386
1523 2672
4405 6173
6499 4158
6536 8921
1149 6403
9511 6951
5127 3125
5218 2489
6565 1745
5617 2006
5090 9659
1580 6589
4462 3674
7768 6914
1250 9868
847 8697
288 597
7194 411
1197 3037
4428 4440
6730 5380
2401 2015
1250 419
7136 406
1217 4443
9708 2927
442 7830
9520 2876
1464 4320
1839 3443
3205 497
3399 3746
7522 3101
443 4268
7499 1397
439 6778
2614 6445
9496 1701
8245 9323
3823 9177
1982 9386
9394 7840
7186 6535
2769 6733
3080 8315
7550 1335
4876 4953
5784 6791
5280 2562
6995 6186
6672 837
5558 4758
5150 6653
7196 3466
5282 9024
3164 4229
5801 729
4701 2104
936 13
3336 1488
2395 3674
3119 3705
6510 9527
440 563
1126 9936
9622 2348
4647 8634
8030 3261
1063 9587
7656 4740
9149 3821
5978 217
2420 2391
1456 9289
7504 936
6041 3949
5654 3311
8248 8035
9728 6157
3169 3418
7178 8121
9136 2081
581 1892
9144 6860
5961 8157
4624 9589
7922 8804
357 686
5465 3789
5842 9374
1823 4737
2726 6231
5021 3748
74 7164
5712 7803
8194 6644
7845 74
7686 5679
9558 619
3926 4686
9099 6686
1220 8766
7657 4160
7130 4643
8343 701
9360 4017
3885 5062
3818 3840
7744 6788
5691 8804
3012 5662
4285 1771
7096 9196
5599 9215
9307 3602
5899 3091
4252 3543
2581 2443
1141 744
1703 8361
3780 4487
2200 9167
4385 2352
3843 8219
6033 8918
8952 9268
3622 114
5862 176
4034 4754
4715 8121
4467 1603
9943 9828
8689 6599
5451 1773
2133 8295
4267 37
5954 6531
389 4650
8001 6198
2932 8685
8777 3
3744 2147
845 3203
2247 2166
2552 5431
2495 9061
6344 5181
6041 5372
1832 6273
4165 6526
6598 567
1713 9025
3105 7300
1453 9660
9519 7406
8237 9299
4257 9498
1273 7972
4685 8255
301 4429
1075 7987
3783 9615
6185 1337
2756 6365
5748 5500
6522 4894
3439 9805
8387 9243
462 9450
1487 6211
9111 2858
5181 8836
1573 5231
3598 1167
5623 3519
9783 7637
2285 1495
1598 6981
1999 909
4306 2193
2403 5688
8163 86
9563 8802
6361 4387
9341 4259
8756 1354
3559 8759
2737 1777
2611 9020
1850 4169
3263 1069
5513 1819
1371 8106
5073 4930
563 9101
1704 2839
7438 3186
5413 4998
9420 8874
5029 8041
9609 5363
2551 5155
405 4728
372 8752
8982 2232
5933 311
3655 3929
332 9353
7020 4366
950 1818
4906 6106
1544 5940
9008 420
8118 9711
9933 4147
5612 4053
2102 983
7198 3325
8466 3254
3343 2472
8472 790
8007 9321
1526 823
5212 9946
1592 8990
1869 7578
1518 181
2920 3308
8618 3998
6192 548
156 4000
2205 6746
5345 8785
4846 4900
2323 8687
5659 3468
4410 1337
8269 8725
9769 5971
9265 4748
2585 9596
8086 7520
798 242
7239 8587
6714 6487
4288 3037
6497 7950
6182 6626
1674 1044
6531 364
8730 4589
388 5447
7487 5656
7208 6241
1071 2471
5806 862
9498 3414
5886 8735
3649 8944
3967 7533
4748 8098
2620 1861
8972 7505
5987 3125
9880 2927
7751 5887
9155 3425
7757 7587
6759 9239
4010 440
3012 2092
2960 1902
9268 7274
2342 3021
4009 3221
6153 569
6409 4696
800 3297
1715 6306
7659 4019
5375 9320
8928 386
2861 4525
2983 9618
586 5408
5309 2284
7432 1761
2970 2216
8267 1808
170 3251
3657 2365
140 4540
515 3663
1666 5259
3001 7164
1356 4279
2187 4207
4212 6559
3114 4597
438 7388
376 6510
2535 4890
4214 6605
692 2020
7937 8470
8214 7058
5738 4999
7782 5149
9843 2994
2434 8221
9986 2548
1494 429
7096 4821
5100 7371
8615 4369
1363 912
4100 8196
9360 9441
1956 8596
7331 3183
4841 2946
2488 4670
5243 6898
4781 8530
7881 4000
7892 8296
922 3771
5480 3054
5994 5719
8578 5591
6243 8675
6181 7797
2532 1185
9758 3421
7607 9066
6984 9841
8314 6484
4091 7679
8403 9939
7226 9374
7634 309
6579 5591
6226 3783
1183 4485
6480 4831
4267 8844
6478 8168
6750 6412
7345 3589
2061 1950
6808 9800
588 6527
7870 27
6589 4774
1267 6815
1797 3597
4792 8665
969 3186
623 6713
3077 877
6996 6818
7349 4462
6225 525
8434 5438
6989 5647
1211 2719
9115 8051
5841 3568
4446 1612
1391 1374
2757 9008
3189 4501
18 1651
4443 1314
8333 8015
9568 6306
4277 9912
6638 1633
724 6014
8507 9107
2194 6801
7574 8902
7569 2142
7520 5633
7914 4806
3246 5385
3440 8634
2496 723
1231 4475
6382 3518
5227 7438
4513 1679
6130 2516
2774 9712
7194 9031
9306 7595
433 2401
3915 1171
7185 8164
8054 4412
3940 2167
7341 8677
770 8587
323 728
3447 8650
1577 3957
3346 2182
5615 730
477 4578
6273 8055
4582 2573
7649 9961
4745 4257
5407 3410
2568 4517
7200 2029
111 256
6546 1239
7072 6947
2063 9485
7830 5808
108 6374
5920 7378
8136 7046
2847 899
660 6887
6350 6962
7322 4089
4118 7515
7038 4330
7635 2334
8565 8657
2593 3234
6815 8230
2713 7500
2362 6519
3867 7115
8067 1964
7408 3082
5075 577
2154 9199
5160 8794
3021 2368
1274 8628
4973 5935
2015 9794
6707 941
2536 8742
7123 65
4776 1634
206 5754
8423 5167
9388 8293
7989 8847
1112 4513
4498 5827
5964 6495
4257 6896
4463 6772
1194 2633
3907 9523
8847 4182
1908 1976
6682 5957
5326 3205
7667 9735
4642 5956
4791 3046
8340 5290
1340 9224
2049 7469
9590 8777
5999 8559
8493 9669
3952 5859
1956 8409
870 792
7685 8412
6959 7554
2167 2213
5739 3909
6998 7482
7337 532
5969 399
575 3126
2344 1351
8088 8802
4616 3580
7699 5085
6054 2200
5403 7343
7791 7303
1483 1931
9038 7109
8565 281
4241 1424
5173 7820
4868 7184
2652 8270
4923 6891
3335 5294
6819 727
3209 6875
3002 9026
5071 1127
9093 3783
5915 5424
7317 4387
6006 5542
2597 4776
412 5175
8657 6636
3400 6820
9148 6873
4979 4921
7742 7010
7499 7252
1639 2070
6105 8904
5785 6482
7117 4706
936 7023
7029 2607
4441 7497
2013 3974
3501 6121
9232 9203
4528 3709
2878 480
1645 8651
3574 4879
3314 9678
6153 2155
7271 7775
1982 5792
2285 3349
6092 4131
6651 5815
792 9903
9254 3485
5248 9633
5432 5024
3555 3324
9059 7181
1357 9123
574 5479
8416 9933
4243 6327
33 4374
1228 9652
2114 619
8650 8824
8086 380
4445 7215
1315 5864
9520 7926
2925 9694
344 2923
6376 9151
2305 3570
8960 6771
4717 1672
7249 6272
1428 6680
3670 399
8142 662
9974 9035
9759 745
4411 7981
8862 3203
8542 7197
9641 6351
7528 8316
3349 1512
7058 5923
8515 8757
6051 9741
2870 5449
5901 6010
2620 4520
667 4488
2908 5152
3558 8452
3654 2498
1570 9365
2305 2415
7166 9024
5695 8012
6786 3141
9122 7075
2367 6676
8434 3291
5732 4861
8533 7434
961 397
498 2585
6437 6370
7280 7813
1588 3905
1180 8806
1667 8924
7644 8275
8334 3060
4593 5527
744 2991
7308 1910
6781 9563
8108 273
4775 5009
1454 4844
9267 232
8494 3692
8774 5961
4318 569
9729 8399
8167 853
6179 8182
8507 3927
2098 1913
981 1399
2502 1774
3715 1996
10000 6418
4434 1683
5872 303
719 3873
2993 9181
4218 338
6952 935
911 6295
7177 9913
1973 3315
378 6963
1343 2919
4242 1863
9997 9503
8536 2763
1183 8299
1654 3720
4111 6483
7721 335
8861 7434
3197 6328
3047 2597
8926 6331
7522 6541
923 6655
9820 3575
3851 8249
2628 7339
8202 5519
8104 1978
7367 8101
1729 1800
7266 1633
4215 9465
5154 4200
7640 1285
9348 7902
6144 8322
2634 1088
6612 4226
1285 1005
6990 2866
502 4531
5992 4518
4152 5329
9625 3457
3212 6205
7725 5715
3678 5446
839 6553
2023 1873
1310 6138
8125 6588
1860 9988
6259 9184
9838 1471
9831 300
752 4275
251 6733
6750 3005
7770 5084
3198 1961
5443 6531
4378 6207
9357 7964
7141 1880
5007 2968
1793 9116
1853 9167
3135 1612
5869 2209
852 722
270 1498
3788 8593
8196 4145
2504 7407
1974 4209
735 2766
7357 3575
2617 4840
9898 4531
717 1436
7256 6152
3987 2013
9303 6573
6324 9555
6418 2774
2170 3747
3644 8440
2386 2059
2358 765
613 7098
6848 4987
4606 4852
7899 717
3697 2789
3669 7157
1453 1073
8552 2036
799 6699
1793 1895
4406 6669
1763 9600
3434 7290
6214 4822
5775 7404
5775 988
2903 6873
3681 751
1134 6396
6201 3082
40 4553
5671 3267
8260 7647
3742 1377
6008 408
5983 8457
4421 1665
2428 7896
8927 4
8966 5594
2617 4385
3042 9287
2111 5745
7219 9602
4160 6239
3785 700
6904 8278
4564 6854
2102 1495
522 6175
761 6191
1115 7443
9727 1750
1227 1268
4881 5972
2608 3518
1794 6977
1730 3020
195 303
5182 6085
48 1007
9652 2515
7079 9191
479 3445
8101 5681
4612 3488
8603 6831
2132 3939
7632 3890
1622 2147
1215 9902
1750 7028
8123 7133
181 2475
93 6792
4857 6675
2204 4000
8869 1473
149 3691
3950 4658
338 9979
7639 523
7740 1329
6561 6353
1914 7809
8334 5451
9163 8716
9944 2111
1444 8799
6492 5435
9811 2521
2306 1624
8071 3536
6880 4793
4560 8909
2745 8087
6288 717
2070 8672
2115 7691
2053 6813
6051 4911
1459 6074
8095 5061
6197 3982
4333 6651
8061 8860
8242 1324
9129 8701
9905 8922
4136 3104
2701 4001
5812 1138
7317 980
550 3230
4331 9961
4877 106
5415 913
7428 1750
1708 9380
1636 7814
4788 4198
7613 749
395 3292
1974 7055
9732 484
1767 3544
585 2635
1051 8292
9511 5211
8697 2254
2814 8200
424 5161
2912 2319
6670 3239
8507 8546
8934 1443
759 7137
9102 3471
2679 5531
2345 6409
72 3955
8599 4348
3181 265
3427 3704
4686 107
138 7958
8652 1730
2993 968
728 8955
8316 5945
1633 696
3204 5352
6765 9111
4196 6137
3767 9407
7773 1761
3361 2303
2179 1394
2984 6517
6540 9932
4572 1698
3462 3109
680 4750
9676 8065
4418 1231
3327 6856
7589 2583
519 7276
2267 6876
739 5330
4075 4275
4347 8935
2764 1266
6028 5061
6929 9892
8703 4297
1946 1573
3532 6507
6930 668
6871 9887
3590 4233
8261 5083
4995 461
2469 3977
1352 4217
2933 8807
1692 4285
8983 7670
8035 7931
2813 7924
4396 9177
6672 8896
8188 2511
2123 307
5581 935
6728 5795
6411 7808
2118 3346
349 5121
2152 9346
5731 1633
5846 7807
7317 2403
7062 1884
8364 7059
5876 3485
805 9309
5127 5841
2196 7359
8053 192
5315 2105
6674 8568
7747 8753
6030 4302
3356 7920
1670 5034
9072 2800
8578 2265
2669 6990
9541 1558
3254 1227
2376 9397
9532 3724
628 3381
3165 7571
9688 4237
3284 2567
5615 9163
6176 340
2523 9824
2598 5245
819 6332
7911 3118
3778 3075
9896 8323
1747 908
1745 6497
6194 8466
8405 3626
7312 7670
4165 2208
6539 5468
4421 7089
5911 5899
8743 2867
5880 6586
9882 696
6776 4657
5871 2336
7953 5222
8825 5151
607 1349
1200 9033
3328 1684
5059 3589
3068 6483
611 2222
5026 1197
1003 4732
1384 1391
9759 8560
6829 8051
1913 954
5449 2993
5486 5504
4175 2495
1429 3793
9064 4736
4138 2613
2436 3358
3361 9337
3077 9578
3027 3799
9550 465
592 9685
4511 9210
3883 4723
8024 9545
8146 4058
28 4624
8868 7426
2607 1900
1517 9625
3165 5611
2697 4045
4808 5417
9830 3084
2471 7674
6987 7455
4002 823
9127 7313
4738 3143
5157 8954
9373 4336
3029 3471
3715 6428
3219 2814
3398 5031
9403 14
9750 9921
6011 1137
4646 1275
9687 3156
8722 9829
3921 238
2234 4297
9486 5502
735 7653
2039 1577
4403 3395
9418 4055
9222 7149
5192 7985
5643 1276
9887 2813
3316 4975
1048 9281
9469 610
3689 7435
8448 558
5523 393
4810 4658
1811 8516
9249 8191
4488 8579
2497 5057
1755 2168
1538 3631
5946 1435
8248 2375
4734 8985
8135 9079
2650 9436
6318 6676
1345 3209
120 5636
3981 1019
7783 1457
959 9589
5472 9099
2800 2964
7810 9696
4505 5900
8181 7919
922 3291
4499 5331
1137 5165
2699 5541
4934 5259
6489 5218
9362 2941
7304 4613
9262 4989
9795 5452
8166 3854
1791 2922
8148 2494
8229 7586
1520 8286
9142 4106
9536 7443
7953 6190
2561 2574
9911 6566
1542 3349
6903 6898
7347 3936
6147 8083
3618 7918
2714 9205
797 8076
5680 2955
7698 8300
6604 3074
5518 2627
7064 3998
1312 793
2275 2338
5451 4034
9176 8978
3259 3262
5098 2226
1001 2594
2336 3745
3353 2897
8993 3609
6901 35
3672 2088
4513 2704
7002 9886
1450 9021
3482 1964
772 5925
6685 1319
5654 6995
1017 9139
3510 7395
3904 6568
2161 7312
4721 374
7358 4044
3748 3022
5654 3962
7975 2700
2340 6496
1029 2733
5702 246
905 977
9008 3486
4460 4921
6855 6052
9219 7870
5413 3526
5664 893
1899 5972
8010 8521
3203 1394
3798 2735
6850 9091
713 1157
7991 3583
8653 8398
2054 6260
6096 523
2080 1065
4079 2196
3229 3746
4944 7370
6281 5938
1021 8857
8793 1238
2475 1594
5496 1467
1197 3606
4805 7965
8767 9816
2444 9828
6029 5313
6423 5240
9575 2378
5674 1180
9634 8620
8421 6146
6774 9604
1573 3304
3366 1923
3581 3797
7166 5698
3331 2868
9070 9975
2682 2422
1071 5537
8533 4108
1879 3761
3957 9911
781 1799
5423 4163
7498 5878
8468 8594
5641 5554
9237 7644
7088 1284
7538 8660
5718 6740
4195 5538
7558 2896
4440 3090
1169 4540
1647 4542
4293 5292
1796 3884
8396 7378
5060 1263
9800 7168
3196 3932
9166 9282
5312 2238
7170 5416
2667 4342
7173 9097
7892 8784
2725 1314
1290 2965
9261 3103
1229 9105
5028 5862
2647 2185
3839 7946
2347 8309
3503 7997
5797 8322
8319 7316
7784 3774
8605 1486
2159 1842
3458 4090
1710 4490
5643 1439
1940 7396
4736 5461
1990 6759
7281 9569
3549 9870
8989 3354
3775 9624
7125 6023
380 6312
595 1770
3133 5461
1113 3453
7752 6121
9889 4550
4455 6350
7617 5704
5220 7910
7379 6290
1431 5425
3131 8017
9072 5459
9015 4925
3375 8377
4756 6463
8170 403
3259 4230
4998 5996
4007 2403
366 2068
8943 6742
4906 6407
1733 9146
4584 3912
6208 5920
9575 7184
4719 9964
294 3885
2508 9142
6879 1429
1221 9937
3093 5631
388 9936
3497 9656
6644 2286
3466 3927
3645 6144
4457 6022
3650 72
8448 9365
5324 1443
2 9900
5821 2249
2154 7109
811 8726
6379 3708
7877 7297
6062 1557
6822 7661
3331 4641
5072 7234
4348 1541
7338 6265
89 3079
1054 5451
8617 4074
7438 2682
1201 8130
3508 9414
76 1339
4938 8173
8205 5069
8893 9607
7773 9576
1539 8125
6801 2246
3408 2767
7298 9468
7119 8005
80 5595
7945 419
422 4578
5608 3430
8572 517
7350 2461
6352 4113
5927 2621
4990 7932
8290 804
5227 7121
4893 1583
6942 8493
2486 3101
4361 8138
9717 5681
7224 1009
8585 4135
7470 4448
2055 6298
899 4358
9964 5558
5439 1527
6817 96
5714 3452
4483 6788
2319 894
302 2567
9395 6569
5374 351
898 9768
7027 845
6130 8965
5067 3052
7838 2750
9545 97
5343 8585
8581 6995
6926 9838
3562 8845
8056 4141
8538 3915
6774 6034
8043 9571
9975 2310
9564 1278
1038 5991
16 3085
3001 7465
1444 1017
4300 8959
1963 5554
9213 5932
2752 3728
6324 5424
4674 2195
4980 6439
2158 2989
8347 533
3859 8435
960 3075
5416 9221
1252 7613
3712 9139
7621 3812
3579 3133
9248 8747
1774 2999
5155 7379
8059 6667
4850 7497
8740 3618
7835 5461
3793 4782
3258 1240
7236 214
768 3255
398 2224
611 9687
8732 9392
647 5180
3570 8682
7586 1724
6579 5542
7924 965
6370 4614
4961 1070
8018 7016
3782 3842
9002 1524
7329 9423
1410 7044
200 4087
8779 2418
5616 5845
134 57
750 2275
7136 333
7103 4357
1626 8739
5136 5393
6158 9053
1306 2907
8310 6262
4048 8283
3606 768
674 186
8865 4794
8115 3542
4016 9499
859 5601
7684 323
1744 9899
8275 4928
6029 6549
169 1367
7555 1606
3899 239
8138 7848
1349 2203
4124 2801
1574 4765
9662 5488
3600 9971
5772 2951
9536 653
4708 6235
3839 3571
974 3457
7070 810
2027 2266
9036 5965
8537 8496
3550 2687
8477 1248
3864 1534
2179 8672
2936 4679
398 264
3142 2303
2522 9011
5719 5168
1214 3267
2019 1220
7831 2978
6000 3875
1607 2215
4907 2257
2073 7872
6092 431
9915 5910
137 4811
4624 9516
3574 4562
5062 8961
4408 8171
4023 1190
4222 5537
5707 3249
8174 6700
8441 4600
2966 5645
5369 975
6368 9347
9715 2065
7567 811
316 6624
851 3750
3485 7149
6790 7535
6193 3115
8510 9251
2922 2313
3923 4342
6812 2598
1710 9109
8250 1218
7715 4092
1749 8283
9994 7492
216 6393
9968 2107
8590 4292
4414 1169
4106 1016
838 6147
6502 7253
2199 2103
3319 2134
5347 8167
1455 4803
7181 1125
8990 2132
394 5352
9788 5330
3695 1832
763 496
324 3832
9658 3759
9700 6614
6667 5226
6483 2665
6887 7444
3879 7776
9569 7851
980 8832
3210 1036
7981 8506
2090 7421
3089 2961
4176 7016
2097 1395
5139 7063
6598 6560
8160 6936
2250 2391
2649 6072
4800 1181
7346 3979
4080 4275
7344 1654
8555 1049
225 9838
5320 2156
3303 3829
7343 1429
1959 4844
8960 8682
5720 9445
3485 3311
674 804
8762 1527
556 8662
9825 1024
248 2093
2209 9156
9174 6167
867 3828
9893 5854
8989 4135
1699 194
9078 9842
5537 7459
16 1743
2911 9613
4002 2490
1851 7381
886 5009
4163 9763
2076 5779
7207 4924
2319 3285
9101 7759
6269 4375
2592 4383
1847 4229
670 3664
484 6692
9756 3489
9692 8200
4094 8091
1535 5805
9159 2452
5542 3265
7818 2984
2529 1001
5913 4898
816 9501
9252 8278
2327 2772
2090 6966
4048 8096
9808 9664
8492 5557
2418 8525
9209 2165
1451 3074
2382 200
2108 1129
2633 3983
8179 4279
9237 3432
522 5240
5741 68
1699 5805
6670 531
3564 4492
8354 9006
7946 1075
4809 2717
2696 4682
4559 8958
4053 3902
7516 4874
2432 6329
1874 7499
7006 9498
7725 8431
4497 5047
4524 6870
9498 7529
5138 1845
2772 5616
6942 8924
9096 2796
1209 5015
7470 4879
2275 1777
4006 3682
4937 808
3670 3733
6715 8918
5567 6839
3611 874
4170 2558
4065 4262
7764 7985
4632 4309
5957 608
8613 6210
3231 4036
9454 410
7432 2493
1365 5878
8485 548
7671 4761
9995 764
3150 1603
7819 8042
6136 9591
9782 3100
1473 6350
6301 768
8692 5163
1715 5883
3678 941
3122 2938
1126 5488
7721 4474
5954 660
6456 8226
8409 1842
1102 930
6268 8175
1439 4487
6161 1138
6293 3509
8903 8766
3167 5340
8655 8664
3793 1830
4290 9052
4143 5592
8139 2139
3225 6449
1511 7931
6490 8934
9647 6416
2424 7861
5755 3052
173 9892
5646 8020
6986 9515
1262 1942
1014 4092
9851 3213
9597 5548
7973 1288
3093 6680
7878 4434
3528 5854
4498 9324
443 4276
8562 5066
4799 3802
7662 3089
9747 5492
60 7921
1787 6644
4588 9217
5380 2801
6037 8026
8561 677
3867 3041
8256 7211
4269 3987
6662 5045
8281 1791
1280 2117
3792 423
1092 9236
3332 2882
4944 9037
1967 8682
7566 2977
4137 1589
2382 818
9336 4810
3823 9535
3291 5510
2352 2107
9301 5755
6164 3233
2797 9139
646 8368
1083 8369
1181 5494
1086 7886
9735 7710
3868 5521
4907 460
2686 4612
2608 9617
7013 1488
4504 3453
8011 6252
9888 2290
7542 6713
890 7947
7604 1175
7767 9275
3590 3298
8266 4492
1661 7070
635 6674
1698 3919
4924 814
8160 8977
8719 4245
2962 7112
4056 5168
4574 435
8438 8921
8942 3728
3052 9257
2690 8087
2614 2615
1313 3704
3233 8514
2636 4094
8122 175
5868 8351
6959 3480
7989 7001
298 6880
9857 2953
9889 956
1415 5859
9861 9488
2359 1692
6435 1201
8234 7182
1006 4873
8294 1571
9947 8481
6864 560
663 7917
3971 5568
5764 8351
5048 8181
6199 1109
4860 2468
7439 6160
288 5761
6234 9963
9027 1341
3648 2848
527 5023
7383 8480
7104 9065
5924 8983
6877 9840
4670 92
2990 6820
5423 5025
1901 440
3141 6989
7656 910
2088 2518
5608 4024
1458 2122
496 2677
8304 1885
6035 8972
7561 7439
2169 4577
8022 8588
4758 2541
4591 9783
9618 8548
3409 8874
1820 9304
8915 6361
3875 7334
8052 1233
9817 1968
8196 3641
1353 1143
5231 7083
4964 2767
5740 2234
3491 7344
2242 5213
7505 5975
170 7179
1159 7693
3647 5605
9311 6711
4581 8664
9412 7517
8684 3580
1836 7154
1060 517
8559 8769
4326 4358
5346 4939
3955 6108
9638 5012
2167 9361
27 9880
2844 2406
1052 6641
3946 5241
8273 8533
2568 256
7136 6643
7823 1157
47 4870
4904 4190
9041 942
3561 1643
8231 5274
9248 1420
7658 5412
3654 1807
2095 4358
5693 8029
6541 9816
7260 2333
1990 400
4104 2043
2744 1771
9116 8821
3914 2296
8480 7856
680 7011
3507 4389
5742 3353
2013 8089
1044 8227
8790 5803
2472 6159
6087 4519
5684 3348
4371 9338
4311 2871
5587 3415
4551 7993
2378 3491
3020 514
9033 2528
8542 9084
2498 2095
4493 7988
30 5589
4233 6371
2206 940
4492 7763
3745 6782
1682 8110
505 7545
384 9470
2901 5868
4603 2117
1552 5785
8830 1795
6660 3226
7744 1348
7026 4515
1112 8896
14 6934
638 9013
4876 936
3974 8712
6093 9945
1637 4553
2822 9143
6021 1963
5897 207
2760 1849
1225 9712
5807 1445
3288 1968
4597 4904
566 4414
3165 9482
7916 1990
698 369
8858 9828
9218 7919
2413 1741
7205 666
106 457
2600 7983
4954 9113
6270 6050
9905 8068
2178 8290
5175 1353
6606 5218
68 1104
5660 644
713 4060
8338 3561
5667 7450
6629 3889
8334 409
8805 5656
2241 2573
1325 5755
5318 9925
4157 3477
6412 8735
6369 1491
2298 74
6289 9833
4794 4263
5056 1819
3821 6911
9413 35
4782 6131
7392 4972
7553 9993
2937 182
1409 5052
6481 2082
2938 9452
4337 2482
6828 6327
9601 6852
1884 592
571 920
8129 5615
288 4769
2781 2271
1124 5041
183 57
9897 6621
1060 330
3525 9370
3393 583
9153 8567
8128 6144
2357 5915
9430 739
5316 4910
4600 9658
8153 7140
7036 964
6657 4351
3541 6870
2391 8128
144 1233
147 4914
3791 4766
145 4087
2103 5217
3133 6486
1481 8846
9855 329
7453 2191
2845 9237
758 6007
8540 6246
1699 3821
2413 9580
2815 6362
2182 33
8004 8895
6641 3444
2028 5982
9562 6119
5608 8293
3717 1969
2368 9056
9001 1356
787 1460
5577 312
6757 394
7696 1545
4102 1810
5545 7190
7009 4779
3702 4320
5510 8135
9925 7110
5391 6723
9703 8983
5723 2766
2087 3529
6944 3603
1920 5109
4392 1734
1959 4283
3017 7600
395 7244
765 6023
7939 1653
3039 4915
3629 1748
5494 6851
8840 6484
6311 6319
2787 1661
8821 1546
4435 3309
5992 4095
1336 2025
44 3230
5656 8310
7948 8562
9555 8681
949 5551
2380 3000
1296 2626
3281 7831
2536 1261
8826 5273
6338 8115
9127 8419
9719 6079
9846 8106
4526 6810
885 813
8450 6679
4778 615
5702 734
2255 4402
3657 7529
4459 2555
3112 3299
2151 9714
2182 2611
1397 5310
4263 8278
2152 4654
1964 4603
1429 1061
3447 2242
6323 6652
1022 2400
7780 9486
1703 5767
4946 8685
6598 2161
5570 5102
3107 8940
8207 5766
1046 4679
9081 2358
6615 2515
1895 9320
5844 386
7678 6176
3939 9470
926 9458
724 2184
1136 408
2152 3499
6303 8255
2468 1261
3834 4731
8875 4360
599 3586
9214 3826
6696 1541
5414 3434
5417 7115
8443 8086
1898 8463
4202 3814
4787 6719
2051 5295
7247 2583
2551 9782
2362 461
4861 8331
4699 8003
8558 2559
588 5275
3662 8946
142 1024
7430 8302
6520 5637
484 4171
9569 1142
4880 3096
2731 5404
2605 569
9857 1774
6561 4857
6360 437
3254 8562
7645 2979
7203 1880
8135 9030
7359 141
2257 6652
2592 8628
8341 238
1618 2006
7419 9991
592 8026
9224 3709
5829 7567
3988 1360
2362 2689
6596 3538
1879 9860
2557 7294
7347 5392
2276 636
1087 2720
4175 4569
4846 6494
6000 5355
9993 9525
3347 3434
8333 5608
3906 5118
4441 2244
2727 3726
7620 9873
4846 9877
1427 8423
2143 8593
1386 2006
5964 9081
3132 4943
7392 7013
4536 2481
2820 8054
4907 704
5738 7048
8881 6352
4502 2870
5051 3866
4994 2578
8113 3740
6389 4534
5618 9575
6356 2142
4119 99
7326 3360
8136 8827
7358 8533
8566 8411
4144 8265
5773 9863
1716 3988
2750 2747
1129 5174
1313 6981
1753 7253
9086 2970
1276 7853
8429 1882
1419 210
3602 3902
5095 8645
8612 4218
7872 244
4320 9780
1784 2028
8459 189
6182 999
8756 183
1847 3481
40 8936
6982 4997
5208 6428
750 4373
9122 4855
8812 6127
3311 289
9434 5881
4518 8610
3990 6993
3838 2435
9740 703
1710 3368
4330 2897
3486 8399
2674 6269
3336 4668
7938 9885
8802 5789
519 8008
6348 1045
9452 1175
8889 8417
5025 685
2845 674
8947 5389
2851 4626
9239 9927
6997 9038
5956 7610
6329 5906
6547 7297
3620 6305
1111 1854
6988 8171
5889 2601
5341 5213
3436 7881
2567 5217
9408 6888
3548 1706
9217 3156
807 4102
4338 9150
37 1417
9777 6196
8994 4804
5448 2077
8777 7021
3920 531
5723 4002
7435 1693
5382 3709
9088 8603
2462 3888
9427 1653
9375 1463
8119 8741
1889 4026
777 4610
9397 9358
7879 8500
2136 4657
1456 4898
4565 454
1340 7167
7529 4711
960 530
342 1649
63 2988
3193 3585
4347 8862
3097 7260
2753 280
1476 8933
7515 9916
2472 7208
1044 9276
5801 4982
2408 9667
4624 2165
8359 7797
8414 7504
3529 6136
9374 3870
7303 8690
2837 2610
8969 6036
9846 6309
4798 3257
5171 5717
8254 7222
7722 9613
4150 5665
3307 4222
3589 902
5819 276
2208 2035
6900 3762
6471 1370
2820 1101
8965 8896
6064 9125
1924 5659
9336 4867
7615 9342
6472 7607
1297 3282
2740 8662
178 6105
4622 3566
83 2835
2662 6527
7232 2407
6053 5933
8210 3486
6954 4348
2969 39
6336 5467
9883 5386
2249 881
3689 328
3126 8324
1655 7312
72 5305
4953 5773
6202 1488
5013 3572
1212 326
473 3370
2928 6804
7467 1873
650 4006
6689 4989
7943 1802
2898 8847
9925 6736
9154 1197
4049 1021
1965 8642
5038 8705
1841 6132
869 2589
896 4412
4726 482
3296 6641
1025 850
8762 592
892 1260
7275 1299
1643 3114
1734 8894
6125 3311
4438 954
2359 8165
3939 3485
2765 2437
301 3421
9852 6049
9876 27
1035 3416
8576 4724
6828 960
6355 4712
5305 3922
1695 5906
7970 8886
5549 6534
3746 3063
7512 8008
6949 8834
2240 9412
5101 5620
3932 9080
5109 9645
6203 8455
7256 6510
7101 9605
60 6368
973 9304
7002 8845
177 1291
2336 6087
7776 8239
4173 9142
3674 1093
9431 3144
4756 4804
2292 5788
673 1872
3508 5527
5089 4455
7962 2178
4414 5040
2821 2345
9326 8231
3853 277
9799 4479
9833 9725
5026 9768
4133 2546
8610 2399
9580 5869
9921 6162
2295 6436
8921 3981
4442 9717
4250 9547
8177 2517
8855 6367
6337 9744
9343 2923
5524 3979
4063 3655
8968 6429
415 651
5953 9754
2185 8146
935 8796
8531 9811
4043 4881
7630 7609
7909 608
3883 462
6835 3204
3108 1597
7588 1721
3138 3691
2852 9521
6367 4267
2392 5564
4128 1397
5896 8065
4036 8224
7742 2538
4686 5108
7205 8749
4497 2957
8110 490
4813 4883
6026 941
1191 3100
6165 3759
4251 9317
1529 5347
968 7000
4330 7166
6599 9878
945 3044
9816 7411
7655 1788
7532 7050
5877 3477
4486 8810
3421 8486
3273 2172
8254 4002
369 2884
9080 3586
9551 4669
2932 8295
8806 4515
8932 2934
1027 4547
8747 7318
5535 3713
9088 1195
5722 9955
5230 3077
2828 4939
5761 9129
4512 6998
5374 2075
2077 52
306 5164
3852 7891
8515 552
8953 4161
209 1067
1427 1633
7852 1928
3070 3691
5654 7727
3443 6905
353 4229
7801 5346
3035 4636
6619 4437
9938 1523
7988 5172
4003 5027
1102 5256
9603 8592
7599 701
9407 5270
3285 2532
9821 9983
2189 643
8102 5459
6259 9005
1467 658
3428 1305
9677 3818
1146 8187
2374 3025
5097 5715
969 6016
2922 386
8348 9248
8902 9834
7552 481
7035 2406
5373 4078
1075 6442
1827 1351
25 7904
1475 7315
3727 2476
5561 1096
6735 609
363 4112
5621 4530
5311 9966
6741 8725
8986 9131
6369 9119
3773 7732
8791 8663
9906 7596
8879 2094
5176 7297
718 1078
2065 4498
8042 3849
8226 6410
7326 8597
9279 5219
1003 1439
8533 4840
2834 6177
8185 3376
1738 5042
1736 4215
5096 8472
2269 4678
5094 1229
7566 4270
765 1274
9985 6549
5508 5942
1334 3646
186 1567
8245 4558
5623 4202
9824 2659
5275 486
1054 4760
6866 2354
1551 5566
8045 3746
1852 2296
425 802
8699 7919
84 509
4970 5485
8726 9742
9576 1776
8447 3911
7552 6442
6891 6733
5924 7698
7051 2484
3255 5244
3561 2318
5237 352
8726 6709
8261 8824
5854 6178
659 3076
4052 3309
5946 8396
5 8702
277 530
2623 7404
4149 6625
8156 9747
2113 5612
1772 9483
1359 7624
3852 5126
3513 5660
8741 9619
1334 9257
5405 8422
6556 3602
4479 5224
8204 3752
203 4903
6180 4254
2637 5208
5994 5784
4595 6338
2105 1937
8366 5211
7712 6673
8538 6257
4586 2088
7548 5518
7393 1443
9108 5067
2692 9052
4244 8740
8666 8886
7733 4517
7676 3983
5921 9628
9505 2259
7082 9660
8809 7659
3936 7806
4358 2611
5925 4085
6854 4548
9001 7829
7506 2259
4302 2679
7885 4507
1130 8272
2494 8663
3650 4187
8380 2234
9283 3728
6069 9876
1401 6291
3698 6887
186 2990
401 700
5232 5969
6249 2115
2615 3705
3231 1759
462 2107
1050 8693
4761 3351
9580 689
9511 9220
3203 3094
3504 6240
2785 891
460 4663
9235 654
8015 3425
9606 9457
8883 8116
4988 5235
8766 1115
8472 668
6892 9512
2069 8268
5023 7673
1440 5064
3250 3290
6949 2849
3518 4044
8409 9364
9653 4735
8660 6731
9052 9995
4339 7391
8307 2671
5535 5754
3052 2524
9246 412
3867 8335
2773 3109
2310 1133
2486 3833
7432 8860
3456 6549
7000 6197
8464 6038
2611 2027
1491 4248
6347 4851
9206 4396
5997 6724
5972 1941
5473 5226
4126 1806
213 3981
368 886
2379 5060
582 9705
40 4992
1858 9495
9909 2045
1407 4900
9918 8924
1030 2698
8543 8374
3860 3757
4744 1037
1626 477
5330 4544
9366 490
5324 6981
3118 5749
1747 2689
4334 6242
9088 2431
1433 55
9084 4941
4481 2505
9426 2426
8359 1275
1273 5435
342 1893
8802 5228
5629 7967
6974 9806
6835 7018
2783 5651
1862 9213
5959 3183
8889 1440
9971 5151
3570 9414
5865 6931
2881 5405
9791 3463
6088 2250
1697 1417
8846 1743
7925 5305
9348 9309
227 4013
2374 7294
8979 552
3712 8716
2440 9045
948 9408
8247 6295
9993 2816
6448 9359
7933 7825
250 8319
9185 1559
7213 8667
2767 3963
6217 566
4260 9460
2049 1468
7214 5859
8657 4823
5436 9800
9025 2775
1267 7848
2671 7638
9701 5798
4847 2989
4009 2644
6903 490
5533 284
8984 3905
1042 2253
6370 7574
8884 291
5706 1932
3999 4585
3660 5119
2352 5791
676 3593
70 8509
101 7822
6823 8081
3062 1228
1668 2126
6797 6860
6174 7635
4878 4904
272 9367
8331 5188
4178 3769
4707 8994
9977 4511
7363 8934
7545 7662
164 2105
5300 7229
7585 3304
9057 7924
5604 1224
3634 2743
5875 5659
8950 887
3326 1809
4780 962
8522 1349
9981 7262
4136 7276
3510 4370
3995 3661
9891 2084
882 9861
3592 2490
584 6986
541 9568
169 7710
3689 9216
5562 7764
1883 5447
1133 4195
8576 4968
816 8460
1884 8301
5076 4114
3809 7039
7324 1785
6422 9561
2250 3928
870 2280
5365 7600
4138 2784
6916 3653
9583 3028
1838 8306
5221 7097
8741 4439
5565 1245
2648 7357
5570 1589
6843 1862
4171 2143
8272 9064
3718 885
7186 2201
1427 3487
1055 8045
5103 5506
9976 6113
2606 4098
7264 579
1978 4529
4683 224
9414 8295
9727 6540
5489 1785
6084 6132
6987 1210
9564 8239
1071 8928
9851 7515
99 5385
2258 3765
5866 1708
4801 1384
1623 3025
9749 7238
7414 3906
7016 9495
5139 7795
2837 439
9779 9332
9182 4912
7566 6929
1927 7573
3236 9755
3983 5074
1001 4375
7526 1114
3789 1825
3630 7430
2448 105
4672 5296
3882 7651
5687 1369
1831 4078
8030 2310
8302 554
2724 4884
9482 4800
2320 3488
7175 2735
4533 9274
1109 7476
2503 6578
5336 738
9513 6715
7163 8767
3338 6625
5521 6153
5120 5809
1443 9981
6879 2592
5760 6169
913 367
288 1069
8386 3234
3054 3833
3212 1009
2778 8853
5194 281
4879 5373
4416 3397
6904 7725
5116 5286
1031 7943
3853 4977
7003 1288
4017 9515
6567 8305
3354 6727
3073 4233
8427 5113
4034 9869
1107 2461
7048 7073
21 2014
5267 5081
5156 7694
9791 8887
4999 3546
7609 8803
1129 8077
9071 5565
1381 8298
3740 9772
8877 5699
904 2482
4049 4111
5759 975
3204 343
3789 3248
210 4545
371 5402
3943 7098
9586 911
4761 6010
9618 6084
7056 9943
1017 2544
7503 4970
6252 2012
7463 7823
4564 2463
675 9196
9980 4221
6814 961
7282 2527
2199 6836
2326 8863
8178 1352
175 8092
6281 3881
5219 7238
2533 9341
5523 1987
3007 9197
4962 3640
8791 8907
9404 274
1888 5604
1625 306
2192 6015
5449 9393
2997 4722
2118 1370
688 2611
5786 5780
2217 7765
1632 4860
8000 4621
4333 3065
7719 8543
8130 3159
1681 4752
3727 1565
5421 4312
8341 1881
3826 4954
1527 4285
3204 9337
5561 3568
4848 7833
2451 3623
3005 4963
3292 8403
6031 2928
9453 3899
9733 6168
7789 9662
9690 9504
3279 6663
2234 8469
2353 3465
3628 1155
5737 1700
2197 9341
7364 7389
4207 3491
7268 1265
5581 4570
2282 8136
995 3269
6139 2619
8847 1995
3298 647
2649 6617
445 2802
7152 2029
1286 9834
7475 962
6418 5417
7684 4519
7694 9371
6536 2440
4516 5350
5044 7721
2138 7606
4548 9769
5450 1993
5944 3282
9491 8863
3696 4076
8333 6096
4107 3610
8145 6799
364 3752
6212 7419
4777 1900
9578 8458
6154 6660
8909 1718
2749 3414
5116 4749
986 1971
9005 5563
1066 7592
3215 1120
9815 4614
7718 696
5512 1716
816 6663
9248 7950
3173 1648
2870 1839
5171 8970
3545 6889
5940 8020
5565 2481
6346 2292
5246 3667
4067 2275
1306 232
9795 8469
363 1591
3348 5971
9017 5923
6245 9006
8487 2725
8456 3412
7864 5752
391 7022
9166 5265
833 8121
3443 6962
2109 1495
3475 4965
1854 976
8504 3079
1564 648
5015 105
3301 89
4421 120
5725 1958
9986 4630
861 1844
7653 1344
9867 6601
3009 2317
6033 6625
5376 2154
4410 8225
365 1613
1077 129
4540 7517
891 905
4034 8877
3943 7261
271 7613
7076 7375
2621 5591
4807 8046
9656 1843
1844 5145
72 987
3765 731
6727 9823
8072 6000
3924 4925
9505 4276
2113 58
4568 1994
8120 5667
7210 3002
9295 5405
1795 4852
1210 1947
301 2136
7431 1658
4473 1353
8709 3029
6584 3479
1831 7892
6931 554
3629 6855
2514 7168
2354 3503
6239 5696
1224 8419
3375 522
3218 9206
6738 4296
9167 6509
4804 1308
5182 702
9416 7213
3377 568
3089 9735
8908 8500
6981 267
2409 9976
3677 9905
8001 3100
3548 7805
3610 2267
7285 1432
9559 6740
1441 6552
9466 4297
7775 1067
2954 650
3461 2144
9736 5878
9025 6052
8006 6827
1492 7271
9704 6340
2367 6717
4573 1533
3293 3499
5784 928
6728 9593
5190 6605
8051 9229
9954 4236
3321 8930
7898 319
8605 4153
3694 7980
7326 3311
6579 2330
4851 4106
8982 9738
7960 416
5286 4034
3999 4829
3011 7169
456 5783
6048 5323
8300 484
6887 3614
1477 5808
5804 8346
134 9677
1163 7338
6300 3265
6233 2043
2810 3099
3610 1462
3274 7929
98 3981
745 1348
1588 2791
5443 7027
1809 8617
5448 7371
4080 3828
620 6537
7034 6643
556 4832
6626 4374
3587 9557
7901 2064
4909 677
1436 8786
1550 3438
5853 2172
299 480
6405 2685
8764 4159
8063 9939
9507 1988
7774 3420
7046 6653
4654 2787
5438 7033
9378 2517
7769 43
229 8759
2968 3284
2682 6862
5307 7489
9722 6464
3184 1596
2401 958
4188 3896
4155 7920
1746 8611
7911 5761
8119 6464
3934 6231
3519 7709
5969 2131
7243 6012
780 2981
7769 5304
9460 2118
6538 7886
7987 279
8981 8307
3167 9886
4220 8695
6283 951
9053 3457
1417 3043
993 995
6984 4970
6738 1531
9599 4155
338 9402
825 8766
8631 731
1294 7524
5554 3178
7768 8435
6648 8404
8969 7142
5457 9661
6301 7542
498 2894
9778 5968
8159 5058
9927 5310
8471 9494
7786 9391
2898 4342
7882 9853
9331 8662
9928 250
9869 9469
2395 2967
1462 5014
5502 9030
4982 104
8955 2898
4785 9389
2832 2941
7493 9519
9458 486
8921 281
7923 1933
5183 3019
1831 7705
9885 5434
9551 6312
9764 7359
5519 6351
5687 8379
6862 5865
9663 4274
904 148
886 2952
3427 6160
4110 9600
2965 7792
606 6318
9969 8895
3579 2767
5917 9780
932 8208
2581 7802
5015 8107
7711 306
1484 6442
4562 6849
1012 6632
6495 9612
9539 4773
5318 2631
7928 7888
5213 5089
2914 3666
4399 2132
8946 1226
9229 9428
3883 6911
1509 4405
9881 7893
5053 6305
719 6760
6183 4772
2286 7480
2879 1578
260 5657
1405 6684
2876 1280
7912 2817
7998 9007
5081 2287
8993 7057
1904 7536
932 987
1589 6212
1315 7141
4636 890
7399 727
6375 1158
303 4199
1982 5914
4101 7147
8275 7945
4624 506
6843 6107
5871 8980
8493 2920
4682 4648
9291 6872
8508 9644
4874 654
9672 9947
4024 2204
4500 8549
6148 8699
1294 8142
3777 5710
2882 4077
6232 6892
9638 7330
7823 6508
3938 151
6489 8211
5336 5788
2347 3918
2877 700
7629 8894
5588 6009
2436 6619
7932 35
8100 8479
9621 2438
8654 3403
1460 5586
7969 2546
5609 3853
6786 4418
3207 5715
4783 3545
3012 9411
6195 1698
7869 2315
673 8589
7464 4481
6836 748
6345 8058
5433 4566
5407 3345
853 828
5123 3586
9015 534
3166 6064
8087 673
3290 1404
3265 9453
8854 3060
1760 3195
9783 5775
5216 9412
6434 9978
1763 460
3380 7713
510 3091
8380 3177
4495 984
6275 9167
7087 4881
2877 2928
6273 8340
2906 1414
7200 2314
2802 310
1126 2276
6976 354
7077 1160
7947 6678
4728 6066
5266 2709
2083 4006
598 3288
5019 6215
8493 7376
621 4211
1982 921
4346 2739
3482 419
120 253
4031 1415
9796 9743
2635 1486
8464 5103
654 9986
8450 1263
4382 5779
5254 7960
6472 8526
9927 5473
5937 5738
5438 1853
6620 2762
4660 805
8046 6283
5644 8145
2946 789
1318 7707
3219 8303
6617 8880
9265 4041
8412 1910
6271 8243
4559 4136
3227 5912
8886 7428
4930 5769
78 377
3195 7128
6889 4091
8351 7269
2408 332
8558 1331
9751 6536
4292 1698
9925 1239
2868 4639
3203 6615
211 5228
20 1496
3005 6630
5663 2479
835 7307
7272 2701
8827 2660
8885 6048
3257 435
297 9883
6395 5811
4282 7776
9385 4119
8958 4806
8459 7337
4565 9562
8413 576
5959 2248
7555 2208
9721 9703
9470 5920
9043 4355
7536 3686
3869 8546
7676 3666
3748 4055
6263 6042
2213 1338
8728 8666
3768 5461
347 9596
7066 3922
2315 9162
2222 2555
6785 8598
6723 6966
563 8662
6563 3301
3742 9875
6479 7737
5980 6858
908 2658
6027 288
9371 5510
6720 4416
5016 7340
90 9381
4976 7941
4200 1304
3257 2663
3632 1786
9772 9991
8174 6952
1644 9115
8112 6074
4065 5051
452 1102
5787 3430
7241 2583
4567 6201
4187 318
5319 1864
7557 5263
9771 9766
7891 4385
1227 3350
4974 4081
2021 8284
1688 2247
1698 2935
77 4608
7957 5382
4836 4147
460 4346
9414 8970
5964 8203
1549 9228
3034 7694
6233 514
1788 9244
1879 4444
6490 1079
4279 257
7396 7008
4645 7962
9189 3375
3096 5539
1525 7329
9281 5593
8973 1276
5707 818
165 1395
901 3715
7568 2015
6886 1429
807 8217
4630 9532
1242 7391
3578 7915
9423 4895
8308 5962
5847 47
1487 779
6966 6269
8138 74
8395 4803
6590 505
9816 7980
3725 1145
6240 7296
8979 4073
6605 1567
1207 5276
4467 5165
102 5553
477 4676
5494 9169
3835 8106
4122 7382
8040 3299
3494 7813
7820 1835
2336 5046
9163 7765
2088 7950
5680 4606
3032 3029
6702 1850
2399 3116
444 5667
3558 8737
3771 9784
4583 3246
42 8104
3203 3850
3488 4965
530 4660
6965 5643
2524 5447
8835 3920
8737 7549
7619 7564
637 1524
2918 1587
118 6786
7060 9263
5752 9181
6702 695
7393 1744
8289 9237
6737 6543
9779 8047
512 2926
6059 3447
2245 1494
7502 1687
8878 5845
6729 5901
8105 3643
9471 697
8158 6687
3045 3240
4357 9103
9746 2622
6759 1579
9832 1642
819 6991
167 2110
8104 9834
4797 2959
7720 6461
2858 381
7341 3432
1116 3979
5546 3986
5159 7512
2896 6500
3328 1993
5043 9781
3486 9749
8093 8894
1765 7808
5846 1245
7551 8345
6969 4957
8620 4624
8264 3299
7613 2026
8167 3366
7862 9146
9256 1832
6797 3160
9226 9537
643 7300
8265 9536
7849 8160
6359 9350
2164 6177
1906 7639
1066 9877
9044 7022
9820 7243
1811 4369
1840 9271
5804 7785
105 3460
979 4216
3395 2060
478 6674
2534 4175
8602 3644
4731 403
622 5672
6441 1431
6532 7965
2552 4000
1342 5961
7219 8114
5748 7102
2948 8137
4846 2046
2478 9154
9773 7023
8966 1073
9580 9634
6065 6220
3353 9354
9014 4527
423 8845
1553 3148
6332 333
2644 7322
5831 2791
617 8307
137 5226
6921 4111
6021 2134
2726 3190
1788 9057
3272 9550
8974 1314
2224 5423
6367 6154
9562 7900
8507 9018
5668 7873
8252 7745
4771 9577
5208 6168
8601 5647
9217 3701
473 5525
9554 842
787 6624
1028 9719
3769 907
8810 9958
7654 3854
1377 9873
6664 9531
6196 7211
6571 6334
7787 6827
4139 5321
2921 2503
9614 2024
925 5053
240 4950
7843 2972
7748 3866
1963 6937
3474 208
4437 5917
9108 2603
4774 9474
4013 3869
1133 2723
6807 5271
8447 642
5802 3500
521 1378
8922 7516
7014 5749
257 8687
1604 7943
5018 2637
7666 4214
3992 7903
6055 9958
8566 3158
805 3015
6629 6288
6386 6530
6909 2141
1279 6281
2702 6121
4546 9593
6685 2433
8397 124
3173 5706
5281 3397
7831 1433
9004 5232
9124 3836
7025 9671
4654 266
5598 8177
5684 3787
4624 7971
1991 8180
2144 8422
2832 8796
1048 2369
5103 7417
9600 8676
8791 6817
3059 9926
4088 4177
4898 3228
1283 9032
6140 8352
7114 2896
7231 3481
8036 2188
5866 3619
658 2564
1967 4746
2071 9233
1507 789
3618 8577
7699 9184
151 4453
6919 5057
529 3093
3249 574
2308 2006
2490 7904
6196 2218
1996 953
1094 8729
8462 7665
8959 1301
6885 9610
6808 6946
1271 1451
2518 2755
7841 1316
9799 2446
3192 2699
4157 5071
9172 5731
9454 4663
8492 5972
4261 3142
3447 6601
4844 5220
8488 9236
9921 7512
5055 9604
3319 939
1980 8714
325 5141
1008 9335
8952 1234
3783 5769
8948 3744
9978 5013
4868 329
9950 9381
3813 1447
1571 4722
5272 5108
6338 8286
3783 2736
2374 2602
1901 692
1183 3859
2163 8017
9288 3031
3493 9578
981 692
3646 5656
7469 4719
9258 5074
8962 3800
7470 1911
2714 2643
3299 5548
8966 3919
2022 5533
8317 3473
2804 8952
4504 5128
7742 3538
3330 8244
399 9762
4413 8393
9050 6249
2140 5939
2673 2992
204 2878
923 2565
5902 7732
1196 7827
9568 9063
9685 3232
328 1601
4373 5961
5455 3256
7394 172
4921 3322
5454 6037
5917 843
4867 53
6971 6670
6551 2112
1186 9741
8903 2415
2342 9429
7323 4843
1164 8639
8688 8088
5579 1198
9653 4044
967 5092
1404 5847
3672 787
6466 2189
3205 8491
2331 5483
5729 1896
1842 5292
4982 6577
1918 3624
1712 9383
83 615
1542 4276
4379 8758
4219 4339
9399 9762
1137 6442
7611 6599
8676 507
8607 4874
1258 7900
7423 886
2890 9769
4843 4139
5614 3262
13 8140
9445 9356
2625 1392
1167 5503
6922 5973
1163 8013
1538 7136
2782 3261
5106 7932
1312 5103
1307 595
4928 9323
3488 7624
6920 9283
1373 8762
5108 5726
3334 741
1336 8880
7368 24
9950 9649
996 2773
8362 882
8267 4028
7093 7898
3478 2368
3445 6392
2103 8234
1576 8717
1070 4415
8759 1457
4837 5798
5673 6070
1566 832
1261 6612
7693 1662
5948 1579
1404 504
2154 1002
2878 5197
9187 3597
7521 6251
3775 2712
5919 60
2340 1357
1099 9667
9406 5590
3298 2558
2954 2748
6479 4598
2496 1870
870 9615
4583 5100
4641 8488
4711 9981
9902 9177
64 5021
6853 6502
6261 6590
6784 8617
7782 7719
6885 9423
2422 2860
5670 6122
2389 6884
8302 8694
3166 9959
1180 4529
8802 6765
8611 3787
9423 2911
7363 4510
1487 5211
3015 341
8426 1001
2132 5915
8135 825
4845 6389
1569 6741
1362 3230
9292 3367
4904 6215
4739 4458
3968 2329
325 8337
5924 2632
9413 4825
7582 9886
2787 5028
6920 907
8415 61
2742 1121
9836 986
7172 5292
4491 7739
3369 6881
9972 3476
2030 1824
4079 8734
5473 1420
223 5027
4264 7733
9372 9338
8467 601
8121 6380
9955 5000
2804 8765
2486 3760
4638 7385
5784 2221
6995 1616
2888 542
460 3435
8834 5498
7283 8664
313 4139
6772 3264
4315 5419
3258 9120
7611 7217
6649 8526
6019 1714
2727 2287
8538 4574
7256 5713
6449 4681
9224 1115
1247 6824
1655 2677
7355 3440
2799 850
3614 6661
6441 3285
1165 8677
7941 3537
9652 1003
6973 113
8151 9948
7597 6356
5659 8884
5796 9347
5939 8901
901 6537
1304 2046
1080 2338
9211 6895
9980 5945
6996 8583
1545 3606
4561 1637
8542 3538
2535 7728
4030 6882
6669 4963
1699 4423
4901 7340
7573 7059
9414 1188
6015 7556
9093 7963
3750 4963
171 6260
8246 2614
7251 7947
7015 5950
8381 2250
4141 8002
7725 633
2178 7282
4328 7828
5794 2080
847 6250
938 5614
3052 7257
4260 2971
9828 1363
1023 7415
8449 9739
3189 2078
5188 3209
900 6261
6497 6145
8486 2424
1149 2801
7422 3456
1862 8335
608 5860
7867 3318
1940 3330
6860 7136
6886 1941
5298 344
4991 5297
1474 1056
6852 78
4608 8942
4993 9507
2911 6621
4676 940
6139 7726
4026 9691
1810 1355
3422 8264
4855 6540
9117 2267
1961 1524
2554 8454
2308 5015
9457 5341
4176 9635
3261 6626
8084 700
8141 1234
9861 2950
2949 8983
8804 7405
9081 5993
6068 5981
6617 6977
824 3017
4669 119
7835 7543
9395 7846
6620 4242
7368 2415
5504 7336
1149 8412
2347 3438
795 1498
8611 6983
4970 6648
8019 7071
2998 8094
2874 3332
2724 6771
143 6416
9247 3437
9286 9781
850 4588
1825 7648
6294 1224
1821 4496
4245 4113
8811 3257
3668 7515
1305 2135
9646 4058
126 4907
6325 3139
4948 8178
1149 841
5689 2928
2863 9158
9179 1559
4910 8825
7747 6891
9829 3361
1546 5580
6033 6121
2816 2172
5990 3041
6686 7440
5905 459
2352 725
9253 9617
5705 6063
1291 9942
3246 4385
5393 8420
7736 9361
5427 7250
9035 5193
4439 3174
9341 8683
3813 268
9162 6466
5198 1536
5485 4976
1008 5123
3339 4549
9963 7683
7623 4007
8655 1939
7727 8494
7228 7615
2438 2347
5258 4970
6297 4073
6514 1856
3396 8466
1625 9414
8586 9689
9543 5784
2612 1187
9420 6882
6565 1794
4163 3656
9574 4316
1924 6448
7430 4716
80 724
112 5143
3761 9503
9940 6359
6084 4904
4028 7403
3343 130
6339 2390
1289 9091
7607 9489
5562 9114
354 8059
6541 9694
2716 7552
3005 1239
5018 2076
133 6370
1884 9651
4706 269
4362 459
6015 953
7107 5352
7594 4716
1868 2732
5988 8175
7444 1739
7652 8858
496 945
7727 7689
2206 1973
9432 4209
9996 6237
2584 1367
7597 5364
431 3933
470 9523
9861 9984
7592 856
5821 6722
6408 3284
5564 8786
7312 1970
7926 9777
9610 9584
9121 9393
1298 2737
8887 8997
3567 5449
6676 1759
8790 2648
5125 2673
4867 4135
9564 6206
8163 5933
3185 8538
6920 7754
9597 7817
1378 1161
2190 1039
543 3743
3426 7846
5769 9541
4202 1651
8690 5800
2835 962
8771 4476
1969 1979
7469 8346
3665 665
9983 1063
5724 9017
4076 2451
8675 1735
7191 6123
338 9353
5128 7451
8340 4640
5154 4
2956 5803
8393 8438
6713 6498
618 2173
8825 5062
7801 1329
4352 7580
2807 8339
976 9236
2228 9386
6382 3136
2524 5772
4062 1590
359 7547
5015 2447
6069 8274
2803 1400
884 6614
9155 7044
2302 3858
6854 9712
7773 5323
1365 8415
3524 7549
4828 9387
2392 6003
9522 1361
3832 5450
3245 8134
2804 8391
557 742
2849 994
682 6106
2149 9628
559 788
5963 7447
990 9642
7577 1597
8741 7562
1081 2590
5437 4368
7572 4636
4081 1616
8170 5494
1969 6435
224 690
2412 3972
9155 9272
9377 1737
5397 9106
7565 6848
7850 3045
785 8082
8662 2923
4147 2586
3364 5358
1277 2128
7125 9959
8415 8681
840 2127
1841 4156
991 5706
4454 6678
1304 4705
1617 2950
7343 4934
5641 8685
259 5757
8313 1988
8029 2229
4147 5969
8034 2573
7277 6566
2 2159
8458 1588
6340 3209
2699 2874
7843 8640
2573 6707
4972 2295
2601 5722
8774 9149
5801 1396
3743 816
5797 1654
5647 5093
6636 2197
6696 6412
5201 842
2129 3633
288 3842
699 2622
1196 9844
3832 9906
7324 9364
3114 995
5144 3691
9473 640
221 5249
2328 9885
5454 8054
6634 5884
5849 7829
8019 736
8063 6670
2328 6852
5189 9476
4599 6227
1851 282
3541 6293
3632 5657
392 4
8014 2240
8986 121
8721 4576
9534 9560
1879 4932
4336 7695
7271 2132
8292 6511
4335 9722
3404 6180
1570 1144
2582 3362
5264 3769
7734 6737
7036 2265
5332 8599
6550 9165
9910 9258
3155 6607
1309 6472
7687 6167
4297 3953
7225 7799
2652 1822
5482 8543
5203 3466
5788 6371
1266 6021
5075 8384
395 3284
8299 8616
9698 892
2146 149
8149 4885
9735 6409
1738 2798
7827 9560
2739 663
7364 7584
5929 2065
7809 1784
5340 2424
3846 6124
1038 6544
9102 3463
9976 55
5003 8666
7014 6424
6114 4447
8046 4356
234 1996
4559 8625
3022 9245
9474 5671
8292 4762
8534 4295
5478 7619
321 7253
8088 6460
7866 1163
7597 6600
5627 4709
773 4152
1523 9568
4011 310
8769 6040
364 7330
4528 2522
2043 9045
5934 1604
9638 5671
9459 4208
8972 3366
4094 2415
2504 6407
3412 2583
3718 3821
2167 571
6637 3417
699 3240
5962 4002
3906 6501
6139 5392
1937 1048
7220 8878
2024 2922
4357 3175
7784 4490
9625 5035
9430 3813
3609 9139
9612 3295
7182 9525
4355 6485
3944 4699
6533 9079
4723 4437
4752 2923
9576 7021
9946 5800
4760 1286
6587 9315
3010 859
8705 1278
3202 7445
960 6556
2827 1906
3410 8148
2624 823
5526 9864
9788 1427
4275 6906
921 4349
4214 2466
7765 9701
7333 3628
6232 1395
5058 4511
6894 548
8912 1729
6474 928
4281 7071
1747 7316
3369 1327
6142 8268
5519 2627
5204 3555
216 4718
7007 610
9395 7740
9188 7639
6884 5872
4787 1954
4143 4104
9828 3835
848 5160
7247 4234
650 4421
593 3887
8473 4661
7969 432
4607 266
8490 8048
861 8805
4820 1313
1733 5324
1076 99
6380 1616
526 6048
4853 9340
7178 5568
4905 9530
5445 584
1830 6388
6830 8268
1851 95
7924 6324
4218 2184
4786 1702
4572 430
2540 7487
9675 3943
3562 6983
8789 5836
213 4770
9664 5282
4282 7272
4554 5516
9879 7156
545 813
7305 7972
9944 5299
2161 1425
421 8856
4585 4048
8731 8460
5152 9757
2251 3570
627 2316
3486 8277
2529 9930
9310 5134
2400 660
7976 6083
686 7060
7009 632
966 2913
1246 5182
3307 3027
5733 5723
6497 4429
9298 7002
1703 8841
7374 4702
2799 8478
4669 2591
1672 7276
8523 3219
8430 776
3543 9161
2452 1200
6531 6642
2758 4690
4194 7401
8301 2059
2470 8195
4844 4285
892 870
8354 5103
6060 4778
8259 1833
1920 1312
2627 5146
9907 1983
9690 3446
5894 6206
4870 6637
4068 1031
859 8277
9255 485
4453 872
7228 4476
2995 4229
8220 8671
4834 3947
9868 4657
8037 9718
5981 5801
588 4966
2993 7539
1188 7405
2867 8366
2526 8073
5565 3644
5943 8700
9300 2106
3634 4337
8921 9657
9707 4150
5402 5343
3130 5743
5748 9363
7887 2203
3167 9008
2382 5291
7449 1977
3601 8711
7631 7875
394 5450
793 5721
1791 4069
4905 4887
6806 4729
2293 5219
4738 5713
3367 2653
4968 8619
5144 739
6362 1305
2879 8726
7415 114
1279 5614
2846 7088
5091 6740
2223 7863
4551 2854
7357 5771
6068 77
214 8673
7184 6782
8491 6639
662 6554
9270 6377
6433 1895
7661 3149
3024 8299
8301 99
7717 6464
8424 8800
117 1543
4325 7587
5593 1100
6954 4226
1630 5440
9911 142
8584 3016
7046 7198
3684 6278
9208 5849
581 3340
3907 2351
4251 2161
9194 7671
8017 690
8879 6347
8755 3837
9386 7841
4183 7130
8327 5053
8669 8200
4810 812
5369 2496
73 5758
164 5122
2399 4840
4023 6094
7015 1819
3651 4236
1131 1124
9335 332
7277 2004
5384 6187
5504 7043
1625 8048
4698 8111
9177 3129
7630 3031
1305 6380
4421 3861
2112 1750
2229 2335
8987 2251
7994 8411
7772 5366
5165 4544
5874 2789
6932 1942
5179 1998
9602 4998
7520 2112
8923 8093
4563 8825
9668 2585
9888 4803
1359 3583
8236 4911
2873 2787
6386 870
8047 7641
3781 5756
6544 7845
2685 457
5384 1999
2622 5770
1340 1247
1959 9398
1092 1145
5016 9682
3196 1346
2583 9979
9527 6113
182 8279
8859 2981
9454 158
9674 2376
8387 3925
7024 726
8455 8755
7806 8309
3596 1438
4752 1126
733 2151
330 980
8929 1441
4569 2173
395 6293
6799 1547
3261 2845
2046 5960
3063 2106
3821 7383
3061 1279
2689 5837
3938 8722
6266 1461
9409 9433
348 9106
2153 2824
9713 4182
6449 4551
2689 9220
5231 3985
755 6986
383 5128
6166 1230
4199 3020
3550 4826
3889 2040
7135 4475
4513 4119
4227 8451
7224 3766
9702 236
9803 7458
7506 6862
3139 7
2576 8003
1027 5580
249 8696
1962 9241
2728 8774
1789 453
9553 3496
4322 7907
2980 8995
6273 7112
3940 4607
7832 2309
397 2151
5743 2416
4874 2004
7890 5697
4786 6321
8134 1893
1260 4246
8483 549
8913 5795
3837 7111
3250 7543
9871 1334
9310 2987
3735 418
5028 9237
78 6720
5916 9699
7320 2319
2497 8245
981 8214
6762 8407
3276 5731
6070 717
6161 6497
6135 1112
1338 6007
164 9123
5916 250
2426 6500
7588 794
4179 4192
26 2773
2900 9766
1558 7444
6749 5886
4887 9382
1947 4021
9519 478
6344 1636
5902 5455
6970 5296
2364 2589
9895 3209
4532 4495
7828 7047
6219 4573
3822 6779
5089 9489
2071 8379
946 1588
3749 824
8948 4045
9574 6951
7537 51
5274 5455
1633 5120
3312 6835
1903 6701
6261 9306
8441 2901
435 3708
4012 1584
2212 1794
714 8004
9186 6438
2954 5814
6789 2228
8716 4045
2515 9150
6094 1437
6157 5169
178 4991
7160 4615
1021 18
3323 958
2853 9145
9701 1407
3538 2832
2116 8098
1612 6875
9730 6309
583 6208
1698 5895
3481 2298
7835 7413
5614 985
6897 9116
1143 5084
107 9662
2884 7677
6516 3008
4556 1805
788 197
8420 7285
915 1470
2668 5578
8637 5822
1724 1050
7978 3153
1290 4730
942 1014
1215 8528
410 1153
9594 4519
4012 7195
2517 1625
4917 3100
8965 6977
4975 6488
4820 9583
5663 446
9176 4945
2858 5301
5127 3849
5342 4969
901 609
9297 6403
2048 9633
7800 6422
3982 5451
5307 2504
4997 7940
2197 8975
5958 6406
2219 4038
9980 9816
8196 3389
5742 5061
613 1081
2722 8042
2753 7355
3159 8797
7602 3404
3379 435
7665 720
9504 6854
2064 3346
2563 815
9373 921
3564 3598
8440 2968
8481 3723
5361 8752
4554 1304
8931 3959
1286 6435
2592 2684
7855 3446
8970 3133
3390 6636
9150 8204
6509 1382
8224 9170
1392 6861
750 3422
3761 2607
8737 4093
6500 3548
1938 7529
2736 9229
6874 5452
4412 7263
6693 7326
4190 1966
4601 3752
84 5998
9521 7558
1023 7903
390 7990
7559 8938
648 112
6465 4466
7422 561
1296 333
1022 1262
5746 8162
6020 817
4311 6807
3776 3265
6110 9378
8511 7291
5894 5027
8597 7065
7045 207
1847 4758
4170 159
2427 903
780 3607
9226 7236
4028 7623
9469 578
1595 3002
3704 4301
4397 8429
7100 8215
469 3156
2683 1997
2588 5143
5165 8008
4759 150
9277 758
6260 9672
3483 5241
6131 402
8058 6383
3297 6771
9484 3488
5934 9687
9422 358
9053 4433
8045 5397
791 1113
1166 236
6556 9441
4001 3891
1332 7853
1387 1898
4563 2840
4155 7741
6216 3334
3444 6417
9879 7400
1052 8967
8891 9740
1195 8521
7568 8626
16 7883
5898 8128
8534 8190
4370 166
4588 7973
856 1858
4581 6802
8943 481
3898 1110
6513 6711
1215 2730
2089 3486
4210 7798
1311 2438
4668 9430
4883 4888
4697 7916
4088 6869
9275 8575
8090 1733
690 4040
4205 1038
7537 3247
8619 6958
8428 974
212 251
9702 4855
5785 9540
9357 7826
9787 240
6593 2102
9473 1770
1785 8336
116 893
2659 4928
9233 2283
883 9696
2220 1094
8983 8524
9353 7303
2911 5149
9814 1282
3532 1295
9853 5374
2478 9431
2184 4820
2096 2721
9976 3495
229 1709
3491 4677
7409 594
8200 1847
6954 9813
6481 2985
7314 3740
1221 5904
2716 5812
3562 6772
3304 5982
3920 4036
1595 7808
9838 528
9767 1816
5200 8863
4169 8123
3192 4236
3986 9170
7876 5291
4944 3955
7766 989
616 7608
5530 8216
4403 7014
1982 4662
9831 6123
5251 8801
5256 9145
2947 618
7859 6815
7293 8124
7276 4737
2100 8855
6577 2292
4149 9349
2380 4708
3754 5787
8190 3387
6765 4972
4578 8708
8886 1370
7045 825
2998 6972
357 150
5087 449
7048 5260
5361 8565
2216 520
6663 8078
4710 1630
7726 1159
7325 815
4980 3211
1251 7193
9589 2429
8240 3100
6438 8899
1392 258
3050 7512
7556 5851
6909 2068
4722 1640
6186 5645
2072 9816
5060 7297
1113 4226
1211 597
7491 4675
7424 2699
5779 568
7869 7479
9863 4102
1577 2640
6869 8304
6991 3571
8515 7627
7044 199
8267 1109
9629 7089
7449 7832
8879 175
2336 7710
4806 183
9439 4713
4057 2539
4463 3227
8322 4953
2441 5310
3117 7579
1883 6480
9383 617
6627 5098
1568 5156
1864 1542
3491 9483
3400 7113
6471 7103
4086 4408
8440 5359
935 4462
5350 3437
1614 3996
8628 8793
1395 5386
7088 9896
1577 4868
6876 5287
4290 4588
5754 4429
6936 5338
308 4714
461 5710
5910 2690
4194 1847
4813 3582
7120 4866
1728 2004
581 9195
3713 793
8423 7233
419 8867
4306 1307
8858 7161
6647 5585
7757 4928
5057 9577
9632 4303
1192 1620
2181 2888
8688 5437
7344 6452
4618 9880
4200 6923
7808 4866
1787 8596
4420 2725
6381 9788
7780 9234
7288 6520
6880 5005
1899 9591
3948 3669
2298 440
8063 8768
121 700
9993 7850
1459 6286
7909 8301
8706 9399
8086 1023
1952 3186
33 8400
9113 4273
9135 8758
6096 7525
3195 7754
1509 9032
8267 2532
7429 2187
1582 7790
9634 8856
1537 3883
8538 7721
6524 6659
2472 8298
4303 985
4399 7109
9108 115
4927 3064
5665 549
7572 8507
7761 4996
2835 2873
9775 8687
100 8467
7311 9671
2306 1031
2644 8940
8398 894
6691 1295
3511 8525
8535 603
2797 3520
1310 1975
3263 2761
3638 1884
714 409
2300 6097
203 2179
2169 918
5586 791
6372 1700
5338 7859
3199 4439
3192 1016
19 3001
9544 5906
8171 2019
7866 7799
7113 2866
7680 4411
7958 4355
7366 6695
4527 1386
9379 1116
5764 6920
4771 1746
6427 8173
6947 4267
8170 5177
1224 8216
7721 3661
5988 5093
4484 8105
5272 3425
4026 7227
4367 1104
2407 3311
2897 9362
7436 3677
5925 4744
6228 1547
4139 3906
1398 6302
8087 1917
1404 8002
4076 3557
7400 987
7007 4668
8803 7722
4331 8213
519 3300
5094 278
9535 4638
2759 3362
7955 2902
4694 2788
2732 8332
5154 7876
3155 329
9844 8776
1847 1001
8113 455
6425 8076
9195 4166
9353 5506
9167 2118
7391 6886
2568 6396
6730 4925
7411 8292
7729 6881
938 4573
7049 7122
1342 9352
2806 2777
4115 9123
2809 6458
9774 4223
2709 2844
7597 1477
3987 3461
3641 9240
3992 3805
7440 3745
3959 1413
3580 8964
777 6318
4385 3507
2974 1048
4813 12
3102 5929
7687 7005
5634 9775
1553 3506
7832 7359
7610 2062
2068 1885
9388 3756
3600 140
4276 8825
8326 7113
7077 4982
6599 1974
3780 9375
9907 6041
3706 566
1467 3358
4263 1423
3588 6172
5706 4551
9097 3957
9680 6035
8207 1944
813 8203
4695 4463
6596 5059
1090 375
3858 556
2607 8178
3104 1814
9327 5358
4662 5454
9242 2776
9206 7283
8022 5547
3299 2255
1740 5560
7996 4326
1076 5580
3042 4319
2161 6556
4284 6033
3728 8030
3945 6567
5815 4844
7484 8123
5968 1676
7487 5388
7177 4408
2882 6289
5520 762
5996 6353
5648 9807
9435 2043
9572 4758
4711 7948
1512 8712
540 9333
4301 9770
3652 9324
1071 8969
7071 3608
2406 6710
7408 3001
5130 203
7851 6954
1003 7522
1366 8136
60 8881
846 9790
3771 3539
710 6519
9801 6688
5200 8489
9046 5092
1733 6617
2636 5859
6188 6122
8609 2058
5744 1944
9174 6940
585 1505
5184 7205
4475 1790
1667 2964
6522 8627
2480 7948
923 1500
3908 5880
5675 9694
3311 1460
3748 1461
7823 1499
2336 7445
7136 6985
2752 3159
3769 5721
9961 7700
7344 1272
2192 1250
2273 7096
8809 8131
2028 6511
3885 419
4320 347
8036 5929
8091 5636
999 182
9906 42
2621 1363
8030 1196
9967 7865
1336 8620
4545 6292
5720 6030
1212 4612
9515 9461
3135 2523
3704 4895
979 654
7307 1740
9924 1752
7305 5077
1577 8682
4719 214
7370 6226
202 7378
4066 9448
2796 5686
8796 1079
2978 7420
2660 2415
3912 2565
4965 620
753 8420
7762 5703
1444 6059
4281 3371
5642 6497
4641 1462
7572 9743
6551 9691
8308 6401
9338 2752
2187 101
1679 7804
282 2769
4702 2088
8317 448
9991 1819
4141 3741
245 9303
8650 6515
97 737
2125 9022
9928 7886
6590 944
5165 7447
2026 8262
8368 6802
4411 2289
343 9811
796 3929
1804 3719
8153 2676
7525 5359
3481 8771
241 3118
614 7830
92 9411
4378 9696
3468 7031
2203 4367
1133 3699
9075 1187
2874 6292
2970 6754
5559 4718
3599 2761
6646 2357
2871 5994
5548 6057
6045 6863
8476 4241
5112 8910
9632 3929
6203 1787
5143 8223
444 3073
847 834
4014 4696
5359 7289
4729 6893
4897 8167
9314 1553
255 6557
5883 5754
1150 1020
5604 6339
2589 9664
8348 1962
8690 5109
7121 556
9640 33
2523 9044
5257 5477
8999 5864
8027 8737
3018 9023
7681 5848
3414 2607
8985 7686
4475 5441
4499 3583
8771 752
2695 7057
9300 5977
833 6389
2364 7452
1863 3494
4057 6621
2883 9737
2575 5420
9879 2651
8488 7984
766 7796
8290 9497
3003 4177
8605 2153
7946 3271
7696 2342
1443 7257
6044 3204
127 3904
2437 8869
5429 3840
7848 9529
5665 175
2189 2351
4644 6539
5308 5765
9031 7630
5418 2927
2121 3156
5731 1926
1 8114
3244 1206
6824 9179
687 5409
6320 4950
9157 3016
8551 7178
8496 1055
5569 6479
7320 9760
7248 8194
708 3253
3414 1802
5996 5011
172 6656
2458 7063
8666 8821
2425 4671
1829 9521
4369 7623
7333 546
7713 13
2262 6370
4645 5986
2444 5852
264 5841
7772 7009
6143 5411
2936 2150
8693 3447
1165 7262
3997 4984
7600 1829
6667 8040
8604 8293
2659 6945
916 7689
1716 7550
6052 6424
2781 1458
8218 4093
30 3166
1908 8474
2121 8767
2646 5205
3334 9743
1878 9763
4767 1603
534 3608
7540 7790
3863 8552
8624 1748
6289 4832
7913 6840
5141 9923
6442 5828
5171 5628
1454 575
810 2725
7688 7661
8485 1589
3447 3389
7841 1487
8333 8365
4418 9713
1180 4887
7178 5869
302 4389
4259 8902
8741 9099
5488 3241
5131 8831
9892 8443
7556 2257
6637 1758
5398 315
9821 9731
205 1046
1664 4707
6614 54
6791 5608
5803 7948
4256 2188
4867 4062
2846 8999
6232 891
853 2398
4800 6223
9008 7349
9466 2565
5238 2662
9909 6518
5050 3365
3887 2506
6512 6543
5240 9124
280 1755
9738 3438
6728 7861
8655 6672
3201 2178
6938 2221
7567 5398
9241 6769
3945 3615
1400 2917
4094 6367
5286 8718
2879 9482
4816 9735
2705 1947
9606 8587
9826 225
6612 6373
3141 4729
9264 8069
6833 5029
9412 4557
8161 5763
9138 3234
7447 4
9687 66
887 9872
2224 8440
2778 9780
6450 4510
2752 4395
8499 5004
3989 9175
6042 2995
3781 8472
1688 5427
7600 219
6662 6086
1130 6597
6202 3627
3668 3872
192 1884
221 6786
9567 1812
6697 7770
9555 297
602 9861
6003 9833
8749 2119
9119 898
2367 4180
1524 2737
2155 6741
4918 5824
9488 2458
7996 6985
2358 684
2759 1028
3576 1250
7834 8909
2517 4878
8546 4419
1056 4554
3475 6079
2164 7234
3299 8297
3757 2759
6990 825
3263 6388
9861 1885
3039 264
5239 927
9755 708
7014 2350
6463 5445
6086 8905
3352 8308
7105 2468
2910 7963
1380 3338
1538 3924
6113 902
2564 9955
5773 7627
575 8014
4858 4618
5950 2601
7667 636
9382 8424
5604 1964
494 2198
3769 3119
8507 8197
4732 5418
1055 9590
2328 4201
4291 5675
8993 8090
3446 7569
7866 6888
4132 4864
2420 757
5042 1113
675 674
1948 947
5591 6990
3232 6270
398 5469
2731 1558
1576 8888
7491 8115
3995 4751
1106 79
9447 6166
21 8902
639 1367
1250 3241
3407 7210
5701 1873
6492 3126
8264 868
4719 7411
220 5355
1593 3580
6054 9316
476 3066
3421 8047
103 7399
3606 7046
5256 3859
5791 985
8473 7808
4762 318
5911 6005
1678 8010
8371 7531
1344 2472
9794 5119
2896 2914
3491 6507
2777 748
7901 5138
9802 2728
6598 6154
211 7871
3201 6179
1145 2262
460 4411
8268 3619
21 1331
5683 5774
1765 7605
2823 342
1269 3991
2917 4141
2696 8114
977 2836
2314 1404
9289 4021
1078 3642
7518 9133
4627 3634
7488 6258
1571 4706
9874 3893
6610 98
8253 5566
882 7113
3771 1205
4110 4835
8010 2398
8065 6269
5384 8716
4262 7858
9933 4473
5289 5446
1705 6399
8957 3440
3857 3608
7778 6212
8130 3631
6313 8398
1179 4074
9897 1783
5349 2464
712 5362
739 9437
7000 6295
1572 3776
5596 3095
8421 9472
8949 5427
9508 7111
3314 2807
1037 3617
388 5423
9574 8862
7790 3189
4247 6395
3498 2335
982 3129
8891 8805
1033 9510
3151 1473
7082 4765
7008 8788
141 5142
3925 867
4515 1864
5418 3358
4590 3701
4772 9599
572 1164
8624 2984
8371 2538
2082 7796
7684 8024
9950 639
880 8864
7276 4257
5202 5396
5479 3984
268 6795
4815 8141
9304 3093
4531 8382
2162 6220
2224 682
3882 1520
9637 2744
5220 2942
605 8817
2231 5236
1099 3690
2995 3188
9691 2980
286 4341
9687 5490
8746 1260
7295 1624
4122 3609
7322 3447
9321 414
2189 8393
1840 4075
2803 9784
7135 7004
255 5378
4973 1910
9269 2883
5533 6448
3759 7879
2836 8362
9737 8586
6910 4792
781 8053
6024 6685
678 4168
6505 6958
2049 1566
3353 4158
5999 9072
5213 1747
9263 2287
4929 1988
9853 3284
7554 1861
2007 1340
2414 5636
7983 7636
7083 5659
7150 1219
111 5225
2995 2383
7550 8508
9281 9659
2505 2721
7906 2693
2224 6643
1128 590
4297 7531
1377 7710
6449 9658
6320 388
6688 5510
2930 4590
1128 3973
5223 7696
3609 4878
2637 581
3552 4344
2332 7115
9718 6600
4817 592
8247 5588
9770 374
26 8685
9178 2714
3067 9964
1737 1987
9641 7319
4760 3441
8796 3551
5432 1804
2538 3958
2887 1860
1641 5662
8117 6646
9103 3479
806 1828
5935 4310
5923 2795
319 1740
2782 7701
44 9614
856 4574
6202 675
6584 1723
2872 9846
477 5709
8973 4537
2376 5478
9426 2792
1688 9241
7686 9469
9955 8017
3021 3149
5483 2092
7804 830
6131 8729
615 8275
8056 7467
1325 2958
7092 5697
5094 8174
832 9441
8518 2802
8924 4244
6400 4423
9082 4830
9985 7078
8179 3336
1322 2660
3877 1794
8204 5086
6218 8324
9203 6288
3561 8913
2291 5905
4841 4695
4433 3180
7705 6836
9004 1914
6017 871
915 7382
137 4836
7107 2945
7886 6093
9190 8685
4054 3534
1194 3764
1719 202
6765 8843
8386 754
3582 3724
8974 7340
2281 5567
4671 2190
2465 8128
4483 9309
3306 8744
9280 2162
5854 6707
9584 4825
8001 3572
5635 5091
8656 5718
688 2091
8253 7957
9172 9984
7677 4414
8705 4856
8314 5200
6807 4531
7345 5338
6342 230
5252 7955
5188 3998
4842 3361
5592 4613
2473 1199
7369 6863
7804 6791
8568 4743
6615 4711
4397 1964
7389 1853
7762 6565
6172 4141
3596 4130
2841 2534
2070 3411
1977 968
5621 66
6977 9264
4709 7154
5643 7961
4549 3489
4368 6861
6629 5548
7448 2433
5763 2401
3278 8924
9 4785
4367 7390
165 9462
3437 6702
2145 7907
5228 8658
5111 1657
66 8702
8772 2644
6502 6123
1237 8698
6846 3681
4794 2889
7688 1489
3911 8463
2551 8945
4745 5656
2076 5454
8320 7623
2874 7154
5687 662
3087 1785
6082 7607
3253 9402
4189 7626
1944 7220
4024 2863
1622 4725
5488 452
969 2625
2404 1728
7068 7823
3716 1929
1436 4720
6606 9455
1876 2740
3550 6363
6543 1936
9750 5197
3957 1991
6130 6493
4612 9799
3900 7873
99 3873
2482 9905
8091 4888
5063 3844
6197 1299
3878 1883
2047 6944
5096 3203
1014 5377
9388 3276
2755 1554
7920 5945
1982 5768
7677 6187
9265 2122
416 1486
7355 3692
6424 150
3096 5230
5588 5513
9969 3406
1816 7169
2564 4588
5952 4477
3371 4122
7110 828
4184 9106
9062 3641
3587 4686
9590 3760
9249 9883
5947 3352
9247 6804
3402 2654
2748 4116
8149 4088
1741 7934
4537 2993
901 3756
6749 7423
8587 1281
7005 9298
6320 9195
7740 3102
9680 9288
3199 1544
298 5937
6220 5581
7801 6761
3108 8973
4037 5272
3763 6955
73 342
6060 7551
4216 1073
9472 4828
7900 7117
1176 6031
739 6030
1608 2278
4034 4974
1384 318
1576 6904
6201 3245
1729 3736
1789 7951
134 968
8821 522
3831 7274
6544 10000
1338 3356
1281 2822
4020 3763
5895 9554
8810 2615
8942 8396
871 4644
9902 598
6171 7917
1964 9645
4106 6920
2640 6252
5168 6192
3237 9891
6062 9852
6101 3364
9043 4664
2668 3732
8955 2565
5536 1111
6300 6233
1355 4060
2080 6945
3788 7146
1723 5395
3588 4082
9981 5563
7266 9180
76 185
6263 3318
8193 2400
5791 4262
8753 1276
3113 3974
4073 6756
1466 1016
3021 4385
9528 1272
5314 1829
1060 9373
4142 1608
1466 4399
58 7119
2737 2347
6553 6655
7058 7322
2567 9291
8613 4275
5784 6824
824 3619
6925 5480
5808 4966
2255 1068
2194 7208
3061 2629
2073 2717
4127 9971
483 6709
579 1
4082 6064
6210 5885
668 5708
3224 7696
46 9337
2240 386
9120 7647
7785 4244
2052 6751
412 4964
7156 6702
6669 922
5048 2595
1681 2085
4831 4812
5020 6963
1209 8691
1002 5180
5078 4689
9610 8413
8278 4527
5506 7610
1172 3147
2209 7839
6466 3222
5220 7024
3568 7132
552 1187
8397 5158
3789 126
8429 8079
9425 5600
397 9917
4881 4525
666 1474
7116 3489
1070 6253
6126 9166
7606 872
5861 7205
9949 1813
3586 4678
9257 539
9131 8536
891 7419
8172 2946
7255 3274
9789 3783
9782 6776
7144 5887
3772 5033
6172 2344
9279 8407
6504 4803
165 4282
9988 236
3833 7938
4213 8159
3587 4499
6720 3115
6045 3700
1282 9677
7001 2576
2742 4114
3265 5387
9206 9999
2519 5008
862 7778
2820 8908
3854 2749
1452 4611
3916 3627
1667 6485
2605 618
9568 1720
1920 6931
1047 6777
4378 5378
419 792
5749 2776
1332 2974
3497 1199
3321 9833
2595 3313
2918 2246
9664 7063
6775 6555
6796 1016
4555 3735
6262 1082
3407 1656
6956 8818
9475 1125
4617 7996
5522 3901
7294 8813
8572 9430
1416 8687
8058 349
7409 6319
3651 5399
7044 7884
6631 6025
4647 3674
7503 5954
5383 6748
4447 2108
8153 7002
6780 2361
4324 1708
7741 1581
867 3934
9554 78
1297 3518
940 9108
147 4776
649 5926
2411 2980
7113 5395
9756 212
7768 9793
6348 9470
6718 1833
4314 9284
9388 7895
7645 8639
7731 1243
8298 9204
1638 4161
1359 4746
6076 3305
1824 6014
8758 8630
5243 1052
8135 5241
1261 6840
8940 9610
9061 8439
1096 9247
8907 1556
5049 3438
5419 2217
5613 5466
7005 7151
2191 4495
7377 3347
1738 9653
4668 3746
3885 6518
4949 8869
6788 6335
2959 6703
648 8683
1119 9766
3162 646
2117 2452
85 3093
8961 1388
5437 8808
6241 4661
5623 5780
614 8318
2536 7539
1419 7025
8702 9795
7080 2198
6842 9954
6775 1562
9203 921
7644 4226
6517 3024
1205 6507
2537 3977
4626 3870
1471 799
1984 6245
8147 8984
518 5577
6091 5067
2756 8976
514 8087
5430 3106
475 2497
6421 6699
7709 8758
288 6054
9787 7738
8810 3851
8109 9631
9690 7805
8250 1942
3241 4480
4056 8039
8903 3261
5988 3784
2376 2689
9991 1502
1806 6508
6004 7700
8986 1983
9488 3133
7151 9554
2268 4849
1717 7190
9264 1173
425 1225
3477 7581
8217 6316
8274 434
8169 2892
9232 2389
1138 6759
305 342
3345 4429
4229 5873
9439 2867
4435 5749
6959 9734
5051 8721
6902 2784
9569 2159
2103 6852
6200 822
76 7837
2533 5682
847 3550
8269 2692
6025 5894
8167 8831
8907 9395
8014 1419
4652 1253
7324 7388
3657 6586
665 5199
8063 7727
3710 3214
9966 2734
5635 1952
2056 3249
1834 4368
4521 5873
2331 5174
686 3043
381 8823
3712 9676
5326 4580
7659 669
6480 9857
816 1581
3894 2742
5821 4559
8178 9370
9124 1112
9485 9227
8994 5203
7554 5756
4254 52
3789 8583
1306 4599
4312 3440
1698 7863
1206 985
951 6128
266 6025
8948 8241
9727 5727
9226 7431
2450 6155
7853 3544
7230 3565
5652 2656
2539 5446
8915 2816
9813 3966
4868 1793
6805 8462
8257 4536
5172 2958
7823 8216
8322 5685
7785 5480
3521 8926
1695 7915
8352 609
103 1658
4425 4606
4633 5309
1613 8290
4383 4380
5159 4601
2839 9471
8565 5039
6186 2189
2946 2952
2483 976
6727 8929
2636 1972
2580 4292
5381 6865
1673 5308
9145 4567
9704 6251
5437 3010
2957 9877
5373 5469
5679 9713
5772 3488
1110 3855
6829 8832
7078 5372
3563 1958
6763 4048
2819 494
7100 7605
6453 3068
3689 3760
387 3645
4554 9688
7159 8185
1961 1402
3401 849
589 369
5024 4884
6478 8201
3121 8379
1213 6612
3673 8892
4978 7922
871 6848
3768 9129
2863 6808
5757 5408
8374 4666
9332 6621
5820 9140
1388 8306
3475 956
3947 9811
398 1151
575 2541
8880 1801
6119 6174
7366 8232
821 9363
1884 8106
7853 8350
257 9964
5701 7354
4672 2523
9382 9717
2459 874
8470 3973
435 6294
7384 3526
3110 5530
5849 6471
472 4641
4228 8898
4821 9412
3272 6989
6259 2370
5536 5193
7535 6324
3359 9617
6308 1508
7673 5507
2351 9800
4875 199
2041 2404
9940 976
6839 4527
5934 2206
9609 1371
3656 162
2501 3328
9756 8214
5967 7981
299 9385
4458 4233
454 7044
3181 6470
6088 9439
1594 1311
5409 6148
940 6156
2086 5156
1924 6326
5071 3120
2154 9232
3825 6922
62 5658
2452 6445
4356 6558
2021 3226
3671 39
4376 1548
6029 7704
31 7476
764 6869
9819 5129
8552 8054
7463 3172
3846 8149
8142 9876
7216 6678
425 3616
6671 1694
3976 1025
2663 7015
3496 7770
8537 9651
2658 255
4152 6354
7564 6637
6700 4317
9310 9574
4549 9962
2149 1317
7135 9907
7102 7515
8131 1766
967 408
9005 8938
5486 3870
7131 339
6319 3844
9249 2101
7229 93
5379 8884
1253 3596
752 5300
6972 9327
5039 9193
7959 2598
2978 768
2243 1302
1861 5172
3664 8643
5718 9481
5974 7192
9644 6013
1392 9797
4224 6765
5874 3578
7675 6222
4680 4537
7259 1813
6416 370
5087 8833
300 8000
4715 6975
971 9925
1 39
1599 3078
5269 1899
6423 7176
2476 3351
5922 8880
906 7995
7007 9856
1558 44
8430 1028
7471 8270
5544 7207
7533 2732
6716 258
5695 6622
9626 9914
944 8452
1715 7575
9239 7024
9187 6834
2391 3428
9046 6629
7406 4842
3321 7499
8152 8604
3295 2114
7505 4821
6724 4256
4473 5533
4755 9383
2294 6878
6716 608
6719 879
8620 721
2255 6923
8731 7907
6799 2336
8190 4550
2197 502
3613 6745
2066 7401
6421 6325
197 9726
9717 2461
653 4115
3307 8890
3959 6601
9343 3940
3436 5328
695 6970
3587 4743
3339 5395
3184 7736
1560 6482
725 9064
3048 4465
5348 8742
3617 421
8746 9319
7414 4679
1716 9624
7907 1579
56 6461
2263 3377
1518 3223
2607 8105
8111 4792
50 1728
6925 7147
2256 3337
420 3890
1452 8238
7390 1999
2975 3024
4523 1812
6985 4165
112 9372
7392 2045
5203 4954
5519 6880
9251 6579
1813 1986
3996 5678
7014 6034
4118 945
3364 8619
1841 1001
2992 345
1586 6898
2670 4266
2773 1735
1804 8289
167 9429
7093 1604
3579 9712
2896 4020
4632 6269
7832 8359
332 636
2799 4087
2668 406
9856 6322
8123 8508
91 7340
4682 2599
2166 2639
1013 7386
9824 5286
7489 8370
1393 437
1236 9121
6835 3416
9856 3289
8118 4377
2953 740
1666 1535
1974 5852
7674 953
3009 7465
8510 1225
4654 3934
3684 464
8257 779
1474 4748
3874 561
3054 3451
7782 7841
6455 3545
9901 9074
2026 2228
2005 1351
899 5944
648 2161
7189 3540
3859 7793
4291 8204
6135 7512
4540 4744
7186 3242
3046 6192
2120 2994
5287 9108
2367 2871
1579 1889
682 7757
9980 8027
8731 5142
8521 2114
1299 8665
2846 8763
5089 6090
2513 6079
2040 3415
6952 3196
5434 86
6583 5019
7665 8730
1579 8655
1662 3994
5934 409
9941 2033
4464 9421
2253 7845
4159 8785
8967 1827
4498 1835
2689 4211
7942 4285
7536 3597
5514 4926
9898 8752
9378 6242
9218 8993
5357 778
6790 5470
2679 6906
3362 6182
8739 2350
7376 2561
9275 8746
5812 1358
1335 1505
6348 1338
7868 8658
2916 9478
8456 2412
4942 8268
6871 4496
1451 6002
9508 996
2632 270
8922 5036
9841 647
8101 908
7982 3660
568 4379
8360 9470
2032 8384
972 8404
7228 7924
46 5206
817 5083
406 3297
3843 9464
7195 5532
5861 4229
5768 8202
1969 865
7015 3844
6972 7180
4854 1631
1495 982
7252 3033
8470 3599
3888 1286
572 1465
2520 1907
8810 257
4885 6579
3041 855
8963 499
5945 6559
7416 1155
4919 6163
6781 415
5377 625
8145 7222
9738 2747
8062 5467
8552 5102
8671 98
4510 4423
1583 9847
1929 4068
5855 7016
766 957
4403 3802
1447 4324
5714 395
3066 5234
8208 1505
2475 4766
2578 5645
7177 765
4658 2042
4723 2437
9726 7998
7830 2084
3160 1836
99 4816
9885 5776
5367 3670
5057 4942
9744 6325
6273 4681
9587 2177
6763 8480
1720 5772
7355 6140
3182 2534
3342 4701
5921 4229
5456 5590
9938 125
7128 6134
851 6491
1054 6850
9718 7706
3822 615
9582 2183
867 3991
7687 4785
53 1034
6780 5801
4349 2761
2886 8026
1277 5552
8459 1100
2483 4603
2830 8848
7080 3060
6615 7427
7422 6961
5437 6637
3219 4644
225 2430
422 2944
3032 1785
1602 774
8813 1978
4709 6837
4993 180
9216 8784
9906 2815
3576 5820
620 6342
5606 8516
4986 2392
6851 325
5882 6879
2926 7401
2453 5491
1142 1728
5037 9527
5598 704
1804 881
1307 75
5160 7648
4071 2766
1053 2410
9029 9308
6220 458
7436 197
6445 9436
7205 4236
1919 8186
8736 5299
4839 1591
8679 2513
1140 7667
5710 8465
5402 4148
4968 658
7824 2938
4556 8823
3470 1206
2122 4731
8376 418
3455 9973
4590 4620
7071 4771
2585 9336
6529 812
8655 9632
930 101
1523 7031
9678 3314
3919 5354
6436 7414
5386 8876
522 7631
6193 4246
1427 3536
6649 2045
8489 4617
5094 2059
8578 3908
4125 8613
9199 54
1549 2186
3949 3661
7669 8261
5463 7029
7896 1070
8271 193
3348 8167
84 4372
6682 7039
3752 6530
5245 4857
4936 7485
2529 2587
5 2766
2379 5272
417 7406
2962 5852
3616 226
9381 6302
4548 206
9183 7815
3612 2736
4453 1100
9031 8175
807 1175
1772 3547
5046 1614
7969 5116
8492 7143
2184 8187
9798 4146
3232 6652
2924 5745
338 8052
5694 2589
2681 2577
1993 8619
2490 3009
5689 8661
7717 4114
4267 1095
1748 8788
3293 7305
9301 307
6837 7707
5691 2291
4132 5596
3234 3692
2339 2059
1398 4245
87 7652
1334 288
5320 9703
5186 7259
6130 2338
9459 7282
892 9742
704 9691
7956 6732
2598 9116
8857 5147
3186 2870
4686 2368
2907 3455
9815 4850
5933 8590
8285 2477
3899 8404
7130 9807
6972 2805
4280 5063
1498 288
2680 1197
4044 1588
4489 8620
4140 8466
5208 8307
9651 2914
4324 4611
652 4963
9771 764
906 6011
964 3737
4768 5002
1590 227
6168 7302
6130 4566
4569 628
9388 4382
5038 9966
3939 4396
5528 3185
9038 4003
3320 8296
2826 4755
8208 513
2475 3774
9480 9983
5805 5156
3098 6382
734 4564
5271 2216
2727 7378
781 3629
6985 6369
5519 5701
1505 654
8497 2494
1033 1598
1993 3626
1320 874
7440 533
8873 5225
6476 7431
9468 6566
7710 2114
3394 9534
4757 2153
1219 4205
7967 9849
5355 7929
1112 9246
1016 3122
6874 1061
4456 8806
9202 970
8219 3654
6908 4809
5373 7754
7033 5255
1605 484
8821 1278
1458 9856
8581 8207
5899 1384
9109 8326
4317 9401
5031 1574
7761 5435
1567 1131
3223 1142
4558 2293
3876 8123
5609 275
7634 2627
8095 1524
8886 2777
8760 3604
7044 9177
4685 7703
4981 4089
9021 8105
1746 5196
2119 8410
7876 5543
7666 2515
2549 824
8627 7397
4422 5788
8966 6863
2638 115
7643 87
1359 5689
1128 3282
6245 4249
5415 7175
119 4021
365 7460
7022 908
1643 8831
1827 4222
8172 2279
2382 9170
6960 2659
1077 2943
5924 1575
2228 2287
2009 9339
9038 2393
5780 1796
4842 7663
9966 5637
8818 9974
979 2785
3157 1969
5395 5368
4963 2705
7599 2767
6754 5415
1662 6198
5788 5070
7720 4225
2923 4956
3427 517
5947 9264
2146 5264
9809 1085
2483 1651
4972 2417
1429 9787
2043 5516
2084 1353
2261 6907
7865 1546
3689 4085
4726 8777
7436 4816
7085 3835
7024 6565
9758 7162
3557 1687
3318 9218
9137 1567
4498 9300
2712 6964
6020 4615
4707 6441
2341 1544
601 8975
7824 4524
5200 7505
5473 9357
1613 8160
3292 3459
2696 8309
1612 4525
9805 9960
932 8176
7563 2655
3566 1749
7520 9374
1603 3658
2819 3397
5333 2530
1945 389
1361 7508
2130 5804
845 1764
113 8231
8599 5617
1440 5357
4275 6760
9913 6645
8216 3600
411 1657
1927 2442
8714 7260
2900 8839
9156 8359
133 5850
6757 9738
4357 5257
2588 7786
9778 7359
7901 1495
8988 9714
7348 7173
8778 1768
4046 7058
4349 4615
7685 4314
5465 740
6404 9061
5160 7274
6218 5673
2231 9619
7057 3210
2981 4455
8022 6336
7893 3482
6437 8420
4166 2629
1824 4542
2285 9855
8895 9119
1457 9444
8484 1671
1611 6878
9471 2112
1224 6240
1194 7529
7538 2732
3558 2931
9506 1544
3841 9635
8347 1558
2115 7350
7175 1337
5893 3230
6325 9303
8599 1779
8692 2724
161 677
1403 1637
7807 1055
7660 8175
5480 8918
9236 1841
5631 8333
774 2597
4607 8764
6435 9821
5165 6813
3503 8485
9958 8592
3752 9189
1197 3639
390 2607
235 4948
1947 2639
5365 6120
2003 5954
8727 624
2192 1689
4783 480
5839 2970
9915 2479
3590 8080
3817 889
386 2084
5704 2553
6736 6901
79 7037
1972 1356
6755 4699
3501 5756
1448 7772
8289 3781
3149 6802
4770 2877
3529 7023
4047 2290
1937 1520
2732 5201
9963 7781
7188 4931
7439 2298
2955 1274
3326 9323
9950 6795
5473 526
5510 9453
8058 1000
2971 7819
8112 1236
2351 8865
9949 3537
1940 663
1876 9538
458 5878
3438 3498
8784 353
891 9143
2968 1105
1916 5904
9869 1329
4301 2183
2724 8292
9720 7622
6117 4361
8011 7196
7691 7780
5478 6131
9338 9957
1346 6690
8820 9028
6910 4182
6514 4182
9310 6411
7228 9941
2957 9210
5077 2000
9275 3192
4072 2481
9989 1781
3574 2204
4854 3648
8708 5030
1058 7162
3226 4904
1422 7624
2265 2651
8961 8105
5250 7785
4940 9057
9954 447
1695 3060
8553 174
1362 6792
4627 7025
9326 3507
3469 5012
5021 4700
1479 8508
5242 3356
2351 5027
6699 2026
9689 7504
5766 8237
632 3913
4362 9201
9035 6714
7879 6272
4649 6225
5146 7031
2990 998
9650 4543
1551 9323
8839 6021
1218 223
5077 1195
492 119
4853 8657
7776 5743
1802 3657
7464 8100
1151 8800
1676 5238
3331 8057
7214 1509
552 1301
4256 7620
142 5375
9323 2054
3848 3853
4761 6035
520 8933
681 9036
265 1244
788 3271
9079 5077
5428 4808
8477 313
7950 7212
6460 1986
5772 8782
2134 2302
9627 186
7300 3131
7567 1031
5149 8776
6570 9701
4925 400
4703 2273
2810 1538
1836 7748
2808 5629
4332 9685
7162 6580
7527 5015
4829 4075
4644 4295
4324 9043
9871 9564
88 951
7221 7160
7966 5062
4697 923
7470 1448
4142 6528
4199 646
6315 2362
6802 4732
3357 2057
5618 744
5406 2551
6053 7088
5039 7453
4905 5009
4561 5199
8855 6099
3870 6779
4708 1462
7116 9214
9164 438
917 4566
6084 5620
6017 3644
1448 4202
5858 2833
796 75
5610 3485
1100 486
9381 2358
762 4628
4482 8474
5521 3413
4674 8644
6427 2172
3870 7129
436 4643
8870 9009
6884 9995
9062 9179
2894 6096
851 6548
6668 8650
5939 1859
4830 6124
4603 6899
5348 1391
7366 2572
7178 3275
3019 2011
2422 4007
8487 3205
711 6918
3292 857
7392 760
4318 6888
2508 6410
5369 9034
1355 3987
4099 6026
8538 9559
520 7323
8204 4021
2060 5496
6234 1376
9692 8420
8045 9626
1593 368
636 1267
229 9776
5766 2439
2727 7622
5767 6047
4244 9009
7343 3877
8318 1275
4398 8695
8505 7517
9176 3026
160 2442
9143 7050
4449 8660
8093 8512
1901 5035
2233 3330
5700 1792
5077 1813
1367 4347
5315 4610
4815 9922
9170 2430
5185 2285
9238 90
9976 3991
6182 7578
423 9618
72 7883
9038 3442
7293 9775
5223 8404
4225 3640
6729 1331
7728 3287
1970 8181
9790 1734
1849 3690
6572 566
3280 5303
7196 393
1005 2022
4977 6843
9306 4546
9275 5233
5947 3897
2963 6535
8178 3873
4664 5565
4130 5631
2552 3968
4725 6972
4720 6628
2980 6889
5493 5797
8602 2107
5212 5555
7514 4243
4840 3697
5747 429
884 9208
7202 9606
1548 9188
2138 6021
4719 5622
13 5717
3103 1977
9600 3838
2559 7017
413 6590
3503 2850
3587 7459
4487 3020
665 5313
9397 6138
7910 7599
8319 5552
5351 8723
8164 2231
210 3228
7093 2092
964 4599
3144 3856
7368 4017
8281 6199
1125 9620
4640 202
619 4564
3760 9457
439 5128
3540 1577
9820 4901
6184 5664
2350 5688
5903 3170
6548 464
6651 1343
6926 9684
1071 4846
176 3213
4307 177
7770 7565
6578 5968
8692 7611
1563 2275
7196 1816
2722 1480
5550 8128
4368 7219
820 7829
3031 2989
2939 9816
7132 9910
5666 9242
4978 5458
5198 1260
4143 1624
9890 2987
9686 8819
6880 240
7280 7529
2010 5596
2892 6213
4850 7343
5137 6619
5968 6547
3048 6726
3289 3405
6527 1815
3980 6706
207 4754
1699 227
1943 7003
7371 6112
3851 2354
7053 7523
9513 2633
4041 8113
3246 9370
4029 182
18 5986
2406 1782
4365 3514
8692 6806
8485 8957
8574 8248
9223 26
7972 3484
1124 642
1657 7521
2958 3426
8878 8659
1996 571
3331 1722
478 3877
2255 8379
9810 9393
5266 1148
2114 1758
6358 9711
7903 8982
3018 6860
8711 7206
5225 2278
7532 3562
6190 4650
5049 6748
5916 6333
4827 7867
3638 3535
5596 501
826 3055
7457 944
1988 5941
6460 5450
2482 814
7187 2746
9048 3943
7202 3808
8733 2619
272 8481
4534 4208
6024 3018
597 3353
6925 8603
2930 3606
8064 2268
7425 8926
2336 9283
8504 5950
4394 1195
6265 9496
138 2250
9183 8490
318 7321
3424 4114
9308 7438
7904 7648
6630 7150
6573 6616
1220 9344
2144 3047
3608 2888
2856 1563
7770 1417
7964 4666
7025 1263
1947 5916
2229 4848
1960 3869
4472 2175
9394 6808
3751 163
1245 8061
9394 392
7582 5503
1784 1199
5875 1740
6678 6036
7979 2695
14 9919
3622 7108
368 4001
2512 8519
8324 3107
2625 5198
6290 3675
3373 3371
8660 8691
4369 5810
7600 9465
5456 9111
7631 2362
5552 9573
2188 2164
2279 7944
7628 2064
6883 1156
9866 4709
4291 9310
3403 2432
7467 6842
9370 1095
1560 5978
4478 9136
9870 5582
4483 3064
6850 8563
7132 7495
708 285
8997 6182
7151 5293
2483 1708
6600 8388
7930 5031
2832 2616
3425 3130
7274 3414
7365 2778
7215 6217
1432 3699
5661 9866
5320 9573
6652 627
3314 5019
1077 5228
2259 6137
8988 5315
9323 7291
2972 5255
4897 9655
4775 2310
6557 740
1195 9798
9225 3723
9748 9914
2008 9120
8842 7368
1199 91
1927 3304
2708 3115
8038 5853
8105 7075
7912 6680
7599 2019
9034 1122
5444 3758
8153 6742
2267 2591
1861 1903
1582 8904
9462 9678
2948 5958
3102 3392
2880 4511
6438 2337
3659 1997
7220 5756
7681 4653
7739 8041
3780 3455
6362 6664
3913 8680
3846 7458
3935 3743
7197 1049
8100 2543
8726 5449
5581 3066
9383 3504
228 5794
6606 6243
2404 8315
3923 5611
1476 8454
2038 9655
3277 5436
9404 1348
3270 4265
6260 8989
6157 5104
6726 8230
9181 9412
4046 7115
4072 1920
6654 9293
6618 3220
3417 8075
6395 4868
7310 1461
1699 5651
5195 2599
4259 5129
1358 9522
4314 4836
3667 7469
1929 8557
893 7473
5659 1013
7550 7337
9198 6733
2653 7864
6677 7183
1947 6884
8514 3822
4460 8044
4809 5946
377 5112
1600 1858
8567 450
8723 7379
9788 533
2133 9491
1906 3850
8377 326
9593 65
1928 1165
5321 1398
2533 3194
7595 6706
1942 9142
9124 4690
8584 804
7689 3335
4394 4391
9716 2350
9117 1267
5761 4299
364 1093
9467 5029
4479 6192
3882 8188
8529 4480
5294 5587
6381 9642
9022 7796
8777 7965
5633 8436
740 37
9081 1960
1424 9337
3816 371
2171 4656
1140 3162
1799 2798
5063 177
5180 762
9419 8371
799 7033
5250 6419
6275 8842
611 7736
2228 8573
7739 6431
5402 9442
7014 2765
3156 4647
7409 9710
2712 1223
2531 5349
4489 5725
2066 6710
9621 7724
7656 9587
7917 8396
5222 6249
9254 9593
7193 5332
1121 8373
6159 157
5135 7004
9149 5635
811 977
6540 9648
24 9265
2639 8450
8243 3089
3081 3133
7095 1010
7052 4346
8858 1672
7803 6200
4446 6378
3072 8682
7014 4993
1950 1408
3994 1558
1910 8425
2913 1455
4962 8365
5337 3324
2933 8523
4394 2431
9476 7319
5307 5367
1907 8127
1912 2055
5862 9561
4114 5797
9209 2279
3735 6932
2835 4955
6730 5584
7229 3053
2960 3903
3925 6275
1523 8137
5819 9864
8312 7366
1161 6967
9645 8444
6223 1057
2518 6187
6838 6056
2478 6788
6739 5296
1479 1799
5462 1117
6685 2027
6869 4588
1640 2656
3596 9375
9974 1156
7107 969
8700 658
5988 3792
6426 7401
3211 9914
7189 5882
7977 1202
9336 9917
4417 2549
2802 8174
7843 3639
1869 7969
369 2055
4828 6964
3326 4387
4764 9423
5908 7596
8900 7485
1827 1327
4910 2832
5340 2416
7495 3306
9709 8563
9110 7480
9824 407
7021 1171
362 7650
2664 8590
1226 3554
9889 802
1853 9314
2044 214
6304 2284
2852 4854
8724 6663
3492 5214
9541 469
6580 647
7915 2552
9064 7485
5208 6030
230 7881
9012 879
1945 9253
7203 9671
324 5264
8631 1187
5076 7042
8940 8358
1745 2025
5731 9188
7625 7859
6873 6534
4796 8156
5782 4989
2024 4069
3082 3222
398 6152
7533 1854
8090 1213
8151 4118
7282 1454
3158 4937
8589 7727
7180 1177
2393 2596
4043 5825
1039 2923
4727 6457
5403 2310
6174 2187
3068 5394
9878 5500
2127 1164
9945 7476
2099 5532
6084 5677
3033 7093
2878 3018
5894 2547
4280 1981
3469 9875
9340 1660
2119 522
4985 3490
7889 2778
9749 6783
2817 4994
2156 3033
2127 4547
2840 5917
99 1897
3614 3059
3736 3988
2645 3197
7724 1398
6750 7608
3895 8182
3482 6323
8155 3836
2272 3366
2298 2335
8705 7686
8366 1804
1860 8525
7221 6412
8807 4930
7398 4796
4041 4974
5626 638
5648 5123
2667 7278
368 5855
2861 4111
7049 3861
4910 4605
9667 6727
4440 6376
3258 4713
8572 8446
1566 4264
7954 3149
5614 5889
8131 4539
5863 8845
5328 5303
3740 3706
574 446
5230 2516
8010 6464
5018 5077
2283 4255
248 1215
7844 2230
2302 2053
4242 1823
1654 297
6478 8559
3295 5692
6576 4930
2305 4953
3635 6514
7007 952
4663 6956
3663 7027
6184 915
8460 634
7739 4284
9700 4931
5663 5350
4037 6679
668 5342
9635 7919
3002 2033
9936 4649
4316 9477
9225 5577
6649 9730
1780 8141
4528 1254
5682 6531
1233 2310
1188 4819
4428 3302
3130 4662
6960 732
2849 9338
4482 3538
2680 2921
3738 2074
8603 6173
1719 7838
2242 3449
683 6000
3706 7454
7195 9647
4883 8019
1989 3003
7964 1527
8807 2970
2091 247
9028 8796
4629 3184
6062 1460
1363 2726
7832 3293
8213 6368
9675 9546
7772 8123
3564 581
2048 550
1053 8135
857 8223
1700 5502
4033 5755
769 8376
7681 91
1078 9131
1362 2474
8516 6554
3567 7645
2060 560
9625 2262
853 7700
9793 4290
2004 2880
7743 9987
1014 8557
7540 2488
1617 3373
7623 1210
5427 7836
6421 9448
9740 6534
4397 9950
1429 289
8624 3212
3207 1983
2481 1125
7720 1493
4069 1224
5378 4160
4129 1275
3855 2958
4388 9837
5190 4109
4536 9735
3285 6777
9327 5025
8989 8413
7394 5645
2442 8717
9474 7704
2724 5397
6309 8052
9131 4332
2290 2661
4655 7333
2248 8851
1252 4133
5887 4572
8029 8263
3430 311
6687 9351
6764 5599
433 832
1685 228
9833 8172
1089 5832
3231 2353
1678 8856
8612 5056
9110 8716
8274 2028
7315 9270
925 7306
3126 1778
560 2455
8948 4224
2160 5597
3125 1553
2044 7866
826 7300
3288 3237
9940 2757
7732 7114
4752 9494
6209 5912
3478 8996
2033 2789
257 7557
3947 7754
8414 6919
9479 827
35 3014
8228 8449
5580 6872
1667 9047
7598 8053
1624 8219
5705 1656
3714 8714
1315 3677
8753 4106
3899 7713
8197 6103
6783 5625
6949 6826
3489 9535
1347 182
8064 97
6940 8992
3428 5095
8214 6457
1149 5078
5512 8027
2869 6794
6682 1005
8149 8691
7705 1103
4847 2160
5103 6287
2137 6121
8015 9630
8051 5123
2765 2657
5489 2566
2911 8898
6244 1910
5027 4198
8162 5893
8935 5062
5917 4706
7634 2741
4466 9988
5602 3382
5168 7062
8196 1690
6006 1745
5634 2139
2158 4315
7509 760
2314 4828
1187 1374
748 546
1804 3036
5298 9737
6728 4332
4352 245
8963 7460
3763 7020
6129 3249
8713 7285
9023 1849
2524 9741
7681 2937
1464 3345
4910 8874
3516 9772
3444 8206
4387 431
3955 774
8767 6767
2201 9273
2483 5953
4592 7252
1018 8893
6276 9311
2854 1924
6453 7695
4629 3347
8204 5314
5807 1104
9783 2661
2128 4449
4838 1242
2035 2006
2188 5254
6768 5986
9132 8558
5279 4368
4649 8136
5616 755
475 1676
3871 7088
5578 4435
8943 9036
4958 8891
8905 6300
3958 9716
2308 6487
7869 4462
4104 3125
1280 9428
1316 5675
9210 9565
2763 1405
7475 4508
2301 2283
1112 4367
8302 6946
5506 3219
3050 8228
4900 965
4848 775
6682 5811
682 8920
4285 8017
21 9211
6119 4385
2638 2807
5690 8409
2445 8828
5647 5329
9107 2620
736 9156
1856 2771
3757 2613
460 2842
8020 8364
9763 1204
4377 7956
7703 6213
1067 810
1349 6912
9229 516
9638 5639
4717 8024
350 8339
9748 3555
3958 5528
5419 5852
381 1236
2550 2586
3176 5492
2128 611
7816 7029
6042 8460
1525 9208
3390 2977
2249 2069
2548 5142
8150 3118
1591 379
4321 3486
4725 8265
6218 6592
857 3043
3284 2177
2547 8300
3077 5082
2757 9830
6962 7275
4500 2670
2504 5220
4125 9963
6645 2872
5461 1890
299 1180
6713 1286
6458 7183
8166 7384
3563 8358
4924 7320
5457 7783
5710 5977
65 4167
4579 7285
2029 2833
5303 900
1397 5774
683 15
3518 7834
719 426
4638 7865
5039 1793
9953 2401
1429 1525
5288 9667
2989 8244
7070 1681
7836 460
6650 9231
5012 1101
4384 3784
6870 115
6035 9867
2952 1946
1966 5113
7566 8678
5477 8785
4973 7562
2260 4836
2330 6329
3044 4918
2233 6396
1920 1735
855 1411
5851 4273
6679 4684
6429 3755
708 2115
8139 7035
9828 7186
6686 5074
6110 1531
5924 2307
1285 3624
3649 6196
2883 4411
1379 7423
3122 263
2380 6042
9255 4291
8262 6287
2037 2670
1743 2223
5237 4760
7074 1399
7874 5424
2709 1787
9928 7016
5487 2656
129 4286
5041 4067
1242 894
6811 5900
6692 7898
6559 8308
6665 9458
6996 2647
2150 6869
4972 3149
4253 4216
9949 1073
3159 2373
9413 312
2950 7861
2547 6690
2480 5468
6463 2534
5052 7989
8331 6400
3565 6444
6206 6850
5989 2651
636 8789
7224 188
7597 9064
6862 9598
6237 9546
3307 4873
6516 2545
3865 670
8653 4357
8093 9618
8719 6108
7907 3978
2358 9800
8306 4249
4846 6958
9902 4209
1464 8769
464 9594
366 6053
1928 7183
1041 8851
170 6114
3747 8154
5278 9217
8948 1622
9223 9963
7606 2710
7607 6318
2404 5607
8295 3686
6614 1144
1173 8189
889 8430
4621 1713
7298 1776
4705 6322
7702 6555
3846 5100
7985 8341
967 6808
4613 1071
9810 9881
3401 7867
1555 562
5352 7826
1594 6906
434 3312
9312 3188
2952 8980
3798 1272
8001 2808
7870 4045
4346 5049
4881 2175
9490 8563
2859 3504
5615 2170
5310 7950
1141 5998
2070 2297
9377 9625
2601 8349
9788 4241
5684 9854
6672 7514
4531 7431
7666 9126
8139 4620
8504 9471
2999 8395
2940 4782
1904 3698
696 1568
25 4554
8130 7136
7538 3814
8803 62
4422 6333
9706 5720
4351 1205
9855 5062
452 7250
627 6285
5379 1647
2357 7965
1051 5300
5834 2227
4812 3485
2249 2955
943 290
4523 2601
6647 8342
3218 6954
6353 1479
4059 7570
5797 3476
105 2574
3581 4562
5332 1427
530 1814
2343 5973
7844 3897
7852 7922
3091 8310
4392 51
5452 31
1990 1913
1092 763
3834 8391
873 2153
4214 1442
3032 533
4943 7509
8088 3476
7403 9789
5009 9260
1993 2561
4634 2967
3978 1350
6096 483
1648 5532
7021 9872
4789 4009
4443 9788
902 989
6487 9938
1886 7575
7359 9867
6187 9646
2784 2309
3062 8669
8537 454
2807 980
7729 1449
8104 572
509 9581
9009 3647
6075 7900
1096 481
1257 1338
4431 8623
3099 3983
753 6908
8005 3949
7788 5412
1783 4013
4825 8927
3330 3357
1965 3495
2085 1345
2556 3182
1711 5076
9483 4627
9396 5382
9735 4848
4597 9450
5864 109
7643 8821
2610 6801
3873 6386
4442 8758
1510 1006
9450 9001
7539 1301
696 5219
2313 6056
8359 1040
7325 3035
4684 2629
7020 2399
6953 1177
2901 6226
724 4234
4483 1592
8230 2323
2743 8269
9746 2354
1308 6914
7980 1394
8000 9216
4366 3636
9187 4053
3731 9312
6322 3939
5661 8394
4042 7484
8090 9109
1749 7007
3267 1449
6379 7856
8313 4428
4753 9939
6910 1076
3040 1443
1398 2993
183 6108
7549 4217
8956 7688
7086 2995
6771 1671
6741 9376
7021 5229
4927 7244
9376 9967
7801 8575
8751 9915
7486 7251
4399 8256
8814 7231
2799 5144
6482 8334
9438 3648
9247 4080
2347 7464
2120 8239
346 3254
4862 7199
441 9907
6873 793
8089 532
7034 5814
659 4882
33 1976
3861 7799
3675 5165
650 632
2453 4857
8614 353
9393 4255
1263 8968
1824 899
4654 1958
3193 1634
9824 277
8320 9705
6021 1866
6303 4962
5238 4638
7791 2945
3558 5704
7797 481
9595 3608
4280 2656
2664 5427
8096 6964
9350 3777
5888 5659
4981 6675
9308 3551
1961 3240
8590 7472
4605 7327
4328 2323
6842 1456
9971 9722
2960 5196
3025 9755
7412 6682
9279 2032
6106 4017
908 7814
5545 5670
127 8003
100 8809
439 8275
8548 4213
6068 4664
9392 8510
9614 5139
9356 6601
9947 7042
3223 5956
4601 4525
7084 1339
3574 521
3138 7538
3255 8123
4664 8257
5593 8720
9816 1109
7083 3366
512 9692
4498 6275
4775 2611
5301 1903
9444 2634
5046 7046
7360 3085
417 9805
2843 6085
8103 914
8414 4748
8531 6087
1406 4657
4295 2159
3113 1250
6977 3320
4888 9843
7727 1566
2087 7270
8009 498
3532 7061
1097 6531
9903 4087
6164 3217
7403 5414
7007 4660
9553 5960
2829 4874
5229 2939
8617 2074
9274 129
6226 8232
5445 1251
1028 5613
4789 6050
8376 8778
6807 7231
2671 1255
5938 4567
310 3118
3918 307
3890 4675
831 4318
5991 1195
8365 4455
8241 6109
2133 3831
8953 4625
3104 7149
6459 6898
6338 8823
7957 3317
9227 663
7275 9147
1035 4498
5326 5881
4737 5486
1915 2036
8164 6801
1722 2395
9199 8414
5768 9609
5049 96
9162 8532
2125 2785
4728 4619
6443 8243
5693 7745
5731 4065
2453 8508
6159 2068
9309 4795
4416 2812
8806 4174
1736 8867
7875 632
6994 2869
8150 2557
9335 7147
1709 8175
9168 2311
652 7712
8613 7162
2644 7672
247 9878
2639 912
6928 1468
5436 5995
703 2015
2349 7754
3624 4690
8075 3322
5616 4650
6109 7966
3750 76
8323 6807
6704 2891
3061 8899
5458 277
2030 1743
4702 1462
4178 6380
5604 3485
1970 5075
3331 1031
6593 4753
6038 9604
6633 4529
2987 4604
6689 7844
2606 7164
734 5808
3048 1847
6659 2717
7389 2593
700 3191
8485 7111
8452 4719
9701 7604
1914 605
9921 9822
8228 9929
9107 449
2873 5414
1450 5574
316 3201
4309 955
3529 3998
7006 8840
5588 5180
9879 6563
34 3488
3577 282
7477 8425
4084 1776
5225 6848
9653 3776
4692 3352
7591 2296
2681 8977
8270 2584
4018 375
8959 9222
9078 808
3981 5411
6252 622
9330 5193
3600 7971
9708 4587
2110 6909
7705 5966
4806 606
3135 3670
4310 9824
2443 8058
3599 1330
2697 9860
830 8094
4521 7792
3879 4353
9497 2862
9598 9330
4130 1720
5643 1480
2564 3100
4867 5396
2038 7191
9318 4028
4306 2885
7377 7039
1434 5764
1568 2546
4457 802
4801 612
8935 3509
8842 7482
6703 4062
8656 4848
6946 1568
2985 1817
6637 9858
1587 5979
4665 724
1903 7905
428 3741
5942 1870
5040 9646
5508 4796
5009 8081
7280 7456
1774 2772
8114 6901
1139 2032
8952 8000
6094 9057
6558 1055
235 313
2110 6104
1847 806
2385 3865
1361 4296
2317 8834
9108 4726
1107 5877
3777 9687
5993 4437
6397 9216
2686 1726
2498 8845
5509 1614
7790 8093
689 7057
6255 5376
1836 8911
9532 7124
1681 5590
2123 5935
9843 5296
9719 6950
8685 8945
557 1653
6004 4976
961 2268
8652 137
9734 3848
4567 2794
4658 2912
6220 3288
7818 6327
3982 9688
868 2454
8674 7251
9569 2468
8920 4274
6120 9473
3761 7999
6464 9283
8572 558
2362 2137
612 8126
1820 3840
4466 9508
2971 3184
706 7761
8576 7847
264 4410
4679 3385
7546 9961
566 4748
3711 7131
9320 2114
8912 599
4457 8641
7294 6707
596 426
1165 2798
3400 5926
41 5277
1870 3553
4642 1224
218 4415
2458 4477
35 5462
7168 4501
9033 5440
8178 6646
8656 3238
6127 3073
6536 3278
7405 3690
8738 4768
3289 1372
9049 2186
7282 1755
3629 659
9709 8059
4312 4099
6096 4110
8047 3315
2099 2450
4308 7363
9165 6683
8669 3069
4457 4453
3976 8287
7949 3911
6794 7077
6634 9828
8439 3546
8222 5009
7414 3752
36 4128
7140 4681
7978 5780
3109 4945
4203 9417
8248 3197
5175 882
6446 328
30 4313
3424 3236
93 1629
7844 303
1863 5714
3802 6040
4581 5778
3270 2769
7628 5374
2358 3441
6320 5292
2108 8928
4751 3745
9336 5575
2634 1804
3172 9027
2228 1116
5412 2673
7487 4388
3163 4777
4319 4465
9131 7048
7080 3475
4288 8535
1857 5495
725 3949
7762 3280
9813 437
8331 5652
8603 3896
3942 1482
7729 888
912 3775
3806 8791
8037 5205
831 5099
6300 9901
97 7763
6258 3259
6442 5820
8042 2516
2346 8288
7945 2583
3184 9387
7437 3870
5728 9860
1497 7030
3892 3997
1032 4981
5626 9583
5351 1242
8466 4914
3012 1174
4345 7914
8116 7541
6366 698
4559 6153
2795 6020
1797 7672
8648 3615
5209 785
6482 8228
8670 7346
9224 8686
6860 6868
4346 2073
3310 6651
5430 195
9509 5637
7986 8599
5108 4116
7261 4933
9374 2968
5934 7053
3398 6471
2744 7179
7319 1905
7630 5739
1692 9726
1165 6799
9372 9688
6884 5360
4916 4296
1846 2996
4893 2592
7534 2998
8122 9584
2960 9628
6757 9722
7008 7089
4859 6391
4412 5702
4986 8418
3795 9675
5008 9897
5254 9172
9397 7651
9428 2800
1331 4243
1768 4244
306 4449
7587 6392
1269 6748
1954 435
7482 8850
6768 3091
8392 5099
8852 2640
396 6594
4472 6103
3276 7016
1538 8104
5029 4708
4838 1730
5094 5857
2568 5209
3991 2797
226 706
2815 5086
1905 6585
917 8925
8495 5227
5668 1433
4086 9450
719 8940
2623 8299
4681 211
6138 9461
849 7478
3524 7468
3460 9927
9403 4032
8847 6029
8183 6803
6013 8234
808 4444
338 8467
3428 3973
1835 2032
1955 8550
6072 2398
9962 9099
5227 4292
6655 2224
3131 9644
4387 114
1152 1221
5402 2603
1701 2217
207 5917
6396 3461
8108 1152
6029 8363
8612 3129
707 3988
8893 9006
8943 8369
9970 5203
5436 4816
2258 41
4842 4077
5893 8475
5143 807
6607 648
1254 7540
3814 7018
5392 1511
7580 7799
4208 6945
7363 3600
8316 8621
6728 2860
3214 8716
5571 2947
901 2699
6845 412
7311 6069
7634 5002
3789 1484
6132 2425
6218 3697
6008 669
5001 3733
1623 9450
1962 2500
1301 6955
458 5512
8644 9776
704 2535
2481 7037
8429 6404
5753 9195
5758 9539
6584 9123
175 2945
6993 7076
3029 2146
8600 7225
888 8479
833 2356
7448 8410
6983 3355
9624 3761
4987 5905
3598 7901
890 2109
6516 4643
3002 6335
1065 420
3957 2357
6384 1491
4580 4965
8002 2930
8222 984
2122 9147
4825 8179
7495 7071
3197 9435
2555 5996
7710 8945
6779 5403
9334 373
4380 6782
8119 1236
6221 157
7181 9355
3581 9775
4571 7481
1477 8069
9073 9084
2349 7998
8631 1569
303 4769
2065 8239
8784 2565
2065 1823
2820 7583
3689 3077
3058 6243
6175 162
2749 8871
5490 59
7914 1928
8848 9905
730 9717
1169 719
9101 929
4873 4032
5181 1933
2032 9230
5490 9858
9571 9711
4516 9652
8008 9110
6917 1149
7106 4054
7037 8421
750 8090
1404 212
9704 1380
9514 5420
441 3548
1031 6797
7148 2775
1239 1084
2636 3867
6126 8914
9827 7048
8884 8407
7342 2991
5033 5044
3192 5253
7488 2062
2518 8692
8107 2299
5467 583
761 4842
7700 3638
133 1109
5738 5772
2441 3749
3740 5243
3179 480
6888 4891
7631 2720
5354 5028
9062 169
189 5555
2737 3518
6730 518
8681 6893
188 7582
1305 1680
4570 8329
1275 9385
9528 2793
6441 3798
5753 14
2275 7779
3545 5125
1895 1896
1919 6454
7629 8659
1547 4596
8155 7951
8764 2582
9049 5195
7743 2530
6580 5835
1428 6567
5998 6611
7333 4352
5055 7970
7111 5471
681 4832
6578 2756
3346 1882
7020 9490
1191 3621
2622 7486
7818 610
4238 1682
4415 820
9161 9923
1897 4951
2833 2421
1437 9662
3357 7302
6997 7412
9299 8352
4072 3083
8184 2249
7458 2145
7396 1267
3411 1122
8772 3173
9516 3856
3974 3679
1393 3324
5660 6565
3449 825
9395 5781
3602 1821
3748 892
7170 1863
292 310
7738 4764
4144 5029
1752 7579
4056 2176
6508 431
4706 6230
4269 9639
2376 3242
4769 9962
8188 5000
9748 9467
629 834
570 3637
5045 9079
9315 9585
3856 4747
5506 1560
9396 4097
4635 4485
5082 5928
1961 1687
808 5680
8936 140
4817 3967
8034 7916
9338 3338
7344 1053
1611 3560
433 9940
8714 4642
1928 2678
5871 9013
3880 5491
9852 9416
3857 7951
5363 878
8229 3846
4533 4558
2141 7108
1391 1692
952 5028
7743 920
6270 9661
5365 924
1385 1877
9533 9821
6647 8830
9317 8476
9840 7497
7999 7706
4052 4635
3928 2125
8 9545
1278 6891
9896 4396
11 7564
1060 8129
1595 5255
3054 8916
530 5685
5943 3008
1433 763
5719 8218
4141 6555
9925 6265
4378 5744
4918 3214
7860 4514
8331 6351
7278 1880
7302 6438
5946 3656
6350 8435
6844 5560
6873 4046
6183 2845
8146 4319
3201 2146
5690 9328
5243 8639
4684 539
9487 9422
7235 8599
5518 4148
8322 6238
8824 6634
8643 2092
5895 9733
7757 3985
7571 597
5432 1341
5236 4435
7142 8785
6669 2711
7976 1814
5175 4159
1847 9239
883 3305
1991 1821
8960 6121
5665 761
5324 6884
6716 8569
7781 2477
1020 8679
4573 1997
5471 3147
8905 9797
9924 2606
2864 1571
5593 1824
1610 5512
7878 5793
5000 1310
5291 1459
5871 4020
4016 4523
4193 5159
3290 3665
4910 8183
589 8843
959 7622
3941 1905
6845 1193
4506 371
856 9372
9166 9730
8416 8478
2000 1129
2473 1541
7913 3693
6519 4591
5795 5314
6046 2681
5141 360
4922 5160
8838 250
7504 1953
134 7108
5237 9867
5413 5397
1254 4133
2811 755
7904 2826
259 5302
2900 9872
3355 653
6355 403
4514 612
6883 6938
7774 501
6437 2687
7154 7209
9869 8510
1803 4348
8362 671
2295 4810
1744 7151
8686 9628
7311 9078
9675 4480
4369 638
1168 6991
3105 7244
5751 7994
1761 7505
6093 4725
5649 1301
9821 6934
9260 9341
5431 3293
5773 6440
1496 3265
5388 213
532 3747
3780 7009
6196 4853
7729 327
3962 8743
2152 8265
4464 9893
6875 5141
4892 5644
4386 1342
3711 1927
2083 8845
7152 696
4823 6978
5382 8662
802 7930
9838 8392
2959 9647
585 2977
7993 4695
4732 4581
9481 6842
6809 707
8421 446
927 9507
1020 4036
478 5739
6589 8288
5459 1153
4006 4854
257 3296
1726 1983
7380 2401
822 8932
757 2121
8570 919
6400 8766
9471 8756
1906 638
5897 3981
5360 3776
542 3630
4859 5480
7546 6985
8759 7207
9401 4230
975 6895
9335 5862
1962 6582
5420 7210
747 3281
3985 5855
7966 8510
1125 6839
9611 4979
6226 3109
9746 4615
317 7834
2681 9652
1083 197
334 4805
2545 3375
8613 9260
7310 3860
9132 1719
4255 3622
6937 4783
110 6228
1610 6480
7539 2407
5095 4767
42 1371
7457 3506
9513 1007
7914 7165
4373 8946
3736 7379
9166 899
9710 1551
8913 453
5139 7698
285 4889
5414 3207
3208 1975
8660 5642
7070 9634
2932 9247
7531 8531
3794 2072
9953 7321
9583 2126
2179 7697
1114 7373
4755 1292
8001 3727
9243 8851
5692 1616
5969 4368
6960 1545
9226 576
330 6510
9549 263
6627 6031
3203 4233
8205 524
9822 7777
2011 2636
4662 7894
3139 276
7927 8881
6931 26
5972 7268
6215 4774
893 9067
8978 447
4815 8109
1671 2164
5398 1519
5399 4373
2498 9520
6978 8890
1816 8934
6236 6001
3801 5471
9272 6936
8341 3394
2964 810
958 2672
3731 3197
240 177
4828 1524
91 6470
96 398
2921 7529
9368 3611
648 5829
6100 8742
9853 2902
7903 6551
7775 7305
5564 5729
1913 1296
1983 6199
8886 3086
6737 2388
7764 6392
9137 453
9202 5012
635 9724
3104 6832
3498 343
8224 7316
7356 8260
2588 1061
5020 539
7323 9251
5673 6022
1831 8437
7261 1957
9582 7111
776 3139
6906 9902
7123 1269
405 4135
1546 2791
3380 1411
3046 2289
8679 1830
9047 6952
893 7107
2333 138
5660 8419
8738 8826
7207 3599
9351 947
5097 9245
4256 4465
9794 4900
8214 9580
1105 7929
6184 6884
7056 397
7574 2080
4303 1278
4311 5303
2573 2227
4092 6693
7294 9610
1229 990
6239 3558
4749 2496
1328 7385
9501 110
9310 1296
1231 7452
9780 2908
5352 9363
7605 7378
1251 5071
1502 8854
2555 7663
2049 9023
9836 7354
9485 6373
2836 6370
8182 6635
5911 1598
1549 7919
4168 4594
4412 4954
4099 293
6148 7203
7335 2040
3718 601
6064 1059
9116 7415
1800 8669
2662 7910
3128 9403
2378 8151
2378 1735
3260 8768
3847 6084
2911 4450
3539 1767
4872 9261
2348 3024
5491 4580
5983 5042
8603 4571
4377 2085
5153 2306
8878 80
508 9470
3808 9512
3615 2701
1435 3444
4960 5294
7777 1230
7809 6403
8411 4751
747 8705
9090 5039
4720 5083
1244 3095
681 3921
9215 3987
4098 2296
2926 2075
6221 1019
7279 172
1833 457
1456 4671
7748 3094
5317 54
9293 8027
5377 105
9019 9710
1359 4738
2011 2449
4841 3508
1983 401
771 7197
88 3757
4126 6946
7517 6352
7352 1589
6920 1932
392 7551
8658 1221
5265 1742
4251 9277
4452 2393
684 785
1093 5154
8464 3607
9589 8146
8849 4172
4021 9754
1103 6596
2742 2496
6880 2883
6795 6717
9030 9845
2828 1516
5381 6239
9863 20
1365 365
7120 8005
4880 1527
9522 6143
4940 2332
614 1894
2383 119
2725 3266
8184 1688
7143 6676
641 4471
7986 1703
7084 9479
6937 6019
7587 7067
6343 5280
605 7443
6864 4228
446 6632
3603 4114
4716 7138
7887 4326
5177 8287
9879 4286
8791 9428
5054 717
100 9378
5267 1764
1564 6967
1034 4523
1911 4796
8069 775
3115 9436
1878 2404
4951 2467
1222 787
9401 1628
1030 4000
159 6925
7752 2007
5221 7431
6649 5363
6156 7682
9547 7088
9858 8670
5319 7939
8325 6780
7735 3531
6590 7385
6086 3156
6113 7985
8181 585
5497 3515
2687 9524
5813 7693
5901 3376
4686 75
6554 8859
3722 4721
131 4503
5208 2631
9910 5046
2933 9930
7014 9783
6006 4331
4863 9012
1752 6213
2218 536
2314 7414
6103 1231
3525 6809
7544 9948
9652 7639
3361 5654
8805 2290
243 5848
7655 138
2030 4622
7725 5041
6696 5128
1216 5829
6058 707
3513 9
6498 225
59 8922
9147 3158
7361 3074
1025 6234
8549 765
1145 4084
5348 5620
6251 7114
3727 8047
9921 5935
5119 5568
3286 9802
4752 4054
4719 8078
8394 7243
5870 7422
8671 9995
3367 2816
3724 6995
4030 4069
4123 5014
5277 3875
1246 3385
4115 3618
4359 6230
7155 2043
3904 9033
8813 2881
5951 8700
929 4617
6529 8936
1672 2446
7002 4430
5073 2540
1031 8277
9281 7830
7712 6283
3178 5896
9420 68
8802 1187
7952 2737
1742 152
3080 5738
6647 2926
24 9062
2142 1025
8826 2712
1326 2159
5056 7447
5221 2788
4154 8807
5835 4933
6203 9301
8544 2999
6680 5668
2124 3078
8249 3081
7046 1295
576 9925
2503 9490
9096 6895
7580 6864
4932 5287
9583 597
7000 3579
9715 716
2839 8658
1339 1990
2426 6045
93 3540
280 5618
213 4396
3484 2946
1302 9278
7539 7994
2143 7642
8531 2363
1296 2293
6036 1028
8424 8158
7925 6525
836 4752
8952 4113
6813 4103
496 7313
5527 8506
2074 2560
9887 1358
4102 8593
2908 6169
2517 6513
4998 8916
172 8909
6237 3943
4008 8177
555 1477
5175 1638
1914 7940
7664 8820
4468 9101
1256 5496
3057 2478
8294 8435
4555 5313
7377 2347
4778 7048
2306 1755
220 7795
70 4818
8998 3303
3898 4225
2363 7924
2839 1437
4888 8347
7710 4627
686 4003
7375 8286
6816 4350
8113 5017
6284 325
9424 2364
6468 2886
4852 4903
2077 2053
1519 3223
6397 4174
4158 550
6023 5653
6344 3759
5706 3502
3854 3522
681 5507
5552 9451
5652 233
9624 5054
2380 2212
7545 5849
3961 6802
7390 8944
2557 7766
3990 6042
3093 1330
9901 7025
5861 757
4080 8187
9431 8796
7629 8179
2278 5318
7973 5737
8630 4546
440 2792
3229 3096
5785 5084
9613 7497
9771 8083
6476 2723
9459 614
8368 5485
1952 2300
6341 54
8682 7338
6564 1789
5590 7999
8353 7836
9010 5891
9025 6923
5128 3215
6494 6685
2638 9394
890 5630
1115 8192
4308 6859
8394 7056
7833 2293
9789 9012
8664 2221
1413 8788
6428 9448
9095 4659
3312 1387
623 3973
8033 8770
3098 7285
8 4609
4552 6438
7907 3181
2745 3225
3615 8743
5914 3750
912 7459
3553 1449
9279 4187
287 991
3355 710
5409 8718
3673 53
4667 911
4455 3472
3452 4026
2956 6828
3357 756
1674 2305
4604 562
9819 4316
2643 5550
2849 3174
9038 718
8306 7185
4660 6506
7487 3884
9885 4532
4992 3303
2722 6782
6427 871
4931 8662
7536 7159
5640 491
7911 6282
9968 221
568 9096
2120 8784
5267 5578
907 6310
7347 7637
5052 3704
8178 1149
9215 5841
531 2798
4638 1620
8922 8248
8086 1560
5904 1476
6370 6379
9866 3327
4143 7276
6724 1215
5468 8493
9024 5492
3109 603
3004 2307
7775 3361
8611 3633
6956 60
4225 3144
6002 5394
9610 2583
2638 4401
9859 5539
4529 3555
8799 6313
9613 2854
2388 3472
4401 4309
6992 3100
5080 4597
4369 9689
8631 1252
8295 5467
922 6187
5141 1840
9822 9794
1647 1932
2741 742
3681 5501
8347 8259
3731 4864
2220 5177
3391 8179
6717 20
6904 6262
8841 8767
9431 9764
7401 652
9797 6889
3787 5146
2243 9483
210 854
4318 4782
5624 1031
7241 8284
4497 583
7182 4671
4498 3437
2225 983
9425 8414
8883 3701
2943 7615
176 3872
3913 3915
8750 1859
1162 5623
1695 1922
2156 65
7978 2511
2372 7045
6264 4747
8090 3506
8499 1459
2585 1676
286 5171
7127 6842
8994 1438
6967 2423
9897 3686
5568 3731
8214 4481
2154 9037
251 1952
2780 6281
745 2487
7686 8526
8848 5750
2957 501
4698 3094
3896 2406
5883 8438
2115 414
3083 7221
1520 8872
8335 2906
3412 5218
5282 9911
299 5002
5803 8859
4686 8345
1923 594
3535 6749
1644 1179
8111 4329
5559 3214
7701 1987
3809 5039
6295 6288
9877 2256
6552 437
3343 6929
2410 8976
6230 4358
6574 9086
7818 293
2814 7339
3709 2556
8712 8117
5047 3978
5415 8346
8071 8286
7748 2183
3649 8140
1655 5101
6264 7325
9518 3262
4547 2874
3492 7402
37 7045
8155 6479
4858 4456
586 871
6664 1782
1492 384
2827 4541
3577 2787
2424 6780
3912 5517
1866 2288
899 3253
864 6450
7997 5489
8701 4144
6299 5252
1427 8253
4878 1294
233 9212
1811 4459
8627 1347
4331 3757
9799 4951
8190 8893
1965 5276
9434 100
748 7564
7894 1203
8931 5895
3507 9911
4875 7038
7060 977
6473 3661
5224 1530
4720 3717
3008 6026
8840 2744
7033 8199
268 4860
2948 5194
7394 3482
334 8863
9295 3324
1829 8017
2879 139
4601 5688
7058 3533
9236 6127
4553 1510
9724 9099
1697 9029
3094 7648
3777 5426
4735 211
1978 8490
9690 820
2900 7782
8163 8544
9438 6234
9660 2109
9004 9160
8536 1178
5518 4986
4365 8979
1754 6503
1255 9034
3679 4487
9336 9340
7040 5182
9826 2559
2023 1443
4700 1506
2396 6909
4841 7403
2545 9661
7810 4834
2543 9588
4650 638
3078 9343
4066 7757
3345 7243
7734 4997
3601 2702
2469 1156
7482 1743
4586 6480
2062 3249
5828 8194
5635 7799
5327 3482
6411 1604
1715 2387
5928 8775
5859 6726
6165 7964
470 375
9124 6959
8066 1390
1273 4671
7123 2749
1152 6596
1651 1813
8159 7970
7085 3396
2637 8445
6682 8641
7864 3134
5964 6146
3665 2471
1610 2162
4944 280
9672 4670
2695 9554
8292 9438
9042 8438
7485 1236
5587 911
5867 9596
9255 8731
2790 5627
4003 5849
8167 1041
9879 5148
9815 7607
6277 4741
3091 105
6707 4325
7512 9448
5539 870
4367 649
3714 9129
882 4991
2486 1459
7157 4561
5149 4068
4452 2450
3178 8368
7321 9099
5692 331
566 6448
6970 1702
1906 8697
3828 3000
8907 1955
4480 711
4203 2123
2821 402
7807 2576
207 4071
3171 8328
6999 9987
9549 8777
5662 5003
4289 7532
4475 3750
2303 8518
7181 9469
8513 523
1680 9293
8958 1139
5811 2093
1169 483
327 6058
9826 4332
9074 8669
3444 6393
2664 9436
4190 7903
5274 8277
5060 589
8663 4604
5177 1928
5371 5177
949 9195
166 7803
2535 3549
4030 2703
4548 4386
9930 144
8202 2674
9475 2947
2410 1568
3707 7153
6974 4049
35 6007
5415 7354
6948 2828
286 3374
1874 4971
6103 5476
5012 3931
8649 9028
1185 7378
6531 3479
9836 1613
8781 1977
9870 6859
4688 609
5882 3033
2605 4668
1509 2779
2603 8005
7861 2007
4538 7431
2105 9980
9145 6576
8328 4102
5804 117
7868 8813
554 4478
2044 3288
8802 9620
7763 4855
9315 4543
5531 8818
5992 9967
2814 5192
7733 6144
3163 9510
6821 6816
4809 8833
8078 7310
8353 9235
9478 9610
1195 4659
4829 3823
5983 9100
6143 687
7194 8495
1874 7199
5391 5024
7168 858
9998 4169
2365 7436
9464 8399
1021 2035
9589 6593
5635 8767
4947 4983
396 1983
3386 7461
3730 5019
562 932
2678 9818
5537 5199
7684 8480
3037 9936
150 1927
5874 1586
48 1650
3007 1399
6933 7757
4405 7036
5836 8649
1039 2964
4903 4280
7200 4876
3346 1996
9003 1931
5682 1766
9350 6176
7390 1967
499 8877
259 2220
285 1189
4527 8315
3084 2935
1809 5999
723 634
9770 1285
1837 7266
3177 2345
6061 257
6356 9974
1217 5306
7657 6633
3336 6539
7653 9143
3706 6072
375 301
8427 8537
2083 6918
5471 2643
8189 9123
5283 9008
4731 2079
1109 296
9362 120
430 4145
5184 6750
8151 9770
599 8303
5404 8187
4621 4543
8470 4827
9163 9709
603 9176
3179 2017
6822 8060
5017 7926
2622 379
2312 5815
5956 9831
2766 3541
840 7584
7995 8102
8145 5417
7066 1223
7177 1993
967 3572
6132 7963
432 30
34 5619
1364 764
9359 7712
7962 3431
3347 2890
8835 6214
4568 3727
2753 2151
9389 7554
3821 1992
8852 3185
8888 3596
4251 1576
4870 7475
4870 1059
5434 3087
6950 3118
2533 3316
3314 3881
4685 7695
5988 263
4523 3203
4896 5663
8631 4879
7416 7994
3868 2188
690 3829
3582 8018
3279 8209
4643 4436
7256 6958
6325 3416
5420 1095
4489 3969
4391 1182
2395 3732
7402 367
5812 4359
6528 3775
179 4818
3365 786
9888 3868
7692 4078
5418 4432
1522 4332
1549 8407
7335 8944
2980 3604
3358 9414
9325 8077
3127 6283
1014 1832
9479 5511
668 1195
3689 5232
5313 7240
5676 4848
5332 874
2759 5298
6670 44
1296 8311
7304 9981
6924 3344
327 8449
9883 7257
7450 2636
1218 8428
5177 7352
8038 3560
2000 5431
4607 4755
2122 7114
5797 9689
6912 5212
3899 9364
35 1632
8314 8339
5732 5130
947 960
5633 4370
8284 9628
4270 5335
7618 7323
2244 9174
5446 7927
5162 8168
8469 9381
5192 8010
1453 7140
6778 9534
4373 4709
6346 6871
6941 4450
8144 3582
6564 8262
4377 7834
2947 6823
8774 9613
545 2269
3722 403
9138 8577
2823 8450
5399 1291
6295 6532
3098 3959
1221 1505
6546 3899
7852 6564
8762 9229
2497 8465
9469 985
10000 7037
3996 8492
9316 9788
9371 9495
4982 5325
2993 3384
4331 4806
7156 4767
7183 3180
818 7100
5481 3925
9524 7458
3170 987
6841 2662
6039 1974
1175 4893
8484 2468
5218 8426
1675 5216
6023 717
298 8003
3407 3559
6965 2139
7496 8191
762 6417
1646 3697
9287 3731
3779 8800
2695 9180
2819 356
4565 3293
9482 7582
7013 8222
5669 2067
3779 5767
5833 943
7204 4757
8135 1883
3687 6932
9659 5939
103 715
3453 120
9492 1103
5106 7030
4853 2420
2998 2923
1033 4786
6480 1693
2084 2768
4360 2487
4614 9951
9994 9046
1835 3195
1802 7219
7492 3130
7378 6226
7927 7222
8216 909
6898 2391
8080 3300
8582 4450
1173 3261
1476 818
3796 7225
6002 5451
6618 3505
4223 122
9666 5955
8971 5164
6866 574
6021 2468
4433 871
3471 1426
3011 6137
2008 7445
4424 3037
2870 6686
7111 3788
4921 3843
8437 7859
5171 7401
4109 932
499 664
717 2055
8843 6268
5727 8787
6499 5102
1079 6608
1454 5731
7651 9552
5266 6857
4380 8750
3177 6964
7559 3547
1838 1907
5711 333
9694 3815
3847 9418
8078 6586
4724 9691
9891 4329
233 7496
517 839
8918 561
5750 3644
7049 5138
3995 2873
796 3637
7699 524
8571 453
37 1141
797 75
2978 9356
5050 5138
3121 3248
6349 970
9786 7137
1087 3062
7728 2393
9426 8322
3842 8643
6473 8361
384 1599
6325 5457
657 6861
5318 9275
9937 9935
7408 6360
7468 4159
5823 1274
3894 5800
6822 9646
654 6563
111 2379
7399 5493
393 1311
3916 6498
3016 8685
5306 8110
6684 263
9925 8770
1011 3575
7802 3631
6735 2480
5375 9378
2190 8350
2004 4962
9075 9539
8690 3312
8571 6064
9818 7368
7077 9764
916 1436
8495 592
7846 2398
4831 5723
7906 197
7950 6131
1627 6143
5894 2214
4803 3675
5701 2573
5797 8697
40 984
6633 8969
3264 7632
4143 4568
652 1548
8938 7928
6823 9066
3117 8336
8101 9683
3177 1971
4510 3049
9013 1871
9515 9437
9322 9796
8919 8625
9371 9658
2231 780
548 1575
5964 5585
5971 340
9582 8380
2259 2047
1636 2822
6421 576
7370 9585
6362 3379
6792 9379
6673 7213
7206 1260
4991 5200
7006 448
4270 3188
4860 6437
6797 274
6291 1634
374 2334
5640 6777
6672 4709
2435 9978
2158 4974
2143 3942
4290 7223
6850 6701
4203 7978
3045 5965
5567 4205
930 687
2234 2525
7924 2600
1241 2269
3722 4672
2211 4985
737 292
2861 2623
8895 2508
3692 2551
5290 2584
457 1406
1420 9367
6895 1906
5124 602
9410 8057
5210 376
2718 5728
7141 2312
3648 9045
7211 7215
792 349
2631 67
1600 4989
7758 7384
8595 9012
785 8977
6139 9857
8154 5105
4740 3995
850 1458
7200 6275
9867 5650
6171 5608
1615 3018
1873 1556
3359 9292
771 7766
6070 2523
185 5390
8700 2016
331 5215
4312 700
8494 1359
56 6673
636 2064
4321 1917
9503 3279
4377 5232
1196 940
292 7889
202 9127
6452 3914
509 3393
7469 60
6044 6563
5822 3518
347 4563
7190 1399
2680 4816
1997 5540
2406 83
3822 7080
6934 7071
3952 6372
6856 5660
5478 675
7625 3956
2432 8851
1797 8111
3791 4734
6724 8924
9964 1745
5747 8447
5103 4181
394 4759
3196 3770
1396 3980
1860 2394
7059 5615
8663 2083
2506 8958
5493 1333
4025 6254
6993 831
7268 9926
1485 6654
3993 5218
574 3764
9820 8008
9531 7905
2812 7163
3958 8415
159 1078
8727 6390
2150 7983
1002 5904
8934 6868
2084 9615
7634 985
1061 6484
9490 8254
8996 4713
1427 7773
9703 9301
4166 9468
8782 6447
6365 107
5943 1138
8336 1442
9883 1540
52 4190
9172 9261
7491 7473
8427 4943
2324 6419
9793 1997
111 4770
8392 5888
1136 7947
7237 9054
955 9067
2096 3559
4563 6256
1566 361
3622 8442
6672 7555
5648 7986
8910 4538
1780 2010
8042 4728
6860 3819
7329 8993
1254 6101
538 269
5039 4680
1219 3636
4302 8551
6347 8145
6448 8197
875 6455
9834 843
3674 8201
5513 7919
587 3544
2951 5362
9766 5812
9355 4780
3906 630
9425 5519
805 4935
2207 8062
3642 3001
545 3318
4999 8637
5340 2514
9388 6391
9825 6392
3295 8555
2043 491
4527 8827
3166 39
6552 4763
9542 3825
7892 596
5927 8875
8363 6597
144 6357
5276 8356
5054 9475
5794 2869
8765 4133
5587 5774
9501 6453
5986 3039
2656 7292
791 7107
4394 3952
9898 7809
8650 8532
3273 6702
9648 464
4608 7853
1318 9253
3028 6117
7011 9599
841 3437
1276 9781
8129 6551
4194 6523
4753 8207
5637 5487
6664 9491
9583 9087
6063 1165
7799 3414
2509 9874
1267 2498
1148 1086
8641 4632
3849 5707
9570 931
2235 2889
8265 7536
1202 6984
92 8395
5593 5565
4311 7458
9034 4334
5498 2295
3944 5944
2695 3813
9787 2851
950 3730
6958 3148
514 167
9746 6233
7507 9025
2973 8638
4372 8084
3868 3855
3181 9341
8718 2758
3489 826
4516 4830
5385 1078
285 1246
2647 9407
7656 9498
777 927
1026 8047
6716 8122
162 5727
2213 2884
8307 7738
3825 3377
4783 8742
6712 4970
3203 7006
3780 3634
8919 2640
5128 5744
7523 6875
546 7595
3887 7638
7772 3415
9024 9981
6426 7767
550 8468
9112 9047
1822 9270
5461 8778
5963 9928
7285 294
2566 9953
5326 6109
1351 6652
1943 4312
3923 2757
2775 7848
2436 1212
7847 4878
8442 6219
9593 1399
3866 5606
2434 4522
3554 3799
2327 9563
6317 3636
9889 1168
4013 8285
1270 9854
3013 442
3818 5565
7739 7415
3537 5323
6066 9652
2265 5652
1076 9988
9261 4982
9985 5013
9130 6219
1583 5066
9511 9294
9013 8263
2439 328
5742 9713
9321 2000
4925 823
3271 7274
9624 9356
1374 3387
9560 5399
8650 2734
3309 561
845 1545
7130 5213
2641 3845
2336 9625
3368 7557
4478 6900
1938 2382
7840 650
6568 3231
1485 7540
8930 1970
6065 2610
1391 7124
5464 700
8203 1641
5093 8112
2727 5467
4692 1352
2636 3851
3464 2727
3386 8486
5802 4078
8197 1045
8582 856
382 4830
5332 7347
5371 7275
1099 7854
5813 7620
4647 828
1355 5565
2568 1623
9539 6750
9780 5681
131 4430
563 677
9687 9654
7980 5891
3688 5037
9497 862
7979 4
6007 7112
3555 3195
6290 7400
9435 9029
1240 2767
3862 3877
3616 438
6095 6178
811 4539
9307 3367
6724 9355
5941 5711
2292 2105
1178 5272
9989 3172
2614 7983
7249 2760
9914 7724
6466 5532
7111 8488
8049 369
3945 5982
2047 9067
6984 799
3844 5176
1014 7500
5835 5665
9658 564
8384 6482
9067 3506
5679 4371
3282 6577
5173 5731
9254 5584
2163 2984
5609 8513
9276 647
6762 2268
5084 9823
6699 3417
402 2398
441 7988
9221 6575
4548 2646
8784 4322
90 7007
6814 1677
7634 7832
134 7279
1986 89
2092 1239
7847 2463
5749 4736
1951 5171
901 5879
3786 6645
8581 5841
7201 4193
4167 9720
8264 3690
6085 7287
7045 2899
4159 9078
9011 1638
5771 2401
9575 4420
2978 4607
5179 3243
7073 8330
6857 6985
5080 2483
625 6361
5642 3684
8997 7597
2345 8077
7295 4178
662 8872
7821 3470
3454 9447
1090 7629
1333 5135
9022 2177
2370 3411
5414 4988
8906 4446
8094 2316
8472 8126
7133 3069
6699 5995
8215 3774
9954 6294
9671 9389
9139 9528
4432 353
9669 6310
3965 8057
5224 5214
3751 1123
6077 6621
9917 3379
5624 5333
7952 5242
9266 8522
7164 4260
7800 7854
5062 9767
9324 6248
3627 8412
6172 2694
5645 9593
3899 240
9900 4903
2095 9376
5509 4070
1042 4905
2626 9766
283 1655
1680 4438
4632 7180
9499 772
469 8426
5789 9722
9497 4863
8373 3178
1587 1214
5503 2720
8345 5294
4006 487
3013 2483
497 9693
114 3539
8181 6391
4757 4593
1739 8401
5844 6396
8710 9364
1109 1589
1828 1276
7301 2814
1986 1862
7930 5991
9050 6022
4320 5723
275 1363
4225 8869
3134 908
5162 2777
1167 2698
7206 2927
7180 8122
6865 2634
8506 8029
4676 5543
8659 2609
518 7887
7486 9333
8467 5822
9155 9606
7665 4380
2400 2791
2245 5886
4547 6826
8067 8332
9122 798
5861 684
3330 6862
9987 6726
3643 5107
1838 809
3868 7669
1936 1344
1249 6830
5079 7064
502 3597
5918 7607
4411 3932
211 2667
3700 4860
4662 1299
7714 1239
2266 697
8427 2609
9734 8882
6403 7275
1616 8694
3848 2479
7492 1577
9083 1193
1457 1467
2135 4563
2728 5831
574 625
6704 7388
9937 5454
4438 2695
3381 6396
7046 4873
4988 6545
5886 1279
2749 3675
9378 7153
6828 9117
2308 5430
8883 6393
9470 3709
7842 4965
2553 2982
8189 2040
7253 4570
6470 1680
7872 643
3615 2254
7968 351
9647 8482
5473 6186
8962 8379
6787 44
6530 5114
6998 1018
807 6811
2021 5723
5846 1449
51 7242
5567 2034
3385 6114
5739 7244
272 8904
5967 9323
4281 6437
1850 3397
4909 4508
5442 7223
2285 1073
6357 9508
8105 2692
2126 2514
5956 2748
5051 6843
8765 5182
8138 2051
2989 7992
8446 9751
2627 6822
872 6051
6068 5591
3050 2983
1967 7715
5076 1773
3450 6108
2232 2536
243 595
2209 8002
3515 4251
6034 3728
3892 6453
9239 3910
6663 3899
562 2038
1606 9429
8407 6009
439 9552
5317 8251
2053 4456
3911 1218
3572 1752
4139 9713
2474 5452
5753 4617
1352 5348
3191 4312
1665 3593
9237 6466
2232 9302
546 6416
1948 9543
7803 7965
6676 7517
9446 3607
5523 5094
5621 1465
4900 5869
3599 2794
6834 1687
5620 8410
6986 4710
2930 6607
4802 1547
442 3033
72 1248
7382 2431
3024 3209
6591 4561
4504 1331
9467 8217
6413 5952
9776 8972
9422 2058
681 4897
8468 9644
8422 2883
1983 4410
3853 9857
2974 6505
2108 3358
2316 4061
8140 918
199 8536
736 73
394 5971
5084 6871
8891 8407
3996 5597
9634 5482
4180 1742
9875 2161
2877 2758
5456 5696
568 647
3813 228
2434 8604
4891 4197
4765 8030
7012 2093
1255 4960
5950 6204
879 5612
8284 2895
7186 7349
5034 6353
9108 5035
3881 4684
7559 2612
85 1028
2292 5114
3407 4047
8577 8782
1920 9672
3291 6316
5751 8596
5813 3058
5395 7271
4285 1512
4648 5536
665 556
7671 574
3663 5141
7636 7935
2846 3421
1292 6316
8200 9963
6104 2483
1997 1409
3273 8369
6948 364
4869 8329
8043 9198
2654 9263
2681 7676
9868 3568
5972 9130
5948 2320
1242 2415
8642 108
3798 4403
7184 9881
3951 1235
4577 4141
4792 6015
1110 17
5380 6185
4475 3864
8073 365
8981 2957
920 3303
1510 136
3851 5168
6122 6795
7615 2870
8831 2609
6830 5569
4156 9187
7141 9403
8268 4189
3748 6918
4768 9751
4468 9459
1631 5731
1653 9462
4526 7185
5923 9968
5792 6287
625 5987
4336 4809
4947 2519
7280 9188
7882 1120
4707 2278
3678 8781
1899 9868
9953 5345
8626 8219
4879 1072
6219 9737
3524 1898
7650 770
6412 6345
956 8194
5402 66
2578 6369
5412 754
439 2949
5338 2525
3018 6641
1274 367
2600 4438
2455 7467
1860 3874
7806 8830
8922 4955
8304 6074
6274 3378
8762 536
5522 7715
802 4694
2041 6137
2841 3746
4397 143
7829 5966
1372 2780
4529 262
2342 6250
6151 7859
9682 3138
72 1061
9662 5115
717 4771
5142 2182
2898 7636
2927 6122
9121 4010
8211 5509
6481 6458
2020 722
2030 1410
2959 1873
3678 1560
9027 7758
5414 3809
1496 5640
1427 2837
7528 4698
2578 2181
5004 5631
4854 8316
3042 7011
9358 6582
5724 1756
3284 128
8203 1080
1267 8971
7704 201
8390 3158
8703 1403
3851 175
1416 1897
390 5665
9201 3565
6372 5360
6923 3019
1171 5476
3531 4142
1572 9957
2993 302
4266 6991
1778 3417
8632 9457
2521 492
719 4793
4204 9496
5670 3748
6537 3333
6253 3574
1553 7621
7661 3483
4734 9661
3948 8752
2518 9993
6093 4790
7875 8138
6968 9154
1239 6118
5845 2409
637 1354
4229 4426
4317 7279
6770 7634
6087 8358
3340 6021
7483 6752
1946 7673
8746 675
2971 7844
9688 7759
4185 7510
1881 9907
2339 205
9069 2991
7942 1789
3900 8280
7324 2908
8682 2353
5605 1794
2843 5565
2860 8952
3392 145
8398 5977
1423 1108
6476 4504
4970 273
5379 5396
901 5318
6837 3170
5185 5530
9856 8632
7934 7913
8614 1256
949 2356
7824 2857
570 5743
9580 7236
5741 6916
4115 8245
632 3588
4985 1685
9883 8176
4932 7686
903 1607
2351 8085
6448 1301
3750 6777
3528 7896
6919 886
7072 1882
7102 9638
997 4625
6785 1825
6501 2066
4577 6182
5384 5716
8493 8442
3911 3877
3083 8384
4470 5561
4599 1999
5137 5058
3473 3651
4658 8995
8728 3771
1598 1997
8053 8520
5498 2970
1384 7141
1086 3512
9660 7915
5561 7456
3135 4760
3849 3349
2655 7341
3431 7562
3990 9246
4032 5685
3156 8266
9011 6688
2598 3774
2226 8332
9372 1971
6197 9545
6448 496
5854 6927
8603 8556
2123 7830
2216 4611
6970 3052
4423 7943
5008 8596
8587 883
3893 3247
5794 3089
4199 6737
3136 3076
1895 4970
902 6966
2511 7188
7065 9705
6164 7503
8177 1924
1864 6788
489 7736
7342 5260
1914 6151
1635 320
6898 1082
9694 3311
1863 9569
8947 7992
393 4995
9034 4204
7084 7853
1640 4047
4847 7308
2944 6639
9508 3306
2996 413
3534 7636
2541 9632
6550 749
5803 6184
970 4252
3676 3555
7732 5041
910 3420
8346 7186
5080 6728
8898 7699
6014 3371
6573 5055
7815 3763
5105 1308
89 1177
1799 4457
6661 4121
7186 6975
7430 7335
9918 329
7860 6165
1172 7742
1273 7794
7025 9501
8835 3563
7742 8361
9294 1633
9887 8563
8581 5898
6217 4080
5349 4270
4683 8381
53 1116
9442 7166
8850 7254
4655 6333
3313 1759
3934 157
2877 4612
4502 9474
8852 884
6517 3968
2154 1019
2310 7948
5729 2986
1066 3909
5921 9572
790 8175
4305 5927
4429 1267
5048 9418
5361 7663
3047 5208
4550 9141
839 3903
6501 9100
4264 8555
2676 6958
8037 8255
9491 7408
9894 8579
3044 4910
8779 2476
8147 2007
2768 9930
6932 5122
3148 9397
192 9919
8719 8060
8957 1058
5636 6555
9058 1110
6009 5605
8063 6443
9574 6130
3041 2360
9761 5956
1177 865
1211 6111
9542 7346
9634 3148
5126 1730
1351 5367
8799 6484
8572 7259
8016 2840
941 7189
8945 6309
698 4021
7537 2613
355 649
8347 1664
671 2575
2257 8263
5602 154
6518 6771
3619 1411
8901 6387
8691 2605
4171 1924
776 5782
3520 7067
3673 8063
2579 2837
2682 3716
1314 173
5473 1437
2489 6327
5326 2141
620 8652
4729 4137
9830 6069
3605 200
3737 2571
5851 3460
8618 787
5753 673
496 9525
2361 8212
8830 8025
2853 2258
702 2985
4002 7191
1206 4962
9974 6198
6393 252
5379 7787
7609 7161
150 5855
9732 3632
9572 1465
6430 3517
7607 4082
7331 8348
3317 3301
1223 5316
2501 6687
9572 4848
3091 1268
7568 1121
5926 4923
4049 2469
6110 1068
509 3694
5113 9738
7544 6362
5302 5473
5168 3029
5197 1515
7695 115
5547 9441
2242 5645
7557 6597
2770 5010
5196 8460
1376 6662
3422 3475
2496 6693
2365 7176
3979 4332
5350 8146
6030 1489
7150 1520
8621 280
8865 2892
489 4166
2705 3834
9028 4576
6497 10000
4356 3501
8859 2323
5877 1624
8091 6881
9025 3524
9514 4469
1575 2334
2887 6699
865 3864
2506 9259
7785 1886
1014 954
4312 3579
5962 392
9946 6728
1634 4045
9562 9771
228 3428
5610 6356
4214 6427
3109 7458
6316 4303
5944 8861
4824 2414
5973 931
8337 2749
496 7565
9470 7149
7008 4796
4456 9343
688 7735
6621 1152
3147 745
5318 8584
7681 1132
3355 694
9738 7903
7537 7769
3115 7623
5073 2337
1523 8536
3978 9718
4172 6551
4136 4642
9260 2616
4746 9297
5561 8692
7056 7846
7245 4335
2952 6289
3972 9122
3475 1900
2061 1422
4779 2240
2411 2932
1796 9984
1285 4584
3804 4061
8790 6235
7544 1369
5302 480
2067 2341
4512 9251
6172 336
7600 4684
4119 6516
4327 9471
7386 9828
8093 8000
5266 4206
4695 5171
9113 7827
524 2392
4794 5150
1093 4764
9457 1975
7590 209
4735 7953
2839 8455
2868 6941
8248 1872
7126 5932
9607 1919
364 2110
6807 9370
1427 853
1494 2829
2349 7315
7185 5758
2641 4683
1982 5801
3601 6711
2300 4390
6433 4433
2171 8706
739 6868
3134 7999
2384 2583
3562 6756
8884 2463
3376 7532
5673 8128
4993 8369
8694 2339
8728 7585
1510 9374
3688 2142
1107 1787
6389 6763
1975 4980
1163 2850
9442 3141
6629 3971
8903 9279
322 7869
1580 694
9706 4907
9155 7248
8682 1174
7305 9623
2176 1479
3490 8169
1763 3030
8929 1051
8151 4167
1155 5591
7616 625
9271 4198
8586 4095
1026 2737
6430 2980
8152 1359
800 704
7776 2011
3375 490
831 5652
4105 3719
917 4672
2045 8728
8578 6836
4316 8103
8612 9830
4553 7292
71 2931
1540 864
602 8983
6832 6528
4561 5655
7453 9844
690 2414
2252 3544
2293 5797
297 8347
7159 2981
2372 3646
6977 3499
6761 1400
4678 9623
4136 4910
5173 9602
7012 8566
5443 4767
1122 5427
649 2763
9616 1176
5323 3130
500 2640
1181 6007
3946 1753
3734 3560
432 7609
9233 657
7526 7474
7674 3962
4661 3950
1710 2564
922 828
9309 9512
7215 9275
1236 9097
9985 6119
7991 3080
1112 4335
6241 2653
9666 7305
8267 7859
1633 8918
5207 861
1496 541
3927 3581
8729 3194
1314 4442
2240 1224
3349 7482
2719 7086
7354 8279
564 8825
1593 7240
215 8671
8713 1910
8718 2254
9220 3404
2581 736
4301 8868
5674 7093
4010 5686
7910 3249
2712 7046
9486 1079
2309 5875
3429 5906
4167 2637
738 1249
5975 790
7434 287
4794 9151
6716 7618
8837 6268
9078 2947
8088 8624
7591 1402
5001 9629
9969 674
455 1311
9440 1084
5217 8695
2132 6363
2197 7512
7262 1119
4891 2294
8378 1408
5924 3080
8415 6925
1901 953
5149 51
2962 3787
8867 7988
4796 2407
668 2708
408 1091
8219 6232
8240 4857
2656 5178
2186 6949
9963 6090
6668 7146
1274 3457
6683 8208
7089 2480
8892 5951
6598 5626
2201 6476
1358 9197
8913 3795
6958 7100
5430 5554
8857 6115
1173 3001
1297 5511
9571 5458
2692 7467
139 2744
8827 8158
6179 165
3651 9270
4617 8834
7204 309
4280 9414
8245 1013
3929 2017
6637 7809
6919 6741
6475 9733
5704 3440
9191 8970
8379 7594
9678 9088
6197 6756
1775 6610
3050 8464
3148 4835
1933 7950
9177 5130
2587 72
2150 71
9056 6301
6565 5462
7275 145
5599 2865
1366 5624
3004 4332
8401 8292
3260 2043
2456 6944
9768 8200
8884 4504
7669 7619
3536 7576
2949 8008
4403 7161
6392 3440
1147 7391
5151 5334
1694 7560
4498 9650
8426 6255
143 8474
821 1744
5029 7034
7228 7095
1187 9449
8107 8195
7381 921
6732 2727
9851 3889
6074 4447
8603 4612
879 8515
9659 7102
9562 7169
7726 7722
553 2114
6139 8979
2964 7885
347 7873
8797 4104
8272 1250
5061 1253
3696 637
5779 715
8833 728
6100 9401
4125 750
1074 7828
2072 514
1607 4127
9383 3797
3929 57
2096 4291
5828 3990
2070 3070
4866 4545
7170 2148
9649 2226
72 2541
9196 1692
9566 471
8561 198
4980 5586
4300 5073
4073 6602
186 2828
313 4855
5535 3364
4542 5360
8376 7965
2022 6412
5825 9704
6211 2600
7990 1513
9638 3915
6092 1188
4697 9031
327 9075
4105 4955
9351 1606
2610 9184
1110 3270
5463 4777
2784 3887
7178 9155
8974 5039
7329 2154
1415 6535
5990 7677
7862 2617
8905 738
2380 3245
4985 8158
9384 6600
3150 2897
8380 7683
7136 5896
751 4276
3557 7193
5856 1446
10000 5785
6569 9232
9626 9516
717 8829
4552 5243
8373 9895
2666 5709
9056 503
9954 2407
1032 7120
3924 9057
8089 7103
7528 8756
1663 3230
2103 9918
4009 4442
4561 9119
4853 8739
2011 3913
3014 2605
9817 8710
5001 2221
5658 1030
4589 3216
9381 2895
927 9174
1292 7609
2996 1275
7112 3566
443 8603
6446 507
5606 9915
4140 9247
1898 1942
9869 9250
8656 2612
9958 7787
3246 1800
1711 5499
7946 4142
2311 7938
819 1885
3393 4479
6502 789
3634 1158
4318 4042
7551 6272
7098 5738
3854 9011
2509 2
8219 2207
5936 5481
125 7331
4716 1836
2143 6260
3781 7220
6067 7627
4565 7302
9885 2182
8168 4901
5872 7159
7706 9943
8828 221
6982 86
5335 6954
9982 9662
2315 9935
8695 631
5021 2822
162 1921
2264 6937
7383 3813
7603 6031
2221 3857
3408 5110
8131 1986
8684 9517
3273 2441
33 3204
201 5232
8935 468
9802 6469
3233 3042
9841 6397
1775 2235
4206 3777
6933 9619
7571 3460
9827 8219
4046 1610
1153 202
6165 1345
6504 811
1650 1008
8089 8526
4204 6333
5792 1514
4564 260
4327 4454
6679 8921
1419 7676
2813 362
4543 9182
9201 5663
5617 1698
5555 4984
6334 4722
3253 9679
8852 3974
6794 5646
8860 8753
8225 8013
8264 771
1564 4243
7952 9544
7171 9733
7141 6858
8843 3861
4729 1616
9247 1470
4348 1924
502 5321
3731 5897
8085 6848
5825 9517
4230 6749
7308 7156
4013 8212
6938 6125
3571 1451
5529 1827
7828 3250
9727 7183
6492 8290
1712 4464
2013 7610
4384 4183
4692 2084
2789 661
8301 9297
1924 5286
8452 2296
8015 43
4938 2490
4869 6857
9568 3339
7699 7916
2346 9890
8722 844
509 4556
7104 2788
5330 8383
5889 3651
7358 4590
6011 5334
1773 7749
3307 6077
2746 7730
8531 1249
220 7836
8656 197
2119 5353
2862 8844
8896 9483
6470 6787
3514 893
4506 7340
373 5045
5132 4584
22 4064
5275 4138
4349 940
3416 2987
1919 754
4154 472
2975 9660
3319 9470
9730 5895
9943 6942
7642 2440
8273 6444
5928 8840
4183 8757
1501 1934
2034 4649
7581 2918
4088 5487
7634 8214
3969 8239
5963 4862
411 3243
1324 6179
1849 2617
8540 7727
7136 7937
7516 7404
1842 1446
1995 1688
4464 1802
6762 3000
3300 4882
5516 386
9812 8529
3081 6272
6880 7193
472 3869
3705 6099
2589 2777
1082 2108
6691 1255
5224 9784
1857 2104
2701 6401
9617 7657
5875 854
4216 6961
9264 3597
1428 9511
6213 7265
9009 3078
82 7447
3225 6751
2910 7679
6246 6624
1656 4450
2507 3502
2166 9625
1070 2074
5077 5196
1407 7129
411 2438
1006 369
4048 5283
9753 7144
2781 8208
2623 6868
1102 6493
4922 5258
7343 1194
3369 5345
9804 6328
5232 9621
1330 4815
7502 8771
8462 5137
544 1627
2880 7813
7928 4449
6952 3416
4121 2886
759 1966
2316 2752
9193 4080
9227 3664
18 9101
7943 4730
8476 5193
5807 9155
2631 1043
203 8100
9498 1683
3802 1039
1806 3589
9399 923
2619 9327
1688 3533
8971 6303
900 1797
2825 6951
2021 4682
1080 452
8085 6661
8933 2786
653 8686
5407 7127
1613 4298
1606 3127
5442 9565
6531 7277
3756 4427
7242 687
7266 1081
3632 1917
7362 7205
1197 1387
3103 2327
9316 4429
9908 2089
3029 4098
6399 9043
1382 386
456 7768
2505 4852
9870 9152
546 3497
2320 2066
1754 6381
3409 6948
7476 8623
9095 6123
8374 9773
4950 8729
6952 9377
9619 8752
3211 6182
972 8974
3271 3981
1428 3363
163 7115
9905 2141
1252 5581
8473 6719
9523 6011
397 2623
3490 8226
4860 2770
9618 8500
6440 3725
9391 2859
6003 718
4165 4608
739 2737
1802 6398
5090 4171
5315 6733
8214 5677
4160 7647
1887 8199
3532 3914
3563 3227
5089 4700
8291 6863
8420 9717
3246 1076
4333 5131
5427 3941
9666 5134
3893 8996
6195 9936
844 2157
5672 7909
7728 5410
1228 8913
7966 7453
1658 8497
6393 6888
1489 6998
9240 4918
3173 9057
2705 6737
7529 4419
9683 2455
9774 8989
8124 5760
6374 5333
1422 8405
7750 9491
2743 6440
747 8990
310 6737
7591 8680
1710 9037
650 9057
8525 3071
2768 1774
1546 7882
8382 2793
88 659
8297 211
769 4026
4996 7114
2871 1148
9167 2696
7204 1976
4435 1570
2687 1970
8468 4415
6102 5934
8135 8901
2435 968
9685 5510
8441 3723
2954 9669
3016 4131
3542 9839
5259 1458
4199 2232
6886 2983
1401 3340
6404 9655
2608 5999
8120 7465
8340 5519
8917 2147
7050 381
3564 4875
2514 5583
7924 3389
2949 9675
8052 2608
8143 1972
7642 3676
9481 7558
3447 503
6807 7012
4252 5626
2356 6128
7547 4570
1816 4494
8913 8040
9265 6213
1445 5490
9881 4267
4554 5964
1013 3581
4803 2504
3681 5810
1351 9238
8875 2271
6333 8260
7909 8342
9838 4570
2341 6944
378 6224
3580 1971
7160 4282
1802 250
3522 8382
3152 3187
7402 3815
5208 688
5318 4266
2587 7350
5634 9198
7341 5791
4261 8721
4879 1186
9713 5972
3541 5399
2025 5368
1772 4922
2919 2612
7050 5992
3261 6513
1074 9495
7736 3287
7111 9651
7830 9338
3733 8952
2844 748
1207 9058
5459 4097
2532 9521
2503 4619
5462 3614
8135 6941
4799 4990
4129 5919
4800 8598
352 7231
9944 4942
2024 605
538 9084
3716 1027
7045 5217
6639 4529
2613 4383
844 6158
3614 7166
2714 5189
7137 8189
2061 7253
2455 10
7522 8030
7804 6962
2427 9296
2389 8812
214 6893
4293 5919
8114 4909
4227 6053
2637 2875
6248 6751
9789 2718
2478 8480
7650 3462
5616 9692
1228 8376
7794 6624
5653 6541
7769 8257
546 5538
7772 7774
2504 252
3040 6648
7 5260
5019 2239
7388 4401
7514 568
2780 5785
6017 3970
8123 1588
9611 3735
3490 3851
5298 8420
1652 1325
7557 6280
3882 699
2638 5328
8055 9940
9576 3899
8084 8426
6429 4853
9056 5553
3760 8815
3977 936
4753 1157
4224 7229
3572 3102
1104 180
5282 9765
7987 5460
2042 4112
108 1878
7293 7523
8048 6867
2095 740
8175 8140
2938 2183
228 6144
3464 7891
9281 9993
9229 9803
1058 6601
3800 7059
784 1114
3710 8297
4990 6331
9909 7283
9498 5497
5320 7963
9129 3156
2030 2947
2589 4631
3577 2291
6350 2816
5978 7374
909 9861
6475 1764
1239 5077
1837 6689
1057 2562
4782 7506
3445 8938
6499 9705
7244 3443
6833 2411
114 1669
4754 9622
6249 8776
2915 6494
8088 2078
1696 5703
5273 7743
2420 3482
3036 1536
4834 4663
9173 3054
8762 1268
541 6617
3841 243
9350 4444
2473 110
4178 3046
4874 7445
2945 8965
4270 6018
2778 4129
9171 5610
2838 4180
2310 7444
2866 3195
8659 739
8693 5985
6225 9479
4202 1538
7715 8289
564 7890
4632 1122
2699 988
3509 6455
8397 8094
3292 2256
4762 9459
798 6781
6722 836
3043 4935
2076 982
3346 2492
3357 6034
1552 5900
4749 2057
4685 6768
6862 92
8725 4368
4468 1815
980 9646
4717 8935
8139 3490
7631 8941
3775 7486
4303 7605
3654 9411
9217 6678
3085 3252
6020 9023
657 3893
8260 1915
9554 3819
4831 527
2337 9216
434 7793
5019 3207
7412 9927
7040 8069
2553 7528
9712 7788
7035 1309
8556 1684
9270 1027
8523 5708
8550 1869
7529 8233
7117 6976
3848 2837
1107 315
9828 5869
6182 5944
6798 3998
9320 7156
397 2599
4002 271
8394 3958
3556 1682
2793 6584
4273 4706
7979 5436
4025 440
9883 9713
8443 3850
7047 8085
8661 5241
2279 7302
3743 4891
3099 7041
8598 4138
7065 2248
1285 9073
3460 8740
1039 6388
4015 6518
8559 1931
3637 681
3389 6995
2169 9766
6646 3203
9667 3076
3882 3895
2910 352
7123 5986
2326 6717
3200 7473
3322 9156
6185 1273
5994 8875
1568 4823
9324 3841
7142 7167
7821 9707
1195 9156
4774 8613
3719 2561
7790 1726
4501 5980
6858 4375
3434 3331
7904 2013
3621 5409
2895 8715
3647 4378
3146 6082
9904 5998
3082 4377
3273 1693
4978 4629
4474 400
7285 3661
4117 5990
4989 5919
4165 8690
3389 9223
2652 8930
3923 6124
8365 9928
9917 9616
182 2929
2174 2889
2912 6036
5467 1006
5754 4446
2695 8253
2397 4624
7591 7501
7674 2840
7302 7398
8336 1239
7921 9133
4287 4307
1355 9387
202 548
2104 3998
1352 2673
2780 605
5856 4349
7110 1162
1695 9428
4623 6858
2531 3284
418 4495
3862 7699
4361 2162
1754 3592
4493 4533
6843 8173
628 9408
1120 9870
9919 6255
9934 871
1964 7751
4517 6058
3292 8485
2459 7730
2793 436
859 4618
6810 9164
831 8986
3231 4045
9919 3222
7121 4330
3981 3045
2976 2772
3229 966
8927 1656
1198 7467
7299 2912
8240 4890
3787 5431
2414 790
7210 7004
1004 7601
1382 6241
5805 9995
7266 3903
6946 8651
4114 349
5369 4180
4490 828
4863 5540
2595 4184
4484 2511
6196 202
3059 1844
5380 582
6570 6270
5911 7388
4199 9697
1396 4045
9018 6281
2777 8547
8751 9135
9804 7190
8780 7621
9492 6137
1742 3901
7427 4386
6563 2066
8304 4659
2602 3069
9479 4397
5755 3061
8143 9437
4939 3441
840 9398
4340 8774
424 852
3096 571
4278 1480
6621 2421
58 8608
327 919
3343 448
3723 669
9411 6333
7231 7076
1135 5559
9913 7483
2346 4954
1482 9804
5340 1506
8421 5594
6981 6147
4154 3107
7860 7247
441 1206
9159 3079
465 2731
3367 6110
1474 5375
7630 6943
2269 3394
7969 4157
9686 2192
9156 6164
6823 5911
5173 2682
3056 741
1836 3512
2108 1756
1865 1998
6009 6337
6630 8899
4970 818
8115 7365
302 1397
3636 6685
2165 5673
2951 6582
4284 7660
5681 9689
170 5415
1293 9127
9887 8490
2540 8179
3438 9329
7082 9181
2724 4324
4718 947
8875 5548
7892 8232
9723 919
6145 5070
6704 6754
9073 9670
1014 263
665 109
2678 946
995 1741
4463 3057
5920 5891
254 3958
8786 2443
8683 5728
3079 4673
1088 7567
9715 3660
9436 4245
6346 1569
4556 9637
4272 9878
8310 5897
908 5879
9340 7166
7805 4449
6072 219
6846 9439
3634 5834
7396 9879
6415 6220
5192 3058
25 5010
1305 6454
2852 1634
9352 7176
5312 3914
9581 7228
1551 3477
744 8107
5835 3689
8802 6709
2171 2404
6030 3376
9641 4246
6611 8791
8082 7551
8982 5364
8039 307
3899 9673
3379 7917
8854 3866
6603 5897
3936 106
422 8214
3306 6126
2771 2584
133 1695
6012 4675
8192 4686
2023 7794
8031 9464
1381 4355
7162 6800
8781 7710
6500 1231
4710 2883
1300 4955
658 1516
5513 7179
664 4714
8617 139
8470 7259
1407 2543
9528 6412
4519 8950
7002 5764
9767 2264
2826 2641
9868 2316
4666 9377
8021 8372
1049 7938
3666 3786
4810 8375
5216 2647
18 782
2165 4063
833 6593
5065 5861
7928 2896
7016 5820
4838 974
7704 3942
7580 1432
1816 3128
3932 4844
9451 9733
8601 4867
3776 7714
9349 3040
9101 2938
412 305
6614 8634
8316 5637
7036 4193
7293 8922
867 885
5543 8495
9471 8106
3645 8170
1907 9258
5476 857
8683 4118
3820 65
7997 6042
3267 5743
1457 1101
9053 2116
2945 3248
8363 1669
56 5746
5133 3120
7117 3219
1800 1440
5351 8675
1609 1872
2137 4243
8212 4883
2658 3191
400 8939
8239 2542
4127 1124
4034 933
9135 7783
2359 6507
1535 9278
6022 3403
3591 363
4845 7756
6715 1869
982 5130
6176 7253
1283 6024
8762 5700
412 2533
9224 3287
760 9632
5834 1073
3153 9936
8943 1547
123 5813
5520 3357
6475 5041
1437 2677
2280 4120
3920 5907
9814 9919
8008 515
6600 3989
2083 6235
2748 9069
2325 6522
7658 5771
4816 945
6259 7079
2548 1841
8487 2620
2260 8756
7392 175
8013 2737
2035 9577
1391 5311
8074 4144
4684 8346
3037 2382
3131 8433
1063 3001
9869 557
6541 5637
3523 4527
4144 7843
7072 5273
1220 6368
933 676
4184 9871
8154 2568
6822 4344
2066 5076
5165 698
2742 8099
3399 6154
4366 2937
1131 4044
6843 2188
783 1082
6041 746
6634 8430
5266 4133
1155 6323
95 6343
7803 7599
8049 4622
5772 5432
1859 1191
7122 1953
4906 2285
7395 9467
5967 5119
769 5506
6958 7214
487 158
8073 6147
270 1621
956 5332
8359 5952
3743 2557
575 5640
7892 7240
5151 9636
6383 3492
4555 8070
8936 1799
687 2848
6480 392
6910 5638
189 2571
5765 1578
3244 8444
3984 8254
4796 1716
5508 5894
2301 2633
3113 8927
2113 9752
9530 9304
8840 8103
1186 7083
1093 3886
4011 628
497 3074
7995 6964
7558 547
6646 1219
3127 8983
6874 9714
5488 4868
2442 8880
3791 2547
5097 5212
8980 4326
7232 562
6433 9971
3131 9856
7665 3827
729 5302
2193 5143
6527 3190
5643 5156
8855 3099
2871 1823
5023 6202
2256 6623
4677 5565
1824 6966
1664 3301
4029 1557
8664 9166
4213 4118
7824 4988
2218 9522
4083 8209
7691 5398
9711 990
7226 7513
9611 3792
5362 6018
3361 8224
4481 8255
9679 7868
1217 2208
7898 6630
1652 7798
269 3223
6442 6650
6098 424
2183 8188
9179 348
5882 4741
7647 6230
990 2202
9823 7997
8918 5676
4570 1507
9322 4039
6462 4269
4158 2502
4906 7091
2819 3861
8048 3541
9171 9505
8884 3813
5365 5161
4460 2840
8923 2987
1824 2778
5934 7533
7706 9439
6118 3678
8945 7472
3470 2101
2627 7074
9385 4738
8191 8730
9199 2104
8793 662
916 4323
852 9034
2717 6967
9503 2515
7235 7575
726 3445
6985 6646
8348 19
2988 5740
7007 3961
1312 1290
6881 5542
1528 1854
7340 3612
4110 2811
4201 5181
1030 1577
6594 5485
2399 8728
2793 7901
6105 3042
2139 7111
1991 797
4324 1050
3112 7846
865 2449
7842 1729
7618 6185
6379 4742
5995 7785
8080 3772
671 8999
8799 3459
3510 1476
7555 1672
9475 5728
8262 9670
7830 3597
9203 7484
9222 6036
4134 9971
2045 3662
8286 1396
7577 3151
176 8239
644 8307
4192 1281
3663 937
1068 3158
4189 983
5395 6450
9648 4343
7512 5358
9243 6509
6762 4106
7660 5256
3021 6573
7262 4429
8442 8675
627 9050
7910 5404
4732 7045
3801 1251
4852 4895
7932 6883
6913 7658
7787 4250
5844 3428
8624 7376
5725 2016
3165 2538
7748 1289
8924 4635
9695 3758
5097 5830
4340 3407
9885 3101
6733 4465
4749 2114
8231 9552
9112 899
4664 5948
2389 9837
3628 4864
610 4508
2938 3663
7337 9275
6981 7196
5393 5599
7609 1103
6917 9655
1010 4627
475 1839
3460 6219
4922 9397
4239 5957
2100 6701
4208 4392
5180 7935
1969 7184
8910 391
2468 4653
9806 714
5578 7981
7947 3727
292 5515
2830 9206
8625 407
5853 3490
2026 6937
1336 6490
8554 1695
5699 9439
5221 6431
6697 1371
6408 1268
933 3067
9983 9651
9341 6212
3986 5861
5342 1473
6472 2192
5844 9039
9018 9908
4221 4223
7371 6950
24 6639
2701 6702
2049 2575
5806 9686
3812 2483
2301 2796
2353 2986
1019 4689
6858 8270
4834 3110
4804 4399
7362 3050
1567 3181
2685 8801
7384 5283
8251 7120
1878 599
2036 8355
6477 2135
5241 4373
6695 7690
4339 5733
2930 5599
1192 6687
2517 3740
4674 5457
1687 250
7525 3229
4426 1945
3708 5112
8923 2450
7224 9882
774 1451
2453 3166
9266 9205
2229 3458
2881 1169
771 6815
6772 5062
8706 1634
9167 2029
9165 5366
6030 4425
8958 8271
4466 970
7449 4523
9079 9729
1657 4171
7357 4934
2283 661
4270 6693
8007 6736
5897 8218
7846 5098
8561 6541
2331 6744
968 9961
9564 3735
3578 8802
6601 3086
3493 3968
5203 7248
8933 6120
1248 9197
9452 8405
2079 9125
4596 4769
6342 8460
8773 5084
9917 9673
2878 7263
271 1523
8886 2517
9605 1450
983 4203
7839 1244
2949 9358
2104 7088
7419 1624
8264 9529
5872 5663
2629 493
2930 3639
2501 7663
9781 4500
6830 5366
469 8304
3397 5734
9684 403
2368 1657
2096 3413
7727 6291
7311 751
4886 7325
8872 8072
2714 5677
159 127
5510 7152
133 5322
8773 7312
6846 5495
1180 9978
1307 5589
6715 2568
2730 3177
9897 8216
5809 7192
7089 2220
8357 2149
9676 5773
6333 9821
2294 6407
9130 8488
6337 9940
924 6201
7180 4967
5775 7958
8514 3237
7819 1692
826 9049
666 4630
4124 5258
8945 5675
9470 1359
7083 4253
6543 6783
9409 3335
7723 5367
4268 4256
7635 2514
4741 4668
8533 4418
9214 7031
6449 4869
6979 1651
6509 4920
5570 3769
4205 3153
6235 5849
2840 9707
7214 13
2205 2551
6757 8405
8068 4998
9734 2344
5699 2836
9766 4511
9678 8828
4358 1116
6402 3518
1059 4682
5968 782
4125 4328
217 6847
492 8772
399 5575
3257 4518
6192 3119
3384 4293
8669 8786
4259 3739
8693 512
8228 9043
3371 2553
7954 9972
9346 1831
9750 5856
1319 8177
8667 9090
735 8126
5680 3883
9809 20
3403 4693
906 8947
9287 1601
4834 6306
4791 9642
1028 8378
4605 6254
9720 4866
8565 1616
1304 7495
1749 941
7788 1924
1802 4739
9217 9126
9207 8438
7438 3797
8713 5651
2701 8743
6779 2663
3800 7897
4941 6553
4882 5192
3535 5936
6310 9540
3005 3492
6927 8950
6363 3135
222 9045
6395 6056
2966 3914
970 6464
7236 6672
3502 4648
3125 1692
6235 7272
2438 762
7909 8643
5227 1820
1011 6438
2336 6901
3112 7122
4958 7257
7009 4414
5722 5963
5758 1456
6949 199
2064 8657
7528 2535
2710 2389
2923 3436
6467 9500
4638 4808
4736 1933
7212 3992
9268 5657
8557 6585
331 9338
4284 9945
524 5946
3762 4356
3227 814
8550 6545
585 9605
119 1696
945 7696
9639 5011
6710 9608
1173 3359
8291 1366
393 6402
4660 2473
6272 2966
5121 1370
4704 2021
2188 9231
882 9976
4053 7164
6551 5764
9870 9266
5419 4218
8318 3162
4324 5937
1161 8610
5954 4727
1651 5993
1370 5751
7936 3999
2979 311
4637 7565
5669 4743
8892 2121
1087 7348
2575 5331
8055 4630
8624 7002
4347 3073
3395 5070
6709 8982
8269 8531
1891 1666
4688 6749
7494 9666
7083 3716
3664 7180
5459 210
142 4847
1298 4535
7274 1032
135 1424
6960 2562
8859 6495
7771 5221
3163 5851
8230 9707
6365 8768
8197 7315
5205 5928
2371 7379
4954 2145
6297 3911
2964 7893
2190 2837
1469 2323
4531 9367
6634 298
1974 738
909 1168
7163 3271
129 3457
8625 6449
2550 147
9645 2866
8062 1613
1312 5722
2370 4875
179 541
9712 7471
8530 6562
4160 190
8301 7264
7864 6509
4818 8269
370 486
1547 1051
9170 479
3246 3418
5925 898
6590 2978
2841 5584
1132 8164
8315 904
4304 5954
1845 7282
3925 2925
8135 5632
3281 9239
8350 336
163 5269
9096 4098
1257 4079
1498 4
9407 6434
307 8431
7473 3446
284 6727
3914 5395
4789 5595
8120 4196
8994 788
8114 6633
2982 8017
9150 4684
2631 7036
6420 853
6741 9539
7978 3739
822 2996
9411 2015
1037 4870
3194 8839
2010 5605
425 2771
7827 1291
7486 998
1095 5225
9345 614
4023 9071
8125 3385
7722 8630
7414 8477
6972 8132
9905 5906
8289 8677
3361 9891
472 5219
1370 6369
2834 3958
1774 4732
1870 4440
1030 7432
1056 2237
1080 379
424 5178
5353 6818
5131 7937
3634 5704
7001 6968
7333 5263
3415 678
4031 2896
1350 5343
768 1955
5162 6469
9443 7164
9363 4926
1815 195
4619 8701
2995 4441
9455 7898
3132 740
8297 5131
5654 3898
1876 1602
9444 569
7844 3873
3090 1268
8253 1826
7074 7604
3903 4000
9777 6636
1747 2885
6162 1860
4807 8348
2242 9280
6392 4766
7687 8770
5509 3924
7540 9474
4137 2891
2547 6129
6406 7855
4051 6500
9051 6128
3447 5073
2084 1874
329 7519
7037 8072
7149 1897
8178 312
1698 1838
2668 4554
9351 3387
6646 7692
3917 1023
7716 8360
4003 43
2382 8886
957 8219
551 3367
9128 871
3159 5545
2686 2881
175 4019
8568 5378
6338 6758
6109 6706
3089 9687
8349 4516
7485 2196
6790 3657
2844 9856
1509 5699
7877 5460
7921 4978
4086 2148
467 6298
7158 4992
9553 6123
2397 5380
1161 1202
1708 7787
3215 2040
1936 7614
8488 9936
4986 6727
2173 387
4358 742
4385 4817
4794 3524
2865 8050
8397 369
4164 9544
8276 8710
1922 6403
6497 3381
8236 2895
9108 5076
8229 1724
9944 9512
6871 9449
455 2100
7895 2602
2404 5396
1724 5637
845 2285
2782 2538
9726 924
6140 5214
7821 3592
9856 6632
3595 7522
4801 157
2645 5458
3240 9051
5867 3335
5399 1015
2089 1039
1758 1434
5729 9817
6225 599
8401 3120
8936 246
6974 1626
317 2516
558 5611
9183 6539
3990 5018
6838 5902
6712 7483
4871 7692
177 9302
1170 890
2047 7579
1608 6751
7922 9659
9080 3758
8667 1145
1392 3154
4964 686
6586 8283
7489 7525
7756 5425
7637 3259
3564 8185
106 1141
1451 3734
885 879
7974 400
2655 8374
3532 2231
4497 5357
5951 3756
8602 9768
2031 8924
940 3969
2590 4192
4610 2036
3997 4253
4833 7935
6884 5092
5738 430
965 4965
4386 830
1182 3502
5259 3613
1119 2399
8001 4825
6664 7011
9183 5734
8679 1505
3078 6383
6189 3520
9205 797
2553 2031
9147 792
6624 4579
9115 7670
1915 239
2544 7580
9459 1818
5725 5456
1326 598
6274 6452
1265 2574
4997 2273
4402 9977
3251 9135
3313 3597
4844 4660
5178 3782
8975 8040
3899 9356
2999 7379
6982 4445
7940 9810
2090 5316
3246 5004
7845 6540
6826 7315
1429 3355
6568 2361
2461 1287
3087 4193
2932 3124
3124 9710
9404 6618
5039 7006
4643 590
2112 6768
997 7081
1468 6666
8247 7459
3763 19
2952 7159
4352 9459
8337 7352
710 608
9980 2994
3846 5157
7089 1659
800 6917
7136 724
4066 4342
4716 5390
5798 2685
7239 4986
315 9504
9069 454
6820 4810
8759 5890
3828 3423
4607 909
2163 9685
6917 5874
9491 5058
4585 9229
8193 2
4700 319
2795 9403
1556 7960
8314 7876
4506 2705
8155 7065
8454 716
356 8350
2720 3752
4000 1786
8076 1295
1231 2134
4245 5000
5029 9246
1323 5106
6359 6643
2586 4691
2558 9059
2167 9403
8944 7117
9164 9335
6728 1787
6022 6469
6425 1978
2531 4203
7787 7958
8405 423
3549 9619
6673 4709
5816 5088
3885 6535
1058 3495
4043 3711
2589 4558
8494 8759
8313 4217
5140 6202
5324 8763
8834 3165
298 7190
5571 2224
9539 3920
590 4558
5748 7778
1230 754
4101 4066
7294 3487
4128 227
1175 4430
8260 8713
7645 7851
8607 126
2959 2182
3533 5652
5893 9980
3966 8163
5738 243
1870 683
8432 3693
6047 998
6935 1460
6286 1014
2762 8434
5193 5058
3104 5165
2431 2413
6466 6085
1793 2156
275 1298
3974 5021
9641 9808
4013 4195
5972 1763
7343 9741
3506 6084
4354 7871
1706 6294
6861 5833
9080 9182
8237 1323
6564 9222
9515 8356
7149 5711
1294 7289
6060 7999
8611 9643
5533 2066
8663 3417
3723 1588
4520 1932
9755 7816
1531 62
9101 6272
8858 9520
5059 6347
2532 6228
536 8778
4700 3970
3309 9303
7941 6815
9651 3679
3124 9523
6199 3997
1426 2870
5512 3067
6622 2410
9553 9937
681 1181
8805 2315
8304 4773
2106 9395
2230 571
2440 2101
9511 1016
3812 8769
4256 115
6890 3514
5589 5357
7015 8878
84 9943
6948 486
8784 687
3319 2420
9382 7961
1326 9405
2190 5309
3039 9950
3347 7851
9720 7956
1165 7767
8524 2453
5944 5706
2181 4442
8836 3479
4646 7066
4851 3334
6824 5496
2655 3544
1738 3872
3914 5639
8623 5815
3676 6979
8158 760
899 3302
9264 2613
688 7963
313 2424
7997 5538
3816 8487
9332 7443
8518 4486
2425 7404
3411 4237
7955 6066
2631 7280
2008 8055
1668 8364
5400 3899
2809 2856
7081 6441
8161 7073
6199 8453
2350 1753
9437 6863
9753 9543
3831 2729
1917 8287
73 2563
2409 8749
410 5366
4463 9587
7192 3424
3484 9037
1039 2127
2129 9863
3676 9207
5512 4490
5011 6948
9056 4138
2650 8811
4233 3648
7122 1904
2294 316
1488 8554
3831 3079
2983 1292
9022 2275
4657 9079
248 7640
1733 1942
3539 2678
8611 6878
9547 4348
1170 516
2573 8749
1665 495
825 9149
1580 8493
6083 3151
9788 3656
1701 3535
9660 8574
3970 2083
5487 5722
2288 6486
5392 5862
8563 3050
1498 8087
1653 5746
1971 4335
445 3616
1154 1861
104 3323
8230 7536
4961 3397
8636 1808
8655 6022
4419 2848
5208 9690
1125 6758
5297 5975
7943 7479
2236 8955
9622 8440
3547 6302
5200 6042
7256 3543
7908 2008
4293 2894
401 5946
4384 3012
4917 9891
5655 3212
7248 2901
4414 5106
6365 8475
1167 8862
3883 8099
9081 2050
6615 8623
7606 9964
302 6317
2945 1134
2759 4916
9173 5022
6671 8932
6156 7520
2660 4156
3976 1847
7212 3594
6214 5246
4968 6042
8452 7891
1348 7338
2652 3514
2536 9947
9157 2984
6516 2578
3204 1775
4807 4404
7049 5293
9165 593
7415 7336
450 3155
7076 700
5667 3572
1291 3771
5944 6324
6599 7716
8259 5217
2994 3628
8099 798
191 5146
9088 8482
5418 3245
4893 1145
5385 8023
5173 9830
9360 310
8253 4648
9736 9457
9674 1409
6090 2362
5940 5801
1561 2319
5265 6386
1425 3212
4514 1499
2258 8848
3875 3269
1538 9690
8764 5510
7855 5699
8817 2892
7423 3790
3035 2474
7517 3425
2032 3782
4870 8866
4314 6699
1976 3850
2747 5979
7017 6485
1041 9234
310 8786
915 6651
5630 3666
657 5861
8687 3950
9776 3914
2333 3895
8344 9246
2960 3993
408 8540
7339 1059
993 5029
4070 5965
9273 260
522 2411
7373 3272
7335 6952
3319 7494
6215 505
2884 1904
9014 2251
1858 754
3907 8418
7178 2804
8492 9494
5686 915
328 2545
2796 2434
4183 365
7178 6187
1789 6252
2699 2501
9638 1297
2133 400
8798 4289
1604 56
1788 365
5920 8851
4361 5740
2258 8393
7573 2929
1592 6088
3828 8660
9895 5275
5506 1105
7715 5264
4948 2275
1333 8079
3339 6217
3926 5785
6666 7328
38 2540
4355 5144
6786 1768
7567 2333
3298 8845
6507 6517
4162 4749
1925 4958
1550 2829
373 2264
3728 2013
1900 6591
9579 9361
6991 8589
1545 1704
55 642
3795 6618
1106 5040
7620 8760
2601 4194
1202 4748
5245 8281
7495 363
4434 3343
7476 1841
8702 3022
3817 8070
5248 9683
608 1730
3030 520
1371 6627
1619 313
5017 136
8186 661
3060 2614
7790 661
4214 7891
4326 1716
6633 748
1273 2305
6567 3134
9208 3540
7349 6553
618 4296
3632 746
8802 5481
6448 4351
4746 7378
6468 5757
7025 4362
6516 2041
9358 451
1264 5575
6925 748
3535 4196
698 2720
892 3717
3870 510
9570 1273
203 6124
3586 751
6030 8914
9232 5415
9101 5898
1790 8250
5771 3735
7965 1200
6479 2509
8098 9
2779 5731
8562 2587
4570 7687
5234 1251
287 4667
5411 2641
1441 3528
7033 3068
4600 9781
9798 3732
6379 2278
4379 8092
2739 5551
9709 3660
4108 6286
7346 4696
4853 7194
3578 3842
744 9457
5909 9684
8738 7135
4326 1261
3328 2913
9665 7525
262 5549
5344 1015
6216 7360
3343 3221
5557 2062
1419 1675
1845 3769
348 7952
635 7228
3692 7512
8795 3855
2565 4058
8628 5435
2002 4884
9870 4143
8383 9014
8531 5502
8591 9717
8979 9799
1464 7460
9029 2746
9220 62
8227 1304
7850 5518
536 1183
3454 6593
2704 6095
9985 1622
4135 1292
7376 3383
5194 9715
9303 5200
5980 4208
400 7711
4569 3247
5562 1251
7220 2089
212 7660
6468 7180
4787 8802
6184 1005
713 2923
3669 2401
8078 7977
2718 9534
956 6064
3879 9566
4127 246
6214 66
481 6737
6827 7648
6199 1663
1099 2585
5956 2659
7349 3788
2161 8273
3436 5963
3307 3109
1659 707
3866 4793
9899 1824
4927 1211
973 3385
288 3282
410 8375
7282 5195
5324 4819
3201 5342
2327 2334
9398 7665
4348 7950
7436 9045
9355 4585
6321 3696
3241 1708
5285 8274
9275 2347
7556 7649
5964 4398
8537 1105
9727 6793
6802 2464
3343 1611
1629 3847
9936 3934
3931 2535
4891 4563
8442 7634
9808 4688
9063 3780
3985 8433
4184 5610
6331 3229
3965 4748
3619 4111
7413 524
7411 3861
9307 3359
8873 7039
9644 6916
2175 758
1776 1241
8116 5370
6794 7834
906 7020
7437 2049
6186 3255
3763 6492
557 3833
9261 9780
9020 269
6530 6448
3266 2653
360 286
4217 6847
7641 2229
2021 7057
3219 2083
1794 1416
9729 9067
6928 6494
9256 6403
853 3602
4899 6652
9314 9791
6777 9708
6273 1315
5829 4307
9848 7446
3934 7663
5988 8501
513 3884
5513 5764
3744 5287
4766 8193
3711 9311
8219 4313
3527 334
6721 9025
9364 3088
377 7406
6325 1855
7342 1007
2061 9465
2334 4147
8401 762
1023 1138
1553 4336
527 934
5778 6597
7244 849
5155 7372
5874 7059
9461 9787
2044 4573
1392 446
8859 5023
4561 7387
6806 7039
5383 3789
8733 6604
6954 7691
1663 4881
7459 8358
2765 9968
6551 104
1301 3711
136 6189
1567 8556
6243 5586
8419 7353
6523 1439
6824 4585
105 3843
5828 648
2040 7433
3623 9440
8110 3565
653 5368
3868 6238
4926 5391
2276 9403
535 394
5602 1244
4648 2414
6969 7568
6592 5366
7474 6737
5509 2184
8396 6029
6226 7460
6785 9144
9431 7642
7714 3191
9238 3083
2015 5282
5069 1131
4375 3194
2723 6308
6281 4134
5374 5150
5121 4704
4257 2384
3192 2814
5903 8123
982 682
3938 160
6672 757
5080 1670
1218 6062
8948 3859
9292 3669
3931 120
2031 8794
6446 7769
8532 7364
2405 4282
5724 8538
1094 1273
7570 2257
316 4389
5579 5151
5882 2708
4048 4088
1054 1874
4574 3380
4321 5186
1862 6514
5136 4581
7464 4490
9370 5430
7097 9392
24 3988
1204 8234
9387 2401
5722 2426
3330 4976
2819 1828
5998 7205
358 6493
5243 2199
7834 3242
4532 6537
3384 5212
9079 1467
679 3101
8151 8022
1580 7932
2633 6741
2077 8738
4684 3898
2190 6171
5514 3601
7512 1097
4487 9396
9881 3259
4896 8103
3050 7968
3234 3359
2611 4134
6234 9525
7752 3967
1941 5063
5042 1512
2311 4596
9398 3290
8837 779
9957 4974
3052 8014
8589 677
3026 6793
1141 314
4948 7512
5937 2364
7686 8982
90 1551
4513 4551
7809 7103
8666 6000
3844 8364
1012 4226
8264 1267
4819 5762
7054 8890
5149 978
4620 5552
4117 6429
1037 9359
9180 4127
9599 9938
5175 6713
932 1614
1613 4981
7972 1216
4985 6589
7003 7770
1585 2933
2581 1208
7593 2351
6321 4932
1080 7901
7193 4861
1890 6952
3042 9150
2672 3955
4072 6255
9418 104
990 1942
7263 8259
107 7516
740 5177
4183 7025
4128 902
7581 7602
3071 5357
3291 2657
6605 153
6926 8839
362 5756
140 6875
8203 186
890 1711
1265 834
1496 3241
3844 4526
509 8435
886 1969
7880 472
6825 5000
197 4376
1783 5900
4431 1061
9257 5232
7289 3414
5045 2452
530 6279
7906 9240
4771 1129
1433 1357
2718 3899
9968 3523
782 4248
8125 7069
5826 6400
3765 2139
4143 7195
3525 8314
1213 270
7307 7376
8215 6962
9299 920
8827 8280
4133 9890
5558 4141
2175 2344
6963 4533
2104 3632
5567 4604
3043 5537
4774 1026
8921 8292
4974 1057
2624 3109
7893 7069
9502 8045
5338 6437
161 531
8856 7116
5019 9875
3374 6990
9879 7214
6075 5949
8967 7886
8905 592
9746 1208
656 3893
4890 4742
4482 221
1710 3304
1247 1328
1560 6743
5166 9521
6231 9845
6779 817
3299 8509
737 5952
5754 3275
5690 5734
6691 8517
7113 3322
2486 6908
3655 6077
8543 1300
573 8180
609 3673
9946 7281
1233 4254
5930 2161
4032 5246
424 1641
5806 3815
4874 9470
4093 2489
3222 3162
39 4459
5302 5221
1105 1221
1903 5173
7727 8446
4334 2551
5387 606
4753 1222
2896 898
8747 1830
3322 9408
7551 2743
5503 5103
1802 5471
8987 6952
8901 5680
8889 4165
2791 5985
9639 3165
3983 8336
1185 9444
2295 8787
7897 9015
8864 5798
9445 5551
8641 1030
7235 7583
6398 2922
1508 7626
8972 6270
6520 2353
8569 5099
7082 9970
451 4911
1074 1884
5861 2717
1819 9208
9264 3638
8295 3776
3563 9066
2560 6210
7271 6459
6046 2470
9624 7364
725 7365
6226 1125
9570 4095
1067 4096
4114 5944
389 1000
3618 5740
6515 4611
4705 3379
8989 3591
7851 9370
5697 1912
1065 990
6323 1408
1638 6544
9301 8781
8950 7800
5379 8958
5744 977
2017 2376
7248 7764
4688 1870
7014 952
4901 2917
8729 8740
9551 5142
580 3577
5344 6870
1103 5604
9506 5399
8663 4710
6992 7020
4005 1813
5521 1844
3618 4585
2193 508
5455 1224
4023 5802
1230 8008
7409 4864
3059 6284
9962 9587
5335 6003
135 9727
383 3413
2652 8377
6759 783
5044 9210
490 277
7783 3735
5315 7229
8553 5639
6282 4012
2025 2213
9210 7858
1736 2110
6276 6449
5596 274
523 9435
5621 7686
3914 8087
8823 4187
9860 8879
3756 1085
2916 3323
7993 7867
2565 2342
6558 6512
1099 1674
7805 7816
3409 6639
6055 973
296 9429
3663 3523
4778 3210
5965 8627
4250 839
4334 6202
1879 7649
1908 6889
165 7633
8811 3022
2340 130
1448 8594
5400 6347
8755 9506
7227 7960
3558 6331
5767 4828
5628 1286
5390 9042
7744 3756
2239 8342
405 3306
1618 3528
1831 4575
9422 5246
580 1617
5686 8811
2243 2799
1121 6105
2769 8507
8110 4264
6222 8791
2423 5618
4138 9242
3099 3723
4033 5284
6500 7981
514 216
4595 4233
4368 844
1288 3774
1762 9292
7116 9418
7730 5147
2353 6727
6176 1626
3407 8390
632 5540
7726 1241
7877 5574
8030 1652
5882 4562
3304 8642
9051 5087
3927 1451
4943 6794
2949 3755
5473 3576
8499 7957
8000 7078
5039 6502
8330 2294
7615 9896
9835 5519
4434 4823
3443 1230
6937 3767
2657 321
7799 3008
9175 7166
1417 5069
7050 4610
7790 5174
6986 9321
3989 7590
7801 9470
4840 2478
4866 1447
2099 4874
5576 9716
6383 5086
264 6029
5639 7786
9503 9102
5365 8715
8125 4117
848 5299
9365 2752
3706 1990
3731 9402
1520 4416
1489 2851
3605 4567
2268 2589
504 8872
1280 1923
4542 5645
9278 6890
2415 3016
7707 8680
6217 3454
6774 4311
3642 7051
8210 6268
3969 9166
5213 4537
4678 995
2415 6399
4378 7119
9447 5386
584 7296
2666 3766
9696 1926
6982 1981
9359 8168
2374 2611
7890 1567
8604 910
2284 6101
6709 4266
3407 3397
9498 4570
9314 2009
7538 9783
7223 8459
7691 3609
5232 4937
5022 1155
2778 4357
6847 2695
1846 9258
7570 8917
3236 4454
4851 8628
2681 3643
6062 1607
5631 2552
1871 7975
4447 816
6064 8069
4478 883
3814 903
618 8354
890 182
7839 3830
492 9935
805 8180
8830 5171
1708 9674
1359 9520
4411 8706
2919 9069
3695 9290
4349 1412
2609 1673
4896 1581
6619 9984
3278 3525
581 5439
7706 4617
3271 102
923 9340
8573 792
3709 3711
7231 1880
3402 2248
3087 924
3460 6390
5671 796
4516 2464
8910 6978
104 3006
937 3761
1661 3038
9591 3175
3889 5749
9343 3827
1280 9762
3866 4045
3494 8603
3761 6503
4518 1756
5070 9439
5848 3317
5034 6776
8150 4257
1460 2001
9300 5628
7614 1244
5869 7577
717 8309
6904 9190
3790 1956
366 158
4008 9763
6833 4062
9660 686
4190 2829
2323 1817
8171 5484
5065 2275
5831 1808
7458 3333
8973 9555
1564 1950
7424 716
8139 9329
8664 5767
7759 3446
4741 7254
5608 2675
8753 5058
8882 742
6485 2948
6516 2261
2278 4676
2028 3747
1553 1010
2740 2263
5174 8984
5787 1105
3271 6063
26 6482
5103 3856
9174 3021
6872 2081
27 9336
7195 1768
8249 7595
1303 3464
2671 1345
871 1555
4506 9235
5478 7116
2021 2926
4225 7495
1021 7915
2475 7068
9178 7277
7270 5510
642 4886
6961 8138
979 1273
1882 3521
9354 8442
8733 3628
830 7566
5092 4047
3161 1330
3894 4133
1932 6267
3186 2326
8201 9402
8418 1523
7196 1215
1194 5749
9408 5645
6915 973
6041 4381
628 7058
8188 8416
9593 4644
434 9444
2772 3625
3259 3743
9556 3264
254 7756
8468 7652
4470 3138
7742 7548
8867 5671
3765 5766
9763 5994
4508 9257
5902 1943
8173 3570
363 1283
6464 3144
6894 9144
8073 3366
3824 5592
8320 3997
5995 7769
9787 7519
8615 882
1379 1341
2717 9179
42 9162
7074 8149
6673 635
7905 907
6388 7821
8000 1898
5849 6789
9997 8618
8307 5990
7400 9258
6870 6060
5750 6783
8391 4937
2081 9318
6491 7195
8651 9183
5036 4407
4035 126
1915 6582
604 3573
5525 1188
6119 8720
8944 5271
7946 6923
2602 1069
5905 4038
1509 2861
3165 9288
4179 1753
6446 3638
816 7778
7786 5887
3470 6891
4771 2796
7572 5369
3673 834
7098 5486
8304 4537
1645 3846
8154 1560
2059 9313
552 6392
3702 2703
2262 3256
4689 3144
5121 2801
3429 7240
7283 7868
6244 6513
5655 9124
3976 993
9850 3629
5407 2606
8149 7228
3101 4176
9983 186
2070 3436
3250 7682
8976 4004
5562 2894
4839 55
7234 1186
9510 7321
8982 786
8765 3003
4995 568
7395 2043
4957 4248
3780 7847
4083 1240
1411 1521
2720 1451
8544 6976
9000 1365
7609 6698
2631 8549
5601 5481
5384 6944
2340 5367
466 9600
2687 2442
5395 4824
7845 5662
8151 9152
6790 6780
7256 5267
6846 7089
2524 4895
5067 8176
7242 1427
4036 7436
5665 3372
6527 4865
3793 1262
3859 5265
9332 7557
2947 5937
1175 1779
5445 4537
2888 8740
9514 623
9238 7141
5308 1041
8296 9856
5297 128
3249 3242
9468 6290
94 9970
3459 7401
6103 5826
4766 7258
8716 4184
5719 2453
4736 5137
58 110
8554 9518
9550 7793
1007 9119
5911 2623
8242 8465
7285 3702
6476 1089
9650 8374
5631 2983
4263 5856
9232 6171
8113 8994
1854 131
9212 8148
5809 7981
6738 8444
579 5824
5589 6894
2137 3048
8945 9497
3069 3782
1658 9237
7052 6510
2837 4213
1508 6260
999 8103
6585 7798
9589 3560
6051 1448
5196 2654
9122 4848
2587 6667
7060 3368
500 404
1484 7744
4830 7377
339 2930
5189 8249
6087 9399
1797 9372
9111 875
6241 6833
8887 1167
5306 5801
7649 6742
1326 6754
5252 8948
1849 2365
9512 4602
6336 654
6248 807
1159 1164
6580 3266
1048 3777
2621 5096
881 5357
7820 8317
2152 9721
285 7955
5889 2594
9808 4371
5525 7767
7853 7676
1287 7176
9717 1974
1713 2854
8872 3868
7292 2132
62 8822
7655 6156
6041 2584
3887 3472
2951 662
5640 8656
678 4624
3329 5404
6568 5484
9830 8452
4720 8686
7803 9437
525 7765
8550 4756
3425 9563
4442 5709
4199 6705
5716 3174
52 2068
1383 6483
8177 1892
2757 7562
7764 4197
8734 6913
4837 9621
4782 5750
8815 2179
8071 4879
6644 3385
1841 9963
907 6904
7323 3673
2591 8963
5418 5587
5853 5515
784 8002
9557 9582
9930 7878
7062 4837
5952 9658
2836 1597
4414 3260
7127 2980
7060 1758
468 3043
9807 7478
5168 8795
1371 2285
7773 7292
8175 4074
4004 7711
3502 899
735 3572
3010 3820
1456 7469
9663 6194
9389 4871
1070 7433
3444 9939
4081 202
8320 1395
8729 5764
8603 9597
8285 4592
3123 3882
7830 7395
1414 4210
8191 8340
7263 8479
2965 6679
6110 2646
628 6684
6571 789
5382 5125
1273 3224
1120 730
9865 262
9611 2597
1359 6381
8828 1205
335 6058
8083 1051
6030 3067
7337 9340
3287 4636
936 7187
7118 7724
743 7546
2135 9231
4095 608
7775 6533
5653 4248
1422 664
4433 603
6677 7200
4645 7841
3461 6105
8447 1863
8469 6348
7694 6729
5989 383
6908 158
8603 5759
8187 4383
1244 3933
1932 8471
9871 26
7032 1133
3386 1208
1458 8588
6995 1251
768 971
8206 1400
8840 8331
564 7557
3796 6152
3696 8200
8827 7345
9665 2028
6209 692
2124 4103
9999 4533
7646 6257
5528 7878
3472 3961
705 7388
8143 7063
8818 62
2503 4099
8387 7423
6358 7581
7478 1196
5539 5034
2989 6244
4771 8838
2834 2169
160 6541
7625 3875
6691 816
7122 9670
5816 6251
3646 7682
6910 5061
9305 6946
6748 6985
2990 6065
2080 3400
4917 5630
9242 1679
8025 8131
7123 9491
8398 7181
153 5720
9296 8331
6925 9506
7374 442
777 1383
9242 5062
6004 6652
8258 4168
2509 6142
6518 4429
420 6249
8013 3583
3997 4879
2662 722
3651 7652
4098 2679
5958 2520
9292 7808
636 4561
5180 6390
7707 9892
3776 184
3319 8576
4374 1796
6237 5318
6075 7242
5509 2135
3924 55
2427 4238
3586 9859
6982 9609
5917 2869
4332 4953
495 7712
8463 4169
7406 8624
4861 3762
5718 2659
7089 6473
8188 5627
6560 6883
9270 2922
2339 3987
3578 6184
5233 2587
6191 8706
1671 855
6774 4368
8769 1593
2045 507
2346 3653
7917 9486
5811 5452
4534 7689
2533 9895
9352 1419
3931 71
1884 5285
1323 7692
1375 712
762 2929
3434 2648
1412 6229
6388 1299
5109 6873
9324 9924
1697 174
5016 266
7457 8158
2727 3695
9697 1804
9126 2769
5796 606
66 1132
4804 9620
6512 3405
1150 8299
64 7852
4440 1237
1798 9274
4423 9147
5869 2023
3291 1185
6969 4031
1978 1513
6926 951
9011 3354
5243 2500
8481 910
1230 307
7644 6829
4681 6180
5961 1962
9071 7542
4523 8977
4246 3973
9507 8072
2347 9839
9992 947
9257 727
1776 4388
9592 9873
8283 521
4401 4261
7593 74
1402 1703
9593 6311
2771 8854
3185 7905
5885 3256
7029 7845
5883 2429
6416 9308
5472 643
5979 2137
5425 797
5810 638
7007 2579
6028 2029
7559 3092
7595 3503
8268 2091
7215 3282
5656 171
9698 96
1337 904
5283 6756
1166 4994
9113 574
6752 5443
183 1262
5873 8507
9448 9720
761 7160
169 9500
7273 4391
6405 4581
4877 3035
233 4008
3101 7803
7485 5213
5143 7126
9162 6101
392 1786
7520 7651
8353 8406
9509 3930
5603 8804
2631 8793
1633 3275
6855 1784
7513 9863
3922 977
9274 6692
2 1981
7120 2240
9310 7103
9771 1082
4630 2003
7276 6917
7971 1292
430 738
8153 774
8271 4967
1514 1489
9265 6579
793 1729
4354 9652
4910 1239
6248 9077
2937 8876
1424 1946
7611 9243
1166 1156
391 4543
941 8393
9320 6636
724 4194
2630 4380
1381 2249
8191 2355
911 6272
71 8510
4589 8364
4326 3066
1996 7248
3737 3425
1610 796
2838 2050
7931 4121
5575 9334
6468 3724
7650 4633
4503 5587
8023 7093
2049 7259
249 7469
3516 4365
7179 2015
2454 8476
5837 3103
9887 1391
4189 7090
7895 4814
4280 6454
2050 664
9698 1869
1379 4431
787 6771
4866 3545
4800 5931
9008 641
4840 7959
8326 4219
234 6006
1719 4472
6884 8109
9286 585
5676 5979
1997 3662
2957 1526
8507 6482
97 258
4023 2452
5392 9603
1526 7460
5946 363
908 2163
4444 4202
4173 9566
4297 742
6566 9870
7275 3951
8252 2176
7433 5291
3037 4114
4966 342
6679 7303
7558 4239
1481 6936
5249 8544
6907 9382
204 2757
6845 2088
3498 2230
1292 998
8692 5107
49 9235
9498 6668
5396 1774
4747 7744
767 8697
4437 6764
9752 1300
3179 6799
3086 6608
3301 8482
3753 9515
854 4909
7070 6528
6858 6083
8222 8726
8747 5164
3337 7358
5200 2212
4541 3330
5578 8022
4045 6132
3243 4690
800 6551
7436 4784
4972 5768
8960 9594
6193 6605
3113 8781
8061 8219
580 7716
8611 8659
8389 3362
8640 729
9381 1895
2376 567
1142 3632
9137 4918
3942 8232
6793 3752
2572 8026
9408 9353
1254 7256
3124 8539
2656 6219
471 202
4712 1468
1198 3914
262 6444
6532 2664
2099 8745
5138 3562
5953 9373
9845 7075
2053 1984
9028 437
7073 2988
3795 7431
3335 9890
5443 1165
6814 4979
1936 4028
1652 4269
279 382
2183 4659
6104 6509
4392 2402
6307 452
2728 1749
8767 1978
9300 4693
1079 2128
1366 1404
8864 5294
3718 5871
1887 6768
4442 5148
9762 782
8767 5361
7430 7547
5030 6072
5985 1340
2080 9792
950 2657
1972 6317
6777 5447
1073 7194
1013 727
2754 3320
8938 520
1666 7708
21 5577
8729 6008
9603 2600
3813 5327
7948 6197
7820 6951
6320 283
5361 7525
2154 4264
7825 879
7604 4852
9407 9077
9777 7856
7571 2460
7411 5211
6941 8480
8665 1270
501 737
8102 2850
8023 3523
3244 9721
4894 5780
302 6943
7683 6838
2552 7693
2361 8879
2366 9223
2175 5491
3825 8720
1555 9947
3267 7638
7735 3995
7158 7367
6186 7988
6028 232
2108 7652
9825 6742
665 2272
3544 9609
1352 8837
1797 7201
9352 1045
6841 8599
8605 64
292 5824
9468 2159
5185 5555
3839 9907
1473 7262
4763 5862
7913 8589
477 2571
351 6404
5705 7284
6846 5186
2899 2115
7508 4339
407 7467
2843 4435
3363 529
8024 2943
2993 1750
7125 1568
3267 3450
7553 325
2267 4275
3617 7212
9684 3827
2265 7612
2151 6544
4223 2326
7963 1886
3254 2464
2426 2053
8649 5597
9795 3843
3138 4733
9578 6060
5032 3404
2301 6488
6343 751
3945 3486
8881 7825
983 3439
358 9803
5520 4097
9188 5501
3224 6355
6858 8929
3649 5595
913 7581
9667 4947
6290 3749
4671 2085
3986 1982
5543 2014
3772 7880
2471 4805
3185 4148
9625 5475
7481 5121
7949 7441
3219 2978
9554 6763
2274 7674
741 5784
9779 2909
3177 2752
5759 5961
4257 9800
1337 3563
7596 9016
7166 3016
953 6606
63 6071
1861 9198
2396 6324
6407 4684
4137 8917
7616 3252
2948 421
3419 5668
8030 2303
833 5723
1741 7561
2846 144
9986 354
9889 9089
6020 1013
5376 911
2110 6869
3250 7552
3441 704
2262 9892
9566 7123
349 1365
3437 3214
9662 415
4689 9780
3528 2578
7726 3770
2163 9132
2008 5811
6793 3565
5697 8092
1693 4487
2102 8856
8979 358
378 3988
4641 2569
7442 978
311 5395
4022 53
966 1125
1148 9275
7898 9330
5097 6757
1337 9174
5231 3539
655 2172
1023 7294
9108 4336
1867 5175
9484 7067
3885 4104
9175 9695
9072 5810
3943 1830
4846 9740
9827 5154
4273 9878
3258 973
3032 7608
7612 9094
4692 9273
9107 1832
270 2711
4122 8928
9913 9809
5364 8390
419 6217
9161 2068
2554 1567
2443 4180
4776 4433
3270 7372
9275 2355
5228 1332
5422 8745
5262 7332
100 6622
1187 2009
9745 1715
1436 4965
7093 9818
206 632
7246 5896
5914 6174
3479 7896
2333 6644
2367 5474
9120 5046
6901 199
6025 2780
2800 8739
4502 1578
1859 4509
8022 3084
9013 4425
9102 3716
2393 3662
4463 5033
3883 2472
5034 1816
4811 5716
5704 106
5801 3422
5212 9443
4216 5506
5085 1754
3873 8550
1530 1193
1409 3118
7534 5373
660 7726
6639 1488
3493 6050
8935 8275
5260 3448
4740 938
3422 7338
6963 9721
7847 7001
6 9565
743 32
5517 4013
9275 4933
6014 4819
9839 545
6872 6570
8947 1869
2078 4566
6992 5174
2986 7158
3170 8965
8989 5478
3098 983
7717 8059
2915 8446
9880 5457
9451 9481
955 4237
4379 6035
1476 3185
3676 3848
1530 9837
1091 6757
6760 8207
7140 1258
8136 3697
1 1650
6167 4660
1184 6167
9938 3533
4516 8376
9430 4066
9220 1038
6725 6119
1930 1261
68 7009
8303 7782
8686 6766
6625 8921
2492 2462
563 6988
7 8985
9771 7742
828 1809
8618 6073
2150 9114
8344 7002
4075 682
5513 6472
1585 6861
9460 7291
928 2390
3603 8042
5996 8346
3823 3844
5029 9311
3482 3551
1641 3760
1734 3951
8458 5037
6964 2321
4531 4870
546 4725
8452 304
7671 493
2070 9535
9006 1644
7020 5636
4563 7037
3473 9100
2442 8360
3345 3438
4527 4347
7228 9722
8501 9995
507 5901
2532 8253
2714 3571
8213 668
8252 6258
4910 328
2986 5198
6623 7289
747 7990
3206 1000
3666 8340
5502 1371
2487 4696
6931 8573
5508 4569
8325 1259
4911 149
711 3048
3605 1648
2039 3782
6428 1536
9354 4555
3067 4224
921 3797
9751 1747
826 6943
5437 2824
9136 6547
9501 818
9576 6819
4748 5985
6952 3384
6642 8820
2690 1241
79 8591
5174 909
416 5732
2405 1257
4079 2628
8320 4648
4638 4312
8502 6382
3363 960
1649 2442
2923 6323
8458 9493
619 2304
2114 1458
3762 3860
3273 7833
6477 997
5441 5575
3084 4928
1174 3088
7029 5674
6867 428
3045 2721
235 8730
3100 2428
240 2658
1329 7540
4443 4194
7306 7645
7552 3914
8416 6234
8610 3067
3164 9768
1855 416
645 3875
3074 6842
359 4043
9073 2010
2539 267
2749 1797
2365 4086
2965 8777
3280 7849
4897 7932
138 4983
6547 4745
2220 7869
2123 7936
9212 3293
6323 5791
8095 7697
9991 779
3394 8136
1534 8295
2965 5744
2745 1274
5632 5119
4548 581
7160 249
9675 8652
7885 9550
6432 3482
5232 7629
6347 7316
9437 2822
6727 367
5096 8522
9762 4864
4037 4980
3959 9985
8211 5778
6376 9185
6627 6552
2477 4650
9385 5291
9672 5321
1355 1540
9919 9362
8205 4428
2193 1858
8235 6522
5393 1696
2973 8614
1591 6893
7637 1877
6823 6090
7222 9771
3345 7439
948 9645
2660 7336
6519 8308
4984 3339
5068 8702
7187 3519
2400 9102
7350 5203
5824 4484
6937 3344
3108 7876
9729 1667
8273 1687
5152 3862
9179 446
7610 3063
397 1786
3203 3949
731 908
9824 1904
1166 4246
3939 4771
4273 3893
9448 2556
4558 6506
1162 1094
361 8922
5774 583
677 7438
7989 8694
1260 7264
9197 8572
8163 3397
4374 8082
6363 3607
6583 5825
4362 6567
3530 6414
6582 8606
4084 3590
3114 874
2114 5109
4242 4930
7475 2996
8404 9875
5610 2811
7967 3458
2399 2060
5599 4150
5110 953
438 632
9679 3778
5353 4094
895 8455
592 4482
9243 4379
6877 1734
8763 1298
7964 5789
3236 2153
3951 4350
8889 9516
9140 6883
637 6884
8367 4681
6927 5234
5127 5444
1455 9960
9327 293
9108 7345
8668 1411
3219 3677
767 6176
6424 3859
3198 2800
736 4611
3653 9796
7540 6400
146 6997
6018 2390
5364 8016
4999 3165
6725 3972
9536 7233
3657 4253
3713 1152
7285 2848
4174 5711
4869 840
7345 2899
5020 6671
8346 5682
4824 7513
4993 2596
2623 8877
9527 6366
1893 2615
1079 412
6257 9172
6345 4855
1403 8615
3232 7645
6167 6246
1681 8559
370 4796
148 5915
9916 2916
5837 2355
4314 7569
6303 8012
5064 6569
9069 950
1353 4714
386 5679
1408 8585
3195 8113
3374 3160
3035 3694
4453 938
5896 6318
879 2579
9435 5622
5018 158
3555 9587
6266 8480
5661 35
5793 6570
6298 7237
4891 1514
4662 1462
118 387
8715 5683
439 4909
5284 1216
7992 2844
6942 8470
9588 9220
2763 1666
5447 2900
9404 243
159 6023
8122 2136
4357 4209
2366 7857
8426 2547
4904 4378
5253 5286
6091 6385
616 7430
6585 6139
1451 1815
5114 5127
3870 3340
9291 5442
5764 513
7269 355
6173 4882
2162 6522
507 2949
2721 8206
1355 4736
7301 8938
5794 1853
1905 8586
9692 9169
1413 2462
8221 8157
1070 5506
6770 2105
8190 176
8759 2548
6851 7197
36 331
3378 9644
8139 2840
9438 5088
1064 773
749 5865
1504 1045
1334 2354
8002 9924
2959 800
4288 4388
468 9760
9794 2656
6932 9229
6414 1130
438 4633
8709 5063
7179 9106
9708 7019
9140 7501
6306 8952
8024 8343
149 1497
75 5520
708 3181
5682 3840
9264 6224
8949 7152
6950 3769
7643 8651
1229 2129
6744 3112
3556 4065
4466 7484
4397 4681
6952 3815
8938 577
6606 3178
5890 7926
6203 6171
2022 9120
5914 6068
2405 8104
7264 2589
3869 5693
4149 8716
5212 7459
8750 3909
7974 4442
6379 920
3586 9542
3115 3541
4954 1007
2705 5363
3543 46
4663 77
552 7929
4793 5785
5225 5442
1207 5911
2427 888
2867 6822
8309 9801
4784 7951
1358 9490
8815 8441
1929 2109
5539 879
7870 6721
3040 4306
3821 4871
3485 9086
1921 1467
6871 1732
1273 3875
4967 7254
1388 2135
830 9721
3571 1663
1725 774
4309 4810
7084 6162
5310 7593
9071 8030
7263 1209
913 8443
8625 773
1570 7252
5496 3030
2158 7422
907 2212
1285 7268
4017 7792
5980 2850
376 1795
8128 7487
9582 6640
2770 2701
7467 1362
1548 5399
7843 9755
5756 4273
9574 5244
6413 3082
1340 8079
5745 6366
1851 5585
2014 7269
1423 385
1082 6508
455 3377
8762 3464
2690 3095
4806 4811
4618 5514
569 1412
5827 1830
8077 8996
1129 6704
8314 8185
3615 9451
2342 2762
4324 2034
5409 9426
216 9403
4566 1567
4856 4524
4424 9031
1184 3378
3916 9564
4986 3816
5762 4037
2396 6381
8805 5389
7616 9725
6874 9088
9768 7688
8992 5215
5064 2194
5341 782
8302 604
1362 4589
3160 7716
4192 5648
3970 351
4066 7229
6267 947
8013 3884
3370 2049
9321 6595
4531 2081
825 1351
2227 4478
6792 768
1167 5252
9510 7248
2465 3892
1597 4082
2562 7208
5583 665
2907 9872
7264 3207
9719 4389
6608 8006
5108 2092
405 1704
7968 6743
4258 9277
4726 4427
7214 2339
5911 9771
2953 3050
3814 8482
283 6787
4259 9098
7129 3140
4471 875
1644 3497
3395 6778
3667 5022
7057 820
829 7485
3282 8594
9039 9891
8416 4250
4302 8421
4159 2451
8172 857
9292 888
6052 5815
8729 5878
2246 3723
5952 2201
1905 1178
6731 1939
191 3414
192 6268
1749 6300
2248 1517
6002 4947
2314 5520
4943 8575
2367 8564
531 9117
8401 9203
5760 8797
6345 5286
7403 4439
2205 4072
2678 4484
4579 4326
9154 1304
6561 5850
3442 2436
5095 5182
1205 2645
7003 533
8677 1150
251 3815
8116 3557
2923 3534
2357 4843
9790 4174
2326 5530
5137 2375
9331 442
9077 8439
5488 2632
6048 754
4313 8529
3589 2082
1598 5730
6386 749
442 9425
6113 5286
7830 3321
6612 6919
8850 9564
5862 1503
5674 2206
7668 2239
4335 2811
8776 755
942 1080
3674 850
9902 4738
4272 2462
1834 8077
2329 1640
6477 3469
6938 8028
5893 9834
6690 3762
3763 9940
2992 7811
6471 9316
3634 4834
4009 547
4043 5793
6371 5702
8592 5714
5140 8284
1615 18
5262 9967
1649 5264
9078 7859
1774 4212
9833 6449
2080 7702
1521 3766
5006 9223
1508 5032
4811 8001
8261 2352
979 8852
7261 3177
8644 1336
7973 5103
1481 3586
13 8507
8045 7423
3177 5655
2616 7308
4550 3880
9004 8445
4517 1488
4479 5168
4487 9193
6445 3907
9094 8338
4636 2119
2638 8760
8395 3641
1831 558
8959 5669
5602 5847
5248 1185
2703 487
9177 1398
8234 2003
2516 4044
9173 3908
5025 2833
3381 9218
8892 1414
7613 9240
9786 5828
983 5537
6523 4887
8727 3040
3744 4547
3382 9793
1099 235
7451 5879
5240 6555
7951 6202
878 4962
8849 7352
7884 4980
4147 4937
8820 2450
7099 6925
6739 6582
1254 523
3153 292
9842 8739
8123 4215
7727 7625
3827 236
626 6589
7228 330
4368 6976
5005 3655
1175 7585
3451 888
7370 9081
121 5141
6781 8686
7461 2029
4267 9553
5100 3892
6461 602
7687 7445
8494 2815
7282 9611
308 8350
8044 5238
4837 1977
2013 4870
6526 4380
5184 6222
79 1882
7308 7799
7895 5115
2841 7910
9408 4848
8563 6742
6398 8517
579 3336
4512 2567
7318 5484
2032 9434
232 9644
3437 5662
8506 3175
5481 5812
4242 4369
340 6733
8877 5562
2999 5436
4885 4246
370 8073
9408 5198
7818 9190
1648 9444
2763 9131
5139 6048
8430 1086
8799 9062
5251 9672
4633 4375
2880 267
9731 6790
801 7478
9015 958
6642 7722
6652 1994
9480 8642
4346 4318
299 3295
4867 3266
3872 8599
5429 4467
5919 1850
4859 1870
320 1139
5793 9847
5951 6269
1655 9460
1637 8100
8218 8908
527 1617
2063 3778
8441 8391
8260 5347
4296 6833
6290 1204
2181 5719
5754 6105
3175 161
3515 9651
4974 2732
4010 7378
159 6267
9741 4044
8431 3889
1237 3820
8421 5830
2447 5996
7643 3284
676 4692
7106 5331
8078 9628
7414 3232
2541 3379
7636 8529
4645 9996
4956 7414
4498 6536
4684 3508
7072 9884
1630 489
2036 1931
5215 3144
9124 9895
6230 4879
9807 1257
1694 1413
278 108
5642 8092
5167 8765
6282 2036
561 396
957 396
6383 2842
438 7910
9368 806
3576 6870
7287 1528
2464 284
5511 6296
6536 8719
3910 2959
2176 7172
3468 5243
7981 1343
9942 6154
4162 6563
6975 5763
7572 3767
5090 9807
7322 2838
9882 2316
8034 7770
2628 5202
3278 8502
6021 6933
2927 1105
8221 1180
3334 3149
7043 7560
9004 7453
157 7644
3075 4386
1213 3718
1407 6967
1622 8841
5137 5839
7995 1776
443 1033
5976 9792
4980 5855
5468 8827
6223 7417
8864 1407
6247 1395
2441 4221
9111 8454
2915 3323
9484 334
3345 2153
3161 346
4241 978
9447 5370
7516 8315
2342 428
5639 3582
1194 8148
8713 7253
8728 1869
5801 877
968 6115
8280 955
3086 7877
2489 3457
2172 7722
2074 4935
1528 7620
6063 5199
4072 1677
8647 2819
7310 4251
5536 5682
209 3215
7220 7741
1334 7754
5995 3752
7051 6242
573 8595
9193 9179
3816 933
8425 7321
8666 4000
7024 1386
6401 1407
9376 5853
2187 1964
7318 1109
5232 733
4979 287
1133 3684
9839 6294
6071 4686
6764 9568
1501 2390
1179 6311
5707 6853
4699 1401
9657 7943
6505 4389
9898 4622
4294 9983
8063 8029
5133 3356
9331 8712
1023 8400
894 5546
1049 953
2570 1328
145 7902
7712 4015
5537 5102
9453 6608
6536 6304
7061 2742
5626 7803
4375 4845
4189 2211
4461 3865
489 4679
1038 5675
7772 1033
5236 451
2278 4310
1660 5429
3962 6369
9540 6203
7322 9872
3624 9757
3679 9464
6583 6500
7915 4724
4458 534
7448 6012
9781 6265
6345 2952
8189 2260
6601 663
2394 2391
7223 417
1808 1513
7537 7932
1873 6826
4134 595
8029 1978
9985 2281
4441 5441
6722 5504
4635 2274
3981 7900
4168 3562
7155 2353
5658 2372
8922 6167
988 2124
9669 4115
827 486
5739 4431
9199 1722
9691 8600
6019 284
2405 4778
9289 1615
913 2889
7425 6536
6787 5525
9784 1594
7969 18
3500 7196
5198 6709
4112 5508
2684 1160
6302 6207
7479 356
1849 4496
6319 9594
4850 2993
2678 7761
5504 7166
9422 3083
9389 691
5966 8917
5761 5479
9555 1892
8118 6126
5155 9641
8713 8221
1392 9131
2293 9798
7142 2841
1427 4399
8538 1989
6650 6516
275 5584
1240 7956
6493 8030
4119 5524
5433 8804
3444 6109
4282 7208
6078 9508
1549 9465
2438 6365
3966 1495
2679 3044
944 4403
9934 3766
6416 54
4327 2413
9303 3899
9249 7046
9836 4362
7088 5587
1028 3727
2358 1124
1124 25
1363 5703
8271 2934
31 1817
7663 4741
4146 6916
2930 761
9217 1092
6520 3036
5556 9934
2238 9286
7649 9946
3253 4605
5868 7954
1596 5123
7110 9668
9481 6241
9691 3607
1043 6637
6306 7399
6141 9806
3717 3019
6044 9873
1634 4826
4712 5233
6078 2287
9572 4824
3195 7983
2872 2634
3611 2973
283 883
2373 2132
3147 7942
129 416
8491 7380
3885 4673
9127 4558
4053 285
3110 8060
4615 7902
5063 2430
4691 572
9551 5825
7034 1513
2297 2295
9919 8695
6441 3628
7191 4880
9050 5250
9167 5835
5369 6270
7244 4891
7550 9135
9325 4142
7730 1374
2439 4980
5591 1364
1589 114
2036 1557
2879 2246
9376 4861
8789 1129
5153 8308
5986 1893
5171 2498
7658 2437
6012 81
9864 7052
6101 5788
1412 7742
5815 9366
1154 536
8120 7571
6620 1657
6183 902
8865 2063
9235 842
1590 3318
8766 1303
1892 3656
9104 7714
9727 4687
6182 4814
4788 5712
1388 9226
4621 7292
7398 4553
7637 6821
786 4462
2284 3133
3970 6019
135 3189
1640 9447
4125 3678
4436 5260
9383 3342
6146 2124
6927 2689
5301 4018
4750 6359
8780 5523
3563 5106
7854 8741
4900 3674
7322 8880
9538 4384
1917 5002
8712 4076
7722 5589
8193 5174
2615 9504
3738 2636
4396 8463
8995 9999
1927 2687
8719 1433
5350 6512
7688 7109
6504 9537
4474 425
2545 4197
4606 2796
2194 3216
5776 2190
2042 5828
464 4919
6563 3701
7153 6950
5649 9962
8913 7341
5408 451
1603 6131
7613 1458
3351 3479
8382 4672
1575 4083
4648 4146
3313 743
8202 5236
1390 8467
9286 3358
7949 4790
8138 7695
9157 504
6796 2367
6077 9850
3994 6739
8631 4595
2678 3386
928 2959
3553 2832
884 6794
843 6793
8093 7171
6697 4990
9345 151
9529 2712
7939 6704
7839 3090
2025 4669
4318 7775
1871 4202
9981 9410
1139 9945
8150 8055
8864 6644
428 8621
4688 9937
8805 9447
6842 8727
8353 1998
1145 4475
2764 1975
5410 6889
8605 8635
5501 6253
2297 9679
3878 7853
6266 7813
9879 6100
3067 9331
3031 3258
7785 5863
1606 2591
2657 4737
5890 2803
4114 3407
3467 3788
8658 2230
4735 5969
3455 2273
4122 1016
3306 8566
386 8745
97 8642
1840 1482
2991 826
1489 501
8714 8928
5106 5323
402 6245
4915 1591
1618 5984
6633 6644
6783 3959
1702 4931
4749 3773
4857 1586
4193 1606
366 9217
3139 9742
1613 9023
6591 756
9768 1142
3254 1586
1072 7918
3324 2325
8176 2055
8293 2640
79 2744
1424 5337
9514 7641
4554 272
3746 1267
9004 931
757 9977
2326 7360
2278 3936
5022 5221
6962 4991
4705 3070
513 6584
3245 6354
2407 3003
6066 3163
5327 6207
8625 2416
2864 3629
6527 1279
4536 8337
8889 6434
5974 6957
7435 865
8553 6485
7221 9015
4470 3553
2942 2007
5627 6849
5739 7090
4785 1844
758 8643
8882 5613
2404 1550
3589 6140
9258 8344
5798 4637
2369 2495
4485 801
6210 9277
2657 9543
5210 7850
1287 8583
2891 5051
2402 8270
9843 1800
8680 5105
8440 4864
7404 3780
5609 4334
1249 5066
9458 4618
9683 7180
7591 3606
2868 314
8050 8092
2456 1309
5412 787
1215 9619
4417 6120
7301 3278
7092 3104
5309 6701
5710 1383
1365 3147
4166 5720
9815 5794
7294 6244
9785 2919
3694 248
6992 9289
669 2131
1601 2865
5613 7085
9627 9880
9417 1934
5768 1738
4033 9513
4859 8343
3367 792
9774 6143
6205 8128
1785 2393
191 8895
6447 7661
339 8793
6688 4340
8618 9838
3836 9349
4545 7594
4082 5618
9772 8699
5472 7230
5730 1604
7094 8411
5497 8980
8236 9921
1986 7937
6124 9078
6406 8010
3228 3235
7615 4326
4693 3678
4347 9457
1021 8948
8136 3274
1420 8465
6964 3053
6530 6733
4195 9817
6766 3068
6798 7487
5745 3016
1822 3749
146 2305
915 601
5328 2913
1888 7752
3867 3343
2532 8985
5429 7102
9505 6611
8934 7576
1628 9518
5388 4849
3619 208
4648 121
5709 2955
9125 728
219 9384
4106 326
6729 9952
7128 9469
9301 6057
9836 3183
7439 5389
1931 4042
1513 8255
9577 4420
5850 5819
1822 2594
901 6156
3480 9848
4414 7245
514 8901
4091 4525
7993 2915
483 920
2411 9755
1411 4164
15 8399
2620 6896
8136 5852
4394 5465
6011 6302
2067 2748
7289 503
122 5263
9929 7854
5509 2119
2587 1471
3891 4063
9935 5390
5174 5024
9687 5288
6822 5174
6913 5292
7622 3537
2486 4802
1374 4632
6468 3895
2946 5726
3815 1974
8398 9393
8491 9584
7715 2947
7581 6919
1837 9991
7455 1330
3938 95
8244 8926
6424 590
3077 1456
420 8461
8075 257
604 4606
4561 6867
2890 5013
946 7753
5089 2822
8470 786
8703 3209
9128 8865
169 1645
1258 111
9284 7126
9034 6197
5460 7838
8662 4339
1809 1153
100 2979
35 5967
6506 2443
26 8133
2545 440
8921 4226
4977 7088
1842 6147
8062 3004
5034 1206
3757 3443
775 2744
866 9278
3044 7708
3163 2704
3375 897
5903 837
2986 7703
4168 2196
1446 8052
4715 2365
6189 7058
1191 7533
203 9873
1788 5537
8795 8409
5743 6971
5254 6026
1073 2559
5954 7191
6802 8978
5336 1894
7891 1028
3302 1708
4518 7863
3212 5198
636 9351
6073 5570
6539 7063
1618 3032
369 901
6473 2279
2361 861
3336 3921
184 7537
7997 6335
681 1173
8931 7896
3182 9870
2797 3643
2711 2371
6974 3204
4880 9383
4197 5943
8187 4180
1392 4382
5163 9671
5526 7279
395 8888
560 6481
8331 5807
8430 9950
1422 9105
8578 22
5954 3003
8383 2964
5857 3070
1820 2735
2651 2663
2033 3782
3215 4691
171 9530
1048 9803
1713 2114
9911 1477
5396 1140
6134 5041
9625 1645
3219 5564
793 2868
1311 3797
1603 8335
5863 3235
691 2591
1121 1421
7165 2748
2373 7987
7624 7234
6562 4175
1610 8001
3738 652
9273 3822
9245 8190
5322 9677
28 3186
6194 9606
4966 1936
5170 5873
2662 169
6999 4149
9521 7307
3387 9470
5927 402
4445 6371
6341 5869
9853 3350
981 1010
2204 1920
7116 1701
6556 546
2447 5061
9696 2585
3901 4214
9692 5095
5024 1510
2653 9101
1820 1930
7446 7470
510 1775
4524 4570
9319 3012
6074 3431
9961 789
1801 375
7871 2923
4020 5976
4483 7952
8495 3504
4138 3753
397 6974
7780 526
5748 7583
6338 4416
6377 3590
7060 7784
2418 5420
6442 2487
5631 3211
7238 9776
5273 1059
4068 4862
3727 3071
3687 5924
9630 29
6113 2204
5798 880
2198 7716
9512 5635
4679 3703
4488 725
6645 8858
1781 1951
1813 6370
6354 2266
5356 3164
3747 7106
2845 8466
6505 1681
6297 1732
3736 8445
7695 7369
6661 2194
6666 6702
8443 5542
691 7397
8194 7467
2673 2505
9128 9028
5047 2759
3364 3554
157 293
862 8218
3205 9159
9855 1436
7528 8545
3041 1588
9367 8263
2954 8759
9236 2330
5497 6378
2601 6951
8647 2689
8585 1811
7704 4048
9414 5076
7617 4803
7054 9793
2252 3764
9779 9146
8499 4696
161 3044
1260 8614
2617 7834
3811 3842
6419 1856
6257 7944
8225 9762
7191 4587
7041 8026
2645 6849
8247 7077
4823 5279
6853 7975
6827 6754
3049 6710
1368 2670
3209 2461
4166 808
1271 9153
7501 6698
8471 9414
3855 2609
1248 7449
3144 531
1857 2080
6003 76
9893 3367
4196 6285
4698 6681
5720 3925
6782 9613
2474 4119
9702 766
7476 3793
4463 3781
5278 9592
6639 6302
9781 2752
6262 4100
3030 8888
5920 9998
4201 5474
1964 9093
8662 8958
5008 4254
164 9303
5627 6743
3517 5973
5628 9597
8009 6858
8033 5754
7496 7801
8497 9830
4075 9684
3366 5023
995 6198
3510 8185
1084 5489
3145 3334
5853 9126
2773 7892
9146 7243
4559 3088
4101 1456
5286 384
5556 8381
1077 7701
5499 1431
1297 9919
3289 9879
6964 8290
6742 9409
1107 9041
4094 7832
7288 308
1857 8041
7144 529
6507 9542
5390 9782
1720 4545
2819 3699
218 1968
6272 3983
3309 7498
3001 3181
5021 5189
4897 2679
6036 508
2920 3781
2995 9028
1097 8703
4793 2329
7198 4148
9894 8425
9242 134
5425 8433
367 4693
8656 4174
2636 989
6376 549
8241 4898
2146 6989
4512 3218
487 6680
6531 837
4408 2114
2957 2478
1608 3149
9199 3820
9016 4867
8890 5694
4134 6426
1954 7169
9915 6619
3005 9315
8643 9200
4865 2740
6983 5283
5178 985
1219 2815
1816 819
5582 5764
2376 5357
7388 2336
7326 5622
506 4828
5679 9080
7572 2645
3766 553
2241 9104
7898 1125
4798 8284
3236 738
4258 4398
992 3940
3211 9541
100 5988
1332 6260
1977 1302
9017 4314
7396 2577
5338 8413
5620 7345
141 4484
7493 3641
705 850
4381 9285
1719 3114
1199 604
5932 2332
1383 913
8814 5833
6579 453
2214 841
5988 5647
2225 4383
327 8222
5363 9759
8570 6604
5182 7469
1841 1010
1560 5686
8070 5500
627 1317
7008 5447
740 8576
8190 4104
337 7405
755 3946
6727 2953
4413 498
5760 3918
6097 2557
5169 9112
8205 3631
7556 9601
2489 2335
2950 6894
6152 3395
4973 9173
398 5779
6551 3666
8123 5484
5804 1931
8204 4160
4102 3430
9854 219
1545 3469
951 9146
108 8457
9136 4140
1572 6046
1952 5513
914 3602
6247 9267
8479 3052
7192 3847
5586 7306
6331 8214
4834 5981
1076 5061
4328 7341
6854 1573
1028 8053
2903 3264
3333 2094
8591 6676
5511 5442
7971 6968
3797 4672
7534 551
1801 7222
8685 6311
9006 8581
5725 9343
5133 5267
3216 4892
3302 3912
8314 891
3727 3152
6132 4971
4292 8034
1429 8747
1114 9675
18 8540
2492 1828
7225 5808
2664 2874
833 7935
991 8521
3634 3338
9604 8688
1173 3839
7744 2431
553 8295
4502 2367
183 3100
2726 7135
7655 8775
7332 3426
8152 9581
513 5486
585 636
2388 4107
1514 7515
9328 9921
2322 5739
949 6016
3010 3861
7640 4710
1162 7063
1628 7802
730 236
9689 1040
7289 2975
502 7956
8387 9074
7004 3745
1692 6474
436 9588
2647 4748
6514 9745
815 3168
968 6416
7604 4649
4020 5602
7848 5009
4197 576
1650 6221
2827 6786
6810 9514
217 1529
3410 196
419 1663
2977 6730
6274 85
5154 54
7268 8113
4469 2203
6252 8405
8143 7559
8697 2483
2012 6987
9140 6436
229 4922
2166 4421
8766 3751
8632 553
7610 1811
2009 6689
9100 2873
6455 4977
5185 8385
5185 1969
1534 1700
3495 2347
7292 2441
3923 4514
2586 6700
7298 9803
1593 2280
8129 9731
2303 9795
1902 9451
4044 5972
7853 8335
6476 6204
7849 4429
8687 5528
5325 444
818 8296
5192 5018
5319 7045
8252 4819
2449 171
1311 5196
2767 5176
4131 5567
9549 3988
3037 341
7057 8586
61 3594
7425 7292
6444 4387
1580 7306
983 9302
2237 5361
6317 2360
7953 995
2106 182
6467 8720
120 4174
2790 9482
5567 6743
1634 7542
8692 1334
8578 6682
522 956
6623 2817
7578 4501
6917 8956
5955 6101
5303 1974
600 5750
9779 8772
8 1674
7538 5075
1168 8651
5614 6939
8188 6123
7854 7001
7071 9773
200 5227
8598 1268
8087 8700
5451 2222
7 5586
3978 383
4385 4679
9891 2947
806 5976
4357 6795
7334 734
1060 7024
5809 5875
1390 2994
6058 163
1643 1188
4841 199
300 5057
1757 7891
1762 8235
5998 9157
3381 2729
7118 2772
4496 2416
2109 5310
5244 7005
9910 9763
4561 1313
6682 5625
4996 6903
3227 8678
4526 4510
6052 2977
5587 7344
2163 5546
5583 9854
6483 5415
2524 7245
3124 4766
502 2158
8194 5133
8469 7812
5169 1354
5814 2812
7505 1878
9122 6125
4824 8489
1617 5228
9287 4472
8676 1874
5040 9053
7909 2870
3637 39
9457 5822
6845 6154
7958 2762
1700 9585
6380 1853
2572 9514
268 5495
3096 5727
3450 563
3658 512
3092 1821
5652 1299
4337 7216
3100 184
3957 1333
2418 6014
8041 4867
8954 7049
2273 2657
4206 5420
6704 3266
9720 3549
7 593
6942 6063
1307 5695
7342 9188
4223 5774
3755 3454
2728 204
7371 7674
9739 566
1953 3591
206 6845
5777 5508
8891 8578
434 8924
1544 8267
1076 5947
307 1235
4075 2089
544 424
7579 5344
4903 8135
8137 6803
9608 1399
2758 1894
3341 4726
6178 6202
1849 2837
6048 3877
4804 2090
1626 3731
5669 848
8809 2887
7981 3230
4058 3963
6228 2532
4791 1104
3933 8398
4171 1396
972 2160
259 6425
6937 750
9265 659
6382 9765
5138 7978
2697 86
1644 1277
7278 4426
2770 2254
4351 3434
423 4577
2818 1544
2642 3008
7062 3081
7272 3857
9484 8287
611 7257
3479 6888
9545 9694
7052 5022
8733 7564
7637 1511
8263 5171
3910 658
9937 5788
515 3762
7695 5653
3187 4235
9040 8246
1328 9500
3680 7551
7878 1573
3518 2305
4584 5483
6540 5786
6765 8348
3902 9061
261 9480
8038 9375
2333 1098
7911 932
4177 5324
751 9115
2365 3265
7967 4247
5169 5355
2404 3193
4391 9225
5291 622
8439 6686
2897 6509
8272 7512
6123 1152
6959 1424
2172 2843
3882 3871
9988 6076
4417 997
9076 6748
5478 3831
2235 5077
4072 9630
6164 6788
4313 6309
8017 3960
5035 3261
1423 8582
6306 2707
428 7499
1137 5744
5588 212
8860 8786
7461 9340
7637 706
2695 9384
5933 1378
9226 3659
9157 1610
447 4516
6357 6809
4552 2511
7446 1111
8533 9330
5016 7341
9183 6214
3395 2598
3245 6037
6072 3415
9494 7796
7818 6352
1407 9927
6106 2245
5979 218
8341 6127
1990 9753
3950 1130
6942 265
629 7381
2014 1479
3118 7393
4132 612
5354 9965
1247 2475
9461 2371
829 6688
2823 3311
9048 6928
4011 5166
1740 129
1249 8937
5723 2857
4529 433
4418 3046
206 4430
1451 3409
138 5235
758 8326
1694 5796
4500 8713
3650 6099
7884 532
4862 6850
7668 2597
9506 3298
5453 121
8259 3038
3209 9739
1719 4513
5759 3611
1347 9071
286 6237
3978 1619
3174 6520
3678 8497
8129 7129
2019 7434
6943 8730
3335 5125
6246 7112
2113 653
1808 17
268 7536
454 344
6090 3566
6752 9135
8762 3285
4914 6609
6244 7416
3358 9431
5934 2272
2197 2983
8425 3865
9046 6427
8356 8232
6799 8200
9858 2141
4996 1723
1578 3877
761 1403
1814 6628
1129 109
46 4841
5366 6891
8597 8294
1821 7018
5990 6718
2005 2409
1036 8963
4825 2780
3020 2646
2926 8646
2453 320
9555 46
2151 5617
6687 415
3803 3257
9577 1525
215 6720
4573 5161
2331 8436
6685 2971
5718 3936
2832 5951
1743 5233
7364 9675
6934 4429
5729 8232
9172 7074
772 4544
6708 8058
5474 6959
8715 9050
2614 7943
7265 2499
9548 3389
6683 4029
5370 5855
5962 3515
2419 4469
3387 7112
1882 854
4645 6353
6711 4542
6237 2407
4647 6399
884 5135
3243 6609
6574 5964
7045 7047
4454 6004
3721 3201
2529 1604
1565 2086
1445 3482
3340 9925
6728 5650
3889 4505
7388 7386
3615 5434
690 5269
7445 1504
3341 7117
282 3754
2312 6450
9973 8614
2301 7789
9894 2871
7567 6570
2894 2641
4884 5938
4129 178
1888 2897
7714 581
6815 7874
2259 5284
7496 4825
5466 2129
5496 9885
9541 7829
6986 2279
324 2825
7863 9722
788 1239
6889 3100
3222 7960
8224 4251
101 4473
3662 1816
2507 9146
9878 1183
9974 8061
8291 2440
9566 130
1221 7133
3333 7949
8252 8901
8818 5340
291 783
8384 9020
7407 4379
3109 6743
9088 6921
6975 2470
5478 2489
8401 5991
8693 9775
1866 7810
3886 9818
1706 9807
2091 3956
3196 2201
9116 1772
5566 1555
6777 7366
6992 9240
4793 5769
5875 8726
7776 9322
2611 2679
424 8667
6871 4749
4787 5200
5031 7812
2853 2966
9515 2420
8212 3436
1822 1472
5960 1859
9418 2487
8738 9144
7265 7305
5061 3490
3163 159
3347 2720
1110 2929
4838 5138
5769 2264
6546 5339
4736 697
3436 5394
4649 5616
8195 1927
4107 903
6789 1310
4421 9172
322 7959
935 80
4293 2756
4389 3218
7045 8820
1648 5614
4550 8239
438 2657
3930 8531
5200 9287
1091 8140
2106 9875
9246 259
9029 1722
9241 9714
3503 5461
6524 3082
1197 7031
3623 4065
3060 4891
8569 2676
5370 3440
2008 3274
2280 1518
6729 9903
7453 9934
3706 2787
2317 4029
1978 4563
2878 124
1482 7365
8670 6111
8746 5197
995 107
8782 690
2656 6878
8218 8461
8834 4263
7722 4093
9220 7682
7217 6809
6224 8805
9209 6769
9204 2261
6592 341
7438 7717
3606 8568
3878 6812
4475 4816
4537 5694
4822 2645
4760 1767
8762 8709
6124 2158
6208 6767
9580 1959
9606 928
6077 1588
4220 7680
5457 8296
5703 5319
6427 4596
1785 7150
9782 2093
4646 3358
3216 4599
3933 6869
3625 2552
320 2920
4519 6966
7857 322
2962 4682
539 7919
8439 9345
9026 6661
5667 6012
6942 7112
376 3202
8067 1071
8345 6677
8035 7949
3959 8440
2020 5862
3300 7306
3393 3333
8933 3437
3919 9795
3415 1402
7993 2061
2179 3640
2014 5293
1823 2315
6346 2513
711 6309
9636 1113
5088 2548
9492 8504
1027 4825
2601 8244
730 3326
4346 5294
7795 1672
4811 6562
9808 2509
3685 6716
8284 7498
4896 6111
4854 5885
4048 7707
6964 3622
9739 7226
4322 5997
1958 4179
5844 558
1888 1905
6771 7364
7459 6984
4508 5598
4658 9329
3637 9277
9107 718
4165 8642
2952 2004
3630 5854
2917 3703
4775 465
9754 1468
5215 737
7916 5358
7482 9038
9875 2926
5828 9073
5370 7441
7354 9792
4680 6994
64 3599
2844 1131
2930 151
1187 895
3740 5618
4239 3087
8566 4127
1470 3435
8428 3439
2306 1455
4552 4715
9986 663
7341 5019
5008 2514
4168 7758
9586 9589
8743 8146
2676 5869
9341 9758
8811 6560
7486 5373
9860 7879
3445 7548
7652 4322
1461 5951
3445 1132
4035 9299
1519 2923
4910 2329
1486 531
1455 5382
2917 9314
7138 5040
2465 1111
6236 6400
1375 8836
5334 7760
8269 2197
1078 8815
7689 5328
1478 9688
9601 3804
5697 2335
7541 2397
1252 7655
4452 3329
6188 5578
752 5797
3672 3366
4171 835
7624 1119
9996 6962
7933 8290
2018 3401
1667 2420
7308 8238
3201 7164
9703 3707
6869 5158
3631 6748
2947 3083
6525 2315
7948 6319
4340 1960
8923 2963
2598 2148
1414 4576
7572 555
9390 5058
2320 9751
9290 7860
6324 1278
9718 201
841 8097
3184 9038
2835 4720
5770 3321
2406 8744
9586 1213
2588 8226
310 5428
819 3585
8658 1352
7338 6925
3523 5471
8898 7228
5663 1919
9546 1033
5850 1745
4446 1955
899 6173
6843 9548
7466 2357
4226 3120
7994 2476
9205 8287
3293 2915
9893 2245
7121 8738
9891 5582
4168 9531
9853 2846
6429 1048
3574 8792
735 9899
5520 8407
4250 4645
8300 2933
1729 5095
1858 779
3902 7345
9358 2086
5187 5723
1441 7846
3678 1975
8574 1223
353 4320
234 2908
5578 8762
4112 8094
7577 9893
9473 2975
9127 8754
2776 6718
3019 60
6384 3907
379 8924
3144 4670
5107 6144
4075 1796
186 8529
7096 171
1469 3828
5020 483
4509 8669
495 3622
1214 9725
2685 4321
713 5013
6568 3435
5162 2818
3453 3146
5903 3984
5342 5637
4602 1663
839 399
4108 4538
80 2067
733 9048
544 6897
420 4387
9179 2097
4186 9332
6751 9154
2908 8715
8322 9646
3881 9450
7551 7517
488 9217
3139 8059
5152 8896
6277 2855
10000 4720
3587 7468
7386 1973
3690 2685
6109 4210
4956 8203
3862 3731
5018 9835
2318 8068
5150 9200
6138 2696
4922 2957
4463 8270
8945 9221
5862 1300
3735 5087
3138 667
4695 699
5577 8486
601 7000
5940 6094
8875 4695
4916 6525
9064 7600
1803 2145
2892 7027
2181 5703
1649 1678
1991 5579
1681 4599
7094 1922
4098 9461
5435 8029
2489 2823
271 6492
1981 1104
6122 8178
2199 2495
9296 9047
2107 3660
4087 2105
8133 9319
822 4501
1510 1869
1871 5820
9782 5907
664 6544
9286 2293
5554 2594
4513 412
5576 4073
7682 937
7248 4617
9400 8996
3983 1351
2525 4708
7305 2118
5350 1259
736 2074
1145 6443
2301 1967
1355 3809
8726 2262
7208 7820
7824 3622
859 195
6113 9539
9351 5697
2004 1222
7520 178
166 5112
1019 7243
3216 4225
5138 2692
284 2889
1476 2234
636 4472
2339 6581
5389 9858
8911 1611
941 8491
1564 1300
3582 8897
2328 6
6751 9422
6319 9765
247 6390
5942 1147
7437 301
6690 4982
6965 7661
2388 9856
6616 337
7343 4049
8704 759
5345 6526
7305 1313
9206 1909
8736 5178
9517 5743
7648 8068
7837 4557
7576 86
5067 1297
6498 5162
20 7515
1166 6515
276 5226
5720 2616
6859 445
4966 4628
2287 3738
19 8044
5657 7929
4150 7260
7023 4983
3222 7399
6541 5239
2186 6315
8667 7643
5026 8062
3247 2733
7569 5681
3644 5587
7632 2997
3435 5413
8745 1857
7258 312
5458 522
8896 6190
2738 3795
7569 2648
8909 4143
3269 3431
3577 1332
6345 7929
2081 9123
8999 6288
6912 3058
7831 2833
7531 9711
1048 386
6722 7098
4635 3868
3637 5520
3360 516
5875 8165
4416 2252
2234 8584
6157 4845
9581 227
2475 5263
2204 9873
1518 500
7374 8192
8577 3562
7923 9188
8678 4368
8950 6776
2878 3401
7890 380
2754 1645
8258 5502
7974 5743
2793 819
3806 6645
6369 5640
2837 6783
163 6237
5990 6775
4216 1790
7390 2659
9281 1813
4893 7667
6013 7698
4695 6928
5856 544
9842 3543
1057 448
7029 4373
3572 183
249 5607
2329 7666
6128 2171
2955 4910
1561 5808
6554 4265
3792 1620
640 2230
3322 9807
3878 640
4000 2323
4597 327
6902 4948
4572 8376
4815 1718
88 7352
7948 6750
4835 2370
3811 2801
5084 3074
607 3221
6116 7422
8877 6432
8512 5745
7796 5575
4988 6749
3305 1128
9805 3260
340 4570
3922 6954
1869 8970
5073 2134
9118 78
243 4637
3147 3925
6851 822
5421 2817
4889 2956
8184 1900
3612 5193
7440 4600
1495 9668
2550 2888
5284 3485
3957 6359
1622 9443
5197 4240
2138 3883
2549 2663
4999 91
9610 136
3137 2833
4755 7278
3284 5512
9237 1059
7169 2043
4152 8705
5244 6688
5182 5810
9411 5561
1159 9345
9846 5489
2125 8909
8479 2548
4806 9845
4679 1402
8507 3815
6599 6212
9183 6084
9033 9523
4802 5939
2581 6681
7820 633
559 1594
5724 5985
5512 7792
2768 91
2334 3017
1967 7919
1561 7231
7153 6771
6186 1320
3078 3700
9606 5628
4482 1238
1956 7760
7190 3620
5032 924
1081 363
4441 4620
7201 22
213 7723
9989 7995
6089 606
6579 4405
364 5640
8664 6808
4810 6180
8553 9421
4369 6437
2758 2382
242 9592
540 6805
4179 5559
7171 5448
1930 2001
971 9243
1685 1416
5492 9368
2371 5127
4898 8629
4402 4261
9428 5110
2704 4778
8925 4489
2889 3777
5473 7813
7283 1875
5139 8691
259 6913
8773 685
158 445
8872 4828
2492 3552
938 7201
6034 9543
9525 5393
1022 5394
7526 2010
4418 5144
9521 2241
6591 1732
4466 2182
8858 5869
8390 3549
1948 5559
7927 75
3912 4225
359 6743
9295 9253
893 3644
8694 1681
9710 4772
3684 8158
4455 3871
2161 6956
1313 5169
3713 3234
9317 4289
4866 2651
6486 3005
9552 6815
1553 4629
8459 4443
3827 7685
5723 7183
4350 3296
3200 4554
3138 3676
3513 2799
2272 6945
3384 699
1085 5692
8999 5296
1924 3229
5157 1295
7958 3868
8212 4916
3198 7110
7119 3298
7834 5495
1270 1658
6953 7732
5905 2851
332 1109
8952 2447
8645 7400
2100 8531
5185 3693
5744 5377
9689 1959
6573 4478
81 7125
2839 8870
1034 2320
7290 1086
2181 4174
1508 1422
469 67
4367 7383
9398 2160
6781 2148
8842 4157
9960 3361
2114 5581
5546 824
8223 8057
2142 6848
9860 9546
9774 8274
4889 6152
1276 2203
493 811
2633 7839
9073 9166
4785 5048
9697 4829
5399 23
2291 7321
7673 3833
7705 8252
3939 1055
4369 7055
637 940
4931 1840
3618 7830
7613 2247
5614 5280
7269 2437
5388 9663
8442 5512
8564 7195
3963 4832
3312 9975
4178 290
485 6935
6136 1420
5948 7785
7388 3068
9167 1981
5886 491
2398 7568
665 9754
9190 7068
188 5436
9190 652
5826 6075
9205 960
376 2454
8343 5102
1242 1814
6653 5480
6988 5204
980 124
7187 8797
6559 9228
4818 219
4870 409
6432 1539
3314 9647
8145 8500
1168 9220
3845 9283
5177 1091
3566 4206
2666 6393
5152 9140
5866 8483
2411 5120
7695 343
3345 1763
3242 5048
43 5812
3121 6973
4588 4079
2996 4992
2218 3944
1972 5423
325 8127
5361 9664
4769 5588
1521 74
5333 8370
3915 3986
2578 5418
2963 5983
7538 9377
2679 6224
4991 7852
7788 6519
6790 8171
3428 7251
2415 1455
9548 6910
1396 1476
4228 5614
2729 8970
8395 4487
5850 379
3878 1071
8177 8731
519 4586
8490 560
9820 2121
1984 8035
3507 2821
981 2173
9482 5509
614 7075
6959 9296
6799 7883
9631 9015
9858 8240
6561 8469
2263 3663
3378 3350
8072 1740
5023 6235
907 7327
4921 5958
7691 2048
8573 9835
8972 7100
2464 162
7593 2644
5913 9372
5445 7806
1405 7954
1959 5130
9832 2481
8782 3943
8183 2860
3293 394
8709 8568
5342 7304
7002 4805
8647 7690
9495 3061
7131 7659
6214 3823
6443 3121
1045 6106
7652 191
9260 9610
858 9663
7427 7428
1458 7938
6993 3938
6649 4128
4646 6261
298 2092
1602 3930
8756 4600
7603 2177
4987 9183
5095 6996
5173 1991
2134 7174
1628 8534
2292 8514
1193 2944
1695 4094
1470 1532
2846 3438
2316 240
7830 4785
4391 1955
8126 1171
109 8205
415 9443
6904 863
3424 8555
5378 5779
3215 1211
9930 4463
2113 8175
864 6044
6722 8147
8176 7300
5748 7941
8621 5664
8122 4031
2107 8360
4250 7735
9226 9221
5719 6422
5283 8521
3980 9537
4911 6663
1095 1631
914 5757
5368 8070
1502 5927
6082 7413
5619 5437
8905 7301
2938 1468
5331 8942
849 7991
9900 5351
3057 9269
9905 2662
457 7359
5603 1120
5009 6797
7986 736
8594 8698
2419 8608
8233 613
7553 854
9617 8796
5655 529
2573 8294
5438 6156
3791 9614
8391 1953
9428 5891
1196 4665
6304 8522
6405 8574
7520 8261
3978 7257
8079 9945
4242 6288
5025 1264
2387 6791
8813 3524
6977 4077
8611 6773
4365 2157
2128 1612
9401 3694
1319 6169
1821 7319
2869 5030
5928 6141
8199 5516
3772 5026
8945 2862
5912 720
5227 617
7009 9627
4335 9081
9658 8396
2055 6210
4106 7531
6571 9401
747 6128
2213 380
8837 4268
4454 1044
8034 9771
2924 9251
8896 2596
2323 8095
7550 2784
2071 6339
8081 2420
4750 813
4194 3564
2542 5924
1482 6698
174 200
9298 3515
8355 4120
2818 5041
7267 7010
1288 416
8051 676
5274 3415
8598 7261
3990 8645
6581 2518
8813 2719
5764 7214
101 8962
4867 2502
1371 5554
5789 1794
2487 1679
8281 8493
4026 1105
1249 3090
4795 3565
6691 3817
498 8783
4980 9734
2464 3358
5752 5295
4074 7188
4353 187
3136 8891
992 9291
1275 8825
5659 2071
6148 3016
7080 9412
7835 8756
4906 6937
7420 6070
2669 7146
1857 5016
9412 6030
4935 6177
2070 6063
3787 4098
2469 9744
7326 9818
268 9610
2935 4821
3657 8189
7270 5722
2029 9445
8075 4429
4553 6260
3306 792
8857 7848
4308 6429
9067 9378
3427 8666
2651 2029
7040 6199
7632 3859
5667 2312
4464 6942
4987 5963
9211 8376
1876 9580
8034 1395
4479 7250
6442 8724
1024 3887
5583 6748
9303 4932
7625 6071
7527 3284
7064 1308
9371 2592
6871 8083
1678 8060
5343 121
6750 3592
7684 235
2794 4939
7276 9300
7095 6256
6063 2662
5065 3560
5476 3094
4757 5659
5446 6635
5956 2041
3538 3370
3474 8081
5026 7769
6984 8899
6934 9536
4193 598
6526 851
8950 7638
1880 5915
1166 156
6344 4752
6829 8207
4713 75
5900 1328
8608 704
475 2490
5220 7985
4860 2754
575 9487
4123 6625
5417 1359
7266 1765
2741 4150
9599 2018
2873 6521
4497 8529
9427 2500
1371 3944
2530 9565
4366 2596
8344 1570
2905 2272
7137 8710
971 38
7261 4804
3648 101
5444 8817
8849 6401
4045 3709
7565 5215
3482 4535
5063 9879
1427 9888
1680 8082
625 2784
4197 316
3409 2744
8051 944
1898 3057
7674 5158
9086 8973
5256 6487
8743 5601
5353 9803
5904 1046
6093 3197
3187 8000
7027 4758
8835 8573
883 6233
9292 5816
6954 2967
8820 6760
3775 973
8904 2701
1753 2302
5056 6025
75 4195
3585 5013
2875 6543
4513 7503
9365 817
5010 1893
3709 3736
2303 9535
6632 3074
973 2312
7031 6755
97 9057
6577 3367
7137 7905
5544 5964
3830 7446
4859 5107
2896 4387
9523 5540
6773 5938
7585 5062
8423 1997
8421 5334
9360 823
3630 7765
92 4899
3318 5958
4001 5234
4534 5697
2476 7369
506 9642
332 1353
8663 2588
6147 2628
9468 541
39 3760
4928 9007
8534 3117
5829 1006
717 6829
8499 4062
9373 654
8476 9528
7263 6300
7848 9205
5138 6750
9002 8820
1466 1440
2095 8027
2202 8678
3645 1226
5942 1822
8908 1988
9486 7886
3858 2273
771 9694
9732 4909
3142 605
6965 1920
6727 8922
2914 3407
8991 710
9087 1172
5188 6463
8493 6849
2103 4885
991 2463
9604 9046
3782 184
7997 2481
139 3940
9729 7994
4345 8403
4777 4650
5152 3773
8572 1665
2601 5512
8518 4812
2529 3946
5211 4353
5390 6570
4841 3322
3587 2345
5453 3886
2844 2237
2302 1688
9342 536
1900 9787
4913 3383
7060 1002
4668 3552
349 4285
1237 4747
8028 639
1436 1924
2637 7047
8499 224
5782 9430
8466 4248
2425 3192
8643 5638
6652 8532
8928 8251
437 3351
5757 5401
5316 7156
278 8956
6221 3061
1388 8299
1297 2519
2076 1503
9631 6681
4223 9702
8796 3601
9412 1655
6086 392
5594 684
4813 3502
6234 6679
2156 4091
197 3490
4087 6781
2896 8038
418 4398
4052 7726
6633 911
8245 7820
9473 9074
7409 7548
3675 1360
6505 8081
4239 3388
6973 3985
6761 5792
6606 2471
7038 2128
8593 8503
2867 5765
6043 3297
5074 9851
2620 9271
9893 773
7405 609
1424 6020
407 7622
211 3546
7810 8242
3918 4878
9143 9320
5541 8913
7437 9165
1921 3793
8614 3314
4063 314
1729 7006
3190 914
793 3120
2196 9101
792 9311
8354 5080
417 3772
7881 2416
3125 3148
2342 2510
855 965
6020 5356
7537 1825
2502 9558
940 2766
133 980
5226 3051
2877 3019
3982 1264
6382 2739
310 6534
4140 9020
6127 2220
6673 9304
7594 5742
9333 7508
2896 4200
65 9332
8675 3566
6663 5583
770 4425
8053 7195
9806 7139
8280 6420
3815 9610
898 9306
9358 6225
7312 2996
2909 7064
986 8372
7271 6378
5828 998
12 1750
9230 8110
913 165
6269 8288
7542 4397
8889 7817
7012 1199
9567 333
3084 2342
9283 574
7955 7010
572 6288
1664 2773
9198 8572
5115 2230
9184 3978
856 3014
823 622
7824 4460
4830 2246
4957 4273
9056 1699
2805 3277
1673 1731
5759 1928
7779 3936
8816 8628
4172 9601
4790 2066
6650 6825
9637 1452
7923 682
5942 5018
5162 7307
895 2568
4103 8683
5466 2056
2109 1480
6398 8452
5803 4859
914 6001
7959 9357
3062 4222
2867 9416
8622 4224
9188 663
8993 6611
1625 7675
6109 2283
9565 6248
1315 279
5627 2539
7311 4598
6760 6939
6106 8401
5208 7251
4172 5413
5517 8006
6130 127
6345 8417
5944 1657
7566 2084
9455 7581
7748 7982
4381 3308
8214 9475
8933 2746
7630 9424
3004 5341
7773 9732
4998 1964
4970 6332
7236 5363
3726 2293
3822 9171
44 2711
3913 4371
9753 1761
2356 2087
1046 8348
3185 1188
1360 3031
166 7023
986 346
9009 1428
4970 6682
9724 2871
8409 8788
8810 9886
231 2133
100 5622
726 2112
6631 7067
8217 5585
9712 4739
4421 9099
8882 8419
5613 4280
4106 1359
2268 7501
5048 8443
2648 552
8366 6058
7027 1001
6712 6093
1048 69
8026 9373
4788 3793
9196 2351
5770 3890
6921 3234
140 1614
7612 7289
8297 976
3531 1020
4553 3926
6638 667
6116 1494
4963 5487
7226 837
9944 901
7177 4328
7304 6355
4430 8407
4617 1817
2122 3488
2968 8612
2837 9849
5325 2843
5392 8229
2245 5773
7658 9512
7040 4215
3308 5270
2337 2329
8111 597
531 4222
1493 661
1995 8227
2556 158
9053 2019
3444 620
2575 4372
2324 7005
424 3601
1797 1826
9670 7845
6709 8023
5121 5672
4790 6067
6929 9487
9386 1670
1290 5967
2594 5553
1673 9115
5190 524
8018 756
1791 476
973 7199
4433 2238
943 8488
5766 2562
1944 4855
9903 9894
6701 6977
4886 1991
8101 9277
816 9844
1556 3992
4452 9054
7749 2409
2926 1165
6413 7449
5231 124
308 1682
3826 6525
4851 9702
6289 8322
8865 1917
1795 6610
303 4721
6086 823
1044 8139
7302 1316
9860 6383
4600 9302
990 4870
5142 2711
7858 9118
6925 8913
638 3664
4580 729
7237 9185
4216 2896
6196 1341
504 4603
6326 7049
5416 4384
75 8627
9034 6425
4359 1669
3046 8413
3731 2100
69 1642
2715 2392
4536 807
222 2638
7839 366
2328 5918
2176 2114
8088 1070
6379 7060
6837 8692
2298 791
1957 498
7707 1378
3264 6771
1337 4954
3577 5016
9334 2903
8178 963
5618 1485
4812 9723
5777 5679
9848 4844
3655 9810
4433 278
2223 8726
6650 2800
757 1642
8045 4756
2881 9635
1718 108
3686 1926
7920 9191
9749 7467
3257 5950
4152 1167
4184 5586
8881 8411
5046 4827
4084 8388
6014 7470
9782 410
8125 2426
5575 4390
7624 4884
6166 1825
6257 1943
8158 1785
6661 1804
4445 638
9809 7868
6996 8698
8775 7611
3926 8152
181 1078
1302 4717
5811 6737
7965 5527
5566 6906
3943 6254
2038 4004
6033 2585
2573 1130
4629 2795
822 7648
271 9989
791 6083
5428 3939
8456 4983
4767 8394
3619 6315
9720 8176
4682 9976
6322 1183
4250 3149
1511 2208
4276 4370
7199 1456
6550 7426
8543 1195
755 9809
1383 7126
9900 6831
4148 2872
2654 6572
7 8603
3579 6135
563 190
1777 9682
7242 1533
3677 3637
6153 34
7630 4244
2269 695
1050 6320
5465 5295
5287 6686
5153 4242
5960 3022
8864 2310
4776 1286
3093 9251
5435 922
8055 6867
5334 9915
4777 8277
8540 3125
6607 9407
4241 5264
6127 4074
1382 1932
5761 5414
3374 8308
8622 1622
2405 8446
9428 9599
7442 759
6657 9874
3949 1076
6586 4746
5746 6984
4856 9859
9920 7028
260 7870
1545 5494
5903 8099
6051 4587
7367 1524
8673 4943
7171 2366
7356 7781
1098 8188
691 859
9464 8855
4894 1641
1222 6911
2244 9817
4825 3756
2872 3724
4515 2776
8133 7823
5137 4782
6350 5004
7377 9008
2924 6543
4954 9993
1160 3000
1614 6388
8616 1002
7466 4512
5850 867
1273 3062
5571 1452
8267 5729
5564 4445
4215 5116
8368 119
7523 8429
7547 6571
885 2953
7552 499
4785 3926
7459 308
3250 5373
3881 9377
5798 3336
3382 1328
6080 2268
6328 118
5548 8823
9351 818
1692 5116
5704 9336
40 8230
5711 4091
4709 8253
5834 8628
4179 5055
6629 6647
9528 5591
94 2050
9994 4078
8290 7002
6568 2207
4890 4100
1776 1030
4045 5994
2183 5326
5080 7607
4108 3310
9617 7511
8740 822
3237 6989
3430 4378
9734 2434
9264 3451
2170 3586
7587 8198
7561 561
7275 6391
867 7985
9984 9375
2479 8478
4633 6514
8169 2137
3509 8993
4784 6683
8151 7193
1797 5640
2728 2766
5434 7731
448 5557
6777 9497
7607 155
2913 1765
4403 575
705 6876
4525 1504
760 6583
4681 8433
9885 5582
7762 443
8939 1008
5308 8531
8813 9005
8536 6253
1882 4408
8717 5510
6291 2814
8555 1018
3916 2335
5137 9588
8934 1014
869 6876
1841 4003
2741 5980
9140 890
8395 6398
7529 4005
60 2011
8676 5859
4942 9497
7705 5170
2104 7796
7964 6562
5120 1663
4557 237
2590 1273
40 3237
5893 832
1138 8582
818 2750
8935 9129
12 4572
9408 5377
7109 8118
7469 2045
3924 9342
5044 9373
1718 8110
4990 6104
6284 7254
6289 7598
1344 5425
7562 2209
9396 829
7739 593
9027 9068
7126 2810
1709 7997
3732 9522
683 431
578 2889
8112 9442
4946 6182
1398 9044
3726 8953
9581 7375
2146 7217
396 374
3371 4066
9270 9176
6647 2179
8827 2190
2880 4179
9002 501
8790 2308
8881 8842
8169 3910
6577 659
1847 6776
1589 1822
1881 5606
9061 7497
9560 1960
7039 8826
6044 7743
3554 9004
1971 1335
37 5517
6658 2718
4075 7952
8352 5465
3061 9071
9374 2709
3708 22
504 7612
7128 4330
9616 2242
4848 7875
8709 3258
3659 3543
6408 5172
5028 114
8825 4372
8274 6713
4724 80
4130 8763
5066 6233
9135 8735
2915 5462
6838 1723
4066 4806
4969 6300
2349 355
2065 596
853 7392
5214 3098
7322 789
7881 2473
2626 8742
8061 1128
6476 5464
9626 8191
8537 1057
5483 1044
4301 135
3521 9594
7038 4413
1718 3117
6785 557
4859 8010
2145 8819
2367 530
4476 8245
4426 2466
9087 4880
1432 6668
9529 5225
9830 8371
4823 5320
4414 7367
7070 137
9642 9074
4532 8554
8682 630
7176 6979
3664 9498
8030 5548
5375 9216
1959 5781
5813 6409
9294 2325
6403 990
2690 2095
6184 8796
193 4097
573 4318
1440 6155
2886 8800
4767 8020
4159 9827
3096 3914
849 2681
5243 7949
5463 9413
790 5484
2025 6027
8134 5497
5882 3920
3958 8790
5482 14
6569 4069
1032 4990
6254 2745
9640 8223
9590 2444
2422 6602
2207 2476
1866 8599
1450 53
9553 2562
2359 5499
9761 3265
3575 5238
8742 4040
9351 5087
2444 5048
8174 7905
512 8522
6651 287
6246 8869
3588 6604
7017 2330
2476 18
4429 804
161 4508
2031 2785
5979 3048
4606 5577
4179 3258
9987 8280
5458 7483
2734 6850
869 2501
114 905
4289 6809
8033 1607
5447 908
9619 6541
8564 7659
3196 2185
3149 2339
2729 9889
9668 2269
4105 7631
8616 4816
5190 2191
3734 2211
6781 8223
4412 6061
9013 1254
4529 230
6364 8874
3563 4049
1856 1040
1971 7214
892 7938
2344 4012
9477 9467
9164 4806
513 4909
7393 9918
4743 7514
5022 513
9781 4216
4464 8853
8100 1674
94 8897
3500 9335
417 1414
6508 2587
604 7656
8092 6694
1306 4730
2185 5830
8188 7156
1966 7220
9997 8163
8867 1028
6595 7844
8739 1782
158 6788
5165 3423
4384 2858
4450 4609
4558 944
2319 4490
8117 2378
5708 3069
5673 4014
3842 4911
9972 5258
8645 8132
8110 4590
6269 2547
9999 7835
5866 7792
6541 791
97 8390
4801 1052
8539 3949
9165 6855
1531 9520
941 6271
9900 659
7580 4775
32 6460
4118 995
694 3361
2363 224
408 2775
8059 9913
6323 2002
2491 2853
2401 6343
1 1862
2215 7119
7781 5438
58 8031
4105 2638
2331 1817
9762 1075
7253 2286
4727 8808
7122 3523
5035 293
678 4706
184 4171
8892 4602
1925 6764
6363 273
4165 3820
8007 3687
1611 1878
8416 1640
1759 2530
8414 813
5155 1526
3849 5277
8875 6126
5153 1453
5363 2229
7830 1516
3807 5051
1138 9013
5615 9620
3998 2367
9094 3955
6580 5576
9808 3298
7235 7722
4988 73
8811 1388
6357 7224
9301 5187
8714 1455
6971 2199
415 9557
322 9366
5326 68
8428 5033
9087 505
5857 6120
3682 7207
5573 6361
4670 4867
5559 1767
3050 3732
9655 2652
7745 4976
2263 4850
4329 7957
2796 5313
7865 3580
6593 6161
932 7982
531 3474
3695 3655
3445 9142
709 5466
1786 2417
2469 5857
7013 7686
796 8094
5653 8168
240 3675
1446 9142
7888 716
3507 7741
5018 7428
5209 3990
8939 2862
1095 1745
3147 2510
9843 7964
4239 6909
1319 7088
6389 1039
8916 4541
2679 9989
9410 5830
9656 2853
9147 532
2035 9887
2839 1576
3114 3501
8212 5916
5791 3564
2018 1612
9223 9387
3578 8331
9588 3658
1028 7289
5042 5920
1869 7905
6069 9170
4049 746
3243 8984
26 5035
494 939
5600 9631
1720 7782
8212 2883
6405 8338
956 4942
5792 9801
1995 3291
7084 8626
8302 5028
6965 7214
3376 653
8890 5198
4198 1219
1734 8619
3912 7803
54 9685
4777 6561
6026 2276
4651 8142
2163 3814
4214 971
2968 8937
1414 6170
8286 7154
7758 619
1073 5877
9755 8093
3437 7695
5959 4437
9106 1231
446 2746
6896 8925
6478 6722
7694 45
1745 8377
9121 7174
126 4461
7636 6456
1870 6571
4759 4827
8506 5558
9652 4558
7835 9325
2124 8373
4108 3554
4206 4843
7413 3940
1735 3902
9364 893
7101 6297
1580 6997
9892 3264
6535 3442
7027 3904
8250 4814
7345 2493
6442 7415
6863 2749
615 1592
2325 4872
2884 6556
8582 6492
4649 875
6180 1938
3685 7773
5555 6050
4901 7512
460 3152
4457 4088
9658 3972
8916 8997
2316 4005
6987 7107
164 9425
8481 6790
3431 7075
5055 1913
1877 3554
729 8645
3463 9242
786 2763
9683 1935
1095 3518
9369 4219
8711 1775
5448 4998
1155 7706
8299 6934
3302 4571
4166 475
8861 8135
5561 2431
9743 8752
9236 842
6311 677
7343 5025
9089 7962
8867 9835
5493 7400
4260 9909
456 5638
1543 3277
1909 1156
9314 9019
1389 2810
2877 1547
5609 1317
9556 2890
8045 3203
5467 2365
4712 769
5830 6389
267 6089
8104 9445
7664 3511
3622 9248
8878 8839
1039 8820
6135 3992
748 1474
3339 6681
9846 9230
782 4468
5520 9546
9959 6663
9393 7972
67 7906
4864 7929
1125 4807
8377 8264
3109 742
9466 6730
5096 6774
5129 1996
3329 8622
2769 9719
56 7747
5997 1025
2772 6984
9897 2752
6929 5169
9931 1582
7372 9122
3728 5860
8575 4492
449 1033
6274 7160
4937 8592
5744 3962
8051 5246
4909 7298
231 2271
3971 9001
5287 5938
614 8425
3754 4048
9082 9369
9168 9143
259 3538
2941 2447
3880 5850
7319 7956
3685 9546
1691 2343
8007 6078
2100 7466
2628 7585
1773 4627
6876 970
3185 2026
5296 9814
1521 7035
776 2717
4580 3982
6596 2084
6229 6986
7652 4574
9398 7511
5325 7519
4133 5922
6032 9855
7460 1371
2542 3273
6192 4071
7297 3070
4566 6154
9389 228
7675 1710
2880 3268
2229 8411
8642 5663
8105 1294
6677 3362
2189 2596
19 4027
6870 6386
201 5761
5058 9245
1512 2354
9762 2661
7360 3769
9039 5484
7702 7670
1935 4931
4984 436
9314 993
5360 3167
8014 7942
5901 9907
4766 2428
2747 4028
8820 3841
685 8210
2490 6092
781 8672
6572 9553
1438 4475
402 9807
4165 3901
90 8000
4042 5753
6098 7418
2488 8648
8431 3507
6683 3907
2861 1282
8965 6824
4347 2602
5221 3358
1076 1800
9856 387
391 8113
9642 6285
7643 2902
5318 6674
488 5013
617 697
7182 972
9014 3683
516 4028
9468 7071
8177 5438
1572 6518
1761 2253
3991 1627
1506 1734
1062 3972
1010 3782
7502 5299
7696 2132
5767 242
9740 2282
259 5311
619 3402
1807 1847
7226 7286
399 4567
311 2468
5686 4225
775 882
713 4
5405 1731
1927 3834
8463 4869
2477 3520
1706 1391
431 4455
88 9751
9833 8458
6655 4437
4377 3891
7207 4950
7355 4848
9853 3448
7735 5069
3714 5267
3402 3460
3159 4456
9416 6076
5051 7218
3189 5796
6272 7301
7783 572
5422 2435
912 6606
4267 5601
2242 4003
8661 4453
406 1550
7849 2323
8719 7841
687 7427
5940 7501
3015 3172
8533 2955
38 2817
9346 7939
1435 5600
3644 9759
6466 6793
5576 9668
2054 7335
6693 6018
7060 1116
5199 9718
2961 6319
244 441
3516 4097
8624 7954
8994 6733
3519 8532
5128 4590
235 2607
9269 2242
1703 9737
1581 1638
3425 8116
1080 4096
9364 8895
9538 188
367 1945
3290 5447
5938 608
7330 3047
7519 5952
7584 6347
8981 9130
6854 6501
4434 7003
7884 3606
6927 5259
6915 2990
9662 8710
7203 3622
7638 9966
7043 6373
1840 5662
8533 5183
3433 1187
3715 4283
470 4702
5086 8097
4078 2645
2185 6074
9927 9166
7503 881
713 7843
5909 7383
9646 7426
4952 9036
9023 8201
530 8890
7070 999
2588 802
6323 6434
657 7911
5413 763
8594 5055
3140 7731
7803 3802
8556 8735
3630 5114
8275 6995
7184 5450
3313 2963
4870 2995
5255 9976
301 5805
6999 5670
3534 8035
7871 5599
8666 3618
897 4338
1014 4923
9161 3597
396 6042
2884 3954
8572 9618
3536 1665
2066 9923
5242 5203
6740 4628
2561 1234
2590 6136
658 565
6170 8447
9408 441
7417 3335
1622 3466
1066 5463
1159 1490
1522 6268
2721 9036
8681 112
8180 2570
755 848
7692 9397
9593 2823
4015 7153
8614 8689
2308 3390
6503 5065
7986 2704
8966 6108
4859 5034
5260 6132
339 8517
3485 7338
7843 5779
1854 4913
4440 3360
670 7341
7456 2889
1293 150
1480 6392
9670 1730
9989 9589
3594 7281
2756 6936
857 751
2778 8415
2416 829
43 7593
915 9774
5526 4157
3320 5931
7919 4461
6885 40
3407 7805
4427 4222
9589 1926
5449 7882
8847 1289
3766 8677
3518 8575
3688 7266
3707 5064
9682 8506
4104 2256
3742 7502
4009 5402
3071 4853
656 5699
3294 172
9328 57
9295 4081
3548 7636
4128 3781
4327 958
8587 22
6238 1518
8610 945
3683 5767
7418 9147
4897 8843
7268 6170
4621 7447
4060 2684
3153 5952
4309 5640
484 3498
997 4837
6540 7868
5580 3588
7870 3013
1994 3714
1164 6640
1906 1615
5792 6662
1160 9904
744 1358
3023 7010
3735 9690
5259 914
5310 3885
4962 169
3972 8098
581 2276
8927 8707
3851 7771
3187 8545
1318 5952
9071 1289
9783 9631
1378 341
8518 551
9918 9267
2752 7836
758 4797
5419 795
379 8184
1812 6460
9193 9765
3844 3567
5647 7038
3780 6026
170 8010
2534 9828
1753 2847
5017 226
8191 7511
1465 5598
7444 6530
1941 5527
1284 1056
5513 3813
5548 9661
8380 7383
3133 738
9607 895
4137 3038
7724 5766
9467 5022
3552 133
85 1671
1399 4951
3046 7909
3386 4567
6252 7535
550 9355
1331 9920
646 3401
6487 3645
7338 9113
172 7682
5401 2444
4351 3906
3133 1088
7300 2213
4461 7484
679 2760
9009 6803
1324 5716
9502 3703
921 8709
6336 443
3911 7017
1416 8688
6609 1541
5929 1782
4649 4502
3522 3300
7231 7711
2635 5692
321 3237
5739 5822
5648 42
3672 3244
2412 7340
5294 4425
218 9905
9781 3468
3267 5410
3032 6267
9216 3467
4302 7023
8068 7804
568 835
4701 878
5857 566
5351 1926
1392 3756
7410 9524
5784 7443
490 5116
8786 7266
9096 1830
9646 18
9588 5675
1295 3042
7921 587
3910 6391
5565 3548
7451 2358
6313 7383
7459 2219
3539 7387
9291 4930
5086 2567
1672 6375
3477 93
5430 879
8363 5069
3881 4872
2198 5667
9630 7779
8140 6717
4241 8598
1660 8243
9504 2944
536 4306
104 4649
751 2016
7881 1538
9431 7569
4369 4811
8650 588
8345 6368
3625 9009
6633 2261
4386 8198
5485 7352
3804 4810
2024 2289
2028 3162
6942 3770
1806 4281
9331 7338
8121 4381
9432 974
4260 2582
3976 2823
4695 5920
2577 3377
4692 2239
9084 3674
1027 4516
4168 2993
462 2263
5508 4488
5873 3677
6533 5413
4783 4986
9361 5645
7145 6731
7303 7317
9858 6451
1761 724
3101 2973
8794 9735
8203 6261
2687 889
3442 6649
8724 7461
4689 2291
7304 7892
9715 3140
2694 7695
5762 8168
1350 6458
6670 1338
6288 1044
2143 3650
97 421
2806 5657
2625 6777
2341 602
3356 3091
9718 9423
4293 3415
2932 1043
8463 6723
4475 6280
7923 6220
3694 53
8453 3002
7109 9679
4815 9354
4220 5761
1797 6746
8889 5784
5054 2954
456 4272
9050 225
5994 7713
6185 111
8268 6605
6852 5300
9751 4244
2523 5345
950 4780
9136 9044
1908 6735
2710 1007
3064 6423
3654 9672
9435 9111
7324 1323
6145 4095
4796 4766
7287 8611
2968 9344
2581 2290
3420 6243
7188 5599
7243 5306
6441 3864
2585 2409
9838 7222
3360 9575
4420 2385
3759 9092
3425 9970
7023 6471
8637 7791
3327 767
1835 5294
6556 1343
2349 3071
1175 6187
4781 3303
302 6033
8423 5738
7169 3263
300 5960
1323 6058
5559 6980
2524 4765
7601 2139
7819 7694
4892 6702
9697 6586
5325 5803
2529 2076
3238 321
5199 7384
2064 3437
8184 5348
1214 1577
9371 185
2779 5634
690 5741
499 9179
2887 2723
2078 6526
8561 4517
1709 9103
4852 3489
5499 8026
6810 4619
2642 5521
5938 8073
4694 6286
9173 550
2232 927
865 6654
9384 770
4993 6353
1486 9216
2498 5772
7919 7120
3308 659
9851 2865
5646 1256
9596 8008
9469 319
3193 9946
3465 1774
8108 6992
6735 2351
1041 8950
5573 9264
1459 7019
2907 6327
286 7327
5549 8089
6377 3582
131 3252
1798 3452
3334 9777
7682 360
361 1270
2365 9161
4075 6025
897 8420
9832 1660
8092 8337
9486 1023
9647 8296
5344 9562
8204 2916
3477 8550
1858 6886
5471 5173
1111 5905
5963 5635
9511 2773
2009 639
8151 2501
9820 3528
6950 3070
5618 5600
1129 4232
4778 3674
9420 6038
2005 6532
9634 3523
5806 1864
2473 184
8655 2973
9845 2245
3465 969
7078 4918
8351 5945
8776 4431
4674 3701
3647 451
5756 7412
2022 5388
1194 4977
3491 5573
4386 790
7914 8573
7343 9538
1684 2360
5142 9404
9374 9426
9147 3785
7244 2362
9742 962
9181 2615
5447 7007
808 8324
3322 7457
8888 5776
987 4125
5780 8156
1355 2077
8918 7116
62 3781
6834 7567
5316 6709
3943 6986
7448 3296
956 1779
2812 8294
9078 8502
5923 5431
6454 5067
6803 5221
9382 8913
8231 9569
2376 4731
1603 8945
7766 5268
199 2739
1873 4110
7974 5971
4894 3983
9899 3955
1043 620
1569 6328
4802 4394
1529 9935
2811 1626
4392 6216
8617 9231
7528 4349
7567 4277
5361 3045
4599 7448
282 4844
2678 9583
3514 9855
6941 4000
6757 2193
117 5716
1402 8258
8398 7588
1464 2720
7056 2260
7799 6505
9514 7877
2358 7134
3669 3727
892 6466
173 363
7714 8087
3758 9434
5654 8932
8734 3750
4694 488
3813 2725
2601 9521
1323 2488
2596 2761
3504 4599
1135 2437
9378 7235
5520 9871
852 6286
2096 1657
5091 6725
1385 6749
7758 6100
2221 7021
941 2571
2747 6313
797 9208
3251 1874
3433 9270
262 6420
358 6128
8467 8482
8725 7020
530 758
7407 2086
4883 3019
9316 6707
2623 770
1783 3762
5826 879
2054 8197
8463 1543
8528 9108
6972 9678
88 6425
8247 6614
7707 2728
704 2227
743 8571
2789 4630
392 420
9325 3
6878 2846
4089 1064
9417 9391
5589 1316
274 364
6739 9103
2252 2146
2561 9317
4331 570
4685 5232
4174 6248
6369 7291
3126 2121
3926 2736
8294 6029
4860 3543
1322 4841
2120 8793
8591 3017
7409 2108
2154 1207
9034 6970
3888 2629
3896 7408
7910 6039
3946 355
8283 8499
3297 6325
3359 787
4102 5032
5418 1969
2584 4174
492 600
9332 9818
3270 7885
2606 1489
6434 7312
2079 9142
9548 1714
3507 658
7932 4485
790 442
9492 4788
1546 9810
3349 2701
9297 1314
325 8192
397 4096
113 4337
8721 7570
1037 4456
2351 7736
6570 6799
6365 3361
3994 6788
7268 5609
9100 9818
129 1083
5860 8329
918 6427
9068 8028
3053 1777
3524 7778
2562 9087
1843 2984
3866 4509
6753 8354
3613 4063
9611 5045
3417 7157
7006 132
6099 7564
2267 4251
6504 2365
8178 3736
9929 7017
6522 2944
3134 803
9673 6273
7018 9941
5309 9515
868 5155
7924 8700
3717 6264
5988 5639
4178 5161
6795 1009
5487 8097
5893 2369
550 9949
7646 61
3370 6156
2718 2029
4240 9422
5176 476
5081 3622
2686 239
7350 8586
318 3183
9468 4713
39 7932
8716 5640
6321 2257
8155 877
288 5226
1496 5104
6107 985
3242 8041
4445 3411
6941 6846
9584 1663
3861 9776
6703 8186
1249 3692
5227 6830
2061 9986
4262 3704
5669 759
2651 403
682 5530
3832 8257
9770 2018
5697 6190
4102 9838
6564 8027
5666 461
8739 1278
7340 1832
9053 2377
9261 9496
9452 6812
2537 8410
4259 373
3323 2903
198 8342
3164 2092
5810 7006
5497 2345
9571 7443
1295 253
3313 5598
8700 1700
484 977
4863 4459
1043 2661
6492 6811
6332 2392
1096 6459
1194 2830
6600 3900
4894 2991
3524 9201
4393 5449
4512 445
1965 6090
5724 3448
839 1326
433 638
8787 6930
8940 756
616 2974
8112 375
940 5515
2265 5978
1462 901
7954 2418
9165 1813
2917 1410
5320 8818
3156 2924
4909 1370
5083 2489
8942 3461
5934 3793
2324 9941
2916 7601
4192 8145
1606 7446
8954 4195
3343 6133
5616 2171
3811 2037
8575 5330
3834 2960
1396 2159
2560 2462
2703 2016
1875 2359
6789 2213
4382 3731
9125 2737
6234 7818
2616 2771
4796 2782
586 75
9563 5592
7091 2551
4694 4757
9463 8394
9367 2270
6189 3911
7844 5232
8708 1136
5630 6391
1278 1322
7494 7105
8686 2286
5229 5266
7003 3835
8615 9990
9644 8405
6872 4318
337 6137
1196 1697
2316 1728
4033 6179
5748 7551
6402 1925
5459 7448
9667 8574
3447 9465
580 9278
9047 7368
2576 312
7605 7094
3599 6072
1634 8689
9442 2979
3132 7360
6079 3342
4546 698
289 3063
1407 8683
4298 1350
9463 823
9272 2009
3616 7180
7291 5591
6477 3388
384 5552
744 3643
4479 9275
7714 1752
3610 6611
4146 6591
7751 9898
8121 9431
3073 5625
3202 2063
8740 4750
7272 7419
2764 1837
80 4767
5498 2434
155 5850
4037 8526
8980 7620
4935 4014
4009 816
6058 7726
6001 776
172 1323
1849 8627
7823 2045
887 2766
9262 9935
885 2693
7039 1182
8919 7317
887 6149
6644 4036
4653 4678
9994 435
5042 4261
8916 6265
5795 9194
2567 5056
1225 6144
2221 4419
9065 9771
1123 1703
4853 575
2955 4414
5208 8845
5413 9277
4515 1711
3078 8197
8773 9370
5826 1310
7565 7240
6916 9046
1431 2987
3679 7074
2645 6817
644 9023
8555 4946
7400 8112
3047 3599
9883 5680
5569 6757
204 7970
390 4942
2322 6349
1236 5902
4316 720
3388 7275
4159 2988
6022 6510
5335 3328
80 7345
6613 4699
6430 5746
5248 4837
1170 8665
7510 6378
4547 5729
5674 515
8938 4310
3034 9379
6014 2835
3932 4113
9844 3069
2925 7931
7011 8128
9217 2190
1906 8706
5987 8559
2804 9856
6165 752
777 6677
4636 1233
3922 392
9331 979
5191 6181
4568 540
7095 3288
2272 2798
8953 7220
3626 2501
4842 8656
5124 1172
5246 7019
5526 9288
9361 5702
8960 5358
3752 4303
4774 7963
5397 772
9907 6400
9826 1308
4781 1937
882 812
2514 9097
5680 5941
6914 624
6858 7108
1966 4569
6694 1789
6568 9786
5852 8118
5200 3237
1562 9589
2997 8692
2612 2465
5289 2528
6476 3781
2424 8830
5445 9457
9614 9157
9497 8572
2676 9805
2301 3512
6685 922
8809 7417
4220 2435
3559 474
9911 5364
306 4385
7933 6965
6221 2858
9669 9214
5490 2410
1109 8681
455 3727
1979 7783
9885 3362
9539 6889
9167 7283
263 6940
3193 5197
5674 1938
2807 5161
5014 9247
1998 3302
8009 7899
6290 1123
5269 7487
5974 8242
5167 6456
6626 5953
5981 2997
3460 3447
8023 2320
1436 3949
2797 7075
9772 5528
675 4790
8806 9347
6184 2575
6903 1508
8049 508
8491 1607
5316 9181
6863 9279
3668 1117
2176 1480
9238 1807
3254 5449
3159 8595
3604 9211
1445 3661
3322 3863
8725 498
4595 4136
142 4677
6768 2222
5364 3186
9479 8285
8813 5980
9107 11
5578 7087
7116 2905
8816 5497
9196 5718
7448 6118
1319 8625
9034 4636
6787 3403
7038 770
5083 4075
9904 3738
3331 9237
5669 9834
8464 7674
7722 621
3575 8816
6882 3613
4726 8160
4293 8278
7029 4040
6163 7309
6024 3767
3703 6956
4325 4783
7876 7854
8329 1972
4163 6707
6305 9644
3473 5506
2695 9376
2571 6866
8022 1263
7187 3845
6394 2519
3842 650
4459 6476
9918 4144
5498 4825
9536 8014
3399 80
8980 3595
1232 5192
2290 8509
6581 4974
2973 1369
2811 9709
5215 2258
7947 2028
4118 9566
1979 9556
746 1542
1626 5496
3985 6970
8496 6407
5946 1201
8969 2655
5724 3074
4736 5414
4920 7221
4855 6826
5627 3141
2648 8375
7378 6422
8068 453
7725 9913
9000 7603
2990 5106
8238 4836
4100 4449
7183 5954
4449 8767
7303 3804
5782 3429
7189 6900
8397 2614
3414 4121
4407 2879
236 6516
1516 3796
6645 5524
2018 9110
4102 8659
7359 4867
9885 597
120 2369
1264 542
3419 7848
833 7903
7449 596
8142 5478
4964 7119
1693 6317
1414 6902
8912 7382
6395 2316
4710 9454
2277 8997
322 1722
2089 9700
9468 5762
8934 5828
5670 2033
1740 2349
7094 8891
3551 9845
3360 6867
9060 7630
3885 2551
5295 6293
1768 7026
9090 9724
2459 4665
8653 2553
2984 1103
2552 692
1454 2894
2367 5076
1357 5213
1460 6092
1763 3649
4450 5154
6967 7214
5995 3671
7027 8019
9974 3247
7639 6331
9767 6152
5459 7074
5402 6540
5610 7243
296 2729
5404 6586
1720 9587
8702 2795
1782 4049
6054 1218
4469 5554
9466 1501
68 4033
8164 5371
2216 4506
8876 881
5861 4206
9288 5521
9 6055
780 5178
9625 9078
4446 93
4630 2654
3771 7094
1405 8613
9397 9628
4359 7264
8929 3898
4911 7777
9338 1851
8710 8698
6996 8682
7330 7804
4996 7326
5844 2697
2671 5436
5928 8060
9758 4130
8322 5556
2513 7479
3938 1730
1068 1272
2193 8063
1912 5569
4558 4067
8883 6532
6166 7070
8874 3036
3218 5955
6162 3918
3644 7295
6039 5016
9065 2981
6847 7404
1069 4476
7253 1676
4006 5432
8462 5162
877 7689
6257 7538
2147 7664
277 719
7780 1543
6118 3215
5445 4627
9444 1472
8523 5034
2852 2757
6183 1358
4433 8101
5090 6156
3448 7706
1669 2377
260 2243
4623 1028
6956 1281
2600 9302
8486 2873
389 3562
6330 8174
4928 5047
3097 3692
4301 8332
686 7720
3378 8815
5414 4940
5572 5526
9280 667
7287 9904
9964 3551
8281 4346
8126 7441
9117 8782
6326 7651
8926 5804
7568 6359
4196 1341
6076 6722
5195 8959
6728 5187
992 1761
3669 1824
7846 8555
7875 625
8644 5337
4951 9730
746 8121
2606 1546
7057 178
9199 3869
6874 1225
3314 6736
6712 7313
4291 4961
3223 956
5034 8452
5994 4818
3843 3293
4192 4201
9825 3742
3476 8949
2101 9897
8574 784
3570 1414
1132 3619
3938 6536
951 4739
1412 5888
7738 3895
6293 4104
2895 1275
6205 2005
267 8244
1129 7485
9224 5215
9719 9358
1629 1392
4578 3863
2582 6413
1596 3164
7599 3736
8380 4301
283 4990
9529 2818
2678 459
5945 3771
9773 3178
2744 3708
3835 3001
8026 3022
617 1079
2554 7748
2430 5992
5818 5127
7378 5430
1746 2327
8078 6595
3069 9133
9110 3773
4277 2595
5782 2437
3910 7497
2705 4884
1387 704
6676 435
3626 4705
1291 3625
9068 6930
9257 3419
7605 6533
5088 1467
9346 9126
2968 2261
8143 924
9918 8763
8573 508
455 6736
1286 248
8913 576
638 9072
9525 7556
9501 2998
7821 8228
6078 2556
6045 6580
4445 3468
8648 4250
9341 2716
3181 3658
9590 9836
4423 4618
371 4005
2544 6255
5469 4
2948 6870
3705 6287
2705 7112
2989 455
7645 2525
6898 790
1571 2487
6361 1339
4884 6898
3516 9017
6128 2269
4782 8873
207 5479
9849 9723
4725 6087
1234 3067
2469 7020
6216 7751
605 5525
7507 8603
4085 1970
9656 7049
164 9165
4806 7365
7609 185
4307 3480
4202 5938
1536 3001
3451 7467
4643 9064
5799 8752
9799 2789
8612 1536
7567 3342
3950 8319
9327 3733
3480 9336
3447 6944
2201 4330
463 5418
5343 780
1084 8734
1295 8954
706 8559
4935 9064
960 9607
7240 853
6326 7114
5268 1545
6615 801
7262 4584
3279 2233
5768 9415
4615 9244
9027 2286
1035 1271
1654 9422
9868 2902
6764 1274
8193 2060
8470 4812
8463 3641
2766 6559
1336 1384
6845 5585
1031 7164
3765 8515
6633 5140
5532 5913
4795 9030
2918 9582
2892 8361
9055 4684
3972 4829
4261 2680
8650 6850
1709 7981
8232 4647
6031 3759
3104 9183
6024 2588
6466 3687
4876 7679
7240 9497
2574 323
9886 7995
5686 6730
4557 8865
3005 2761
7055 7465
4367 8741
9076 5911
4372 2669
5280 8671
3002 1709
4815 6622
2819 2756
9060 490
6140 669
8166 6629
3827 1822
4202 945
7014 644
6475 6782
4049 3332
5004 5770
4109 4137
6289 3394
7963 4765
3367 7664
210 3766
1529 7390
7707 4021
4850 8686
2486 6868
397 2811
8325 6285
1888 4475
1893 2567
6707 1813
4659 8337
7486 5715
1579 687
6370 5803
1389 3973
8880 7446
5492 8311
4150 9399
5837 8723
3437 832
3070 5734
6169 5520
2241 1745
1936 7525
7387 1922
723 887
5735 2030
7261 3503
1103 1108
8476 388
1064 1180
7345 1696
4402 6587
3793 4816
904 898
7841 2277
404 6210
4449 3400
4382 2178
3457 9004
434 1134
6001 9477
208 5517
6587 6568
5594 8564
7839 8970
2225 6473
2600 6350
3658 4749
5614 9216
7544 8298
6238 5633
6890 3344
1126 4286
7392 4494
8230 5593
3989 1321
3751 9077
9128 6743
9107 5866
8878 5814
2599 9508
2038 6997
2398 5088
9182 6979
7946 9217
8846 4778
7070 5382
1010 3522
4417 3461
1120 7854
318 2248
7350 1235
9301 5358
2329 6422
6914 8252
6570 8442
658 9486
5885 8339
4538 4919
5347 362
5882 3904
9990 6334
5733 3781
2920 4611
9112 8088
9991 9188
3267 8102
1708 7243
6314 3534
5999 8626
8986 3253
3320 7736
7843 1518
3853 8199
3858 2127
654 8963
5374 2158
5621 8451
7952 5625
4194 5459
5195 3324
9013 2043
7332 255
2991 2168
8069 7314
7699 2119
9583 102
4142 7147
6514 6574
908 8856
7964 1821
3045 5787
4147 4458
613 4774
4205 1430
3852 3786
1672 4529
2298 7435
9239 642
5913 1631
5563 4258
5344 9058
5769 8298
6238 7056
6706 2206
3005 2574
2385 2866
7987 7258
6335 3956
7200 9130
8320 6909
5090 8360
3001 8467
7767 2007
7695 441
2657 2241
3899 3201
5170 9817
4984 4177
9748 1808
9495 3614
909 8276
9837 6761
8336 2874
7159 7227
2512 4519
3322 9986
2362 788
6472 5543
1956 9899
1149 3949
578 4914
7276 4779
5089 4351
8888 5272
2537 8898
9634 8280
9300 9158
3013 8827
5253 2473
1789 7692
289 1778
3630 1821
5674 4223
5185 7442
3437 3678
4461 995
5240 733
6272 5081
5114 8730
1289 6588
4276 1215
6044 6385
9258 237
9067 669
6816 9116
7936 9147
5914 4060
5265 5866
8756 2470
693 9159
9031 4395
9683 2106
9896 9569
7157 2212
9875 2276
7468 3794
8288 9949
4262 9803
4145 9218
1530 3617
9708 3856
1676 3442
6593 3567
4511 4845
6627 8813
3442 615
7206 4733
2944 2590
3546 938
4201 9500
2042 3950
3260 4516
9896 9919
9946 2866
6936 6535
1544 3673
5463 8860
3503 7657
5316 5400
4841 6827
7241 4138
8263 7798
6890 9573
4030 9803
6585 8937
1888 450
1261 3735
2691 2494
1275 1189
5075 5718
8287 2907
5264 1453
3245 3053
908 9474
2240 1282
2018 2401
5300 7499
9839 1814
1864 8350
315 5927
9114 8728
1029 4516
8778 2363
8709 4478
5784 149
7155 8127
8178 8225
6865 3635
3661 4809
3501 390
2348 4383
1518 8063
5377 9035
7146 7260
1788 3228
4561 3753
4497 8464
4220 3460
5298 9681
2774 9860
5267 8116
4302 4990
8942 111
2751 1740
9253 4699
4267 1771
822 6266
5639 6941
7884 7347
2774 411
8837 8204
4709 6253
93 2858
3577 4707
8097 1978
4816 6150
9122 2149
1028 7273
4359 1710
7401 7378
188 5347
9548 4243
4006 4066
4828 468
4219 5113
7364 7496
9110 4017
4566 2942
2377 5851
1518 3875
3538 5883
9453 4356
332 5476
700 9844
862 2258
9638 3355
519 5302
4063 7202
362 1154
8085 9858
2005 2458
1165 5450
7703 7312
6151 1208
6512 8569
821 9023
5694 2460
6421 6172
1526 9778
440 9331
1803 1950
2023 4168
5421 581
5292 1891
1271 2843
4985 1182
5446 1577
7218 9899
7526 7800
4259 324
8459 1589
4536 3076
9621 5229
6244 3277
163 3546
9215 4541
5008 5515
7556 9894
4268 1541
3382 3434
1150 7397
5125 438
4634 9246
7518 742
2889 9917
2421 1181
3971 7212
2892 766
7962 8303
6188 3318
7731 5172
795 6647
6645 3971
2128 555
8170 5219
5157 5207
2065 206
2409 16
3465 2506
94 4506
1377 5467
9617 168
5955 6126
9615 3505
6765 5177
5361 5387
2517 6904
6918 6173
9184 4450
4862 2256
3239 9518
3981 4493
1271 8454
6355 583
5171 3011
2361 3358
9675 1277
3859 2029
901 5888
5230 3591
995 9687
2635 894
4357 3437
7433 3771
1738 1100
2013 5277
1052 9440
9823 7941
293 4692
5735 6917
7144 635
3288 3344
9045 1231
6216 7190
3941 4663
729 1058
2007 8091
2382 7968
7425 96
3970 3149
165 8829
3768 5674
6085 7646
3150 6793
3368 8184
2298 1100
6881 8519
7435 3443
3949 767
7792 8376
3516 885
395 3814
4574 4202
9545 1180
1864 1747
5940 1256
5822 2698
777 9743
6249 2011
7783 7509
6532 8715
2007 520
8390 1313
1700 6227
8429 5405
1739 9565
464 8465
3511 7307
3819 5208
3972 2040
2721 9662
4779 1574
1231 4436
200 9358
3123 6444
394 3939
1827 8631
5800 845
6894 6071
481 6567
942 1300
5582 9253
193 2902
688 9297
7880 6287
8224 3845
662 1660
342 2244
935 3512
9457 1309
2588 4006
6910 6200
755 8240
5941 6338
3229 804
6250 1431
902 4503
9419 1956
4764 9156
9895 1885
3914 4290
8461 5636
7869 5724
369 5171
4942 4732
6815 9696
1048 541
8238 868
8854 3086
4872 9628
8513 2793
7606 3809
1099 1260
166 3307
334 5335
7364 7659
3066 2853
7178 5025
4489 2693
4251 4033
3680 4998
4681 9279
4244 7026
6761 4922
99 5468
8437 7120
8009 7582
2579 1984
215 166
5636 1514
9211 3481
2593 9961
943 6732
31 7404
6218 4121
153 2671
9086 1500
4051 9233
2365 4095
5976 7971
1238 3647
8149 3805
3944 2196
8025 2049
7650 2926
9917 4811
3480 7165
6866 8479
2413 352
76 6773
79 6290
5335 3629
3367 2565
6544 2951
6831 6391
8068 591
3338 6708
2629 2047
6669 1899
9711 397
4231 1098
9072 7055
95 7173
9331 4313
7565 9769
2871 4963
3112 1642
5109 1946
3734 2894
3887 3890
7619 3589
1275 1970
743 5115
6598 3537
2773 1395
7840 8661
6152 9112
806 2431
8366 7953
7559 2003
2165 8894
887 1107
3082 2150
2160 2134
8646 3806
5370 4912
8484 5730
9943 5227
7744 5920
2536 4865
6176 6473
4003 1971
4211 9090
4154 2140
1038 4659
3219 7524
2197 4618
9294 8164
1754 4048
761 3038
6177 7048
3679 2032
8104 5859
6268 6412
3223 1981
6019 3456
8283 1660
1011 3186
4667 3075
3428 1632
6671 4550
8903 587
5141 9347
3214 7530
659 1980
3212 6703
1125 7637
7474 3184
2610 1939
409 8221
5538 5785
7128 1793
2711 6909
2083 2422
2854 2299
7444 4473
128 5727
2175 5394
1934 2299
4749 8742
6755 464
7183 5637
3270 7812
9113 8129
4913 448
4011 8224
546 9
9259 1538
6063 2573
7047 9159
2009 379
8327 777
9008 9806
4875 7511
1482 8032
9577 9926
3820 8629
5701 679
7701 6916
8842 5572
5244 2655
6739 1809
6918 4026
4269 8640
7 6497
349 3228
3983 2392
3155 6145
1214 9156
8492 4412
307 3756
5477 1321
6657 8573
747 3274
3610 6725
6686 643
6668 9863
1204 4681
8060 8138
2575 8495
4132 9281
8552 8600
956 1169
2888 6740
3017 3178
8144 4079
4880 284
251 9459
1361 8802
1669 287
7116 2856
9112 306
2300 3537
767 1647
6708 5505
1985 2213
1081 9162
7769 1923
2571 1556
9167 9812
860 7473
5216 9251
1324 5887
445 2535
6248 767
9815 2119
859 8002
7729 8159
2590 2737
322 3633
7734 2087
3252 1890
5862 731
3561 2645
1773 6652
9993 9746
5581 8036
8742 4536
2740 9070
1909 2726
9901 3741
9899 662
5824 4761
3828 895
5517 9714
7119 9519
9734 8704
1704 4199
3639 7789
4004 2060
7897 9032
6813 8658
8675 3664
2792 3194
2074 7115
2886 2075
3662 2296
1852 8234
3560 8435
8167 7580
6240 101
7702 9695
42 6975
3461 1259
639 4979
8253 184
6324 4710
9412 143
8099 6133
9996 2823
6441 8678
3311 1665
3017 1218
1160 894
9054 1374
5922 3360
4637 5736
3384 6115
5513 8790
3755 1332
1397 9882
4413 9411
5036 2220
4669 706
8590 3310
5317 5845
370 9261
1392 6505
2507 5438
1631 8773
4879 5619
884 622
3463 4314
6623 7729
1265 3697
6024 6646
2724 7358
8445 2582
3847 4654
5963 9376
3372 8333
1561 9882
7822 8992
628 9677
320 5360
2061 7953
7732 3814
9813 9481
9089 3034
9087 9377
5878 9453
692 4185
5790 938
4692 4638
8193 1930
1710 3939
63 7397
6433 815
2639 238
4657 5583
6558 6179
2015 7958
6380 1154
1708 6495
6591 5538
4259 8139
1673 7440
1583 4514
7582 6098
5252 9526
9540 812
6272 5943
4128 6343
1074 3324
8235 1001
2841 722
6392 4547
1789 5521
4652 4808
1932 1665
1961 151
2716 5911
3053 4550
8163 2064
8101 1186
2564 1353
3708 5942
4181 6354
9871 3019
4179 5527
9688 9728
2780 419
510 3898
7170 7443
9054 6180
6318 8166
155 5427
4731 3007
6441 4035
8958 2685
8268 2238
1447 7635
860 3903
9645 6998
9366 7583
2174 4931
739 5828
1324 8733
6620 3219
1355 1630
5180 3772
6375 9804
5525 7190
3130 3053
7643 3317
4625 2961
7587 5637
2289 1656
7886 5704
2013 6676
749 2759
4203 5897
1603 2082
3991 8458
8478 8999
4552 6805
8908 8583
5491 1540
2427 5003
876 8169
5664 9604
4766 2038
7840 5709
3053 7128
1861 5531
8125 1906
597 5721
7316 47
7247 2162
4889 3542
5378 323
2454 9428
4849 6395
9052 5679
5036 6221
7178 9912
1791 6640
1230 1877
6555 4271
7358 8567
7404 8912
5195 3999
3942 4378
3058 682
7763 9784
2562 3484
3530 9537
8358 4709
8229 1855
662 5742
5181 9204
6198 6104
3006 3875
2249 1452
7572 7183
5201 4194
3463 5282
3120 4162
620 3237
9589 8139
1425 1944
9623 7723
9456 8549
7498 1757
7532 7003
8062 3785
3454 6667
9987 8939
9982 1425
2335 3828
3947 3567
9580 3862
3955 8346
9989 8231
9371 9350
1176 836
6895 2403
8946 3724
7022 8594
546 440
4544 4954
1325 4342
7837 7989
2477 9546
397 1071
7673 6834
8633 8862
5706 7870
4025 5328
5021 1351
4960 3327
1966 1113
6140 1157
1165 9695
4835 7762
7468 1891
821 3469
2873 3480
316 7683
2339 9208
7628 9693
2996 5765
8846 3843
7667 8867
3462 842
9248 625
4860 6479
4082 9595
3650 9938
5078 7870
1934 8341
6279 161
7029 5577
9085 3078
6220 2964
8959 3905
2455 7289
3448 6047
4566 2999
2919 5703
264 703
6766 3662
1977 8418
227 7991
1176 9830
452 4137
3354 9014
5798 238
5240 1408
8046 4325
9011 281
3214 6001
3716 7151
3341 1612
6353 1399
876 2371
3028 5996
9033 1733
4678 6973
7725 1651
4550 1311
4199 330
3457 6109
9646 3653
1826 678
9119 4136
7276 1266
3984 8255
3695 8152
4817 2594
713 7453
362 6472
1143 7037
3626 3851
9450 2960
4440 3775
7342 8652
1255 4245
7423 912
2595 78
6839 7277
9820 2089
3868 3734
194 8177
7453 6389
2408 602
6852 4479
3715 6121
3706 9041
5951 8693
4611 782
1157 6689
3328 8866
3321 5443
5876 413
3018 1470
430 7114
148 1012
3169 1639
6775 8581
3920 9909
8748 4327
3982 4371
5930 649
1170 8055
6094 9351
2911 6484
2634 7896
3781 3334
417 2341
9133 3387
3314 4622
7760 2910
2192 3764
9074 6190
5619 9243
700 1875
237 7069
8967 5569
3445 6768
663 9163
2714 6320
4780 8673
6736 8976
3467 2585
41 6376
5671 2236
5674 255
629 7300
6293 1990
1869 5181
7877 4599
2837 5572
2677 3405
6466 3638
6066 6148
5720 5511
2148 1563
210 8255
2677 372
7842 4763
4917 4598
4263 6060
1584 9334
8714 4692
2138 94
5025 1687
921 6546
8646 9661
1607 9503
6019 2545
2015 5356
4043 7225
6084 3694
7424 5189
2193 3184
8741 5734
3003 2235
4154 1579
3367 7615
569 8723
4922 6820
8403 2736
4435 286
5369 8263
7265 7761
1938 5294
4548 4135
3685 9587
7661 4728
4048 779
6596 5158
3671 829
3698 2652
3608 6142
406 7389
2920 6522
1235 74
8394 1088
2446 3606
9889 3625
9295 9302
9357 4518
2163 285
9009 802
8611 6391
989 4155
3284 918
7922 8798
7607 1058
8262 8866
8513 6233
7019 3517
1682 362
2375 5244
7822 7813
1315 5264
4840 7114
6294 4015
1368 9062
566 7620
196 2425
4368 8058
6316 8500
6326 2772
4941 7196
4817 5440
7967 8167
7597 6382
3726 3895
8311 5725
2399 6769
8371 5776
24 6290
9919 2312
8559 9210
1668 8950
8526 6818
9546 8897
4790 9629
4262 842
7703 6027
8367 6007
5034 3573
9284 4955
3253 3833
2821 1924
9142 1839
3469 9315
8352 3440
8882 222
3961 2607
7111 5334
3128 2606
1104 856
8129 5088
1131 4931
6549 7516
5823 6658
5520 9855
7944 3056
5182 411
3334 3613
8566 9226
2145 1533
1248 9653
253 8570
4484 4984
2030 240
8277 8342
3413 4845
1432 9181
431 4146
9312 9955
2201 1061
8271 1357
6402 5934
8458 7599
1641 6322
6906 1495
684 7975
7747 2111
7957 2887
3015 7401
8423 4380
6652 3076
6148 6017
1385 5578
2536 4922
1102 8673
4849 9404
4584 7443
6583 8574
2161 8428
3632 3024
110 4855
4308 6047
4244 8506
2881 4553
3650 3603
6539 1859
9879 8093
6512 413
9865 9915
1374 851
7793 1301
3089 2223
9150 6937
4728 4539
6068 2624
7276 2502
7002 9847
4359 8614
6382 7887
4042 7217
5935 782
3295 5482
9587 4659
8064 9873
6275 3102
4726 679
89 3577
8017 2887
8264 9180
6487 4678
3498 9224
578 9403
4069 6007
4993 8378
585 6410
5932 9529
5987 3574
2277 5354
4178 5950
8269 75
2225 8547
942 1170
8629 7965
4825 284
5606 849
2402 1269
7937 275
2995 8199
1493 7874
7847 3765
9085 5737
5543 9545
8055 7851
9175 7882
9142 5490
8966 538
2954 8548
2161 52
8821 3597
3266 9574
3724 4036
7586 9443
645 9820
891 6843
7569 1168
9420 1647
1820 3142
6641 7723
4437 3154
703 7546
6240 963
4115 659
9071 7128
1318 5375
8298 4172
9721 8176
3398 8188
4798 4072
8633 4650
7281 886
1680 9928
8103 1452
9775 1996
1318 2342
3610 2594
1278 5949
2250 3076
2957 494
5257 4771
2728 5360
95 4815
1335 9866
2543 5580
3611 9585
6187 2426
7281 7652
8272 4829
2057 6064
8637 4018
2849 402
7220 9628
9365 4168
2908 982
3532 3061
3728 721
4435 4555
980 8362
6991 7297
3378 2594
7483 7005
2137 4488
6149 40
5829 624
3628 6906
5741 4941
5245 6989
4299 8831
7857 241
4796 3221
6488 9305
4647 3098
4301 8877
2178 3738
842 8024
7408 2108
6003 8509
1557 3805
8473 5061
9731 4302
5068 1815
7461 8535
5756 5599
7151 7555
1177 1305
5096 7246
9958 494
2117 6064
9292 441
9419 216
8861 7802
6738 9079
4066 2944
8109 6477
9754 2192
3878 2893
3914 2550
1099 8969
3726 9669
3680 2908
3497 9617
8038 1349
4521 3524
3569 5521
8106 5425
8670 7453
6609 3192
9661 9548
4367 3057
98 3153
946 4940
6228 3500
6520 8038
1625 7480
3743 3607
3764 1451
9832 920
8684 5257
5790 7411
65 7527
3602 342
4006 4367
9336 7105
2072 2133
1361 3061
9676 9425
4256 4515
4225 2950
9137 9147
897 8030
8578 1047
1733 8302
5587 8930
4534 3705
358 6998
9193 9456
2386 6615
3630 9156
5366 7241
507 4088
794 3364
9419 9210
4337 158
8783 4862
8667 7131
8519 7233
4305 7790
1344 798
7326 5411
6732 6924
5730 4670
7657 4235
2342 3283
8658 6264
5413 267
127 4971
5626 1314
9469 8923
2000 2765
2363 7543
3643 2571
8152 7597
3047 7421
4979 7330
34 993
1488 4310
2236 8899
806 3724
7315 684
5410 9768
7435 5704
1829 3822
76 3878
2847 9992
3353 2216
6866 8967
4194 6996
5161 6031
2666 5450
3280 6841
7110 2911
9097 2527
769 1563
8391 7963
4520 4722
7914 3645
8573 3281
8499 4298
503 5793
5544 2012
7159 6186
1221 5255
378 4566
1806 8160
7408 2726
8220 1850
4300 9270
3868 7361
8959 2189
9870 8462
3117 2474
9187 5022
5417 6751
4696 6991
336 1307
8961 2235
4606 4065
867 7359
8145 9785
1090 9094
3444 3808
9700 2574
7867 6808
6026 7017
9426 2005
8116 8266
7338 4966
3979 4317
8826 2949
240 7611
4230 8100
4160 191
2296 5112
9290 1363
4749 3969
4558 237
8131 7793
5206 7628
3561 4743
2871 4296
8139 5402
2903 9469
8593 9544
2528 7340
7418 3390
6987 6587
2562 508
3778 6663
2868 3998
7916 634
2866 7335
7164 5725
4667 9979
6386 2425
5453 4472
8911 5100
1740 3325
9592 8467
7593 5084
5289 9733
3269 1309
5005 3558
1654 6934
2275 3080
5351 7578
9153 8016
960 2581
1211 6364
4884 8866
925 9942
710 2406
9325 2646
2107 5189
4244 1366
5876 9651
2361 6237
5460 1105
3314 7094
9145 958
3544 10000
855 8422
2037 9331
5552 4077
9232 3586
3440 2480
477 5995
6201 1490
5769 5997
9506 5286
3551 3250
8449 3325
5018 7526
8287 5249
159 209
8371 3442
7391 9807
225 8376
4857 5888
8121 3267
2188 3434
2995 2214
4454 1711
9621 2765
1835 5790
8528 1147
837 6688
8870 4294
8555 9386
124 4537
3427 1844
1560 7248
9958 2535
4293 3456
7989 3498
6024 5361
9078 8380
4350 4744
6712 3483
3692 2300
5614 767
1732 4507
1274 3629
1086 3578
5398 5838
7929 414
8646 9100
4462 1952
862 8788
4934 4391
4624 9827
3597 6577
4378 6388
3968 1794
5766 757
6948 1666
199 9383
5521 926
8874 4012
8132 6785
6174 6409
4300 9888
8314 8519
3277 7511
777 1668
9591 9665
9221 4470
1210 4933
5348 5320
8123 2508
8840 4778
2357 6787
8859 8992
84 169
2582 2933
9581 5944
8244 3966
6057 6948
1205 1556
7746 2935
1053 4168
5908 6825
270 524
490 2742
7150 2123
8604 5440
5534 8304
9858 1499
178 935
7384 1795
8519 2858
645 9446
1475 104
4494 5566
3935 1630
3250 1527
486 8635
7139 4593
7703 6621
5239 7605
6602 224
478 7993
1777 3071
5163 2133
6692 6533
1031 4944
8868 2638
4327 7496
7317 5804
8279 2243
1503 8137
901 2619
2705 9698
6537 179
9646 2905
2273 7789
6810 7693
5812 2929
5526 6507
4660 3360
5434 502
6467 7704
786 4739
109 4497
9131 6781
5702 4639
2839 1942
9656 3219
8534 2361
5201 681
1312 7414
7640 2084
1279 5022
2342 4519
3460 1471
2004 1491
6574 2289
3451 3637
2578 9899
4522 743
6315 3526
7570 9609
4359 8858
9619 3687
8867 8778
9901 2619
4227 825
1947 3616
2766 501
6255 2694
126 9365
9422 6556
8615 606
1989 809
5342 9557
1166 6434
3631 9058
7544 467
3502 6958
7306 8223
8237 5349
6186 1776
5654 4167
50 3112
4804 5717
1354 9868
6462 6555
4380 3669
4877 4475
4466 3443
3564 4803
668 5376
6862 7428
570 9005
6332 4230
6184 4332
9348 4513
4671 3094
2038 2549
9500 7536
6076 5738
7478 8865
6322 2761
7602 4959
252 213
8999 2824
1372 244
5260 6872
7853 2326
3455 6738
6194 7679
8775 1618
9678 3112
3208 9490
9958 5381
3896 3448
5319 1036
1181 649
7526 8532
8214 8906
9716 9231
4857 9084
4081 6611
867 8595
2455 3776
340 3416
6930 1304
873 6131
3724 897
7677 5668
1295 4319
1109 5095
1575 6588
2514 7739
7022 7659
5499 6457
24 1086
5423 7401
5803 6868
5244 9314
194 5469
2811 1317
9481 9714
9409 3230
1377 9232
1255 1887
6862 6623
9873 5808
6263 7792
4768 2222
3343 7971
7285 5036
285 8216
4681 2977
5770 1443
3079 3202
3619 672
4734 359
1647 7780
1613 2534
7373 4102
2646 9736
4728 6206
6971 9949
7928 1880
9741 377
2526 8099
4166 4224
5007 4840
332 4248
6684 9892
9523 8785
768 7030
1446 3710
3572 452
777 8247
242 4705
6954 8440
9819 2138
3783 672
9013 3206
5403 5190
9601 6382
1158 4182
5079 6032
4127 8029
4867 8593
1936 3695
1106 7375
9649 6049
2226 7406
4179 1022
5884 3958
8191 9406
5857 9682
2903 451
7373 3297
2739 4958
6440 5344
6997 3949
5295 1284
773 9602
9832 5352
4758 1079
4658 3881
3023 1684
9308 6106
3329 2922
7895 8482
9015 8513
9643 1666
3067 7648
1728 9007
2289 184
2879 7597
4319 7044
387 6533
2047 8198
3687 159
6248 8907
2070 9121
6045 1408
4188 1084
9687 4597
2562 9583
2159 7658
3711 8100
3750 7274
851 1914
3614 8167
1884 9116
65 4388
5225 2019
2773 354
2616 6032
257 4558
6017 6126
1566 1078
2438 7423
9902 2657
7218 4833
7192 3612
2900 9174
2792 7951
3044 8172
1050 5133
6065 6547
8990 296
1302 6108
7088 229
2509 8013
6308 8934
10000 5070
5177 4580
4158 4601
1660 339
5832 5972
164 960
7192 8873
8857 302
3210 8999
214 3706
3247 5848
2213 673
6783 7887
325 5200
8498 5095
6662 9812
783 416
8807 5850
3893 3744
5104 9555
7618 7934
9894 7653
8473 312
6067 4684
5873 2189
3419 3107
7166 3838
8868 7257
9988 7288
2211 7393
9642 235
2018 1336
3136 6956
8339 1251
8736 4105
8015 8509
551 3449
3285 4046
6060 7650
4785 3544
9332 9054
4774 9801
1037 3342
7556 990
4130 5535
2113 7208
6363 1420
8573 9941
8542 7622
5283 4171
2995 7101
2222 7151
8858 6138
1097 360
2755 7614
2349 6926
7628 1805
3118 5222
5263 6178
1990 4549
8960 2658
4198 2821
402 6335
3948 9062
4132 5207
8650 5061
3295 6962
3008 1270
3758 2522
4190 2179
2644 5689
7775 4834
22 3081
6749 3684
3294 1075
3261 5099
6334 5162
9756 3881
9041 7319
9829 2639
6925 3351
2377 4786
6898 4157
3125 2205
6736 6081
387 4118
196 7556
5834 7441
1846 3615
755 2824
8688 6642
6016 507
9102 5693
170 9718
6328 5697
5087 9843
8382 6535
3619 6096
5329 9376
4013 5269
8834 3434
9157 2367
4174 3874
3675 2995
8178 1817
342 561
2145 4786
7320 9111
9982 1726
6031 1165
6626 4758
5134 3623
9418 9497
4540 5136
6064 9192
1453 6141
2508 5777
6716 4651
3500 9945
6029 7104
1915 4859
6977 8371
3971 3114
8816 7335
2030 5371
113 4996
6390 2387
7007 3295
6859 1145
947 2189
5818 5379
2368 5366
606 1896
8259 9861
1189 8138
9902 5503
7937 950
1155 6275
5162 2981
9582 7218
1053 8250
3549 9433
2393 3329
533 3488
8458 9697
4297 7606
3232 8036
9735 263
27 8231
4626 3351
584 9842
6618 9727
1174 6675
3500 5757
2910 2508
6420 3326
9764 8548
3532 7924
53 3
7148 9892
815 8462
4748 2001
9507 4950
2253 7082
9357 8389
2471 8473
9443 993
6607 1617
1161 8318
72 7600
1068 5875
7203 150
1132 383
4864 82
5227 4106
3642 8442
9308 3959
5204 2402
1938 8360
2331 2427
8898 5781
3798 5949
5756 7079
7031 4015
6165 5786
8904 6727
9525 5125
1451 1856
9711 2097
122 897
438 5829
6379 9687
5500 2171
3413 3105
1701 5414
2327 1904
6771 6535
986 8852
3388 4738
5026 6452
4594 6795
4871 9547
8424 7029
7369 977
2735 9808
4745 3958
4373 8516
5615 3814
9797 3719
5205 5636
9917 8739
7646 2948
941 6076
3537 1047
8358 5628
1794 1791
581 1569
629 5023
4557 1628
6026 1813
8101 3528
6821 6248
8345 3888
408 2580
1342 4141
6698 930
7976 7963
6577 9271
1223 1975
1033 6015
8223 8594
494 5737
3704 8515
8897 1368
3761 2633
815 8007
2028 4065
4320 4317
4481 5174
5128 2541
8025 4822
5933 1248
5310 2023
9991 9977
2352 5882
8608 4648
7090 3790
9987 6825
7841 5644
9197 8426
7115 5540
8979 6254
1049 3865
3038 144
73 9248
8392 270
725 543
4061 242
425 251
6211 7204
2257 2962
5426 9903
3719 6140
7599 7989
3961 5673
4706 165
5113 2209
2587 7977
6043 7778
7283 6413
6132 4817
612 1955
6162 6911
8213 4068
6368 6787
5685 341
4100 4677
3909 945
8554 6990
9232 6676
8203 6009
9168 9135
7277 2811
770 262
57 4527
9704 9115
7369 5783
9676 7067
7897 8154
3965 5391
3158 3605
1017 9938
9777 733
4152 5217
1633 1576
7569 5844
9126 5876
9928 902
5182 2322
4865 171
4051 3630
6790 5325
465 7920
6481 7199
6605 3293
8057 5783
7315 4392
7843 6763
6501 2189
5014 644
5439 5546
7371 1291
8897 6174
4977 7178
7085 4869
464 1252
6868 7086
1920 1232
5947 4232
1549 8644
4694 4611
298 9850
370 5000
5530 9047
5748 4022
894 3465
823 4753
4560 4796
8985 8623
2752 981
5811 1338
6218 5634
2870 2922
7398 3464
4256 7768
3962 905
9753 8202
8378 6898
537 6052
7660 4403
1275 2783
8529 651
8754 3213
6202 3596
7227 4521
8808 9865
7249 9006
9907 9019
6096 167
844 2947
8714 3033
4160 516
7287 8709
2994 4247
9776 8721
1681 4575
5946 6235
4542 7199
8580 9634
5137 4376
6935 7503
376 4764
842 9667
9638 2371
8674 9269
6520 2565
5217 9997
3044 577
9969 5359
2006 2830
7916 959
4302 3201
1375 2209
9439 5544
5743 6256
2405 5730
488 5355
8514 5954
1169 2306
1260 8086
7421 9998
5546 4207
1129 9323
2722 4848
6607 625
6442 3032
3592 4704
3118 8231
3954 8503
6005 5660
3212 7866
5423 7190
5951 8807
5535 7431
471 3846
6782 2319
4139 1086
4483 5814
3881 7466
6775 5312
4237 2375
3170 1224
6465 922
9823 7762
5320 2524
6588 2453
8093 9465
7214 6113
8669 8120
5749 8299
918 3784
4378 4485
1358 7466
4544 5686
3699 8334
2044 4761
7801 2648
7486 7740
1863 2471
3355 1354
6524 1879
3468 5203
2439 7542
9846 5652
9531 4328
4591 2499
826 1162
4305 2667
2310 8071
875 6716
9218 9466
2781 7656
4677 1492
4522 3833
7348 7402
1245 5468
2551 1717
5386 9536
8626 2357
3789 3689
2925 1369
8897 376
4788 4891
5380 2551
1956 1507
1023 9970
4409 1862
3393 6318
7345 4071
2758 5578
5595 3644
8298 4928
2515 6574
2792 5162
7928 3897
9366 2517
9137 3219
5374 1955
711 9294
1583 5059
8204 3014
5685 3537
5900 1247
4351 5240
4690 4706
3191 8062
4492 3967
2066 1271
7169 4784
4273 9521
8855 1254
8457 6843
978 4161
5806 4995
5200 2741
4096 7350
2441 4531
2346 6923
7468 8234
3464 3875
3994 657
6260 1940
8182 407
3025 7211
8720 4220
1807 6645
3465 7483
6848 2110
7971 5822
6285 3690
7821 9261
5416 1026
9331 9477
1180 481
6006 5406
3102 1954
2301 9782
8800 6054
8805 6398
1145 1426
9856 4380
3078 25
2228 2329
1360 8935
3996 2581
4094 3116
8515 6043
9131 8261
886 6800
1784 7950
7231 4857
1945 2391
9199 259
9166 4283
5580 8573
3959 6082
3307 1955
129 3596
3088 7509
753 4177
9937 6789
1333 322
2119 1231
3547 5579
7134 8307
9343 388
2376 1796
1275 5979
2123 7766
9683 2708
6621 5463
365 6697
3453 2130
6428 5822
5502 9040
1734 7432
493 5162
3485 4297
1293 9941
8586 6983
6559 1552
6684 500
4844 9979
4438 2875
4925 2239
6055 2958
9195 4997
5370 9271
319 286
4061 7089
3219 8500
1225 5461
1419 8710
1787 246
6331 2075
9001 5131
135 1108
3889 4538
4305 6668
5650 8507
4181 8322
8942 1518
2834 4902
5263 5617
4736 9106
7855 9514
2965 1386
7215 2014
1282 2181
9401 9387
8618 8749
1966 9229
9919 4654
7133 3867
2916 4153
1938 7181
9552 9556
4595 5868
6590 5345
8622 2452
936 4927
2171 9634
7305 5290
7119 9072
897 9136
7048 3944
6863 8328
2849 3281
9139 7293
3936 920
1955 4502
9849 9146
9259 5897
1076 1150
7536 3883
9626 6630
2881 4667
8848 4084
6821 5069
4429 7619
2123 2773
7291 6681
5269 8764
2327 5986
8182 4408
4076 9194
1832 5226
7804 4987
6195 8929
9891 1801
7000 6882
2549 1834
4223 3205
7254 4520
2237 27
955 1920
4382 7399
581 5651
7250 614
4373 9565
9660 8469
7024 4997
5312 890
4313 2317
2465 5519
3251 6428
9199 877
4586 1163
6053 5439
8694 5845
7417 7328
7570 1908
2618 4980
9624 9162
5949 4335
7850 4177
6228 2996
2585 2588
6853 8683
1908 7264
7068 4141
2336 3015
3863 7342
6476 9864
6593 4787
3332 4673
1245 1443
1427 6587
3944 9401
4071 5012
8269 5450
3097 4806
7949 3782
5466 6968
6460 7826
8234 6395
1637 920
451 8937
2044 9380
5277 7446
1977 8158
2845 4181
9192 5317
670 5268
6014 6958
4238 5310
886 9996
9002 9357
506 4113
7985 6041
256 9600
8224 6057
5516 265
8382 7397
2255 151
717 4333
787 9236
3311 9057
1555 4678
6050 9998
8715 2130
9408 7012
5855 9530
7316 3438
5265 6281
965 7064
8276 8849
8995 8536
6008 7493
7776 7745
5340 4361
2702 3472
9450 9116
4070 599
4751 3966
2292 5294
4814 7698
3632 373
5803 8966
3972 9863
5154 8520
6396 3064
300 2301
8636 3126
2729 8678
883 8543
9355 6977
8039 5122
1263 1594
690 8148
4240 8365
1825 9211
4236 4459
5673 6641
7728 4671
6324 4881
3440 553
2523 881
9069 9774
2736 1928
1190 5438
9055 5180
371 9307
4984 6015
3311 8252
9070 6212
1897 1358
1401 9822
8749 7325
2341 8165
3482 2657
1682 2867
1579 1988
5660 6005
2487 7990
2260 8765
2554 9212
4541 8828
9142 7027
4610 297
2114 2524
9711 7147
1122 8128
5570 3079
7247 1715
8648 6869
5833 456
8725 2393
3783 6153
3249 6219
4408 9588
5430 6832
2309 4843
1032 7080
2809 9330
7919 6844
8750 356
386 3899
5171 1653
6325 6930
9804 8435
1802 316
62 577
6822 1320
8429 7885
5980 9901
6720 7459
1553 2995
7311 7900
962 5937
4358 5687
9709 2132
3608 271
9607 8271
8063 6192
766 5244
7209 4590
980 3483
18 4792
143 2986
3878 8618
2061 6969
1908 311
793 624
7852 7850
6362 2624
4390 3316
7103 6042
3922 1750
7165 504
5833 3034
2999 4485
6086 6890
5449 6077
3701 61
7876 5211
3084 4034
7161 6397
7412 3764
8191 7666
8068 8764
1329 230
1774 846
5440 8593
7553 212
8435 7245
405 3494
3796 9316
5286 8126
341 5953
5718 1367
6724 6746
2822 1940
7643 6521
1578 153
5041 1125
865 4418
387 1410
3043 7766
6890 7223
8361 1819
8268 5792
4782 3116
9887 6702
704 528
3250 8244
7763 4344
6113 1115
7610 1096
192 4325
176 3792
7731 8970
7579 5166
8482 6660
2648 2699
96 7246
6951 5597
6734 644
9747 2908
6730 9570
6828 6695
3986 1869
6976 177
8032 2667
9553 3042
4446 9209
437 4506
1333 3331
4539 8619
7903 3950
1543 9742
5813 6084
2069 2618
4747 6289
7056 1984
6767 1881
4315 4380
6240 3118
9719 3869
6647 6660
9016 3160
8192 5931
3307 3809
9129 6255
5793 5058
6978 5484
8110 614
2716 1089
9340 4223
8130 1266
7877 7990
1658 7571
5360 8559
9785 8222
188 2997
9333 19
9491 7775
1313 7536
3240 2937
4720 1059
191 1016
812 3578
8279 8155
553 4815
1487 8628
4890 9549
1740 406
5563 1721
4252 2122
4226 3153
4477 520
2600 5236
4933 5489
9673 4224
2237 458
3162 4185
9822 9982
6773 8061
730 3172
262 1606
451 3757
3276 4472
8420 7986
1099 8896
7212 1692
7482 9689
5648 4653
1441 1463
9063 7863
3500 9815
2481 9836
4023 8836
6862 1313
377 8911
8234 7981
321 4815
7157 480
9526 2642
7320 1410
4141 9996
2558 8743
2173 1762
6531 203
7850 7991
8024 9864
1188 8537
6327 6789
252 3897
157 7043
3235 8204
4797 2164
9394 7037
8797 2617
5572 8576
832 3425
1453 1823
5720 5064
3983 9760
6549 1913
1478 3573
2176 8799
4783 7369
6808 3305
5934 2549
5528 1861
6033 6692
1143 4980
771 8784
9976 6611
2040 5905
3747 3252
8566 7006
4772 13
7566 661
816 4770
5616 4310
5989 3360
5741 9674
6980 4701
3064 3195
8478 9788
6880 7503
4046 2538
6764 9772
384 2080
527 1634
6186 3150
9809 1371
4883 4166
6593 7446
4604 4751
2456 9913
8182 9645
1735 7147
496 5704
2953 4303
9736 334
3333 3770
8844 8798
5628 7703
8393 4203
1951 6213
9862 2136
2790 6002
2912 4679
3328 6809
6334 5650
9882 2788
5656 6718
3264 2852
9790 3199
2598 2799
3788 7733
4838 609
3284 3504
1968 151
1071 8271
8848 8166
4834 3119
9280 1407
6370 2274
6821 6118
5854 2919
8228 9589
1000 6526
6361 8577
1251 3893
4981 9181
1815 5921
7536 8315
1404 4889
9817 8378
4619 8011
8852 5252
1152 3133
658 346
4861 1128
6251 2740
5315 5270
215 6192
3350 717
6968 5764
5342 677
8495 7839
3482 6471
862 526
7551 2557
1924 6214
8975 9415
6797 405
4152 8925
4434 7857
3539 3972
511 2928
4408 220
7827 1674
6648 282
4096 4829
9506 2635
851 5248
9541 5073
6112 2931
8548 7069
3894 938
2097 665
8513 1598
6600 241
7410 4954
7208 8203
479 6773
9865 6890
2217 5685
6666 7654
1783 2949
881 4309
4143 7277
5886 4281
3298 2755
9249 1639
2277 451
5790 1540
4986 5687
6559 6252
896 8000
5383 9295
3365 1698
8057 9841
3048 5963
3516 1113
3333 8576
2053 4880
2237 271
4785 4650
6676 4558
5461 7673
6648 2510
1794 6117
3724 5199
1947 697
3130 4460
5738 9644
5267 1391
576 8934
1424 4305
4535 1442
8795 2758
3864 4455
1453 2791
7293 181
6296 4687
8259 6161
4205 3967
4430 6529
8695 8943
572 8411
7165 4318
9405 4380
9317 8697
7472 9164
9466 5787
218 4880
4138 9511
6688 1885
1309 9808
249 3412
9110 7091
4421 9799
1794 1929
5503 6340
1076 5850
9168 4817
1929 1565
9604 1183
5999 1259
9507 1250
7693 9698
4028 5559
1786 4670
2306 764
8198 3949
3372 3942
5519 807
8411 4996
2817 8793
2652 7036
9315 7846
2653 1222
4767 9281
4710 8747
4927 114
1537 4316
190 5060
472 7375
2435 8849
2107 3156
405 6153
312 3710
7460 428
6281 5452
7736 5207
934 9126
6841 3574
8016 7476
311 3485
1403 7884
1672 195
4543 9923
2179 8105
1614 5852
2411 534
1827 6899
4160 7152
8448 690
8821 9566
3623 9953
116 6400
6422 4529
1630 9768
3569 6684
4056 6048
4255 9641
4994 181
4116 6853
6738 7209
8672 3027
1621 5518
8754 5311
2193 8161
5956 7173
7821 942
9342 1317
6601 3713
6210 4057
9774 1728
9529 1143
5386 412
8401 470
4240 8959
1532 3167
8753 5059
2120 9753
5642 7922
5293 1352
7822 7179
931 7673
8867 6127
3433 3009
7963 244
8840 6933
8737 3802
5471 5596
8491 363
6092 1742
7344 8308
9837 5810
6062 9447
9522 6738
6222 7450
1676 9712
6521 7517
5841 1342
4939 9118
8741 9556
2795 3102
3036 2033
429 457
5716 5777
2815 6006
7149 4053
9195 866
6829 8801
1817 1242
3527 8686
2071 8706
9853 6693
9970 7278
2284 9753
9282 3494
133 8982
9961 3782
3343 9508
1404 6930
910 5641
1815 1546
226 8392
1599 6617
1778 8834
5023 1999
8538 9577
4988 9360
9035 3967
8035 4038
4107 5181
3124 7865
163 8043
5977 9874
376 9090
4359 5402
4610 9185
4447 1085
4644 8769
3949 808
6748 8970
4386 1563
9771 9670
8716 4372
2481 9112
3823 5772
1144 4882
7703 1205
3045 9642
5471 1758
8979 1749
8788 2181
2874 6562
725 2454
4126 8964
1638 9554
4100 1327
3439 5782
4055 3836
5743 1133
3618 829
2498 1552
9652 1468
9695 4548
5245 2354
1002 4425
3536 9098
5761 7374
6580 4259
8345 4994
5265 3760
5234 2195
9817 3198
7904 1087
3117 6670
8008 5574
3992 6116
8722 4163
8187 1375
5456 3705
841 3918
3461 9863
2274 2194
2045 2142
4851 5059
9297 3347
360 7028
4503 1343
4356 4299
2680 6265
1642 8518
6561 5306
1236 3666
5773 7734
3218 2938
3563 9766
3449 8698
8919 7309
1572 582
4490 3740
2504 6978
1919 4073
6308 1827
941 6377
8785 7494
3155 5218
4187 9566
9538 6011
4490 707
3681 4510
3596 8344
8102 1021
6197 9351
5361 2663
5259 8802
9562 1120
3746 9042
410 7091
2268 443
2734 5346
8627 9887
7306 6190
2863 5167
9554 3861
6873 6308
7403 3090
4597 173
4502 3319
9082 4051
1169 8055
1110 4442
2163 2497
1237 3463
4809 995
1877 6075
6959 8711
8208 4426
9970 7896
4213 6599
2475 1271
2941 6928
1850 7635
8505 4420
9506 6449
7073 8998
8813 2321
4590 5768
9008 2008
720 3883
7533 3506
4797 6246
1316 4668
5834 4522
698 5787
3779 9875
63 5047
5670 3367
3483 8601
6721 5513
3393 9839
2827 7738
9432 4406
4379 1010
7961 3394
4736 5943
1429 8894
6002 2793
8514 1099
3145 9710
3572 9023
4974 7986
7364 8773
5153 3787
1982 183
8590 9954
6521 914
5531 6591
9416 8784
9106 8558
7466 6017
546 7271
2633 4839
2065 5321
6063 9835
7261 4861
537 3775
5244 6534
7892 1695
8040 8009
3372 5178
7114 5565
8729 8985
4335 307
8977 2671
2065 2288
3517 4778
3377 8905
3300 6241
9685 7861
6914 7382
2220 8992
9252 7979
964 5690
7665 2820
3522 2089
7885 874
9270 8558
5395 7053
3053 8966
4923 827
3581 2669
1647 6097
3923 5816
5105 6725
1428 7487
8644 8281
4384 6965
4229 9306
7441 7249
4232 7325
3511 6811
6940 8953
9459 2014
6028 9625
429 8914
3667 7324
4968 3229
6336 1110
2823 6410
6154 5011
1202 8083
6400 8450
3169 631
1701 3300
3807 164
7105 3543
2972 3500
9197 701
5311 6951
7637 6033
7759 7716
7573 8492
4126 5744
2744 9685
7412 6854
7701 541
6080 2968
538 2791
4801 8542
4390 340
6188 57
1524 9423
834 8976
5796 176
5732 9051
9094 9217
2418 1005
5979 8928
9429 5531
7909 8010
3412 2617
63 404
9925 6112
3423 3907
7365 218
3111 2100
9570 7641
8971 7312
8265 7830
9886 3905
8296 7897
1045 7294
3008 8768
6575 5956
3839 8696
9503 9802
2820 9471
6053 7537
1970 441
1404 1750
7479 4642
8074 5983
3053 590
2151 8366
5697 8841
7065 2558
3336 6540
6297 7116
471 764
1651 5010
1 1781
6262 1645
6485 9796
5725 3692
4727 5344
1741 7155
7257 6111
5092 7162
7779 1497
616 3747
4783 9036
5713 8943
8237 6512
2879 8142
7459 5464
1045 3106
3562 8172
4503 3734
6247 5844
9380 6712
6295 9298
2530 791
2184 154
2349 2665
5745 8831
9728 5143
43 4235
3488 494
2195 8614
2524 976
1221 7654
6197 4976
410 9132
5014 4596
9866 3572
2674 7336
9191 4157
7849 5999
1503 4307
2203 4718
6636 9160
4821 7584
4107 2579
3823 2820
9853 5969
6341 2072
797 1068
2297 7736
6963 1826
8268 7272
6835 2580
6989 6430
5050 9514
237 9712
3902 7435
4556 2563
9843 1467
7945 4552
1880 3102
6792 9299
1635 8933
6891 8524
1688 6315
230 5508
7723 9808
3925 5325
7292 6589
4367 6424
2963 218
722 9353
2775 921
6 6931
4693 4150
4665 9272
368 904
4380 9288
8738 5477
7153 9813
6052 7580
4586 496
4496 3986
4506 4674
7236 8535
4089 9489
6742 4994
1176 259
2480 2851
7337 2925
673 6054
8505 5656
3976 5613
9981 596
8876 873
1382 9934
7641 6719
1631 4976
8997 3085
3797 6055
3981 8616
5887 8802
4729 6789
5422 4501
2397 9390
2433 9047
8847 9153
3572 6876
5731 6010
8900 119
9546 5929
7586 2474
1892 4909
7176 4296
9116 4066
1112 4946
7832 9296
4005 6327
397 2722
9634 8378
233 813
7106 5405
7512 431
2319 4572
1813 8184
7971 4163
7315 2546
5924 7879
7044 7910
5570 3217
9224 751
447 8851
5086 364
4575 2134
9153 2039
4242 5866
7187 6683
845 6645
5167 8839
1776 3771
7536 5339
1834 7159
7995 2655
990 8497
9804 3662
5248 7488
6812 2275
174 8877
6968 9204
2949 3813
3472 5840
1385 2610
4625 1847
8888 7598
3628 6353
388 7116
23 13
8383 5396
148 4623
3215 707
8576 2758
7640 5288
4410 6739
1595 5988
9780 982
2283 4110
8482 2342
2863 255
5426 9830
908 2806
5023 8659
4770 8213
8407 6140
4959 4702
1776 5999
2249 7909
2126 9761
4053 2156
92 3159
5816 2064
1552 9674
2930 8243
2023 9259
3415 7534
3265 3803
3322 5091
6718 4087
6811 868
861 2586
745 4855
1046 8755
7400 3892
9568 6552
8585 9236
4896 5477
4495 5133
3870 5081
17 7307
4334 3495
3907 1930
1448 2504
1947 4137
7081 2799
2962 210
9847 7815
3500 3269
9684 469
5914 8614
9344 7194
2902 5040
9898 8534
9345 3632
3390 1596
2376 9131
442 481
9905 2508
6159 4631
5720 7967
3483 1006
988 425
7118 7188
3135 4460
5960 4421
9731 9710
5276 1510
6368 5909
7961 5598
868 8587
6866 9569
77 918
7197 2758
2814 8202
3098 1545
2284 5004
3256 2885
3247 5051
8441 1512
8413 5880
3628 1710
8289 4124
443 8596
2320 8044
5362 9548
4768 8809
1344 7011
1839 4738
1253 4614
4448 6360
2030 7689
9334 4920
4976 63
1617 9994
4205 186
6138 9365
9702 620
6969 9293
5174 9847
4608 4740
3921 3810
5657 6059
3009 4482
3382 3532
5340 4662
5433 689
52 5533
5305 5607
9317 3411
3940 4991
4351 361
7671 7471
7327 491
3906 9544
1126 1432
6398 9827
9308 2544
1816 6016
2647 5944
9725 5276
7846 9165
5422 126
7233 4212
509 3126
5757 2856
36 462
5724 6880
1348 7079
6854 5347
9596 5805
4460 7070
4178 8138
2023 9877
9027 6816
6904 8093
5016 8456
9108 1328
8340 5886
2511 6433
1045 5765
9484 4059
6753 7143
6465 4232
3411 1213
6210 9375
7733 4161
2437 1007
6764 4299
1022 7444
1261 3296
4031 4304
5927 3802
5306 1240
8695 6235
9748 9208
4082 6521
4612 3303
7048 1025
4615 2820
9188 7299
9186 6472
7574 317
9067 9224
5865 6307
3623 6172
688 401
8573 2273
7759 5732
2375 6895
1652 9718
1561 3938
1650 9645
7720 2771
5144 3514
3707 7748
5008 3653
782 7583
3175 7887
5045 9170
3892 6747
1683 2588
3269 7522
4318 8841
5563 7820
6898 8971
430 6350
4348 2267
6834 5014
1051 2496
5218 7785
1415 9374
3072 942
2605 2230
6994 6400
542 3558
8797 9871
4752 5511
4988 1846
5466 4854
4814 6389
784 9507
297 2973
3382 5305
6880 4608
9199 991
5804 4095
8657 2694
9592 7109
5167 276
9740 7007
8625 904
6799 2899
9614 8588
2895 1430
2029 5453
811 1881
2934 1358
59 2808
6380 6887
8780 8362
1676 1393
7283 1965
989 6879
94 9410
3730 2231
1589 8564
9244 360
648 4334
8657 3044
3612 3673
2702 1008
7610 1047
9206 1007
7026 996
6189 3505
7027 4604
3904 5952
4289 6517
1085 6937
10 5925
2079 8549
1754 2373
694 141
6850 1709
8384 7207
4308 1282
6293 6487
469 7378
6790 7293
1820 6753
7932 2387
8971 1490
2773 8364
1563 3155
2733 8965
3607 5557
7471 6873
2242 5695
406 3242
1930 8052
1092 537
2014 6245
830 4509
2798 6327
9112 9235
1294 2923
3135 3468
9986 9991
9053 5622
2878 5532
7239 1238
8013 7048
924 5275
821 4396
2099 5013
4960 7637
6209 3352
6923 2695
9877 5510
1288 75
3709 2427
3803 8478
7483 817
2470 4367
1614 1184
4055 5666
5041 2499
192 7204
5698 5472
2768 799
877 891
770 6686
8934 803
7008 4846
7431 6669
2522 7159
1116 4290
925 558
5943 7905
8175 936
6597 27
9023 3477
3006 6225
9694 5402
1015 2703
8088 2445
9948 34
87 3596
8294 8737
1073 429
2625 117
6592 9482
5209 4153
9134 3493
9135 7101
6645 6110
7930 4488
7331 3405
6889 3060
2472 3258
4461 2947
2009 1282
1878 8935
2282 6544
8202 6115
1593 9705
7916 3277
7596 3861
7252 4051
8941 6454
7847 1228
8447 9329
2275 8756
8066 3221
9621 3180
5517 8039
5199 3034
4351 1247
4488 8126
5508 3789
995 2027
4721 9825
9802 2437
4157 1381
1620 7714
302 6944
8175 6547
1573 7144
7090 8954
6118 5411
4903 8526
792 9962
1100 7863
8574 3785
3746 9367
4749 5807
1726 5107
3961 4071
2696 1407
2118 1201
3967 1607
7131 8204
6787 1224
133 8047
5644 6659
9 6291
1232 7201
2342 6544
3434 8691
3341 8500
9220 5064
9908 2432
6231 3194
288 2673
4106 7808
5881 9231
8011 9659
1629 7776
342 8571
1839 2136
8773 588
9399 3494
4449 977
9405 7446
4548 956
6224 3154
6274 2517
5198 9174
6122 5129
5126 438
3818 7526
9582 6584
1863 6667
5717 7295
5691 6074
1792 7955
9551 9900
8426 3109
6929 7292
2189 2141
738 9675
8386 6716
7080 7461
3121 9291
4504 8204
9817 8329
2535 8413
4684 6859
6926 578
3565 9682
9026 4043
1309 4953
8251 7430
2375 8131
2406 3280
2253 32
2693 6720
8337 34
5924 8123
5583 1414
3176 2932
288 8284
9278 7647
3232 6247
307 6082
7929 1902
1430 9794
6822 6240
1612 5112
4136 1927
5729 4622
8284 3002
5228 6326
1856 5472
5412 2471
6778 5941
4223 4555
8653 4562
6375 8934
8889 7313
4073 1578
4126 458
4902 679
5626 4120
326 6482
2225 3245
5031 6162
3715 2055
2538 2244
2360 9297
4289 5525
1039 5600
4060 9637
2878 8728
3125 8605
4916 4899
1600 160
2839 2357
7133 9673
9538 5076
6518 8057
5453 7733
4491 9042
1463 7998
6690 1933
2466 274
6848 3273
4886 5407
7780 4007
2238 3830
684 7479
3640 541
6620 4577
1000 9405
9770 888
7373 3094
1989 4257
5134 6640
7338 4039
2704 6454
9729 4270
7306 5255
4403 8821
5370 1440
6865 594
9922 878
2195 1100
5684 3293
4882 1851
7480 9757
5403 7215
5582 3016
1998 3969
8663 7858
7381 2581
5581 2791
5300 9719
2131 526
4796 5490
9940 9004
2839 7968
690 854
9683 6904
8415 559
2582 3616
6828 1816
5954 5224
128 5288
2280 3251
4171 2405
8612 349
2806 8959
996 7727
1488 1773
5006 3206
8894 2664
6342 1549
8465 272
7814 5415
2508 7989
8203 8408
9519 6099
8578 4121
2353 3914
957 8903
5898 7170
265 1213
4308 4746
2291 3
8633 4959
4340 497
8142 8105
7232 4686
8013 5251
7765 5149
2068 8067
7944 950
4487 3176
2899 1579
9222 2321
9044 9374
8261 6484
811 4540
508 567
3617 3293
8407 1391
3687 8950
4859 2001
3052 8210
7723 9060
2155 9914
3516 5870
92 4826
2528 5958
7590 8716
1145 629
1714 3755
8131 3378
6381 9367
2544 9874
1587 7363
2165 6845
6843 4702
4914 9228
9212 448
7438 1879
6619 5748
4809 4516
4070 1144
5286 8053
6453 760
6797 1324
9544 6290
2696 9864
201 5119
9793 3584
863 7682
8757 8162
3633 4526
7520 1130
7555 9984
5711 3506
9914 5042
7073 3070
3657 6051
4027 4830
6971 9209
8318 8465
3836 1852
5396 7817
5519 303
1291 9822
7851 9753
3061 4485
41 7466
2501 9746
970 1513
8463 1649
9649 9847
1280 5876
1490 3242
5251 1427
2836 8689
3129 5558
7865 1141
8491 4047
6743 283
6029 940
578 7297
5904 6129
4161 6873
4125 800
9696 5879
2380 717
7577 7275
3305 3690
9535 8405
1357 4002
9105 2405
7207 2080
2408 6148
4153 5477
5116 1360
5525 6483
8042 8543
1010 3140
1416 4582
5702 4867
13 7646
2379 3875
2157 5748
2119 9428
9089 6783
1372 7693
372 2102
6669 1623
5012 7803
7412 5114
4198 4846
8028 916
3673 9162
8253 3478
3110 9988
7221 2136
5658 7951
3015 6718
336 9992
3832 6940
9362 5602
685 3730
5033 5647
5566 8362
4604 9671
3420 7935
5932 9651
9089 7133
6307 9528
9923 4326
9143 7369
1359 7057
3226 1653
8929 9103
3560 775
4122 1976
4655 8855
7272 2451
2444 8033
4808 9851
4906 6222
4087 3675
322 8000
8044 5182
1910 929
8510 259
4210 1042
5584 9291
9094 9355
5732 9189
295 892
9068 1718
3376 4980
4267 4959
9998 8041
2462 4825
6447 4970
2920 41
6292 7311
7575 2610
6472 5966
2218 7848
9830 2980
5733 2594
2211 4425
6134 3692
5444 2491
1832 7812
648 4578
9309 999
2205 446
3263 3763
7934 6865
2464 8254
4880 3846
9370 8822
9081 2303
364 1786
3390 2003
2349 6991
9701 1230
4317 8809
9764 4962
4871 3733
3759 9979
7357 6480
4970 9374
8012 8626
3165 2824
4906 5417
4438 3851
9885 6420
5243 8974
1470 2858
7512 7522
3503 2819
4998 1973
2847 7618
4206 7665
4114 3912
6100 9719
5598 2153
2275 7577
7685 6137
1434 545
896 9537
7558 9745
9394 2776
7439 6081
5655 2660
5193 7702
4761 8045
2944 6396
4379 5499
7297 2241
3544 1665
278 7623
9019 620
3480 4124
2728 9215
2945 582
7174 3339
6088 2138
4350 3980
8111 1411
3506 8728
6584 9889
4616 1655
5741 2030
4285 2050
6480 2369
9740 2258
825 8142
6976 9366
8851 8741
5981 8283
9002 2494
5015 7938
968 7669
4794 6249
8588 410
7846 6189
8878 9783
2705 6356
6965 2010
9091 4414
1837 7300
800 2608
8765 5183
8302 3207
5711 2164
8667 1642
9796 9306
9576 672
5379 9504
6807 7436
1599 6381
7700 8242
9510 6468
8566 4973
480 9958
7925 4388
2037 3574
9824 8321
9628 4245
5741 7641
194 7120
7520 138
2219 3056
3412 8261
2877 4719
2782 5613
3807 8036
1187 2091
5541 9458
787 4601
9180 6714
2125 6023
1626 2138
182 5955
2592 8118
1430 8615
3507 577
4661 5854
5628 2637
9365 2680
7061 7329
3458 4068
6053 1877
273 8702
216 8168
8523 4091
7215 4763
5405 4285
4001 331
8020 3470
1645 2538
8830 8937
3190 8225
4594 8015
2417 5269
239 423
9970 3204
537 9687
234 5714
2156 4181
9188 3168
664 4544
762 5833
3990 3555
2071 1599
5700 419
7633 9598
1289 7979
7099 8910
320 1701
9437 3091
5925 6364
2905 8591
4648 1431
6102 4748
3089 4736
400 3158
4323 5835
2776 75
4701 5229
8226 7079
9646 986
8752 6371
9610 1706
5542 9228
1607 2030
1982 1907
6159 1468
6685 7176
7559 3768
5245 1313
5021 6523
5600 9583
4651 1328
9661 1644
8007 8095
2131 8796
3189 7195
9818 5011
1222 8985
1545 7918
7292 5117
6707 2212
9196 9394
7477 8280
3688 8047
2002 2909
4417 1282
9990 772
6409 7658
720 1769
6038 8654
288 2112
7559 2613
4207 7299
9678 8764
6849 4897
6288 6550
2986 6435
1148 3909
6587 201
203 8605
516 6850
7764 4149
391 4869
6583 6094
4530 8864
6674 6212
7897 2958
9778 1424
8069 8168
1283 6204
6305 3871
1950 4947
3208 4188
4276 4029
1005 9643
5243 1566
1044 9571
4272 877
8867 9087
5672 925
2955 3715
5169 1802
753 9772
9337 4283
9994 6502
9516 84
3547 4758
8829 9734
9455 8476
6967 1896
5198 4425
623 1031
6197 5627
4167 2931
9733 1250
8704 1337
1145 9249
371 29
7738 992
8612 1748
4097 1411
308 5342
6081 756
4183 431
7364 8887
4657 3697
3067 7689
3196 3373
2191 3854
7516 5494
3493 9783
3775 8715
172 9618
1230 8017
4406 5549
5020 524
8194 7809
8507 6808
8197 5828
1129 4932
3030 4774
6676 5453
9721 3468
7195 9990
6197 4472
8470 4674
8196 5603
9366 4997
5080 2460
942 2073
4450 2064
5317 8065
3584 9497
2545 3978
3742 6673
2587 7587
8083 1003
7460 1778
2575 6072
4753 3004
1740 2992
432 2910
2010 4573
7926 5900
2011 1011
3972 1658
9820 3073
4690 1120
574 8628
4588 7259
9455 8021
1250 5235
8913 1056
7851 7419
511 8279
7883 9586
189 5784
5230 7665
4679 3590
5173 715
1809 3886
312 3905
6413 5766
6819 38
2987 7305
6042 346
842 9732
2057 201
4111 8209
9240 5773
8500 5963
2531 6473
4267 7968
5533 7824
7842 3519
4072 7500
2083 4805
1682 4461
5789 3283
2110 966
6056 4566
5459 146
235 4974
6277 5474
5680 1054
8353 8545
5614 434
8661 2282
3227 3328
259 2335
2535 8470
8235 9987
642 6237
4214 3769
8880 4275
5953 3283
6230 1871
8193 3345
70 9983
8571 6903
5579 598
1534 1156
8125 8314
3710 2923
9085 4680
1779 6622
7003 1794
1410 8445
3518 6136
3210 1819
4884 3190
3490 4088
6004 3221
3020 5859
7027 9735
8157 8202
2636 2486
175 2987
6088 4797
1413 4959
3777 361
4786 9421
1460 8158
178 3635
9763 7345
3808 5309
6800 4444
9852 4384
3537 9919
6925 3392
5433 3755
6545 6554
7567 6050
8446 7150
8040 5708
6103 6209
5149 7379
8131 1662
8138 2833
9533 4789
8786 9470
6917 5379
1189 2568
9549 8705
6132 1662
4079 3678
3045 3421
9500 5780
6477 5080
2 4698
7068 8931
2696 1732
7615 2684
51 3836
1429 2405
8805 1202
6623 1118
8920 1714
9732 1592
4286 8293
3536 2877
7584 6754
9208 8762
4186 3925
1944 3790
8384 5117
4965 3663
3879 9632
7866 3434
2387 7743
7244 7063
4653 6020
2101 7157
5394 9438
6115 3536
141 2948
287 9189
4432 4331
3088 5346
727 9461
978 4576
9570 9528
1902 531
943 7773
9374 6206
1124 237
2027 5895
441 207
7226 2700
223 2199
5359 1688
564 1711
409 4806
2339 3134
4204 8237
4481 409
8741 1725
1339 1707
2516 2272
5840 456
2923 152
9729 3522
1546 2939
1322 3231
1454 9766
5083 7832
5903 7571
863 8544
6887 8495
6090 7397
5956 4953
9693 78
2258 4084
9161 971
7860 2060
3347 2550
9314 1213
2185 2293
3279 7519
4614 5260
3621 7256
4583 3695
3688 2062
2504 4490
2368 7635
325 8087
1060 1137
6318 1555
2374 8581
4339 6718
7575 8465
8748 5124
4137 2827
6783 7741
6793 8429
9214 4365
7528 1479
1301 7615
2144 9058
3106 1333
373 7754
554 218
7436 1890
4912 2823
5693 3388
7647 7028
5842 1976
4094 2376
6365 8167
2915 1738
9645 3770
1944 5213
6742 7336
2759 4608
4192 2884
2101 2164
1349 7255
8614 1410
8601 1290
4996 7782
545 2734
173 7292
8938 4847
6730 9204
1231 6445
5677 4733
9161 6582
1004 804
4746 1191
5522 7074
3817 7144
2311 7077
948 3124
8193 9574
1106 4464
6512 4780
9318 7697
5242 8188
5576 894
6448 3075
8719 8866
7222 6633
9037 1039
6482 6823
7158 4928
2650 3510
5267 3522
8961 1983
7037 6853
9902 6967
9898 809
6038 8280
8559 2168
6346 6181
6408 643
993 8909
5193 3758
4355 3413
8643 361
4668 1658
8336 5314
3823 9968
2212 6667
3884 795
8261 7614
1726 9433
3008 1124
3727 811
6805 1218
3135 3151
5595 4677
4007 3080
6377 8096
9848 3324
6238 5308
4221 6981
7741 8487
5737 596
6984 6818
2446 8941
160 2118
5395 7248
8566 8600
2712 6616
1000 2509
4358 5939
7343 3903
653 8817
190 6841
4605 5816
4913 3717
5857 5966
3928 9738
3892 3665
3582 9101
1392 2740
1770 7796
720 7006
1774 8669
998 2032
7529 9893
8838 9823
810 2735
8678 8410
5275 5237
5034 8558
6925 2050
4727 7849
1515 4244
6424 3754
4572 3774
8954 6773
5403 3702
4940 2480
2356 2608
1920 5461
2228 3362
4284 863
9731 7596
1763 4723
7712 9196
305 4670
7480 9627
5429 1890
4563 9323
3868 8532
7548 8041
4377 273
6369 6649
1419 4132
4803 2367
4553 5602
9133 2924
6643 9103
9780 291
3370 1058
7188 6193
8506 9592
4012 1464
2205 6919
4657 8584
6713 6085
9863 8812
5542 3056
7612 4427
4630 3728
6681 885
2228 5590
8854 3135
8976 4818
9046 3305
6620 609
209 20
9550 1118
8571 568
4992 1865
5592 5802
3257 8886
8854 6518
4463 1521
1039 477
9194 9592
2451 4292
3774 3928
5453 5643
2774 8917
7863 8560
5697 6003
9465 1195
7880 5531
1839 7885
5958 4058
8377 6337
2814 5283
3800 2116
4825 9457
2220 4544
5112 2317
3281 7378
3367 7152
354 6386
8093 9961
2238 5123
3022 9369
1432 529
9186 8546
2261 3794
6194 743
8778 615
1180 2937
7147 1600
743 2936
9294 5635
6030 1840
5309 5490
4044 2826
1243 1007
9949 611
2144 5838
9179 4342
3697 9134
146 1899
5586 7461
4629 2698
9106 3305
4653 7256
9754 9942
7770 7591
2629 2096
7491 2514
3964 4001
5371 9724
4056 6219
6920 9114
6636 9355
2190 8815
9871 1832
2959 7111
5770 3956
3024 1844
6503 1097
9938 6437
8718 9208
7247 1780
1966 6074
1405 1311
1049 6402
710 2772
8989 7227
7712 9464
7643 5163
3738 7199
7155 5574
1818 2419
9863 786
7581 7668
7457 5158
1099 6115
1140 1952
2477 520
18 6012
4806 9699
7798 8834
9627 1448
9076 3789
14 2106
8544 6180
2622 6536
3599 4007
1787 9118
6983 6406
5675 2914
5771 2622
3397 116
6581 8089
9990 2439
5636 6369
7945 2064
5414 8242
9435 874
1687 2471
9925 6925
1496 3657
811 9216
910 9195
3794 7107
2954 9345
6027 3746
4695 5522
9919 694
4889 2355
3693 9684
2956 9391
2266 2528
1519 793
3138 2457
8487 2239
3447 9628
2673 408
9261 8049
6238 933
2364 8698
4503 5702
7106 3372
9783 3435
7171 2269
9476 9142
5464 8305
3841 9905
2279 2359
42 2568
6725 647
7141 2777
8070 3240
8096 4461
6420 765
3837 5999
7657 7797
9023 4851
7567 4871
7849 7967
3463 7478
2530 9525
8497 8188
8906 6895
2927 301
282 8821
7813 5277
1896 5223
2801 8298
2736 733
6192 534
3943 9808
7905 7495
524 1938
9421 1864
7089 8629
5193 1961
1552 8796
8701 9122
7022 991
2111 4064
5383 8474
8117 9071
9583 3323
4688 6929
6863 180
8612 382
6767 9517
203 6434
2872 2472
3367 6615
7052 5714
9476 8337
8886 5088
1251 1112
3121 6559
201 2574
227 1543
8 8595
4580 6056
9724 2400
1033 9520
6009 426
1038 3448
8594 900
6753 1109
8626 3821
2458 738
2420 4418
7533 7865
1463 6071
1062 4973
6253 4169
3171 6272
2116 220
705 13
2459 6975
1117 8817
3106 4342
9541 5325
8176 5463
5652 5642
6125 1890
5099 7910
3819 3460
5253 5344
2880 5692
4363 3331
4555 9917
102 8206
2748 8956
3860 2710
3565 9178
1412 7580
7916 4196
9368 6686
8726 3247
1780 3280
875 959
1397 3515
7004 8251
749 5923
810 9582
9267 2820
774 1257
3255 3660
3509 4708
990 1821
6217 7090
3847 4703
5060 761
1491 9162
9077 9489
1665 4619
8953 7733
2250 1108
3168 7798
8543 9555
4847 9513
6060 6325
5835 7927
2532 7587
4001 7772
1651 3408
3311 909
8190 8878
9181 6055
7228 6023
6486 4632
5072 4154
7604 8000
6484 8723
1152 5158
63 1030
5481 2861
3829 5975
3886 93
3892 3291
7614 2302
7069 8595
22 1406
7310 4520
1551 6560
364 5307
7996 8231
8958 506
5465 823
6373 3415
4043 6843
3207 155
7405 4757
3126 755
1383 1499
3978 9077
3820 2075
9140 3371
6932 8482
9676 9767
7713 8293
2699 8235
7264 4525
9196 6686
4786 1639
5994 1517
4473 2640
5173 3805
884 6632
9160 990
1596 2896
5978 5895
6518 3365
4362 2250
9219 1570
5604 3210
7073 7559
3178 514
3310 6295
6595 4551
3991 9662
3838 2250
6503 5716
7688 6142
1561 3060
7868 4797
712 8218
8456 4967
5058 2138
1802 9538
6876 7395
8700 5327
2084 2054
7581 8904
6156 4073
8119 9711
4905 5279
7023 3658
3941 5761
3194 4026
823 1037
5088 7615
2528 1721
8226 2411
6075 1640
9194 2802
8545 8772
7299 6158
3221 9986
7631 8617
3405 6131
36 4040
6044 9874
9968 4825
1188 576
5981 8771
8880 7715
2705 3461
1529 6504
378 4908
7785 3018
8996 8829
1768 5766
7501 3259
9956 6693
1341 37
6592 9864
8844 5025
7342 4700
7653 6282
6158 712
7840 6108
985 8511
8612 8839
1645 3831
7901 3351
511 6376
6777 5830
8325 8782
4925 5126
1884 9482
2807 331
2591 5402
2876 8015
4593 6050
1914 9324
9194 1997
2647 2301
1356 4078
2526 9888
9496 1581
8477 2356
4552 9432
9868 6822
6731 9218
2710 9416
2249 1851
9033 3742
3737 7004
5411 8375
7653 2094
3334 9997
1739 6475
2525 7384
1711 4427
2798 8482
5785 857
5155 6877
5170 8663
6218 6374
8778 5852
6187 4809
6030 7077
824 433
4168 6409
5195 9659
7530 159
8672 8085
8885 9132
4833 1349
9607 6084
856 8235
5708 7965
825 6670
8452 9250
5494 7447
1910 7646
6733 2474
6203 5692
9821 3569
9105 8317
5370 4937
7660 2110
875 9416
2000 9791
2685 4232
1594 2687
2060 8344
405 607
6098 5117
1820 8103
4633 7303
6355 5682
942 8359
9963 2871
1460 2872
9273 2424
1650 2969
9921 3399
1154 9181
4351 7590
6037 4060
2515 5891
6130 87
2086 9915
3266 9997
1277 7302
4624 20
1739 9053
552 7800
1732 7882
4282 6672
6645 8265
764 5212
5869 2382
5466 7627
4005 887
1979 4726
8282 4092
7299 6776
8510 6171
511 8149
6803 2408
4155 831
5603 169
877 8657
6603 9143
6973 3758
5944 3845
3609 6929
2771 5830
534 5285
3076 9849
8835 1393
1305 8545
8736 7049
7239 4816
2602 3550
9640 3483
276 7097
7487 8301
6341 7049
1818 6851
2975 9393
614 7092
8135 2860
8539 6885
325 573
7850 9292
2819 1683
2402 6498
3620 2900
5043 6904
2837 6426
3489 4137
8165 5331
5820 3563
3399 1211
5885 2460
74 9972
6812 2096
9029 6870
906 6338
710 3016
6591 407
9459 38
5355 2645
4267 7033
2956 4024
8059 6783
5282 9522
3267 5606
7281 4237
8246 6609
4227 8388
9289 4730
7217 6696
3413 5431
6439 6402
2881 1406
4063 2315
5659 8691
2977 1868
1674 9300
2044 8079
4503 335
953 6534
5586 6900
3629 9378
4061 9789
8946 4741
3396 3922
4454 2321
8160 3051
6006 2763
2495 8136
9814 6399
8441 6676
6605 7229
3737 3434
8902 655
9332 239
4294 2039
3989 7819
2497 8182
4166 9209
594 5261
9312 2970
5475 5729
6939 9734
9401 5671
2701 4979
247 235
8888 198
4701 9718
9801 2380
904 3208
7311 8559
7244 167
4071 2906
4066 2562
187 9983
5696 7768
7840 5116
4127 9631
763 8638
3817 5241
3467 4862
1111 2905
4944 9072
5994 1948
693 702
5396 5971
4578 4026
7850 7682
4995 2594
2209 7499
7403 3960
2343 6910
2462 1906
8059 1790
1498 8804
929 6432
5842 2651
9897 8453
5744 6280
9391 9813
9355 7904
2729 3189
9200 6081
4123 2291
2856 5216
9917 9105
7080 4623
9144 6903
2420 5817
4650 4437
6021 1835
2882 9820
7237 1574
4436 3919
6154 4808
3354 5843
3026 150
9256 4111
4589 9796
6573 5731
3503 9349
2094 9215
7949 7637
7008 5659
6509 1774
4986 6988
4301 6885
104 9301
8848 5979
7501 307
5729 8200
5318 6414
9807 2120
2176 4302
1333 7023
5696 5808
5689 8801
5103 7923
4692 6891
6409 4926
2359 222
1834 1532
1956 3215
5993 2015
4499 9879
3537 7024
3219 2019
9917 1884
3938 1706
7490 5379
5210 8924
9508 144
5924 1097
2042 4837
1579 3615
7011 5152
8239 6406
691 8845
5649 8971
1382 5730
9099 5574
3865 3298
1633 3097
1869 5848
6136 2673
9291 5744
9008 8839
6472 1087
3520 8898
2734 1573
2825 1691
1369 1711
9927 1417
2055 5422
9802 3600
6753 3931
500 8846
808 6747
591 8210
2802 3370
6751 852
8855 8223
2566 6311
9073 9614
2602 2558
5258 8160
6395 9326
3573 5876
139 4144
3604 1779
5185 6369
1751 3883
6518 7447
301 7855
8510 7407
5927 3973
8253 3055
5949 2042
6451 3192
8687 9928
1345 5797
4480 322
9497 2563
2986 4776
498 4612
470 8980
9610 5658
6716 642
1924 1717
3818 5306
6655 3372
834 3780
8626 8871
3485 2622
1644 2831
8122 478
1866 1712
8392 2059
9264 8404
771 9093
704 7871
9204 4189
3041 8997
9233 6058
9047 7588
3854 7565
8957 4662
7605 898
3219 409
3150 8940
9700 1737
44 6485
753 4730
1606 445
790 7241
9591 289
325 5192
4546 918
9752 5310
5454 3510
4683 7797
5419 4455
9844 8282
8189 545
2592 661
3180 1585
5380 7910
5201 6447
5207 3229
8208 1726
441 3273
2149 3474
2359 840
9511 4847
7621 8547
3256 8935
9548 942
5162 2705
7125 8343
3546 5476
9644 1404
2985 713
6495 1531
1070 9109
108 6254
2754 4752
3875 1221
7447 2917
4814 2372
2603 7966
7245 6166
7763 1433
7079 4184
2282 1909
663 999
3777 8233
7662 4010
382 4921
532 2236
6600 8121
375 3750
5920 7608
970 5091
4511 8228
1785 5240
9625 8867
7898 3728
8961 2471
2032 5117
4200 2859
186 4228
5537 7843
8504 8611
9001 9417
6279 5447
7619 7696
7586 5304
6254 664
4124 770
5137 904
3734 3968
5279 9655
7953 3785
864 4264
2135 7874
3071 6098
946 5794
6545 89
8795 7255
1598 4259
1298 3967
4968 2034
4469 1155
1890 1627
6769 5432
2249 8161
7672 6926
5802 6397
7352 5258
2524 4424
2498 3203
7761 3965
5832 1321
3614 5744
1007 4
3860 2767
384 779
4050 8526
7686 1347
4308 7064
8771 2323
632 8428
1874 9388
8443 7153
3732 6904
3028 1833
4382 1536
5763 6038
9870 4860
9679 1128
4949 3081
2867 4359
9295 4171
2736 5596
1492 3809
1805 8470
9728 7436
5535 926
9415 2775
4318 9630
8208 9915
9010 4941
2578 7639
1303 6539
7702 5613
1917 7930
2693 8151
5995 1850
8696 6471
9231 3597
9415 6158
4320 7424
6767 4581
8107 6830
6617 1604
739 1478
6424 1209
4464 6
2277 2988
6454 3303
3374 1315
3967 2583
3210 160
5388 3508
3620 1721
9150 383
8589 2036
7045 6373
9466 9479
278 8623
534 6334
7633 7297
1031 7140
7313 5629
2665 9112
2675 9800
1653 6894
8396 5778
8220 7242
2303 7942
2480 2916
3913 7608
5809 7860
5936 465
280 5636
7620 2524
3378 7449
5465 4263
4157 4935
6365 9623
5809 8210
2695 5140
9412 5055
2561 1942
2256 7722
9718 2129
3969 9021
8260 5486
4089 6871
6293 7276
2427 9297
5680 8739
1897 6099
1745 2295
1469 6561
2801 4785
1438 4996
7475 5152
6873 388
6936 4120
6008 5013
2116 895
32 7762
6694 1554
5016 9863
4412 8436
1229 3317
6430 3201
5559 3874
8710 9455
4505 7846
3841 8620
7550 6615
1658 8311
6013 819
5395 1938
3502 6121
5809 7405
1167 9205
4147 9077
3624 634
381 8296
7285 8037
4883 3483
8196 7140
8509 5385
4760 4581
8130 8772
6842 1051
4582 9382
2029 1249
103 8702
6031 1775
1431 3020
987 6012
9309 2967
4080 8205
95 8060
2296 1778
5155 7739
7782 9193
7927 5410
4943 3884
3821 3026
3733 927
8115 8090
1800 7963
678 4853
3319 5259
6280 5081
2130 3179
4091 1574
4805 917
6362 949
3755 5789
3349 937
2781 1419
8577 2644
3972 9961
4834 9202
8038 2366
7824 1094
6363 770
1186 2034
664 9277
5826 3571
6595 6031
7969 7110
560 1757
537 4971
2979 1784
6633 5734
6810 7124
2949 3073
9122 84
8621 8958
405 8235
930 4673
4672 4306
2550 9191
3639 6903
4508 3151
4790 2083
4043 7518
8363 7387
2852 2359
5751 1303
7988 1848
4870 1288
7839 8141
2698 8308
9844 1947
5222 5877
5561 5343
1853 3786
4693 5533
7864 2721
9853 3164
5113 4429
3715 1421
3488 2950
2565 9849
3497 9829
6384 842
730 424
599 8077
7714 2403
5148 3080
7135 9112
7190 9573
4523 3782
3200 9084
225 5392
4395 8700
5016 7098
436 9776
4634 3798
7 7384
1308 3289
7660 8933
2422 5757
5347 2916
8981 2080
7334 8948
6594 4974
7556 1413
7528 5781
7934 807
9078 5396
2610 2021
8140 4847
5184 5369
6271 3008
6620 7326
1262 9710
2824 3670
3911 7725
4988 4676
798 4099
3713 3576
6232 47
3467 4301
6556 2588
5054 6427
8975 1861
4119 5395
9912 2939
5330 4790
9679 5397
7313 1254
3610 41
2489 2791
2774 9568
8187 7645
5637 2439
8987 1090
4632 7084
4953 5190
9795 3478
6959 9020
5567 165
7375 4734
2734 2972
1146 1375
1328 9525
9296 5982
2075 4090
2975 6067
117 2960
6868 6623
7327 3939
4773 8413
7669 1424
2978 8967
4023 745
3040 3429
7644 9473
6199 3266
1068 4875
6709 9195
4796 7084
1165 8191
1222 2309
8761 9206
9035 1861
7204 2758
8601 4787
415 523
7536 5217
5977 7768
9370 3837
5394 1526
474 1103
823 1257
4667 1197
8665 5711
7685 2307
9563 6861
9457 49
2452 9301
1117 1734
7034 1034
7505 2871
7930 1357
5349 1002
5015 1880
2866 1936
9898 923
3100 3860
8836 7286
1114 7098
5231 7362
121 2678
1425 9434
866 1334
4128 4302
9799 163
1273 4876
9981 1897
6163 926
671 112
9448 2565
7674 3996
3945 8732
9255 2170
428 4491
1476 2202
3933 47
3406 1284
1250 6585
4591 5874
8481 9165
3117 1181
3598 1454
1501 7335
9219 9279
4773 4575
4362 3543
8647 6609
1716 7674
8529 5799
2150 8131
7315 5352
6537 9222
3015 6889
3411 473
6213 5900
5217 1963
554 5138
2078 2778
2050 730
2364 8999
518 8864
3722 5438
3753 587
3596 2855
5115 7321
3599 120
8356 9412
3032 4210
9777 3921
6273 6301
4079 2450
1589 8629
1188 8285
7840 635
780 6016
8698 3110
8621 1200
9305 8248
5830 9114
1119 2449
723 2449
4957 9714
7774 5650
1931 2327
3204 9770
341 6319
6127 6856
8434 8140
2388 5986
1834 2394
2696 3887
6466 6322
1395 1566
8611 3114
7750 4475
7867 5060
6587 1364
246 6432
3627 4396
4819 6747
8238 1031
7806 5538
6457 5455
3323 7368
7919 2217
85 2542
1019 5601
6735 481
2100 42
8016 5533
9888 1227
4468 8395
1851 6131
359 7248
167 3291
4701 4432
7510 4614
2646 3369
4296 182
409 3578
68 7449
37 1720
723 4677
9408 4158
3264 5633
3367 7266
2395 2969
3649 6198
6288 9941
3168 2138
7151 5620
5819 1734
8613 2382
8434 919
4318 4263
7809 867
6785 7714
9392 2120
9261 3357
5339 7698
8300 1104
4103 9936
5781 2381
573 1326
569 3836
7148 2289
1940 1234
5455 8812
637 8666
5059 2396
6174 8499
2507 6943
5926 4233
4723 8863
3809 8708
3774 9653
6673 8597
4889 2924
7507 5790
8632 6165
8030 1401
6297 3587
5135 3330
9464 1033
4448 8816
4319 3710
9742 2475
7947 9445
4983 3690
4950 1298
3323 5408
9217 9420
5821 4008
1611 1301
7008 5261
5093 6487
8181 8336
6089 4762
1701 7610
4287 1893
3483 6040
1233 6044
398 8626
3096 9566
1229 2138
7545 955
8582 5647
3474 2544
8474 2172
6152 9625
4684 8884
6771 5698
9412 6104
9534 7033
3655 8217
5795 4665
4921 1657
1347 3298
479 9904
1472 1492
6919 4815
3432 2668
7217 5411
5505 1304
398 7471
3302 6759
5322 8767
2242 7533
5661 1817
4322 9592
4479 908
7089 6165
4769 3865
2429 6605
6660 3773
122 5321
6600 3722
8432 7931
283 6178
9335 7173
6790 9481
2105 4037
9259 8117
8113 2701
4873 3464
5368 7607
3203 9382
7837 1305
5275 5164
7924 9595
4942 8896
9758 8969
2671 3859
8412 6905
2629 3633
8604 7075
7881 9898
296 347
9468 5608
2429 5450
1030 6758
1964 7565
3206 9279
7416 4816
525 5310
3672 1350
8873 1234
3864 1520
6601 8804
1556 9433
1437 8021
5382 8013
5065 5862
5256 3178
6682 6699
7766 4821
7774 8846
8517 6675
6397 7469
5334 1556
9946 7461
237 1995
7263 6829
1227 6117
2075 7904
7044 8219
4530 9840
4711 1550
77 959
8012 2194
5271 3836
7696 9313
7159 9862
3 1949
7779 8035
9682 3042
6031 2019
7932 2615
1937 1904
4201 6524
627 1749
7275 3025
1205 1231
5131 3425
8216 5757
7462 9267
3033 6452
8519 8949
5780 838
4288 5365
2578 2085
707 3583
3601 2183
6361 4755
6586 3153
7985 1845
44 7965
8537 106
3220 4743
5025 3379
333 1652
6265 7676
7318 6485
5339 4478
7447 2169
1132 2042
5048 3548
235 7910
7642 1856
9681 1662
8378 2678
9095 7954
6113 839
6794 9868
3152 1017
8162 7749
4956 7342
8784 7503
9682 8653
7753 6009
3231 8665
6555 433
5226 5890
7955 2733
6752 947
8123 4761
4780 8055
8336 5054
4630 5078
4757 6351
4165 23
7465 65
772 544
732 7561
8369 4413
9725 779
2008 1689
2567 3373
6519 372
2379 3322
6525 8488
6339 5100
9531 7329
6177 7024
6356 2071
4680 4791
354 4353
4748 9621
6548 2995
4025 6028
1062 9543
6320 9961
9785 7596
7473 5968
1810 1300
1027 662
2556 5062
4865 757
4353 8718
1330 848
865 5215
2393 345
8554 6421
4827 7820
3270 1372
6126 2898
6157 2211
4818 9986
6031 3792
5346 3689
370 2203
2008 3917
1454 6741
5433 8569
5968 5695
1887 5842
1047 8080
8177 3438
5987 3493
7110 7205
3352 6285
2381 9760
1230 4000
3103 2548
489 6217
4374 6912
876 9137
2440 3924
9100 9721
3933 8667
540 520
4516 9247
541 9790
529 8275
7845 605
3712 562
8944 6175
3703 2728
4730 6732
842 3487
3975 4355
4140 450
9461 4600
6782 3710
9389 3034
5868 7719
768 4477
4264 1425
9954 8670
6277 2262
4009 7322
4040 219
7018 9844
1732 7378
3191 6875
4596 7267
2404 6495
8517 3455
4931 3581
1598 8317
6647 7807
5370 3628
2898 587
6443 9505
7756 1263
624 4324
4175 1733
3464 6071
2313 1065
1867 8892
3648 2216
8061 4528
1748 5228
9334 7807
9272 4677
4762 8094
779 5366
8523 8531
3671 3139
1455 1219
8280 9527
3660 2226
4286 5886
2137 1024
7806 7392
7312 6103
9800 4015
8416 4877
2074 675
1263 7815
3073 1877
7400 5169
3606 8756
8885 3635
6278 9229
2500 2015
9922 1911
5679 3982
3026 2061
1704 4525
9445 8927
703 244
3739 1179
1373 4950
9623 4503
7324 3080
3430 9469
8853 8234
9650 2162
9681 1475
7079 3249
8693 3815
9004 7649
2184 6855
1062 3745
6848 6534
5167 1740
2338 4289
2305 8313
7310 8285
8101 3122
8629 9657
1807 8036
5544 8079
5969 6565
5198 1026
3298 9700
593 7589
6536 1694
6464 128
9989 1978
2205 8082
6131 3860
1458 685
1831 9561
2956 9936
8777 3112
4852 3018
9518 9940
7837 8152
5898 4820
113 7891
4181 369
3785 369
1575 4653
670 6496
1795 6871
1473 4376
6364 9696
1158 3052
8205 3071
9516 6834
4564 3490
9344 900
7945 1454
3569 8823
6212 3640
5362 7442
252 506
7915 9913
3224 4624
2309 1615
843 947
5767 2243
2539 4521
8196 8620
4143 235
6704 6731
9919 3467
4818 6416
9398 7902
7681 3451
4391 4851
3856 1309
6588 7495
4519 9732
3456 3819
7814 2260
8575 695
2081 9685
8082 762
9787 3698
2507 4609
6120 2896
8339 8497
5244 5477
8136 7414
9672 9575
6983 4991
8538 4950
5530 9446
167 152
7266 1115
5710 8101
9359 7543
1355 9177
6491 7912
1718 6785
2819 2602
5054 6484
8779 4258
2590 298
6669 6494
9990 4407
8785 8210
5989 6735
2863 2150
2902 1324
8719 3426
7561 7075
9842 7138
5857 7747
4076 1591
5351 2691
5067 2932
5514 4375
1422 5861
9804 7785
5196 9169
1772 7371
4575 191
7863 4380
8898 5993
2014 6904
9290 8503
9290 2087
6564 5515
7428 1419
9919 3012
1765 3167
5371 283
6608 5063
7167 6747
9353 9956
3443 5411
2254 9747
330 7447
9291 2662
8443 875
9340 8216
3002 4133
564 6338
4306 6725
8630 4084
9059 60
6131 7511
1248 6970
3082 5590
2086 1653
3020 2460
318 6282
7037 608
2928 5123
7818 1173
7749 9704
3443 873
9707 3664
2859 822
4199 9487
4478 2486
6219 5079
9985 5860
7736 1548
2383 4276
3444 7110
1271 2608
6897 7394
4937 9601
8459 1354
6437 9853
5279 9338
6835 100
1785 385
5372 3113
3879 622
451 1334
9831 8776
7425 3349
9693 8088
610 6282
3528 8686
5739 8010
6673 4653
6267 3965
1972 3594
4799 218
9000 7343
9499 1806
4488 8435
2215 5981
6599 3391
4618 7727
5136 2240
9776 3777
6939 49
8869 4793
5132 5504
2463 3050
4892 9427
895 8521
3646 397
7803 4998
1493 9379
1868 9256
2926 1239
7716 91
7962 3530
2081 3887
1140 1155
7120 4941
1326 7926
2389 7423
1386 7977
8829 6498
2726 3810
5028 4750
2688 7490
8013 9130
7120 1908
7619 9957
7118 5245
2171 9415
5518 2133
9853 9450
851 1402
5775 2698
9663 2910
5050 3196
509 8054
9098 7073
2984 4226
8376 672
8403 3249
6665 173
4268 2379
808 5088
6372 2580
7194 3146
38 2403
6093 3165
8278 1268
9644 4738
1605 9569
3327 7948
4476 6465
4044 3802
8340 1365
3507 6603
4694 1440
3785 5793
5581 1677
4317 9037
1998 6238
9816 5380
6392 4336
2216 7629
8291 1099
6611 2165
1289 4206
1621 6665
1474 3205
8413 6165
4459 8339
839 2465
1035 125
9997 4610
2092 5469
2457 3904
8893 8495
4481 9037
8559 2957
613 3815
6837 1545
2516 1451
7495 8870
3042 743
2665 4957
5717 7149
3847 5866
3413 9546
5552 2386
2384 4715
1074 2308
2749 7287
1410 7892
2000 4725
1028 5346
4527 8227
2492 5187
7975 8167
7533 652
7321 3213
838 5222
3336 3068
2210 9638
780 4463
1585 9586
1308 4582
7104 8059
9207 5406
9921 4749
9246 5334
1918 2821
2798 2611
1889 548
2489 5239
1070 4417
550 1907
8666 5432
7327 6037
4006 5872
8822 5945
7392 7186
2734 8453
1516 1471
8794 3897
2689 4546
3809 4577
2317 9104
5089 6775
3341 9427
1823 6317
3779 5866
324 3257
5205 7889
2355 8807
2930 4608
3623 9490
7200 7366
1850 943
3462 7852
5143 9640
8959 1116
1875 2693
7346 3404
6656 2957
7528 9302
4608 9481
4541 1843
3851 7812
220 8919
939 7852
8680 5838
118 8642
2824 7191
3636 2905
1451 3304
4126 2540
6376 7454
3382 5240
4094 750
7930 7188
5898 1413
175 5362
6178 3682
6484 7926
6802 6515
7485 3539
3376 8054
723 1969
731 6748
5834 9507
9217 4134
2656 4732
8728 1691
8587 1486
1307 5403
3646 8854
9928 927
98 3048
493 5829
9968 2955
1145 7704
6625 7003
1422 6292
1738 8972
6316 9631
7531 100
5787 9287
4755 5693
2638 3752
8670 9226
6683 1696
8736 4561
9316 706
69 9823
5776 1931
8630 7548
5773 5043
2003 3362
943 3382
8588 906
1841 4532
4052 3856
631 7991
2674 5287
5079 690
7068 3385
2842 899
6161 4401
4402 6864
7408 6459
6976 3796
3982 7998
8598 4977
8968 3756
475 5199
2610 6965
497 2514
8305 968
841 6488
8055 7209
7778 2205
1838 1201
7146 5146
1053 3900
4035 2347
583 4917
2983 6392
6188 9580
639 8232
1009 7011
2874 4944
9828 8936
8670 8421
7371 6927
8828 9761
5616 6156
6057 7030
3189 3235
3287 360
2528 7690
4739 2850
3128 5965
3304 1495
3625 6017
8102 6624
1882 7515
7665 3617
9137 8237
472 9408
8225 2493
8820 6086
1031 4676
260 9717
9092 2078
7605 2785
10000 3916
6790 3390
528 4055
4115 6783
6415 6896
3891 7829
9438 1934
190 1027
2420 6817
4006 5335
3794 7896
96 7027
5507 8441
927 539
522 2705
1262 7433
926 1068
1954 7926
9671 600
3974 3518
6641 2893
1238 6258
5209 7471
5312 4940
9887 5328
6456 9529
7540 481
1853 4087
6855 378
1579 5770
7272 9526
8051 9264
7024 6014
3060 6746
9195 7437
3459 4011
353 7972
692 1022
3876 8995
5922 5808
7572 6785
3303 9133
9571 3752
4328 3642
2156 8410
5723 5598
6191 7918
9594 2423
8876 5590
5719 2446
782 4298
1874 8697
2581 453
7025 2078
4417 3283
707 5063
3441 2250
9535 688
4008 1543
5806 4670
424 2496
2876 6413
1914 7722
1067 8789
4372 9175
1483 4503
9413 4640
2997 1455
6799 9063
1904 6253
1348 1834
1697 6152
6195 1220
3084 4083
1449 2640
4419 5988
2717 2569
3918 1276
9623 3137
3186 1327
5233 7410
2055 3389
3056 5418
8679 4271
8221 3393
9246 6570
1094 1136
9401 1223
6844 2016
6443 918
8094 4749
2074 4570
3290 4309
6027 9341
3165 8744
2730 3154
1047 3949
3662 3134
3469 9909
7650 544
3747 9099
7548 267
6923 6631
4432 2786
1510 2138
448 6249
4899 717
1881 4525
8075 2413
6702 4942
2694 9509
6416 8520
160 3338
4893 902
6272 8741
7384 2495
5476 728
5544 5558
5014 2360
8756 2747
1717 9005
1768 2554
6220 4794
1428 5869
9057 2860
7151 1920
6259 4722
1638 983
1966 6676
8396 899
2671 8185
6430 5543
5814 1073
8143 6088
8764 8650
6159 3737
4782 8776
4381 8432
6771 9219
5214 2017
6991 7273
2659 3637
1948 1559
325 9575
1786 3483
4430 7570
1691 213
9447 3395
8129 4877
7831 5412
6668 4553
2571 4167
7801 9707
9477 4735
9408 9102
8040 8969
4962 2146
6913 8521
2212 8960
6756 3619
9089 3872
5768 3707
9278 361
9066 2922
9493 2235
6633 2465
1409 8047
6018 3855
8308 7444
2186 4706
5192 9963
5596 4162
3458 7760
6445 6551
8840 3518
1032 5064
531 6768
273 5978
3129 8258
7750 5581
6119 150
7046 6956
6094 8953
1173 7174
2391 7740
216 8827
1733 6050
8920 1942
1196 5845
4284 7694
2159 7390
7830 4005
6835 9338
6171 9358
7518 6362
4276 6298
5895 7962
9911 250
4713 637
5174 1032
819 9278
7080 6136
1218 6543
447 1004
9872 295
2745 8618
8507 6849
3796 6600
9217 1532
3835 3522
3828 2351
8458 9616
8065 6881
8753 7255
4967 9979
6192 1136
3952 1828
6226 7136
6839 4919
5787 9718
7895 7409
6245 4934
1458 6353
7862 5017
243 7216
551 953
148 3192
2687 3321
5498 6582
7728 5956
417 7554
4274 5447
2784 221
1657 6189
203 620
4965 9502
600 9890
4926 3912
3879 9055
4148 612
952 8063
6081 3375
2841 4138
6113 8548
7944 1235
7933 2574
9311 1143
9937 4049
4362 2234
3019 6103
4793 4672
2213 755
4532 2830
2551 7166
7768 1167
85 5071
4544 9980
7490 8770
5587 8101
7263 9545
8863 579
4121 7433
8205 4551
5467 6464
727 7729
4490 6741
6890 4052
2074 4733
2786 8911
1762 9342
3223 3250
3905 9471
5772 8231
2875 9333
4525 5392
4172 10000
7534 4504
8628 3314
9245 8386
5885 2631
5250 8307
6745 7461
721 1094
5418 9581
9518 7232
1397 4117
9138 1349
7651 2056
1211 729
1424 1776
1393 211
2165 2942
9047 5368
4533 5633
2605 6597
1347 6632
2818 1228
452 9163
5966 7292
5856 8652
8664 1816
981 7972
3772 9857
8261 4809
1566 4461
4030 3477
848 8382
812 57
3647 1460
6162 9863
8156 5732
4677 4981
3299 6412
5166 1008
1217 7690
5573 9468
1616 791
8563 7776
6415 106
3891 1039
6038 4320
2120 6151
6627 8098
6155 2626
2638 4801
2444 1552
6903 45
3671 5587
15 4220
1580 9031
6083 3689
3569 5310
7110 7693
1852 859
9295 7294
2911 2866
9532 67
1140 1562
1073 340
512 1993
854 5894
4278 522
5520 8652
6454 9459
1308 9282
8417 4517
7125 4968
1994 6577
6765 461
6228 6672
3308 3441
7561 1334
1344 8158
5823 2422
6475 887
9876 7397
3739 3627
2185 6522
9928 1171
4673 270
5327 5224
3634 5331
7446 7211
2028 8790
4048 4382
4146 753
1966 1496
2671 9421
4691 5013
5666 8073
7965 3080
3703 6599
2607 5464
5571 4803
1889 2215
6087 9823
2393 28
7033 7981
9239 545
6410 2340
4041 178
2893 4515
8171 6339
5900 548
2851 5043
5423 1148
1474 2912
8881 8192
2158 9960
3624 4212
4159 1338
1919 1276
1041 7194
3653 2698
9034 5401
1470 3143
1191 7892
8314 8495
8806 2541
4916 4
6380 9644
2082 4838
7598 3794
1531 763
2085 2103
8499 8625
7131 5082
7463 9793
1522 3683
7551 3224
207 8846
6903 7884
4322 8283
2736 343
5726 903
2305 9956
363 2943
2243 9078
7023 6488
5684 1431
7337 1925
8879 925
1115 8405
9016 3640
1424 2744
5684 4814
8162 1284
7924 1870
9753 900
5396 7565
6736 3398
4585 2627
7783 8054
9572 7655
720 1086
5394 7869
8066 7588
3828 3587
3057 4464
9342 1716
6219 7982
654 6101
181 3437
4859 1294
6228 8445
2450 1985
6338 8613
3387 3063
9452 9431
4479 5210
2894 9546
3417 9321
4043 8063
2020 122
6500 3656
9800 3698
9634 7378
5178 1986
3751 5410
5652 5252
3694 4876
2603 9747
3620 1729
1786 3109
1316 716
822 3591
1409 907
5309 1880
9856 9642
2254 8812
9556 2964
4671 7258
4048 8033
2095 831
8998 4134
6947 561
7105 1901
4054 5569
4985 2695
2901 9562
5948 8404
2488 6949
9370 2959
779 7277
7938 7537
9084 6537
9949 5295
2294 7083
9714 6152
8610 238
9549 2143
9578 7045
244 702
7491 3815
6338 1392
5436 9168
5849 4611
7611 1665
7960 2573
649 8335
6941 2594
5088 5452
3255 9686
1202 5286
3258 6951
6491 5017
5276 8886
228 5080
2822 3388
1232 7380
7266 8019
8601 9170
4334 267
8076 654
4404 5170
7229 1721
1031 6343
287 9043
7047 9786
5667 4728
8587 1543
1066 6529
4736 7602
8438 2174
9052 9981
4236 9908
1154 5595
7157 6921
6699 5289
7530 5217
8984 8534
5560 6736
4918 3297
5975 9395
2114 4590
591 9804
8733 8134
5803 3461
636 2407
489 5363
5069 6849
9203 9746
9382 5547
3067 9584
6169 8887
5577 4811
1545 4820
6077 9298
977 5302
1371 2977
2186 8788
2401 6498
3086 185
6084 9688
6012 7368
6318 4442
8651 4695
1307 4655
8535 548
2425 8023
8686 7133
6998 8338
4859 8328
6597 824
7624 4828
2715 4564
6600 5259
8279 6220
9593 9500
7346 1851
9268 1072
1838 7674
8206 1019
8462 2894
2144 2496
6934 7764
6096 249
2823 5036
7678 8447
4099 9744
8476 5983
2328 8440
7868 7790
4871 6059
912 7135
4098 3103
4127 1589
1250 7130
8311 4603
6291 2595
6296 2939
4859 7173
5621 3524
2789 5802
4428 8118
1966 5765
3533 7239
5398 5172
3361 1305
5086 9781
1010 3856
558 2823
4520 4674
6724 5079
2839 2886
2648 5570
9592 2458
9623 1771
9122 9891
9809 241
3019 7957
6441 5922
8086 2391
8774 2011
6007 3186
7070 2683
8310 6980
2830 8435
3756 5217
1868 9744
1992 920
6689 9407
1209 3692
3855 5196
3547 5043
2640 6059
6649 3592
7249 8283
7903 6821
7872 7508
9489 5339
9418 6627
7238 7370
4636 8390
6329 1143
1012 9944
138 2772
7077 5732
6456 3170
7799 9100
5404 1553
1290 5724
359 8598
5896 1261
1632 8871
3864 8318
1102 5673
5675 5988
9854 6376
8308 9916
6133 3833
6389 1544
4228 6501
5893 4346
2952 5176
4268 2867
2955 9611
6838 8725
1266 9837
1703 6428
801 7788
7857 4917
9699 8316
5652 7293
5755 4762
2629 6593
6304 5758
861 8970
3784 9062
3507 4058
9542 1135
1624 4041
1782 4627
73 4955
205 7326
628 9149
3338 5188
9934 7028
7759 8115
7783 6257
4724 2894
6690 3885
7199 6206
6423 6739
7027 1026
31 1696
8680 7936
3539 1687
2150 3683
8001 4615
3302 5881
9202 9738
4221 1492
2173 1600
1646 5089
8057 5678
9051 6536
8115 9066
2260 4228
512 464
3323 3725
9877 6120
3199 1969
5527 1124
9178 2147
9852 8507
1318 2025
5624 4440
9643 3415
9540 284
9075 3897
321 115
7539 2490
7795 6617
5553 5728
1948 5804
4377 8771
485 5407
623 4617
3905 3299
6181 9434
1945 5506
998 9375
9286 6002
9339 2630
9316 7342
5892 6298
4887 3773
1533 9884
7122 3491
6313 878
4317 4182
7376 4539
3231 2981
9361 9744
5402 5158
3982 4835
24 9519
7684 1659
1421 5886
6524 8645
1023 5059
5720 714
1986 4352
2160 6225
7540 1156
9133 3851
9482 8169
9511 7409
3902 5256
6797 7464
854 6943
8879 3934
1700 7903
7478 3661
7005 997
2660 3515
3310 4563
1901 5183
3870 9855
7000 4036
1618 1862
1497 3787
9427 3924
9306 5849
1240 1687
3614 9111
3949 4671
4104 2330
1932 7098
7348 8102
1245 6168
3313 4460
2850 2484
1857 4480
916 250
8641 3365
7202 7526
9327 660
83 9294
7167 8471
1912 7570
8271 7969
6936 6064
549 8535
5711 8491
7457 5012
9385 7431
9132 9991
4065 6135
9846 8580
9540 5090
5610 5406
9877 1477
7628 6587
2034 6220
6270 726
8066 3026
934 6841
7642 7394
9342 9986
1653 112
3585 6437
2936 1827
6795 2799
873 3155
4510 5246
6311 5638
6316 6736
560 7539
156 1262
802 7826
2201 102
2982 667
2075 8099
5905 4169
9026 6158
6432 1434
9604 7892
4468 1987
6524 3652
9454 4161
4786 1330
551 7426
9298 7785
5427 4544
6053 1788
1789 8644
8076 3313
5063 7465
7076 7548
4911 9323
7117 8303
1411 9223
4188 68
4683 4211
5617 7270
1684 8069
8377 3426
1567 1068
4741 8353
5789 6064
6516 3360
4831 4082
9812 5912
4366 5443
7410 604
6262 5695
9301 512
7721 5192
1969 1233
6074 5644
5733 5351
2211 7182
1715 3568
7031 7374
4168 4677
2764 4887
7781 6374
2666 2100
2478 8465
2519 8466
8491 1811
516 4183
9017 7519
3279 3266
706 9942
7308 2929
9106 394
1953 9748
2662 7993
3376 6582
7901 4197
8732 4125
3438 1044
1542 1546
578 2028
7114 3817
7554 3335
2807 7593
74 9850
3405 9205
7727 4983
160 3208
5234 1065
4052 156
7293 2247
8341 712
9557 451
5948 9453
4463 4571
6982 4048
8314 1518
7973 5389
2188 8460
4893 4155
461 3321
2472 8219
2644 2095
4643 9642
1830 4056
565 7808
9899 565
1896 7305
2171 9984
3138 351
2894 9790
8056 3330
3137 126
5093 429
994 6386
1791 314
550 8624
4038 1547
2912 7363
6711 4120
5403 4792
8734 3393
7142 4306
7073 2257
8320 8479
6458 7811
9314 2921
907 3384
1228 1490
5637 650
5883 4089
8935 9691
406 8471
3833 9786
4322 151
3422 2338
9528 4543
440 1639
8375 2120
3645 4073
648 2342
9550 1858
3294 9508
5163 8314
9120 5657
4939 8606
1293 8681
6993 9444
3908 7866
7800 4814
2421 6321
6301 1754
8140 5636
9014 2228
7013 4434
8207 442
8518 4276
4521 3370
1979 8605
8569 7247
2779 6968
1361 4062
1910 4304
1192 1809
4084 5998
8920 5195
4863 3484
3242 5911
1934 1665
7101 467
7 602
6199 8243
5137 1774
8626 8131
2831 9760
9997 5529
7383 2782
9921 6473
6323 3556
7534 9367
7381 6119
5385 9423
5607 1134
7551 4086
6912 6580
3731 2288
6602 5600
1117 6711
9742 7639
8424 7623
6089 127
9327 2701
4815 6045
491 18
1166 9232
2353 4069
1159 1645
8858 6545
3994 9464
7736 9851
3345 4854
9981 3841
4243 6004
8438 1263
8661 9414
4215 2458
9342 5611
1102 4494
6945 7817
2778 6692
4294 6723
4242 117
627 1757
5303 9367
2464 4058
1158 5557
2123 7929
7537 8860
440 3062
6751 1535
3542 1611
8058 7808
4522 5769
5348 5353
52 2199
1497 1990
4535 6004
7054 2475
7869 8286
4106 1360
2416 7400
7304 2623
2326 4474
3693 8546
4873 8628
2098 5778
324 7209
986 5608
2471 4074
3438 857
4334 1934
6116 4528
1935 7477
109 8718
5271 6
6179 9014
9348 9539
1289 132
9883 6665
4429 2171
4836 51
5610 3609
7762 7234
6317 1027
1676 6435
4179 4625
2522 979
1871 6122
2148 8874
7313 6849
564 9648
2395 2335
8590 3831
2453 61
8309 7753
7738 4554
9331 4997
2352 9054
2975 1863
1354 4290
6271 4415
1660 1364
6238 8439
6690 9472
2855 6642
7024 9348
6893 9831
4904 7136
2385 4249
391 1210
1480 6092
7168 5340
7266 2465
9281 3375
2438 877
9188 932
2656 8684
3437 9249
8847 639
42 6691
8779 5608
4114 8710
5327 8932
5828 812
7073 5453
3272 7869
1971 5548
7902 8718
5293 7069
3550 3649
2841 2398
8500 3914
9592 8313
1555 385
5154 6910
2233 9870
5189 9348
3728 9024
397 4007
4920 4205
6837 3082
6649 3031
2860 2798
6184 7398
7935 4263
5595 7003
5815 9221
7047 3077
9349 4017
4461 2378
9235 7113
8320 4104
6957 151
9947 5629
4159 2013
174 1868
5344 6603
3529 8033
3840 9615
5793 3985
3833 2028
8074 4048
3497 6243
7258 6680
5049 2521
2411 5796
2927 6652
8102 5315
9623 9854
7161 331
32 1411
7851 4915
6256 1393
7529 8836
6414 2733
1271 6991
4920 6433
1093 7628
5873 5792
8677 7128
6432 1060
7674 2020
4291 977
9640 7175
3265 6243
6679 937
4504 2024
9519 9100
1390 4589
392 5487
450 9629
5930 8928
4428 5597
4211 7814
947 4019
5702 3062
7479 1902
223 7371
2491 3065
8874 3858
6787 4038
9187 2103
7356 748
8682 7071
5912 3811
9117 3993
4227 8697
717 1463
7258 2842
9863 1339
1249 3953
2610 663
4380 1742
3731 1296
8524 3829
8326 5342
5285 7446
271 9640
8358 8263
5868 7272
4066 7409
3286 9698
5580 4361
2790 6084
1386 6294
6145 9243
2871 4760
7229 3201
2442 2368
9723 8475
1098 3383
7323 584
3964 4099
8222 4588
7793 8612
2494 5941
2898 6556
7160 2283
3588 4751
5112 4643
5394 7739
258 9004
1313 1470
7044 4552
9191 1417
9394 8192
6730 6082
407 6094
4201 2507
5443 7631
8552 3941
6217 7025
5041 9314
3549 1009
6863 4921
8898 7961
7654 6174
8741 9475
390 7618
4727 5182
963 1064
6809 1652
9197 8028
6083 794
8548 3418
1664 5083
2147 1265
3575 5613
5898 5178
4853 6984
3563 1846
6152 6226
8327 1729
7893 4655
7153 4845
8509 457
7237 3038
5396 3247
9169 2947
824 4288
5526 6703
6137 4413
7976 9793
2656 2081
9683 724
4552 8749
4029 306
3344 203
4992 6769
2435 392
8510 1032
1805 4160
6483 2017
6132 7452
8780 2613
8757 7325
5793 1570
3366 7317
7289 3578
2994 5459
5723 5712
1272 664
2175 2158
4792 2170
4071 2410
9587 1366
4174 3289
2214 6250
9612 8778
1016 6336
2705 8739
1981 2292
4962 3520
763 5109
7606 1191
8818 4194
273 8857
9504 7905
7264 1427
8728 1268
2473 9520
3836 2893
733 9781
9372 8917
7815 1715
3281 1328
98 2625
1758 6542
7140 2300
1187 1091
9342 6042
3036 1497
262 7917
8153 1710
3464 3664
4835 7478
7566 4394
7972 5836
5322 7596
597 3477
9279 5693
5115 4085
9895 1495
624 5300
7318 2013
7596 9871
7412 894
2947 4084
7062 3521
9708 2019
8990 5940
6254 1510
9449 3256
7606 6802
9290 2445
7922 5318
7982 3117
2412 7308
4000 9659
4067 4465
4771 2366
2439 5721
3662 6631
3841 8848
3865 574
4747 1191
2400 2760
6548 4589
3267 2345
8253 4519
7108 9127
2468 1174
5136 9819
3453 4952
557 9689
5323 3229
9242 5006
8003 1311
1996 5501
5506 6319
1578 2544
7089 1156
3697 8695
2802 7062
7396 1838
6506 4713
5474 365
8366 2302
2330 1590
4940 431
681 7631
9179 7286
1576 9264
7496 2419
6460 581
4911 4574
4343 5810
5238 273
9045 8225
2104 8602
3806 5605
8659 8189
8918 9581
5104 1212
7318 6469
449 9166
229 532
7235 4714
6273 1105
1492 117
6668 1634
6850 7532
5855 8701
9644 2518
600 5548
7904 2779
3761 2048
8993 1245
7157 1798
9419 3339
9243 4803
6380 2106
6282 4981
6091 2003
2171 9423
187 656
803 2874
9922 927
4822 8265
1171 826
6246 2291
1509 7237
108 7718
1109 9747
8676 5860
7198 3677
6451 9112
7332 459
4381 1325
6857 3384
5711 8548
4656 3250
6459 6721
72 8438
2319 3255
8907 7486
1531 1519
5118 5001
5230 5242
2062 8325
9968 3150
79 8828
3400 6741
1261 9737
2959 2834
4912 3620
5020 679
9872 409
4227 3517
4710 6869
345 841
6938 8826
5200 3498
8087 7343
2314 5513
8658 4126
1553 6354
9607 8247
1716 868
4567 9220
2208 1330
7037 5772
4046 7239
5192 6239
6492 4925
3295 2352
6861 6485
8764 738
1627 4209
6546 5161
6673 6434
8073 6482
9785 9
597 6323
8534 7631
126 4486
1106 2228
3563 4237
6703 2112
2307 935
9091 2072
3893 6623
792 3758
2774 9446
6731 7543
5289 5017
1927 4851
805 3993
4612 8939
524 1499
2029 8511
9395 6620
3426 4124
8524 7293
1562 2629
8341 1924
1204 4641
6555 1840
8394 804
7905 4023
3385 7506
3608 9241
275 7561
9820 5456
4193 9113
5337 7286
5585 5136
5485 7938
1422 6382
104 8618
1482 7187
5797 5958
5329 228
7046 2427
8324 3044
1789 4863
6823 6327
4058 3411
288 8146
7886 2818
3495 4991
1838 7007
3116 6126
7505 6132
681 678
5732 8165
4294 3129
873 8018
870 1331
4921 9643
1275 8964
5007 4499
7992 8879
707 3030
9392 4763
1649 4452
4533 2364
5692 1569
1917 5206
2450 5669
7964 3798
8976 6770
9848 6699
4321 7554
2821 1640
2379 541
1262 4945
7805 2987
513 9553
7860 442
296 4600
3493 757
6834 46
3181 5366
7510 6452
6481 1621
2810 3329
1215 561
5139 430
8241 5395
1214 7506
4576 1256
8743 6545
6477 1852
1184 8795
5687 3453
8232 1899
7531 7679
7987 7730
6906 7627
2484 7481
3038 8821
3043 2749
1231 1444
4056 1405
3417 8817
8794 67
3749 7112
4008 8504
5746 1000
8922 2696
3409 7421
1439 5530
6490 8099
3242 2585
3692 3545
8354 145
4579 3782
8218 3290
1817 7553
38 2224
8902 3168
7653 1037
1121 6537
8805 3235
3175 7375
8280 1135
3362 3037
1032 7219
3513 954
66 4622
5596 3284
7674 2264
3066 2894
2699 7796
2919 5850
6941 8506
8731 1192
3101 5332
6058 8418
9981 515
8288 622
9664 4780
7828 3081
3466 9402
8609 3646
3339 1713
7583 3250
4897 4599
3864 7196
2995 4532
4242 6590
1434 7010
5768 5057
8433 3605
6848 1525
5168 6755
870 1949
622 4853
2518 4351
3079 6862
594 6969
5126 6529
2705 4177
8772 792
8584 741
7749 4077
2833 6806
1274 5947
8733 4247
9245 6085
7650 3317
3658 2001
3389 8192
3876 3392
7838 5997
7428 7819
9565 3996
1819 4
7419 9985
6855 1541
8081 9138
7174 3738
5025 3794
1107 707
5861 3312
6826 6438
7139 4683
9873 5280
4305 6888
538 1718
1744 7185
6859 5797
9553 9247
1903 4963
4957 1566
2364 6112
5664 9564
8350 1045
2089 1935
8093 6115
5407 1802
379 4290
902 6317
281 1503
2612 7345
2338 8274
4635 8870
5965 9677
8272 4545
9020 9134
8700 1050
3342 3434
4312 6150
6347 9944
821 3884
8488 6994
3537 88
4614 3455
2711 6950
5044 3039
3366 4178
7168 8780
635 846
6197 1675
5300 4133
6654 3082
7063 1789
9955 5978
2768 3670
8178 2184
1338 2659
6599 6758
2113 4907
7930 7009
6619 4000
5478 3092
487 574
6873 5048
8762 7539
7743 4150
2326 2921
2689 6945
9020 5296
6579 1568
2659 8988
6986 5110
5709 7347
8006 1527
1882 9296
8133 1302
1817 7366
351 6698
4738 7789
7257 850
4454 1614
8592 2755
598 4323
7788 486
6188 3790
3612 3779
8992 9290
3235 1577
2540 32
5072 3878
9026 2458
3771 1557
2021 7546
6725 4372
3907 694
4779 7039
8958 3263
7621 5449
9047 6718
2663 7952
1075 6355
7895 733
7124 1610
8136 3828
4247 6397
5866 8061
5582 1886
9133 4957
203 9809
4757 5156
6092 7061
6240 1297
1823 1495
7922 8945
5462 249
2838 3230
9185 8530
102 5970
2187 8373
2166 7496
5424 896
7540 9028
9472 8937
4699 7810
8883 4378
8465 8591
7503 9900
4982 9596
6849 4946
5822 942
6746 1061
1340 745
847 7228
1179 9687
1831 7398
4353 4140
4943 7389
1400 8343
2947 3523
8370 6452
1057 7223
923 4779
897 3558
9424 8115
2757 1147
4945 1019
2412 9780
3293 1127
2075 561
8833 4641
6961 5537
8144 7048
3975 932
3973 4269
7206 2335
9009 6560
1201 936
8128 2381
6975 6374
4151 9267
440 1777
3330 2887
9783 8583
1781 464
8071 5230
1192 6485
4022 9796
254 8188
7257 2273
8752 7843
9986 2526
4204 9278
2370 4242
1657 8507
8555 4296
4947 691
9406 9764
7715 6534
784 8353
7620 3264
4845 414
5342 466
9742 8932
2765 3236
1239 2517
3981 1477
4509 3848
8420 5010
1766 5417
3908 8354
2051 8030
3565 4982
6994 708
7701 4542
8678 2767
6560 4388
2728 5239
6833 9650
5654 8258
5095 158
8944 442
8450 4071
5988 964
609 2471
1722 5495
5046 2925
3210 3478
5543 3731
6479 1201
7638 7576
9345 4169
907 9483
5635 6703
8775 8742
5695 6754
8749 3357
9721 6900
9688 4508
7229 5836
9567 6433
7568 3050
508 8431
776 9939
3510 4120
839 7255
9800 2470
6288 4989
2638 7574
1612 762
2068 4977
1333 5511
9850 5216
9145 674
237 2841
1205 9648
4244 4465
9698 1789
764 5741
2433 6014
4119 8900
7481 2650
9599 8199
6885 8254
5730 5004
2989 7400
8381 3846
3465 7329
6199 7926
7095 8249
338 5525
7566 1418
1642 5111
5198 2864
2920 6482
877 9186
9148 3200
2638 6769
3324 3310
9542 6510
889 9196
1013 5290
6181 2782
7547 9662
6021 4779
4584 2597
6715 6099
9537 3133
8410 1931
1405 4767
4304 3711
6086 6305
756 157
8505 8584
1128 5398
1400 7806
9476 2076
71 9853
340 2164
8381 9457
2464 3741
227 8114
6593 7048
2173 559
5693 2819
756 6923
2303 6267
2592 6370
1638 7570
4728 3076
9275 4422
3198 7119
4972 5688
1957 9013
4383 5293
2112 256
6129 8984
3980 4122
864 7395
9016 6413
3684 596
5774 4097
9449 2508
2035 7391
2224 3880
1664 2725
6180 8168
5456 1721
4520 4251
2529 7899
9074 352
3565 2567
7208 8610
6853 3723
2216 6621
4575 1679
7309 2276
5240 3759
3860 9281
7714 9909
8402 3113
8157 7446
1402 7047
1589 6873
1959 1488
1988 6390
7308 1270
2638 8192
1148 2966
8142 5633
332 9762
3484 6900
9924 8227
4786 2249
827 3325
4502 2490
1678 8793
2351 8135
8978 9288
2066 8151
5751 8004
5615 8897
3591 9399
4811 212
6865 7466
6208 2995
4719 7039
409 7888
6236 8426
2655 2480
7567 8677
5539 392
6595 2128
5022 1563
3833 5899
5084 2441
7035 2400
4041 186
190 3239
5534 9093
1496 242
943 8172
8218 501
4018 4898
62 3993
5165 7506
8584 1790
8377 4695
3205 3297
8124 4249
6415 6075
2492 7562
4357 5495
1709 4672
7424 7995
7147 2991
6706 5500
4254 1583
3655 6916
3502 258
9145 6903
8706 3823
2285 294
7804 5183
5283 4879
3750 9405
8982 2186
3435 1665
3689 9129
2748 735
1512 2973
7513 7636
9559 4449
2496 3897
8284 343
7472 5383
412 4348
9426 9023
193 2732
7999 7529
7908 1749
4769 2564
6197 496
3511 2599
6730 959
987 3532
7714 8299
651 9999
1308 5802
6313 1610
3233 4540
3205 8908
4814 4966
5285 4551
9110 277
1774 4262
91 5057
7369 7483
645 6397
7954 3972
6863 9597
553 6808
3743 1794
9732 3414
3312 4991
9907 8141
664 3414
9480 8074
2776 1978
3464 5762
4341 6789
4960 8524
9377 1910
6127 1985
3931 8611
4364 6958
9288 1838
439 1202
845 392
9207 2438
1562 4914
1681 664
4415 1261
2147 1403
3112 8693
4945 295
8031 5481
4894 7123
7811 1011
4695 9946
7936 6375
6191 6292
3230 6470
6184 5121
5967 6584
7350 5497
9520 4066
7875 8351
1491 9585
3975 3591
458 5766
7244 1314
3663 1784
1920 3282
3132 5531
4842 6559
7977 8254
6800 7689
8132 5159
3441 7040
105 925
7135 9665
5650 4783
2907 6352
968 3774
2778 2000
9257 2501
6977 6046
8883 6232
7541 8074
8310 6370
6161 6426
2439 8169
1400 6814
567 6059
8962 4835
8373 4440
9340 1223
2516 2939
3615 2093
8933 9732
3057 4017
1464 1322
2489 4499
1 4335
4939 5337
8717 5381
8987 2798
950 2040
1397 3483
2321 5854
3766 5645
6221 411
1391 5166
338 695
147 1127
1697 6404
7263 4723
7230 2331
4960 6564
4626 1026
395 4612
8566 7844
9763 9785
5988 7006
9750 8045
4456 1554
7487 7033
7413 4640
4739 8258
9630 7162
5570 1770
7631 3779
2932 881
6196 4676
2283 6851
4213 5933
2558 2360
2243 3288
8967 2122
1802 9961
284 9103
8832 1705
4950 3193
9948 1994
3172 718
4538 4188
6620 7074
3137 1663
9988 4776
9293 9647
9115 4622
7394 9851
5744 6622
3500 5660
6738 1818
6309 5842
4432 3388
2694 312
8659 9482
2555 7323
7608 4303
5708 7315
2618 4639
4213 1745
167 3576
7472 8579
2091 9259
747 9520
1735 764
618 1004
6251 545
3637 4968
2577 4988
8461 8312
8653 2066
2416 7514
6588 6731
1302 5019
6808 2533
5467 3065
4679 5493
7480 8066
4001 2397
7638 5242
8102 3656
6708 8718
483 5101
4647 293
3871 72
8674 9709
4862 2167
6545 618
9505 9637
4684 9974
6453 1029
7759 284
7074 181
4421 4676
8634 3894
8567 2672
9071 485
1877 6832
1189 9464
2935 5985
3861 9183
6505 6854
9153 2015
9991 3114
1243 9700
3392 7392
8772 9493
1433 9043
9993 3160
29 9253
1341 9454
4008 2413
6905 4694
8498 973
6034 8373
4886 6294
9729 8190
4653 6500
4226 771
1175 8603
2572 7222
4372 596
8389 9324
3186 2197
5643 4206
4784 2984
3003 3244
8665 7687
4403 9708
7447 4869
2228 4379
4334 1243
5330 2928
4872 2050
1350 3881
3595 4287
1876 9589
7822 9627
9154 7851
38 2899
8448 455
8410 4135
6008 5997
4019 3302
846 5287
6696 3365
2403 6073
5975 3605
2370 3681
7226 9946
2028 9579
8831 8514
4070 2486
4255 7901
8512 4038
5093 2584
5504 4370
7560 6035
3661 1500
3134 8399
2819 9327
6957 3298
6246 8390
1379 1212
8145 5907
3573 8446
5342 6671
7289 2724
8109 9633
9685 7463
6644 5403
4058 4704
2749 2522
6702 3129
6382 7123
9224 5533
4360 5042
602 4122
5977 2873
9368 8695
3299 5591
899 1864
4076 5633
280 8393
5867 7589
4974 367
7452 3253
3979 5700
3229 4448
2606 1059
7709 4572
8201 4280
5085 7553
5491 1825
6585 635
518 4774
2039 9313
9035 2227
1359 9554
2264 1295
6364 5362
8329 493
9693 3136
7661 3777
5709 183
3059 8359
5426 1780
4961 6147
5414 265
9407 4435
3865 4258
2681 2522
9158 6360
8711 5671
6600 2047
1028 9575
2055 9415
4975 6230
4788 9787
3699 5659
8401 8074
8869 3224
4659 1271
4698 6861
2262 3477
8857 1709
2133 1377
9922 8449
7427 1452
8648 1535
5965 7319
6240 9998
6307 4804
168 6623
6582 8981
3469 9519
4592 6815
5430 7914
3933 7179
5216 8894
4466 1980
3735 778
9249 5323
5768 7155
1845 4478
5047 979
4869 8786
4234 1630
8091 5939
7936 2618
9307 5678
4759 697
8470 5935
4504 6594
8308 7859
7719 1048
1428 5479
2233 4186
6616 7787
7963 7043
4245 4798
7206 4620
5518 5825
4088 650
1039 5145
5152 7165
2514 6276
6236 5287
3343 3125
946 5331
6359 3408
5089 6816
6333 2187
700 1892
8074 4780
7503 1581
968 3400
9689 4790
3218 1898
3891 486
6481 7720
9489 972
5626 2510
6811 3690
749 5167
4049 4455
6877 4687
7775 175
1300 6209
7184 9533
6776 8018
6439 8598
9326 9437
1048 7836
9942 1829
7607 4913
1758 9689
5301 6483
9165 7799
7019 956
7815 1829
688 5988
6142 4066
5328 7525
8628 7567
882 569
6847 5575
2652 4654
7354 7069
315 4659
4730 3634
7526 5109
3649 3531
5667 4712
5352 3388
5171 4508
5470 411
7748 957
7149 2126
3575 3767
4253 7617
7121 4242
7890 3292
2731 9269
3572 7633
5748 3738
2133 5378
7522 2307
540 2683
8881 4606
9485 3781
4937 4462
2874 5790
764 8026
7077 910
263 9730
7269 7496
419 1575
9651 3477
3582 3783
1002 7036
8724 54
8717 9463
3526 4605
2154 9234
8591 4628
277 7534
6447 864
5318 9415
225 928
1240 2663
1768 9198
8220 5624
3012 5323
2513 3690
6105 7516
7495 1958
8866 5772
2791 2880
2887 9758
1492 1386
5380 7260
562 7114
2489 2515
4748 6791
3998 5539
4314 3301
7958 7317
8300 4048
614 6523
3064 8115
3682 580
6961 5407
6646 4083
7296 7383
7821 3821
3311 1576
7695 5402
5212 1418
8388 3114
6206 9446
4219 1162
7387 1085
1905 5123
5173 5627
9788 8797
5588 7532
1083 4907
938 8690
1373 8618
5499 1074
3513 8476
2393 4281
1713 8686
877 4250
8683 379
1334 5657
8668 4982
2226 2828
216 5672
6594 6121
9669 7011
7745 5465
3979 520
5319 9185
2919 6956
8891 301
6618 4263
8796 7611
9916 7642
6774 4776
4594 5519
9508 5373
275 6252
5957 2302
2378 3599
1954 7967
6702 3210
211 8711
8862 5198
9137 707
5548 562
7175 8503
2125 8788
8438 8842
8844 3114
6018 9344
8096 1908
1711 288
1840 3142
6012 8775
5327 8672
5052 331
5322 8328
1409 4087
2178 9553
1032 4137
3673 8707
3 9886
8246 8268
4633 4319
629 714
3232 4800
8803 3463
5131 7979
7122 5085
7409 8525
8620 3756
3516 7188
3449 5966
1589 6125
1052 8172
2107 1392
7466 8278
8557 3407
183 5508
2389 324
334 5677
3039 1372
9618 6241
6492 1656
9353 4280
8929 2232
8557 6790
4182 6490
3841 6197
2421 5874
4527 9154
7268 5260
4962 6830
361 4467
134 1832
7921 5825
1135 3861
546 9882
1508 2911
5300 2661
3596 2579
8515 3531
5322 4140
8534 1329
5167 65
6049 7852
5987 6974
189 2670
2773 2542
4824 3863
8060 1446
5286 1450
5132 7399
9641 9419
9827 6391
3698 2482
8209 1919
5251 5778
2269 5079
5903 3489
2637 3031
4101 2872
8332 4204
7994 7592
6707 4977
6893 1195
8336 6575
6092 9777
6832 3171
6434 92
7167 3649
7881 2238
3244 972
3808 3000
8293 462
7326 1427
8348 923
7262 6138
3688 7779
9497 3604
785 4929
8787 7386
7290 5153
8133 6596
2938 9910
6512 1853
6819 8951
7851 6883
3087 584
9769 7860
9115 9322
6966 5214
1455 4350
5342 954
7683 8238
8621 119
6157 349
5660 297
6616 4835
9181 4657
8933 7561
1304 8318
3221 2277
705 9487
7966 1356
6844 1252
2322 9570
9984 2537
1456 4925
3192 7174
5721 169
5344 4383
9012 2377
4619 717
1935 3647
8292 3219
3505 8802
7263 2552
7325 20
4424 4413
3625 8904
1908 5207
3126 5773
7763 3629
8513 8291
7073 2428
6233 5420
1935 7030
5930 1447
9037 6756
3655 8746
7173 9425
3364 1400
5917 6123
9647 4995
6130 7170
3640 6933
9555 5406
6938 9558
721 9966
4071 9371
6818 8675
9301 5489
555 7984
2771 7652
8707 7002
5808 1642
4388 8489
2521 307
7591 7844
960 2785
1822 8442
8764 4503
1419 855
2826 4326
3636 3377
986 7389
890 1265
1659 3725
3309 538
1703 3997
8640 6130
9165 1814
5827 6206
1759 5060
8135 4682
9594 8343
5048 5687
4298 5189
8502 3163
8911 1116
3822 2227
3582 8402
2654 8541
42 9627
2269 2314
6281 118
4111 5713
5379 7894
4290 760
2268 5095
4546 4887
3888 8859
5383 8767
9278 9396
8702 5853
1052 7985
9451 464
7367 7331
6147 3686
6897 9102
6176 2172
6525 7244
3223 7129
7483 8445
6392 7654
1132 6409
1574 7508
6478 258
825 9110
5049 5107
4607 1756
8034 3071
1934 4064
5925 5909
9251 4166
784 6076
3065 6139
1465 8689
4398 801
6762 6783
5318 9846
9750 4264
7835 6244
7566 7517
8901 9422
6217 8188
5935 2840
1270 5188
1738 5256
7247 9457
8422 9195
3236 3927
5137 4523
6123 5520
4970 5349
5130 7516
7967 5582
5074 9836
8015 8282
2189 1930
8300 4479
7529 5356
9193 5285
6488 3174
7678 2446
3913 355
7555 9960
8106 449
2409 3367
1848 5020
201 8478
7171 4335
9628 2180
8948 2421
3963 9517
7829 5244
4178 4975
3025 2552
2273 7643
3494 7726
9437 1831
1899 4958
3265 1258
7103 8523
5565 6289
1497 4389
7130 3930
2455 5590
7720 763
868 6847
1403 3973
8086 2806
3672 6685
2887 9384
2266 406
9612 6908
7277 9992
4589 4852
6738 3298
8021 4259
5246 1409
1417 8193
3712 1546
4181 4468
3434 9903
9131 569
1216 740
2437 1577
935 1252
814 3177
3804 7901
9957 3536
753 2901
7902 2473
9648 5410
9400 8314
3796 843
2545 7711
8897 523
2456 1977
1948 258
611 2444
4320 6855
858 8737
3598 454
9353 8094
1512 6494
1784 8902
7115 8078
7697 886
782 232
2060 8019
7734 3397
7008 3293
5516 1404
9253 1447
5488 9936
4769 6085
5679 3088
2845 8703
1064 8963
4617 6445
7602 5163
1743 9251
215 7705
9155 1289
5161 6316
3834 9190
2420 8712
8705 5964
4849 4509
3271 7764
2454 7542
5325 4438
2555 1932
1643 9020
2178 6146
2543 417
8305 2058
8205 4860
1460 2897
921 9035
2667 5556
1292 4252
617 4837
199 9050
8979 7637
2590 6275
2094 9077
3558 8918
9193 2870
3188 7887
2558 1075
4684 4233
9875 2675
1692 2092
9503 7233
3314 3273
6237 6775
5521 7359
2128 4874
4927 6620
6906 2211
5543 2422
6327 8920
2334 4750
1690 4648
8877 1294
5823 4691
7946 4168
592 9102
7870 5112
4637 630
3417 3401
9392 1925
4879 163
2709 1594
5004 5527
217 6946
8122 8716
6035 5486
6152 3819
1303 4360
8927 1007
9231 7834
8209 4928
5471 6841
7179 7042
2470 7620
2196 8549
9787 9220
504 5848
9325 4436
760 3559
7893 2598
5387 9772
6349 6965
905 3159
1743 4258
7252 2043
6348 8992
4941 3269
8096 6340
7835 1869
6845 9798
9966 5371
5508 4814
3620 9341
8801 1433
9174 6145
4547 9731
6259 7422
2357 2616
342 952
4471 4259
3354 3745
7939 5575
7378 7228
8923 5745
5253 1262
6815 1638
1051 9750
5096 7694
4258 179
3442 6975
3323 5563
4469 399
1611 1456
4940 6400
5341 328
5036 6108
4024 9582
9108 8127
5674 6395
1911 5131
7861 407
4089 1309
4278 4214
3994 4455
4214 2509
3715 5040
6165 6632
6946 781
189 3719
693 1532
6321 729
4830 8110
9744 8718
5294 108
7842 4487
3699 3756
4614 6765
7656 5263
7881 7825
3151 9778
3607 4167
5663 1668
8154 9677
7588 6822
9902 2861
1736 5665
275 5341
2231 9808
6441 5345
6596 3004
4846 2577
921 9653
1645 8930
9709 5849
3376 4419
2861 3007
3807 441
3538 6632
9233 2887
3280 1678
857 2663
6015 5883
3277 7796
937 4120
6898 9354
3777 5867
915 5270
1813 6420
7479 2691
7732 131
7973 3226
3425 497
2776 51
6513 94
6855 3241
2655 1976
1463 379
602 3992
4135 98
3642 8833
1648 5794
3492 9266
1214 9474
5438 8881
4625 9532
2734 3208
9143 9386
1082 6322
7771 8353
7461 7373
489 8437
9830 3119
7653 7543
9265 8036
2861 2202
2670 2634
5968 8265
4559 8131
9208 7502
8924 1327
1885 5333
9877 6348
6550 7866
7603 6675
1259 5810
7472 1496
3456 2038
5768 7830
9008 2903
5523 7999
2891 539
2801 4029
2486 9121
8413 9109
3499 2085
383 5358
9963 7970
9898 7575
6013 1218
2019 3239
6198 4381
1846 4974
8255 4736
846 9963
2512 893
5634 7988
2305 6427
2011 5980
276 169
3908 9086
6802 7686
3070 1571
2139 2193
5685 4920
5524 9698
390 5374
801 6406
6895 680
2633 2701
826 1740
2567 4333
1748 7448
473 4096
4516 7629
9466 3730
9221 9561
2755 7013
5398 1830
8497 3114
8631 6312
565 652
2815 7064
5327 3118
7476 810
6010 6558
4705 6747
6725 2339
159 4845
2719 4323
9586 4963
7401 5362
1683 9655
589 4429
4350 9030
1717 8485
3365 8635
2453 9307
5849 8303
2392 4867
3016 4694
2732 4935
3847 4622
9330 1186
5312 8071
2315 5586
8943 548
8980 9475
606 8166
6363 3047
2667 3759
9172 9645
1383 2573
3504 469
425 6253
1437 5061
1287 5494
1223 3789
693 7761
6326 7302
4086 824
190 6386
8466 744
1468 7757
9894 5092
6002 1728
9 4096
2645 8322
9833 7068
4647 2554
4736 8261
1278 1217
8060 5691
3552 4273
3048 2296
5262 1137
5594 3596
9678 7130
8434 5343
8212 6462
2393 3533
9958 9399
3427 8708
5192 9443
7933 631
9488 7006
9794 8244
3474 7773
2133 6053
1422 3975
2953 5792
3533 1937
7643 4440
1669 4606
9064 7617
5435 9551
5309 3962
6923 1118
2747 4411
2812 8970
658 4518
1843 9108
203 7321
4802 8103
2025 4426
3706 552
1875 1449
8 6099
7499 9572
252 43
1688 9170
3739 6327
9931 9804
7032 4444
2077 1583
2343 6398
4332 6841
2558 8272
2357 3852
9645 6966
8926 8033
3117 3540
7690 3855
3139 7271
1673 6603
1730 721
2855 1096
5664 7694
1793 5207
6287 503
5996 5989
6782 6898
617 7496
4034 8123
3509 9433
6240 687
548 3195
5379 4300
5845 9957
5589 5830
8605 5359
4286 6846
9539 6166
7646 6185
4442 6605
5214 9336
7674 5200
5365 3089
4771 8766
7945 9635
1321 85
4862 2468
4151 3396
5610 7057
9774 2249
135 8102
9721 8250
1223 8595
5547 5954
2992 6820
411 49
8222 5190
2551 2913
1971 352
5983 2320
5389 7997
9030 1162
1865 9001
805 9775
1144 2825
6689 6683
5497 5086
9521 4405
1654 8000
5006 8232
8392 124
334 741
2732 5553
4447 9177
239 1635
8520 2753
7059 2429
648 6758
9789 8542
4562 7437
7138 1032
2408 2985
6714 5400
9720 4241
6432 52
3868 9500
6554 981
5751 8736
9227 4308
483 1214
5082 2750
2105 2395
2965 7225
4842 6673
7072 6047
3773 9613
5 8005
6478 5308
2809 3679
1472 5111
4232 1267
7969 556
9405 5519
8815 2270
527 3391
664 6106
9212 5124
5263 5390
7247 1325
8773 2044
3086 5650
6322 7397
9715 7630
8903 1336
5637 7294
6759 1736
7032 9250
6972 2783
4876 8135
9487 4016
6806 47
9951 2430
737 7523
3848 4660
3760 1807
2862 657
9238 279
2385 3509
6158 3209
9443 1465
4752 9008
6619 4358
120 5834
4000 7683
3064 3797
7890 1552
3965 8628
2315 5399
8641 9822
6277 3840
3040 8284
4186 7284
5934 468
6835 6053
5235 8603
4772 7381
8627 4447
4702 5107
8537 5685
4519 6154
8659 952
8712 3996
3335 2166
8405 9703
7844 4940
2796 1134
3076 4157
7941 8256
7215 7398
5787 3050
2335 6374
8529 8426
7929 325
4570 3086
7873 6809
1137 4208
1838 8951
6370 6259
8837 5546
6425 6720
3824 8342
5526 5345
5958 838
9922 106
1226 6882
5116 3003
730 2514
2908 5862
6397 8055
6731 7177
5671 781
1655 6241
8478 6552
5054 9672
2132 9024
4869 9892
1096 1524
8635 8421
2892 3824
9401 784
5486 8548
7943 7147
248 9536
4166 1289
1246 1468
5033 874
9712 1585
2855 7325
5974 8487
4322 5185
4915 5699
8898 9181
2663 4122
949 4106
4534 6007
1853 8454
3169 6145
5712 3764
2534 5405
9659 419
2883 9723
6743 7887
9386 2704
9317 7071
7018 9812
8821 6867
9807 4454
6605 1537
5484 7697
9620 8011
3677 6736
7881 8874
7129 9801
1095 6910
2148 5719
343 1421
959 3639
1748 1813
3895 5094
6712 1784
5435 4021
7491 1522
1682 3445
2238 1448
5226 9509
7184 4223
2677 7911
7027 75
7863 347
304 8259
2350 5072
9695 8720
1739 7362
5257 1625
7516 5901
6965 8996
7956 6173
8138 5655
421 6565
6487 2955
6948 3350
4052 8841
2085 3461
686 4769
1341 8413
3423 4883
410 9035
7129 5613
2366 9338
7373 5973
2684 7927
881 4456
126 2860
4102 5171
8437 6072
9717 4106
1799 7012
3865 9365
8877 6344
6253 9325
1735 2301
781 4225
9389 7458
6627 4813
3332 5869
519 5945
3578 9308
1085 4636
8614 4429
1305 438
2172 2275
9013 1694
236 9794
8450 9690
3376 4663
6553 9967
3222 4196
6811 4341
8390 8104
3779 5053
3096 5777
704 8327
3588 6239
2189 6793
5307 937
7824 2997
9596 739
850 8152
7147 6919
9537 4296
6582 7672
259 514
6454 6174
9940 2434
1512 9934
6980 5466
9473 2968
1600 9000
4102 4366
1806 208
2365 1892
2430 9457
5911 5373
9990 8563
3013 9283
2165 1080
4904 2021
8806 411
8398 5312
4102 1333
7862 1545
5783 9510
3784 1963
1239 7681
7374 8372
7242 339
6744 7976
290 2055
704 1106
9472 2342
227 8122
98 5268
3461 9042
7611 4528
5357 9294
4980 676
9498 530
1934 3934
6196 415
9523 8696
3327 3565
687 6013
3111 7882
9372 5494
4890 1133
24 3225
2269 7795
2949 1138
5656 9711
1298 690
9825 5247
5974 8300
9233 1171
26 1019
5158 5270
6988 4148
7518 930
6616 8706
3314 2175
2345 8729
5493 8377
2470 7677
7108 1971
1910 5768
315 9416
9568 8415
6331 8695
5106 4706
5142 4363
6945 3670
388 1758
9691 120
374 3580
5511 5923
1187 6312
9124 3456
7379 9789
4583 6062
4822 8330
5916 724
1277 8457
3261 4392
5420 2772
9243 8251
9985 5478
3518 9121
2453 9551
1928 6697
2836 8535
1026 8057
4250 8289
4529 1288
2476 3304
748 5834
84 5854
5615 5872
952 2631
9267 9749
8132 1516
7206 4734
3541 595
2001 1698
1598 527
4775 5077
6327 601
164 2026
6798 6602
6829 5915
3682 9875
1810 7765
6972 2059
4670 1119
191 6855
1658 3961
3003 6554
8106 9313
8399 6182
9775 3924
8777 5576
3918 8839
850 9120
4102 4984
745 4408
5638 6391
3272 1494
5321 2742
7366 1582
3109 3947
3792 3223
8031 4416
6123 397
925 30
2260 8351
4347 1001
6315 6983
5039 5658
9113 8504
7267 8369
3877 6155
5119 699
8161 6367
5764 8573
6923 7778
450 4059
8755 3319
9290 445
6544 4749
3252 9486
2404 1283
5477 1346
3845 10000
2959 5477
6328 1152
5574 4662
8478 3950
5508 6294
3802 3887
8864 229
5787 2676
2024 1412
5974 8918
2977 3023
5871 1623
9425 8375
8425 6948
7399 136
3321 3964
3037 4205
5098 2050
4497 7310
8700 5840
2413 1345
4278 5694
8168 8985
9004 2087
7584 8934
6263 4483
5012 5689
8666 3977
2368 7237
6074 4961
4980 489
8601 2047
6517 8914
9428 4485
624 4723
3115 8568
467 575
579 816
4135 9149
5317 3642
7089 1384
4532 5587
1457 4697
172 7073
4934 9539
2353 9184
3077 9215
9827 9270
3980 4293
368 3198
5712 3390
166 5723
8636 9746
2659 3979
8389 6836
3685 7758
7730 7954
8100 317
7009 5188
6632 5238
8041 3120
2872 8409
3051 9872
1065 7448
7295 4993
9215 9803
2702 2521
6124 7656
7433 9838
6134 1928
652 1802
8274 1786
3849 7758
121 8932
5491 9591
6310 60
8355 9480
1106 6294
7543 1688
5837 7195
6556 6882
6821 8119
6167 3165
3400 3586
3088 8949
2804 2774
133 5909
8996 3999
5611 8545
6387 8766
3770 8754
3302 6434
4523 7271
6158 2298
7780 3479
5204 3468
2869 6552
6916 1159
4951 3022
1830 5951
9935 5123
7037 9033
239 9718
738 771
8339 2130
180 1941
5777 5989
1365 6531
8110 2078
6962 6415
1668 4088
5123 1035
7024 1631
6468 3628
2147 9950
9362 8644
5150 2858
1545 5186
898 1403
7990 4605
8893 6853
72 1095
6584 4742
1947 6886
9381 3409
1910 588
7821 8741
6761 8761
852 7824
1659 188
5399 6164
36 8204
7825 3198
1254 8770
8226 3542
70 7788
9337 5739
2207 3965
3521 7245
1532 4550
5826 5450
3672 4408
4016 4972
1363 2297
7032 4501
3828 4921
3477 3940
9829 9584
5634 8663
4266 8530
7561 7474
8373 3188
3330 4644
4966 9695
7249 5
7617 4373
5134 5307
4936 6820
5836 2381
5039 1283
3791 9176
9605 427
2423 9043
16 6397
3256 5634
1012 8082
362 618
9513 7254
9816 4811
5960 7520
1491 7528
1295 4206
2105 9673
7074 9988
6704 8203
9574 2245
2683 9155
1045 1025
6883 4004
2877 5988
4489 5727
8792 8625
9599 3995
5951 2489
9870 8430
4763 8181
6105 7093
6731 9999
5487 8212
9028 4179
248 5592
201 5746
6259 4527
712 4006
3451 4947
9648 6516
2280 8334
5288 1586
7347 2768
9243 2266
2240 8935
8625 3385
3428 6626
7673 7664
4065 3305
4039 2084
7337 1299
6442 3830
9988 6557
9453 3015
1170 5234
3914 6519
552 6353
9356 9498
5970 4774
5433 6821
8208 1003
8258 7536
1601 7672
1539 6794
926 8257
1771 6363
3129 2802
3603 1904
855 9545
3904 5050
2851 579
7613 9461
2286 4742
6556 7500
7723 7377
5457 1930
9001 7994
6494 206
1538 3536
5886 1289
2346 8176
5799 2044
2771 1000
4395 3008
7218 2142
3856 1976
3833 6688
1741 3114
2553 2992
4077 7048
8246 2584
9500 5813
1802 4521
8627 5659
1896 9818
5413 5391
1808 7719
1139 1733
9526 4001
7002 4180
4856 3753
2110 5805
9424 3724
3727 6642
986 4120
769 6337
9580 4237
7059 8097
2637 7951
4688 5108
4944 9235
8051 8882
8103 2656
1141 9326
2820 4625
5116 7248
2499 4984
45 6656
5919 9292
933 702
4055 7797
254 3797
4366 2963
1752 7386
7729 6737
3242 6196
3176 1412
8 3741
6622 6941
3611 1340
5192 5930
7566 2020
8084 3703
1027 7103
5227 1952
9110 1066
7002 3375
9170 8287
1417 6534
3537 1576
5596 3512
5560 849
7614 8857
3564 4153
5726 2050
2393 6786
8644 5208
6213 2168
1046 8284
3496 9122
8324 3540
5677 5571
234 5373
4709 8563
1342 8053
5836 3349
3876 1392
6928 7748
4502 5052
9409 3735
8499 5234
4294 3625
5341 9005
3115 2233
8378 7159
1308 5436
3524 940
4327 5236
8188 619
1593 2387
1816 4122
5073 6746
4359 987
6933 4335
7096 6019
8892 1903
2768 5508
3198 4338
6935 4381
5782 8374
586 2418
8407 8247
1243 1227
8712 215
313 6955
6414 8816
151 6627
4005 3091
3998 6084
7869 2155
4839 6700
4785 9847
2256 3266
2791 392
9756 4573
7419 6830
1421 186
4065 4273
2480 8609
7394 9217
1004 7253
3647 8486
4211 4098
477 7736
2189 5427
3676 556
3904 9051
5298 1737
8133 9556
1559 5031
2995 6988
5760 3488
9843 9803
1655 8876
2059 8737
2305 5760
6405 3411
3139 2953
8521 5881
6587 2893
6103 7210
9578 4809
8554 4486
2387 5011
6997 7837
7585 8007
6706 491
1138 5509
9414 621
4216 254
9079 9942
9664 6431
610 9527
1575 5483
8256 9905
4736 1983
8908 1200
4245 2123
8572 5415
6165 6933
9902 2812
8071 7873
2410 5530
2193 7747
4420 434
8258 1283
8375 1868
3958 8482
4672 655
1065 658
4363 9699
4456 5726
495 4477
9027 9378
8650 7176
9051 1104
7991 1878
2607 9457
2416 5725
4040 7733
6495 8915
2582 4674
550 7567
3563 1163
6255 9428
804 8615
7994 8942
5320 1980
3785 9843
5743 4557
5340 3386
6895 9007
3507 7620
7275 2058
1100 1968
4255 5039
5905 8268
6870 4224
9623 3373
4683 1544
9605 8429
9869 396
1324 895
7425 2756
9383 3132
847 1495
1067 2959
3059 9335
974 516
9036 9440
1369 9713
4421 9653
56 3625
2738 4032
6576 4127
5855 4367
5038 1893
5015 6605
6782 4003
1651 9776
2451 3975
8558 6782
8859 3512
573 2050
6868 7160
3410 116
8242 8239
5214 6441
9054 3953
398 7122
9109 1408
3906 697
8916 3265
4378 9552
4741 7914
630 5186
1473 6629
6136 3454
9441 3086
1932 4699
7262 6683
3781 2099
2618 1240
472 813
9788 9960
4174 8217
4200 3022
8472 191
5015 2417
8869 3045
8344 945
770 1409
3216 6235
2640 6856
3481 1056
3978 1108
4881 9772
2295 9073
1529 3878
8117 5103
3881 1929
5847 2920
4161 4198
1363 5306
1586 7795
9769 5372
8831 7075
4908 8562
5209 5292
2440 5640
7113 3153
7775 8722
3529 6358
8952 2871
6144 3291
8666 6449
6704 7829
9624 1234
9727 2867
1095 14
174 3576
659 9283
8565 4862
7768 4518
972 1112
5297 7741
6291 9353
1059 3740
4732 8494
4116 4024
7163 9282
3018 1308
1090 2272
8371 8379
4923 2023
5971 488
4391 9332
5852 3240
866 1066
6564 7418
1206 9802
7934 1962
4258 9742
8645 6669
1305 7529
6723 5196
4779 2274
7456 2337
9517 182
5876 7017
3544 7366
1605 4788
237 491
6248 5842
887 1539
5931 7855
3004 447
483 7313
1624 1805
3153 6205
7948 9565
8313 3836
4483 1350
2287 7976
2533 4245
9229 9699
4026 3326
2840 4927
3583 9172
6878 1700
3669 1776
4355 5487
3173 4578
7262 8456
4943 5657
8907 4925
2398 4959
6290 2661
2231 6539
5391 9954
9587 8067
7412 8400
5879 94
6407 213
3296 3830
6954 6798
7843 4422
1391 1580
1016 205
1265 9577
6301 4698
5375 7916
7868 6172
855 4983
5403 6931
3839 9892
4255 4852
6151 5104
8952 7677
9692 7487
6984 5859
225 7970
4409 8702
7785 7076
7389 7076
6613 439
8817 5008
5394 6064
3861 4174
9781 7909
5416 4133
1649 5379
7166 773
4014 8553
4163 7895
3366 381
4694 1115
4635 3918
5010 3041
1603 5384
1238 4697
4655 4570
155 9429
7736 9412
2760 7926
5243 5494
368 4060
3183 4087
6271 5936
7700 6722
8481 871
3866 330
667 8264
7549 9936
1063 1848
2819 5473
7721 4566
3777 5176
6253 7235
5112 2163
33 3962
3703 2029
8290 522
4141 5638
5796 2795
4829 3760
557 175
751 3424
56 2633
1124 2474
7631 9187
8932 928
9530 8956
9305 4142
370 3732
5874 7589
53 7997
6694 7328
7212 9011
3456 2502
428 1458
2828 2933
3848 5766
2198 2537
7368 7272
3949 5818
7860 6980
7653 3469
8830 4034
1545 437
2238 5319
579 4256
7246 4808
85 1469
2003 5452
1786 499
9356 6709
8858 8684
1131 8152
8483 7309
1196 7049
2958 4103
6700 4490
7290 1323
1725 5858
8403 4347
2284 1126
4478 5007
343 4137
2839 6074
5723 3232
4045 5125
5724 424
782 8348
627 7279
4949 9473
9591 5421
4985 3468
9370 3732
7185 3377
8494 6313
3544 3796
7379 210
2487 8251
21 1992
2889 5787
9263 8746
989 2383
7706 5708
7766 6513
3315 1465
452 2178
7771 441
9633 1109
5023 8082
238 3158
570 6371
635 6766
5143 5932
358 1762
419 9585
9216 5143
8471 4235
6676 5543
7580 9891
7468 8926
2862 6219
8935 6032
5946 4162
4356 8154
3332 2169
4481 686
4952 6687
1332 7229
5628 8956
984 9929
4723 219
120 8363
6906 3911
6875 2346
3378 1009
7886 175
7519 5831
6175 6092
5774 5748
9146 186
6207 9013
3686 8709
5520 8083
7975 2849
2123 8108
5712 1837
1386 1399
8041 4600
8688 1967
1537 1568
6146 7956
2368 1496
2834 6399
382 2482
251 5971
9649 1187
306 3426
4552 1626
6484 7951
7563 811
500 259
804 7086
2767 8560
4544 6646
5972 4578
8059 1392
1739 5085
4548 7519
6320 9425
4818 2684
4785 6708
9883 9877
7087 1232
8171 5770
980 5972
3786 1719
2198 122
2483 9151
9290 5576
2258 173
2979 687
1015 1240
5428 4306
956 4797
209 3062
2747 6753
1441 3334
8667 9734
5771 3891
7817 704
4269 7730
5707 6350
6643 4574
98 4951
1034 3175
1758 2452
4031 9070
5332 811
730 5393
8280 6063
2688 107
9281 8092
6385 9419
5394 5072
3121 9788
6719 2125
103 2262
5979 1561
9991 9945
3771 256
1770 2462
1023 1481
2246 2391
6511 4805
8899 4765
4725 2469
5879 7746
800 3129
5569 350
3320 5460
7735 8599
9514 1096
8017 1115
3359 2382
8331 8630
761 168
3221 8864
7338 8374
4506 72
11 5305
8393 7229
9539 5475
5401 5088
4654 4107
1285 2016
2718 1046
9383 4181
6771 9431
5949 2449
3383 9542
5871 7454
5704 8280
4221 4225
8533 69
8479 9632
8761 8564
2500 2284
1337 5589
7947 5607
7257 5160
5082 6247
5519 6248
8636 6583
2590 2177
4522 4338
682 1164
4398 2582
2839 5887
3544 226
4452 9234
4323 4128
9209 2688
7034 3775
3331 2562
3849 4245
6651 9672
3105 6945
6150 5714
2320 2474
9792 8149
4028 3429
5055 6679
1263 513
8955 8406
956 6220
4598 8655
264 8356
7275 2302
3495 6349
9715 3206
9785 3945
265 5548
7548 8318
8606 301
6610 3605
2532 7433
4748 2937
610 2550
1097 1914
2750 8824
7003 3307
4420 6289
7976 9704
4893 2537
96 2514
1813 549
9712 5537
8995 3267
2396 7545
8752 9925
9567 2904
288 3438
1682 8202
5174 7660
3676 2573
747 7170
2120 5395
6229 7296
6843 2271
3830 2259
8188 4864
275 8114
3241 8280
1051 1919
4137 7105
4264 1962
1528 4702
86 8592
6779 1697
8854 3412
2663 5041
1666 9547
952 4542
4030 4949
3624 4261
4723 3415
3314 3281
6619 3667
8859 723
6835 1979
4467 2671
5334 8672
4429 6351
6146 4386
7271 4761
8231 6789
3462 3152
2904 8486
3843 9637
5987 3575
6603 5793
944 867
7126 1404
7685 3088
7380 8868
4546 3903
1192 7762
5633 1542
8955 3063
5099 1608
5259 3021
4830 629
3615 3744
5879 8364
1147 822
5275 521
4137 6300
1642 4965
8985 7786
1896 8265
114 3419
2421 1670
5750 6614
4866 2164
3835 1424
7071 3171
4488 9159
9502 549
6413 1481
6540 2754
6677 9633
9499 5913
2057 8748
7542 8391
4583 2980
9094 8079
5761 6399
3562 2928
5484 1395
8695 7781
9213 9464
7159 6374
5815 6635
5385 1389
2179 7398
8803 4870
7280 7832
4766 8699
5165 2554
1421 5504
3353 7665
9433 8649
7372 3634
8270 5538
9297 8788
6840 363
6063 7087
5678 106
6274 5055
5828 7220
635 7197
9625 898
7973 7422
2350 2153
4683 2406
1907 1583
8784 3665
9004 965
3271 8390
5669 9038
2185 773
5894 5184
3278 8780
5388 882
7877 8064
6633 5523
9682 1782
9062 2074
5483 3371
2553 2862
8160 3434
8864 1335
9208 8315
3394 3478
5290 2976
8275 8110
6293 2422
3146 3376
8655 7577
6931 8371
3760 4767
1048 1485
6091 4947
3221 4489
5652 1113
2890 4884
8236 5149
5063 1472
1580 8893
8118 175
1974 1650
3078 1148
6521 7160
229 2321
831 669
2202 8647
8146 5606
758 5294
3970 8899
7674 6550
9480 3122
2381 661
4180 9648
1248 8312
6291 4604
3956 1272
8293 5252
7686 6560
2245 7189
194 3616
9693 1136
1069 9478
343 9374
5040 5029
4106 1970
6221 5713
1264 2779
3392 6010
1866 1127
9522 2193
8873 8163
732 2918
7395 5980
6342 1509
3757 3664
7644 268
2446 655
7365 853
6339 457
9637 3836
74 3857
4150 3366
7168 3722
5173 3464
6771 4251
8106 1238
6676 7397
7390 5986
1003 1287
8157 8373
189 5500
2563 8006
2656 4033
9318 1989
5245 1997
6725 119
2991 4511
5702 9820
7720 4585
1782 4408
3236 3561
3420 6122
6811 5528
9046 2240
7692 6674
2358 7200
3206 2571
3696 7868
5473 4456
29 650
6125 2167
9578 8867
1949 5460
5875 7654
7964 1131
9511 1229
9638 2502
3437 3443
6983 3918
3786 1345
5711 6499
4904 4713
9169 7127
3376 3167
9754 3616
4871 3075
4590 9249
7398 5823
9877 5901
9537 2800
4246 6406
3 7723
9435 8185
2212 6220
4767 5354
5861 3410
6472 1120
9803 475
2153 2607
1802 8042
5668 3769
3713 2910
3013 1021
7947 3005
4633 5539
5937 8131
493 4325
8053 9847
7967 4411
8777 9878
8555 4581
7068 9452
3228 2114
6818 9277
7188 8056
6653 350
4010 3281
1704 7103
6341 9123
1417 1411
5976 4272
9137 772
2569 4363
1848 3849
8706 1717
8023 1687
5688 607
1947 7992
2666 7679
3184 2192
6637 8892
2220 9090
4496 8809
4770 1464
7791 1337
1884 2725
4217 2978
5053 9666
103 7149
7639 8113
3962 8875
3320 5436
5591 4057
9412 9463
8103 111
8885 3530
9649 8652
2971 7911
5294 3312
4640 4774
4865 7336
6906 3805
4120 6428
6548 125
8132 8396
694 8721
9646 1938
6786 8584
4143 7351
9618 6306
2607 5944
991 1545
7247 1065
6226 7429
4514 3322
8937 6322
7688 4191
2079 2792
5317 5366
9993 8812
5806 1393
311 5169
7680 9211
4292 7824
6056 5705
7110 7368
3440 2131
3197 3127
6777 4684
3408 9763
4616 9641
9110 4937
3589 5637
2291 6997
4961 6643
2507 5309
1483 1576
4473 6300
1698 3450
8195 5311
8105 8801
5736 223
5142 5900
2368 8156
134 5630
62 3310
1089 898
8184 3617
2924 6536
5446 5530
5221 716
685 5918
1127 7017
9998 4968
2462 1752
6939 2359
2522 2557
1371 961
8652 9320
4545 8246
9640 6980
6775 6866
2088 6237
2759 1746
8340 7513
3318 3430
1976 4518
5661 4371
8765 6753
9083 5342
5277 7414
8618 1041
8826 7406
3942 2476
9826 138
8353 8879
3248 4539
2003 9697
1411 5621
3522 6993
253 2854
7252 5865
160 411
9748 7802
6563 1856
1401 1146
7479 8473
1686 4513
7622 1611
9094 5477
2396 6366
7784 5322
3111 1393
1836 4457
3486 1270
2887 6603
2988 7409
1651 8841
9631 1925
231 3630
6546 3730
1604 7490
5276 722
1010 6751
7380 923
5991 2165
4396 5813
7238 8387
2164 4114
2969 4319
9569 1397
2251 8240
5484 4054
1941 844
3267 4915
2563 598
5331 7195
4765 4340
4393 8898
28 2870
3897 8694
2930 5495
8097 133
6882 3248
8367 1714
1612 1315
8406 888
8843 1643
3881 4027
2826 4391
9646 5939
9080 7248
6406 286
3737 4248
6846 3968
8716 5251
7622 4189
1340 6454
1863 2065
6681 2211
4626 7564
6342 2745
6892 6595
7735 1622
7154 7504
8424 2598
521 6536
4786 8950
6252 3202
5748 5389
9263 2387
4719 558
2381 4125
5118 4993
987 5777
6611 3320
9002 1299
2278 213
4220 7226
8654 3999
3335 5557
7406 4722
2495 1379
3554 3386
5887 3639
5830 3105
7093 9860
8323 7777
2776 840
1463 1168
3491 3037
2582 974
2425 9658
6962 3146
5806 1206
1855 7061
9947 1864
268 8318
4375 2976
1264 6593
1073 2861
6835 5256
6334 6960
5274 7734
5041 8664
7431 9451
4193 461
4468 2386
8726 7793
4867 405
942 1065
3715 7252
4962 642
9468 5397
8413 6515
8110 2542
8010 5344
9314 4930
1597 5840
1910 4085
1158 9176
2054 9499
6794 8234
1247 1297
3609 7206
6568 6201
6845 4789
1554 1979
3978 8012
9637 3112
1481 188
8179 53
713 4746
8332 1049
7277 1413
9641 3231
9262 6618
9482 2420
5846 3183
9171 4221
1764 3859
8543 4652
4155 3336
9499 2774
5705 2951
7771 5304
6739 4339
3430 7217
2342 5943
5583 8034
2987 6647
7027 83
8026 8455
5046 1413
9686 9366
5608 9784
7277 3641
799 5994
7283 1177
4454 7136
767 794
4755 4620
8624 6280
8917 3149
2196 7996
9049 4766
1886 7016
7151 2189
4498 2520
9040 7686
8837 911
8458 8462
1142 9716
6987 3286
3415 5754
8924 3539
5001 4272
9732 5927
8540 166
3151 231
8336 5998
8037 5207
5366 2680
37 3550
6790 9538
9840 5645
9029 9375
9440 8909
154 1102
3395 9609
6762 8621
3775 3414
247 6928
9335 7580
5417 9411
2138 420
2614 6765
6241 1752
9386 4135
241 697
1894 1191
9521 3771
2143 8311
271 2037
1919 2187
7736 4289
2455 2167
6116 9570
7704 5505
1911 1545
101 1067
7480 9961
8075 722
7386 9545
6113 2856
2501 8177
2126 2638
5796 705
6484 5243
6006 2235
3208 9759
2991 5560
3484 8876
1459 108
9008 7693
2396 7602
813 5595
7184 9037
2674 376
4666 336
9774 4193
6152 1656
5379 1706
4841 8446
4942 8498
6549 8647
7433 5927
9267 5301
2916 6675
7543 3843
9344 6487
6773 1158
7418 8278
1595 7859
3090 7767
1128 9147
9600 1165
9832 6426
5857 7723
5045 1429
5447 9545
9244 9639
1560 6525
4175 5710
1157 4600
5264 3422
9562 1812
3359 6090
7306 3499
9331 5851
4880 49
7715 1452
5562 6270
3444 7891
9108 2581
3033 443
1838 4934
4249 182
1424 2850
6114 3750
5620 7379
4961 8497
6546 4161
6280 2699
2388 5751
6679 7134
4676 8513
5340 8493
7924 5359
173 1023
3898 5967
5360 2729
7701 9259
8200 4476
6354 4341
5423 799
9490 2474
5916 4115
8182 2392
2968 8662
4264 59
6599 1139
2767 4242
2159 6049
4301 9740
4117 763
939 2404
2644 5340
2748 9827
6747 7426
8503 4635
8054 6529
220 6854
4198 2822
669 3482
2482 8395
6061 682
7955 107
9047 2254
5179 3448
3779 6029
5985 5009
4990 6178
7848 2115
5373 9326
6486 1770
1904 4375
9875 4513
386 1265
8407 3018
9881 8465
2314 5936
4298 6035
2658 3494
3403 4402
8883 2947
3401 7739
2623 6691
5013 7478
2243 808
9557 2891
9751 6140
8065 7418
3087 9269
8459 175
9367 9183
2612 116
2054 7702
862 6105
8675 5657
5256 4203
2424 65
3105 3432
2917 4135
5633 9788
7094 3696
6934 6447
1760 4222
772 6562
7310 8424
3879 6209
3714 1446
5441 169
8338 8866
3414 1154
7462 5031
5530 3624
676 3067
2820 1169
7677 489
9969 741
9852 156
9848 9082
8790 5765
6388 1211
7544 899
3523 1097
7917 6365
3163 754
9162 4590
7599 3989
9476 27
3800 3068
8779 8235
5897 7740
1092 1440
9937 4586
7714 2249
3018 3032
218 8231
3272 4080
8932 2034
5236 2746
6533 7577
9492 7326
1307 5916
5440 5959
3480 8166
1553 2939
5598 129
3978 5410
3037 1180
63 7512
4750 8141
2174 8884
770 9094
5711 7361
5797 6381
8942 8764
645 7113
5302 5621
634 9206
7394 3533
3619 7170
9221 7398
2602 4608
1191 7811
7538 8947
6490 4066
6629 6884
3991 5995
701 7395
7633 9184
8409 2235
4584 93
1469 6220
1971 7370
7343 2440
2494 7145
1546 8160
6748 4482
7622 5238
738 2739
2887 431
6959 8866
8855 9118
8798 8584
1921 86
4190 9214
8584 7312
7834 2650
761 656
6894 1274
3972 7042
5219 6094
8760 2061
1475 3382
8388 203
513 527
4241 9152
8687 7440
4179 1104
7358 9487
2409 9824
9350 3031
4585 5929
2591 2890
2066 36
500 8586
3934 4656
8303 1034
6508 1588
6007 3292
2364 9300
5630 1090
1440 513
755 6826
8744 4160
2960 7833
1310 4604
5730 3923
3385 6319
315 9937
3106 6904
9090 1764
2085 4600
1608 7452
5376 392
7829 7163
6580 5032
2884 5744
1645 3547
4462 237
7649 5475
7539 1173
1289 5605
407 8371
1974 9091
7354 4776
6545 6327
2560 2772
5438 115
5391 269
64 1966
9960 3094
829 3526
4009 8347
619 3127
9165 1318
4934 4904
1233 5272
6561 6429
3999 3872
8419 3191
3130 1208
7113 4690
4090 3990
5750 7907
7890 7765
8661 3478
6589 5444
8394 5578
572 8192
3626 2543
1750 5949
348 570
7474 5608
6942 5747
629 6447
7763 9094
4265 9067
1555 5858
6470 3658
4761 5484
315 4944
4914 6480
4413 8184
7501 7781
3764 1322
8681 7863
4254 7373
2700 4606
6812 3772
4837 783
8368 6585
5185 7882
8645 5173
6582 6501
5431 4905
708 8029
5175 778
5406 6538
9315 7627
5674 8046
1761 3051
9443 3840
6175 2555
3995 3298
4771 2765
7756 7899
4153 3884
1906 3405
4516 8662
9220 1324
1305 7911
9904 7618
3713 3585
4576 5680
9438 6098
8332 9937
8965 3434
6630 6518
6090 2632
8989 1576
5217 9648
6156 6635
8329 8885
7560 4173
8217 2228
4409 9889
1644 7727
5130 3987
7344 9244
5185 3694
4601 4397
2727 7876
2918 5192
9425 7741
6521 2037
9924 9374
3074 5705
920 4663
8922 7120
3468 2626
2716 7717
5205 8483
2192 1301
8472 5379
1202 6978
9905 3655
9793 3414
1099 3847
5271 9480
7845 2248
6640 6051
1232 9072
7352 2315
4091 8617
1073 8261
72 3226
4867 8838
2799 3406
3045 429
622 3666
190 1003
3918 3212
91 6659
1777 3129
2890 8405
7537 4697
4545 3310
677 6756
3111 7061
551 8337
3486 522
1860 1851
862 3503
9948 9744
5865 2648
8019 1438
7389 7458
8701 7659
3107 876
9607 6418
7489 1623
7148 7746
5488 3829
9383 6710
6673 4255
2502 7892
9721 6705
2560 5618
2004 7615
1187 5141
2224 9833
6238 2048
1969 2144
3400 3757
8779 5633
7592 216
2929 1893
2641 4644
3637 9335
7971 6628
6340 8367
3265 6723
3143 5794
7522 9276
5003 5635
9578 361
8530 1896
6778 1396
9678 7358
6471 4097
8057 9785
9120 8528
2229 9022
3729 8520
4880 1448
2010 8160
5437 8721
7294 3383
5248 154
1946 6455
4248 4389
889 3740
4058 4265
9964 5658
9721 5900
5767 8074
5882 5580
479 2529
4765 5820
4323 2469
5288 5595
4204 1057
9902 8163
5979 8896
9775 6136
566 5157
5762 4697
230 5208
6342 842
5815 7741
2057 6821
9177 2245
2545 9793
962 8540
67 491
2954 8500
9231 1727
6367 5221
8829 8328
1365 2514
7406 4324
2571 1565
607 620
3654 2468
5720 4821
1611 9336
2253 6359
1640 7822
4586 6612
446 5398
3658 9003
1543 7889
6077 9030
9602 4464
271 4054
8824 3416
8977 4412
5985 3025
9 8780
9691 3755
2008 9911
8388 4017
3345 1309
5231 7289
8980 8093
6727 9297
163 6214
4681 6068
2162 7345
5767 853
6006 869
9338 4576
2024 241
8815 3303
8863 6003
4267 3984
2956 975
6388 6798
741 9079
3306 8901
8609 1922
6442 618
1056 954
2577 1329
7080 151
9423 1092
4600 602
1487 9808
5035 530
8827 280
9792 2652
6951 1434
7737 2343
1608 4850
8015 7949
1045 3424
7568 90
6482 6059
2753 3625
1290 3228
5214 8759
7442 7306
6642 275
4832 2049
9933 8899
5609 5124
7978 5034
8995 4186
6261 583
7782 1712
8938 7816
9845 384
5980 1095
2215 9584
6260 3364
6948 7148
9271 2549
3278 2665
33 9500
6127 7938
5512 8574
8719 5419
5730 9965
1799 1011
6752 7209
3235 9384
2860 3091
5256 7830
6092 8102
2453 9348
6154 2564
1646 3398
8275 5378
7642 547
9975 800
2111 8830
1512 9999
3601 1224
9483 4475
8320 7780
3688 6104
4588 1665
5964 5823
7174 2364
4501 8836
7696 4166
633 3614
6087 8108
3179 4914
4710 6731
3342 6598
8101 5383
7000 3150
8875 8941
7140 9546
1657 904
4073 2912
1909 7541
4084 38
8815 8109
472 5359
2901 6074
998 4651
6404 5721
813 9035
1793 6053
6815 3720
1423 858
5808 7538
2539 3399
5178 726
2201 371
3660 4032
7175 1030
8615 477
4682 1276
879 2865
1379 7352
2191 3066
1753 2840
8444 7950
311 6730
3191 1460
2255 3990
7913 5281
3949 6013
9186 5554
4883 7574
7438 1790
9002 3747
2033 8492
8179 9372
7625 1616
2052 6290
7286 2150
211 83
7509 3885
4160 7364
8433 7387
9121 7761
6347 7765
8040 6180
6374 9588
8950 9599
8107 1740
990 6587
2943 7373
8141 570
8547 2012
9502 3696
887 2702
7640 3028
8693 1083
3252 8128
5750 6728
666 1013
2947 7492
5960 1088
7264 3680
7694 2510
6606 7652
1134 6716
5308 2596
9625 5200
5021 3320
3837 1584
5858 6446
841 2707
4115 774
1312 8708
1713 2636
61 5750
5052 8268
9395 5677
5689 4947
6876 6200
3923 3987
2863 4761
9370 7310
8064 4645
1049 6793
723 7532
496 1891
2388 4653
8140 6360
9101 4826
6160 7134
9954 1295
9072 9723
3198 671
7890 8814
5658 9367
799 6214
393 1362
6890 3223
4583 1939
7979 1689
7203 7884
7987 5714
9129 9476
1686 3041
8974 6155
8095 2803
8697 1151
4299 5563
2848 5927
3464 1729
4238 7539
9809 6202
1471 2298
9596 8538
9252 8728
726 7025
129 2605
2796 1980
9957 3821
9492 8188
3241 2596
4447 8063
7245 539
3165 3540
1238 2477
2953 6101
6248 5045
2024 2632
4042 4567
2087 7118
2423 651
1493 6379
4439 1005
9575 494
5696 7915
6307 9789
6314 380
5440 3788
9198 3954
4505 9172
9579 613
5499 4368
1349 2466
8329 4673
7668 2712
4552 1821
701 4874
6647 2660
14 8108
4403 5862
8513 4201
753 8447
4146 3762
2626 6995
718 5228
7602 2065
7655 945
2179 8935
9550 7388
8927 1747
2796 7591
251 9899
1526 4583
7400 3055
8742 6131
4325 6329
1488 1847
4845 2423
3234 4784
593 214
5942 750
4290 7274
4973 7304
1981 5163
9395 7450
5093 5154
2075 4798
8456 8928
2236 9819
2914 8751
1675 7308
8645 5417
2164 8253
9600 685
6267 5421
2843 3623
8144 4869
4134 9363
1786 1662
984 220
6956 6397
2601 7473
1125 6117
4838 1602
8346 8009
6583 931
1468 6456
1072 6456
9074 8159
8252 1177
7639 6804
2620 8654
5423 1474
5183 7649
5944 6838
8499 5218
9782 6933
5725 1058
7913 5094
3771 7217
3215 9214
4387 9435
3205 2110
4858 2604
6289 53
1399 4757
1244 7098
1681 7853
1829 3587
265 132
2391 2536
5314 6792
8738 1420
49 5203
9737 9792
1733 7262
4508 1444
7949 213
8162 1260
7205 2913
9784 2441
4304 3142
6107 197
8482 6311
1754 8489
2993 3516
6112 3924
6420 2579
6141 3164
5105 7742
1154 7181
9562 3910
7874 4361
7168 9797
6074 4571
957 3634
4363 4072
3079 9302
765 431
8276 5280
3197 7079
865 9680
7522 7292
428 7427
8604 4587
4774 2101
7609 5756
3029 2018
360 5980
8913 5342
3097 6848
3439 9995
5058 4489
7616 3140
8879 9895
2848 2357
3474 6017
9126 9772
3257 1064
7163 1882
2562 273
8286 5594
6763 4392
6642 6317
4548 8332
7129 2271
9837 1647
2500 8440
155 256
3422 8486
6505 2821
3112 1090
1033 8301
4488 5248
9123 6441
9775 4152
778 7028
1026 714
8933 6317
6371 3760
5476 6291
6317 6907
6964 4274
2764 3009
6095 1610
9949 2238
9732 4455
6225 7318
8111 6128
6495 2483
3040 1372
3010 3415
9768 9747
1583 8337
3039 1901
7146 723
9203 7494
8818 1267
8162 6066
5247 6589
8731 8438
7974 353
3720 8651
3837 9236
8446 2792
7237 9105
9961 9768
8996 226
7010 4218
9408 4866
6594 7723
3927 6096
2709 5530
6964 6502
9519 5636
8237 7529
3734 1537
339 9559
3978 8313
2540 3277
2420 8810
742 9949
5037 2406
9396 3701
9322 5472
3097 1855
3350 2678
8756 6000
2978 3072
9537 149
509 3712
8578 7391
285 8168
1004 7855
9781 509
5770 1395
5140 7415
658 802
537 9143
3379 7553
9184 5134
8905 6473
9581 2326
3426 3612
3292 1168
129 3841
3553 5639
9871 6037
6003 61
8303 5092
8950 2459
364 7121
7246 4629
940 6500
6279 5594
6853 8310
28 756
2450 5962
363 2732
1392 1147
800 3487
9611 1387
335 4848
2692 6249
7027 7150
1733 659
4938 841
8857 8280
8016 1248
493 5407
3509 9100
452 3154
1828 7312
3559 9217
474 469
8476 2926
2634 2457
7019 2721
285 947
3691 7801
6509 7345
6848 395
1536 9540
2190 8832
1164 7682
3826 297
5424 3336
5226 9013
5787 7360
4362 7447
2774 5096
3620 6056
1557 7384
1394 38
8424 8778
8315 1638
4137 8268
5997 1693
3445 6240
7087 9429
2390 5106
3076 2401
7090 278
8353 7033
8513 4282
1393 9612
2971 4105
6056 6437
980 1337
8960 5725
2571 6615
1229 8457
5835 4748
5776 9803
260 8595
4475 4476
3976 3597
3625 1862
1949 4582
4934 2546
2969 245
145 7302
3039 5902
38 2517
4248 2218
5270 1714
9409 4955
3776 3162
7759 2480
3924 6066
7098 6935
9973 1321
7373 2444
9996 5654
5977 263
8430 7788
5329 5677
126 9130
4054 8741
3233 8777
375 5670
8054 8440
7866 2727
2053 7914
4004 7119
396 3514
1270 106
981 3
7737 4010
6560 3445
6866 6935
7496 915
3041 8957
3287 8232
9357 8528
2791 1612
1998 286
6428 4457
8167 6223
2508 5461
3836 6195
7671 2609
6816 3815
105 2934
8847 9365
9007 952
3300 2428
3176 7088
2966 3306
1756 6765
6393 4621
7938 9554
5553 6859
9818 9273
8101 4822
9180 2600
9162 7656
8094 1399
3646 2284
4613 6237
473 9187
8988 5813
4865 6458
6066 5165
5973 9138
1895 8802
369 8083
3659 267
9403 7718
8144 4145
7617 7634
3639 2244
7315 4263
5558 9835
3347 8259
9415 7728
7419 3862
4721 2922
1481 3685
2004 5712
5185 7752
76 4424
2185 4969
4309 7300
6236 6865
4739 6884
7260 18
5044 1104
4837 7419
2628 3260
8128 9627
9592 9468
129 271
5910 6880
6665 8476
256 46
3932 8481
118 6528
3614 3476
9154 9242
3118 5524
310 282
3023 2254
3914 6397
968 8361
2706 103
6873 6146
9144 5521
6539 608
3325 6756
5465 2450
678 8033
4143 5668
4296 6664
2272 7166
2878 8696
5624 228
2320 9866
579 857
8335 6291
9789 5444
8667 8750
7798 6086
5002 4611
5150 4509
6113 6808
7558 6599
1290 6318
4631 5607
7852 6322
4381 5432
1538 6797
2878 9046
3475 2886
9251 9151
6691 3257
4361 269
9622 6620
5489 4325
2471 3969
977 7669
89 7237
8533 3623
9312 9777
9703 3017
3866 9308
5695 7584
5232 6362
2868 4544
5315 1701
3298 3374
6526 1096
7868 6424
3417 5540
9025 8966
2585 1223
3113 7758
2728 1531
5692 870
279 3547
9981 7842
1827 5745
1230 1325
8917 8874
4662 732
7955 6019
9259 5605
2268 3209
9634 564
5370 8174
7459 1651
9981 4809
8137 4747
2312 8419
755 1971
9421 3654
8736 2797
2786 7521
1346 5822
8727 5717
3405 1342
7324 8781
2121 8070
3776 2975
2191 895
3299 5827
2655 5725
6170 6887
9475 6519
8219 3217
7906 2720
5139 6147
507 8635
7291 3356
9527 3676
9797 7509
5439 2652
9341 1042
955 1628
342 3091
8078 7149
6371 3386
3410 3564
732 3276
936 7213
305 3963
7209 7868
9389 709
8203 8726
4214 7681
9135 3044
661 7947
6836 1621
7273 2376
4993 5167
9105 4333
2976 424
3812 696
7573 5297
2895 1024
8445 5226
5334 2427
4924 6501
8563 3003
65 3348
8906 3342
3326 429
2494 7446
6307 8073
8935 5211
9931 9902
7798 3321
7252 6760
5872 7364
9342 9507
3234 4223
6687 4507
8454 1905
4417 8740
1580 4258
7275 6929
1325 9401
4040 6538
4503 1344
9386 2639
9205 3759
8269 8541
9666 4908
3188 845
6424 2592
8987 8003
4624 2802
3570 6774
728 1948
1285 9221
1875 6808
7448 6298
6582 9567
4335 8334
975 2579
8946 9133
9192 8408
5916 846
8293 7033
5814 569
786 3057
1472 6014
3803 6194
6871 5913
9778 8882
8310 7387
1524 5423
7711 7058
641 5335
9892 2753
5155 7699
2734 5347
518 17
6676 2412
3780 7149
306 5988
5350 8140
1324 7994
5438 1571
2196 7923
2447 5290
4183 7539
9164 2953
332 4176
5502 8911
9693 8178
6173 4420
942 8831
1661 7764
4032 4337
1045 3294
1351 6784
5611 8854
2352 9567
4033 1529
5676 6997
3176 1908
7353 7885
6666 4703
1425 2010
9769 6860
5579 6283
6787 6161
5018 8690
1565 8406
8024 7531
692 8252
9992 2933
7784 874
8816 5222
4014 9773
5098 9393
5189 9511
5758 5467
7900 8404
2267 2447
2888 5009
6819 8301
7843 1454
4593 1529
9388 725
9331 4355
9824 7671
9922 4042
9576 9821
2661 9167
5211 3793
7807 9344
6716 7799
7587 710
2881 805
8915 7860
330 8960
1420 3864
3306 3428
7258 427
7170 4744
4646 5677
2803 8469
9816 3242
1512 420
693 4289
4992 9697
3312 3593
5134 5616
3019 338
6606 3066
5815 1813
1840 3110
3380 1283
8494 1922
4375 5749
9643 6855
154 3607
5123 3922
5847 3953
9603 7456
608 1333
9670 3016
1547 2484
7496 6957
2952 5128
3881 6345
8987 8621
5274 7474
3624 4245
4646 7905
9503 7225
6110 7746
8706 6881
6791 8107
4960 9004
7728 9185
3249 2089
4111 7746
6537 4026
2118 7561
9813 2139
7063 285
8067 9001
6878 6921
9027 4613
3731 1459
9579 5126
5749 2640
4541 510
5282 3928
545 2458
2262 493
6248 9908
62 9629
1136 2899
7925 8544
9448 3330
45 1354
480 1282
3229 7075
8415 1763
2071 144
6213 7820
4520 7927
6977 110
2630 5211
8809 2067
9154 5485
8003 3889
5138 3775
5449 8363
757 4384
1620 8731
4022 453
8652 1302
997 3090
5016 2065
7163 9510
7435 7754
7722 7030
664 6822
4384 5006
8064 4515
2049 1674
645 1884
1579 5697
3697 8240
7520 3139
7781 5358
931 1689
9804 467
7959 3186
4153 5258
7809 209
5247 4068
5307 4873
1976 3266
3381 5910
9816 6893
7414 2339
209 5087
8046 9197
1203 6699
1317 1351
2939 2532
7362 5532
376 9172
1945 4303
6138 4397
4273 4212
4545 2456
2655 6156
9677 4455
1215 6709
384 365
7975 7452
3990 1645
6285 1414
4566 300
2838 2076
3886 541
2485 268
275 8716
4573 7106
6846 138
4664 6470
6908 1770
2890 1485
5999 1959
5780 2595
2478 228
2732 7692
917 2706
7805 1914
3479 8646
2724 634
5027 4428
9633 719
5868 9208
1097 4744
7757 1873
2554 1162
1191 8543
4393 880
1225 957
7505 871
9378 2829
9084 2382
8939 6165
4980 7995
7972 2966
8717 868
6700 9711
7404 3448
6819 543
5886 6754
8964 1499
1577 4041
1991 9508
7127 1827
9675 6206
5134 8812
4540 3909
8093 1391
5975 3012
2764 8677
3982 9243
1479 3883
3448 9309
1925 8107
3097 1912
4184 5213
5115 3093
8043 6939
1288 4288
6432 7802
9264 4770
4646 1302
2060 603
4468 1939
9594 740
8317 2223
3396 5362
5708 6990
2028 1065
9722 5621
5209 3105
1568 3524
1814 6963
8780 1166
5515 9978
837 5705
4118 1533
6043 5933
6162 1683
4916 9649
8242 3742
4864 9459
3982 1672
2343 2739
9645 9723
627 8312
8717 9862
8643 7469
8588 1346
4568 5152
9148 5884
8702 8049
7465 1017
6465 8258
8611 2269
1797 8837
1762 5618
7853 6791
1920 6958
9972 8024
4065 7160
2229 1297
3344 984
1604 7661
6614 7977
3932 1154
542 5356
7672 714
263 5941
9752 521
6295 9917
7133 436
2905 6949
596 5592
3741 7221
6578 9451
4080 1025
6385 5646
1091 3319
3152 1164
7407 2136
1159 7395
9282 1511
942 9612
7718 4472
7599 2306
2719 7698
6907 7448
3299 3843
4328 1504
4295 5528
1 8011
3975 3079
5943 4897
4198 8978
4718 908
8117 4339
7432 4236
8610 1239
5344 7197
3751 5256
5153 4219
6832 5180
7023 2496
1013 753
6897 4077
727 167
9192 3846
9467 5771
4178 3788
2527 9756
479 9864
3714 2341
3079 8017
8621 1778
2024 1965
6105 2572
1836 9084
4669 9660
1092 5368
3704 872
1990 6518
2244 7566
9087 238
8772 5330
1736 8853
2452 1853
2603 8438
1023 6702
7960 2419
9085 6958
3195 5317
4344 7998
6266 2301
9978 4731
3402 5795
231 2191
5086 7854
2557 8443
4217 5190
2216 8150
3501 9938
9103 3750
8113 9427
4314 2090
4771 9913
6135 6140
7972 9195
6160 1474
1063 6077
9026 2190
7931 9571
5253 5873
1392 8238
8116 9324
4702 1798
5025 7177
4572 5889
3882 5442
5126 813
4229 8933
1115 2453
6459 8307
9394 6908
7138 8595
6980 839
6357 1614
6546 4519
5904 1080
2134 5061
7794 763
5395 2142
2470 1977
8502 1789
191 8376
5881 8451
4453 4103
9279 4864
2999 786
2462 581
9002 6276
9988 3109
4975 5905
7191 1409
9022 512
8868 6461
3271 161
1774 180
7002 8303
4411 7260
3172 5817
8375 6528
25 3361
8703 917
5695 5413
678 1674
1711 8876
8554 4958
6737 9725
3607 9128
8012 999
8397 810
6005 9776
1136 2525
5657 6060
5614 9396
2283 4379
6300 6691
1064 3588
301 8490
3622 6403
9909 7488
9976 2294
8345 3279
6765 7959
7885 7990
2720 1347
6013 6634
316 8798
2283 1346
7637 1472
9497 6231
30 298
152 1227
1311 6848
5084 6548
8152 2857
8685 3320
7035 91
4633 1953
283 3373
118 5780
8492 2925
9338 3885
9307 2320
5343 3806
9794 2438
8646 6775
4828 1640
2240 5032
4692 2533
3115 4478
4290 8380
88 6288
4130 551
6425 4484
7467 9520
2197 7587
175 2500
1365 1018
7363 2000
9748 2443
5778 3330
8595 20
9565 2736
4336 7974
9265 9614
6461 1108
1486 8892
7696 897
8760 7412
3249 3138
7416 8427
3335 2158
3205 6249
937 4893
1651 3482
4641 8206
914 9605
1871 1536
8383 8593
7533 5979
6315 3161
4107 1856
712 5714
6011 6133
3182 7928
1742 2065
1926 8790
6904 523
8932 8808
1890 2717
9300 6760
3266 6875
4976 7903
5783 3273
5310 609
6691 9275
9833 807
7987 672
6684 8104
6371 3443
1605 3487
2585 6891
7802 5056
9877 355
5401 9772
5618 1893
3694 6763
3136 7933
9817 5939
1303 5751
9763 9086
2542 778
7019 631
1998 6572
1478 4062
7732 6165
788 3615
5702 3469
5827 8833
6424 421
9786 1341
4930 4121
2898 1352
1688 8975
5635 5630
9155 7136
249 5966
8658 9713
7380 2680
3386 7707
249 2933
9834 6643
3051 1944
327 1311
2735 9817
7530 8259
5720 7781
4786 558
3941 2452
6274 2705
4536 3793
6270 5215
1726 4140
9441 2403
2600 732
8728 6668
44 8543
2563 850
4433 6297
5739 2546
7459 98
6485 6308
9940 1003
7885 8608
2439 8893
4399 3680
3802 5676
5417 9850
9878 9170
4680 9557
5361 5754
6204 781
2773 4982
4141 2109
8623 3060
4822 5476
2497 9248
9770 4914
6442 9994
7565 7290
2703 456
645 8544
1209 4156
2950 6749
8841 1418
6532 3471
3822 1016
2175 3720
1433 9499
4764 8100
8274 8918
5282 3367
6906 5375
1978 6589
8165 1054
8199 638
5026 2623
1268 1703
5000 1402
8236 9565
7680 982
8979 3230
8630 3076
9438 7716
5742 7674
2063 5357
6825 5571
4170 9993
2809 451
6379 7736
9466 315
2652 9135
3428 2186
4426 1288
2800 2617
5050 7531
8059 5889
3401 7910
4242 8526
7938 1398
777 311
5479 2726
9586 1548
5037 129
2715 9834
1330 7842
2452 2284
7470 9631
1672 5327
9182 7322
5101 7469
5882 864
615 3366
4629 1243
8586 5756
4785 8172
8579 8749
8298 8507
803 6046
8762 4669
7146 7440
7053 833
1010 8776
6270 3605
1261 6143
7789 8071
2308 4383
1874 8063
8844 6172
1590 1888
4991 8398
3840 6802
3341 5923
2875 4430
8028 136
8755 3848
2342 7350
1029 6924
8123 3379
4976 4333
151 7180
8554 9227
2453 8120
4576 427
8440 1743
773 8432
1561 3752
4109 1715
5501 3400
6132 7404
3166 3074
4625 319
9800 5398
9296 3421
6658 6696
2360 4142
6304 2034
5751 3548
4717 2537
1518 4055
9130 5603
8597 2107
7791 3175
4620 325
1251 4650
2782 4215
3711 6930
853 7987
6928 4463
8526 362
4824 6921
8776 3920
4977 2999
3304 2984
8247 4330
2113 6493
3102 1345
94 5841
4571 5694
1343 7972
868 4481
30 8300
6916 3298
6773 3020
3732 5124
3187 894
8121 2878
5184 7614
4408 977
9234 5902
3730 2045
9564 1118
6583 9689
5031 3585
9035 1528
4714 7850
2073 1028
1942 4517
6360 7173
8917 718
4068 505
5762 9698
4334 5350
9941 3670
6735 3263
6080 5254
1462 1032
2843 9698
9438 8684
1344 222
7383 1205
5198 1604
7247 8514
7084 414
9962 4897
9982 5549
2353 2142
9949 9573
1048 8747
4656 6690
5463 5470
1306 869
3135 6315
3852 8585
7460 6528
2534 4405
3227 8533
9390 4856
9970 1001
8142 6333
6459 712
9948 7069
8539 2771
2997 2594
6548 3
8268 8135
7573 6590
1203 6756
1229 5725
5556 9017
542 4795
4554 6763
3717 8518
634 1351
4744 6106
5771 9356
9770 539
7686 7406
747 4446
9747 5251
8527 8022
5452 4880
9552 8947
7685 7935
2425 274
3794 1009
1017 2994
5807 1846
9370 16
4604 60
2136 9970
5128 4941
1797 4088
978 7203
3383 4858
401 4159
8980 2490
4754 4
6125 3818
2598 1141
7530 6462
4817 4490
8826 2023
7852 8233
388 9589
3719 1774
9947 5662
8481 4994
2774 54
325 8486
6987 2278
8353 3496
4578 7133
3272 3714
1622 1239
4684 8283
6420 4116
9040 3645
9840 7670
4047 300
1342 2353
6228 6575
7416 5020
7196 550
1566 526
5826 9012
2206 886
8315 9778
3885 2601
8026 9675
9640 3825
557 1265
3260 2549
7002 2936
9997 8758
3084 4767
7086 1883
5348 2971
2583 809
7932 591
5869 1919
7835 7074
8422 226
9915 9133
245 9257
1704 8754
4220 8714
546 5987
4777 3155
1668 429
3075 3900
3725 7954
8696 1926
8864 3954
3972 7831
388 8784
8607 9024
6463 9424
2659 1743
3663 3289
4305 1066
9375 7849
5605 3162
2406 6932
4183 9182
7695 247
7884 3152
4773 6015
4391 9885
2311 1410
158 6228
1441 7189
7778 5385
7349 9409
9964 8594
5227 7124
3945 9017
7162 6550
2515 8006
5918 4763
5567 3028
1264 5048
2239 1692
527 1749
2696 9515
8458 5494
7864 7007
9543 6470
9696 9718
1289 3011
2662 1236
2624 4916
5466 3326
3198 7632
3850 5343
9951 788
5889 5149
887 2442
4438 6267
8039 8701
4530 9239
6509 4076
2775 8468
1777 2950
8566 9349
6069 771
4730 8546
1256 969
5635 4451
9442 5233
4697 6154
3523 9270
502 2981
9780 5228
8622 8877
6967 5304
4753 801
8185 2460
8801 4678
3738 3947
5937 1756
5164 5216
7595 9010
2726 7421
1642 631
4904 3599
4752 6211
213 5480
6426 7582
8764 1763
5519 2182
19 5614
8382 9016
78 6194
1848 7273
6141 5319
160 2062
2902 8936
1159 9680
1593 338
5700 1412
6106 2100
5325 1535
8036 5346
7969 3370
4930 8553
6695 3626
1643 9500
7625 9195
2642 4286
6718 3795
3478 4558
2798 4799
8610 141
9114 2118
8532 5146
891 4388
3266 4086
9821 2919
5003 2773
2699 5170
835 3675
4995 8547
6990 5772
6615 233
4607 5432
324 8828
6759 9811
5525 8712
1619 7170
8819 7431
1412 2905
4932 4411
4758 2568
8682 4689
7997 3832
3456 6438
1613 9984
6434 3231
9147 3705
5972 4863
4945 1613
5088 1167
6569 2867
9275 8586
3353 2526
3203 5211
7050 8832
4712 1819
7138 5269
9132 1892
8866 6846
9580 6189
3842 8352
5189 5356
1641 1802
7989 9956
5463 7056
8099 702
4649 4853
8479 923
7663 9971
4862 5900
5077 2856
7100 9299
4811 8564
4894 3903
6884 784
822 5267
6133 8729
2673 1612
7282 7246
4355 7008
4425 5495
7894 6312
4984 7179
3768 1024
9924 9008
3200 7922
4597 125
710 3521
3951 5612
9395 3002
3693 4822
9737 6149
9821 4342
2135 4565
5029 3165
8418 8160
4973 6239
3414 8790
8080 5132
446 1381
1325 2481
3154 1511
6236 9207
4904 4567
7268 7139
7628 1066
8567 8633
2378 4673
5619 6764
225 9491
3773 6629
9339 4948
7623 3351
9434 7437
9470 7094
4460 362
406 8748
4850 547
2401 8979
4426 4915
4170 788
54 4132
4668 4448
7567 3392
9057 2202
5977 4378
2300 5140
1956 5330
578 345
6185 917
1307 7136
801 2080
9450 8320
3390 6460
4751 9586
4653 6045
5009 8124
8928 9147
2663 6131
7587 7427
9879 1263
7960 61
3588 9858
7110 1611
9978 5406
5869 3505
8518 7936
5392 9767
4031 979
6269 4378
9634 4061
9717 154
5732 6425
1604 310
6105 5475
9415 9615
5337 9279
3899 4243
9190 637
4339 4515
5540 9638
7510 5867
5915 8761
3933 3073
8597 9922
8163 6432
1804 371
2113 7542
284 2850
4544 4166
1708 9708
7214 7976
6758 755
125 2039
9201 1176
778 6768
5625 1990
1736 8723
8052 1878
9829 4128
7248 3773
2112 5038
6773 1036
649 8051
513 4780
922 2733
8678 8167
8050 8598
5304 5732
2721 9468
5374 4973
8985 5843
5525 5142
7077 4830
8357 6274
1972 5408
1318 6116
2684 9586
5328 7257
9072 2055
6145 7479
9010 1177
9820 6644
2413 2118
2277 8673
9846 7865
6795 5117
5183 4624
8323 6663
530 8517
7314 986
7004 6422
3826 8063
9008 3733
3774 7873
5763 4152
8900 258
8466 3184
8937 5021
594 7189
2648 3863
7557 4127
3601 8884
1175 6188
7716 8321
2073 922
33 8061
3576 4855
3015 2344
9243 9642
6752 2387
5778 7843
8209 5221
4139 8910
1240 3550
7147 2162
5942 6719
7174 6991
7859 678
3285 892
4274 7822
8706 2994
7047 8347
7171 4441
3132 9695
3277 6666
3442 2007
3781 1473
6456 7879
5437 7900
5024 6041
7703 515
2596 6682
7981 9127
8781 6736
5245 4697
3210 1657
4269 7828
5482 3886
5303 2423
475 1589
5506 2782
7787 9261
4671 5364
1705 5198
7501 6423
8955 5576
839 2051
9586 8826
1057 9858
8810 9359
4445 9747
4326 1165
8829 741
1650 4710
6497 3342
3233 3711
2486 9146
7617 3373
2603 3315
1954 5121
8838 1204
1238 9869
5342 4256
5316 5287
651 6137
7807 464
5155 7813
6686 3214
6347 3748
8864 5808
3544 4512
2518 4116
6055 9009
3526 3182
6791 3415
3680 616
7477 7126
2163 9028
7853 9857
3460 8197
5586 4185
9963 424
4768 4492
3524 2705
4983 6366
587 7441
8002 9576
9184 4069
5111 4831
1243 6025
6372 3589
3263 1617
8156 2846
4505 8993
3540 205
1650 3905
5289 6823
6780 2071
338 671
9051 1446
5475 9430
7765 5849
7615 2872
7639 1014
9820 3879
5809 5519
3316 847
909 2365
9503 1728
4654 17
4122 2408
1947 7659
7945 7887
1257 9464
9287 6799
693 1020
7948 5906
3058 3440
3395 2079
2281 3748
2809 6119
8618 4196
1493 2012
1553 2817
7855 1928
3550 9537
9144 3488
4767 833
778 9614
8521 4263
2734 3501
2794 4306
8155 5603
7061 377
772 5635
5628 5484
585 2776
5528 8286
4289 6843
4571 9939
8988 3325
1550 2896
4910 2989
5541 6239
6997 6219
1859 4405
9825 6451
1043 7037
6148 4961
9981 6964
1910 6622
6063 8795
4377 5909
8076 9632
3310 8922
7026 8088
419 8341
8977 8047
544 7289
671 8562
1695 2469
7149 6209
1323 7027
2156 612
2718 2567
533 2212
854 5236
9469 5476
9601 7847
2192 5904
4670 3128
2989 586
3983 8614
1655 6453
4702 1131
4609 5104
1747 3009
993 6519
4544 3174
2113 134
7027 742
8183 430
1521 222
4103 9847
7938 6261
9922 8612
211 6483
6378 296
9025 3900
2353 3004
641 6067
1153 7905
6937 1199
5498 8770
3344 4318
3249 1048
8238 6903
6650 5306
4685 3005
6310 7867
6114 3791
4598 3760
3903 9385
8132 9136
5083 799
9263 7047
3522 3277
5361 2241
4955 1553
6455 1051
689 8336
1214 4774
6200 6948
8652 4449
7597 2561
2368 3635
1401 3846
7843 1836
253 8937
7344 5121
8935 3983
5067 5177
9492 5594
2250 2825
9810 4183
2238 1310
8502 4855
9832 5662
2860 6726
1329 5663
9493 6196
347 4785
7656 6524
9645 2803
7179 2960
4441 2621
2039 4483
8272 1545
9726 698
1548 1213
6799 6876
8301 785
7852 2679
2779 7676
580 4205
7667 9315
8758 2192
2388 1604
7481 3675
7956 3002
1982 7332
6605 7010
5731 4002
2943 6552
4469 7271
5422 5876
4770 1749
3658 1579
9959 118
1909 4760
6546 364
1584 2748
8407 9475
4290 1297
6982 9562
9181 6617
4917 7811
8437 9317
3511 778
8686 5857
4880 7929
9799 8881
5790 4932
7438 6580
8216 1212
3582 9289
5184 9094
2794 1891
6428 4465
5185 5532
3041 5932
4751 9212
8837 9409
7337 3495
9135 6622
802 5314
3417 8663
5998 1848
8389 8495
7554 4661
8256 2489
7488 6293
4123 194
8443 2315
8883 8249
1966 1106
9994 1778
3547 34
3839 3818
511 8898
1709 3924
8883 5216
2736 758
6106 7955
4989 5189
8905 7449
402 7450
2924 9854
2611 5193
5859 5045
9087 2767
4730 764
8312 3148
806 4278
33 8492
7244 8942
4500 1241
7932 7064
5191 5296
9888 7367
9024 5047
591 9951
4311 8135
1797 9756
1076 2826
6489 903
8889 2378
9319 7624
7767 1520
3443 9079
141 8210
2044 9633
8732 4646
6266 8213
600 6280
577 9494
1809 9766
9005 6875
8129 9456
3177 6112
1687 886
4328 5456
4553 8018
4856 1411
3553 8843
8283 474
8814 6526
9616 1552
6171 5293
9707 7332
7571 7593
2838 3613
8805 2276
7879 5494
9092 6470
3390 4126
3491 4932
6631 6971
7183 7484
4485 128
3633 7267
216 224
1021 5347
2634 8694
5031 72
7579 4451
6097 9666
2228 1590
5132 878
7486 2008
2510 522
5985 8701
5938 8855
4684 6380
4904 7844
8631 3035
3911 9840
7559 12
6329 2095
2500 8879
3377 9906
5430 1474
4332 5174
3972 667
6921 3138
19 9859
9348 9442
4393 2417
74 9566
9320 7394
9726 1666
3680 4430
6355 3666
1744 615
4235 4460
5047 4338
1621 5877
5410 1946
3028 5184
4508 3306
2644 1811
7411 9539
4287 1617
9987 3134
3302 1222
2294 1432
6122 3845
7345 4755
528 7642
3300 4559
4635 2300
6405 9795
361 2052
4031 873
5592 4030
7904 9822
7426 6814
2792 9229
43 430
416 5896
8860 8698
1751 631
6807 4298
9763 3776
9904 2503
8985 476
5019 1135
4962 4765
7319 5412
5684 3969
8038 5099
2320 6386
6551 3554
7819 9899
5601 1490
7479 6798
7314 8451
7969 3427
6394 9205
2985 1299
278 8941
4920 7141
2673 6662
1088 7992
5878 6844
5630 6742
22 1781
2637 7382
2857 5436
1386 4424
7549 747
2664 5795
3070 67
8754 6743
4528 4257
5744 3996
2160 4949
2760 8886
6831 1635
6242 7656
4719 6454
889 3968
8578 8180
3649 124
6895 2559
4796 8394
3311 3512
1630 5134
5391 5571
6971 891
974 9933
7101 183
5977 9078
4699 2045
8969 4803
1058 8880
1775 6986
7387 6404
8430 3771
1613 242
124 4286
3259 5981
5602 6922
4451 1162
7713 4130
7503 1102
8119 3320
5125 7522
6591 1774
2422 2074
6771 6845
8558 9783
4663 2738
4451 4545
2072 1695
9325 8006
1202 7474
8924 1246
4244 6726
5374 1029
2540 6644
6280 6204
7987 3551
8888 9136
8353 5594
4368 1285
70 3649
414 3459
3719 839
1635 7706
1033 9358
2481 8666
8171 9495
9847 359
9913 8526
3086 145
5959 4284
4023 4633
5293 1979
527 1269
4978 2907
9838 246
9899 7315
3677 7379
1865 6074
7959 6764
8716 2771
7742 8981
961 7361
9958 1479
677 7602
5338 7764
2772 8441
4811 4083
5809 3185
9632 2248
7956 50
987 9713
2914 4360
8416 5138
8574 8730
6370 1909
9011 2315
3505 2549
7859 3500
1761 5320
1940 7537
4050 5274
4805 4618
8745 102
4261 9658
6857 4629
2404 9334
6074 7401
439 7033
1905 5449
9519 3660
3641 3534
5100 7195
3865 3242
6848 6795
5941 7811
7219 2766
252 8338
6195 3197
1833 9518
92 509
8901 8162
7590 4399
5102 825
742 1557
4102 5814
1020 1501
9519 4010
5648 1523
8361 3495
7335 7263
3450 906
3443 3899
7832 8069
3136 2436
4717 610
7022 5985
5871 225
3500 3652
4534 1657
4742 2360
8381 1114
4771 7262
7675 6550
137 9677
1197 2487
2848 8570
195 6649
1416 7486
6229 872
3491 9201
9566 3425
3554 6517
1868 8549
9497 5540
5727 9521
4271 9541
6167 3377
5599 3859
4725 851
252 7533
9825 9728
1668 3950
3008 6199
545 3621
3201 9223
2513 5439
6527 4070
7401 4826
2986 1687
2485 3391
473 5438
8072 5970
7889 7017
8259 5796
9045 6705
3066 9937
721 1753
2407 4639
8071 6499
7133 8202
2193 6373
9117 1131
1773 7507
5427 5041
977 9263
8969 4616
8721 4514
1095 4788
7869 5237
1652 5645
5011 6267
8371 9770
121 3801
2824 9249
3667 112
8868 4160
7361 3491
9707 8113
2353 215
3414 9465
1143 4428
1979 3946
8696 8025
831 2621
6715 5945
103 5100
3224 2925
1285 6009
9292 8810
3282 7067
4428 5313
3507 9629
1343 3735
5549 8952
2061 9613
1839 4316
9313 238
2269 3900
5601 6109
5924 5042
7039 4729
5382 6745
160 6738
3202 1072
2868 1950
7136 8045
9154 9226
2241 5235
2143 2448
4104 3095
4690 2438
8122 8261
5275 3091
9540 5505
3292 4348
5059 8162
3223 8715
432 4578
5346 5186
8147 3595
9761 4161
9826 5310
1708 5122
8541 516
2761 3931
8991 1476
2485 1781
3507 5441
7263 8944
7960 736
5735 982
8295 460
4838 9856
2407 6062
2126 6574
204 5101
7950 2677
4469 1099
350 4926
8480 9258
1808 4198
1371 1945
2298 1581
8820 5916
4132 955
594 2253
5007 6817
8935 3422
5010 4082
9934 5378
6720 5110
1240 1647
870 616
6964 7722
1430 5908
1896 6647
2457 9158
4735 5540
6694 9524
8553 9894
1105 2361
1691 2458
7334 6851
3623 2367
4001 7423
142 35
8328 8463
7022 5798
7289 2944
8606 9905
2340 4035
4112 1777
8640 3073
6143 8081
4395 8481
725 3244
8137 1698
4300 4457
2963 6643
3216 673
3271 4544
413 1437
1495 5148
4112 5160
3639 2496
2582 6951
4724 3472
3989 4006
4634 6962
3144 1736
9496 964
745 863
7940 7950
9549 4762
2245 7531
4043 78
5980 331
9216 8494
4292 7198
6281 3477
2397 4138
8837 5465
1237 4708
5874 2564
9573 6287
6462 9150
4280 9066
7114 1199
49 6236
5618 1820
2852 8101
4031 3077
7546 75
789 9429
2532 6433
2382 9872
8475 6954
3191 1151
2654 946
7418 4993
1532 842
6423 6162
5050 5685
2283 9112
9439 3439
8472 240
4276 5510
5145 1758
2058 9933
1838 1299
8997 61
7412 3643
8494 7354
6133 9217
7537 2591
1594 2070
4753 1907
6939 5116
2923 5658
611 4030
6782 6630
3952 4073
7033 3997
4352 6444
8302 7534
8242 1067
9940 6996
5158 8759
6808 8982
1175 3025
5930 5074
5375 9925
8357 8372
9859 4533
8106 425
485 8213
4954 1789
9847 3018
8881 7591
8069 5461
9321 7109
7351 2966
4173 4607
8856 2808
5269 80
7476 7576
6972 6353
2414 654
8047 195
5700 8934
2594 3473
4641 9556
3493 8231
6783 6831
9367 6703
7846 6328
5014 2190
1686 7270
6626 8345
695 9339
5943 4905
4910 1086
3182 2862
4610 7210
3951 1912
7060 2386
8183 6098
6782 5825
4411 7000
9447 9291
8428 9312
7652 9845
6274 4860
5276 6512
5126 2781
2600 9303
647 8517
5272 2606
6579 8879
6527 8689
3156 3519
6652 467
1012 3919
3087 5634
9599 9281
5903 9239
1245 3179
695 1768
760 2917
4901 6985
6259 14
1842 212
6456 6944
5042 6466
3891 706
4623 4762
3460 8067
4869 8201
4026 342
4275 1046
3485 9063
7069 2448
899 9118
1714 2097
3147 6789
592 1239
8004 6109
368 1531
7990 1515
3635 3345
4607 472
2492 1610
9178 6376
2979 8144
5778 9136
8586 2300
1769 5187
590 7959
2039 6768
2825 7677
8613 4123
8109 2900
8143 8146
5132 2545
2728 7744
6398 1647
2138 331
9075 1710
5995 4640
6587 2300
921 367
3095 8477
3248 8719
9690 4457
8272 797
1670 1394
8879 5935
6950 3291
3007 3345
9435 151
7918 9317
9097 4293
8906 561
2118 1934
5824 2664
6968 837
3451 3012
4832 7514
8432 678
8774 3825
9562 5561
441 265
7748 1177
4785 528
2605 1271
2336 292
4168 5255
7117 7726
1885 2113
83 7912
7927 361
4718 2689
3818 4876
4731 7058
8052 1561
1054 5568
2200 404
6121 2254
1355 2298
6767 6566
3806 328
7983 6305
8847 2209
9377 5407
7642 6012
8762 3791
9101 3257
6262 5118
3005 2494
9820 2944
2127 8412
3180 7221
9726 8944
4611 4670
784 5865
4581 5959
7141 5437
2960 8386
4261 4291
8562 6362
7158 2408
8249 1701
4419 5631
938 3299
3515 6164
1185 9592
8967 7579
687 9315
6222 1905
4694 359
6755 2368
8579 300
7432 8245
861 7401
3132 9028
4976 6838
8338 588
6371 8794
8983 4298
6558 8620
7487 4919
9722 4637
8581 3729
7459 2871
6487 3492
2166 9814
7584 8235
9785 1953
8699 7922
3522 6180
855 389
6975 48
2062 3048
71 5942
4612 1084
1716 1657
5828 7993
3653 1910
5332 3625
1898 1139
3527 3491
9494 2154
8814 2395
9996 3304
6111 1111
5178 3158
6603 1573
8101 6660
1964 9306
2246 1822
8371 1825
2051 1354
8811 2097
4487 2486
7345 1429
8253 7431
9525 686
6634 6521
3924 4066
1343 3711
89 1236
4765 4682
6226 5006
839 1734
873 1318
5631 659
5197 4339
7117 2733
4606 3871
9986 2966
2489 8346
9237 7574
6312 7409
6928 5463
4746 9543
7891 5510
9293 1467
4563 3420
7185 3776
2044 4697
4845 854
3463 4795
5956 3051
458 8808
7201 7692
3367 8470
108 5019
2814 9984
9471 3432
510 1801
3994 7814
3932 6936
3583 2618
7328 6686
6507 6722
7997 1368
8690 6250
3826 9169
4140 4606
6970 7917
5382 5566
6732 8503
8830 5506
7524 2841
283 9342
3449 6186
8836 3042
9703 9043
3170 355
6753 6347
9666 9161
8577 4279
2331 3949
2663 8660
6271 6603
9796 8453
703 5205
9913 2622
2726 314
6831 4725
5902 2010
1794 9379
9946 8397
5813 8354
3277 1356
9321 1929
2528 9374
4460 5119
6759 126
2063 7325
2958 2542
7880 3011
5545 6095
70 7894
8289 8134
7697 4058
6164 1414
3892 8984
1337 7598
8812 6374
5999 788
3791 5899
5940 3591
9651 4665
1874 4770
6186 7030
6562 9007
8403 3136
5784 8713
4631 6290
3067 2835
7714 5543
5410 3776
4445 1404
6246 4048
3231 957
8730 4470
4509 2328
8170 8977
6993 1996
5181 7107
2536 3549
1667 885
2451 7383
4333 8703
2401 3132
2941 4766
3997 9508
945 900
8228 3670
664 658
2467 4883
8752 8551
6083 6097
2315 4489
469 4354
9192 8823
2119 1167
905 7136
3485 7266
9004 5739
7810 7479
5914 1565
8467 6288
8395 3968
437 1783
8279 6237
8274 5893
865 6956
4160 3648
3038 9960
6214 7492
9519 4872
7650 9449
8185 6575
4443 6188
8214 5061
2166 6244
4336 5567
3511 8837
6336 9552
9416 206
5056 1692
2449 6532
8254 703
4274 902
5732 7344
5675 394
7906 6786
7797 6062
1125 5166
4118 3745
2831 4540
1406 4627
3049 5931
9737 5108
8164 4543
582 982
8157 7536
34 2840
4734 2930
152 4781
7798 5159
9675 1197
7099 1186
9325 9486
6149 5538
1543 2831
118 9334
804 5875
5522 2407
234 6284
9363 9189
8201 8932
3848 5173
4940 9572
2937 8699
7450 4045
4592 5856
6015 9860
6170 349
192 9441
1376 4761
6358 3029
8321 4503
9964 145
8589 5257
4141 3890
9595 1968
4323 9788
5536 5846
1585 5285
4890 5671
5755 4429
6562 3209
3986 3952
1654 6553
8552 3096
5043 9296
7490 37
2419 5861
6674 7587
4277 9793
7238 3199
2976 302
4471 6626
2948 5424
1014 8852
9543 1404
9551 7681
4847 2187
4778 6554
7457 7444
9638 3893
7453 4292
1818 8088
1508 9360
4180 9079
3117 3166
4464 2422
5300 2694
9000 9271
9038 3339
8095 4698
8915 4437
6635 7228
1864 6928
8846 136
4102 3911
2434 6492
3516 3033
2526 8710
8844 9108
7686 6341
9052 9811
6810 8922
5313 6689
5717 7304
3855 6636
2275 8310
6553 5324
6119 1834
6463 2398
4914 6391
4062 698
5658 658
2571 8079
4369 5544
4152 591
9188 2128
349 2180
3411 9224
2504 3824
2063 6333
5824 4518
2118 3788
3621 3557
8031 2188
3867 580
5510 6048
1783 1031
2801 7201
9145 1650
9530 2215
7906 4371
1558 8268
8528 6377
6353 4458
1867 9023
6535 6192
3295 6955
6316 5330
3453 1879
2541 2551
4533 2511
5632 8081
5809 9471
8359 7507
272 9638
6147 8712
3664 9646
8089 9309
5252 4827
1484 3973
9238 7826
6991 931
6550 6850
3620 2177
6113 433
9473 3936
2959 216
6735 5849
1408 7546
2631 5046
630 7252
9154 1712
5308 5109
881 4619
3653 1536
7565 6306
7759 9555
9810 296
6384 8251
1470 8397
8841 434
744 5287
9553 2360
5320 5119
4790 1921
5560 7989
372 9064
1055 6088
21 8083
6841 8877
4128 6905
8796 4074
3544 438
6677 7722
2828 5186
8960 2196
7707 8991
5030 2512
1862 4841
7951 5187
5628 3370
5083 5556
7271 5428
2137 350
4626 7532
8229 4377
4003 1891
9748 2427
7669 9638
2313 8685
4767 597
9281 9377
6891 2174
1970 5313
8479 2273
9752 2546
1999 3799
4826 1177
1627 8357
627 9182
530 9249
2751 8507
4227 3477
3480 1742
5759 7394
3856 4473
771 2141
4697 5089
1928 5437
2766 6536
1269 6555
715 2963
7835 4049
1401 5920
4608 9181
615 5765
8865 1154
6256 5167
8561 9788
1152 8599
421 8151
8112 6020
1756 9302
1045 7978
8299 5846
4462 8605
8300 8700
6402 1959
8136 7545
7981 60
7229 4397
2905 4786
8889 6062
6302 8144
9382 2962
9654 1206
285 8640
8341 1534
9937 7156
7917 5902
3613 6943
5951 3376
2928 2676
5347 8365
4724 9140
8590 1457
2169 4344
3335 4720
7996 7134
8089 3161
7807 4229
6724 9715
8433 719
6503 2391
1588 7974
1024 5946
776 2434
4508 1379
3391 1619
1708 2414
1675 22
4316 4592
2392 9462
1270 2188
2046 2409
5434 1544
7619 1899
2970 8944
1488 7743
3888 5054
7956 6954
6376 2966
5315 6548
8955 6658
5686 2519
6030 2329
8855 9460
3165 2215
2888 3627
2045 2184
7693 9203
7173 6693
6480 2565
15 9287
204 5776
7231 4419
7019 6226
9631 5894
2093 2605
6948 7514
3588 1759
2531 8466
9998 6627
7125 6652
4029 4885
290 8179
7296 1781
3332 3267
7325 7437
7631 8675
1908 6208
5999 6025
7657 6863
1621 9561
3944 4962
8809 9061
9487 1577
1201 115
3105 4392
9923 8523
4849 6502
2762 1020
979 4617
7923 7921
4432 4901
4186 1462
2253 8498
7120 9260
854 9806
5026 9023
4964 8145
3116 4931
2615 6635
1162 4674
6007 2479
4388 1569
4119 7006
5542 6846
8688 9831
9061 8881
1248 2913
4137 1169
4117 9562
4924 4932
3482 2406
7150 6816
395 4165
3736 3454
2977 958
645 7723
9141 6551
6309 3167
1861 8216
6173 3306
8889 3297
2691 7919
12 7029
9392 7301
22 5465
1321 7713
7854 5067
3403 19
3647 379
9932 4047
14 4823
3087 4886
1510 6831
8599 2188
137 2944
5827 3019
5173 4481
8757 3528
5698 919
1498 5316
1243 4797
1535 8581
687 6794
1039 4967
3676 5631
4168 1929
971 3520
2798 7385
8218 6633
5759 791
8066 6239
7316 1577
9116 1367
1624 4839
487 2949
2422 8791
5309 9630
8368 6577
5345 5877
6501 5565
155 9535
1857 122
5747 6823
2698 7154
7591 6885
828 6625
1988 8684
2330 6169
4756 2449
3844 9537
8321 9390
5180 7880
2157 7180
9760 5202
4932 3614
1438 1077
8592 1747
8232 7820
5794 2855
9073 8436
2626 5938
7550 7234
7020 4036
2500 6765
9315 7969
9933 434
7541 2984
9155 3550
1221 5923
7100 9657
4801 1818
6191 9846
5795 9846
6072 8434
5573 4549
684 5691
6379 6110
6327 5920
6902 8137
1091 7735
8928 6927
146 8267
2766 5544
3550 5626
8896 5891
2509 9860
2139 8829
2194 8536
8429 7179
3567 345
5616 3091
6992 4997
116 6523
2253 9116
4464 4276
381 7760
5494 5545
3245 3485
1158 4419
8157 7430
2252 3229
7381 793
1909 8525
7888 2287
3363 5426
8006 6480
1492 6924
1872 6391
8159 7476
6108 3903
1411 1832
8380 6132
7692 2348
3213 5078
6537 9678
9683 8499
9799 9613
954 51
5444 4273
3424 3019
2121 9697
4757 9759
5791 8518
427 534
1834 4005
1545 6154
2322 9229
837 8511
1880 6632
6470 8806
6005 6003
8421 1595
1891 3758
2476 247
6777 2318
8508 4223
3688 9666
3339 3096
3383 9030
7786 4238
5437 3452
8199 435
1202 9548
9060 8119
4858 3775
1095 2511
5546 3395
7979 1600
5399 4099
6442 2220
561 2577
9762 414
8723 2283
6548 3370
6349 1013
7848 5466
4536 4663
2206 8091
5506 8133
3954 1275
442 4548
7914 9469
526 9157
3203 9220
8652 6954
4633 1563
5849 7718
3044 8409
9140 9926
551 4491
4544 1491
8773 1996
6956 347
359 7704
3633 5771
4259 2261
5379 2292
2254 7731
9389 7597
7111 7051
3597 7245
8941 8935
3874 5833
6326 3334
6052 2011
5207 6157
5551 4469
943 7351
1946 6797
3646 2219
5196 5998
9464 5677
9596 7294
2748 4452
8443 5625
2562 5982
5852 4582
4991 8195
499 894
60 3476
1097 8168
2743 7491
1903 9729
6662 7016
9458 4327
5041 4525
6743 1528
2569 5648
2010 3964
3568 434
5875 1718
1331 643
4013 1050
2228 8738
5285 1852
5961 4875
3407 8595
143 8964
9790 7136
8288 6811
2560 4000
6985 7827
4425 1933
9877 9764
9225 1473
2000 8507
911 4379
1282 6012
2151 2260
2846 1553
4637 9925
1442 8179
2333 1742
7260 303
3392 1497
2815 4869
6253 4121
8467 9378
6822 77
9676 1530
6293 487
3292 7682
7306 6313
7146 8310
5219 2329
649 33
437 1840
745 6157
6800 1257
4728 3223
2074 700
2150 9555
7563 462
4158 2878
5288 8515
5586 810
6028 1909
434 1542
3223 9016
6960 8305
5712 3366
3532 3355
760 6438
5553 8217
6016 3777
6883 3362
5494 5358
9045 8429
1134 6090
5464 6647
2872 1969
1975 3673
3828 6507
8191 9456
7503 5672
5641 5004
9614 628
8407 3604
1802 4684
1497 4048
7340 7371
9962 1311
9275 6797
1393 9360
2269 363
5073 8869
4923 5138
9739 5211
5040 6477
558 6280
7619 3753
2419 307
139 3852
4665 4321
7893 1289
6838 155
7956 5775
5845 2151
7111 7669
2285 7662
3594 9844
2200 5080
1723 4926
2225 6076
5202 15
263 1794
9401 8225
3401 7170
5307 8110
3614 8217
6143 1966
9317 2835
7288 7157
846 5003
7188 9959
1410 7031
7501 8204
6628 3886
2271 9053
4580 4748
1213 3484
2310 8227
7560 2368
9337 6870
8704 6957
271 7697
4166 9080
3166 9905
5224 1817
926 3427
3942 2956
2142 9582
3434 1991
5185 5272
8206 5899
8894 9683
8538 1942
3782 2674
2717 2350
4876 7900
8389 8235
9289 3796
3843 3327
701 1215
1250 2211
5678 5555
6137 3625
3246 8706
8413 3344
3339 5487
4030 8788
5388 5981
1933 4870
7015 7506
1084 3612
3983 2556
1063 2735
5667 4615
7566 7794
35 5676
8223 6603
7430 8687
7156 3200
4915 5919
5130 7793
5156 2598
2327 8557
4982 725
3232 1052
7370 1439
8645 8174
2267 1309
5811 7373
8387 968
3662 3265
3625 3383
4339 2726
1942 4932
4497 4066
9634 5655
1315 8217
97 5399
7975 5346
2839 6611
251 5085
7006 5484
1648 7868
2708 678
7252 2507
4454 3615
1154 4327
7348 2215
4640 2839
5983 8769
7444 2677
3495 5195
9021 732
3731 776
630 5081
2862 4528
4073 4677
5198 5052
869 933
1705 5369
1395 225
8301 7209
3361 5380
1360 7586
9201 2770
7246 1157
9293 4988
5853 9827
1428 6000
4855 5063
3004 3830
7152 5659
9852 1010
3287 6370
2168 9193
7089 4556
2329 7798
5244 859
7864 388
4316 7414
6670 2128
5589 8441
7456 3037
8349 3843
2409 2839
6151 3226
7611 9741
8907 1892
5328 2435
8101 9376
4648 2676
5789 1332
8916 8771
4460 3379
6512 7554
4831 5766
4619 7573
8401 6635
562 5862
3172 4703
6221 208
5859 6208
5231 6639
3827 6849
5984 4402
427 3193
2021 8742
3045 6813
6811 1178
8769 1554
6126 321
9483 897
5137 9606
2890 8373
395 1376
6531 4921
4709 9344
8260 5999
4812 4561
8733 6411
1479 2127
7857 2576
4557 3288
8856 4532
3526 2548
6695 9489
2973 4062
6600 6219
9471 9531
999 8845
6763 733
8416 7643
823 6145
8039 7693
4247 1527
8226 7519
3703 151
6889 9705
3553 3590
9745 4815
5509 8057
5758 4597
9891 4640
7243 3063
3762 731
4670 1071
8250 9044
5607 7811
7056 6620
1548 6027
4951 6194
6376 445
1888 8347
9944 4651
4288 3406
26 5427
4033 2887
8701 56
8921 1520
2001 3528
835 6505
7117 4994
3994 6342
5838 6404
5962 1744
5618 1934
5673 1641
4564 5906
9256 7633
8478 6585
135 2337
174 7927
288 5585
6850 5589
8047 1114
998 268
3 5601
9215 4599
1750 5730
4983 1544
6593 7626
471 4888
9402 7808
2184 5433
5345 1933
4383 2488
9797 9835
8211 2649
6724 3356
8436 7463
2585 9160
1866 3811
6121 4783
49 2162
8765 9624
6551 4367
6593 7976
478 7937
9196 5646
2890 347
6923 3192
4744 6789
8099 9948
3565 3145
5643 8541
4614 4464
3117 8647
5061 5907
6864 9378
5728 3926
4396 6456
8043 3573
7286 7566
5409 5866
335 839
1212 1866
5234 4522
1624 6506
3517 71
1624 90
4922 9131
190 8005
8873 6659
7495 1674
3885 7822
8204 673
3971 3432
1775 2888
9260 3163
1737 6568
6410 4081
6278 2464
6718 1982
858 3216
9235 4796
9551 8974
5903 5970
2659 9997
9347 2004
6774 8680
769 7281
544 2467
8422 8830
7799 9605
3000 7257
109 8174
5145 9711
5551 8901
3609 1888
527 9653
4085 8233
3338 6498
3200 6564
8346 325
8194 2183
5505 4769
2368 9417
9610 9180
4515 4030
5470 1550
8157 7219
2264 1897
2484 4115
2771 7555
3924 3562
9054 4734
1740 399
3197 9649
8152 6094
9360 5972
991 2001
3293 2941
5000 288
6457 9538
4036 7186
8205 2722
6734 1710
3542 3645
2353 1565
7451 4734
2812 6051
6965 8224
4217 8695
5158 7263
1292 8530
8847 3128
7429 222
1063 2816
5959 8480
2633 7971
7165 7531
8297 2661
2693 1606
1664 8109
2870 7160
7300 7167
9592 7419
1101 2519
3279 5113
1252 9104
7886 4258
2934 8084
9278 2533
2158 1447
8254 9380
8500 6403
6143 1592
9150 9703
6194 7973
1653 6415
6696 2707
378 3063
9803 8770
4175 3157
7215 7244
7287 3148
3925 2228
4138 9691
4756 2156
5198 3255
3605 560
2853 5651
7552 3631
86 1908
7615 1701
2585 9778
6902 5966
8454 5654
5312 9958
9233 5392
3049 1776
7094 6136
6533 7789
1891 5425
1163 2242
3750 5795
6145 6926
9973 9339
5312 509
8582 7502
1144 7827
3773 4466
1722 893
6696 7968
161 3371
9097 219
1975 4722
2990 6457
4989 7588
6417 5520
7721 8112
1341 6836
5419 756
6630 6567
9030 1626
4915 8578
6035 2193
9529 8894
8800 2103
3328 9835
5689 5720
7934 6126
9773 9254
4943 7593
922 7791
2381 5036
2143 6376
6773 9477
3504 4584
1363 8665
2488 9040
155 2371
2637 6130
5187 756
3320 6160
4003 3184
6856 1783
1097 3069
9104 5870
5236 7064
5024 2455
9359 9772
8654 8293
7907 6558
9436 5296
7323 845
4792 6269
9685 6000
3458 7972
712 3608
9712 3659
6606 7620
3244 7454
620 4019
5733 7466
568 3829
2524 1880
8780 646
9653 9845
3417 6069
1708 7895
669 6540
5650 4206
6307 763
2377 7495
4906 490
556 2664
9391 5122
5153 7537
2844 5426
8076 4623
2919 4257
2250 4687
672 3778
3246 6372
5066 8292
3318 2276
1299 9538
4173 6762
9350 2088
4833 2082
8760 7884
1260 7331
6229 1230
6232 4911
9437 7345
8780 2874
4205 1732
846 5247
629 7464
7566 8843
4662 3139
7124 2082
4230 3482
4317 6110
1302 9435
2577 6371
4705 9602
717 114
8024 1026
8547 3053
6864 3848
9680 7453
7055 1164
7371 5342
458 7767
301 3619
9213 8741
1197 8106
7804 2191
5624 2180
2575 259
5923 9417
1728 8496
7120 4942
7636 3546
9317 1924
4704 2210
8630 5158
6553 6780
6059 5491
7205 4491
3621 1280
7420 2201
7767 5692
8872 4691
2440 973
1218 9333
5043 5059
189 3004
6018 2457
8341 2022
3893 7071
3370 880
3948 362
2402 8036
7567 8263
3673 8236
6326 3741
8437 5113
4349 4089
3951 9678
123 8019
7651 3423
3950 3791
8182 7223
3473 3637
2769 5736
362 7254
2454 4412
5971 2237
8332 4538
7340 9388
5900 3525
2189 2451
3474 829
2290 3257
5585 2201
2156 59
3167 3530
1331 4083
9483 3101
5615 4295
771 8590
8292 4358
3815 4505
6743 1935
294 9190
6698 4444
4024 8062
4708 2278
7067 3752
1248 823
972 5089
2215 989
8304 7751
2803 7575
1965 7230
8594 4292
3415 2477
5111 6051
87 7557
7121 201
6525 5805
6532 560
26 7281
5031 9505
4723 5188
6533 3414
5967 559
6459 1021
7276 1243
4354 7011
8268 8444
1955 8390
5656 6524
8149 4026
4410 3910
6490 5969
492 5741
12 1906
9387 8250
7483 7356
8944 1264
5828 4537
5215 6000
2618 6640
6847 729
3923 9834
3988 4567
997 6034
1300 3591
6165 7690
1084 2246
7806 6669
8685 3605
8217 1285
6381 8254
115 8800
560 2246
4533 5040
2633 1636
2667 6882
9864 4216
2111 8879
640 7867
7591 1762
8045 5904
233 9206
7277 3292
2879 1288
3994 975
3469 5291
666 6055
857 3371
8269 4077
1111 255
5617 5010
3900 7729
4655 6319
8951 8046
1033 4536
4992 3460
102 994
2317 9105
99 7112
2717 9978
9596 1553
9966 7502
7693 5048
3362 6518
3703 395
9124 8913
313 4597
5115 4964
5160 3983
9688 4525
3943 4019
4918 7079
5854 5303
656 4936
100 517
5126 1366
5783 175
5404 3562
4695 2311
2138 9520
886 702
8492 2405
1176 3659
4911 9291
4347 847
1241 8972
7562 8887
3101 2397
8395 2472
6836 8029
7333 2419
2228 2997
6309 2850
767 2673
541 6302
5465 7598
1733 2237
2347 3628
2624 6380
8348 1875
2881 529
1946 6667
7 3335
7939 135
1942 9177
3799 3085
8413 9817
4309 8260
2587 3465
2898 8053
7184 8338
5014 9769
8722 4156
2643 6780
6982 5171
4210 1084
2925 3460
2331 9137
7775 2363
4294 4195
9304 6763
2834 309
4694 904
248 364
335 8654
5774 1536
4786 3876
1014 4778
5866 4508
3538 2347
8493 5208
5659 6659
2668 8126
9938 111
9077 7888
6887 7943
4275 8275
8418 2590
2690 6195
2170 7849
8610 9176
7737 9776
9248 2293
4771 2440
600 6077
194 5389
4641 6531
3705 2645
9286 9166
377 7725
8751 5624
403 2530
3157 5257
8474 620
5017 2846
6202 9688
4514 4477
1682 339
2681 8711
3397 1711
6597 3801
7999 512
6945 4484
7310 2919
2427 2378
9896 3618
7429 921
8118 7559
6597 7184
5592 7665
9078 3925
2357 6520
9857 1411
8950 8843
5784 1419
9672 8047
861 7141
2072 874
7897 9253
9912 4501
5769 3770
6421 1481
2465 6992
7389 8288
8786 6153
3743 7609
1480 6597
9102 8833
3808 2342
1139 6304
4307 3221
7698 2627
2653 9672
2940 2532
7689 4793
7537 7405
6539 9057
2721 8086
5018 2266
159 1365
4323 721
6754 4515
6039 7953
1725 9030
9681 8136
7415 3443
8380 5815
6107 9777
2582 1511
2272 9199
1403 6535
2869 7203
1808 7752
9179 6205
342 668
9927 4378
1421 8245
3747 911
7955 9207
4524 3986
4506 9042
3443 3883
6681 2293
8730 9203
3219 4175
2283 6705
9010 5056
3124 905
3160 562
4242 4273
1994 3569
807 2316
1725 4842
6541 9079
2463 8743
2502 7917
2266 5196
5106 6943
2205 7172
2826 9734
1310 9703
7287 9808
1422 3528
7600 8053
9116 8084
6569 6559
3255 2677
7062 4213
7993 1339
2542 6942
3196 5480
4287 609
3848 3945
4534 6902
5809 4592
8359 9044
368 4467
9081 5996
4994 7826
5056 3042
1226 556
2499 7245
8199 8762
8732 5061
9876 9650
5707 6944
7324 7781
4211 8319
3617 9832
3459 6240
4468 8884
1779 7306
8808 360
1562 8769
2598 4191
7343 8962
8475 4092
8630 1751
2246 9401
5726 928
7092 8562
6851 5467
7658 837
2391 2585
4667 8720
6399 1401
1915 9422
7586 6037
1910 9078
9893 7321
3324 3140
948 6223
478 7994
9077 7701
1076 8852
2415 1831
5961 4558
8582 6941
2756 1343
1058 1106
1503 8138
6456 7920
5336 1473
847 105
8935 828
8599 7295
7379 3650
6658 8054
9679 7927
1714 3073
3978 523
1834 923
4542 3305
428 7476
9139 1008
2888 2586
7304 5169
6878 6458
7395 7916
8789 602
4253 9968
3066 1545
5707 1951
5084 2726
9442 1167
3755 8937
8380 5278
5766 8947
4152 6129
9431 1008
599 2231
3348 3860
9007 5376
1560 7867
8258 1316
7788 4585
8137 8903
7734 7732
2366 3012
9365 6023
6199 2763
8432 8070
6264 3912
1304 707
3542 9768
6374 7490
8526 5453
1332 7636
341 4043
7846 5694
8462 7912
5246 6817
130 9458
7341 9908
9673 891
3076 8248
1667 8114
6252 5780
4698 2259
5725 6263
9915 6840
2738 5220
8738 6275
1451 6769
9584 819
5284 6520
1460 7232
7761 5771
6181 4035
1291 7985
4314 2269
4911 273
986 7349
1604 6230
6924 7526
7478 2450
1884 2083
1641 9495
2417 2546
8177 4114
2845 5467
8946 7328
7537 3030
5923 212
5269 1674
3865 1884
904 2062
6416 9944
3773 2295
3767 3978
6888 5967
3108 9260
7133 5771
5015 222
1467 7248
2549 4543
5603 1146
3330 5108
8557 6213
587 6677
6161 9021
187 9187
60 744
5318 1162
4351 4379
8373 7035
8891 8718
2671 9609
765 2253
9576 2405
7934 3955
5899 915
2488 9902
986 3161
3909 6663
7367 7291
4165 8538
1414 6082
5497 346
3158 5940
4381 3440
7480 2472
5587 2491
878 3069
7920 2744
4802 4436
6493 1250
8077 6111
9445 3992
477 5354
7731 3222
2428 5313
6770 9637
3668 3948
6935 844
4980 4149
4132 2362
8366 2457
1055 4055
9639 9900
9332 8437
3076 3255
625 8608
3113 5766
121 215
2516 1346
9574 1554
2237 1931
6435 9539
2354 3270
8837 1261
3482 7326
511 400
4995 7059
2013 6360
6299 229
6491 6815
2313 3619
3658 5458
638 2023
1945 8296
6489 3709
8003 7077
3870 7034
6568 1558
2254 9805
4052 6516
1285 9189
8188 6076
5044 7301
6873 5577
847 9717
5391 4376
9051 1755
1282 8891
8710 1462
2669 406
3892 1316
5197 4510
9617 3829
2989 3205
6463 4366
6738 6291
5993 1219
9296 4942
15 1643
6930 45
2234 828
6145 1990
3106 757
9785 4352
8329 8536
5003 3863
3779 9144
5553 7713
264 5730
7676 7190
7175 8894
6852 3545
9710 236
819 6514
5580 3874
8696 601
810 2264
9901 8849
9373 62
2215 9072
312 8403
1463 1331
4802 6209
2314 2635
1557 6628
6009 8868
525 1
9428 6535
987 1752
3222 716
8555 7135
895 8579
9551 4656
9047 7597
1700 9538
7309 8685
76 5278
4599 6230
3190 1932
4659 6281
7856 2438
7494 7684
9913 9209
2296 901
4777 4058
1943 9673
821 3153
397 7521
3801 773
6486 7113
1720 741
4490 8165
5923 6441
1033 3975
5952 4927
7545 452
3706 7302
4836 8021
1185 6998
441 9698
38 8527
2311 8729
998 4139
7593 7289
5103 8550
4797 5060
7601 734
7002 6067
9951 4374
2702 7604
7124 1334
8958 6370
1234 3857
611 4632
6476 3742
6461 2710
7584 2258
2792 1081
7052 2397
5718 8264
9200 9286
2579 9833
9611 8820
4341 6887
1832 8098
7302 6709
1297 5310
8477 31
5622 5523
7425 4830
8070 5534
5642 2011
229 4688
825 8883
908 4222
9683 2465
4956 8099
8855 6972
7653 3152
2276 1322
8253 4837
6250 6970
7158 2392
6540 3511
6779 9943
5595 8207
6727 3337
4475 1760
466 4227
276 9765
7349 9507
4828 2787
6039 2936
2983 9670
5774 975
9889 6074
4564 4434
1083 6266
6150 3706
4935 405
9728 8600
330 6968
2381 8289
2601 6343
5524 9845
4598 6647
3595 1539
735 8185
4062 3634
1632 9864
8444 217
5770 3835
4979 2582
4557 7777
3836 1601
5393 1633
4276 7535
8409 1162
5976 3711
4479 7894
7854 6767
9554 2943
9588 8189
5668 6941
7816 7414
5815 3204
4760 4322
7031 2943
2487 1868
8326 7701
4379 4630
6526 7911
146 7389
3782 210
5710 9045
8291 2230
7119 2763
3346 7227
801 2365
1816 4854
4505 16
2731 1447
9921 8190
4395 2130
1633 5147
9632 1671
1447 261
3069 7858
4473 478
2591 4850
6706 9949
7577 608
9533 7327
2444 5554
9044 4130
6676 5576
6019 351
5836 7814
6118 6746
5330 9174
9026 2800
3241 5117
1596 7150
3798 3722
1150 2145
8751 4258
8431 4842
468 2313
8444 9211
8126 4206
4358 2598
4519 9871
7437 197
2485 3269
1922 8259
9675 3596
4234 4225
3549 3368
9519 50
797 7103
4123 6114
2662 5790
1609 565
8763 1235
8052 2163
1913 3982
5617 7295
7556 8375
6923 4298
5271 4406
5928 3215
9238 3191
9231 6184
7582 6563
2279 2238
8235 7882
7103 6336
8384 4972
5201 6269
3828 1628
8781 1410
6260 8276
7196 9910
6286 7245
664 4830
1580 924
4169 5304
2333 5857
7596 203
686 647
7258 3591
1740 8726
9240 2863
833 9742
5074 428
8613 6148
7088 2621
8636 7071
6735 59
8455 8945
513 7293
5000 5582
4189 9312
4464 4821
880 5020
5498 2826
9283 1405
9383 8402
9321 7524
8110 1713
7671 5049
319 4394
3185 7362
2244 2378
3268 6084
3617 6238
6716 5270
9217 9803
3429 6941
9495 9747
3454 7937
6379 5850
3542 1368
804 9697
747 9163
9016 3104
4571 5418
302 5514
4655 3611
1642 7763
4185 7634
3096 6916
2219 227
5561 9540
5336 562
9509 3387
830 4852
503 8429
2784 8492
723 67
9092 1786
5177 9550
1656 7819
1009 4036
5176 2909
4820 8000
2337 4770
2487 1331
6915 4675
9368 9948
2126 3769
3215 1481
187 437
6374 7734
5070 1732
1866 8568
9367 6313
3164 4175
8642 6811
777 653
7088 4044
1618 5433
1549 3384
9178 375
279 6792
6618 897
9661 9419
485 6668
6968 8823
6348 9115
574 9369
7463 2386
9256 5169
2014 2400
7728 3623
9952 3152
7366 2453
7106 7252
110 7922
2937 5300
5960 6000
1787 8810
199 7213
7446 3910
8413 693
6417 3243
9373 2721
4281 9920
3461 3765
7545 7299
2464 8271
2409 2148
4458 9058
9974 8014
1122 3697
5917 8555
2372 8682
8771 1340
8287 5657
7638 7463
4390 1195
9839 1181
5071 4562
9033 9419
1934 2040
2309 1917
2744 7507
3794 383
4322 2754
428 9143
4335 7123
6164 5399
3829 2821
1895 6249
157 921
3362 9771
3766 8134
5031 4382
3014 6055
9048 6694
524 5818
9918 5796
4788 8007
5031 1349
3811 4120
3904 147
4062 7903
6025 9377
6610 5866
3788 8832
3561 9607
9818 5565
5551 826
7696 9696
9697 1074
4551 897
9693 10000
6641 8562
8341 4738
968 5458
9256 1331
2998 8154
5119 3798
2249 3340
418 4237
9157 571
1808 5849
6787 4600
3509 2627
4391 3998
5008 9070
8415 110
3912 3771
7644 2716
7986 201
9618 8486
4981 4214
7283 5154
9079 7454
6615 8438
891 111
4163 4521
742 6404
5592 5307
3009 8289
9322 8343
5932 5375
1486 671
1319 2251
6962 2480
3629 7216
5592 8690
5028 246
4892 6801
1903 4931
535 1388
5643 8655
5237 3803
5703 9460
7604 9302
2625 1883
5698 2700
9741 6233
7160 5878
3813 6744
5443 1427
1408 8335
8834 833
967 4428
9783 2672
7355 9729
872 7574
9779 5936
9689 9426
1933 3992
3989 5657
899 3735
5322 6735
181 6902
9773 5367
4475 7802
2052 8787
5280 6509
7532 8086
4789 9655
7936 6449
2292 8247
1328 8729
1664 5645
7364 6408
7212 9020
7706 3139
3863 1919
7564 6469
1755 1976
5146 7798
5607 1777
288 4089
1370 7046
6881 5658
3206 831
1055 5722
2925 4753
1345 3017
5378 5862
1520 7744
8660 7954
1344 9208
4938 2557
7209 8348
8932 9581
925 364
4603 9626
8173 7085
5411 8604
297 6430
6056 2892
5188 9498
9223 2590
6156 5725
7949 8508
6958 4915
5643 3662
5421 1371
9751 8344
3372 2008
1252 9218
1319 4024
9287 6897
2740 785
6575 1363
2552 7150
7507 7759
5480 3082
7494 6773
8932 5393
5071 7758
9897 8519
6289 4160
6318 9062
9274 2124
9050 3170
1175 488
4227 428
641 6970
9292 2703
8860 7210
855 4455
3537 4862
7018 778
7324 4268
323 4594
7792 172
207 447
5804 331
9379 8714
162 2956
8484 4829
881 2643
3599 9123
3902 264
414 3931
4922 3097
5362 9785
1159 1833
6014 7496
2631 6453
4331 9045
3897 9719
1989 2290
9400 3525
8801 8858
1707 8993
5501 2400
5662 9673
1235 2767
4628 3000
7747 6414
9552 4296
2208 9918
8486 6753
3577 4237
3888 8071
146 8438
4031 8379
8236 3572
3141 674
5651 65
6275 8560
2667 4955
886 9379
3869 6516
3158 5192
4190 9540
3025 5602
8422 9562
2650 63
5234 4099
9494 5415
9277 1216
2062 9692
5737 8103
3526 7281
6224 1805
6253 291
6254 3145
9869 2259
5636 4264
9686 8968
2738 2512
1829 2701
1519 8137
7837 8535
2355 1993
1706 7963
3690 3898
6429 4839
7143 4182
4032 629
4725 5511
7613 5794
8919 2797
5149 6778
4724 5286
8046 9059
7953 6616
5305 5039
7017 2730
6552 6343
9112 5821
2158 1829
4649 3422
7147 1268
2963 536
1096 5940
225 2449
8855 8639
5321 2539
7535 626
9775 688
2681 823
788 5006
6113 230
2255 8528
4151 2364
1966 2009
591 7121
1744 3128
820 757
5455 1950
8805 601
5197 3412
9772 6806
8281 7771
3075 1127
3455 1348
5067 7503
8535 8819
2210 5752
3677 9274
5126 8083
7934 1247
644 1470
4723 496
1273 3893
8341 9707
4812 3951
6596 3208
9048 709
4409 2026
964 6521
7181 6113
169 1362
9671 3317
4163 9140
235 3113
8815 888
8288 1371
8133 4466
1538 5480
4048 7123
1790 6455
9011 7593
1212 6249
5707 4399
1373 690
9272 5678
2033 8842
7477 6232
1551 9098
193 9653
6542 5200
9563 5073
7567 8377
2545 3540
3804 697
898 582
9650 7701
7460 7756
1090 7168
1176 6188
8270 6807
8958 6427
3641 2396
5167 7279
8240 8096
8524 7855
7891 3778
5416 4573
795 834
8272 6099
7021 7305
560 937
2539 2944
5348 9542
2817 8550
391 5854
8075 2552
5998 4174
164 213
9363 4611
7861 8450
6299 904
7799 7572
3532 4331
5423 4239
7586 109
5523 1437
8504 1911
6024 2362
1000 3868
3369 6030
5139 7863
7694 6243
6147 483
8186 6705
6916 5949
9037 8009
3999 9809
4154 7468
1690 7698
418 3863
8873 6854
2676 8668
7031 422
2332 2442
931 8585
9183 4801
654 3581
4045 9403
774 2185
1923 7118
6965 6191
1078 8231
6343 3404
7088 8476
7761 7064
2542 5820
479 732
4871 9337
788 8657
4334 4968
6555 4980
6868 9641
5774 4415
5299 924
8454 8159
2633 9321
3779 3403
3001 7273
1156 3576
6854 8430
6608 4991
8967 49
6301 9944
8944 4761
4930 6130
286 7857
3116 8916
5979 1033
5626 9805
9366 9365
7250 1233
870 4121
4595 2649
7349 5376
3882 6914
5697 5484
1363 7437
8563 8452
3885 4179
5777 6941
7122 9534
3044 9198
4816 4688
5587 401
8711 8323
5440 7521
8976 3144
5596 8034
5749 1860
1451 4224
9420 9951
4740 4851
2971 4374
4086 4061
194 7113
3996 1135
345 866
5516 8455
7044 3585
5 1175
8659 7759
9798 5588
1563 4815
7187 2358
3515 1212
3991 7557
4488 8363
1157 2592
6064 8445
3881 3255
6379 7517
8581 4843
6373 9954
3479 4938
7469 2421
4136 7157
7343 4002
2068 1725
9617 9310
3501 1
2795 5437
3101 8927
4852 5792
9329 6399
5745 936
3711 750
8043 4386
7981 3508
9629 9320
2915 9676
8703 6122
3039 5016
4312 5289
7356 1204
2497 303
7269 8375
5702 485
7694 445
4674 9842
5207 6141
2932 3614
5149 6136
9805 8206
3417 653
1426 3547
7291 2657
1558 5918
9190 6590
3051 8409
496 2859
5819 8590
8892 2237
6415 8621
6529 4027
9335 6190
178 7653
8965 995
7783 86
1394 8146
5962 7363
4353 4889
3632 4375
7780 6204
4356 4406
4912 157
705 4137
5428 1013
4756 5279
4586 172
9451 6523
1796 8311
5593 6153
8322 2996
7143 5768
8017 2360
264 7023
5548 2246
1540 1151
6882 6932
7950 3767
1816 6684
8941 1698
5037 983
7667 1200
5723 3940
9750 6940
2859 7434
8960 9295
567 766
467 3568
5935 5516
2927 5848
4104 6413
9589 3050
7001 8694
709 3101
5879 1420
2396 9595
4075 4140
1241 4093
3539 7543
3415 5787
2952 3811
9891 6771
335 1547
9509 61
680 4965
1411 7695
8582 3054
1395 7162
4747 224
7204 5239
1536 5889
4829 8924
8669 5682
8282 9208
7144 1401
8197 210
3128 2697
4745 6944
5829 902
3060 7666
9309 5261
8662 5642
9747 8870
2278 7630
2961 490
1498 3503
3327 8949
1894 4257
4610 9910
2859 213
1804 1331
2774 8211
9056 1782
5632 738
9990 3343
9983 2172
6163 374
4764 928
3016 1328
1017 197
8922 9137
6778 5373
7117 2587
6303 6046
4090 4397
2109 7979
3622 2077
3534 6394
5347 4137
6899 415
9760 9455
2540 1749
6609 6503
4486 1364
3584 9140
6524 8085
7761 9455
7515 6016
8413 7166
2625 3550
5581 3028
75 5514
5400 738
3091 2791
9219 8727
9837 1192
6595 5292
9034 6695
5075 8525
7468 2413
7060 7314
3111 2662
2958 168
6036 575
8374 1172
6882 2289
9769 3128
1152 8477
6033 277
3949 7144
8307 9749
8854 9918
2178 6594
8270 4205
544 865
5810 5308
6791 1797
5400 9382
3354 6153
7676 9101
7418 8311
6055 4358
4709 8710
8908 6340
9438 3122
3177 3258
157 6239
4799 2187
7156 2834
9967 6095
4239 9700
8969 7747
2995 4907
2499 7709
2587 3392
9906 1655
38 1794
9773 6229
5755 282
6756 2311
840 203
3782 7919
3164 2622
3188 7180
7585 8959
2203 369
7299 9127
6296 3265
387 7990
9606 1743
258 5890
7135 802
7983 2589
7824 8194
8108 1537
3743 1925
5453 5205
3180 9921
50 8570
2156 9598
7579 8363
7356 212
5167 2367
2589 8699
4588 9830
7594 8671
5677 8296
7754 6674
1092 50
4798 780
4323 7869
3309 8988
185 1066
9431 5310
8130 2235
3625 6750
7135 1152
259 2678
5070 2407
7998 4001
9983 9206
8952 2050
3454 7807
6491 5961
5221 9369
1988 723
2979 2818
1449 6861
8889 947
4690 2536
1918 9783
858 9803
7393 1568
9919 2216
7520 3595
2904 200
6897 4370
3848 2449
2098 2022
5905 2804
3962 2736
2346 4753
7826 4052
5959 3040
3837 7171
821 1226
4174 3558
722 6882
8685 2995
8540 6778
2841 5863
4711 7146
6996 3975
4671 7747
567 6190
3174 1350
3764 8763
1895 508
7220 2148
7708 5120
8453 3776
9084 7026
8086 2262
8836 3514
4722 7685
6305 2522
3132 4507
1830 3496
2664 2941
329 6025
1048 4958
4503 6069
9537 7533
1610 4661
211 5215
9509 5485
2043 7926
9319 8771
425 9116
1313 9578
7178 9442
1189 7822
7574 3026
6636 4729
2384 6684
4865 9841
8165 6877
715 5687
3684 9534
3206 3116
9587 7246
817 9347
6698 2574
5568 1855
626 5615
4712 9976
3518 7552
2033 9086
784 539
9247 1139
3538 2542
6282 3827
2586 4539
7942 7744
8439 8550
55 3547
736 6914
7599 4372
8308 3371
7566 1980
2547 3830
7773 9628
8492 8561
6152 4885
3540 5971
708 1833
8084 630
1919 1228
7578 1990
3197 9015
1857 350
5253 6516
3218 3476
7111 9694
9950 8587
3780 8841
6025 9247
4215 8769
6297 1075
8943 5989
2095 8809
5209 9627
2353 7347
4376 3210
3213 5761
9789 533
4892 7476
7705 984
5303 2846
9229 5040
4434 182
5358 2553
1779 3850
7949 1344
2582 5894
7938 2683
1749 5139
2896 7747
4484 2928
6545 4937
1810 6546
8028 8992
2622 2260
1844 5376
2362 7059
2398 6716
901 6735
2465 2276
6418 2883
3329 7225
9917 5040
1918 7018
2339 8738
8497 4717
4044 3006
4311 906
7466 3977
2514 7049
2206 6896
7345 5902
5432 3791
6096 3771
893 3060
5189 4787
8647 5415
9695 3126
6436 3839
6030 5403
4811 4612
107 5534
6179 2493
2976 5767
3165 8672
4900 1651
4958 5039
5620 4192
6826 9659
3402 7861
9461 3080
3401 1974
192 4302
3373 6342
7692 5609
3619 3365
3989 2144
9835 4984
1249 3230
7589 5107
8031 2042
9870 5170
8800 4502
3726 229
9235 4430
9837 2778
7714 4055
5291 7292
6839 9490
774 8040
894 8142
8399 7541
1603 725
3843 4197
9163 6247
1236 5627
3132 5125
1585 3529
1057 3410
9732 2203
8326 8002
8261 1191
5678 6425
2765 3611
3379 5756
5096 7955
9542 8495
1393 6742
2193 7357
2637 2113
5710 2930
8203 432
23 6536
9391 5293
3228 2554
4303 9258
4403 40
3806 2036
5858 8463
8437 5739
9691 2552
9479 4359
9130 4205
1103 6387
389 628
310 8471
9229 3430
7918 6837
5708 8869
6479 7992
4015 8976
8220 4169
7972 7073
7421 9414
28 8758
40 3857
8684 2583
3264 4089
3792 6460
6593 9033
275 2219
2047 4125
5875 5784
5792 4029
2022 6512
6030 6826
4564 6158
1797 7333
670 6131
5193 6329
150 3621
4028 9561
3575 8273
6963 1746
8852 6489
9100 175
5521 1472
2842 4746
2857 5778
7757 8208
2967 3694
5613 4444
1600 8667
7457 1500
4871 7971
1228 6809
4592 2140
9946 8682
7174 5349
4896 8967
8819 1064
4777 7555
7790 1151
4 12
1652 5824
2242 9827
9255 8010
1245 7917
4258 1513
8184 3707
3583 8514
2643 722
2295 3422
2675 2889
842 7123
1045 1066
9484 5776
1423 6876
8995 3333
1011 1455
4094 6370
5956 1376
3734 8279
6174 9183
5004 9789
2879 9485
8427 7198
3121 9772
7859 7680
7978 2676
1472 9397
8454 2605
7785 3035
3528 482
8018 5458
2438 2545
5886 8901
8751 2599
6570 9533
345 5916
8999 5330
9618 1403
2899 4825
1278 9504
4893 1448
2804 7971
7716 1336
7659 802
4243 9445
6356 7480
804 6615
377 5050
7643 5961
3048 1134
9235 8431
5071 6823
4252 3522
2147 5348
5248 1797
7897 6228
5593 2209
7929 9149
4896 591
1858 2212
2355 9434
796 6323
4549 483
3368 8844
8638 4361
735 8299
9159 3309
4406 9974
5012 5088
7945 9278
2310 8910
6163 268
1281 8997
6723 4806
2055 1975
3495 1422
7161 8415
6354 7383
4976 2398
1154 3937
9488 4689
6941 3164
6874 1942
8684 168
2982 4994
2641 2449
9308 3001
7002 4571
1510 3757
8392 6183
6212 510
9610 333
4885 2630
5372 9164
241 4357
8897 4598
9907 6743
8078 2051
858 9429
4776 1182
6331 7557
7991 9222
9171 9304
6246 9139
699 8618
1235 8598
6834 2893
9871 4053
6695 105
4736 8172
5892 7860
1472 1371
8139 1923
8101 5603
8191 2113
4331 3922
263 8438
6884 5639
8971 9623
4647 5848
4198 7742
3404 6915
2740 1273
1456 6503
26 5492
2517 2921
2451 4553
6088 228
7863 8821
8735 2334
5911 9391
4937 8431
4646 1839
9666 9259
9604 8381
6612 6994
7396 7076
8537 4978
6574 4258
8291 1539
6331 336
1888 5729
9755 8550
9605 4819
8175 3808
3746 9661
7112 7317
578 9738
8875 4973
3832 2265
4406 4981
2811 8629
7363 8067
6207 6127
2771 9230
575 9440
98 9286
7560 7857
1588 1680
6756 5588
2124 8830
3764 4201
4980 4694
2025 8070
2524 9703
5907 4330
1672 4010
2389 2870
8870 4198
5258 9519
9833 9907
6774 3134
4964 2656
2391 6326
7148 9202
4622 8554
5470 3925
1297 5237
4003 3786
7081 4947
6515 2092
1575 263
9935 6400
4033 5880
9214 3634
4993 7908
8909 2998
1525 9975
4888 7333
9957 4846
877 1803
908 1116
4552 968
5228 9653
7879 2079
2327 1214
2 5740
6525 2406
9763 816
4045 9273
2555 4047
8613 8490
4850 7980
8402 1073
3546 4607
2020 3888
5831 7852
9418 4164
1732 6639
4065 6892
9482 5088
3150 7266
2936 9000
453 9180
1534 3621
422 3451
3216 4853
5922 9818
599 2589
633 7835
4231 4336
6541 3639
8592 796
9438 8172
8872 9481
7406 8813
56 4821
9219 140
7686 4666
2825 7856
9655 9338
5719 40
56 8204
5312 1379
4947 692
8522 8321
6342 9064
4203 9054
1741 6701
5344 3546
6653 6482
3826 6852
5822 138
8485 8439
405 5325
7425 9213
9696 2172
8919 8896
858 9242
6703 2812
9416 8948
6574 4876
2064 8293
42 6212
2807 6122
3459 3833
2261 9561
9658 2819
9475 9528
9002 7618
2469 3094
8969 5226
4557 9932
8886 3471
4829 8176
5013 3567
9751 2229
66 1321
7321 8459
2737 7985
9722 7126
8008 6356
4918 3680
4323 87
4732 1046
1363 9535
6129 3829
9300 263
4074 9182
7677 6027
6400 1848
3038 1682
2014 1359
3791 6615
8280 1567
2136 3042
8710 397
6688 8896
9259 1393
3639 6221
370 2082
8985 2322
8833 9098
7150 6483
5715 5128
6680 7500
114 1338
231 1923
237 5875
2064 7488
830 6389
5424 7581
8380 643
8385 987
7072 7731
1382 486
4329 2884
4927 3742
1040 722
3557 9952
2000 2750
6599 2034
4608 4928
9475 5690
2746 4260
9461 7512
4855 5559
5641 6468
1348 8422
7217 4298
1145 923
4942 7433
3303 8500
7689 6737
1340 1364
2398 3927
689 6507
9920 8965
3134 7001
5844 3040
3629 6980
5437 4379
385 8755
8922 1168
3044 7458
7946 6551
40 4556
7087 4575
8295 4453
3508 5872
3180 179
9635 6702
2402 3295
3434 7643
3684 1402
1225 2730
7136 4467
2530 1760
5926 7926
7232 4175
6239 6171
262 404
3429 6518
7415 7265
5074 5616
1772 9665
8126 5556
707 2925
1242 51
8213 8184
4887 505
6721 6295
5167 2774
2483 1540
6215 1239
435 8818
7864 6495
8394 3277
8929 403
3607 2444
3132 5369
5250 8666
1303 677
456 5908
4105 6104
8083 9242
8321 1486
9752 9515
9919 8689
3938 1268
5307 8419
9259 9582
883 5194
6428 9052
9627 1872
2443 4743
4556 9948
5864 608
6426 8225
4530 8727
5278 6146
3348 648
1593 631
5684 1172
9378 3797
2318 9932
4366 402
7163 5485
5461 9236
1970 6216
9349 8694
7016 2025
1058 6888
2245 8141
7069 5823
4550 6346
3335 9461
9529 933
6712 4273
3728 9163
8988 3992
9418 2822
6837 3221
2485 3814
9584 4023
6597 2980
6554 6316
9197 1133
2889 2177
1185 8511
2565 3019
1830 3553
7647 5655
8946 7149
8571 8026
3003 2464
6060 9164
8054 9197
7371 5757
4682 1927
9630 3617
5368 4884
4344 5315
9192 9807
6484 8179
223 1899
5018 7511
7689 7005
8559 6861
3270 714
95 6036
7600 1271
6812 3699
2527 6268
1219 524
527 9076
6759 4038
2707 9087
2356 8106
926 2931
1617 4734
3666 7480
8485 4064
4192 356
556 1119
7682 3151
9444 6621
803 5160
9958 9286
4409 7938
5930 9067
2979 7681
1043 3866
8085 3541
9267 5204
5461 7276
5495 6106
9077 8490
5614 1102
3371 7158
6860 9351
5547 9679
9693 3511
4733 306
2280 5586
7479 8807
595 9718
6378 6574
8284 6760
4912 5906
2799 7871
9989 3280
63 31
7506 4214
7621 4726
7713 6944
9270 7730
6407 8443
5536 4952
2143 9637
8550 8572
3347 7861
7120 3397
1456 2291
2605 7224
5685 2042
5561 6702
4028 4812
3076 6809
1822 3580
2348 9288
672 7844
3917 1009
4089 5465
1910 9062
3192 1507
9416 7151
7699 9870
7360 3234
473 1218
2630 5187
1381 3056
8920 9953
4717 2001
3621 9534
7453 6431
8574 2900
943 2830
2990 2497
7873 1540
4149 6620
2437 2513
9954 7207
5451 5379
4670 5568
7280 4409
3737 7615
9779 5863
8690 981
5068 5614
3268 5824
8208 483
2488 1697
1705 5223
8339 9799
5870 9685
429 3898
6521 7925
2166 2585
951 5700
2687 7949
4655 9767
1260 7209
4506 9644
50 4252
1607 4284
1884 2872
6147 8623
9041 7223
7699 9065
5147 7196
5390 538
3109 3858
3239 8812
4509 6158
8339 2228
2370 486
5601 8305
4398 2355
9840 8744
8682 2567
8990 468
9616 3374
7307 7679
6006 3106
1400 399
9526 448
4913 734
9109 5263
8796 602
5468 5682
8745 9682
3014 184
4596 8382
7573 2321
8889 6428
1332 4587
1162 234
8226 3640
6393 7874
233 8816
2850 8828
947 8159
691 4032
4689 8546
4278 6760
4624 981
735 3550
6864 7459
6117 62
1261 9258
5248 3814
816 8642
8106 2003
4272 2781
8979 5540
4710 6390
8903 6484
5197 5754
128 1825
8068 2650
788 4315
4709 6165
9248 480
5879 5559
8530 4401
5939 3358
1687 1903
338 8990
5663 4214
6255 1874
2619 2637
5635 6330
747 527
282 9058
8704 9657
9389 3344
7587 9143
8674 6782
9791 880
1303 1913
9949 1466
4999 1955
5967 1592
9076 2066
3358 6359
4571 6581
9752 4335
6061 5391
6712 248
2229 8494
3848 3742
1847 5948
3595 5548
6955 9051
1320 2267
1545 4829
609 943
6366 2994
1543 8166
6677 6828
858 1647
5152 8963
1410 2160
811 7493
2 5634
4983 7464
7259 7183
6543 7013
2498 7571
4363 7756
6266 8425
2100 6744
6355 7716
6508 8712
1279 6780
1843 8808
7354 3256
537 6143
7151 2173
5669 972
4671 2624
810 825
1901 118
6129 2650
3019 9121
5782 8204
765 4465
7463 166
6121 1254
4657 1413
3259 5575
1953 2910
2701 6745
2161 2859
1324 5368
3815 545
9317 9991
82 7791
8317 1394
8485 9838
4715 1741
3985 7557
4334 2049
5890 9026
250 1898
2746 9497
3295 6329
7839 8158
530 4167
8778 9309
2524 4954
1776 365
531 7021
6123 4309
5314 8866
4908 7424
9959 4331
6872 5336
1558 7992
5529 9205
1827 9348
5334 69
9816 266
2033 2808
3282 5693
5393 649
2101 1222
943 4871
4559 423
6011 2913
4899 2743
2650 5601
6532 1861
5974 3031
1039 2300
1063 6858
8198 2560
8693 6703
1866 4738
61 4604
7755 1990
3796 3820
8500 7062
8839 112
2025 8932
5387 2682
8517 4033
7875 594
777 3239
5686 3503
4545 2595
4013 4986
3452 6639
7748 1950
5810 2226
5219 7420
1017 3076
4742 8020
5616 4612
8950 7648
1424 956
1441 4343
5579 8113
6861 558
9572 5867
1912 895
5396 2744
7292 2996
7383 2360
8837 1513
8742 8823
9086 8633
5538 5079
3117 475
8583 8012
8746 9696
2762 2004
9525 2264
4762 5989
5500 5726
591 3210
3485 1810
4996 1497
7122 4655
1709 7332
9827 350
8087 7027
6750 9213
7860 1386
4152 583
6772 6528
958 1691
5769 1420
6866 6163
7241 5286
978 9513
9104 3146
2440 6275
7266 7036
8047 6847
5991 2930
3501 9109
3465 3036
1264 2902
1446 1630
9974 9795
8135 251
2340 6044
8073 2783
6879 359
8663 370
2907 7589
4793 7153
3991 5711
562 3569
7934 5630
877 8276
533 8466
7849 796
1020 2168
2174 1029
3225 9591
465 603
9747 6756
9207 2870
1524 9026
492 5432
5846 5558
5906 9773
6307 4455
9584 8455
675 7768
2633 8898
6160 995
8796 5221
8543 7027
9019 6956
3782 999
6428 5913
7795 5821
1785 4078
9966 7998
4998 4121
3408 1697
5269 9310
4390 5204
8820 5965
8968 5863
3087 6220
598 2421
9863 6715
4457 4147
1812 2087
6222 718
4169 6898
8059 3019
4581 5122
3082 8478
243 8087
2211 9151
6802 246
3259 7616
5809 2242
8085 7623
9946 8820
3141 2642
3573 2299
7642 637
8111 9975
8851 4123
4752 2910
1357 6768
7054 1598
9944 2708
9161 8486
6893 6376
1948 4203
9124 8604
7202 7885
2751 2083
5299 46
2933 1565
3927 3177
9475 6552
5353 282
8035 689
5074 867
4821 421
8721 2148
9055 1270
2621 3895
348 7857
6755 6792
1240 4274
6317 6566
4626 3336
3302 9891
553 1092
6535 7957
6215 6289
6500 8902
6030 93
3936 6272
9483 377
8268 3492
5307 3670
7650 4611
8914 7050
1574 4500
9449 4176
2219 5204
4531 6832
5118 4148
5431 2393
2403 1349
4643 657
8980 8801
171 1148
161 6876
7421 1526
9910 2292
5087 8218
2522 1980
1907 6780
1931 4922
6915 6269
7686 6146
1213 8843
5071 545
3494 8906
8683 5023
751 4059
3767 3588
1584 4814
2611 1648
9173 4658
7008 6433
5790 3615
3388 4723
6134 3425
6756 8841
9163 7353
9326 8283
3008 8639
6869 6274
293 5840
7517 7249
4496 206
7419 3708
1393 7848
2067 3628
7330 2138
4189 9296
6087 3205
7508 6382
3287 4240
2320 4451
6942 1275
7516 3991
1868 3418
8446 8062
5330 4165
3155 5252
8439 475
7281 4124
7131 7563
5429 4144
7781 8611
214 6082
8135 9863
9149 2328
9866 4598
253 6010
9995 1036
3895 2029
4015 7049
3951 5344
8149 9946
4546 6685
8552 1291
4451 9831
5339 3877
865 3541
7491 1840
4127 4257
2482 2126
3545 1623
2485 1643
1232 8438
1110 1093
555 5944
6548 6582
8323 8005
3743 4267
5866 3744
5549 1593
1257 7155
94 4044
5732 3929
1183 1756
4928 8830
7965 6984
7853 327
7063 8344
2954 6443
6696 414
2083 2952
942 9214
1718 2265
6972 5947
8159 784
4224 6418
5230 3129
5008 4248
2795 9015
8141 5116
871 7469
5651 4879
1141 9050
6213 6080
9762 6826
1704 6689
1817 4122
8539 8545
3186 4857
7143 7118
4526 7106
8820 8006
847 4789
4587 8513
9972 3788
8127 6507
1380 8635
8095 5471
2644 6910
3577 8246
7596 7221
9396 595
2858 2897
5652 3545
9769 3055
4605 8688
159 3984
3418 1019
2014 1229
1233 1418
8180 4239
9730 9516
432 2830
8450 5820
886 556
7432 9449
3442 2544
1019 5781
8633 1740
706 1120
9161 4111
6086 6631
5783 9828
5150 2745
8792 5934
9263 7771
7893 6811
9256 4348
3934 8641
4149 4099
7540 9167
1036 6135
1941 2040
7512 1457
7844 3916
2030 1331
4679 9926
7289 8767
7654 3792
4665 1922
2340 3442
7027 661
7184 8192
7215 3341
811 1671
7249 2925
7596 6416
9712 8132
8716 31
4815 5249
553 6516
1606 5325
8949 1730
2732 6302
1827 3981
2665 5080
2107 7004
3998 6158
2498 244
9046 9210
7635 8249
9531 8501
9063 6181
3559 3078
9818 7777
9133 7674
176 3533
4520 7960
9159 227
1662 5607
7202 9121
4124 1544
6641 4358
7823 5267
5493 8695
5297 4619
8631 9907
1030 2132
5295 4546
4648 9
1315 4745
7322 555
2808 7990
8092 2459
9193 2440
962 685
6756 7499
5013 1827
2370 7764
8598 4482
315 6701
5007 4264
1705 1897
5686 4552
553 2328
3331 9613
9212 2840
3037 2750
3976 6907
8300 3512
2949 651
6584 9085
6243 8792
2258 8647
8571 8701
3099 9263
5162 1519
5652 5318
6581 1617
4375 7555
6918 5174
9512 9898
1226 8436
8884 3913
4956 138
5618 3455
8942 7301
2166 6025
7228 9537
3028 7518
5115 5086
5710 6427
2943 9854
2465 6846
815 3617
8413 1295
4889 2299
2370 3576
5582 765
2306 6035
2443 7996
7194 504
8539 9513
2586 8304
3651 7874
1058 6758
507 9099
4449 5410
8843 4262
8908 4657
1330 7631
1087 8627
2820 779
4783 1499
6842 9851
4946 3183
8174 905
4908 6863
3669 5420
837 1282
7955 2295
2335 7123
3381 8171
3042 2289
5786 4328
9120 8862
8060 9636
3697 4435
3752 4142
6711 9553
2289 9407
5066 7422
8824 7588
9674 3786
5594 7541
4940 9003
5439 3466
1129 4315
7770 2892
9253 7701
8260 2527
1386 4880
3347 9691
7115 4883
5124 1361
8037 4175
7947 7665
8728 8230
7285 2850
4014 2048
5579 8357
5731 83
4464 9424
3675 8217
2396 7375
6529 7418
8492 8138
9178 5433
1929 1493
181 1893
2235 9901
4632 1279
3238 2177
645 307
3981 6
9387 2574
7253 3662
2769 9054
7026 4437
8112 5638
1981 5066
6683 8235
1399 2432
5490 8665
8774 7420
5402 6566
4414 8906
450 9638
2258 7037
6179 9641
3939 3163
1501 5368
1255 1929
8128 6521
6178 3000
9163 8134
7576 9391
9749 7477
3113 2074
4491 643
7858 1907
1884 1319
465 497
2811 8125
3933 1813
9527 2180
1412 2263
6720 6208
2153 9845
3172 2654
2647 554
1554 4598
4011 191
2097 5749
6224 5977
2058 9958
486 1724
6783 1245
243 2720
5165 3189
6619 2342
7558 9909
464 3628
684 5846
7843 6106
7026 3632
7500 9150
3789 2414
227 7098
9952 4372
7949 3499
6884 3175
8255 6989
2340 2100
6699 9811
7482 4787
7174 470
6046 6213
9475 1185
6319 895
8874 29
840 5204
6442 3180
5850 5520
6751 3935
4784 5725
9517 3289
7275 2400
2925 8738
1464 8414
2600 2562
1679 6124
461 3306
9480 3407
4158 5448
6584 8898
2886 8029
1508 3798
8232 2632
2483 4606
9451 8304
8243 6174
6579 5521
3621 5216
1883 6304
3901 7485
2807 7
286 6873
2404 5252
2225 3035
9962 9947
2935 4888
7376 2832
3797 4129
1467 7557
9187 6918
3717 8307
1814 5386
6069 6358
2217 5776
9373 103
2981 4482
7683 481
9923 3953
8746 4142
8966 1442
1805 4519
8085 3679
3045 9570
4884 2118
8457 9674
9426 868
47 9866
6936 2129
8589 2623
5657 1287
9289 3788
1052 8604
3880 8836
7300 312
8848 9680
5080 8072
6293 4130
5921 8688
4144 4186
8997 6770
2627 6182
7347 3541
1782 8076
9339 3501
939 217
963 5529
3674 4422
9493 7351
6728 1025
3238 5023
3986 3196
4261 5121
6129 9741
1263 5417
4881 4048
6345 8053
5448 9757
4570 9259
6774 9664
556 802
5155 5748
7581 2782
8014 7545
9203 3209
9051 9985
9910 1381
6995 1904
5245 7893
8392 4687
8361 5374
3807 2857
8051 4394
1974 675
7798 3948
1413 3082
5331 1251
9446 6350
9470 4492
5425 132
5085 7611
5954 3859
9311 3681
5525 7883
7822 7725
8691 8137
3180 3863
1280 6121
2682 9248
1436 6634
6358 4851
1189 3724
9155 9934
3515 9222
2044 1794
5815 667
6134 9280
181 901
1770 6106
7926 7674
9075 6191
4906 4239
8736 309
422 9631
2701 199
7833 8614
1570 8677
6675 5847
667 767
8519 5909
8457 5031
1661 1625
1578 6286
5084 3198
139 1779
2587 1790
9880 5248
7163 5786
9778 4971
2964 7375
3482 2642
3203 3227
6857 7931
6640 9394
4383 7473
9674 3867
6377 4096
1590 9679
2674 7801
1189 2919
3825 2981
8245 48
5406 1155
4736 2838
1799 7574
4940 6051
6805 3984
4881 8854
8582 8486
1140 4905
3597 7668
8731 5576
9006 7501
4878 7802
3450 4208
7271 8860
3135 2884
927 7241
762 3232
9010 1958
5618 9497
5119 1448
4957 9788
7137 2629
8976 6511
2596 5235
3706 4578
7288 6962
5793 1392
2558 2499
1400 6148
1900 6471
3529 8823
1802 3684
8415 7383
4480 6601
1706 6605
7067 8656
2544 1288
7776 2737
938 4747
9398 8082
3755 683
6461 6402
9019 5053
9044 6049
8092 8046
6523 6499
1475 7611
4529 3460
7827 6839
2233 6472
4098 4405
3193 2084
2723 6107
5271 7480
708 2191
9034 2328
942 4115
9777 157
7056 3929
912 5404
599 743
6242 7388
5834 5873
2252 1237
9695 1256
8136 4561
8721 1050
3898 6976
5892 3599
11 3956
9218 1856
9288 2595
3689 6048
3646 5220
3644 2141
7996 7183
6408 4832
6349 1973
5951 392
8411 9088
3952 7562
9960 2062
9208 7153
5681 1470
9786 6635
2946 7818
9171 855
6335 6397
8981 4895
2573 1571
3132 3255
355 5994
8947 2278
7672 1178
5053 4503
7355 3191
6074 7938
4111 7218
2414 4143
9821 8669
845 6760
6631 9549
1939 5570
3142 940
9750 3541
2988 473
2433 5324
4052 6988
924 7992
3735 4837
9211 6646
1279 9846
9983 9377
4792 3765
4847 3472
8546 7195
6192 6065
3040 2511
3133 3456
7713 6440
5686 1763
2544 3061
2420 1305
766 7002
9572 394
389 636
8761 8288
4368 6628
44 7771
231 6843
6270 7826
5833 1409
7980 4690
6703 511
2620 3995
1632 6335
1288 109
8067 902
4985 9421
8290 2637
7965 7041
4960 4638
8064 604
9034 7484
7372 9156
4326 6752
9240 944
4099 1865
8400 3182
7524 6517
1548 3604
4099 5248
8364 6908
4157 8636
6495 9233
8860 1827
9290 657
5054 3899
2039 7224
3310 6670
3473 1938
285 2891
8416 1032
7473 2391
7008 6758
1777 8163
6199 1893
2052 3672
7160 1113
5828 3643
8627 4635
1865 7229
3990 1117
7065 1226
2452 7928
9057 7602
519 8548
8624 7720
486 6156
2301 562
3755 3879
998 7994
3873 8072
6779 1771
7995 7926
1631 7937
2285 59
8831 8198
232 2075
667 8419
9015 4343
1520 4134
5035 5296
5995 7324
6807 3038
3469 7430
8388 7628
5466 7734
1390 1809
5466 1318
5187 1903
6329 9829
128 4354
3093 5049
5225 7298
2964 2195
3924 4977
8070 2973
9713 5031
8911 3589
9209 7218
685 2178
3630 7913
120 679
90 8384
1311 8467
3472 3540
5409 3793
6587 7212
2951 7975
5528 4424
3842 1538
1982 1697
6077 5420
9473 4416
1598 4740
5900 9665
2471 7523
3274 5403
5573 410
3396 4834
2344 9633
7560 9825
5137 6646
7351 3235
7184 4061
2834 5481
3959 5856
2796 9161
7156 2013
2556 9674
1333 6512
2547 5424
1149 9586
5848 6068
8893 4837
5555 8475
8144 23
2349 2406
5065 8059
4062 9367
912 6640
9472 757
7024 6381
126 2698
7789 5689
8785 3210
9308 5237
3282 9377
2219 3464
4894 2700
1279 8504
133 3088
1444 6851
3149 2617
852 2775
2810 3151
1096 9551
8594 9277
8344 9102
6319 6750
9087 515
346 7518
4235 4168
3139 2279
866 579
3691 2792
2377 266
4071 3013
6373 3953
8885 5669
5867 5313
5970 6946
4072 5867
1646 3171
3974 3080
6424 3918
8803 7522
1099 2278
6804 4139
42 2569
6449 5668
7106 3723
4098 8219
846 7467
6574 4616
2158 1252
7204 4231
10000 5706
7479 6156
1870 4003
5113 7675
1653 6220
4113 7746
7793 7255
6883 8754
3180 8295
8595 29
7647 1044
7882 4294
9427 9227
5848 4108
9619 9397
9779 7400
66 4444
6558 5961
9433 347
6620 423
1650 2889
7151 59
7868 5335
3847 9697
4640 1197
3671 7751
3946 9676
9889 3781
5508 3636
1327 6585
675 2458
3259 6494
1323 3433
3141 7936
8821 7323
2004 6046
7391 8564
5082 791
3132 3686
3569 4441
9625 8811
6052 4638
166 487
7793 3067
8908 2754
472 3977
7447 178
1560 2972
4445 3738
6224 2651
2798 6442
8632 3987
9277 5445
6008 1306
4268 7983
5911 1373
4507 1583
7750 337
3104 4647
8990 5388
3971 7238
4599 4555
9728 2119
8637 7744
8456 4700
9762 1703
5130 4191
4727 3020
3904 8645
555 6432
8972 271
4749 7882
8981 7904
5635 1101
5700 8666
4342 9221
5294 808
4218 7465
727 4445
7353 1990
624 560
4762 947
1974 9913
7266 9915
1530 6489
5143 4022
7130 3638
6975 6733
7816 7349
868 6555
467 6211
6636 6486
6657 947
9955 3572
7276 6846
9831 1816
8950 1801
30 7341
7254 8750
5695 4885
8589 3485
7703 5378
9415 3069
4571 8118
3811 2014
7062 5547
9357 3064
7519 538
4838 9401
4659 7184
2914 7101
5361 4258
2697 2902
825 792
5109 7420
3340 9195
8419 7396
7724 189
5574 8688
9554 2073
3464 7918
3336 8672
5232 8924
9518 9209
4203 8257
340 4133
8063 6421
2853 9457
3145 9077
7581 6677
616 2496
3570 1147
8428 8239
4727 4443
485 9368
5383 9443
6644 8201
8605 180
7664 2366
4181 9787
6058 5825
2032 5679
599 987
609 1675
7632 9244
4994 8355
7102 6046
3184 7877
2379 2754
4152 8268
100 9153
7130 5061
7474 5625
1063 2784
5230 8073
4141 3191
378 2681
6407 2222
4428 215
9498 7752
128 1752
4615 2293
9933 7680
9059 4672
8878 1628
344 6480
3515 3668
9404 7336
4881 722
2525 9345
8960 3912
4010 1395
3946 6106
7657 4928
1301 1794
8993 9687
2890 583
5159 9711
5684 1985
7332 8551
5092 2073
2767 5845
1574 7029
7484 5158
6121 5369
4911 8828
2387 9761
8161 8783
7519 5344
3498 5542
5249 8823
6304 2043
8322 9640
5488 2423
1907 9309
9839 6109
1189 6814
1275 5834
4365 2094
4891 7802
2781 9284
6327 5595
8528 67
5035 384
848 9904
1053 510
4456 677
5699 9409
6413 8752
6289 6242
3474 6245
4201 9957
8334 10000
8459 8194
5221 3368
1549 4474
7860 7111
3295 995
7386 7228
3907 6477
5653 2998
5799 8485
787 5090
8692 7614
1593 989
4306 2961
1904 4823
185 3709
995 9176
2373 7745
3247 4337
3961 2926
7130 9867
9305 3118
2811 7190
2928 7775
538 4736
4543 5533
5200 7752
277 3648
3766 5841
4378 4153
3077 1832
3949 8177
177 9833
9542 4909
6746 428
8358 7337
7740 8456
6957 7064
9753 2877
5745 8198
1753 6882
7073 1762
6479 7439
2496 4711
8473 4062
6265 6921
9847 5141
3806 8249
5325 1381
1686 2627
2597 8146
9249 1250
8748 9370
3860 2069
4737 2342
5697 4370
4327 6416
4419 7136
8643 2379
1456 71
2861 9131
4069 2593
5665 8969
9760 2112
6530 7727
553 1206
9331 3884
2610 8731
5714 8107
2517 6288
4630 4323
8384 7753
1665 7011
3688 8536
9421 6029
5529 1911
7542 6131
6603 2728
4808 3282
9567 2067
7721 1932
6236 1214
3307 5811
7097 8898
5982 3549
3774 7906
1467 206
3793 5704
7561 896
8371 6363
1962 185
2306 4913
9613 8077
196 6395
1375 7033
2925 232
5631 5197
6885 8426
4442 3117
3697 2963
8060 1748
6307 1804
4321 5042
2423 2465
4687 7085
7341 5444
2047 3117
2229 4851
2270 4852
978 6057
3999 5930
7641 2703
416 4075
170 636
7668 7909
6580 6635
1494 7263
3555 9272
6074 7995
4150 6449
9840 108
5951 9093
2255 9805
1648 4697
8623 3150
2269 843
4018 3297
5513 3205
6468 4889
2896 7357
1461 1838
4174 7974
6155 228
4573 8245
1341 6617
3012 2055
5661 6486
9887 2556
1516 4928
9895 7335
3412 5180
6559 1220
8393 7010
4728 6281
4814 1137
1085 5873
271 9332
1553 1777
1169 4820
6461 1816
9048 5369
7300 1605
5359 8780
4149 5823
8817 2992
9095 4434
2288 1593
781 924
9996 9265
6639 3027
187 185
1656 4534
9527 7474
6256 8924
7044 4244
4229 3493
5042 563
9436 5077
2232 156
3551 7944
3288 2646
1359 756
1856 1562
6778 8447
6558 3977
5348 7436
6404 3510
855 8578
6459 3217
8334 9008
1636 9143
545 1182
1692 9452
8426 4810
2227 162
828 1470
4126 6347
4988 5588
2037 6454
4893 8734
1068 6592
8451 144
5892 4274
3158 671
7287 6230
7359 5544
4150 7872
9041 6776
698 4780
7420 9203
6660 3099
9378 3163
8657 3403
914 9508
3576 8539
1279 1527
5355 1036
1457 5771
9456 1541
5851 3869
9244 4102
2427 6989
7817 9024
1680 5254
4323 71
6535 4501
4611 9371
7505 7971
4255 7292
4697 8391
4470 2750
9361 8070
7676 2376
4592 7816
1832 5244
7334 6022
2281 2626
9137 6083
7785 67
4097 7056
4708 8930
3314 9828
1418 3914
9482 6495
4300 245
3097 5629
8725 4826
8171 3486
3119 2944
5335 1858
2594 4254
1371 3344
9918 9277
6413 8833
3889 2596
9413 1413
8095 7813
414 4216
5474 3895
5629 1554
1062 8601
6871 6678
2798 6686
2588 3658
1595 4900
6201 1191
253 326
965 4504
8160 5175
5352 6349
4046 2930
7148 8649
9769 8780
8611 9019
8026 6114
1985 2052
5371 3366
4378 2356
761 917
7266 9809
5287 7802
5461 9675
6306 611
1755 8945
241 5577
7185 8127
4595 4276
7988 345
3416 2884
9603 3765
3345 4172
4111 3705
876 4812
2684 8627
6982 7017
2350 3089
8200 1167
1999 2108
4609 7365
9075 7029
8948 5756
3117 5476
9125 7146
6006 3732
4180 4973
7941 9574
5525 7566
3029 9793
2187 4788
8465 8039
1433 2636
7278 370
2336 1878
8373 8450
5921 4533
3803 6154
9180 1568
6632 9240
5011 5251
6506 4405
7836 5212
8610 4606
3784 435
215 6584
4695 3702
2503 9346
1768 2710
5252 4559
8069 1249
2034 3391
2357 6488
2813 7293
6154 6582
4931 5672
8726 9103
4652 9640
7505 1823
944 2421
3050 3449
4739 5852
9987 5582
5704 8224
9434 7096
5322 5678
9928 1969
9778 4654
2369 9881
2825 4270
877 7211
9647 5110
146 6763
2212 9116
9705 8498
2630 15
4259 2367
9019 8924
9943 4879
956 9197
6307 9806
7300 3646
6964 7861
1880 2900
9376 6717
487 990
6586 8440
6178 3919
4032 9908
7857 5634
8879 9294
3340 8634
6570 767
1941 2772
9348 8052
7753 4530
6920 4529
5053 9179
915 2376
6037 3687
6720 7127
8755 3751
2955 5790
4887 4945
3987 2968
7538 377
6784 8051
8527 891
314 8767
7745 7271
9266 1230
7034 5947
5310 325
5258 135
5325 1357
3571 4194
4929 633
4321 2440
1986 5524
1394 8618
477 1776
9076 8653
835 9563
5961 8364
8235 7256
3347 5617
3242 8075
167 6431
5957 4458
7877 2852
3874 8517
7754 3950
5829 8595
1101 4959
9309 6538
6914 3155
6501 7712
6318 8005
6375 2877
7156 2688
8131 6502
1624 3953
1555 5314
3757 9056
705 3454
8928 3813
8176 8904
3575 6541
2233 8383
3570 6197
7925 5121
1923 7403
8399 8387
8645 7662
5710 393
7857 3674
1177 2860
7371 748
2070 3666
4809 4607
8952 6092
9166 9993
5697 8452
74 3183
3463 5926
4588 6301
2902 3415
4827 2153
9832 2125
8909 2608
7759 6872
5502 4951
9254 6026
9094 8023
5405 5018
9707 9943
4423 4140
9029 6847
8189 9085
753 5265
7561 3100
9603 8839
7991 2684
8214 4419
1727 8938
2446 2209
9667 3347
7521 2920
7273 9988
6709 1544
9601 5733
9570 3414
2631 7624
6578 2027
762 9949
5244 3730
447 4461
4435 1117
6016 6461
4927 1579
6422 733
541 1090
2931 4129
5771 5876
2337 4144
8350 9568
793 8481
1321 8600
349 4303
5853 8160
600 8086
753 9082
9471 6791
7064 7555
3024 4293
4483 1538
6948 9824
2743 8215
9463 5395
8312 3799
8737 9455
342 6515
8444 6170
2706 1917
7473 9645
400 4241
6938 6103
9245 7387
4825 1652
2490 4736
6820 1129
4070 5691
4913 7134
2858 6825
1798 6845
4102 2196
2021 8580
20 4370
1610 1132
8826 1926
5649 7175
5928 174
3219 6989
8128 837
7417 1011
6173 3388
3248 5475
2747 1517
5680 5707
2256 8073
2617 5608
1440 5043
1213 5818
4955 6205
6298 1555
8867 4559
8311 6556
4763 3002
6781 4183
1490 7789
1397 5346
9647 735
5220 245
9466 2609
8642 5380
9862 2609
932 291
2339 6014
5687 8756
615 5310
6974 791
1215 9247
3357 5768
592 3606
4446 4234
1108 8626
4845 8669
9640 695
5557 15
3170 2909
3839 8925
9257 176
7395 5924
1452 5403
2008 3406
6545 1058
9222 1875
4810 2417
1487 7841
5866 4907
9880 2784
5308 6077
7170 329
4336 6698
9940 1337
9664 7855
6913 9563
380 875
3468 6888
3311 9156
1964 9900
8595 8543
3407 2448
7469 3779
25 125
8464 1829
5850 6252
7648 9379
5255 2659
7713 9774
7090 4133
6035 5251
2114 395
9049 8117
2141 5224
8092 9770
1112 4557
2695 148
7457 2614
4129 7694
8083 6274
149 2231
1983 851
554 9864
1506 1451
6612 8645
502 2534
5276 853
5269 6098
1530 9392
2036 1616
315 6091
4367 1042
1973 6929
2491 2196
3965 6889
2649 2782
7354 5468
5291 6796
3047 9244
5910 6279
1484 9397
6313 6669
2325 3597
7617 9261
3978 3337
179 3170
2668 9598
8485 5284
9168 9478
8547 6916
9517 3216
9548 2529
3887 940
8075 690
9723 7256
9666 6722
9982 8648
1541 6117
7836 8221
6057 2892
422 2524
272 5963
8235 2076
6590 5607
1447 9865
8818 8318
1817 4480
3687 3511
5901 8014
851 8299
5333 9250
3774 5385
3459 4061
9104 1707
7543 1933
2402 2100
2931 7325
7004 901
3213 4005
1279 8187
9682 4572
4691 2054
7158 587
2869 9830
9056 4295
6463 9595
7459 700
114 1216
8735 5408
7747 7748
9366 2242
1055 2413
6303 2143
1289 4337
394 6868
7020 1003
6591 9191
9418 5815
2138 9732
1013 2941
4349 8302
3788 5791
1980 1976
9218 5003
9254 496
7299 3801
4374 3636
6984 8893
2414 8095
9810 8298
6393 1255
2752 8090
2779 9913
1194 7833
4045 9769
6667 3709
7754 7764
9251 1329
1491 657
5951 506
7553 6727
1307 8649
710 4229
7437 8996
9240 6051
3409 5771
9861 2197
1922 4226
6409 5521
2827 3137
795 3778
573 4897
3503 5406
7639 9130
3690 5232
9106 574
6466 9438
1263 8727
831 9070
2259 7002
3599 8497
2104 2927
5363 6378
9253 3253
9748 7396
5892 5941
7017 4064
8360 5830
7083 7313
6548 4525
6670 9618
9249 9146
9624 8269
5742 5593
2158 6546
5104 5336
201 9024
4707 7363
1087 6407
398 8814
5043 4279
3042 69
6589 6404
1515 8547
6680 5768
8309 8120
4539 5685
8265 651
3913 6162
5028 5849
8359 4450
1733 489
3438 419
8544 3449
8797 1643
411 2229
2697 9806
6523 8386
8230 5733
5398 1595
3187 7189
2414 6485
5673 6903
3171 5151
9117 2937
880 7753
6818 2268
8616 5395
1033 8749
1995 1024
802 8624
9706 299
4289 7738
5627 6908
5009 8027
799 5320
1420 3718
5692 887
6743 3033
1693 9734
3932 9571
6899 6929
4729 1220
6736 8628
2803 2257
8410 3583
3484 5624
4425 3438
5230 8561
2246 7035
1306 5659
3016 6687
1560 7461
1276 7702
1768 7410
7530 5641
1743 9797
1977 5305
8929 8470
9547 935
15 269
8552 6268
9173 8830
4725 7463
6638 4686
3186 840
8292 1618
3025 9782
2244 2801
3159 6564
9597 7064
7171 8532
2780 3535
1446 8648
885 6891
8901 6048
1416 6527
1843 5840
6349 4933
9678 9123
1749 5424
3229 3546
2797 3889
904 1656
5071 6945
1220 5834
5141 8438
5475 7560
144 5351
6623 5852
2676 2781
1986 1580
9355 4124
2383 5188
9890 1250
3167 9434
5849 9841
5816 7449
6716 3010
2230 7575
1101 4048
1789 7832
9285 5233
5398 8629
818 727
4087 5620
3994 2423
3557 2422
2783 3028
8226 8861
5862 7043
8473 2322
4211 4343
9218 978
3982 4291
9364 49
4492 9466
4420 7900
7725 7532
6539 9887
2965 5112
4923 5488
5503 1633
871 4875
2043 5096
7371 6253
1922 6267
3259 4835
6469 1197
4411 617
1520 8704
3626 3316
5594 5134
7089 4288
2072 549
9568 4366
7551 6039
858 102
4192 5390
4500 3291
7805 2923
1203 3520
3567 9502
2008 2227
1263 1319
141 461
7854 2815
2964 6765
7940 1835
4674 7793
7082 3467
317 2380
3245 6226
7725 9760
4824 8491
1653 723
7819 7143
3774 2783
4051 1371
5730 9502
4767 1541
9059 5778
6665 1085
5292 608
92 6584
4300 5458
2865 7109
6943 275
4534 7382
6036 7707
4716 6864
3472 5077
1548 9947
4982 5263
3225 8583
4508 3128
8412 3873
1751 6519
8958 4541
5395 6371
1979 2182
6795 2255
3459 304
5215 4683
6667 7173
3150 9348
173 8993
3337 5010
8574 4551
4830 7501
4 3330
3873 9154
1564 7043
5317 1203
7188 9504
8939 6369
4 6713
9092 7365
659 8105
4172 2024
1059 8978
4481 9949
2143 7100
7929 3473
9018 1185
5224 1362
7584 5690
5404 6433
6844 5880
2890 884
9798 2279
3786 5371
6840 1974
4097 9959
5592 9113
9921 6816
2190 9548
361 4102
5548 5808
2036 9081
2908 2594
7510 7811
846 6776
9963 1750
9151 374
169 4282
5916 1481
7939 3006
3832 1932
5354 5161
7806 7580
8556 1662
1250 2106
587 5734
3302 2117
458 2880
3212 5607
5479 7492
8855 5866
4727 6167
3550 5602
7275 3376
9083 7945
2271 4760
9148 6088
8768 205
337 1772
8988 2423
2699 6927
3077 6321
1857 9092
8793 1201
7550 9438
7180 7653
3529 9636
8508 8387
7396 8971
6582 6014
2183 1156
5584 1250
2760 7553
9932 2413
236 8486
9128 898
573 4873
6393 6492
1529 6001
8406 913
8323 5574
9211 6036
5259 1867
5603 2431
7889 9254
4421 1522
1749 1049
7746 1806
9423 6858
3053 608
3567 8965
960 9641
9463 3224
5869 3489
1703 1054
4843 3093
1150 6732
5348 7924
8335 2551
1702 7999
7989 1914
5227 9849
1273 4853
4310 6013
1199 8876
9627 1376
2073 3216
2105 8389
1195 9134
2599 2508
5336 9792
5491 281
5142 127
133 2665
4379 5029
10000 3055
9656 3245
2188 7111
9158 4466
393 7665
2809 3257
9464 42
5704 4711
9914 7418
7424 6427
67 7680
6600 9952
5700 1559
1992 2
5302 4142
5954 9023
5359 5430
8442 6181
8564 7864
816 6455
221 5114
1186 1824
8957 7566
3337 5978
206 1049
5355 4907
7841 1238
3078 7215
583 6634
1892 9570
3700 6969
2671 7056
4290 7966
9918 2999
8328 4739
9546 1141
5714 8408
3188 8514
1890 9874
3160 50
1544 9237
1255 2718
2158 4212
5112 2863
377 2220
1565 7081
2002 666
4527 3341
4117 5163
5418 1068
4136 9377
3516 9669
9497 5012
92 2209
8593 5545
188 1917
747 3601
6972 7972
993 4501
750 8036
2173 4870
8 6645
4445 1437
8278 7604
5105 9589
9116 4539
688 9787
5592 5543
487 6121
9792 392
2577 8868
5662 4030
9270 1973
7671 8131
7950 376
489 5413
6926 807
2378 8658
6182 9923
1576 7216
3374 6179
1139 799
2539 9515
5084 7207
1629 6850
2535 5609
2760 8171
6671 9333
5732 1766
293 3222
7067 3671
4219 5416
9037 1398
1077 3304
2658 7894
5989 3085
165 3976
2596 600
2835 2868
8447 1532
5270 365
9176 1183
2995 7664
2680 8592
7969 1907
307 3278
3822 4440
5110 5745
8830 3929
5323 6792
7971 1953
7455 2625
6498 114
6245 6838
9915 4905
6959 5427
3731 1289
8082 9139
8990 5315
4630 6047
6743 4082
7273 864
5652 2537
6273 935
5032 9245
1075 5486
1548 1734
2221 322
7303 2204
7246 1670
766 7360
7648 9786
7741 5813
7703 9493
1662 2021
5495 8188
3584 488
5120 2649
6889 874
6429 2579
4550 6468
1943 4892
38 9812
3555 5385
4210 9029
8355 4171
4334 5123
9186 4099
7670 4068
1498 9911
6986 6819
6917 8934
6095 1952
5544 5047
6789 9688
2336 7977
3270 5374
1711 7925
7774 7050
8214 7322
5716 2306
3238 10000
6531 8117
244 1370
7124 2969
5312 8080
3163 7382
670 3464
1084 2515
7760 5839
1737 9496
2694 1427
445 4285
1583 9029
389 6605
7612 2908
4902 6869
2603 9610
6829 5680
3338 2660
3625 8352
7613 5762
3624 2465
8856 8078
8187 2092
2875 4821
9656 25
5457 8030
2434 7330
655 1247
161 4876
4457 6603
6045 1784
3242 9718
5231 5997
5919 9781
7784 3550
8995 3699
6650 6095
2491 4831
1992 3198
6505 2708
5693 1332
4951 6357
3583 2814
1828 8459
4132 3810
6401 1604
9367 2524
895 1838
7679 2975
9797 1354
800 4984
1550 9646
6034 7260
7514 8011
7930 3725
2751 7572
6715 424
4593 4555
479 8726
1076 6730
696 847
8359 3084
9531 3305
7765 2345
5122 1112
8692 9151
634 9768
8218 2852
5954 8031
6601 5398
7566 7770
8089 3381
7932 9813
5358 49
6416 9782
7505 4084
9062 4116
5762 4828
9177 8792
2200 9512
4920 6239
5128 6942
9233 4937
9080 2443
4133 5859
5411 7230
6314 2308
8893 6000
2852 4190
4621 2415
2596 63
8557 6051
8258 5260
6362 5008
1763 3472
7079 3868
329 1561
4312 4289
7853 1010
1789 8076
9320 4532
7615 1596
5400 5536
5610 7066
2786 2789
1255 1726
4453 737
254 2326
1721 6602
7757 898
6256 3427
1345 7254
2121 6721
5720 6830
3742 8431
1927 7609
4359 7087
3074 5299
6338 2678
9736 9671
6990 389
3326 9684
5028 2523
745 9329
3075 5901
5256 8766
3482 3781
4636 9058
3141 3488
2909 3919
5775 6887
3810 3088
2063 2178
103 4385
2635 8231
2317 3226
1720 5222
7637 4522
3962 6111
6322 4023
5392 7499
5985 8767
8967 3050
720 7178
8812 1227
6004 2401
4426 1492
9087 3906
5706 9352
3018 4212
3525 5706
9991 6002
1768 8272
2516 6445
9918 47
5934 3510
7455 8049
485 114
3981 7642
8296 3003
152 8010
2635 660
6145 1478
4777 4351
8791 2982
1702 1209
9226 6320
262 1762
604 4909
2889 2462
2813 3406
8862 5077
9825 4370
3811 5137
127 2476
195 6552
7848 1685
5862 5677
2777 3345
4136 3392
718 5546
5637 6498
2743 1482
6817 4328
3885 9408
6693 2572
5189 5584
9621 2
4881 1267
6722 1058
7121 4739
500 7538
6900 3050
6714 6832
960 8462
6153 2069
3138 5394
6682 7294
9421 2573
4030 8227
5471 4866
3470 7072
2966 9259
5555 7223
3375 1550
5949 734
5308 149
1187 7313
7849 1105
3422 615
729 19
2835 3299
625 5331
3856 318
6934 1479
5297 9035
8437 4658
4292 9516
6795 8460
1644 7939
5515 4010
816 5276
6602 8065
7428 1233
5729 8665
2517 5060
5342 5021
6718 9179
1708 2447
5653 9609
2919 1842
82 4530
4326 5313
4905 5020
7244 8471
3287 548
372 1071
4791 8116
1361 8755
6808 9072
1736 1462
1944 2165
2451 3659
1518 9870
7275 7003
9823 9130
7196 2014
2657 1283
4814 5252
9669 8663
5550 1910
2537 6062
782 5291
9250 2071
5601 2629
9850 4510
567 6800
5696 5118
689 2067
3583 667
6219 4893
4820 5447
5534 4036
9224 4233
6783 505
8307 4561
8129 5952
6047 3066
6659 7794
8149 6604
6186 5884
1642 4055
618 322
578 7339
6004 9785
2831 5354
9011 5064
2113 2859
2853 1171
6645 167
8881 9909
8635 54
4930 8594
8077 1224
1852 1771
7428 7194
6303 403
8254 6778
7177 3411
6325 4134
4370 7439
5591 7522
2193 7699
8201 6363
6953 7840
8104 6430
3335 2793
2061 2295
6004 8630
596 5235
503 2038
6172 4242
4272 7254
4893 9816
5633 3210
2954 6484
862 2910
3601 3851
8396 3047
1061 87
8050 2410
4378 510
269 5779
7316 5798
5659 7814
9862 7098
8957 4777
6844 6742
9920 4070
773 6221
1050 8973
6052 5264
8483 2642
8984 3567
1231 4820
1601 3599
7819 6045
4772 787
8231 4269
2322 2578
666 5950
1127 7099
103 6776
6354 5952
2703 4929
4834 8431
2186 6854
7845 7616
7232 9079
5396 9632
183 8233
286 9866
3180 8466
7843 373
9534 3603
2612 8948
7746 6856
7741 96
9242 3202
8395 8433
8028 6919
6426 2980
6565 106
8829 8890
7325 1322
6053 8067
8360 9351
3780 5613
9098 6082
7198 2678
7017 4552
8562 3069
4675 49
2221 1721
8848 9290
1415 2789
5742 6081
6640 815
6315 5219
7497 6128
3928 8113
3775 1455
7882 277
34 3922
3616 7060
4082 5547
4639 7158
623 5448
649 253
4386 296
2548 6438
7498 287
111 9245
8490 318
496 2640
6626 9403
3128 5966
733 1829
8789 1139
8511 4578
1890 5125
9858 1582
4407 7939
9725 8408
8538 7155
8644 7551
7703 9737
7581 2392
8546 4764
6464 8294
8485 324
4705 3617
9373 786
2559 3190
3932 1415
5916 3766
759 3400
6162 789
9788 9107
8658 8388
6416 1837
7531 1524
5421 9422
3499 1533
3143 208
8373 4994
7779 4255
9709 9753
7280 1124
1185 8877
3482 9473
5941 1729
8592 7741
600 5972
4170 7595
1928 6706
8313 1910
6933 6678
4916 9105
931 4796
2729 7923
2106 2282
1543 9524
3081 6096
2725 4017
1147 3108
550 5104
4655 9515
8619 2367
6967 8891
4653 20
4066 3458
2230 3257
5494 1390
7978 1058
796 5510
446 7383
6826 2243
2722 7102
8660 863
1201 6727
6863 5508
132 3251
6011 6231
999 2836
5525 9721
4861 3325
387 7153
5136 5250
1846 234
2128 3330
7166 1530
2245 4669
3551 918
3707 1431
9397 1506
1628 8642
8335 1453
5919 3609
3419 4182
5291 6292
7686 1007
184 6043
8892 6474
4296 5209
1128 7538
7751 1402
6660 611
6849 3516
9523 4062
2552 7980
7050 42
3572 8561
3815 1903
828 860
7429 9460
6242 1037
9679 7204
6496 2839
2043 7544
8829 3092
3383 4875
1659 3417
5715 5657
1888 9104
9574 213
6549 9266
663 5115
4768 9526
6821 1094
4403 8839
2970 4147
7507 4051
9155 4201
3972 5620
8788 2687
6919 7264
4706 5615
2896 5137
186 1928
1034 4469
1371 7272
3215 164
5732 9394
8404 2697
6719 9835
4293 6385
308 6994
9148 9796
9363 7506
9177 9036
6314 5585
839 214
2016 779
4574 3594
7143 2434
3385 1514
3359 293
7624 2707
7113 3723
9327 8980
3692 2196
1070 6004
2272 8289
2845 7427
5904 4374
9781 290
2320 4573
7481 5058
3188 1350
6140 9754
3817 4527
1539 1729
7445 8784
1884 4393
1944 9362
196 5598
6827 3487
9103 9622
5860 4452
7911 1609
9276 4854
3548 2043
2805 7597
6439 6761
6881 690
5539 2532
3269 6011
6588 9513
5349 8070
800 6651
1426 9557
9425 1163
932 6016
8893 2056
7155 3144
9452 3740
5319 3697
4753 5006
5599 5966
4436 9271
3658 1807
7899 3827
7390 1506
5864 787
1202 6816
331 8243
9075 3
1858 5400
6927 3667
9444 5727
9972 8098
9998 2903
5082 6386
5302 1434
885 2386
5575 9702
9501 5480
3343 7249
9589 5327
8909 5568
9193 5327
3522 9466
3016 4410
6911 8045
3373 9343
3451 4338
5455 5813
7814 3123
495 4860
6981 116
4794 6104
852 3377
5019 8666
9312 6712
7347 2159
7777 7405
9310 3633
3332 6309
3105 668
6183 1075
4787 6064
4756 335
2891 150
5946 5269
3291 2521
6183 4458
9763 6769
1394 9968
3015 1125
931 1576
1012 252
1175 1936
6113 2938
4442 5248
4244 5263
9794 9465
2442 4646
2724 7742
1320 3788
8784 9602
3314 4575
6302 2810
5245 6511
8817 8961
3151 6274
4266 5961
2903 2762
3620 5032
2030 9024
2460 8608
306 1150
4232 4098
8715 7149
7655 7923
6659 3232
3768 9067
9802 8952
130 2587
3707 4627
8084 7282
1830 2927
4665 6582
1934 8912
558 5508
5940 1266
6870 6835
6963 7780
6863 4166
1044 1237
3043 2368
390 6863
4469 5889
2886 3882
1943 9405
7712 2391
6647 2067
6339 4166
4998 8862
7636 3335
3353 6731
798 7597
1569 6720
7944 4619
9227 6334
3189 8205
3249 2594
4703 5911
9278 2135
467 4235
4238 3108
5795 3894
7782 9926
1149 4040
9316 8254
1565 3918
3110 8851
3449 1901
8839 2438
3610 506
2646 7404
492 2952
3725 1018
8860 6698
9364 1505
6838 8027
5711 6825
5007 2508
2672 5592
4751 8180
7764 1776
5711 3792
265 4077
9384 2130
3747 2847
5894 6128
2879 9453
3810 917
3809 9360
67 2557
9616 4358
2331 4925
4431 9114
8096 421
7619 7437
9360 3614
1426 5987
4335 5619
1436 6675
7566 7022
4271 8078
1955 4796
3261 1799
9329 7684
7593 3183
4169 1385
9019 6704
4819 5439
343 2024
8519 5600
735 4534
1855 8729
702 8558
3323 9443
4870 8787
5059 5276
6110 3258
3938 1610
4826 2072
9657 171
2463 9524
8106 3337
8844 7238
6349 241
2434 8005
4760 7087
3120 4546
6100 8582
5130 5866
8562 5273
9842 2553
8710 1007
1034 9088
2330 485
6853 683
3921 5763
310 2641
1925 9067
1027 1501
6868 1745
1771 2184
3825 9438
1606 3837
9453 8635
6280 4204
2928 4726
4843 9192
4774 4891
2798 8817
5431 2946
7356 8100
9412 5601
2204 8078
6420 4214
8822 2352
9112 5309
6899 3660
3227 8176
2568 9294
9636 7938
3063 7021
3990 995
8845 5904
7171 3035
9750 8225
4371 9732
5056 4173
5297 98
9557 2168
2657 9716
9818 223
6578 5150
3118 3695
2373 3541
9960 8974
7622 6125
5889 7557
2623 9351
4552 5579
2458 5342
8124 859
4041 179
2461 9023
5511 8136
7314 5191
3771 1981
8934 9709
7157 1043
2236 3428
4536 1289
2139 3495
2980 4111
7173 4205
7780 3651
8678 4801
7582 9328
4810 5995
5247 5996
4182 6426
2108 7565
7213 4735
2478 6344
1876 1580
5595 6679
3618 7027
165 1081
6018 5092
8757 6033
6109 4456
1322 3623
9417 8523
7941 7167
5138 7931
5838 3404
3372 7725
6789 7598
8322 3826
9874 3514
3246 8552
9929 3221
5956 5345
9407 4802
4923 3024
4794 924
9188 3186
380 4803
7777 2225
3119 6498
5473 1212
5049 5580
3946 2520
4980 1279
6788 5094
7564 5315
3261 2417
6344 3168
7273 4385
5946 6505
9514 5049
3067 2551
6864 9061
4911 1859
6926 3523
1399 5132
464 4100
6361 2024
3714 9717
5503 2902
4694 7459
2137 5246
5836 8969
7944 6660
6605 1603
5803 161
3182 9075
7454 6244
1755 6083
3109 1622
842 2366
3061 7967
7980 8919
191 8263
7965 1471
8708 5716
2579 8223
9308 9653
2056 6196
2233 1170
5013 2112
863 210
4259 6376
2588 9440
8311 5491
4441 5858
9114 3371
2612 1166
7245 7948
4499 9246
769 548
4817 8589
7588 8287
931 8423
4663 1706
4936 9220
1175 2367
7959 3504
3100 7521
6173 7584
4086 4354
3150 468
7668 322
5426 187
4524 1547
2409 2685
8417 8519
4921 5155
4810 7768
9060 8396
3089 5827
6891 6265
6721 8328
3400 993
4422 489
7438 18
1469 4692
9659 30
5982 4956
5770 6763
3950 1433
2181 956
56 7822
4047 4749
3357 3548
6120 3385
6694 6101
1486 5046
7802 2365
8242 2637
3758 8029
5041 8990
9931 5040
5026 1542
8052 2513
3721 8147
8492 6195
4189 4051
3070 6874
7991 2237
3438 8990
8944 3094
9073 5948
5972 3083
3627 5479
891 8219
6987 5572
5743 1533
3060 9569
5092 6676
7645 4983
1592 5822
2311 5509
4619 9647
9623 349
5641 6891
3986 3318
1721 7895
2707 8892
2746 8066
4306 8369
805 4661
5827 6492
9311 8341
5796 763
1811 7788
2421 5273
585 5826
960 4949
399 6602
242 8870
1956 972
5128 7430
8650 3347
834 9913
5151 6101
2885 654
7058 9895
8113 2361
9757 5021
1450 2682
6450 4562
3592 2209
8006 7375
6357 5502
794 6700
7876 5050
1559 6008
6075 5789
5261 9248
9702 776
5660 7267
9961 9338
1649 1737
7929 5815
3013 2128
1428 48
1584 4725
2797 783
7370 7514
3375 6681
1021 5551
3977 5029
3908 2980
704 3400
2354 213
2636 3309
8458 5755
4344 9926
6679 426
9664 642
1381 2861
3528 6142
4973 6687
2967 8549
2007 5767
585 5371
4240 2406
7801 6919
3718 3987
5493 5410
6453 7438
4244 3279
3050 855
6415 538
5952 3480
4646 815
2192 1733
507 6619
9312 6956
2672 4063
7123 2695
5390 4881
180 2999
4321 7067
6148 9434
4073 1303
7870 7813
4473 3674
8234 8275
9025 9528
1880 306
8015 997
4491 2001
5676 6591
8895 787
7539 4451
9657 2830
918 834
6742 3353
7048 7597
2062 5423
986 4910
1227 1589
502 8503
6727 1540
1107 6368
2183 465
8747 3548
6078 1094
2192 7344
7101 7608
1848 1118
5239 6940
2744 7857
2643 1389
2799 6066
1713 4865
4261 9244
2465 528
4662 3172
1871 2041
3920 2535
9331 3949
4391 2120
5468 5487
4972 7535
4884 5436
591 7390
8189 5068
925 6512
3884 6261
5321 6191
4422 7068
33 2898
2356 2463
5033 8942
7247 7783
3732 205
9516 6331
1350 9135
6713 679
7458 1587
8382 1706
9952 9113
618 2770
4683 7782
6634 1325
2592 7062
4214 1827
6146 8152
9133 2779
7388 9112
6571 222
6448 7736
3337 4937
5016 6652
28 1399
447 7210
4850 2418
7353 608
216 4079
1532 1770
9920 2785
8829 1994
4143 9881
7490 2599
1803 6205
9573 2677
3607 6868
8638 8061
1048 3828
9580 9483
4682 7156
4692 1428
2572 8638
6844 5807
7892 3518
108 3206
794 6163
2108 7191
9105 7123
9850 1615
8687 4920
7303 6506
9435 8755
8631 7240
9844 7462
5577 4975
981 2956
2844 7232
6602 982
2247 2812
7410 9786
3772 8224
67 6184
9626 2257
687 2859
3646 8270
2982 2628
7906 8088
795 6364
9239 9166
5655 5955
9237 8339
6744 3667
7064 3083
3072 2521
5434 7676
1055 4194
8897 8648
8166 8200
5872 7121
4597 3769
736 6134
923 8212
543 1575
7115 9437
9288 1107
9050 8863
7987 2950
1597 986
7354 5289
7763 3996
7856 4187
5402 5859
5684 4791
1128 7863
6613 5254
9185 7775
9813 928
1320 1617
6197 8759
8090 3078
9495 5722
3213 4981
8536 132
1094 2967
2362 2896
3050 7434
3826 485
560 2279
3943 1824
8024 1677
6563 7769
4448 8907
5128 2250
2734 8137
9950 9685
3702 8528
5968 9811
796 8413
9366 3218
421 2874
9576 584
6362 6732
4851 7045
4992 6526
9202 2063
4933 2913
9165 8597
7176 240
634 7304
9039 3762
9032 2591
5921 6208
6275 4454
1566 868
6772 5260
9501 1349
3489 9359
9869 4219
4932 1907
3519 5037
7970 3669
6220 3242
5638 6270
8682 2185
5115 4997
8809 1206
2800 8733
2839 8661
9269 2130
334 2474
5046 9741
4191 367
2675 336
4844 8102
2583 7917
7094 6600
673 9487
3856 1774
3042 5233
1020 7316
8140 1986
8117 6698
483 2947
3879 9113
2971 105
2475 2907
7511 4444
3477 8544
1240 7999
8262 6298
4709 8816
2224 2507
8758 1217
199 3538
8664 801
534 5514
1465 2640
940 540
7786 6719
1320 7
441 3071
9114 7453
5007 2215
3859 136
6137 682
2518 4832
3299 5397
3307 9422
7070 4270
6246 625
8305 8223
466 8204
3047 1389
4604 8591
4884 4444
6116 4716
7843 3439
1274 12
7704 651
5964 7328
9083 2074
7770 8064
3749 9016
5034 4388
949 7799
2754 1517
4001 2821
2191 2343
4745 7668
2042 2220
1792 2045
7131 7555
9307 2906
8278 9409
8596 7998
695 6347
313 6053
3114 8626
2457 3401
8346 7823
9008 6222
7265 6966
5486 1637
1245 371
2869 1625
713 510
5317 6554
3202 7692
5817 6877
3730 1395
9144 2326
284 7917
8362 7952
5972 749
1509 4766
4907 1179
7317 3342
8864 9102
2172 357
4133 5168
8823 6068
8138 5965
2045 1713
1446 7046
3717 2257
4405 6795
8827 525
6576 8218
8627 5375
9468 3739
7844 2485
450 8744
4614 3936
7425 7197
6357 940
78 6886
4218 3936
9969 5418
4525 1612
1507 1256
4520 1268
5457 8762
3176 2283
5722 9999
5106 1365
7041 7207
3258 7196
9543 5202
5198 7720
8773 2517
1512 3478
6372 7233
7205 1572
9285 3631
7929 1603
2075 6035
7918 9358
6170 3342
9002 1064
7662 8614
7693 7927
4126 159
609 2334
1939 3895
533 3278
8934 9416
3705 1068
5450 6786
6572 1228
9371 2220
5314 7679
2497 4573
8093 4986
3107 2812
1087 4968
925 6138
7809 5227
3664 7833
7248 464
1670 630
1109 2283
7804 4883
7270 4195
3158 2777
5126 4595
926 3330
1294 1282
574 8540
2134 2427
9453 4854
8192 1208
8911 141
3809 236
6923 1054
2222 7909
6696 1829
1671 3834
5484 8625
8789 9011
7917 2666
5797 454
4174 8470
8317 2785
8193 1029
259 9818
9344 373
161 7031
5271 4545
4387 3101
5396 5745
5102 5298
5133 447
7376 8354
1720 693
440 3413
6942 5618
1749 5595
2862 8619
9607 4166
6217 8368
8918 157
9392 5675
2141 5826
4823 6233
9111 3935
365 4178
4790 3841
6707 4970
4028 1828
1209 8475
9322 1903
1882 7817
514 3520
2386 2624
5366 3250
9883 250
7205 6378
297 8366
1911 3270
6890 4273
7445 2051
5516 6577
9279 1425
4138 1592
5294 1280
194 2202
1964 3281
8690 4413
4519 8050
1517 5221
617 3244
1054 3999
1706 8126
1864 3050
4510 3800
9460 4065
1110 898
6402 6562
8339 6815
3783 3471
242 1088
3917 253
2449 9338
9797 6087
2975 8630
2381 7891
6015 7055
9101 5071
1315 3932
1504 6837
1874 5616
6423 1373
2966 7763
8976 3844
1378 2002
349 7751
4960 4386
3463 2153
3099 6572
1633 5904
1227 5216
8588 2981
5630 6840
602 5164
1218 7382
807 6350
8847 4373
9838 2304
5196 4104
1300 9666
9237 394
1496 910
6496 2790
9995 9835
1399 9645
3698 3898
2581 4138
492 4245
3324 1213
7162 8478
4695 2775
5094 9462
283 3317
6775 4834
3447 9914
4438 7845
7058 7374
8765 4721
2457 9175
5377 8996
7555 8180
8649 6990
8857 6939
3635 6932
1854 7192
8955 1812
3781 6003
5379 2626
9080 7176
1674 5504
2130 5555
6641 9156
4862 3827
5987 4202
9316 8392
8695 5830
3399 2676
5807 8930
4685 8072
2622 9400
6445 8463
6021 6415
9283 9383
8696 9815
463 817
1990 2892
4894 2180
6123 2935
3944 6532
1461 3302
3722 1235
1956 1029
8107 2253
3695 2795
3111 9160
1138 582
6903 2494
9694 4379
363 3969
2008 6854
2295 3878
1099 4791
2038 1778
8421 6735
9751 4132
5587 2524
5905 1113
3400 5506
1132 6402
8857 9517
1567 4078
3898 9920
3743 5845
417 1172
9467 7756
1963 3297
2990 131
4082 8694
3435 4911
2559 7492
2062 1024
2405 7025
1392 1229
9621 2157
999 4910
1026 8985
5203 9300
7935 9070
9584 5658
4846 1334
928 3165
1200 1409
2132 1389
8799 1941
8114 1838
793 2748
7541 1976
6618 8875
1818 3673
5219 3013
1855 6184
7858 7510
3587 6779
5705 5912
846 9175
4050 2339
9464 1018
9601 3733
2999 3576
9778 8533
6101 9295
5139 4188
2986 2590
4489 5769
587 8133
4363 7350
5068 8859
3301 5045
9364 9832
4610 811
6501 719
7963 3897
2169 6882
825 7143
6797 6904
5095 3485
9603 2651
8015 1054
5442 7730
1662 4607
8883 5745
573 3889
1102 9114
1971 5362
3535 149
787 7790
5732 3547
3154 7627
2156 8525
1318 7426
967 29
2071 5943
3367 2258
142 4053
125 2194
6668 4400
6231 4399
1095 9074
4020 2823
4233 3870
8715 4067
74 2606
310 5357
9928 5043
3528 5744
5347 3332
7186 9466
3540 3125
659 8894
5783 6868
828 4007
5170 1915
1361 306
5318 1813
5600 7161
2396 8335
1701 6790
1456 6959
5251 3974
7393 6911
4564 9460
6713 736
4694 2336
6762 7044
9229 5577
8107 3221
2035 6262
5366 1453
8100 2050
4464 2813
2196 703
8722 7466
8756 7050
3 6122
3838 2536
2900 1987
6981 1840
9991 7970
5046 5797
7348 6737
3241 1499
7152 3415
5973 6187
1623 7607
4247 6193
8801 3
8336 3616
9576 2251
2671 9455
364 1755
4037 5755
6052 7419
7153 3236
6719 6916
6929 1276
4905 8948
4587 3943
863 8269
4244 6987
7960 8405
5739 6141
2067 7247
9500 162
7607 4345
19 939
1295 7899
2529 2582
8356 5372
3709 6828
4125 8958
4925 6567
9837 6348
9286 9443
783 9444
8903 8924
7597 9669
8440 532
5255 5920
6817 6296
2710 1058
9432 5481
7374 7153
4230 8378
5916 4848
863 698
8249 5101
7008 9247
4143 9133
7211 8852
577 5030
9318 9329
7498 6630
2068 6694
2603 3820
8389 193
7492 1897
5250 5926
8925 4337
8739 8119
8670 5316
5750 6249
6304 7589
6679 6712
48 1653
4277 8574
2914 4621
135 4281
5463 9602
4491 6059
3844 2276
84 6945
3006 1177
4181 5079
6858 5142
6025 5141
982 2433
1945 8142
9569 4789
4433 6054
562 2813
2807 7383
9352 6252
8294 3689
1783 3650
375 6370
9654 6590
2579 4523
4949 9539
5257 7440
4144 2918
7538 8257
7097 1344
2228 509
9211 9403
6935 3268
8270 5173
4443 8620
1267 4672
1616 4826
3096 2948
6406 3678
654 6135
2173 9847
549 8593
24 5739
8582 5445
3728 3390
9366 3275
9170 6369
3098 2994
7585 1283
7079 5649
3032 4626
7366 2673
6891 5598
3295 3508
7708 5820
6764 4325
6060 8
9733 1756
4089 7718
4347 2092
7521 9377
9965 601
102 7500
3753 1353
9319 6088
3116 4704
4958 7349
4214 5885
6547 6138
3834 2
6567 7544
8776 5287
5699 7734
5880 198
4830 5070
4665 3313
1399 9271
4546 5311
553 7557
1238 5381
4815 3257
7653 8341
2693 972
1488 8939
4747 1810
5908 1842
5239 2272
3535 8606
4815 6640
3497 5870
6530 8012
2108 7866
2093 6834
3216 6382
669 9021
5153 219
5032 7806
6605 9125
101 3841
1728 5366
4338 3453
9754 5211
8901 3080
7290 6195
3339 5634
8783 2270
1687 7994
9065 1202
2026 1044
2251 3606
1408 6327
6888 5626
7633 118
656 7254
3744 6851
9766 5221
2030 1917
8367 6529
6249 7396
1058 2538
8463 6237
2300 3498
6885 5328
9082 7972
2521 8570
7753 7767
833 3359
8360 8741
4284 2816
1114 2066
747 6968
3003 1147
1707 3334
7304 3218
2533 2164
8701 6001
1462 9165
3195 1317
4480 9521
113 9836
6206 502
7861 1823
8229 6191
70 340
8046 822
9878 9195
9653 217
9317 1022
6426 6103
3990 2719
1565 2877
778 8159
132 7984
6267 8675
849 3838
1372 5865
966 5177
5360 9691
6172 5405
374 1101
690 3027
4736 6831
3141 9725
4607 1725
1766 2759
1609 8437
8550 1644
6397 6462
5187 9921
2078 779
7334 4534
983 8914
5398 7889
9238 4647
358 8862
5463 6032
1299 6676
482 4202
8830 880
6335 2551
9201 9683
3568 2972
3308 4361
4934 26
3717 8730
3223 5943
4781 9583
4707 20
195 7528
6513 7926
5174 8531
2958 7365
5950 2336
3116 8705
9315 6937
1347 4064
2861 3268
3494 929
6725 8748
9187 7691
5355 8542
6256 9209
1430 9202
9085 998
2302 9131
1395 5983
7990 1963
8686 6362
4128 693
5189 9943
2009 4341
3418 2223
1050 2915
8765 1932
5905 8578
7077 8799
5301 7151
1794 3598
8224 4237
7541 797
1295 2719
3499 118
4772 7561
4061 6237
5859 5200
8849 9924
107 1241
5329 2002
5487 9758
7703 2256
7698 8328
5047 3070
7571 2137
4487 7577
1906 7976
198 1359
6204 5612
8031 3815
5047 6453
2815 6252
6630 1290
3586 6129
2061 1848
4798 9132
2114 4892
5999 7839
1398 5476
4168 2320
7210 818
8188 8313
5093 5293
6500 2348
8831 8190
992 8171
1357 2442
5123 7387
4125 9039
2731 9937
708 1996
4873 6458
5054 3086
43 8961
8484 1666
2407 4363
7642 9493
8384 4468
7456 4607
3693 3343
7666 1973
8755 6101
862 9229
2194 283
4866 2
6732 3795
3714 7603
3903 4092
3841 3214
3314 3697
5153 9831
7980 39
4088 3091
4210 4020
9029 1358
510 826
8655 9253
6637 1656
2836 6324
5998 3426
7878 9561
6808 2477
868 7889
5352 3251
8707 2246
2891 1500
5714 7050
7157 6768
8024 6353
5710 3898
1883 7345
2330 2372
4932 6233
7071 3237
7542 5074
2745 9969
231 4420
1602 8234
7452 6312
6605 8133
385 2608
4860 8050
2313 7279
5135 3559
3495 1772
9092 5820
6511 1301
6537 270
4952 4606
7846 3206
4394 9940
6101 6506
4174 4689
7350 2221
1994 5432
6120 4304
190 8152
1305 1423
4035 5284
9451 8540
6870 8185
8642 4429
9383 677
1645 7126
5496 4073
2509 3030
7213 6272
2624 7706
1827 6608
3353 8081
3059 464
3408 1372
7150 1759
2627 807
4559 7132
3590 7270
1262 5109
9633 4989
5780 7215
8010 173
4969 8693
4377 4617
2099 8235
5865 6764
8661 4829
4831 2343
7237 7016
9937 2367
3020 1640
3954 4699
473 7285
1161 6905
8214 353
9716 678
9611 3136
3117 4956
9278 6868
6436 2042
9085 811
3352 3318
9515 6057
4699 322
2610 2681
9153 4887
6285 1846
9211 9029
6155 5937
711 6295
8677 8341
7361 4988
4687 8606
1614 1373
3195 8969
84 5416
7336 6621
9198 873
1553 4103
9956 6150
8480 4794
4526 552
9691 4943
4498 4920
7175 4983
7271 5445
8513 4153
139 7008
1629 1654
6823 4531
4214 8544
6769 7678
8631 1930
4142 562
8599 8808
6946 400
230 5591
4184 3417
3590 9848
8664 1289
625 6120
6476 7052
6163 2391
1338 5238
6258 9044
6587 7822
1335 4940
7341 2777
6250 8402
1616 3647
3760 995
272 4662
1703 6275
3976 2313
1983 8544
6372 6298
4068 4531
1790 8903
4811 2360
6917 9804
795 1404
6085 6241
796 4258
1448 1969
9600 987
6604 2110
6552 1920
9718 5180
7445 2726
8221 2947
817 8518
9493 366
9224 8055
6945 1622
5689 8900
5225 1037
3881 8468
2150 147
1558 2487
2456 3637
9338 5309
4880 9670
608 423
735 1696
6089 8992
9456 834
4745 7001
9669 8297
9144 6197
2635 2067
2167 501
7829 4944
6676 9691
296 8415
4974 6272
5655 9639
1512 1738
5127 852
4347 9557
2876 2129
5615 3824
9854 4263
6208 4338
8875 3713
3522 6441
7396 9199
8876 6567
9528 5032
3495 8001
9094 1542
5324 6277
6138 2064
5890 9132
8013 7855
2899 4183
8833 6870
8649 899
1871 9376
3120 5091
9438 5489
5536 683
7693 9570
1870 9151
251 1825
9277 8015
5349 4240
6319 7710
4946 7233
7181 535
2040 702
9385 4350
9636 1717
2514 6220
6559 4164
215 3299
5864 3373
270 3006
7087 119
7052 1064
5780 3645
7492 1336
8667 5238
1881 3274
3756 9065
6422 4051
7425 3497
9968 6778
8784 9960
3020 4486
7732 7589
3127 8490
4920 7109
4824 5149
940 8062
3897 8142
6812 1203
3774 9240
5603 8270
8220 1112
2454 8397
3939 447
2211 2223
9761 2893
2510 5296
5251 648
6164 2830
3542 6638
1795 6482
3572 8732
9355 5588
7051 3821
3909 955
6460 9015
5223 1983
1044 1595
5095 9153
7175 4796
7512 1937
5953 4488
292 9315
3840 6453
9808 8724
2182 8998
5356 9867
6293 4529
9066 5054
4419 94
5912 4837
3921 7731
4131 9261
3988 3291
3642 2654
2241 6545
9514 8627
7160 7497
4192 6504
2297 9860
4069 5350
7625 2349
9454 625
4562 2250
8273 3324
2046 9460
327 1930
6061 8693
1323 205
1481 791
3062 6135
7702 7672
8290 3678
4527 2414
265 4435
6896 2324
3871 7213
5860 7656
4714 2240
980 6632
7886 30
1905 9605
8524 6733
1425 108
4547 7203
5240 4915
6161 1353
6195 937
622 1447
2987 3867
7190 5403
6624 6712
4669 5099
3602 8866
3169 8984
5461 2820
9795 113
6281 2559
8849 1174
2541 6382
5177 6444
1419 5524
5860 3468
5617 5962
7616 7093
2000 4523
3400 4571
4391 2502
3284 6840
5490 1656
6768 2273
9132 4845
4328 1399
9036 7766
373 9764
6445 6723
2372 6731
2209 5801
5660 9422
3418 8533
9457 9516
5035 9370
1859 5422
3240 9924
2366 6916
5907 9299
7753 3018
5902 2539
7832 1621
1553 7567
1276 2563
3012 4812
8017 7036
6661 4254
3674 3211
8576 2304
5193 507
5711 2190
3159 1075
7174 8976
4008 5716
8858 4619
4468 224
8571 2310
7521 3018
6943 2812
8417 8259
201 7536
6509 76
4671 3966
5911 2601
4861 3309
3271 5049
7932 7463
9895 8937
6719 825
970 547
7534 220
4106 5850
1523 4668
4663 6707
3173 1481
6841 5137
7407 7992
2264 8086
2634 6865
3200 9720
6650 6323
8902 730
2145 4422
9115 1777
3353 136
9488 7243
1548 6418
9139 6335
1210 9806
5687 9659
4885 1801
735 6315
4312 1939
6096 1950
6218 2879
7216 1981
5932 6457
9674 6844
7921 2736
5426 2155
9748 5103
6181 3751
5959 4870
6863 7720
824 321
6861 6893
1376 834
5047 8925
2719 2600
4483 481
3930 1995
7221 4203
2554 7636
9746 4626
3296 2611
2955 8734
9317 8650
4923 3382
95 2548
5327 8161
4363 2227
5825 5405
6152 7520
92 2250
1150 4813
331 2266
5064 6246
7870 9163
8302 4656
1366 6131
4855 6072
9265 4703
2166 3740
3255 8622
7773 2814
1448 1245
7989 9794
3877 1960
6184 3244
3947 2699
5220 3726
1044 7019
2161 363
6958 386
6121 2141
137 1619
8475 3271
2465 1528
7704 4148
9596 6156
296 5813
9658 1372
1698 8940
8107 8702
4303 7437
2257 4208
2808 1867
2709 7523
1816 301
503 6291
5138 7484
4921 9701
721 1266
3028 2550
3121 3495
8716 8968
657 3725
1956 5973
8492 7008
7186 4343
3333 6569
119 6301
740 8863
7999 659
9370 4473
6161 4549
7374 607
1498 1308
920 1102
2141 8355
403 9443
9882 5587
773 4058
9675 8492
4138 8659
4291 9655
3068 1575
6624 9908
9232 7922
4010 7161
8955 2918
2981 3084
9760 3877
4755 1653
1322 8437
4130 1601
4400 9598
7896 6546
7234 977
482 4259
6428 9215
7646 5617
7548 2830
6801 7511
5989 1971
7197 8265
8757 7814
1942 948
2009 2170
6302 6632
6670 2332
937 5593
7115 9364
3405 5482
5082 6370
1720 5450
2439 5137
758 343
8712 5038
6320 7588
1153 9540
8023 7445
1149 5634
7158 7906
4730 8547
4977 8424
7367 5047
5125 9076
8306 6952
1804 4747
2241 4748
7530 315
3569 5482
4539 8198
7480 228
5812 9225
9513 2441
729 7118
4999 9876
5894 4339
1174 7734
3189 2228
1607 3829
7168 8220
1641 9829
3866 1689
3282 8808
7045 2902
6207 6721
5804 4796
7041 6166
7662 8728
7949 5752
6915 577
9370 2513
3769 5139
9524 6363
648 1652
6168 2979
5380 5407
1674 1267
5564 7968
1532 8731
4421 6987
6317 69
2198 3896
577 6323
7402 7461
3047 8537
3274 7762
7565 9145
841 8059
4664 9374
3919 9220
426 5373
2731 9994
3853 4436
3166 9922
3197 9235
7077 4668
3683 4964
4185 6114
7384 3098
3598 130
5375 4632
9286 6548
594 3644
3066 269
9667 8869
2835 144
5326 8153
8037 630
2374 8794
6543 4330
2894 724
7247 2985
3234 7208
133 5097
3495 6017
5637 2538
6418 3103
1117 6021
6000 146
8317 6282
2636 3317
8375 4008
336 8839
3324 6320
745 376
9671 5204
2756 7556
9851 3859
7588 9263
5621 3883
2345 9153
6361 2195
2346 5591
2530 8152
8134 2791
6991 8226
6733 1020
915 7361
9972 8700
7453 3561
6691 7210
5458 8965
3674 9708
6508 1841
6351 9771
1034 6494
9365 6975
9406 6976
1338 6905
6500 445
1374 2398
992 6268
412 3707
8340 3017
597 2706
3147 1496
1361 1412
7589 2294
3325 9904
1830 4334
2516 7291
7440 8587
2612 7753
3830 4155
2207 9919
7245 1703
3604 8538
3812 8487
364 633
8858 5050
5594 5419
8416 1699
3376 9088
3068 4771
738 8953
2655 2912
7021 9542
9561 3480
2881 1912
8051 6647
8230 8864
1845 7244
9135 4769
8409 3911
8970 2258
7237 3690
5950 5239
1690 3169
1342 6623
5516 2503
4743 5963
5478 6183
3769 5757
1508 1408
6668 4701
1812 8235
5358 4546
2865 628
8444 3316
1240 4811
6159 5763
650 1562
1252 664
6945 6672
4761 3509
8962 8382
1390 5509
211 8281
7157 1832
3640 4007
9761 6520
3298 9905
6373 969
4962 4172
1414 618
3881 4069
6176 9500
1353 9010
3065 285
9821 3538
2567 6424
9074 8973
5886 3510
5524 8756
2525 6198
4832 7482
5944 1236
3590 106
9290 869
7412 1196
6631 1385
5008 6395
4794 1713
5922 5769
2607 5449
9398 1341
1330 516
5075 5338
1928 2128
9894 8338
6405 1981
892 7460
2521 2642
9016 4430
9890 5186
55 6963
9487 3261
7303 98
9328 2450
6614 2505
9353 4200
1543 8329
5676 8372
4786 7837
390 6660
7916 2018
6212 2690
720 1876
7261 4009
5524 7951
1154 1579
7134 5365
5274 1360
8288 4226
13 6306
6296 7649
9467 4837
2579 9012
7928 2378
4727 9485
6785 1397
3240 7940
2452 3952
4134 5184
4098 3275
7732 1685
7241 4831
2661 1093
2044 5820
8282 9672
5954 3347
5737 4810
6277 2280
6883 3810
1217 1877
8016 8210
8756 8774
9403 6141
7166 5596
4055 9213
6388 3050
466 3406
8881 1306
5140 3773
4238 5133
4988 4133
9783 2575
4793 3665
1147 2986
1155 1349
3791 1411
3019 8479
8406 4581
8645 433
6408 4052
8954 7604
7221 9790
4126 6770
6148 3189
9613 824
2357 6293
8854 8154
3570 8767
9485 5742
832 2012
4314 9450
9450 2523
9229 6496
8921 6343
7827 1871
3312 7196
3410 2069
7331 3919
3127 5164
792 8248
2879 5062
3223 5626
3089 2428
5305 2096
9291 5095
5296 4262
6677 8764
4239 4553
7138 7661
813 6092
2807 6879
7349 7881
2182 6827
5950 2019
1117 7257
9799 2303
1113 3351
2830 1386
6324 8087
5825 6454
1024 7443
3075 4600
743 1539
9024 2657
25 5460
7425 8815
3099 8377
6836 8420
5370 7752
8422 7692
4057 8080
361 1622
4316 9472
8022 3786
5369 1865
7459 4612
6203 5474
4954 3343
1817 7237
2847 8506
9258 4931
4063 8245
4865 3271
8910 1215
7949 5378
26 1524
6734 2077
2529 468
3332 4764
2432 6951
5130 7891
2652 5005
8371 9982
4145 1080
3802 4124
1488 1669
1183 1033
501 6863
1869 4744
7585 6040
7898 5039
2516 2111
2338 9918
9197 117
392 5415
1137 4071
2133 2346
2143 7198
9457 5117
6900 9320
3567 7640
2686 9877
3754 3302
3871 3887
8697 2396
7418 1554
3247 5191
3959 2953
6369 5870
6644 1379
6386 589
9027 995
3620 454
7281 1441
2484 2172
2497 6541
6191 9920
1268 5062
6342 3673
9559 7622
4728 6517
2326 4215
2111 6505
5065 5156
4698 3642
8741 7175
5501 5686
9983 221
5223 9879
1830 8148
6907 5522
7272 3957
7332 4762
9823 5601
946 9333
4246 9375
8564 2001
4592 6979
2314 17
6398 9967
9122 9876
1906 9082
507 3220
5944 5855
751 5832
3583 3554
2924 8082
341 7654
7313 174
1963 8835
2149 5053
8809 8598
414 6412
7369 2735
8088 2422
6842 3972
8643 6616
2951 3462
8675 3121
2057 8847
459 2398
8091 9486
1706 7866
5032 1959
9882 5026
6652 6477
3362 7877
4687 2678
7235 7057
6984 3274
8611 4799
5462 4926
3996 4258
3963 1866
2846 6270
4597 9551
8785 2885
8819 1715
8631 2418
6055 2407
4116 6245
6860 7530
7918 6683
3403 4094
8654 7505
4519 6635
4175 409
9330 3358
6452 9398
2438 4351
3809 8165
2390 927
7910 9424
1248 9216
6635 5318
1835 116
9338 6602
2581 3878
115 8199
7837 1217
242 9472
9058 1300
1104 8713
8886 2536
5403 9957
8170 114
4369 9700
6862 786
74 4411
6053 5343
6361 3244
2966 6348
9796 8584
4839 4896
5269 4480
1413 7189
7897 8034
4709 8987
9874 6962
9478 6962
6305 8947
4901 9157
2711 2796
8008 8804
7127 4625
6825 7670
9026 2142
812 2246
5237 1909
4053 4337
5357 513
1253 5372
8583 1572
3051 2083
4536 6965
3911 497
1371 897
5407 9675
5472 7818
501 6676
3698 2833
8245 8343
9764 7891
1863 578
4939 4322
2174 2160
1295 1060
1099 1148
2984 7627
5656 7346
5069 3614
8667 115
4990 877
3935 5405
6925 4467
7448 6494
3349 5281
9374 8086
2438 8807
2963 5245
3782 2130
6431 6561
7474 4682
3779 1078
2812 2043
2872 2848
4339 6370
4083 2243
911 7836
4824 3409
7532 5037
1214 5393
6780 9374
1460 1662
1494 7662
1874 7129
6035 5056
7750 12
3553 8844
90 7872
2237 4737
496 2144
2304 297
6589 9779
8425 2810
8275 6249
9889 2651
481 4495
2451 2976
4376 8130
5871 7284
1425 6744
776 8550
4759 4862
7808 1121
3627 3316
8148 9857
8320 2235
7633 1305
8013 772
8044 85
6210 7100
2447 5836
9443 9330
2528 4512
1876 385
547 8848
6672 8851
1713 8500
8031 4734
1367 7863
3898 2439
9084 537
8187 9411
8531 9221
5052 1300
7944 9653
7500 7727
9876 5398
3699 4481
4485 5390
6298 9549
1961 5569
8313 4797
162 8633
8428 8719
3631 3034
3983 7623
1362 3705
2516 6730
7984 4514
8732 2687
449 4906
3721 8562
9263 2323
9946 5763
5123 5273
4560 6099
1079 8685
5083 5874
1659 4076
3529 5359
3596 6581
889 7807
7572 6640
9721 168
2816 7372
3781 3328
7289 9735
7912 2544
5520 5848
3646 9327
1724 8608
8314 80
3453 3270
6639 5654
6288 4673
5018 1665
1587 5112
4264 5175
9219 5784
7683 213
6442 2107
9950 2098
7508 5285
8275 1256
7122 5249
4417 9554
4226 5822
5790 7779
9140 6430
366 4625
1266 186
8800 6739
9046 3762
4042 7398
1086 750
6705 9283
3692 9271
1638 6181
6734 1353
8239 1195
3468 895
7392 9432
4130 48
2377 104
7175 4479
482 2706
9998 4367
2185 2563
3773 4914
5423 1727
5519 7851
6202 7127
9939 754
7845 6933
3216 3276
7450 3371
595 9938
4671 3031
9208 3689
8848 3346
6726 7477
6473 9283
3928 8585
7832 2914
552 3825
9120 4219
3067 5812
6819 6887
5006 2728
5291 5341
2142 5468
9550 7186
9941 426
6594 1292
1952 3092
7363 342
833 6669
6805 5676
7118 3921
6371 9356
9129 3931
171 319
6580 6497
7884 9089
2523 4786
6203 4295
2371 7398
597 2413
6799 5080
701 6900
5792 8144
8507 5281
3242 7856
2707 4314
6633 6508
3417 6167
5166 2205
7210 2355
2526 4653
5513 34
6657 4623
7710 6842
3324 8605
1311 1352
7374 6893
6099 9957
586 8266
2957 675
8652 1848
3454 7897
6279 8612
7246 1231
6556 784
2106 9170
4341 2472
4597 6599
7331 780
1353 9872
6890 3289
5279 6404
4400 3052
7356 2530
6017 3135
8482 5759
3341 6680
6 1167
663 6392
2595 6301
2961 3426
8441 6889
7112 8936
9282 1089
1188 6213
5458 8217
1998 5264
7066 4804
2328 480
8523 7638
1668 1373
1184 5690
179 6171
2569 542
3358 7384
9485 1798
1921 5202
6437 9147
3887 3941
6707 6564
8732 8916
4007 8961
8052 9157
2195 1240
9533 3717
2134 3216
1656 208
9682 807
7197 7330
1011 9303
1880 3299
1935 3006
1785 6445
4406 8828
7 3970
437 9216
9750 8266
6326 7222
9743 7095
1961 1194
6875 1802
8466 7080
6224 6945
1334 4479
7624 9245
5795 4553
8424 7608
32 8349
1492 9202
6282 7300
1337 5127
2768 9746
1307 9422
9024 2096
7173 863
113 6998
3480 5256
3385 8402
8794 8989
2882 3617
912 5136
8606 8938
1507 8729
3100 9172
9134 9057
9228 8692
1100 7816
6172 5600
3343 5143
8572 659
6550 1988
8076 3461
2524 2596
6173 6202
6818 9912
975 173
6484 4374
7785 279
2968 9403
465 4043
7106 3374
2653 8079
9210 9991
5946 6196
7104 2547
60 6209
6326 1
803 4038
6410 4610
8086 392
5916 1823
2777 2638
6750 5432
7992 6392
2585 5851
4654 7751
1955 8838
2380 8078
1912 5758
8770 3626
9981 3021
1201 4434
8083 6860
4613 4717
9413 3503
6108 3871
7367 274
1080 6359
9874 2400
5527 7501
1005 3741
5433 7839
3341 4265
1531 3033
4461 1290
2682 2377
6828 3379
7141 1624
5037 699
2130 7499
3362 7771
3204 4933
1306 3854
2092 4763
9093 8601
7942 2841
805 6312
8900 8960
402 9305
7866 3785
968 1580
4364 576
5694 8553
7210 2168
5033 6592
9114 6445
5910 6865
9895 594
6899 3969
6183 7963
9796 6250
2701 6160
2451 5985
1453 6883
7205 2174
9101 1672
6983 3293
3942 1233
1351 190
8973 2426
2815 31
5484 233
3438 3420
1134 8823
8074 8221
9631 8253
501 959
9131 7149
7412 1871
3217 5114
2904 453
2969 848
7594 7769
8442 3140
5510 1804
2055 1447
6747 3174
7999 2570
6471 7440
4420 3867
5822 2830
4387 1475
4411 6033
4294 5448
5966 5992
9775 7601
4472 9692
1485 8649
7645 1291
2046 580
4377 6
5070 4888
4631 1054
8571 7872
4099 1947
1769 5375
3562 3994
5215 4488
3694 4113
3367 1274
8056 9089
7387 9519
8354 6302
8975 8864
981 606
9972 9993
316 7571
5488 6717
2253 1408
7504 7071
2034 9214
5665 1691
1289 8306
2590 4211
998 7376
4947 5612
6786 4576
3711 7850
2307 8060
812 2490
4583 7779
9244 3777
3162 9513
8896 9860
5622 5377
1511 2649
8228 312
306 4200
1422 6741
3719 7337
9667 1786
9236 9147
7796 3284
5466 1050
6309 2493
209 3486
6668 9027
7480 2489
5866 1923
7985 9572
3271 9806
8875 4445
3876 7671
2226 5196
1407 1895
2439 6243
5675 7990
6021 2211
4894 1009
995 7054
4202 3899
7820 8946
7973 9188
6075 8863
3699 5530
6911 9135
4514 4925
3428 3724
4522 8950
6370 5024
2428 2297
4795 7796
4974 5849
6225 2391
7866 7786
8394 3741
6061 1236
5787 8581
799 9744
264 6202
5690 8648
57 2691
5589 2180
1922 624
9239 9394
6149 6718
617 7229
7391 7678
3938 1732
294 1880
2977 5895
6027 9172
5239 7436
4334 5115
817 7290
8074 8839
8072 8012
9789 6047
6112 3803
4025 573
1809 5823
6089 9269
7767 960
354 8697
3644 881
6111 4332
9272 832
5266 2062
4213 4007
7162 2314
1681 9960
3207 4263
1705 8102
9812 8101
6916 8674
3332 9627
1498 3837
7406 6057
6408 6955
5102 4290
2072 6583
6841 6056
4069 6887
3360 2226
2167 9072
5751 1703
2481 3755
9549 9569
886 5151
1512 3893
2914 604
3313 5039
7724 108
7507 1571
889 1635
6116 6904
4676 1041
383 3749
4648 5409
6603 606
1415 7343
7659 5348
2365 2267
5422 8967
7236 519
5274 9069
3672 8540
1722 5773
9592 1695
3732 2929
1314 4258
8024 750
465 8662
6449 9938
8180 7679
1721 2138
4023 6488
8901 1023
2992 5748
2431 3237
5325 1837
3525 8463
741 7779
5092 2797
3822 6205
8457 3234
7562 5765
9267 8701
8611 7084
5474 2310
4278 3223
585 9868
365 5398
6714 945
893 1353
9783 3518
7580 2557
6616 7203
7457 7819
5272 8218
9811 8949
9509 8584
4511 2643
6503 2603
7419 8466
5738 6678
5989 4045
6359 2824
4697 4496
2183 6117
7661 7999
6911 3337
8478 4057
3827 2361
3020 575
678 8904
5253 5882
6215 2321
5657 9907
5664 4662
8119 6598
8270 6767
8651 9088
81 1451
6178 5822
8542 7640
8353 5489
4091 2592
3411 2833
4474 6494
696 34
4477 6011
6251 4580
5611 3496
7923 9288
4582 2829
9229 1373
3809 2879
1541 7939
5997 499
9464 4653
5326 4266
3956 9722
5424 637
4964 3096
3271 3203
2405 6472
3218 9958
2303 6195
8433 6542
5955 3656
2333 1873
7563 6659
1441 3921
8955 2682
8872 7343
5064 8588
365 9854
4916 6438
8708 6188
7899 9991
7025 6983
593 5517
2556 6991
9893 198
7905 6773
7062 6084
1678 6493
5155 4919
1757 5096
8432 3257
1546 8259
5464 12
9075 3134
3029 5898
4498 6083
5162 5309
2073 3989
6617 5818
4091 5170
1720 2181
4782 9225
8946 8581
6706 4355
3585 868
3345 7043
5042 3702
7545 1892
3964 7280
4647 6556
10 2284
6295 6706
2876 5252
9273 9915
434 9967
8254 4274
964 333
1989 1258
8737 6902
3738 3712
1673 8377
3168 7531
2676 1407
8113 3288
9484 7102
2108 8305
9644 2853
2300 8475
3563 8060
3315 4548
8368 1528
5040 6608
4727 1947
5904 2512
7609 5448
6771 2097
4713 3769
3684 3102
2226 9465
5311 4627
5128 5674
5995 5259
6960 7631
5142 3128
386 3860
7645 2072
2186 3650
4704 9318
8255 5973
1068 3665
7516 9017
1126 7053
9403 5019
9253 8458
36 2700
8501 6379
8690 9284
4758 6521
1903 7095
6939 9386
3237 5365
8834 9413
9558 8690
9457 2222
8232 4649
6000 4448
1955 6504
647 760
8675 8602
4540 7732
2978 186
9356 4799
4218 5237
4433 7111
5625 8708
453 7310
9448 1355
666 1941
9826 749
7792 6979
3716 1054
4151 7398
3968 5439
7385 6066
5934 6430
9346 6713
3284 8190
996 540
1961 3666
73 8193
8652 2360
4087 408
1936 5299
2626 84
5270 4171
6576 420
91 8018
3525 4088
9772 5774
3301 2882
3120 6254
959 4795
3041 1265
8772 4347
9676 8695
6808 2648
9702 1248
8530 1027
5715 1030
4192 6244
1446 1126
7927 9624
3825 4730
6065 8956
5411 4002
8730 7504
5927 8268
9956 7931
6930 1298
9237 2582
6059 4223
3413 3473
3571 649
1644 5248
5372 7457
9875 2115
6769 6076
8732 7550
5774 4993
4528 6543
5746 2945
9941 3866
6059 7606
106 6397
4858 8175
7540 8582
9262 6961
5293 8103
8629 7048
9713 1006
1781 4206
67 5688
1683 3671
506 854
4203 9412
7818 4362
3735 7846
3673 6968
8201 7510
1439 4442
6850 5102
9188 5699
4078 1769
7593 2931
5160 5480
2739 2374
4393 6476
1642 7430
7060 5851
7751 2736
7534 4953
5939 5595
9702 443
7525 7119
3853 5973
6036 8911
2110 301
8243 6581
4090 5162
8448 3603
8293 5944
3757 8894
2982 5865
2416 7174
2292 5418
8329 2568
20 5818
132 6813
5483 3258
3370 5223
9842 2301
7692 5138
6818 2130
190 7168
6389 5400
1808 4443
5284 15
1668 1430
3853 1785
8061 7075
1262 742
4189 7369
7766 9409
3630 3433
5966 9619
990 1717
7934 5021
3002 8745
576 6049
1106 2831
7297 1202
9628 628
5493 3922
3564 8448
3877 6693
4496 8428
6803 9712
4902 9870
8851 936
2872 7174
8916 1331
5824 9162
3367 4901
6111 6186
1784 2894
5240 9111
3993 1391
2752 5537
8352 9102
9777 7517
7504 899
6129 6765
5483 5836
6104 1982
1220 3468
848 8026
6750 6294
5315 775
8773 1403
3542 2808
5097 9183
6439 1679
1733 8190
8080 6320
4260 5276
4436 806
7548 7213
8016 2363
4965 6031
1554 9356
6060 8449
3378 872
6430 812
4432 6699
6715 3425
2224 5394
5589 9995
4150 6986
8350 1835
9900 7866
9342 9036
2582 6041
7578 8903
3712 344
2091 2771
3803 462
7447 3724
5332 4862
1440 1498
3391 1457
3919 7992
1307 1908
931 8976
7684 2132
1371 6996
6777 9564
7114 6705
3907 3444
7129 1321
5092 8034
4870 2737
5496 1479
9771 8745
1454 5718
9050 2569
7512 335
2327 8501
171 9638
7327 3965
6401 767
2970 9132
9756 4680
2942 668
3535 7598
78 4162
9746 3211
4768 5062
1993 1458
2598 77
6364 5022
972 1406
4645 3908
3117 2362
6389 6018
1031 8402
5883 1716
9367 3565
1456 1226
6822 2867
3334 4282
5794 5808
7685 5716
5064 8214
2108 8736
1053 9854
1736 6878
2080 272
5534 7574
4228 4909
685 8115
3906 8830
3498 7315
247 7889
3501 4580
2379 3722
1577 3034
212 8834
5030 3318
4710 3902
5119 8271
9560 6215
3312 7310
7080 250
9320 312
4965 1388
6975 2708
2131 7757
9717 3920
720 6796
8215 589
472 2530
3987 3692
1898 3799
7999 5660
1932 9799
3095 78
7630 9735
4677 8276
3423 5047
3989 1486
6408 9427
4708 7589
8209 6409
6687 5809
656 5441
9212 8484
8366 1108
6523 490
4036 3934
4566 716
2286 9923
9137 6620
8710 4301
8643 3079
8419 9787
1206 6258
2166 1870
3537 5684
6025 3596
1670 4672
8702 3659
9227 97
2513 6115
1603 3450
70 1560
7487 358
1193 5272
6888 5691
1726 5735
4501 2169
2658 5715
1994 6489
4368 2579
1252 5852
1136 8121
6725 974
2678 705
4117 8595
1657 653
7875 3099
901 7500
6340 4546
2026 1459
3369 7389
91 5416
7345 3284
8176 3212
2026 4842
7253 3695
7277 1837
7650 7303
5153 5895
2360 7347
2136 6141
8392 4907
4869 9519
5328 419
1533 371
8293 1114
6846 4660
9468 5016
6665 8786
2840 6644
1682 3877
7912 1422
7757 4517
2000 2466
8999 5477
6203 8166
6353 4727
4240 276
1507 8949
1619 3528
872 8209
2496 3801
4077 8391
7342 5214
1461 5571
4293 2539
3861 7046
3080 65
2416 839
7154 5163
9091 5416
495 9390
1648 5397
6123 8587
2637 5911
5415 6780
9675 2434
2440 2364
3353 5300
2411 845
8515 2223
1627 6398
720 998
6239 5887
3187 4449
597 8512
8563 8306
1803 1147
9707 6479
3673 178
602 5823
5919 1186
1681 3601
5263 5985
6096 2576
5379 9351
7585 1161
1857 4766
4938 9608
6598 7109
3914 9285
4564 6923
6020 487
6243 2222
7306 5883
8620 8409
6955 4148
7364 2855
8205 3471
9010 8594
9574 4206
2753 3187
5707 8254
2598 2118
6165 3470
8695 6489
5292 3316
3251 7601
6792 3568
8313 3943
8877 5971
4092 1801
5644 1489
1067 3684
7970 571
2772 204
872 9632
4456 2263
2613 5809
9621 238
2740 7836
849 5676
589 7065
3832 9983
2151 7441
470 2647
9620 767
1621 1991
7660 2974
7285 3851
2307 5702
6125 6673
7467 5585
5290 2839
5247 6175
9868 3498
4006 8069
9353 7778
6115 2952
7897 7798
5942 4687
488 193
6553 6561
2320 2150
5460 4189
882 6913
536 6276
489 6430
6570 6915
916 81
7256 3456
3467 1725
1686 1985
3680 2772
7454 7578
6539 4569
6534 4225
1193 2052
1401 8417
5269 1561
224 2190
6261 5756
7787 7229
3582 4866
7508 7814
4074 5328
1493 4973
4537 134
9399 552
1934 8099
4825 766
9825 2646
5752 402
2395 580
8706 6223
3819 7438
7659 4950
7714 8821
47 9094
3388 1967
6743 8132
9257 95
1483 6887
6397 1079
9672 9170
1661 8879
150 2776
8732 7794
6860 5684
6151 1023
1887 8633
3847 3420
7885 8861
6765 2414
3840 8665
4645 956
9073 5054
8223 2440
312 101
9847 3694
6944 1598
6644 7722
7604 9750
7754 7065
6687 3662
7719 8010
7034 7907
9331 2087
8458 8349
29 163
1023 8191
8965 9843
1186 9875
9463 7087
3632 6807
4563 3933
4470 1490
9449 2493
4347 9004
7561 7020
7499 6142
8017 1409
4560 3635
8302 4022
9143 8802
7949 6378
4678 5576
2479 2105
5223 3390
3251 4836
642 8849
4661 7824
2815 519
3431 3491
607 9794
6170 4432
1355 7967
4187 5689
7229 23
8003 9997
6790 3359
2626 1751
7641 8827
5203 4616
3716 9487
7281 3596
2735 1694
8366 4572
5781 7481
5468 2820
7503 5860
8246 2935
3330 6418
2793 8465
8240 9536
1177 4820
7249 1779
2856 6535
2608 6433
7611 5578
737 1515
3625 8214
3904 1213
4253 6285
3002 2573
2415 3759
9624 3382
9820 1042
4811 3580
2132 6854
5981 7138
5673 2821
5467 8580
3551 536
9879 1622
9748 2859
629 642
3581 9046
4806 203
8852 7417
7686 625
3298 5725
8876 5559
9719 7002
3668 5258
4483 4653
1176 3440
4300 4946
408 1582
8530 8305
82 8767
9077 8474
3144 8641
5964 4848
7301 410
9647 8038
6459 8991
2944 1413
7928 6924
8274 1145
5183 7666
4058 875
4899 1491
6836 8160
2249 3251
516 5437
7639 3788
4929 1333
567 1238
6303 2412
5520 1774
4114 7573
8298 8305
126 1495
702 874
5265 501
1810 3554
3124 418
4681 450
2088 5750
5259 6348
7664 8921
214 6977
8218 6097
1151 8055
3551 3114
1899 6228
8334 7211
784 125
7974 6868
3046 8082
4546 1164
1557 5710
8434 7792
8083 6811
4017 1574
7429 1857
20 6330
3755 9710
3977 2175
5836 8961
1729 3723
5552 2786
9299 3517
5782 5692
8666 3604
5274 6979
5336 1441
8696 4944
8228 3378
6114 7370
9295 9410
823 4560
8949 2357
9436 8891
1812 5828
3092 856
4704 7765
7314 6606
7319 534
2615 1456
7509 6293
183 443
3900 9633
8458 8162
4860 5245
1245 6885
1610 5320
5579 4178
285 8267
4817 2165
5560 5656
8273 8382
9584 4975
5045 4244
9481 1844
4947 1457
243 2379
577 1501
5788 2073
2863 1908
8121 2326
8269 4476
5478 1093
4883 3916
6462 7679
2957 789
8556 7916
8303 8224
858 6624
4656 527
887 5110
4099 3053
9479 4400
5217 6421
399 5521
2722 922
2919 7852
6245 6863
238 3883
5995 5934
1935 542
7177 6843
9880 8127
5116 4834
1077 8590
3281 5989
8171 2039
139 1625
6202 2248
4777 8751
2465 707
2645 5778
7810 9415
1877 3166
499 5351
9750 2769
557 8739
371 6105
6324 5062
622 9888
2148 8355
1833 2867
962 9956
9707 9488
6223 1223
5070 1806
6880 32
7398 961
1396 3243
6934 6684
7899 2640
328 9037
2539 4197
8733 6249
7026 8902
488 624
5434 9815
8646 7004
4498 1765
4369 3829
1726 2596
3007 9900
6054 8742
5149 6421
1875 1938
5550 6765
6088 1156
5520 8808
3347 3552
1621 1267
6147 1736
813 8678
5959 2439
6568 9902
61 7353
9873 7282
1346 2725
3835 9907
2806 5830
2209 7826
9556 5885
4325 9542
1675 722
8192 8877
150 9273
6168 9379
3016 9989
6595 2276
6202 8209
3360 4137
4917 4169
7677 5987
2386 3177
423 2457
2382 6441
2043 6975
1542 8679
7235 2609
987 7868
522 5065
1322 9844
5990 7013
7172 7922
18 1590
5956 1767
21 1107
2344 672
6461 182
4117 7684
7448 7039
8017 9411
1790 9131
3063 9404
2712 8423
1413 513
1498 7976
6109 4611
2903 4958
9806 1091
3025 3635
5322 4231
4360 1376
7777 5413
9924 9448
6662 64
5734 8871
5827 9062
7190 2435
6601 2040
9550 6763
7571 4756
4455 1613
2855 4163
6941 4360
4563 4364
5808 9759
9116 7410
2537 2541
8553 8236
9598 14
1475 6652
5124 6094
3252 4738
6999 5469
2536 9486
8641 8083
1913 6097
2479 2536
139 5276
3530 3928
2284 7730
7087 4535
12 8884
5282 4401
9317 3909
7608 9899
6196 9467
6799 5007
3867 3671
8024 1856
4271 1280
847 6652
9589 5913
5317 3082
1334 2983
7332 3965
3292 4113
3708 5489
1863 8962
9743 8982
8675 3479
4132 5258
5092 7286
6210 74
2918 4811
7574 6881
5287 6973
6650 4510
7293 4387
4629 8693
8609 2078
1816 5359
2567 7213
671 545
4468 7055
4246 8928
2066 2501
7692 8041
6756 3401
9691 2756
1117 4045
6072 490
5144 7045
1875 2906
872 3460
5070 4652
3979 3107
4887 2693
8536 2889
8956 1031
5855 5336
7901 2149
8558 4368
6436 8499
8604 579
3137 5649
4878 4078
683 7321
7340 769
2008 4374
8745 9829
8024 7817
142 6216
2547 8035
8607 9895
3192 3077
1855 4509
9045 7088
1538 8774
3064 3831
1570 7531
5240 5598
8072 3320
3316 4052
1993 2938
6767 1257
1505 9765
8785 2438
7570 5553
3688 9293
8382 5431
2427 3395
7044 9644
5738 6979
1373 7367
4016 2184
5734 9489
5939 9921
712 5406
5763 7975
2202 4216
4884 4623
6782 784
7720 8880
6187 6990
2887 7702
9332 9373
1715 7481
4317 2297
6400 8037
8611 9613
7463 7534
8143 877
4442 491
6682 553
3693 2847
6970 1185
6337 518
4716 9361
4876 7364
576 8147
9511 2141
1443 7732
1895 9519
5062 9217
6177 8904
5083 1426
8450 2690
7362 662
6018 8093
760 7675
3991 9078
9067 1346
2100 3508
2678 2990
420 1568
3837 2195
8128 9994
38 1274
8508 3045
9272 8167
5863 985
1066 5880
1498 1373
7605 7186
6967 6175
91 7701
4697 3992
7276 1268
9488 5698
90 8230
6473 9023
1089 3770
1855 2549
1278 6675
6348 626
4154 3191
9927 9128
7049 4645
9764 1028
8394 7238
6307 8172
6184 9270
9603 3554
6671 8634
4863 4819
764 4360
6416 8115
8824 9451
4433 9372
815 4325
7038 7115
9842 9205
5241 7596
2901 3920
9406 9806
7253 8208
596 9098
1279 6122
5818 437
279 531
6354 7587
4353 9793
3522 3449
4984 6627
3611 2740
9578 1403
9423 3744
3294 7005
6881 9733
3786 6713
3674 56
9107 5201
9676 7573
2205 5506
7766 3481
5899 2469
4723 4758
8794 3923
8135 5041
7106 4374
9039 721
9474 7065
6640 2100
5955 1997
4869 1550
5216 5041
1309 7061
4679 4836
5388 3835
2781 4511
3175 7848
9744 5613
6732 8455
4989 9199
2522 6502
4055 1976
4425 755
8036 8795
4010 8649
9841 2513
6780 4739
1584 5953
7430 6541
9651 2389
8093 8548
4017 2623
9958 6481
8031 1254
9523 891
5469 5113
3129 7853
1556 7288
1618 1750
9326 9422
8051 8322
6184 7310
8792 9488
3878 2464
5554 498
3229 2018
9483 7127
5591 9425
5742 9594
1143 2396
9570 2585
1222 245
6638 8419
3754 4091
8260 8846
8360 382
2164 5831
7821 5766
5247 166
5956 5581
1076 3803
1004 2237
6110 5267
413 7431
4704 2398
4301 7643
2491 7165
7358 7927
622 5326
6727 7306
2126 5697
8843 3360
9612 8072
1830 8587
1064 2638
4106 1890
1674 877
4452 8162
5939 285
4820 3862
5532 2378
2514 1268
3751 6802
4439 6422
2937 3845
7923 6019
4158 3928
9941 784
8172 2559
8479 7405
6294 634
5480 4847
8351 1743
3182 6278
2127 5144
1287 966
2964 8270
9600 7257
717 1375
9495 3299
997 3644
3012 5308
3237 3706
5575 4303
9205 9387
1056 4224
3888 1192
2802 745
3765 7208
8118 4551
2046 8346
7588 2107
2223 1068
9891 3649
2420 1582
9238 7965
6877 9828
9479 4644
8856 5419
5618 593
3935 1388
6765 4699
8446 825
7021 158
9049 2027
9653 2730
1696 4153
4927 5556
9187 7626
2690 5765
7910 9863
5515 5726
3027 2152
4742 9940
2738 2049
2464 9394
282 7058
7567 75
2121 6022
6665 7851
2656 9564
2592 5607
7690 2360
3333 9025
8094 6385
682 1515
9861 3783
905 9666
6572 8791
3487 6459
5873 4094
8281 5430
7982 4639
4102 2790
1889 6803
5430 3524
2503 8948
1197 5529
2136 7434
6766 8283
5277 5911
5934 3966
9628 7345
5089 6614
9034 6606
6171 3155
9106 2510
5672 24
2220 9010
1036 7274
3720 9262
5014 3996
5265 1363
4903 193
7537 3592
968 165
4555 2893
9844 9040
1522 1505
402 1474
1276 4482
1445 9364
1553 6453
3177 1291
3211 7291
1590 8964
5762 8935
1361 9666
1051 8686
6254 2227
3955 1558
5882 369
5629 2929
212 7362
826 9507
9391 3968
1519 7219
9394 7649
1615 7681
5374 5039
4901 2375
5615 1718
8445 8439
5773 2304
4561 9854
1626 4083
3876 4833
4086 6363
9905 5128
9841 7587
1048 7984
3428 3919
8665 9876
1038 880
286 5971
8390 1535
437 5386
3486 1645
7789 4543
3422 4104
2434 6444
6326 3392
1961 3780
1527 7460
2492 9832
9560 8476
8443 8716
4854 8571
1831 7871
4632 4028
9212 596
313 597
1369 9503
3697 9412
4700 1688
5233 4403
4567 2098
1425 4150
8708 6920
8749 2757
9635 6556
9583 6366
5290 8320
2759 8082
4220 1990
5467 3294
5037 2212
3292 2129
6960 5785
9104 6139
8737 8789
1428 634
8396 2080
5827 4768
8077 5518
2093 9160
8445 7634
6426 9234
9184 7973
3551 2016
4672 4901
816 7610
8595 1916
1463 5731
322 659
1874 347
8415 8896
6703 4789
5638 4465
1342 1240
4239 5773
259 5972
3241 255
8086 2978
9118 7326
6662 5919
595 9304
9081 7444
4043 5080
2890 9073
9521 7716
8119 2337
6594 6724
8152 3948
2076 9499
6811 8644
9521 4683
9175 4046
9535 2137
6893 3758
8773 9893
4188 1647
1693 7482
8272 5181
540 5059
9936 5864
9851 9698
6434 2655
2599 6241
3929 3638
3039 6513
4684 2982
9196 5273
3551 1211
3714 2895
1692 4224
9785 8297
3997 5435
664 3001
3988 1185
2584 1395
1529 8929
2274 415
7406 8830
1771 8462
3175 5246
752 8483
9625 8015
9828 7620
2247 1975
1454 4059
9014 5417
751 9012
5724 401
123 3027
1176 1082
9274 9663
4006 2141
6903 6674
8388 5140
5437 6006
3725 2653
5631 7003
2083 3449
3167 7987
4849 9219
2134 6420
6299 8630
1192 8381
5172 1766
5207 9866
3433 4881
7760 5921
4609 5975
9249 7512
7265 5161
1282 7493
9618 9072
9993 8195
7634 305
8274 7081
9857 2672
2737 1586
1333 1796
4633 1084
8221 7420
9062 8036
800 4716
306 7591
9511 5418
8800 9756
4698 4862
6395 1521
433 3202
7055 4011
7764 2256
8030 7071
8837 2441
9852 9094
270 4901
8026 3919
6243 7516
8209 6255
8391 5737
5805 874
5117 500
2343 2756
9574 9500
6049 1234
2683 9994
6484 1162
7628 5751
7796 609
5601 320
6757 2260
5244 5910
2925 3111
1290 1668
8475 897
5450 5786
8442 4921
1221 3029
7511 1379
9431 6189
9279 8801
9933 923
5189 4698
1276 6873
8091 7323
4163 4302
560 287
8301 4689
7024 6926
1393 1042
8961 9
862 4789
495 9691
5655 9574
2102 9086
2632 5868
5787 8939
8774 3566
1274 9429
8423 2585
7342 8898
7087 7625
7949 450
6150 4268
7612 7446
384 4383
6762 8996
8231 9181
3185 540
7044 7928
7506 9679
7671 8026
6633 9525
3871 464
4492 3026
7565 3843
9514 723
9524 1411
155 4681
1580 3096
4078 1696
8811 5676
4518 1214
2582 2317
6775 2411
651 6016
5154 4838
8732 6322
2610 3584
4139 7984
4848 6983
6121 7256
827 765
8180 9192
1490 6936
4742 9216
5617 8662
7329 6353
612 22
4874 8554
2723 7783
228 6448
932 4349
4175 3857
8349 3901
5212 1379
9315 3465
7531 4208
684 4220
3550 7188
6716 7442
1919 1757
9424 3408
3639 9889
7782 4958
9141 6503
9547 1529
8764 4301
4264 2744
3168 7271
6088 676
7528 123
681 6551
6907 7360
7926 169
1086 7768
984 7491
8701 919
1328 1639
2663 2790
9093 3429
1099 5751
9748 5575
3029 4833
5549 7164
7820 6539
6599 9085
8507 272
4787 7780
5229 4715
2094 7184
1958 3913
8315 9901
2579 59
8241 4502
9177 2726
6969 7083
2246 3791
2547 6937
8985 5185
8178 4153
3572 1446
8558 3620
9265 1792
4812 6497
6307 5651
3669 4762
9835 7018
1451 9185
8364 6006
1048 7260
1490 8359
8180 4199
1786 4745
1765 3868
328 1686
3259 9967
3068 6235
4092 142
2194 3227
6769 205
8300 5432
5872 1909
2599 4444
2494 6902
5072 6205
4081 2612
2209 3508
3957 856
9402 7516
7475 1535
8060 4440
4044 2730
2208 3283
4295 97
6354 2033
5139 5148
3356 8745
2619 8452
9763 7680
2015 7025
6086 5436
9050 5529
4719 4747
7711 4636
4293 6036
3321 6657
1974 3237
8864 9688
5254 5256
4469 7955
5116 5322
8786 3389
9133 1218
3754 9141
6765 1910
295 9042
8452 7650
8996 8302
785 1507
1876 800
6542 3558
69 6255
9475 7748
9404 2620
2460 70
4015 3439
4132 4778
9364 3221
3080 8823
1394 6691
7440 1675
6153 9640
1177 1738
7123 5940
8501 4509
6500 6715
8964 6485
7121 2861
4786 2535
9309 2733
5722 4169
9426 8236
4536 5770
424 188
4403 6180
3571 9033
3623 2807
864 3843
7825 4118
3871 5538
4838 3075
6300 6253
4648 8613
4125 7340
6076 6545
1943 4250
5616 9004
2978 8115
1726 51
2746 2130
4143 749
1777 2268
7477 3785
5944 1895
5919 9944
6067 5678
9217 1989
1223 4311
9091 9986
5346 3666
1799 3720
9808 178
496 3982
1621 8521
1278 1739
5166 7613
7310 4961
8585 2651
3542 3353
123 2653
7489 762
3103 2525
4847 8799
7865 9909
1738 6827
4656 5821
3008 3419
798 7703
3188 8490
8461 9940
6214 9461
4158 4790
3506 663
8581 8544
5146 171
9199 4392
7012 9626
2027 8808
3687 6309
1342 8705
2583 395
6378 3826
8683 8447
3963 4672
6014 1829
1396 8187
5425 7850
9468 9131
4265 9174
3895 3225
8584 1271
4397 4375
8375 1097
7098 3334
424 1611
3921 7829
215 7853
9150 3345
8336 388
6999 2574
5533 1906
5070 684
8580 748
1055 8244
7960 1794
4560 4554
3777 8080
1480 1068
7760 4392
6868 7194
4492 3107
1317 9183
2258 581
2621 5359
7163 9771
6482 742
327 2028
9881 6425
3370 6386
8721 6995
4736 9856
3287 4631
2432 5837
9275 7554
1934 4025
2116 9923
5411 9621
3324 5637
4630 9056
3945 8953
3052 8147
7964 7174
152 2562
5790 9617
3142 8040
1087 6977
2324 7593
5555 2580
9849 9896
1389 145
9073 4013
7180 1026
7949 76
2417 587
2778 8702
6606 3945
9748 395
8610 5420
6107 60
4248 9489
1502 961
3116 2281
6755 1035
5944 8929
9032 3608
849 3025
9530 1606
5235 6897
4201 2476
9717 1432
1967 5612
472 42
2777 4663
2632 7722
1025 1911
2415 9939
1460 1085
5749 8057
279 3784
8837 3490
5243 3755
5039 9587
5970 7467
2046 4565
8448 9572
8269 939
1507 3533
9573 1279
5514 5157
4285 4402
7179 3002
2504 8826
2900 2410
8290 5199
3025 7774
7761 9773
3191 2559
2775 1183
6985 3136
7852 9137
3561 1338
7876 3115
9500 5123
2331 3421
840 7392
6597 2273
4637 5234
965 5586
959 5771
5754 4213
9217 5185
8023 6925
6249 8356
3575 7810
6369 2796
734 6592
457 1588
8392 8485
1602 2615
1260 9267
5776 2632
6576 6657
17 3918
4494 3771
6515 2971
5202 8961
2838 7143
8913 7783
9720 3153
9785 3548
4825 343
4210 7395
2656 4628
2018 4371
8970 7536
782 6609
6668 180
6265 9589
534 2343
558 7655
5573 1899
5602 385
1341 7512
6659 5729
8240 4657
8205 7854
6958 134
5127 1031
6398 6893
5371 3643
7311 7577
2941 7621
5623 8028
4040 6775
4193 9269
9857 8877
5653 3706
5687 8952
5142 4722
1361 9268
6483 9825
2505 7441
382 1548
4991 3772
4777 9670
2685 6096
6508 5159
7948 4606
3863 3099
6639 7305
2114 9690
3329 159
725 5270
6529 3003
4550 996
8070 8918
123 506
7091 4204
8149 6767
8217 5181
6283 9363
6464 1073
2085 1755
5784 1314
5849 5873
6028 8090
3452 8079
1981 7067
737 5280
6468 8362
6955 1310
2538 2262
9705 6547
4905 1345
1352 3863
8272 1855
2635 4824
8053 7409
9555 9986
448 8560
6936 479
5561 6345
3402 795
7946 2624
5060 8049
6674 9369
6639 6150
7575 3620
4711 7114
5831 4893
8663 2615
9773 1204
3520 1955
6851 556
8659 5125
2408 6703
9438 4863
620 9956
3402 1145
7347 8307
1810 8474
7870 3918
8009 290
3114 4650
4943 2926
2556 5820
4103 5164
619 3315
6876 5689
6069 3903
9091 7384
1359 7262
1152 9413
5373 5139
3974 6447
4760 7356
5541 751
768 6040
9708 378
618 3063
3880 6031
738 8083
8355 2805
478 6466
6780 5577
1580 9301
5186 6417
8880 9042
9041 9899
354 7339
390 7750
237 338
949 9434
9996 5167
5605 4334
7325 9056
4020 2254
6795 5858
2688 4784
8823 5475
9167 5285
7908 2466
5578 5894
9124 2205
5087 9040
8907 4422
4679 4519
8616 7656
5329 8573
7502 4407
2935 8044
690 1222
7565 8893
4643 8245
4082 9898
2211 4980
8015 2713
4014 9205
8176 9986
3391 5816
8453 6322
2228 2705
1677 5046
2479 72
5816 8287
6807 6218
3092 1238
8052 5197
1667 1325
5610 7660
5801 58
4302 7578
4343 4169
6492 1861
1380 7684
3467 4498
938 169
5547 6557
1994 2659
9473 2335
9660 8577
890 7268
8631 4500
9474 5943
7824 2714
8712 3176
2029 5097
4052 4370
1531 4066
3425 9907
495 9398
4118 1957
6100 6891
2834 6433
602 6986
7378 1846
1870 6915
4270 9144
9547 3196
3917 7336
5507 3344
6503 5783
4354 921
2611 1665
6959 5834
2544 443
4140 6819
2473 1731
425 4091
9119 1406
5184 7794
8671 492
2793 366
7206 2678
2782 6623
9159 431
9095 5142
5053 4463
2284 4811
7657 3489
9804 6770
1970 7095
4172 3667
8709 8489
2673 7777
1429 2984
8617 8900
2399 38
2464 6849
1524 5473
6448 6769
4012 3385
6195 7077
5591 732
7084 3977
4066 3621
9334 4727
1323 5190
5908 6266
9322 960
8446 3541
5685 7914
7043 943
327 3882
8293 5928
4742 2857
3935 1071
9480 7181
5022 5126
5177 2785
8421 2141
6986 3038
7445 7524
4062 6481
3142 3128
9160 2480
8131 4819
9781 5796
4435 4777
1216 4165
1025 1187
8600 7741
3705 4931
6982 9685
4823 4135
4238 1230
9771 9989
310 2373
8682 5861
934 4452
8998 1371
870 495
3583 3221
6838 2766
8219 7268
673 3364
5725 9541
3817 2112
7526 9933
4322 6943
6311 6632
8264 3254
2199 1050
5067 4845
1574 1752
6925 2361
2919 3591
5659 8140
6614 9824
6456 2822
4207 4926
3864 7970
416 2368
8227 6755
2630 455
4583 1241
4653 6144
5104 189
4175 9525
5486 6118
3361 152
2433 6707
6253 2089
7213 4117
4355 1764
3305 6636
5819 5769
1893 2821
7151 3239
2797 7923
23 7927
7519 5328
6135 6914
4226 5676
4446 7894
3415 7154
9726 5627
1951 897
2009 121
1940 2236
9596 9718
3275 4141
1939 9181
8720 221
3464 9675
6324 3029
1692 5517
9725 3123
6051 7566
9313 4118
3714 7571
2119 4803
2265 3874
8185 9861
5950 3727
7401 3363
8271 8881
9900 4817
8408 9344
7369 3825
500 6522
221 691
8278 7019
2268 7528
2144 2766
1607 4813
2890 6528
3009 1524
6144 3219
5839 8999
3226 61
2513 4326
541 5018
2600 538
9692 5992
1266 5651
9064 7
3721 3423
8671 3688
2943 7293
2075 7483
9247 2343
9007 9272
8754 8826
5361 2177
2005 5209
5613 3152
1912 2766
6948 4303
3204 8007
5382 6437
9372 4674
4831 9532
2861 471
7338 4488
3699 1570
7403 5637
9053 1696
4830 9307
2831 1760
3576 416
3636 467
9680 1794
2605 6143
7503 6218
4067 2905
1742 6677
9371 3668
338 7641
3296 1530
7217 3380
7869 1091
9861 7467
8607 828
1826 9788
3531 6308
7123 9380
6955 936
2450 5451
4571 8265
7738 1547
9347 1769
1322 4778
2631 7714
48 4280
5994 9236
786 8181
1316 799
9566 352
7604 8148
1972 3547
9625 932
9585 7949
6670 2056
3803 8285
9330 260
9252 5265
5753 8019
1525 8870
9610 5912
6217 6433
9150 4207
9616 9864
877 7114
9492 1692
3785 3168
7556 8457
4631 4128
5624 2132
1403 6406
9074 2118
3196 6156
8170 6815
7449 639
7607 8395
7798 4957
4843 9087
8071 6809
1825 7977
7844 1168
6918 4386
8499 8976
4710 9497
3504 3276
2843 7731
9123 5393
3171 7038
8281 388
4353 1531
5261 3369
4170 8994
3117 3769
2174 5128
9180 2894
2368 1961
1494 5369
6313 8369
3701 7203
805 1360
6594 7830
9111 4228
465 1669
6903 8585
9887 3695
7161 7123
6466 6332
2412 4138
2606 7387
180 4691
6304 1840
1826 8178
8180 4069
1814 247
4126 1875
791 9948
954 5216
9758 8361
8457 6040
7819 5029
1129 9943
3312 8717
8854 6642
1572 7480
5545 5356
39 4836
6768 6266
8540 4762
8466 5779
6544 896
3703 5340
8720 3417
5353 2153
8227 9146
4648 4027
6935 3935
314 4482
6871 6394
7380 2299
2261 6951
2744 3133
5266 6291
2513 7172
8117 1811
1045 3425
4097 5617
5685 4962
6332 2329
9164 51
7147 8140
8303 8582
9793 3228
4849 3909
9849 9953
8103 600
8365 8679
5151 8411
9695 3070
2262 3739
7573 7201
6730 5758
7920 5030
1005 212
3460 8564
5707 2627
8791 7740
1620 5211
2120 9698
3558 8318
3119 5238
5287 2980
3088 3673
1899 1593
6885 3767
6790 497
336 7408
6958 8217
8208 370
1796 310
3007 6875
3696 7097
9634 858
7583 4455
539 3953
2344 1835
9632 4949
6605 6759
2291 7836
1500 167
5174 7775
3831 9392
1133 8452
5818 2592
6485 8505
1318 7451
4290 1046
3357 3093
2278 3817
523 9462
6280 179
1875 2646
8623 1874
1090 4591
3323 7646
6900 9686
7719 155
6041 7710
9114 8527
4038 3427
4504 9084
7455 1048
6059 8289
5777 2941
6800 9455
4785 7791
4131 7001
3107 9684
3161 3504
2414 8185
4833 7458
6758 6196
1309 2800
5385 2309
9846 1629
7108 9958
6819 9855
4961 261
3488 2586
1569 630
9939 7455
5798 1135
6730 1115
4023 8757
5637 5913
1993 6061
3677 8120
2929 4285
1280 3910
872 8811
9890 4560
1860 55
5049 9126
1996 9715
933 3802
147 2893
6120 5508
1519 3145
302 9597
8045 4246
9390 6085
2286 5532
5744 6160
8555 9421
3256 2586
2292 9484
8577 320
4530 6467
7054 3282
3778 4388
5679 4984
9784 9395
2470 5060
5393 2146
6511 1350
4682 822
2008 276
8515 2825
3775 4090
7572 8348
9990 603
2809 7909
8592 4765
653 6794
4861 7920
3056 7786
5616 7264
9379 2112
1960 5897
5974 4528
7218 6315
277 7446
6065 4646
7190 5021
4012 6662
9456 3298
216 9422
8965 28
9586 2590
2029 7919
2280 5286
4947 4661
365 6512
1239 3104
7622 8061
8365 8142
4822 9096
9299 8949
6506 4739
4161 7135
8741 3703
7533 1573
704 9361
5074 2901
4969 5359
2973 7909
5220 2726
5897 8603
4596 9692
2812 4019
3508 8418
5492 4353
574 4003
3960 9481
6947 4108
5018 8634
1293 3690
9319 3535
6982 130
5020 7926
1154 9947
1188 9531
1589 3459
4204 2644
4050 2177
7589 7897
2401 8972
9182 4176
6904 7794
3144 6047
7834 7701
5755 8496
865 6030
4511 4457
1739 370
4755 7069
4908 7311
9632 7795
4434 1012
1178 7658
2565 9753
3265 4472
5808 2091
5658 5530
7358 8122
5402 1403
1579 5723
8733 9803
6548 6038
4055 1366
7797 1753
1787 5672
9745 1441
7702 9063
6355 5643
7943 1578
2035 6905
9401 5014
3619 5350
1065 9824
3615 1444
3988 6910
7813 2636
4291 4467
7000 6697
5630 6491
7865 6209
277 9219
1385 1319
1851 6222
7587 9648
3979 6043
2769 3086
236 6185
6769 3539
2918 6592
2574 366
4597 1891
4435 3061
5369 4622
4646 8199
5489 2472
9043 9978
2384 9287
1133 4077
3986 2676
6239 691
6142 758
5166 6141
2702 709
968 9086
689 9671
8719 7006
7370 7677
7401 6990
5730 5136
7903 8140
9362 7637
4842 3950
2077 1788
8672 20
7527 8792
2730 9523
2203 3590
6112 3925
4439 6162
6077 5624
5028 9940
5708 3283
4312 7518
3245 7121
791 125
4619 1784
5739 5979
6391 3690
3115 4796
2867 4694
3175 2595
9162 3388
6726 4
4642 6871
6672 9567
6755 4906
9465 945
1302 4020
6570 9290
7721 4470
5195 3822
5888 8704
3829 1106
799 2645
6139 6071
4448 2841
5190 3478
8465 5153
6961 8165
3790 4561
6811 5188
1150 7009
329 3635
1762 8327
5124 2077
4540 9196
2916 4936
1383 3046
1759 5777
4744 5993
4436 5840
9224 3111
7140 9978
3226 2883
43 4180
4745 179
163 5036
4120 6543
3774 5906
9653 8886
1439 9744
7108 4778
2163 2605
4656 7277
5733 9890
2068 9915
8622 1730
7560 5841
5897 8766
3585 722
2365 2739
3650 1117
4393 5362
1055 2584
7751 8038
3023 4402
6970 1811
7071 6027
2023 2975
6408 9655
3452 3761
1714 5603
737 962
1022 3575
6285 5091
7866 9681
2138 454
1602 9519
334 3174
50 3415
5879 7032
5191 3248
2321 2790
5996 1201
1789 2929
1393 2929
9631 7383
8664 4184
7428 6422
1948 707
6516 7094
3031 8026
2866 9679
3119 3709
1934 1748
6134 3767
9907 3467
9096 6443
7998 8645
8029 3794
3047 8155
5263 1407
9622 2702
3724 1200
8278 7881
4195 785
5998 4256
6836 1191
3004 8458
8898 6808
3012 6821
4662 2880
4999 8689
579 2200
5496 8741
4467 8828
9269 2025
5876 2546
8828 4534
2857 8381
9359 4170
8444 1161
7009 6222
4149 7206
2377 3048
6554 2609
2622 8514
7393 6562
4122 8012
4745 4985
6395 8214
1500 5404
3219 102
2995 4558
8062 8414
8325 7296
3826 4486
5142 2177
6678 3584
981 6502
1687 1066
6692 1038
537 9494
3644 8387
7505 360
5540 2223
1462 1887
5357 9686
9037 8441
405 6342
964 8026
3922 1915
6284 2906
7493 6392
8305 1352
7336 7906
5233 4143
7838 2640
1931 8192
5785 8820
9111 3667
5871 4430
246 8914
5690 5550
6495 4257
2536 6087
8083 192
3977 8388
3540 1971
5926 7520
8350 7137
110 6020
5060 2121
9048 5947
8513 8821
2976 8988
9388 9021
5830 4025
4930 6212
9402 6475
7012 4934
8569 5720
7662 320
5418 9184
4585 9183
6734 6875
3835 7931
6763 5361
5245 4503
4736 2936
8996 8416
6971 6064
3430 3681
4794 6324
9553 9273
509 6641
9864 1029
3800 8095
8215 4818
25 6070
2702 6133
6814 5299
2395 8834
5755 2511
8991 4258
7406 6342
8895 7179
9289 4854
1794 3891
5987 4739
8860 2462
6060 3497
2378 7325
5618 146
5148 9831
2846 9645
4936 5976
5833 4272
9291 4900
9186 188
271 6072
142 3972
5959 6074
9880 7924
1372 1165
3612 1227
7378 6172
4916 7983
5447 7619
4053 8517
7876 9832
7570 9725
3914 8358
5442 78
9467 6415
7967 501
8588 3063
2072 9096
6903 9447
7118 4905
399 4163
1760 7289
8991 3453
8303 3833
1854 6924
1207 3141
7893 7153
2793 1659
6960 6948
2638 4754
6182 4402
5600 7430
5719 3180
17 836
3882 9924
9230 436
8920 1708
2972 7259
7831 990
9513 8638
7476 8935
2505 8547
5019 6926
485 123
2904 5812
7078 1692
2133 273
9538 4084
6083 609
97 9840
7817 8447
4985 5063
8125 6348
7137 2272
220 7961
2343 6684
5977 9258
7484 6517
4733 1055
9960 2160
3891 3220
4073 9118
305 3346
6664 3745
3398 9703
9613 8468
8964 8022
559 4394
4317 5314
8803 6384
869 8757
8333 7401
6932 7882
53 9137
6896 5219
6115 5408
7639 9464
3203 5448
3158 5705
2669 5514
5809 7553
4259 1522
637 6155
4969 9791
2753 7871
4162 1589
9100 2591
354 9250
1544 8522
2315 1229
3529 7311
6609 2129
7631 5789
6089 6789
6509 4931
6230 5516
5423 4484
4122 1409
1006 4682
3057 1839
6047 6563
4426 2574
6291 6923
3922 4761
2060 4093
3240 4175
4494 234
3513 9437
1088 9595
8223 6051
897 6617
2461 1404
2777 5582
3362 8487
828 2316
748 6494
6808 5348
3700 8482
6240 6584
6723 2766
8648 7920
1076 5047
2695 6711
1606 1829
484 971
4878 5485
2356 829
8928 3773
9960 8121
2254 2804
4406 6429
3632 619
3878 4058
3936 8200
11 8860
799 3426
2602 3487
205 5693
4219 7734
1067 4180
7636 8361
881 1546
9666 4641
9623 7977
8948 8562
1565 2178
5107 999
8880 699
3933 4115
9088 7818
7479 1180
1782 3344
7169 6616
2785 2790
5579 3438
4206 3715
746 2260
6728 9125
8782 9963
8999 1330
9556 7105
6976 9604
2642 5141
3459 5363
8741 6175
9799 9492
1451 7152
6031 7884
9174 9440
2667 475
2773 8041
8585 9799
2140 958
5603 9100
8277 5482
8296 9696
4345 1965
2103 1830
7705 2058
4219 3546
3198 9910
2021 9345
5428 9284
7577 6976
8040 1782
7548 2074
1954 1707
1042 8795
4255 8838
1721 4919
8259 365
5394 6667
6729 8572
4086 923
1565 1373
226 1978
9102 5191
8197 2870
7947 1941
1228 1199
4950 210
9459 5236
1465 6804
7160 1561
7621 2710
2147 6609
3336 2273
3761 7929
7123 1679
3038 5090
395 3857
2578 6795
8583 2532
8092 4924
8739 9461
7809 8773
2580 425
6902 3373
6160 9152
3066 6734
4411 9327
6455 5313
6081 376
565 2174
8133 1141
2436 3305
6321 6252
6699 4892
1900 2544
9062 7239
5008 9209
9306 7599
3368 7422
9037 8872
6035 2633
4194 7006
9115 3867
5484 9138
6847 2511
8442 5279
5750 9819
9046 9365
4944 4471
8393 8019
2235 9788
1113 8930
9857 5608
5750 370
7823 5422
9705 1050
9978 7066
919 4900
4250 3501
2687 9316
4394 247
3507 9809
3839 5852
7817 4072
1512 8797
1106 1693
6942 8009
3714 3871
5259 2388
4238 8752
7230 7887
5637 1782
5136 3486
1999 5882
5485 2142
3425 9403
4048 6376
4109 3619
3075 2608
2617 1730
6934 4334
5884 5042
6779 259
3735 5098
5218 9153
708 6908
5130 638
3817 9634
3879 4096
4042 5780
8299 1163
5317 6880
5556 2732
2572 7622
8730 3601
7085 716
9731 5630
2136 8223
6248 3225
1974 9393
4183 1474
8479 9617
2159 8392
1846 3731
8107 7759
1635 9949
4019 319
7322 9704
696 5743
6916 4852
7318 6552
9501 5326
9998 6132
8809 8216
4020 6556
7817 6650
6294 9612
2309 6057
2799 9856
9058 8139
7038 3879
9925 1308
9610 6400
7122 2826
9522 137
9331 7739
4114 3158
4971 2055
5875 6403
5971 449
773 82
7640 7892
1547 3640
2978 7505
9979 4927
7145 7132
6426 1029
2076 2449
5808 2148
5925 9903
6833 9489
4500 2820
4679 4283
6136 1455
4996 9817
9263 2478
1257 9701
9471 3181
9280 3613
9250 7154
8968 1806
470 2151
6636 5161
5669 5372
9528 7098
6849 6208
9812 441
7284 3130
5515 4905
2896 8984
1241 5411
1306 5806
8061 6205
1089 8023
7229 9058
5092 5741
7301 3484
1709 4698
437 6525
2918 3266
3534 5484
8365 6589
4850 3175
1646 5847
9700 7740
651 4764
3063 9282
9202 1047
7200 6034
4961 9580
3500 9256
3343 2102
8090 4290
2372 7829
8370 143
8810 6831
7320 851
6922 4188
8226 6780
1930 2199
340 6191
1233 581
933 6705
7559 86
5852 1241
1650 5565
7037 8083
7839 3109
3225 541
3415 6300
7375 8078
1203 1089
7022 4018
5782 8766
7926 1950
4433 3021
5610 3586
1014 1567
1165 8152
9632 6242
3756 6943
8918 483
4460 680
7235 8448
6309 5250
9850 7633
2783 9591
2568 1301
5300 8241
8034 2422
6349 7308
4549 7518
8033 9367
323 4278
3372 537
7699 3829
2152 3308
5887 8186
7513 441
3122 6024
7538 2191
5695 4983
8876 7023
5478 7200
9431 5555
4876 5819
3205 8129
9141 1063
8652 5036
768 6772
3843 1246
828 5325
1736 7163
3780 7313
5187 204
1670 2379
639 8055
7232 9624
3748 1359
5375 2884
6669 4788
3589 6964
917 829
7539 1638
8443 6740
4422 6938
788 8528
8873 5570
8570 5761
6173 7967
8322 2249
9378 3985
4920 4182
7320 5657
1840 7112
30 6634
2409 9484
1804 1039
2397 1553
7619 62
6412 7202
4848 5999
5450 4347
7219 2572
1828 8980
6315 853
1774 5711
3233 9372
4687 8525
7842 5180
2166 1805
9270 3112
3100 3366
3664 5394
6941 9394
1881 8991
8228 7875
394 7446
1696 9211
2076 8678
633 3298
6484 4984
2876 625
8787 8778
5606 4486
1543 9346
1106 2929
6209 5688
4712 9871
4482 549
7257 4153
6737 5807
6394 5441
3371 8151
4584 4209
3801 7735
3020 754
815 9546
9650 7840
1658 409
281 3196
8340 1269
7037 8701
5874 5590
5561 929
743 7199
2243 6697
6600 32
3862 8361
6591 8614
7903 8815
8185 1331
2574 9685
4033 2766
5724 5996
920 8966
2919 5933
5503 9969
5180 4620
1857 3628
7208 73
5279 4599
665 2031
8854 9976
633 8909
3436 1729
1794 8941
5927 8984
7388 5144
1197 4521
2224 8525
4968 3394
1195 1442
7071 741
3989 9260
2996 4840
3247 2207
5547 6484
7622 1783
5333 1802
957 1277
2090 5677
710 619
8101 4612
2800 1114
1618 205
685 2252
7094 8430
2462 4502
1932 8474
6476 3133
5662 6592
6065 2101
5843 9636
2792 6888
7799 3523
7088 8615
6286 7173
5878 5658
9830 2657
4781 6550
7699 9708
212 6354
1852 2479
7798 265
9658 860
4558 1028
1641 7894
3286 3609
2668 4728
9812 4710
9008 2441
5675 7177
1379 3198
8660 5141
2466 837
3682 1330
6388 6295
846 6118
3093 935
3430 3738
2122 6662
3118 8347
4792 9718
8715 1815
2328 4286
4700 3713
5603 5961
8903 5249
465 9809
3572 3040
1390 9372
588 7930
1181 2782
7743 5038
8431 9576
4159 5991
9264 3161
7779 4695
9890 6821
9603 9043
8274 8838
5657 8826
1139 2556
4809 623
3131 2516
3934 6812
4653 9909
6453 3283
1943 1038
5592 1234
1404 760
5711 6029
9200 8222
2939 9112
9340 4095
5978 896
5317 5351
740 7546
6662 1528
2245 1726
5627 9714
5441 6326
1205 3152
642 3978
7894 5183
392 3049
1728 2146
1545 8855
2373 2850
2513 9246
4399 8056
4347 1450
6869 4608
7332 168
387 9471
74 4810
2371 5406
7424 8802
1069 9276
7480 9865
7564 2396
5981 389
2808 3128
8751 3649
3900 1111
6658 6266
6697 5440
2612 2435
2863 6218
8845 5913
4043 6300
4161 1825
2643 967
8890 8315
4948 5588
9635 6971
9172 4995
2322 7742
8418 9259
7776 5820
6310 5152
9753 4748
6657 9397
7046 5974
1819 705
4525 5670
8322 6518
5185 1744
9130 8906
3932 8539
3003 1660
9510 8373
8352 1442
3687 2292
5801 3181
7296 2335
9772 5148
8507 8900
6857 5671
9367 898
1743 1999
1643 4801
8535 7161
3138 3955
8409 8742
9235 8326
9925 5740
1823 6839
1138 5982
3000 988
9608 3589
6836 6672
7278 1355
6035 8838
242 4878
3499 1086
2848 6229
9787 9189
8983 7674
7799 3686
5058 5328
7016 2294
3527 101
9283 4179
1310 962
3371 2971
4243 5152
7944 9702
8104 535
5418 9054
4957 4495
7192 1207
130 6515
968 7614
8972 3728
1317 5516
5973 7586
214 2456
4691 3063
7846 6134
8591 4036
6378 8803
4599 3474
2153 9171
4316 6569
5971 3726
8053 196
7657 196
4916 9008
6349 7284
4073 1149
8498 812
5478 3793
6932 2946
5378 6595
1944 4109
3454 4295
6656 7212
8268 7705
6362 349
1518 5398
394 7877
8011 9769
4224 3947
5559 5852
6051 2150
4070 9896
7076 8737
2666 4444
1265 4171
9063 1937
7414 2316
7073 8439
5898 2285
8881 6592
9318 177
7568 6166
4182 1442
6107 5842
7724 263
3369 1339
4807 6375
6691 2860
383 3904
4899 9347
2303 7960
7773 155
9335 531
3392 10
8493 9112
5167 7849
4691 2258
9124 5946
3455 4496
8025 376
6004 5313
2081 384
7177 8388
5555 791
8025 3759
1645 2483
3228 4490
8028 7440
2393 7072
1667 4716
7766 5750
3413 1237
8325 1018
7392 3065
2046 548
4315 9676
4129 6288
3281 4501
6584 8224
7770 9252
604 7821
9914 3190
4302 1520
4712 9497
3344 5954
445 594
6730 4262
9531 6835
5197 2372
5606 7495
2653 5282
163 7297
6501 8347
8928 7481
9828 3042
903 1822
1080 3212
6780 3975
1367 236
6100 4216
9517 4843
4166 1982
7994 7805
9541 2985
1578 456
5256 3302
1882 8037
7243 9334
9108 3103
4240 2870
2156 3321
3217 6155
8444 844
5682 8779
1694 4953
252 2427
3813 524
1337 3403
6512 8482
3303 4394
3580 7146
1283 888
4863 8861
5765 1085
8538 8026
8569 3175
2368 4116
4768 5591
6286 33
5728 7619
4269 1706
2713 4528
1956 9275
9652 1072
8740 3996
9423 7436
2427 8860
5438 8045
2174 4250
2957 724
7222 886
2336 2326
6007 4001
9968 5250
7316 6937
8237 9791
8338 3427
2980 5811
645 8895
8685 7672
6937 3908
6314 4683
5096 1865
6338 2825
4913 8574
307 205
9978 9351
8488 4125
5254 8086
9676 1816
946 2592
8260 511
4347 2686
8917 3484
2342 8156
6958 9299
8140 3792
8599 9776
77 3311
9628 1775
8139 5819
9130 7914
1219 1411
30 3495
7942 8688
9993 5845
4427 1110
8871 9151
908 6622
4912 4565
2864 6925
803 2664
2647 2726
2024 2747
6104 9545
5569 6003
6818 2472
2776 8209
689 4979
3860 6331
3146 6988
9739 5147
9775 4804
873 1124
458 8264
5816 5880
1523 8588
9859 2997
8651 867
6849 7420
7866 9982
1827 2583
1646 6709
9922 1067
9105 5009
5438 4207
5909 6044
8918 8566
2293 7459
5435 3909
923 7253
6264 3010
8734 9388
6883 8909
2218 4841
8911 4362
6586 8888
3589 6403
9871 728
4929 2236
1107 6027
2160 9000
8000 2226
2721 931
6571 4069
7037 5562
4048 1440
3363 7753
5637 6645
5193 8883
5284 9001
8641 2407
1923 5273
7869 9475
6618 6517
5718 8704
5883 7051
2831 695
6590 4469
3727 5936
1299 1659
2512 2635
9203 575
92 9553
1866 8122
3722 1805
9016 4886
3381 1512
3933 8441
203 3907
2591 3867
416 4954
1068 9081
2902 1285
5467 1107
1511 202
9279 8679
3682 2379
2621 9344
1709 3600
7748 3829
1521 9965
936 2896
8343 1006
8625 4102
3861 7225
2462 7779
1147 7280
5699 6718
4722 2831
9682 3784
7555 3407
8893 8993
2800 4741
6119 8243
33 8168
6525 3269
4412 5234
29 4262
2223 8143
9568 5375
3757 6471
3419 9859
5465 6672
5095 1477
2789 9463
9267 7864
4625 3248
397 6351
2200 9822
3807 9217
4922 2488
7265 3429
4422 1384
8909 6089
1753 5346
7190 1565
8478 9286
321 3508
4777 9654
3994 6010
1432 6459
382 4915
6717 2284
4012 6589
3580 3926
5825 4332
3043 6727
7491 1678
7750 9486
9300 1931
4625 8509
4764 4881
2292 1840
8093 9825
9643 8686
9824 5314
6560 1519
791 2117
8868 9821
5229 6903
4821 8798
678 8067
7832 8737
8085 5396
7643 9215
943 2107
1572 9448
5082 6102
3365 1651
2219 399
4175 7118
5144 564
6272 4620
8386 6263
7419 58
8374 1742
471 6434
6326 4856
2336 4367
3404 4208
94 4232
1962 8098
4326 9916
3340 6667
5405 1278
8465 1079
4074 246
5875 9306
5324 5985
7053 7063
492 7661
655 8591
7548 1757
6522 7777
7014 7485
6429 4580
1138 8186
5737 9722
1107 2457
1477 1990
2034 9263
4212 5441
5549 4009
884 4105
7474 2747
8697 3657
8786 8610
937 7903
665 9659
1071 3931
7948 6013
6924 1526
3457 3818
4639 4727
2689 1206
8656 7039
8377 7624
2085 6195
2269 2340
4949 1920
5112 3604
2449 995
4417 2813
3892 6375
9052 4006
3350 5826
3143 8731
9801 5033
9894 5224
3132 3654
9085 3365
1979 1231
1106 8247
6746 2543
2937 934
8640 8384
3602 3768
8693 5012
2134 2273
1984 5712
2421 5713
6516 9436
9357 4992
9045 3185
6674 4360
2875 3439
6899 2758
9793 1358
669 2207
3942 9471
2874 3214
692 9546
4281 2521
1664 7427
1719 7134
7734 2805
2715 4655
5800 571
853 8151
8976 2267
1006 4983
4917 6145
2269 4568
381 9095
3521 6970
5238 8415
2494 714
1967 3449
1812 6544
7254 3107
2741 591
7417 4037
9129 1728
3831 8327
4356 601
1209 7971
7905 7009
8893 5423
2855 7294
6225 5823
3207 5467
6665 6095
6536 3241
2334 5313
3375 6771
1952 2767
2666 2110
1800 5379
397 2781
4433 9307
1852 2536
608 749
2781 5251
8235 3329
9133 4479
9376 1985
7393 2488
5213 3231
4402 6207
8628 3031
6391 6650
6860 5408
7942 9119
4678 9488
6132 8641
755 6811
9900 3833
3955 8901
161 6072
2833 5791
4806 7953
9402 3556
2363 3398
3113 1644
4422 4580
7373 3714
4979 9601
4425 1845
9124 579
9521 4187
2107 9070
1704 7145
3509 5027
873 1555
4727 8599
81 6493
5753 5962
8740 589
5720 9986
6549 6835
9052 5779
8297 19
2598 2110
6082 8123
6030 7933
3744 1110
2045 7788
734 4779
9001 7719
4157 6352
6111 9992
2756 417
7945 8612
9846 9208
3345 3441
9924 7586
1180 4492
911 6519
4302 9335
9345 1463
9961 4435
4293 921
2369 9955
3954 1455
9928 2043
8119 4419
9110 1596
3824 5546
1245 2608
5968 5900
5107 7261
2389 781
5224 8600
9574 10
8739 9762
4135 1466
4159 8276
3789 829
5246 3663
8676 8659
4075 6296
8633 5579
7698 4547
2908 33
5158 7199
1675 8204
9700 5195
2198 7979
4337 819
8721 4645
598 4113
2217 1613
4591 1867
4964 7333
9907 6427
7797 7909
874 3230
2503 5582
6474 6795
1570 1213
6981 1873
8466 339
4928 4643
2151 212
1960 644
4081 9874
4394 8119
6603 6616
9017 1381
7972 3187
1282 7347
5472 1508
7691 7109
5015 9900
9146 2700
736 3646
8358 5882
5753 969
1262 9354
6869 9926
3034 680
8450 2438
3728 8416
4351 1225
8602 5461
5677 5296
8858 3172
2848 675
1516 3205
5267 7118
2565 8688
6214 8884
3181 6742
2871 5762
8667 6987
6883 1314
8326 6694
8311 5662
6788 4460
7667 1396
9408 3989
2025 4021
9566 5329
1185 6259
13 6038
6383 210
5724 1328
5729 1672
5018 6764
8168 9491
7315 190
9500 545
3051 7800
2502 388
3868 8022
7693 3748
532 2661
9269 3830
4179 5440
5033 656
879 6152
4487 3341
3888 4510
1749 5254
2212 814
3767 6435
2588 9961
3328 3355
3013 8447
1270 5027
7084 7612
1738 5095
5186 871
8624 9892
6023 8161
1854 8461
1057 7363
362 6572
3163 1975
3290 4002
9047 6053
4816 2469
1550 8427
6265 1278
58 8790
1921 6650
6338 36
235 1512
7767 7238
3864 9377
4893 3628
1073 1830
4557 1427
1100 3653
6320 7751
95 4134
8345 3687
3703 1323
9119 3081
5884 4188
3174 1733
6102 9743
2967 8802
7442 7828
6004 2792
8060 293
6481 5575
8988 7701
624 4074
4196 2360
5156 4388
2826 7816
6635 9425
9899 6804
1463 8781
5042 1068
5217 5795
5031 2407
84 5823
1206 265
3661 8617
4352 5502
8614 1983
4627 7427
1012 6815
1824 2529
6215 1110
7732 3995
9139 7466
4528 5169
3308 3776
756 1907
5331 3049
415 5778
630 3488
4067 9655
8842 6721
853 9387
2806 6009
3341 9551
7885 4210
7286 9543
7852 5982
820 579
7389 4760
262 8919
7155 4364
8968 8523
2467 9926
3115 3731
3491 6462
9520 6003
313 1687
1211 2837
4108 5118
3103 5599
4225 41
2201 6959
1862 1077
7555 7839
2853 3172
5155 3358
2892 8762
7426 2733
7147 9734
9327 3329
5065 432
8418 9934
9762 3257
5472 8892
3041 5852
7953 5633
3913 1617
6373 3897
8861 1055
8288 7609
6449 2229
2412 8310
3033 5210
5500 3743
9693 3837
5144 2418
1047 2032
636 246
2905 5210
4271 8680
9288 6003
9777 532
8531 4334
1700 3351
1065 9027
9697 4710
6509 5663
9812 9386
2553 4758
5959 5196
2468 2176
6630 7121
2313 5271
1805 3552
2307 4702
1904 9947
753 8351
9241 3154
911 5527
847 7986
2050 2602
3894 6828
3235 7946
9085 6024
3794 3214
8706 9411
4664 8732
6008 2055
3735 6017
3196 4985
7088 2687
4577 9487
608 4213
3018 6376
6839 4612
614 995
4249 7177
6121 2117
7666 7804
4868 2496
5373 7327
5932 9011
8637 5460
6610 2281
2817 8722
1408 2172
1346 1294
7083 7574
4301 9969
6070 8194
4451 114
2188 5518
2969 5329
9117 7036
7540 8981
5192 1280
9113 3130
2112 46
8063 4592
4518 4719
4475 1639
3735 1829
8528 6614
8019 2041
3819 22
8125 2437
9990 7540
5917 7548
5688 1080
7563 6871
6674 2831
2335 8547
5871 4170
1788 1238
8460 2134
879 1427
7759 3026
1095 6155
9536 5276
6642 260
3720 6782
1222 1766
6695 4058
6646 7549
2790 6094
4860 7465
5235 6588
8623 2313
5259 4730
2684 8327
7163 2591
3923 3354
7306 8534
664 9702
7999 6246
6722 8483
4568 4031
5347 7179
6689 6091
3046 9847
1704 355
2571 6356
1640 2814
8995 7904
1459 4688
2952 3015
3064 4010
9817 3582
8053 9865
2948 6279
8765 8381
2784 4370
6767 1436
416 5816
3835 100
4650 5911
4271 9298
5983 6989
8514 1565
6635 4700
322 5400
7607 2581
198 1392
1906 8009
7756 6087
3583 8897
1847 4396
5047 6486
1007 2470
1874 8471
5260 7533
7574 3572
4138 6675
1430 5047
4384 3698
5411 1286
5515 5019
9997 5970
2048 7311
9517 2135
8395 5441
7118 7678
7682 9706
8300 2171
6285 1261
7503 1827
9805 2767
4760 9812
2205 4262
8920 7514
4665 126
1513 736
9038 9455
3291 1676
457 1629
9913 8901
1446 8559
7366 8130
5334 8771
6397 8268
8233 1299
1469 3066
8177 3619
4146 3129
1283 4596
5889 133
5054 9885
7420 1950
2749 5264
7172 1848
1882 9062
7169 7966
2749 2231
1940 6034
2191 9817
8057 2012
6818 569
4295 3602
4897 1950
3556 6646
3740 2791
7191 8664
4328 2961
7251 6463
8309 5616
9730 2377
3632 4197
6844 8556
8243 832
3205 2632
1450 8277
9353 175
7828 8726
5034 7324
145 8466
6581 5887
3709 3104
4443 3823
102 8769
7576 8855
1346 4140
1542 1800
3493 1759
9817 5355
2995 728
6639 580
2344 6625
5057 2181
8495 7849
6452 4137
1158 1810
2742 255
2208 5983
9954 4313
7368 3614
4735 3069
2336 8612
657 481
215 136
276 9457
9212 6305
6800 1063
6374 2352
8449 4067
931 8570
7139 3912
8916 8414
9291 8291
9203 5438
1670 8909
8707 1824
541 4628
8514 2183
4488 2037
2745 2781
2727 7837
7584 7911
6793 242
1497 3504
5578 3357
6944 6827
7797 8958
6168 190
1792 7559
8193 2542
484 7477
9383 1060
9774 1470
6614 7824
6451 478
4677 1909
1960 8109
7657 5945
4145 8464
7906 6649
7792 5581
68 9484
384 7246
7430 3687
4475 7063
1550 6898
4191 888
9894 6086
2982 7955
859 9232
6595 9652
2481 9659
3856 2295
5652 4595
8360 6977
757 2539
3408 3633
7342 4190
83 5978
6339 4744
9551 1933
6619 7767
5898 5001
4649 2870
4430 9922
1297 3392
3773 5451
1973 5661
4686 7633
8542 2672
3380 9132
2993 2078
3741 5913
2693 1786
7383 2686
6672 7778
2625 6755
2193 682
6632 4215
1909 923
9837 4397
351 7082
2361 1986
2892 8038
5447 7172
9872 6835
6606 6377
3609 4646
7802 4740
1549 5491
464 7898
2240 878
3604 3521
4197 4035
78 1446
2846 1627
7369 1825
2577 2900
853 7858
9299 907
331 9439
978 390
8923 7975
5587 2614
4494 6658
6115 2733
3025 57
8224 9694
5392 5556
3057 5230
7573 8421
2567 8978
4891 4981
3991 3004
591 5764
3545 5169
181 7586
5348 2224
900 7273
2889 3552
9745 4003
2517 1694
6718 5813
9746 7611
5169 9806
6716 9150
5999 464
4474 2599
7865 8421
4945 4436
9458 3946
8995 2724
2541 3219
4125 8080
8362 5440
8976 7585
7553 3581
6204 3498
2131 2008
9603 6929
4866 5459
4874 6074
160 6308
9227 8335
1091 3434
4081 1742
4614 4457
9815 2089
317 9675
3305 4904
7197 2606
7296 8247
2090 1603
3373 9734
6066 3914
6919 6045
4261 3780
95 7761
90 7417
4820 5464
4272 8076
7692 5968
5975 1517
9307 9388
4440 2964
5470 5731
3696 7162
6820 8668
4389 5628
2297 2054
1483 5513
3195 3204
1356 3486
7486 4587
4067 3133
7401 6169
4665 4745
331 4446
5845 8991
1700 1017
1452 915
9721 6934
3931 7409
4779 9196
101 4923
3724 9560
665 6951
923 1325
6544 5767
8724 5024
8544 3336
1538 3318
2725 4571
8969 2576
2212 5514
6545 9752
1647 3261
3892 3667
528 6838
4012 8687
4025 6640
3922 9925
474 3569
9983 8223
582 658
9422 3460
1871 5571
9891 2218
7212 1328
5503 902
1836 6516
8925 6037
9709 6119
3353 3739
4569 9894
519 2938
4841 5886
3931 3221
5467 4628
2724 3945
8226 6975
5875 9526
1257 6058
2902 1773
510 4323
5049 5808
8349 2844
257 3877
1843 3149
5588 9469
1813 6690
7474 2617
3148 8595
2835 3934
620 5622
8682 8130
1034 4673
3895 6543
502 4812
7716 5533
5906 4301
7530 2145
8671 801
2203 3842
6587 1252
5855 7719
2426 5577
6595 5277
1459 126
1977 1809
7303 6303
3941 6137
5281 8386
618 5145
6622 7073
2981 7492
3437 7543
7265 6950
5744 6575
8452 1787
6270 5867
4439 6764
53 6275
7828 9507
5393 8977
2301 2441
7127 7366
4329 9228
4673 9038
9191 8892
3398 5686
5514 7402
8145 7120
5233 7160
3387 7025
2523 8869
8281 9610
7161 3163
2538 5767
7806 4621
9511 7557
761 3894
8918 3256
9637 2943
9255 6059
3907 9885
2436 1703
5646 5235
6391 3137
3751 6339
5857 3203
7818 3850
5772 4785
7539 8599
9631 5757
5476 3511
3715 9311
8121 4790
9936 3360
3934 7894
5830 7392
8724 5992
438 4530
4137 8253
8872 6644
9827 1912
5759 2264
1898 4629
8284 9103
4454 6617
8119 5094
8518 4611
7716 3923
8583 9924
589 8082
2134 183
9463 3298
5000 7315
681 3884
1739 7201
6495 53
6090 2219
3003 6230
670 3725
9825 1435
5804 1633
4694 9460
8856 1573
10000 6162
5676 6551
483 7282
4276 3470
162 7641
3097 6996
2197 5019
8787 2907
9263 9252
5676 3518
8938 7240
9740 1512
9802 2390
3019 697
3891 7042
3120 749
8187 2353
4544 7607
5 4624
4853 2700
5658 1407
9355 8467
7345 7147
4910 201
6351 8918
8710 3976
6714 7280
5501 4052
5525 5200
6935 5936
734 6877
5992 879
5923 9410
6561 3251
7514 8272
8603 2574
7789 4535
5736 6551
6730 993
3748 294
234 9156
2779 432
8288 4633
7758 1435
6765 3431
1130 7227
1909 549
5018 1023
8034 552
3731 1818
9062 7410
6533 829
5560 3477
7187 5002
9101 2827
2359 1135
4406 7218
4853 8661
6393 6834
4929 577
8165 8740
3688 4723
5522 7507
7583 6106
7645 568
2060 3727
1416 5877
8192 737
4986 6746
4329 2275
1665 165
3158 9072
9469 1883
5487 8425
3021 5576
4948 977
1627 812
9316 4270
2397 9132
2151 5693
1024 8655
3243 7840
9458 189
9802 4163
7775 8154
1297 4091
6379 5973
7618 1000
1372 2922
2932 9641
5073 3308
869 4553
929 8768
5912 845
6867 2529
5901 8600
801 9522
8122 2196
1234 6371
5833 7907
1814 2516
4809 1168
8725 3428
4091 5089
5870 4002
6613 1831
1289 9461
8080 5353
8879 862
1165 7705
7455 9465
542 2064
2402 6069
3814 9884
1469 1700
2398 2163
1692 7599
5357 1912
2396 2090
37 616
3330 2897
8911 2248
9504 9932
5917 34
2273 936
3422 5869
7541 2042
6074 7565
5418 5948
3792 3867
9671 6847
6407 7216
6032 8093
7030 25
6309 265
9454 1894
2263 8512
3292 511
6552 2652
2541 8456
7054 1550
9690 1612
6306 9012
857 9780
1665 1588
5555 1873
2292 8102
7951 8864
6019 6703
1468 4457
3113 172
2531 3954
4014 5757
4239 4155
759 8841
9742 7787
4768 712
5229 1861
2703 5377
616 2147
9769 9610
9373 9610
6259 3130
9215 2608
6099 5127
5973 6708
9209 8455
6840 2129
9959 9707
4977 7652
9552 8794
7498 1540
8327 641
837 4186
5059 9936
5783 9967
446 3025
5272 7950
9692 7269
8269 3265
5955 7226
3441 2431
3090 7866
2216 4858
7732 3060
7826 9111
6857 9249
1589 1727
6943 8269
6697 4830
9777 402
5510 3577
5542 2334
657 4376
7252 3362
5268 1011
8415 57
2277 2478
4575 266
4289 6096
6197 693
4985 8243
3232 4135
7970 6207
8113 1597
7087 7617
7684 5621
7118 514
3200 2345
2458 8124
216 7235
6773 3485
8108 4636
4438 153
5590 8767
4131 2854
1108 2154
3661 6877
5991 2695
7110 9671
4438 3536
6453 4446
5926 7935
7889 9409
21 3734
7301 6233
850 6999
4771 2433
6884 468
4717 5580
8602 8527
2804 4223
8388 7255
3547 2052
6056 833
6386 9990
3521 50
1148 398
8369 1536
9088 5387
6655 1520
5435 4291
2823 4623
8999 5315
7740 2496
2449 6102
8855 2183
2444 5758
7252 9323
8773 3282
6902 4780
1554 7852
8476 2537
4683 2562
7983 1850
538 7420
1914 9326
5615 9712
2347 8427
9193 8190
3312 4383
4611 6631
8503 3579
2345 5348
3282 6426
2098 8854
3127 2351
4589 5529
7481 7466
5609 1946
2247 1780
3900 8690
2907 9932
5134 3373
4516 4492
2248 8798
8991 3518
5474 5693
5596 7376
5477 9374
1616 1159
1611 815
7022 2229
2577 6795
5106 4708
2361 9614
3846 3916
831 7241
3350 3712
8706 1255
990 5019
5902 8964
6370 4114
9577 7375
1607 3675
9358 8765
8356 6511
3566 1997
2812 9671
6852 9523
2896 8618
5607 7511
5172 1921
1089 1241
8721 1913
9495 7723
2494 1633
8435 1327
105 3700
3520 7664
7849 5367
3802 4344
4767 7470
6567 844
3210 268
5130 5078
7931 481
9431 7149
7399 3626
7939 1096
8899 3124
9054 783
8426 6876
4017 5437
8458 3381
3568 915
1479 7438
8767 4136
2426 9204
9176 9259
5747 701
6531 7199
8171 3324
9888 1359
199 9377
8234 7056
5966 5700
5025 1470
4433 3810
7979 6537
4187 371
5919 5130
6232 3375
3121 576
1839 1715
8602 9145
8703 9197
3177 3137
3712 263
4149 1018
9011 682
2466 8229
1289 1248
3092 4719
6165 5536
8880 1919
8723 4187
5051 3041
182 1452
3340 8204
2523 5730
8462 9515
5320 6649
4198 9955
9611 8032
1734 4523
8800 8756
9674 5348
2917 9040
4249 94
6597 1379
7643 9597
7612 3868
8561 5707
9927 9177
7493 204
7054 2786
2981 3548
672 1437
8798 5650
4806 4334
9159 6595
7891 250
6681 3709
891 3430
4468 1306
1949 2583
2422 5247
7489 6097
2348 6264
6111 1112
207 6181
4560 4278
9097 9100
4892 6737
3061 7634
721 3958
3150 4673
2467 1233
3590 4945
2833 8938
6883 810
7662 6964
4150 9483
783 8973
5203 8292
5100 4407
3716 6747
3329 9519
6008 583
6441 9510
9686 2675
9954 4183
3178 2907
5915 7185
9404 9378
5189 7081
9050 4716
777 7623
4225 7563
4388 2831
8895 4024
7209 6056
1426 2784
2176 4036
8239 8823
6035 5008
4249 9088
1859 6049
9859 6925
7956 6256
418 8629
9097 4912
3226 5957
1447 628
2873 4149
8317 785
2807 9945
4245 8565
4188 1615
4026 9955
9315 9686
3556 4556
3406 7995
6383 1934
4050 1681
5261 1076
4952 3704
4725 4479
2987 5567
5762 2755
7570 6570
8121 4229
4258 5767
8530 2182
9312 6355
3295 2687
7118 8166
5129 5471
6316 7478
5015 4403
8921 5221
6247 4675
6973 5533
4230 7102
2131 6521
6721 8695
2356 9083
7120 8212
358 4390
4152 4967
796 7999
9674 7121
2377 6927
6895 2617
8658 273
9631 7424
42 9230
2497 3996
1719 7866
9498 1418
5573 8494
812 8882
3121 4577
9000 3393
7286 9039
4182 7411
7107 7576
2690 1358
1525 8000
4479 6651
7870 6057
9313 5021
2732 3489
3712 7647
6697 5611
2461 8853
3983 6420
1949 6234
3671 4613
1080 3570
4622 2391
7578 1869
2725 9084
3652 9474
3696 8992
171 726
4410 8335
2036 5829
2561 1513
117 3873
8574 9943
6294 4066
9542 3918
1104 8478
4277 77
5269 862
6729 7377
9745 6906
6171 8547
249 8903
6816 3589
1026 5562
6415 8126
9901 4386
3258 8392
2045 8170
3038 512
7430 8363
6535 6730
8741 792
4842 6837
9463 4160
8706 8907
148 2031
9802 7790
9676 5207
6125 2136
4571 5785
956 1009
1673 3279
8946 5361
2951 4650
8178 9919
3942 1827
2636 3326
4155 9290
927 5152
7367 6479
1261 4274
5681 7757
2966 4958
8821 3380
6985 3933
416 506
2568 4131
9066 9600
7223 6730
6674 3482
440 8447
7852 6901
6071 745
5076 6078
7908 3800
9771 906
5289 709
8002 429
3805 5097
2866 1694
3769 3188
1985 3931
7136 4452
5787 4369
133 3951
4887 6556
9827 1969
740 8335
1492 3998
5380 9872
6373 4466
7715 372
4717 668
6557 9656
1209 4060
8549 3200
3463 1576
4567 7490
1067 6636
1423 2299
4809 607
8847 3796
8659 4499
6575 4950
1015 9829
9467 2723
7072 5756
2037 7073
5929 4021
4021 3008
1319 4578
4208 2834
9400 4884
5862 6182
1843 791
2954 9404
1493 9080
2343 1114
6068 6058
5049 6833
6255 5884
7776 6259
1360 3074
9264 1990
1361 6682
3166 400
1545 2073
2016 8074
8298 1645
516 2160
4719 2942
52 7129
8180 1589
4255 7911
7738 490
3536 2562
575 2740
5093 9010
6469 336
7582 3360
9633 517
2322 2115
4937 5464
9222 9284
6734 4956
5586 9293
5612 4098
1321 1217
345 6600
7601 3760
9552 7883
8406 2467
2119 8552
9870 56
2174 1843
2922 6432
8207 8673
6383 4325
3525 1218
443 3321
7776 5454
7554 157
1117 9681
8082 6692
9425 8458
8016 8324
2926 9934
4727 6916
8089 666
6179 9406
2354 7264
7077 4140
2822 5797
6519 8693
4248 7066
1846 4764
951 7295
3750 9041
5607 2949
789 9219
6947 5198
5206 2605
8189 6158
1095 4041
8249 4711
2347 6443
3529 936
4807 7969
46 8357
4759 4545
817 1818
9709 646
6603 8771
3730 4632
4796 7810
5603 3180
7088 1646
964 4497
4453 4438
3543 1773
7436 1575
3415 2527
9550 9634
6133 2591
488 1535
5319 6804
7036 4839
1618 6418
2950 3888
5353 5634
7781 9157
1146 7362
4847 578
2887 9955
5067 2796
3878 7132
6306 75
3470 5617
550 5796
6863 5850
7026 6780
2594 5946
3750 1470
1298 3969
4567 1692
3820 7127
4902 4422
719 4292
2470 7573
7265 6015
7074 9453
5214 2442
9536 5390
6073 4418
110 5874
9594 3116
4158 9751
3985 963
2646 2322
1680 6141
411 5987
2333 1044
8752 1494
1155 7424
8989 683
623 7563
7935 4655
5688 3422
8613 1335
8585 6457
7828 4034
9025 5975
4725 5260
6334 1318
453 1675
981 4046
1139 5386
7520 9516
5003 286
9705 2701
4812 1472
3910 9248
8356 9788
3652 4294
3369 973
9602 9369
8542 2973
6424 4594
7296 359
4185 3976
5269 2098
1282 7542
6578 2028
8066 6427
1901 7779
5829 220
7190 3346
6316 6754
137 3482
4576 7015
5202 9921
4825 7719
6038 3777
9302 1156
561 8913
1898 311
9176 2737
9442 7552
8869 1274
6935 5456
3511 3658
7248 3701
3703 3828
2464 2385
7710 5452
1803 424
4597 8242
3005 9155
7867 2403
6621 3953
919 2363
9795 4822
6244 1751
731 3066
2878 4095
2855 8807
2286 19
6551 2433
6921 1212
5588 5769
7663 7484
7981 411
2623 2041
1692 9079
9746 7562
5837 57
9806 1197
9496 6633
6819 154
6085 9958
9836 7455
6350 4779
3779 5112
3027 3787
5193 4866
8689 1814
8842 9226
689 157
2053 6964
1929 4454
9517 1444
5033 4584
5313 6853
2919 8576
3320 3258
8700 8769
9168 4673
5866 4558
7767 4400
4250 159
7245 5981
636 8817
137 7938
70 6716
484 5013
4212 7222
5671 303
4986 6616
8279 2481
185 7605
9252 9632
697 9443
3333 9505
9493 6311
7280 4662
1779 322
5232 7022
2775 9177
7939 9179
436 1939
4334 9255
5009 2254
4664 4471
6035 8285
7434 1315
8399 7851
1871 6677
4598 6103
3313 2063
2356 3716
5840 5565
6719 2501
9395 9509
1756 4660
5128 6268
8294 3112
5496 4220
5377 6972
5905 9343
9699 9920
571 9869
6617 5607
1252 404
9127 80
3363 1776
8287 3072
2655 6385
6915 7701
2901 3408
6323 4379
282 6733
5948 2250
9370 3221
3427 9116
2869 3870
6257 3759
5611 9246
7497 8056
9310 6553
148 502
5781 797
5877 6921
4165 2814
5145 6972
4605 3086
2179 390
9481 7374
114 5055
4354 9102
3100 6627
3550 7587
6497 9231
5248 7100
29 5856
5153 3830
7921 3257
3965 8768
6652 3103
390 4522
536 3593
8509 394
5732 3133
9818 9746
2063 7920
786 7905
4203 7778
6316 151
8603 9828
5382 8389
6158 8610
4174 6259
5984 321
6476 783
9112 845
3050 9492
3678 2645
2339 9666
5851 7147
8148 1327
2202 1289
7807 5198
9269 8376
6492 4699
9391 3643
6092 7209
2489 3948
615 5929
1984 8916
6862 6861
2913 9379
7266 7476
1985 9518
2697 8034
5333 8096
4674 6208
391 9604
3803 3471
7134 2072
9030 1570
6089 3878
8758 4080
2030 7756
3002 4883
2508 8512
3934 5617
5649 6989
5332 4838
9867 8833
1130 494
6629 4007
5942 9493
2220 8230
7633 6307
3397 8795
8588 7991
4197 2994
2366 8055
129 7510
5377 7240
5327 1461
1831 4513
8902 9090
8742 5425
1175 2896
7499 76
6000 9848
4942 4279
1461 9117
962 5232
6098 4721
4544 3452
9728 5641
1947 2594
8359 8289
8228 9526
2722 4842
1390 7372
549 340
489 5170
9094 4722
6576 8853
8668 6765
4308 7497
2679 5145
5292 7667
9504 621
6854 2381
5665 6717
7000 7868
8132 2998
2743 6069
4049 2318
1098 3938
3493 5069
5425 6476
8040 9825
2206 5864
9191 5005
4169 922
8275 8941
8089 5553
5697 5851
7901 6256
6970 9130
2925 8934
2985 8985
2147 1470
3771 3478
3131 2394
522 6407
9462 7161
8297 9639
6091 9161
7114 9259
5056 4515
582 8343
8476 8823
6829 9275
9441 4779
7174 6277
6678 8325
8416 4985
6110 9561
8482 2572
8824 5719
1278 4821
5196 738
7563 2073
3046 9237
185 197
8156 2587
4835 2422
7593 1915
5289 148
3728 2626
3172 4623
439 6880
5816 2294
7929 1083
3295 2744
4100 7867
1521 1923
1808 1199
8931 6720
3788 6060
3790 471
6025 189
5897 943
520 3277
6399 6257
451 474
1695 3015
9690 7711
8046 8434
3342 9356
1879 1789
4688 8387
1159 9047
6763 3686
2274 2318
9842 7701
7760 8979
9725 700
1401 2164
1628 1389
8875 8666
3739 3515
3897 4101
6665 6534
8060 8490
4481 9787
195 6496
9278 2640
8713 7557
6531 6719
5476 5585
2274 2668
9607 4801
959 8585
2415 2149
6007 5221
9054 7069
7001 6833
5063 7109
117 6963
7956 7736
480 5325
1416 2795
4967 3614
9569 8831
2568 4993
1792 5526
4622 5831
5744 273
6520 494
1236 1107
8472 9723
8097 4184
3336 3818
7828 9621
4306 7288
2847 1375
8439 915
7441 2567
6978 591
6477 9465
792 6728
8760 9601
257 3186
2249 3146
9348 4109
7254 6124
9085 5227
5731 2670
1131 9577
8129 3318
5844 5765
4010 729
6346 6915
630 5619
2803 7869
9900 8005
380 4690
2010 127
1426 6492
7780 2383
2241 5887
6406 4687
8432 3477
4344 6617
6348 3928
6558 5458
8741 4232
2845 3557
7149 5145
2794 6975
5182 6935
426 7667
264 6585
629 1610
8101 6531
6397 7203
2490 2053
9685 9140
6294 3318
5426 4262
9908 4459
3652 5693
8308 7763
7690 2466
625 7503
9061 6280
2402 3337
2266 66
7883 5490
1684 7258
7523 6675
9338 1081
9867 4808
923 7318
2612 7469
2911 9788
2479 7879
4041 8255
2200 8464
6889 94
5906 6188
3819 2958
4629 8425
2878 5144
8827 9617
83 6523
9887 2427
9515 6985
2072 550
3971 319
1791 308
8759 8170
2293 1458
4301 1951
5930 4303
5113 1829
1539 3470
4027 628
3779 2778
9651 5341
4305 2824
8162 7133
2630 7644
5982 1460
2052 1022
873 6800
9736 4890
5856 2287
2055 1293
9868 91
3744 7860
7410 8437
7648 1435
1335 2135
9771 158
9805 6158
247 107
302 3978
7528 6214
5565 5494
6936 8554
9028 6466
7181 6106
5627 3339
7187 2888
8261 322
9076 6133
265 1817
5552 7137
6887 9042
8671 8299
4808 3421
4271 5468
3841 222
9816 2910
1786 5575
4062 5294
1598 6278
7110 1328
6294 8124
2690 7644
8062 2714
2489 3224
785 9558
9085 9228
2299 7264
7536 6805
3231 828
4175 9493
3024 3733
956 4717
3597 2871
23 4512
489 5251
8646 8777
7090 5183
8136 569
8206 8478
4557 1866
2750 905
2096 2367
1641 5170
6149 4336
6775 7242
7081 5070
5584 5089
5018 6398
5592 9114
9945 4959
1688 1983
4275 5536
2117 3594
945 7537
6234 3104
3312 8872
9894 483
934 2460
9060 6673
8993 5451
5734 2000
4328 5547
6069 8140
8712 2957
1120 9231
895 253
1032 2968
9790 2762
6161 4696
5469 3422
8301 1144
2974 9257
1516 2034
9042 2310
4568 8390
4570 2047
8389 210
5906 390
323 212
2968 1491
5932 4994
106 5812
6761 4095
2320 3899
1250 3985
3242 3945
2555 9431
5514 6174
1997 8349
9476 4615
1837 520
9973 5421
7652 5959
6700 7956
4446 5552
463 5453
6316 1550
8611 7735
676 84
5221 8931
3445 3119
8333 2506
4940 3027
1196 5977
7051 4399
9573 7557
9223 3014
3262 7549
2533 758
2872 978
4525 7134
7639 1536
2167 9268
4094 8079
1816 8287
882 4474
4615 9279
2743 7923
6270 4184
4269 6390
3928 6097
1318 840
263 1958
9225 27
8277 1042
7067 8665
6535 4640
8940 6459
7634 3794
6215 2972
4232 4229
842 7677
9168 2152
1769 8067
5007 6477
3073 9905
8778 5350
5822 5872
9076 2563
9733 618
8745 2958
858 5177
1644 6086
9046 3852
1303 5793
6798 5400
361 7754
209 3950
7513 1181
3975 8895
2418 2447
9947 8656
386 9504
9632 916
7501 7213
2867 8874
6883 1916
3465 4070
2369 2181
1687 1595
5286 8120
4515 5991
4267 1725
4456 4630
9714 5048
5255 139
9058 9847
8160 2281
3943 9737
8091 4396
9154 3893
9178 8451
7803 731
2608 4799
3793 9389
4318 1663
6095 3913
7549 3066
4935 1073
5308 5785
6373 6109
301 9150
2634 2987
5151 5801
4435 5631
2568 4619
4648 6678
1286 6512
4493 3357
5417 3476
4210 6452
7354 5050
9409 9673
3122 9342
1786 7966
1843 2084
6318 1110
6779 6423
8747 1825
8189 9411
120 70
6914 6059
340 2288
7320 331
8619 2579
8061 1497
7624 1496
5220 8947
3517 422
22 6328
5130 3769
6620 2579
8082 5757
8333 3124
5556 5863
9955 4305
6832 5653
1646 1139
9284 1656
2415 4353
3352 4677
8615 5439
9293 8535
1320 1154
8596 6917
5934 1470
2159 5107
421 533
6861 1860
1257 805
8416 5229
1573 9147
4462 987
4496 6233
1156 9798
1662 2022
3552 8121
8349 974
2626 4923
5100 3903
1614 1227
5662 5104
6264 4206
8129 8555
1586 6349
8303 4012
6133 4689
7499 1743
4856 510
2884 8372
1204 6432
8642 445
5097 6988
2822 3707
5962 5746
3503 658
8821 5291
9263 2226
7580 3021
5651 5295
4004 7999
9658 9171
384 2879
234 6318
6449 9247
3460 7377
171 5215
6451 9293
2709 2490
8476 5229
2091 3609
5021 8282
5322 5012
7882 4490
7885 4007
9378 6498
7475 5829
2900 2435
9330 3074
754 2008
9307 1370
8596 6462
4350 4852
6445 5691
2825 6987
6371 3298
7007 476
7551 1128
1344 8640
9297 4065
2731 6571
3610 7671
8531 5286
4914 3847
9950 5384
609 4286
4480 6773
4062 4570
5027 6942
8826 1447
7458 4320
7277 5440
6083 3016
5155 9571
2268 2316
2294 531
5342 9397
7820 2457
8267 3146
7730 5947
9504 4516
6023 6348
6825 620
8170 3213
3096 5356
890 7130
3132 849
9629 2710
1964 3810
3058 2620
2845 1573
1009 2126
21 4466
6538 563
230 1607
9996 1191
5364 4433
6603 5876
9559 1190
8528 450
1349 8583
5227 7353
1130 6967
9098 3424
4614 2400
973 9235
2525 2507
2298 3282
5314 3565
9734 2884
835 2131
7647 3818
3419 6167
4109 952
8648 1683
6905 2427
6381 9597
9733 2659
5538 1738
4318 4509
835 5514
3130 9447
7025 4414
4158 9889
4251 254
150 8794
3531 7512
6029 5358
4904 4983
1602 4868
5890 2570
1268 5746
8785 4024
4063 3586
9414 4949
386 8512
5704 8981
9653 47
9384 8490
8751 8577
7013 9665
5738 8565
3582 6696
4053 6281
3740 1620
8435 2864
9560 987
2373 5095
6886 441
8778 9619
4888 7082
9129 4184
6684 2966
8745 811
493 4595
4980 3638
5164 5445
8961 5539
2925 2575
3422 9797
4857 4736
6381 8792
6629 6642
6345 6883
9490 2850
8640 236
8834 7649
7050 7638
6454 410
6992 7633
1572 9139
8857 1402
4285 4695
3512 8909
7244 7854
5281 7134
8672 5786
6924 2022
601 2034
5365 5327
1729 6090
8940 6540
1034 5299
3165 8047
1756 7913
1202 157
5123 9177
4280 1318
3802 4726
5709 8520
7196 1397
5705 5368
9064 9400
4332 8274
32 9057
4392 1909
4726 1031
1744 332
3733 3027
5637 7304
8933 3440
8212 674
4905 215
180 2512
9605 8219
5691 1124
3125 7493
3140 9279
3445 6128
8039 7320
3844 4147
9286 7126
5712 8767
6075 6375
4280 513
5521 8418
3990 7355
7016 7572
8250 2255
3890 2987
5232 1899
3984 9038
9335 3231
1926 8458
7494 3440
2123 8972
9745 4792
7188 9749
8957 3810
6591 5329
1054 5496
439 6132
1203 4838
5038 5416
5150 5657
5998 7444
4601 5415
1519 6764
8465 315
9702 5095
1665 6589
9786 4042
1823 1513
4909 6699
396 19
1970 4192
199 9304
5156 160
3535 1833
5457 3306
2031 4845
35 8149
3381 7782
6139 9527
2741 6698
7851 802
9879 419
2468 4819
5013 2511
8219 8553
8004 4427
2436 9445
4575 3039
693 6779
9305 7502
3924 1766
6601 1829
5417 4257
3519 3932
6139 9877
4916 6715
7157 9631
5505 9739
1355 7837
9851 249
1024 5980
4104 3804
4819 6001
4001 5554
8866 9653
4496 9697
1232 5902
6700 7850
1261 4388
2541 6586
7680 4838
4743 9574
9504 9940
4034 4913
985 9408
9994 6569
8225 2682
5114 5545
9092 8683
6605 1547
4172 3342
7415 598
3055 1330
4299 3117
7752 3401
6568 8081
5945 8856
3121 9497
8775 3499
5421 9610
9309 9068
1002 6729
4077 1203
7215 8831
2917 4779
3975 3178
3734 83
3290 9491
4821 8302
2772 1392
5853 6234
1178 7894
7431 727
5412 2327
6279 8328
7862 3165
6840 259
1071 857
8951 1631
520 3952
6092 5469
8886 455
6022 9611
8264 4084
5205 7891
1067 334
2684 7587
9141 4357
7911 6440
815 3496
1441 2238
2215 5796
6953 4458
5296 4222
6852 7035
9467 6220
5575 2856
5320 7999
5948 5316
2581 642
6153 2338
2147 9984
6958 1045
1307 6560
3146 9688
548 1058
1272 1089
745 1572
7899 2242
1087 5473
1980 2115
5557 4155
8304 3459
7891 8016
4746 5633
5747 1246
8021 138
8076 599
3901 6746
1201 9143
5122 4577
9012 7868
607 8404
1908 7315
1509 628
8377 7128
7689 338
1283 5011
3302 2630
8878 8053
1526 7398
1552 2203
4358 5120
3771 7804
4927 1076
2797 7598
3736 2333
6871 4028
8963 1186
4890 1948
4169 5598
8028 6570
6314 2390
5319 7723
2764 2173
4451 7913
8706 3223
2357 1260
9912 5657
359 7120
923 9148
259 2752
7485 9152
3686 1815
5212 2534
5171 281
2441 6973
5519 7380
1125 2866
5636 1549
6190 2889
9875 2742
6697 4383
446 5961
2120 7332
6948 1750
4820 2683
3336 7071
9468 8245
1904 5987
961 930
8182 6232
3947 8164
5318 9726
8987 4158
6186 87
9694 6494
5685 1791
4630 2909
5779 7842
2205 3067
209 5617
9538 5200
4027 4336
2850 3771
4679 2047
8445 6992
9756 4339
1664 6126
950 367
5683 4347
3933 3920
8005 277
6862 9122
4644 9381
7729 4543
2177 3678
9123 3645
4743 6354
70 3179
744 8785
4331 8103
6035 4398
1613 8416
3674 6261
6912 4671
8841 899
209 7845
2480 7220
3170 1251
4006 5687
3575 8884
8818 1854
4124 3464
7078 8531
4838 2807
1166 7323
8353 3969
553 8786
2749 2914
8287 5601
2311 2688
9905 9292
8819 1675
717 2774
4710 528
1898 3458
7660 5853
6077 4600
2550 1923
1507 3802
8940 3133
5643 7526
720 9838
4545 5564
6374 3840
5016 985
9185 685
1812 1405
5814 2685
6259 9717
409 5223
4041 6970
4103 1432
7155 7788
6348 1838
1952 661
1683 9104
4228 6796
9608 8143
3476 5471
8918 7696
1769 1708
9671 6213
7465 5735
734 9894
6092 1094
2229 9048
4686 6893
2668 5712
794 3529
3729 2130
7860 5510
4842 5154
2103 4213
2201 584
8489 8687
705 1959
5330 1710
3499 2607
6057 5422
6988 2548
1418 7493
5277 2049
9838 7265
9089 8867
68 7939
727 2657
3433 1206
2968 9737
2834 6539
8539 8400
5855 7166
6476 3312
29 814
9927 9185
9681 3494
2052 87
5753 473
5410 9933
2182 5795
7249 9651
5594 6078
1562 6087
2147 2576
5910 1588
8896 9576
4032 8331
6408 5248
4259 1140
1678 785
7617 4570
4501 7089
1980 7539
2362 1417
2078 1658
8795 1573
6952 5119
44 2226
665 4788
7767 4514
9565 7641
5862 7182
5965 8061
5436 8471
4180 5169
942 343
7318 4129
907 1288
4298 694
376 7287
6329 6244
8965 6306
1866 6097
1116 4845
5570 3748
9157 6476
403 2694
1189 3603
3956 176
7841 2369
1161 1555
7257 3072
2486 9188
844 5820
7434 4462
249 2227
8030 8657
114 5974
1827 103
2697 6375
3289 4035
3607 2624
3848 5719
1449 7098
136 256
9074 6599
6243 6069
6770 8215
9191 4151
6486 2040
8294 6609
1317 5077
7043 7815
6239 5546
1473 5590
6010 9658
4454 6064
7821 7328
1894 924
1250 7238
1028 8357
8323 8478
2432 1731
255 1991
4422 7280
5291 3528
8622 2129
838 1817
9986 8936
863 9229
9234 1195
6023 444
7803 8627
6036 4813
9864 7226
7280 938
8274 8212
1669 5128
60 1900
1545 2618
2481 88
6710 7009
4910 803
9323 9531
2506 1838
2268 9594
1728 5708
7882 4197
1978 9266
729 7135
818 5672
9106 2299
3006 9708
8199 3315
4243 3908
4592 8980
3873 2877
6614 481
5428 9252
8382 5651
7138 3864
6324 7323
6484 5326
4736 1562
7511 8576
11 1607
4018 4729
2337 7105
785 247
2994 5160
7539 7591
6949 178
5348 9673
9780 4091
3775 9108
685 16
3758 833
311 7911
1715 1285
7162 4608
4010 5218
2492 4360
3760 4289
4161 5387
4107 8534
2259 1156
2546 4596
7264 1128
4662 6312
4724 774
4060 1548
8385 4013
6740 1882
5931 9849
8923 4820
8419 2843
52 453
8758 811
9392 9994
1071 9477
510 6966
2119 1526
3335 1265
4455 1296
4248 7611
5485 2565
4590 932
1868 7542
2585 5648
4546 4043
2030 4837
6323 2883
8408 9450
9026 8331
2677 2204
4733 3869
932 6285
308 42
4669 8580
2062 7758
8127 2792
1124 9461
7755 934
1179 6916
4474 5860
9207 3424
347 9015
2637 6188
4564 1589
1978 890
173 756
1198 3933
8734 4143
3438 7405
7032 1478
8166 5379
2044 2641
2228 5202
7491 5964
7639 5862
5464 6949
7016 2473
6113 979
9608 4118
4438 137
3063 5249
7987 129
8355 4497
8379 9809
507 6644
300 9549
2403 6896
9252 6176
205 6279
6084 9259
7199 8192
5117 3054
3876 7200
1500 1615
1037 393
3120 8385
2733 5495
5540 4850
2928 5182
3391 742
5543 8531
2018 265
4609 1308
1457 4170
7685 5806
8492 422
8177 1350
6012 7289
8268 1468
62 5597
6843 801
4886 9695
8295 3291
2763 4556
5497 5153
6498 3018
5190 3690
3013 8114
5181 5856
6898 3891
9950 3831
1202 3247
3993 5132
4841 503
1635 6512
6389 4953
2631 4787
1173 8144
4272 3766
2152 2308
259 1573
3151 9926
972 691
5695 3983
3386 6009
2088 7369
5030 2253
5384 6915
4978 2063
47 3760
7309 5653
3692 6466
3379 1805
6767 940
6178 6961
2071 1723
6713 4087
6928 1797
3263 8238
1756 399
742 7934
3039 2114
8018 9533
2662 6328
1172 1102
5339 6391
3844 821
366 8586
9193 603
6152 9123
3910 8988
9696 5361
9754 8749
819 9093
4797 5061
3687 6472
602 4140
4372 159
4888 5179
8098 1541
1025 301
4586 8224
842 594
5547 7444
5449 6909
7254 627
1409 7057
7011 869
223 8658
2831 256
4921 7921
752 1051
838 7241
7875 6572
8157 9668
6753 5714
4479 406
1894 9731
1649 9146
6212 2357
3225 1314
7963 5638
1485 1575
213 4156
8520 4243
2037 2088
5562 3938
5718 8615
422 7713
7738 43
8858 74
3875 7997
580 2637
7734 2553
3152 5158
4585 9850
7013 541
2590 6586
3863 3449
1191 1478
3646 4912
1288 4794
9003 3057
8323 3298
6004 499
9782 543
3581 1484
2484 8792
9994 1365
1049 1021
584 5388
7117 6906
954 4167
126 7920
8648 1553
9461 4285
6190 9899
5285 7578
7926 1568
4978 453
9660 738
9427 8838
1794 7941
5800 5930
4081 4816
1474 5492
7019 2934
9125 6968
9163 1036
2490 8583
4331 4964
79 6919
6261 7456
3830 252
9869 5399
2646 2680
3903 9590
2680 1510
6231 5335
3956 6218
2058 5893
2777 4826
6626 5110
6486 9237
5573 639
776 1370
1488 3296
7004 2252
4330 1706
6441 3078
2337 8691
2974 5370
5162 4488
9799 6508
7498 9176
8119 5322
4251 8768
3172 8738
9304 5748
6933 6923
8640 106
6690 3001
6561 901
477 6591
3594 6926
6901 1723
8365 1564
4755 7712
2408 9281
7492 1410
885 8079
2129 3450
697 8028
2287 4790
8673 9264
9881 4978
9325 6975
6977 5690
165 2505
3083 5663
9533 7678
1324 1710
3490 9205
5197 136
8727 9500
3646 9718
3920 2373
2841 2343
5110 7307
4107 2199
1505 7383
2341 7655
1276 1669
754 8912
9935 2181
618 5641
5907 5372
492 7222
3604 7213
8838 67
2604 5032
6649 2976
1950 78
7764 2663
2545 7835
9704 8849
5905 7928
4477 3580
992 8676
2009 7074
8201 8299
6401 2093
8300 6026
2095 9477
4063 4879
7950 1483
9233 3198
12 7120
5767 8344
2527 9107
9929 6873
2819 6475
8062 5861
5207 6435
1227 7388
1931 5289
3061 6008
8225 1129
9625 3429
7562 4757
2956 2050
5891 651
6099 7770
8557 9223
2640 7671
7493 3839
5918 8863
2546 7255
2515 5690
2794 941
9270 8341
2415 2076
8332 1376
7678 2838
2732 6856
7646 3300
1302 8851
7212 6980
8167 2248
6088 9459
8454 5688
4531 9427
3316 6126
6552 7873
4682 928
9193 6027
8699 5492
196 5493
4530 3540
1071 9103
7265 575
8846 5919
9785 9322
260 4165
3030 255
8594 4163
4645 4429
383 2286
9896 3676
4706 8088
5981 2772
1091 7476
4267 4254
8019 5359
9935 6987
9806 4133
5627 7909
4885 102
7239 1232
8713 6679
9955 7639
9699 3512
2768 5331
8484 211
9707 1121
5039 3952
956 4026
7363 9377
1642 4731
6654 1710
2292 8785
26 7502
7767 570
9477 8014
457 9940
2573 7492
6234 8479
5062 1842
2844 6265
951 9694
7085 7531
4717 8223
3251 8309
9443 3118
2903 429
8128 2619
5084 288
4079 769
2031 7293
964 6896
6664 8413
3581 492
4637 9398
6531 8069
4950 1227
2856 3242
6754 8306
1455 717
3858 8879
964 3863
8243 9143
1369 5080
767 6732
6369 544
5560 2095
5066 1560
3510 8546
6120 971
974 794
4098 2300
5206 7232
2252 2165
8043 5298
5467 5287
4911 7284
3285 2951
3722 2952
8878 5345
7656 5037
658 5634
167 8026
69 5239
8188 8281
5946 7392
8023 3518
2209 1687
7659 8691
9283 9945
844 1071
749 8381
8115 6490
2327 2874
2027 9752
7619 9292
6571 4411
2953 2370
5941 4015
3353 3243
4827 7936
5598 643
2647 2263
6661 140
5441 2911
8020 6603
3574 1899
9821 9247
84 8149
5091 4784
4664 9635
9014 1799
5125 2116
4369 9717
6136 699
5891 6530
8322 3908
6207 2794
3992 5980
2564 1632
348 466
7230 2138
1564 6621
8312 5849
3905 7489
8754 532
1997 3470
4402 1125
3296 5718
2024 7545
8722 7410
2370 2520
1434 4296
8844 9093
1304 9141
340 3207
2327 8485
4973 9989
1513 6282
8369 2569
2364 1170
7279 4632
4949 1644
9020 809
6969 3652
7020 6623
7796 6090
3718 4256
6951 2322
8055 8236
2281 8490
1006 974
5842 5833
2604 1007
8784 7887
2223 8485
2911 1689
5433 4847
8953 6353
4932 6551
9846 7159
3967 4179
7203 5926
730 8623
4738 3302
720 1519
7628 5166
224 4321
2376 7946
7137 1142
2844 3850
1471 3373
2004 6088
2216 4281
5610 7368
2334 1304
5300 2224
5891 6075
9561 4896
3052 7936
4203 6526
1467 9266
7995 6276
2026 6786
870 4846
2933 9934
4796 7794
6066 4386
4259 9841
2671 8244
5937 2286
9825 8160
8056 3519
1456 4943
6285 9385
7873 8730
8778 471
4222 4297
3943 2630
9025 6764
2446 2649
5956 3467
2754 550
863 642
9756 7242
9264 364
210 9876
2350 5570
2004 4933
9075 9510
5243 4699
7232 224
7228 9904
922 4605
9690 5841
7424 394
9088 1077
6166 6845
5214 8842
422 9917
2222 3291
7638 5049
2426 88
9554 5953
6758 1472
104 8295
4889 6049
350 5318
1310 930
9519 482
7600 5696
8493 6502
7436 3787
1118 4143
7780 4351
3580 80
7711 6466
4913 7574
122 9251
1397 6941
1793 525
5593 4300
9418 26
3602 7948
9882 4856
3220 484
7834 1554
8949 487
2111 8913
8448 2945
9705 9101
3814 2354
1658 3491
5804 7903
7723 3443
1320 6879
8727 5743
5776 6609
2500 4709
6925 9290
4368 9329
9321 9111
1069 63
6571 7257
8498 9074
1156 9107
4518 2857
3016 6696
2429 9380
6598 5670
6132 4177
8590 5630
620 6094
7223 9105
7195 7057
5008 3623
6620 4116
4414 5890
3944 491
6084 3355
9568 2952
2076 1506
1453 2281
7107 3453
5245 8447
9512 5272
6019 5589
6950 2715
7106 9644
8042 7114
5361 3145
7950 7525
4650 8237
6295 4706
3461 6157
3963 7307
1840 2168
2631 3421
2373 2631
5891 3310
4883 4274
9124 1376
5108 6836
9941 1598
4490 7955
4951 8350
5352 9448
787 6742
2998 1902
1599 2456
8748 2028
8751 6463
9461 7562
505 7029
7532 5672
6699 4917
9244 3363
6417 5985
4455 8119
8366 2865
7963 8110
2082 8467
5905 9782
6879 1320
5074 3438
1669 6608
5325 805
5413 652
5227 4434
7896 6888
371 7968
9602 4010
4781 183
1076 8723
7158 6370
1759 6501
6719 3290
2008 9457
8114 5246
8391 7998
1085 9940
7484 4850
3568 338
3685 8093
6295 6934
5706 6539
6057 1104
2230 4551
3097 4890
5734 7806
8731 7285
7020 6786
6769 3003
8001 3275
2687 9341
4303 908
1130 2893
6223 4964
2028 4043
5016 8694
5639 5667
8151 3219
5606 9691
3576 579
9281 1686
9928 6223
5783 4665
6908 9204
2644 5480
5567 8982
7895 2475
1186 3175
3042 3274
3720 2960
1708 4977
5627 4502
2038 193
3939 4953
4880 2767
7705 5734
2261 6846
3909 8494
2717 481
9938 2373
3346 7822
1355 4300
8569 5021
6327 4132
4933 9948
731 7856
2846 302
4740 5389
610 9781
567 5947
5830 6709
1 840
9990 2913
846 8745
3243 123
7430 6818
5819 9933
3604 7457
8119 1378
5942 8054
8645 2922
5728 6782
8899 3970
1043 1338
1980 8832
7056 1100
2753 2366
8991 6942
7279 9251
7181 48
8294 5324
264 4983
8390 5032
4651 9080
9972 398
8920 5197
6047 1058
5181 8491
4185 390
6544 1864
5236 8952
6385 1053
5762 1828
5414 4528
9379 6650
7753 7979
4238 401
4396 8157
8465 6495
132 9351
590 3813
4334 863
63 7302
3893 7536
8745 2348
6226 3625
1126 3793
3330 8362
1243 5132
3299 2633
747 764
828 6610
1058 9516
3274 4266
220 2001
3077 7135
2850 7910
4856 6048
9584 3268
269 1893
2760 4984
9207 1066
4907 9019
8142 1496
9262 773
1053 1975
1385 4434
8699 2353
4213 4666
5059 9790
4770 3271
1762 3603
2193 6041
8638 5460
5954 4226
7485 9453
1688 2341
1495 4198
6083 9709
655 20
498 36
1253 1632
8782 1425
721 1771
3641 1592
4986 4185
3104 1387
2140 8285
3864 1075
8093 3832
5760 1327
8117 8390
751 3865
6622 2820
7651 2733
6809 9062
861 7443
6155 4108
6786 7358
4291 361
4786 6756
1856 6247
6281 5910
6745 8488
6060 4221
7956 3719
9673 5918
1659 1946
8322 5762
6672 2533
2534 2146
6830 3873
9011 5984
8173 5639
2481 8147
8827 4177
2998 560
1728 3968
2194 8871
631 4106
7725 3971
5023 6295
7067 29
3374 5920
7902 6492
7131 7369
4827 5602
1437 9804
1869 3045
5692 4360
8940 7622
5728 4017
1239 2649
1813 5365
5854 6573
7838 1754
2080 6648
9366 6683
183 6925
5245 3267
5656 9217
5346 8237
989 9240
4305 2645
4334 1131
9232 1206
4247 1886
2944 9318
1726 6500
3338 6239
330 6571
1469 4400
8635 169
6895 6846
4051 1193
9004 7391
3268 4719
2960 402
5771 2909
4172 9067
719 7285
5480 481
1713 8143
3542 6419
5947 4828
4605 5916
742 7454
6191 5188
5847 1214
3587 9545
5727 3741
2164 5571
9106 1632
7798 1550
6722 8207
3571 1845
7301 4127
5470 5024
5279 8462
2380 9518
1198 8609
1289 1557
4866 3597
5001 9649
2601 1758
6262 9161
8414 6370
3860 4607
5621 8576
5205 7200
7116 7730
8231 1001
6362 9742
1097 8153
7723 6452
971 9734
914 9200
4579 6923
3393 8524
5845 363
4950 2894
1906 7733
9122 2111
6288 4316
5295 6312
3117 712
6496 5019
2337 3755
1776 5408
8176 3172
1087 1399
1584 2205
4631 3299
8115 9312
9046 6438
6871 1109
2196 2769
4035 6651
3916 4485
5368 6975
2226 4863
8358 6037
3092 4223
4685 6918
1694 8385
3652 9515
4053 9859
1355 2503
8719 6201
3067 6610
9187 2105
7788 2659
7693 3553
9711 4734
6010 4348
6006 1196
472 7296
4364 4244
1642 4438
7526 7762
3912 6594
5407 5748
4727 5989
312 598
3882 7883
1642 1405
5532 4696
7461 170
9489 6203
8343 787
9422 4981
9454 9400
2324 7626
9010 5976
5061 8494
2819 7605
3411 5265
7779 8558
8139 2485
6055 9352
3044 3751
6115 7905
849 6091
546 2118
6549 7608
508 5798
3348 7545
7613 9959
6928 3440
7446 5123
6083 5334
4340 6078
1773 6183
9493 8954
1600 7164
2803 6698
9379 1470
1494 352
497 4858
6856 5257
2336 1570
1584 245
987 2241
4642 9799
3078 7842
9520 3580
2615 4368
3296 1319
9959 4381
8118 3836
8486 8958
60 8617
86 3422
5758 9307
3816 2294
2921 4825
6116 155
5271 2049
9859 9812
2653 8982
6027 5001
7789 2055
4689 9214
999 2601
6296 8609
2481 7155
7357 5027
1447 482
41 6281
8763 3695
9843 2112
7627 192
1599 9921
8091 5022
1840 6600
5016 4132
3240 2484
7352 1650
3864 8727
7847 8045
7842 7701
8208 2574
3015 3305
5128 1340
2927 7622
1091 5923
1612 7123
2011 4388
7282 9175
3165 3249
2327 6314
4311 2249
1210 6554
9414 5762
9856 1943
7148 315
6551 2311
4718 6545
2908 6067
1328 4331
260 7873
1361 3690
198 6995
5857 1341
7415 4981
7136 5566
3435 5180
5897 4123
5460 1116
1628 4219
888 4409
5551 1234
1189 7555
628 2792
375 4598
9802 4716
2317 5195
6228 6357
8941 9083
9494 399
4149 7906
4116 5514
3243 5360
1591 8474
2553 4913
528 2561
3728 4651
374 8510
9463 1436
5597 3457
3575 7038
6304 8045
5349 5607
9671 8555
3516 3425
3103 7982
6654 8801
2697 878
5030 1131
6841 4463
6619 6336
2166 3871
8673 7174
3594 1803
8017 5557
820 1807
7855 311
6800 5593
3689 8456
1160 4881
5800 6418
9315 7580
1404 5241
3924 1156
5476 844
8261 9300
6635 49
2534 9343
6533 6188
784 8916
6978 388
3392 4678
7217 404
5637 5084
3827 4606
3398 8630
1650 4866
8219 1877
908 7639
8988 5091
1245 7032
9511 702
3048 4087
3858 9554
3980 4067
1580 340
3264 8815
681 1217
5908 6486
3573 9570
6178 8067
2915 7880
9821 7694
7550 2657
6990 7164
923 4887
4646 336
3097 4329
8852 4799
5216 5562
4208 6526
7790 8910
2408 6736
8726 6380
1185 5072
6883 9926
5073 5284
5360 8724
5771 9756
2555 2999
9644 2520
4927 8842
4633 1979
6407 548
1809 9036
780 4205
3741 4027
7529 7041
8618 5507
3420 5140
5947 2226
2511 9493
3010 546
9887 1874
7552 4958
2426 6911
3722 2472
5651 5116
2300 2076
454 1941
6085 655
73 8665
1200 3451
9410 5857
1261 6356
454 5324
801 8815
7771 6924
5176 8391
6241 2299
6511 6132
1757 1275
5480 9556
8133 5061
6261 9367
3991 7184
3774 8647
4323 9643
7752 5369
1628 8220
919 9975
5695 9895
1743 6480
4632 4736
4482 1005
3179 2021
2360 972
3418 4289
1592 9694
6260 2699
1153 2450
1839 9571
249 7147
8272 3311
8549 1899
6059 1662
761 1845
148 3308
5313 7699
738 895
5552 3551
2094 6306
5311 3839
6338 7843
636 9663
1407 5376
3031 7384
2090 2400
8442 1628
2776 6111
133 4878
635 6028
8973 1264
8723 7505
7252 6493
9003 9774
6792 8952
3120 9304
5142 5723
503 624
5389 5600
8503 8670
843 3698
120 7275
7012 9635
8769 6345
9808 5448
1489 8010
3675 4803
487 5756
8716 268
5163 6950
5787 9029
1350 1435
4839 3628
5403 5656
5284 8408
585 5510
3324 6451
1416 5438
6180 8731
7543 6268
6428 6581
5829 1334
8446 1346
2780 5829
3282 6979
393 2307
6205 4065
107 5885
4685 6544
858 7739
6522 9599
7906 843
7508 6432
7259 3476
16 3488
1971 9982
717 7507
1087 6286
3179 3444
151 2400
5754 5482
9403 9842
3789 8099
4630 8715
7961 7316
187 7692
2570 892
8428 9411
3879 3828
1366 1887
4342 8433
108 1922
483 1045
6623 8496
6628 8840
481 4382
9952 7024
854 3432
4281 3993
1972 384
9284 8056
3280 3095
2906 6826
814 3252
8505 1121
9276 244
7047 4478
5235 9589
1849 4865
1350 980
7664 3888
7753 8841
9804 5998
5394 951
6982 3302
5516 2634
2957 6010
9345 4895
1248 6338
9581 1230
8593 3570
2705 9172
8653 3621
9393 8349
3830 3131
6409 6823
3231 8464
3510 1463
3443 241
7902 2898
4660 9250
4658 6925
1578 4937
4040 8044
1172 4249
6554 7
6063 9569
4152 1869
5471 5493
8231 895
2102 7566
5803 7952
2633 7956
4032 232
7674 9837
2603 9245
5456 674
2966 6853
7510 8682
8630 8713
5832 9821
698 1333
2252 1848
8072 9883
8354 147
3524 4902
4993 2835
9654 5249
3052 5846
5579 8594
2303 7448
2655 5621
4943 8383
1092 5020
5008 110
7258 860
7036 2733
5420 4750
4143 6987
4260 1910
6495 5038
2885 7022
3785 2583
8650 6682
801 1057
106 266
6062 5156
181 5513
8555 9828
931 349
1258 2464
793 6831
3002 4574
397 415
7114 4494
8860 1015
7552 7349
1137 7772
5335 8210
7140 1928
7663 3955
2692 7731
2131 9384
7487 6173
7205 7241
1276 10
7449 3437
6449 8426
5650 6501
5576 8272
6231 6254
4884 582
1303 1052
5045 1439
5017 9971
1089 6950
8184 3253
4192 9107
558 4281
1828 873
7502 6831
8612 6174
9119 1252
6598 8118
8993 9249
459 3521
2322 627
9519 2125
6685 3576
8571 3140
4286 9873
4085 5453
4131 5798
7054 9300
612 7146
1565 2341
6011 629
7080 1072
5116 2379
5272 7056
5888 5110
4183 2174
1469 8645
538 5103
1027 1884
2272 6525
1065 1587
8059 3500
676 3532
5719 6994
4951 4382
242 796
3077 2199
2829 2097
2165 2871
5504 2087
2893 9437
1398 3867
4849 9740
7203 4454
2669 4067
1265 4277
8944 631
3443 7625
7581 8012
9876 7781
1765 2348
385 7870
7606 2592
6795 6322
6389 4880
5802 6066
798 8948
5019 4674
9654 5867
7161 1195
3217 8221
3315 5346
4805 4156
1534 9770
2460 2388
8356 7227
9288 7207
7509 1878
3216 4586
1998 1768
6354 9962
62 4369
1562 3867
2894 2091
8093 5312
9452 5359
5728 3269
4133 6917
9916 3773
6562 6878
2298 8072
7716 6493
863 2553
1138 4478
4004 7446
1229 4596
575 6058
1392 6280
7116 7437
426 5935
7425 8946
9252 4143
8691 5796
8350 5503
6762 3906
7631 154
3305 6132
2286 6907
3427 1399
7358 4691
699 8164
9185 6304
193 9524
5981 6724
3522 8052
576 9262
7391 3296
8726 5201
9001 7126
7380 9553
7003 9603
9995 2322
6970 7211
5222 7611
6505 2156
1431 4299
6448 1622
8179 3527
8034 7310
8616 4282
4166 8504
6659 6006
5592 5609
4919 605
4920 9875
2243 3396
6624 1289
6674 652
8270 7028
1136 3600
2422 8996
3806 240
1918 4767
9724 8810
8644 5145
5869 2295
4748 5045
9466 1577
3368 3397
9317 7870
3128 3910
8663 7080
9714 4308
5597 2546
5631 7792
8064 1833
2859 4459
1866 6455
307 9760
1248 7574
8524 6921
8183 212
2983 9598
4418 4537
2491 3474
3549 8289
1967 9890
1804 2544
2862 5107
3550 5481
1639 4197
3395 1406
236 1599
9487 5433
3888 4722
3855 9500
5966 4456
6177 4676
2316 625
1173 5306
817 3981
3289 7776
5001 4713
7926 4878
1917 5989
1217 4854
9262 3221
635 1466
9100 5145
5519 3363
6611 7762
6769 9102
2748 9300
6084 8999
3030 5980
2402 6411
7378 3733
6077 5576
587 1425
557 9130
5347 7228
9808 7302
9837 5788
317 3227
1867 8504
1000 6667
7378 7116
8211 1455
3393 555
2801 3649
872 1005
9588 8467
7379 3554
9982 5388
7052 715
7119 2691
8491 7107
678 1139
6598 7126
6894 9928
3255 4004
5123 2208
980 1477
5367 2568
9329 7425
7947 4950
2037 405
920 4055
7766 6824
8855 5290
9409 1712
3958 8069
5264 4318
5207 3784
9792 5614
2944 2772
9472 3946
1626 2002
4184 7069
9220 9360
5476 5894
6102 8800
71 8432
7108 7763
9534 4043
3768 9076
7971 9858
1956 7771
9516 2713
2740 1437
744 1735
9763 2590
6497 8548
559 8371
6440 1598
3751 4184
278 5877
8203 5670
5684 2783
5376 2630
1014 8951
959 2828
8705 6820
5534 9632
864 5974
4873 3507
1951 7777
867 3239
108 7159
4469 9281
9701 8478
1955 3732
6680 1435
5525 5355
7834 1050
4312 2127
7639 3992
8721 1287
8779 4675
2282 2814
8561 8919
9717 9361
6037 3436
8750 9572
7852 2006
2807 9051
9528 40
4 6405
8275 6835
2714 2444
6196 7630
3828 8322
1211 1894
6839 1091
8026 3098
3425 735
9421 5054
5470 3739
3419 166
8806 3438
7930 6019
4219 4945
618 1730
6313 2149
6645 4608
8957 6990
1791 4805
7168 219
419 7936
5610 7132
9347 6421
9099 2909
4553 4417
7020 3704
76 4564
9291 9495
5857 593
1280 2788
6209 4428
662 3907
4278 5875
7127 6984
6287 9222
9693 9660
6603 5486
8878 7232
4950 8375
867 7695
655 9502
9762 4542
9397 3101
7432 7970
7778 2191
95 8347
7776 1364
2074 3938
7215 3017
8022 4803
5661 250
4867 5115
4414 4581
6145 5732
2532 1783
7888 4988
2411 3708
3226 9519
1820 2486
4101 8965
6861 5121
321 5842
1973 3482
2602 243
518 7110
9694 9861
8513 5390
4958 4829
660 3029
1878 3595
3800 4314
6327 1400
4825 5239
1657 1906
8534 3234
2560 3400
7601 5281
2611 3365
4628 5075
3671 2564
7093 1283
375 9811
1399 3718
6273 6425
795 2291
3883 3386
8611 1360
2575 4058
7205 4907
9261 2408
9546 5021
6903 3788
327 9770
4623 7333
6543 4973
7150 4419
6199 5163
7575 2905
3781 6492
1627 2040
4526 984
5274 5573
3643 142
380 5617
1625 4596
71 8245
3495 3627
2435 3647
5759 7493
4984 8628
8786 9066
3857 1010
677 2578
4226 8986
4947 3084
8312 6931
3751 3997
953 5105
9354 663
2975 7159
4260 5537
7982 3794
4788 4902
8456 9312
9439 212
6279 7320
4281 9043
47 280
4367 8817
845 4232
1452 2924
1598 9165
8764 4180
3929 8591
8781 7567
161 6983
1589 4915
5326 4958
1840 8698
9999 2471
2786 440
5575 1498
5666 862
2436 6477
6973 719
125 4293
5513 4003
8123 9260
2987 7519
3761 6913
6818 7197
6632 3809
18 7055
1296 7672
5196 9399
6650 8552
89 9150
2360 3607
5588 1329
5658 6986
8056 7634
5933 2495
6525 155
2008 9571
6387 221
49 8970
9070 3482
1447 8191
8040 9760
2221 7585
227 4546
5827 8111
2379 1755
5925 5236
4478 2366
7533 7485
7605 9805
9718 1424
470 517
9938 3642
8594 3903
6264 8085
9394 2266
2799 4034
9956 3467
6687 3492
519 409
2187 8351
9735 1778
1247 559
5730 4364
9266 6403
7185 4119
1199 2770
1051 620
4662 7906
8764 2220
2573 3849
8421 5264
3818 6992
6738 397
1843 4003
2904 421
3647 4666
4925 5283
6418 4364
170 9623
354 5014
2651 5610
3377 6468
7227 9606
6943 9847
1188 2961
7132 6336
6230 7696
1586 9423
8403 4284
3986 4482
6415 279
6403 9344
5016 1587
2979 8300
6903 9667
31 6431
6471 7758
6244 8533
8117 7081
1546 6991
8614 1471
1119 508
8834 3689
2788 1535
1265 333
8075 439
9884 7862
7823 3601
1040 7570
4780 4878
9544 1755
2751 5036
8319 18
2403 2074
4873 4288
8314 9473
4799 6059
322 2042
7628 100
8343 7959
2772 2880
2870 4169
8524 4587
4986 1721
3145 1930
6701 9509
3215 6833
3366 7002
4510 5175
9341 4028
3019 478
6133 542
5813 1126
8063 6040
6812 7246
2729 6566
1149 4830
7051 3098
8298 4402
7926 8960
9635 718
1104 5087
3237 5252
6157 2067
7576 9335
6029 2821
8112 2899
4368 1685
5966 2472
9448 1242
3159 6500
917 5611
2288 3009
1223 2685
4368 5068
2783 7152
7881 3151
4339 9965
2739 6099
3952 7075
8778 7082
9688 3331
4886 3718
104 9645
3401 3000
7781 9336
2490 6526
4300 588
1091 1418
282 5221
846 7249
7247 2986
3365 6726
9237 8535
4292 6362
9731 2654
4041 2579
6659 5445
5121 9627
3978 7892
2132 1341
5039 4310
6066 8314
3874 7542
9667 4332
4810 5012
1293 771
1177 9456
458 3353
19 6689
4217 7127
9547 3449
1226 2932
1666 8866
6921 3351
8349 1283
2127 7763
2347 5817
1626 9467
9102 6216
9133 1365
8104 698
132 1089
70 211
6413 8021
5322 6476
9274 3475
7259 6729
9494 5693
1464 1942
311 5935
1374 5432
5548 5476
6123 1277
7719 7653
4753 1071
6132 8910
9331 1730
9078 3536
438 4929
2986 9308
1551 7953
9739 2464
4634 2288
3161 1203
7242 5220
805 3410
6438 2951
6648 317
1799 5022
3069 1614
261 2034
3256 7856
1267 5161
7389 1483
6805 7848
4117 2708
1696 356
3437 9365
7508 2114
7009 4645
378 340
6494 3233
78 6464
9039 7341
9601 2880
4427 7071
1416 1470
6261 9855
1820 5495
2529 4494
7099 374
9832 7916
3371 5712
8003 6607
3574 5290
3538 3381
6287 5010
60 4730
7023 8084
5445 7175
2926 1282
8055 6016
2363 9278
1983 9057
2972 3909
4684 1600
1234 4997
2970 830
1638 3360
1574 8071
6309 6462
2001 968
8050 2639
8382 5098
1885 3237
4781 8299
6543 4599
6956 796
3965 8679
1281 7445
3218 7698
1382 1081
1507 29
7353 7033
8900 7131
8380 4621
6162 9044
8319 181
7663 4980
6779 1284
9963 9257
9557 8569
9839 7501
240 5613
7659 1828
8314 9636
2105 136
5165 4101
7558 4405
4134 2607
5562 539
8361 8701
3540 9038
1857 9833
5902 7777
1258 2334
9974 9796
4093 5989
3040 764
9667 8333
9230 6080
6057 1649
6740 1679
8287 1023
6769 6581
9281 1881
8694 5319
9005 485
9713 7927
4331 5753
1941 1960
7070 278
3525 6821
7907 1152
71 7066
3920 7350
1931 4655
7430 8168
5544 2942
2077 4480
3701 6488
3795 5369
3738 4835
5316 5744
2888 6385
4502 3541
5338 7977
3944 8875
8369 8538
7309 644
6252 7351
7183 4477
77 6507
6426 2054
3762 6360
512 6435
5928 8193
8538 7034
8928 7189
7860 932
6113 7192
1144 461
3248 7078
6214 7998
4344 299
4466 1982
7425 7393
5147 4595
6272 4970
4925 5714
508 5912
8789 7784
7271 6926
5864 1203
1189 9279
6072 4158
5361 8496
4776 5591
1187 6200
9621 4150
9562 537
1411 5127
7285 7763
4456 9558
4668 1335
8563 8380
1467 5436
7907 6763
3144 6324
9149 2061
4856 4015
4544 8624
7378 757
6631 6192
8579 5880
6815 7999
6366 4231
3883 247
2107 5769
1181 8987
871 8007
8866 8539
4814 7172
7235 3862
9762 7364
8425 8796
51 4481
3122 4471
9132 552
4682 8938
3438 6397
6170 6921
783 4403
5418 8225
442 7493
2959 9553
2563 9553
1689 129
4615 9564
2652 8844
6420 8200
7074 2574
4445 5211
57 3895
2302 8465
9616 6384
7219 8590
6572 4807
6099 2143
5008 598
2213 8393
4323 495
7779 6712
1301 9065
396 6744
5563 1382
5933 161
6039 7727
9448 1323
559 2012
6223 7282
5094 6007
3284 4775
1427 4451
3913 7952
3414 4067
730 2833
6999 6722
6782 8185
5117 3924
2598 1037
987 8316
8014 2041
9017 5651
2007 3979
6060 8954
7509 593
6360 5459
5357 6767
1033 7156
193 9394
9377 6344
8120 2817
1208 2434
1488 4703
3169 3081
9795 626
3708 6742
6929 7457
4754 8544
2823 5827
7795 9823
8829 8582
5782 2570
735 8788
1640 4693
1423 494
6397 7569
6339 6810
8111 8716
6174 2801
9692 9896
7333 2006
3181 9857
9036 8279
3905 9888
7914 7421
1567 623
9368 4322
5496 8750
2119 7552
4232 5587
4486 6635
7760 4702
7101 5820
5317 6563
4396 3709
8714 2751
2401 3451
5577 5147
5376 727
4945 3924
1583 3004
769 801
5903 2873
369 7475
431 1937
4262 7277
8274 2829
2639 2461
4408 686
5720 7303
1195 9688
450 5370
3094 9457
8949 7879
8632 5728
8477 8823
9439 5262
3628 7112
512 9631
3251 4910
5809 9977
8287 31
8844 888
626 3502
1658 7850
8279 5051
1780 111
977 7866
6220 7252
9828 4441
1710 5007
2238 7378
9361 5729
3196 6327
2920 4931
1206 6413
9585 8820
6371 4388
7157 5297
5192 7160
8769 5036
7181 3439
2733 8488
4820 5302
7050 3922
2889 9001
5470 2186
5026 5178
206 8369
5469 9131
1541 6110
4616 584
8358 971
7979 4358
5238 6000
4493 1682
8505 3650
2197 4694
5514 5117
8881 6381
5990 5046
2781 7374
969 6069
5322 8330
2244 753
3019 3755
5443 3372
9684 1228
6416 4107
4425 7001
877 9863
7185 2403
7004 4277
3394 6261
901 1589
7530 5821
2327 9274
7067 8763
5570 8782
5537 6390
5074 4414
2858 9664
4718 3089
6430 780
8150 8912
1304 6897
2949 2612
2048 7580
1110 2867
5838 6503
1664 4207
4692 5251
1445 4843
8329 926
423 6101
2002 9864
5863 1083
460 4448
5645 9491
3472 4989
6550 5396
6304 9127
3773 1719
5674 2315
6644 5031
6952 2932
1255 5850
3829 5034
4524 3573
9899 4576
6449 8727
10000 5382
8350 2153
1091 4695
3737 5445
4885 354
1970 1631
3334 8438
500 9889
6601 5334
4667 8762
3366 6441
9183 8543
8376 6757
7911 8872
5886 104
3303 5338
456 168
7123 720
7245 2403
5218 3388
6786 1300
5191 4948
3200 5590
9984 6727
9301 7451
7248 9467
837 6626
9011 2959
5931 5889
9129 736
796 3592
9882 3417
4959 5729
1877 7078
509 9951
8663 3380
1789 4979
8190 7132
5574 3558
3674 6570
9503 3771
2094 8998
7996 3102
9157 9550
2280 1806
3713 82
230 7503
8162 8467
1959 8581
4610 7423
5909 9671
8146 3046
7010 9652
3258 1407
6196 6695
833 8735
4859 1711
5294 8055
3823 7043
3355 4723
96 1272
8334 6480
4571 5216
7952 3180
4359 607
5529 6417
9015 2677
7626 4673
5973 1927
6444 3764
6687 6932
1883 76
6786 6911
6839 9955
5158 8167
8145 542
5084 2768
5495 4554
7453 5684
8306 7815
1357 4167
9942 6450
6165 592
4151 8952
5278 2984
3621 5754
5553 4909
5706 5905
8318 1409
7612 6845
9966 7975
2812 889
8875 6430
9625 7682
819 3710
12 1924
8539 65
3996 8260
3960 6351
9099 5357
6100 8461
8065 4346
5138 9770
2459 8880
1409 8090
9150 1158
3148 9856
6495 2574
3578 9440
9175 9324
3020 8358
9763 3078
4231 7753
9797 8324
6970 5284
7674 3185
8300 6091
2491 8768
4408 9143
860 5589
306 1997
6252 2789
2640 5858
4842 8846
7583 788
8176 7718
9475 2796
1973 5580
3962 1859
3373 7880
4278 3785
9073 2981
8541 9536
3255 7070
4621 4124
223 8536
4182 7460
4767 3949
8510 7190
4890 8486
1848 566
8503 6019
9626 9731
8964 4916
4862 4186
7876 9304
378 3162
5543 6799
4576 3600
1705 288
6191 1358
2770 9657
4329 690
7128 8098
1175 473
6467 6137
4046 3785
1866 4528
6097 942
8089 902
2268 8480
5219 444
3515 7532
1459 3615
650 7418
3761 4555
2039 6176
6806 8986
2546 1254
8704 3649
4350 8333
1821 4004
7839 4110
5838 6316
4998 8554
6459 2462
3728 5546
7742 4177
801 4554
7575 5003
706 7700
7857 1683
6234 9699
5150 9325
7724 2093
6803 5655
7287 2092
9009 4635
6645 2063
6419 8698
4337 9976
1567 7470
848 3619
3595 9339
8104 4943
5384 8216
6812 6148
8868 3649
7372 4270
3865 7887
3576 1368
7278 4608
6565 8873
3666 3513
3578 1414
6007 7791
4629 2806
9613 4907
900 1126
91 4929
3195 895
4098 6553
8272 2433
2850 860
9168 1258
6931 713
6050 2950
5991 5753
9604 4040
9726 4969
5237 3601
8325 3198
4281 8108
2096 2091
2443 5582
7322 719
6881 3228
9837 2706
532 8435
3745 8478
2305 9031
6756 7663
5008 8063
1 5012
3446 1271
1214 1824
2244 8755
5606 9675
4854 1180
2543 5412
7894 6021
6216 7160
6247 2309
3138 337
9604 2885
9767 4569
8951 4949
4405 9463
8825 6530
7679 1114
8789 457
8921 6238
2765 506
7861 7012
4432 4870
4678 8309
120 9780
4899 2801
1918 9874
4623 1405
7071 5580
5732 6939
6262 3721
9622 3060
4207 2658
1963 8112
2959 9797
5641 4542
8695 391
5882 467
2681 7574
3772 6867
5611 5831
5907 8633
9954 3240
7037 2936
4048 5230
500 1676
9089 695
6630 2023
5030 5327
2323 6553
6932 8777
2801 3145
3762 8027
4564 3053
3347 3089
1442 5757
3353 7041
2032 2590
3258 7181
4256 2119
2886 7575
3941 795
1379 4654
40 6013
5484 2649
8202 5719
9412 2260
671 2847
827 9776
3709 4609
8163 9174
7666 2706
3528 1565
1819 8309
2528 6554
1160 3011
3240 5070
7691 3702
9566 9493
5232 5030
1275 517
7002 6109
5913 1227
1959 3401
2449 784
7901 4451
5196 88
5476 8773
9731 9745
5075 8429
7095 5519
206 6840
3797 642
3325 1586
6466 6479
9792 572
7116 9779
1113 2791
8764 9929
7900 7609
7905 7953
2888 4214
9918 2374
8483 8189
8915 3682
3913 975
2160 1031
5683 8470
1602 2201
6332 248
6268 4959
146 2975
7768 5211
9907 2215
8919 4555
5798 6730
9664 4709
695 3217
5764 1484
8987 8631
6401 7932
3748 6011
5028 4045
1819 4121
7877 9318
9167 870
4497 7792
6202 3558
5044 1545
1181 3083
7714 4601
6571 9282
2032 8551
8844 5320
1244 6815
7375 971
7016 9898
8933 4611
2432 3008
119 9823
1745 2078
9453 9750
465 4044
4016 1453
9124 4556
6650 4852
6632 9908
3795 5426
2014 9850
1587 4121
2788 9244
703 425
6458 8065
2767 8367
150 1939
2830 6437
3262 1930
9146 5254
9017 7318
9762 8226
8580 147
4650 6879
362 3515
771 7884
9228 1122
7736 5649
3935 8065
1005 3392
7199 1280
1884 328
9129 362
3779 6771
914 7411
2132 7977
7173 9858
8347 326
1497 7237
2309 2951
4151 6350
880 4794
5942 1890
6167 4452
3851 5334
1617 9224
5347 7342
9932 9172
1930 1053
4426 5242
5314 5704
5415 5756
8744 4284
3787 596
146 1015
2364 6391
8954 4279
1520 5477
675 7371
7420 2918
2530 452
4703 3456
2538 5231
7352 7887
1385 2808
9382 4167
1625 1514
3555 4760
7688 639
9411 6036
5786 572
4767 1347
3948 4462
6162 9719
7898 5552
8025 409
3742 3805
9843 5666
3453 3702
2049 3912
1486 4738
7346 3504
9896 2294
3084 5525
5128 1511
8995 846
2639 4128
7116 3981
9762 9649
9848 8669
481 6350
4524 3467
9541 790
1982 3040
1581 1942
6920 4042
9126 2268
9377 6051
2128 8527
6401 8550
4177 3359
792 7151
1040 837
9197 4363
1729 8229
454 4877
7599 6959
546 7095
3870 5279
7507 954
5757 7697
3895 6275
9647 3818
2954 2045
847 7962
4023 8904
4445 4463
7657 1652
8371 241
6560 8960
1424 3055
1737 1300
4815 2461
9489 6992
6645 7755
5691 9679
762 1623
3884 2302
5711 3915
9823 3081
8701 2977
1892 5725
6334 107
7473 4352
6821 225
258 6412
7130 7396
3496 8986
1445 1249
4898 7949
2100 9811
4729 6450
2554 367
501 2383
928 2450
2431 7881
654 3379
6326 9264
1342 1501
39 8179
7599 9537
9062 108
6591 4085
7900 6267
6969 9141
9808 1618
3548 5362
2703 7256
3417 6599
8341 7895
6560 8155
9650 3661
3919 1333
8179 9065
5280 3705
6874 2838
5718 898
155 2096
8548 4209
3001 3688
9976 8557
2319 7266
4189 8549
1274 9072
3912 3545
2886 8811
3633 4130
9784 5354
3810 9684
7106 5066
4437 9028
6242 2746
2940 2631
2322 3750
5739 8541
8855 6022
4244 2971
1870 5346
6543 2859
2090 1148
3709 2812
4930 9311
5954 3218
3955 2087
59 1233
4740 9187
5692 774
8061 684
5137 6379
6090 4984
7186 457
3232 2631
7903 9897
7586 7746
277 3755
4067 9094
3730 4039
7157 5354
2229 6568
7246 3891
5749 1658
7265 1689
3357 4208
6829 2290
951 8580
2501 1779
6897 704
5864 9717
3192 3582
3094 2293
9513 2743
9782 1470
6022 6139
1135 8108
1063 6542
5015 3541
1658 3719
3714 5384
8039 7849
8153 2501
3366 3920
8667 5166
5616 8834
728 7195
5019 4414
4766 3968
9272 9477
1459 3509
2367 5347
7103 930
943 8288
3704 882
8370 7804
8368 6977
5412 1083
1086 7061
6618 134
7249 4138
2299 1621
3474 1359
368 4566
676 2467
6062 5514
9973 3266
1940 9043
3714 1196
6174 9892
5028 4476
580 9525
699 4521
2509 4999
6213 9066
7271 8219
9513 1938
4623 6642
1163 9351
3866 4219
9375 2004
1597 9054
1621 7196
6698 5324
530 2241
2811 2304
9746 7774
3075 9732
5534 1988
4011 7202
7058 2634
397 6034
3449 5220
1677 1062
1976 1129
9980 249
6182 6346
5194 8686
3733 8362
2176 1914
3631 1669
3565 9717
1814 20
2352 7243
9909 4920
7576 2415
41 4305
1636 1411
1006 7431
6618 6095
3337 6857
5701 7
3956 6340
8383 414
9152 5880
6663 2081
5135 6951
7848 255
9809 902
2525 5077
6341 2969
279 1036
1798 4748
4599 7321
2292 1873
903 7279
4191 5052
7119 9652
1212 8788
7241 4165
8526 6707
773 790
1442 390
4308 9774
5751 8738
6641 3611
7929 5670
551 6046
2067 6077
9720 7626
8326 8524
6917 8390
9 1333
7822 131
3025 5026
3376 6007
9167 2724
7447 5172
3491 103
4309 9595
2711 7310
7943 2343
6601 3431
1915 9066
5833 1573
9496 4885
2309 8993
3897 8338
5762 2861
5889 8298
9311 9269
7806 3011
9213 2318
1470 8423
5476 23
4390 5238
7850 2529
2096 4913
9247 5312
7822 481
3678 6695
4849 8943
9016 8570
1958 8362
4473 9595
8184 8417
2257 8429
6584 5305
3232 5827
111 1586
1009 2736
422 5420
4749 44
8892 775
8262 6795
4993 2656
3566 8332
3497 9693
194 308
2031 9025
6829 5486
382 2988
5852 1599
7039 2852
7140 2904
2773 3219
1031 6817
5107 6326
1817 1310
6109 5547
66 7828
1778 5519
5942 711
6656 5716
6876 1518
4076 2553
6851 3151
1108 5724
7615 8273
9916 9742
3006 5268
4597 4884
4129 2564
2319 2086
1703 3251
2214 7927
5959 7831
3375 1543
4844 1728
2041 9662
2721 3005
9231 9235
1036 9389
3028 9349
3806 3981
8728 4450
4950 2154
7288 9167
6761 5486
5073 6691
3744 6486
2803 1502
1402 8399
4733 7000
2644 9359
9710 5678
5704 6908
3364 9648
5730 1713
4225 1871
4456 7631
807 8189
593 9169
9917 8408
741 9821
9234 2716
9886 427
2117 7563
7681 9219
7651 6344
9009 3537
1755 5669
6025 8427
4377 1861
9382 1833
1947 5839
3067 5870
4275 1584
6993 1648
2005 5063
7485 8526
611 4463
6185 9059
2125 3667
1003 6973
4750 7704
9155 5991
6369 5204
1259 5438
2355 157
4717 5312
5949 6338
3872 1544
5141 7333
2931 8611
9552 6566
8996 8563
6353 7330
2748 3242
2829 1918
745 8785
4759 7416
7216 6015
5855 2889
1462 7645
5166 5296
1052 9467
128 680
8404 1454
6540 6375
7748 6253
8271 1864
3078 1841
9952 242
2116 3150
4069 3936
6624 9486
3537 6327
7773 8003
5851 2366
8616 3030
4187 8129
4911 7406
2051 8390
9699 9595
6867 5457
4842 3105
7491 8290
7106 1309
4443 9223
3963 5388
4625 2289
6767 5226
3097 743
757 3483
257 1625
250 1208
1908 8462
1963 8169
3871 2766
1371 8257
5636 9917
8191 2635
9629 7671
5135 5959
8848 1444
6040 1864
5045 9449
8526 5365
7478 484
6504 6694
3990 8315
8314 756
3370 8607
7780 7238
9397 5069
1427 7785
718 3124
5159 1068
9713 3585
8985 6064
29 5531
9322 3205
2386 3926
5715 8870
2795 9049
3447 6760
9608 8672
2688 4264
6495 2794
6951 3599
2350 1236
7916 5971
5331 8880
7733 602
2215 4983
8574 1218
3089 1575
7359 8497
2992 8058
5106 9701
3590 3254
6076 6001
2924 6611
3118 9860
4524 4061
7951 5376
6315 6017
5766 5021
3276 4784
3618 7931
7078 5222
908 5476
9805 5402
9301 1173
3105 2458
4261 2146
3923 5534
587 173
4133 2900
3881 6062
3263 7181
7743 6551
9450 3898
7963 2353
9668 5289
2173 2074
4698 4749
3545 9496
8862 695
3483 1448
9944 1400
3846 6226
8763 4099
358 471
1288 4542
7501 228
5897 350
7395 9601
4085 3209
8355 5213
7419 7743
7290 5643
9088 8770
755 1046
4681 3240
2747 1006
5142 2137
8879 2180
1838 7611
8603 2282
4730 3132
1772 575
3270 6416
4701 1613
1961 6863
6844 1742
7676 4524
5943 5956
5592 4975
1757 2145
9016 357
7334 8170
5001 1501
5426 7157
8550 8663
4899 3476
164 9249
4317 5006
2414 3583
8907 8708
3967 6879
450 9054
70 3171
8693 7436
8471 8555
5331 7270
161 2535
9803 363
7918 4407
4202 2989
4489 2265
4795 3503
1840 1217
6033 1311
8527 8837
6906 4848
6161 3940
9896 3156
5873 7445
3827 4216
6473 4966
9362 3222
6693 7184
4258 6654
7336 7061
4481 8389
1181 9101
5118 5068
6312 1076
8552 1138
1578 5539
3947 1285
2639 1957
9017 6570
9473 6621
7699 2390
2191 7459
5933 7846
5620 3185
3753 1419
9102 8371
1690 2747
6646 6964
9466 9587
2869 9774
3929 3338
2280 3717
3455 7619
6939 9468
1521 4631
4829 8698
2957 2424
9798 2597
1363 258
9177 9834
7408 5193
4292 1296
9767 251
1580 8594
4969 7173
6929 1960
8919 8263
2945 5423
9015 1555
9116 8777
4593 1409
7738 3792
9983 8362
5522 1872
8259 9156
1795 3271
6215 338
6865 3638
5800 4068
8105 8689
4989 4792
7699 1585
4306 1352
2443 6875
4372 3103
7479 9166
7531 2940
5211 7056
9805 1832
4865 3
4183 9997
4769 2924
2773 6228
9865 9430
1219 3461
3423 7276
6871 800
1893 2651
8307 9173
8778 4594
6068 8555
8623 1273
2673 5997
1019 5278
4495 850
7710 8136
4683 9946
8862 6924
3496 2277
2609 4669
9748 4307
4276 4869
358 284
2655 880
9480 8434
7018 3829
8821 7300
9129 1037
1666 9411
1040 89
4627 2817
5489 2058
941 9909
7701 72
9910 4985
5705 3376
9476 8665
5978 2222
7060 5933
716 4314
6566 2392
1285 6686
1130 9781
308 2799
1428 2830
2429 4859
775 4894
1275 9381
1583 3118
1337 3843
2636 6091
5683 769
9182 8568
5629 4670
3349 1045
7485 4769
3350 8063
8267 8188
7897 2993
1319 1732
6649 1464
2108 6322
3130 2812
9415 7234
9599 3379
760 9847
9284 8471
1758 1779
8133 2711
5087 6723
5612 2407
8039 8711
7041 3947
4274 4368
807 6660
9021 6556
8718 2583
4695 6118
250 5022
8784 4334
4479 4773
9122 9991
9220 7116
2768 4274
5498 7381
9641 8112
2982 8175
2330 4048
4656 3130
8985 79
327 3175
9650 9329
361 8421
7928 4534
5939 8255
8055 145
6656 699
8051 2655
8662 4529
3190 5845
2008 4936
7665 2619
357 8652
3963 5014
6888 2927
8968 4986
1853 4244
6579 5555
4893 2669
3365 7539
3158 7438
2346 1144
9065 1886
9476 3672
6298 5313
1382 1626
4954 4076
9971 1399
8971 6388
1599 9962
5321 8973
6565 180
190 3412
4106 5672
3954 7530
4890 5754
4606 5995
9427 3406
5005 3260
6849 3322
1806 4024
5932 2896
7430 6485
6905 3631
6724 1341
2238 3654
4129 2808
1329 8007
4094 3753
639 3396
4089 3409
6081 3369
6430 4277
4692 5365
4465 6140
6280 6962
3538 88
6899 9451
8293 1383
9762 6486
3537 2115
290 5871
3000 2664
3877 9353
5961 2486
3617 3572
6664 9584
6887 9067
8542 5470
8721 7687
4027 9297
6412 5576
5087 5113
3989 6561
5346 5781
1309 6200
3055 9137
5450 6104
4519 8978
8967 1677
7781 9694
5200 9339
1150 4635
7571 1748
5689 6120
3422 7618
6448 7835
7563 1106
3131 272
3165 5518
5997 3240
3034 6755
9942 3986
1325 6329
8637 8339
6278 449
7742 290
9796 7544
2219 4327
5099 5473
9300 9592
4340 6387
1420 2402
4441 7193
3787 8655
7488 1871
7863 1748
7388 4673
1604 1930
5356 8697
3367 340
2276 1047
4146 5740
1348 7602
1971 6827
9490 5932
444 5883
1836 4158
9372 5122
303 2268
4425 2122
7835 5742
3053 1089
5700 9611
4451 6726
5504 5535
8702 4546
5899 6064
4536 6275
8858 5059
921 7915
1457 1479
3749 1731
8946 8289
5837 1399
9412 9782
5018 5268
5465 5957
1320 4399
6774 2477
5771 3031
1194 5980
8350 307
8294 3381
4951 259
9221 3017
9133 7334
2025 9291
7383 491
8685 6420
655 1915
3013 3918
6900 522
4601 6269
2832 1628
4723 782
7746 1482
7527 620
7967 7308
6245 2513
8146 2355
9216 3023
7958 9474
5043 9997
5475 6244
2364 2691
5413 2360
3417 5664
5872 2682
9855 6164
9146 749
4125 6690
5587 9868
9577 7351
6657 4120
7027 2899
9441 4080
2784 4216
1044 5231
7706 2433
2405 1187
605 1397
3256 7409
9970 637
3032 7701
4206 2333
6800 641
8906 3921
8200 9357
4055 7799
9065 8115
6424 1293
2742 1711
5011 6675
2373 9950
2090 213
2957 2050
4483 7687
5541 6086
7970 385
5511 1713
2960 9868
7456 7519
5188 5409
7963 2597
2075 8199
9355 5036
9138 83
4592 4597
6269 3233
8576 4517
4023 4854
6142 425
1260 9154
2000 2548
3500 2800
8747 8721
5760 7678
4516 5891
997 823
2688 4053
1747 6239
3705 6615
530 2111
9549 7130
4604 4957
5378 4351
4170 2221
2365 1333
3576 7898
6284 3110
2053 6696
3636 1533
3328 3632
2765 4458
2116 4012
454 6438
4628 66
8640 4286
3294 1769
3010 2010
5312 2950
2265 1102
8858 5677
9603 9995
7268 1001
7713 7279
8212 8912
6777 3393
4631 9382
4285 8745
199 2132
2633 9607
3564 6733
9512 1182
5747 9671
1299 4140
974 8544
7486 5775
6116 4815
5742 8546
1250 1245
2872 8842
658 3585
1913 3252
8310 745
2833 5881
5662 8967
3484 4121
2983 5825
2456 9314
87 7152
1580 3227
7438 7582
3610 5923
588 8077
5373 5831
7560 597
8139 5185
5279 6169
5499 8387
4775 1940
7111 8126
2630 4367
7021 2948
4560 3449
6494 21
7509 1756
1624 5377
9191 736
8635 9903
1071 4639
8163 3677
2991 9449
3486 9428
5697 1582
872 265
5450 7340
9409 5510
2251 8104
5954 2901
9 7969
1504 7123
9553 8672
188 3016
3457 7909
3245 3300
5454 8213
776 3940
2980 7755
2763 9972
588 3889
5476 3276
4600 5857
9729 4175
217 5639
5475 6057
2137 9695
251 4469
5585 3219
8924 8851
5027 4389
77 1872
7119 2301
7461 5448
2074 2930
4257 5868
8758 4617
4468 6088
7150 7249
2965 6292
477 6128
6177 3481
6362 6644
655 3956
3148 2212
6857 6623
7170 4868
4618 3753
967 2730
2992 5082
5473 8239
6008 5365
1644 8607
5598 17
1895 5974
6039 3897
8403 3463
645 3618
6811 6628
2766 6432
9672 9252
9868 6158
2766 16
5250 438
5962 4616
1486 7617
803 8341
7018 690
2797 4964
25 1631
395 410
5395 2290
3096 5031
7330 5880
7608 7322
2246 5800
8106 4566
7948 1728
8598 5028
4427 8665
6447 4257
6693 7696
2369 8085
7135 1625
7608 4289
2896 1186
4423 4759
1250 5246
3731 1233
9100 9561
716 4558
8310 4746
4423 1726
1938 8249
8523 5793
37 1991
3332 935
9395 6476
3763 9789
4570 8569
9704 7231
4966 2907
9363 6938
5061 5396
2881 5385
9892 3495
7368 4428
8087 3361
7366 3601
358 9172
300 9167
5214 2605
9283 943
4501 454
4585 5817
9258 3330
9069 425
3623 710
4335 4888
1807 8331
1913 9481
310 6098
9196 5835
6166 958
7747 2138
3032 9287
2246 1962
9180 4578
4634 1922
5227 3190
9841 9922
3365 2522
6712 1656
9547 5311
9490 8941
9461 3285
6873 2513
9492 2571
3764 9586
917 252
3384 3703
2818 7264
4812 1635
4163 3441
7809 9782
6031 5055
5220 8785
1913 8326
1003 2655
3812 5089
7829 7401
8202 6451
9790 5796
136 37
5048 6234
6977 2462
9851 3039
5945 1497
3799 7486
5077 8103
9693 5082
