7000 100000 100
2837 4952 4348 2055 34 1649 4446 6371 1926 907 633 3811 4915 4109 5966 3209 4000 3415 6210 6619 3635 5937 1537 5482 2401 5302 4024 5379 684 144 733 895 389 5531 127 1223 1218 4289 659 4445 3112 6349 120 4364 6439 5717 756 1303 1245 3722 3658 5656 3772 6936 208 3260 434 2988 5376 5472 2278 1111 1783 2123 6427 289 1097 6407 5183 5246 4776 20 3220 3594 4265 304 3460 2770 5371 3428 3627 6676 491 6181 1958 4536 2605 2741 536 6066 6881 2720 2196 6012 4256 1765 4712 634 5276 863
1551 6782
2276 3251
5597 1164
5468 5480
4669 3555
6405 5804
3638 6979
6964 1072
4388 1815
3078 906
6000 4937
4221 6024
52 4072
5052 5952
4651 5608
1174 766
1657 3394
2037 2861
2469 2518
321 1264
6088 4003
5620 2437
3034 1738
6523 3931
205 4287
4023 2252
2306 4971
281 2619
5461 1626
5643 354
137 2840
2993 5120
2895 1579
4852 4736
1705 6444
3270 675
3457 6917
2834 522
4291 4110
5848 4142
1889 5218
490 6526
1264 5920
5374 4259
3132 3370
5286 2160
1201 4817
5219 3567
4247 24
1193 4175
1136 3641
2745 3863
2991 886
1005 4124
2908 5547
6806 5693
6429 3491
3490 984
2373 5388
5456 6139
852 849
5482 944
2844 809
263 454
543 2723
2742 6948
1348 1430
1907 3114
720 1861
6284 5769
1127 6157
253 3149
4673 2468
6848 1381
1433 3231
3699 2262
8 2564
6593 862
4110 1042
5854 3906
1640 3709
5721 3562
2416 3930
3319 5424
4358 4527
1514 5290
5466 3043
3537 6815
5285 4163
6780 3317
4127 1396
3000 948
3099 173
4506 3644
1168 1620
982 5402
4282 2438
1321 2616
5301 5046
2317 3520
1006 511
1637 3761
5949 6021
4175 1036
5644 5385
5699 5092
6850 4436
4212 3547
1184 2503
5922 6827
4353 3028
1715 2139
6973 2557
2434 1826
567 60
5417 3127
1993 1329
3271 2700
6662 2106
5729 4153
1049 3217
4975 5411
6255 3445
4161 3208
300 1409
4283 4137
2046 4346
3130 1714
6872 2101
3250 6734
1677 6169
5497 1551
5438 4354
4156 6247
6396 5555
3667 5302
954 3330
1886 3310
2686 1673
889 1400
1725 1672
3942 4194
2693 2063
4863 632
40 6558
31 2308
6225 196
359 2339
5827 3533
4294 1643
4801 3137
2805 5687
2490 4363
5542 6555
4635 1155
6512 603
772 2693
5846 550
1620 4480
5078 5108
5008 3615
2981 1190
4238 930
2715 6144
2956 2823
301 75
586 6852
1116 3634
1608 6348
1735 5369
4529 6771
5155 3261
1793 3095
4134 3209
1352 5604
5285 2553
6990 5489
4526 57
2093 6770
5188 2620
4679 299
1009 2232
1791 5651
1075 3983
5648 4298
2506 1432
6300 2009
2342 6693
1096 1827
634 3459
692 6847
1098 1873
4135 6443
4334 3620
3861 956
838 256
1958 6703
2824 6063
5281 4662
1867 3552
2010 3860
4759 5489
6471 3180
1027 128
1336 883
3657 6037
1852 5903
6021 1439
2547 278
45 4942
2479 6001
5989 2655
1939 2115
5937 6629
3656 150
1572 601
2911 4877
1810 2644
5764 1224
292 1786
13 2371
2287 6181
1284 319
2345 3153
5084 4094
3403 2306
6228 2267
4793 3918
3022 2614
847 3701
1580 6504
4737 3986
1156 4456
3675 3933
2334 1459
245 1566
4973 5956
6437 3545
6965 5916
2605 6648
4472 1244
5382 3909
2285 4980
5404 1978
1665 5272
827 4173
1054 1146
6243 5931
4598 3046
6592 3833
109 1678
802 6560
6769 5223
45 4137
2846 294
6861 1779
2809 412
4467 1250
5895 5598
4403 3709
2161 2820
3876 6444
700 2496
2319 4160
3186 5997
44 1633
5042 6850
4106 2964
814 3537
6949 4228
5206 4972
1474 5273
1897 1434
4049 5059
1494 6679
1518 4821
3028 5007
2113 1998
5282 2523
302 1295
1895 3990
1924 2476
3534 6306
2789 1234
1273 1203
2629 3985
149 4436
421 2680
516 2917
452 5376
6551 6410
4183 686
2834 603
4869 4397
3717 4828
4016 5649
3142 2641
1658 613
4977 4115
780 6531
2482 3534
3480 1882
5174 4629
465 5207
1329 1111
5064 6743
4822 794
5590 6035
645 3862
5196 446
3229 1482
56 4221
1083 1055
649 4735
4257 1924
3567 1477
5378 5563
4812 6872
6097 4496
108 3630
5371 4392
6590 1396
5494 6677
2256 1097
4470 6354
1884 1491
3007 5957
6082 431
4497 4767
82 5792
4366 5250
1222 6475
6175 6257
6290 4517
1992 1963
1030 3272
3615 3746
5351 5995
1515 5946
3762 9
3323 3345
652 6480
3701 6903
2514 732
2075 4068
6089 2699
2228 5064
6092 6380
1579 454
1675 162
665 4463
5410 3542
5434 1684
3438 4234
4167 4609
6027 2952
5254 2248
2190 5711
546 5680
386 2015
6205 780
2411 4367
1217 1943
6241 437
3832 1128
3028 5275
165 6742
2293 5809
1037 255
6730 6263
3233 3428
6486 2870
6849 1232
2210 6713
6969 5498
625 4633
1332 2051
4632 6257
623 1554
3577 6621
4568 4552
3480 6688
646 2477
558 378
714 6553
2543 5583
1553 4844
4853 4132
2597 5065
4097 5317
831 4859
270 6512
2094 4444
3415 2479
2637 5595
6018 6565
6677 5447
636 1385
4617 4040
3720 82
4962 5206
1378 1995
6173 4601
261 5645
2682 1581
2926 4193
754 2545
943 5450
5823 58
532 4418
2578 477
2209 5306
13 4762
3138 5769
901 5224
1806 1129
4144 2480
128 3022
1900 764
5069 1289
5294 3851
4821 1187
6381 1490
4626 719
4572 3866
5620 2331
6963 1845
2169 6257
708 5933
729 394
6887 2789
1549 6549
5212 3445
2512 6596
1447 6272
6681 2132
5454 3732
1939 318
669 2972
3905 1309
3132 4769
1601 3706
2779 709
346 3258
3520 4127
6414 2727
5820 1988
4856 2470
3677 5242
2868 3383
2178 2936
4411 5237
5593 6146
2120 2177
864 5291
6621 172
5557 3456
1393 1848
2575 2757
4722 6792
1081 6457
4125 2372
3409 6366
3471 828
1764 4235
206 3978
827 2376
5158 6541
3116 6494
2009 252
5760 4165
670 5775
5892 6536
5854 3800
4646 1670
4546 3718
1810 42
5199 5037
6689 3847
6912 5582
6291 768
747 6180
5632 1886
432 4856
344 2757
3833 4950
1125 3322
3086 3969
1553 2079
713 4317
183 1119
6468 5541
1984 4517
267 66
6314 5074
3501 5150
2601 3173
2637 2830
3597 5612
3755 6198
4842 3837
1881 4015
549 6545
5000 5177
1390 745
3876 3492
550 2983
6044 6152
6589 3966
6367 5085
6396 3571
4992 4535
974 1998
2911 4503
6261 902
2535 5155
6704 4855
1095 3456
3128 6423
1463 2162
3400 1661
1060 237
2612 679
4024 4494
3427 6490
1725 3071
4299 6419
4824 2857
5970 4109
3043 3117
2236 1331
2666 915
2927 5386
564 6422
2261 3081
251 1761
3239 3406
2771 1840
271 2413
4841 3211
4264 167
5477 389
26 6746
3851 2472
432 1018
2519 4248
2080 3420
1015 3096
208 2064
3628 6372
2205 2368
6085 4217
6652 3510
1172 4965
955 6428
6979 6379
3403 777
920 957
3478 6024
887 4981
3416 5146
2819 726
5274 2662
4809 4023
3873 6553
4458 3042
2343 4180
1001 6022
2162 6054
6887 3757
5355 4721
7000 436
845 2476
2304 1973
2312 5998
875 3816
5940 4593
5291 6399
3923 6266
1024 906
4441 1533
2054 4427
767 5976
5218 4608
550 1023
5653 4536
4789 2216
2693 1152
2039 6778
2517 3370
5318 5189
1664 1239
4719 6358
6782 5030
1290 4970
5591 6287
1582 2338
4882 1626
3220 3298
4032 3176
1565 479
2752 1732
2481 6342
4785 1693
945 4935
4589 4033
1939 6547
3599 3294
3181 1091
4342 1123
4058 1364
5763 4300
2062 4668
761 5757
606 4688
4957 6122
941 4412
2847 5352
256 4309
3401 6692
1973 2344
4058 4747
1338 1604
5799 924
842 3652
4858 3110
6423 3757
3297 5588
2922 49
819 2702
1495 4971
6531 92
2649 1580
813 2133
6663 211
5078 4547
1057 4745
1862 3452
4854 2587
1831 1887
3195 4530
2355 6768
1760 3175
1553 6080
1307 2641
1133 44
3357 5989
5685 5898
888 6629
5002 2458
2625 5316
6861 2828
1916 655
636 2621
2874 6020
5279 4429
6619 6678
2882 219
2316 1528
6416 5595
595 6003
4671 5512
5581 1761
6971 3373
258 167
1213 1851
4573 1944
718 1091
3108 1878
4577 2063
5415 3162
33 988
6010 4503
492 5474
4886 3572
3420 2904
6661 4995
5252 4861
1859 3130
5040 1006
1060 1205
3785 4722
2613 4501
5686 5318
2474 959
992 6928
5464 6437
920 4608
5961 827
4896 503
546 1923
2666 1883
5024 5384
4556 3818
4346 36
2596 6025
6234 5308
1946 1944
5327 6324
3250 1530
3716 3023
1157 6399
3208 1304
6573 1741
6516 5371
1812 2129
2927 1816
4613 4702
2958 1129
5950 2516
1681 3366
5012 1967
4024 4307
2216 492
4394 3086
1565 5635
6478 2635
2517 3638
6200 6828
746 2334
5130 6160
6790 3661
4388 5523
6356 171
1301 6528
5408 1186
3923 468
2106 5235
3974 3439
617 2863
3048 6657
1243 107
3390 3388
1888 3063
3810 2284
6285 5596
5122 1731
5001 3656
765 6898
2948 6426
5873 4339
5778 315
6029 4098
270 6138
1098 2385
3873 2983
2531 661
1476 5189
3307 128
1197 5774
6305 3215
6577 1459
3683 2859
2532 1263
5921 6258
3379 5831
2223 3891
2935 1653
1598 3839
6768 1404
6166 3056
5178 5396
94 435
6532 5099
2423 3198
1529 5173
2840 1766
6596 6023
4108 1695
4041 473
4287 3912
4691 2275
1795 2848
4697 5473
1648 3552
2918 144
5851 4334
4380 3322
674 3346
1119 3208
6620 1132
2509 4820
1578 1278
6870 6942
2548 4748
5249 2953
1228 3151
6548 5201
3566 4502
5113 3846
2260 5247
2979 4934
6640 1003
3868 1834
6545 1897
3742 5667
5359 4252
5949 1085
412 1252
324 5569
5988 6675
76 5467
2743 678
5267 4663
2371 5236
2841 1213
1414 6889
905 4568
2056 3912
4805 6295
6331 598
4428 3339
505 662
4725 3333
6810 5736
3233 1444
6194 1266
2372 5057
2238 2613
906 4389
1460 5729
2668 1443
2231 5606
154 3064
3452 5689
1396 1772
300 2889
6187 3478
803 4641
2849 1454
6835 4453
5842 5695
2445 6474
4907 5417
912 4584
2945 4545
2200 227
727 4804
5056 2507
4094 3062
1482 4148
4249 721
480 1894
5485 1866
5708 3601
849 6864
4710 5253
221 3131
909 1253
5917 742
5951 5988
3243 4360
6347 6742
5020 2446
1930 4688
500 5929
753 4123
3984 1362
3578 674
6513 5691
5169 5952
682 5411
4257 6624
160 6992
5840 2215
6882 835
5046 4798
4665 1696
3916 3298
4321 4515
6742 451
6081 4906
3058 4206
2626 4549
974 4657
5779 4541
829 2024
1727 3174
101 5257
5744 5486
1847 1778
1351 3826
358 5822
5026 2991
6800 1560
6550 631
5304 4433
6008 3088
4017 5982
4141 1322
4588 2765
3021 1291
1907 5212
3032 5587
4918 4397
4326 321
3918 2970
523 6828
6388 5938
996 2322
1278 2008
3957 2898
5385 830
4008 5115
6876 2494
5535 774
6226 4829
6491 5312
2573 2979
486 3913
5723 3454
5900 4844
2782 5038
6369 3602
4036 1097
6711 6749
1921 2235
5909 6061
1537 5278
6704 3326
4649 3017
729 4021
5025 5748
1317 4191
349 767
228 2692
1059 2620
1501 3719
6451 6236
6754 3793
4792 5173
4547 5342
3057 116
6322 6765
6752 6349
6377 56
2177 2955
6819 1155
5043 5923
5685 2946
91 2579
683 239
6120 2874
6319 6467
4669 3238
924 6717
542 7
4067 1857
1049 5665
2716 5865
1608 6568
2255 3935
5605 6750
1107 1856
5083 1915
6812 2993
4057 1519
4523 3012
3701 194
1935 5650
182 1542
2776 6266
2463 1605
93 5634
1156 5131
1681 1569
1242 4151
1741 1620
1245 4422
22 506
813 1759
5947 6837
5916 5272
6842 2054
4142 287
3421 3937
644 260
4902 1503
2228 5121
6431 5903
486 2303
6000 6848
1356 1405
1920 4187
1641 4772
1130 5788
1973 815
5703 6103
3960 431
2571 1673
260 3653
1743 1292
5734 4635
6482 6972
2812 1735
1900 4659
5795 6042
1810 5897
1562 1631
4575 2397
1801 1647
5820 622
2981 2483
4474 4974
4453 4097
5912 3594
2732 2156
6694 597
3387 6554
2418 6692
6435 2588
3446 4882
4036 1715
1505 723
3287 6323
4410 3619
3321 2901
3873 3414
6268 381
982 5085
4473 935
3305 3896
6300 3302
6265 4247
1569 5030
3737 3526
808 5871
283 3017
3123 4764
2120 6072
2151 1221
3558 4692
2997 6345
2221 6878
4358 3055
3668 2608
1364 841
5106 1228
6226 1259
5145 6818
2143 4743
1644 3110
2394 2110
4608 197
5879 6813
1550 6858
2486 5082
6531 4524
1457 251
6529 2199
2508 2397
2738 5303
835 3880
3232 2428
4783 1891
5968 3071
3750 6740
1102 5163
305 4819
3696 3471
4214 5154
3557 683
1762 1237
6614 213
5392 6321
2565 3281
163 979
6145 4838
4526 3928
2057 3814
4956 2758
2093 4225
474 2561
205 4588
193 67
5356 3631
1772 4584
1713 971
4297 843
1367 334
28 1693
6005 1044
4262 1788
4167 4934
903 5303
2651 4903
495 3788
3604 98
525 5882
2072 5226
4511 6629
1460 3127
2162 955
4063 797
2378 5683
3314 3153
3539 5715
867 5996
5751 3729
768 5236
6947 2092
1477 4235
5393 5741
1257 2017
5367 4520
575 5595
1105 1623
4119 5243
3551 5725
631 1740
6548 1794
2024 617
3648 2625
3982 1747
6319 5125
777 4948
2365 4293
1599 5514
4292 6110
1584 4482
2802 884
565 5257
2994 1054
1841 5047
64 545
1528 386
2548 3219
6877 168
867 4841
3986 6003
4356 618
5507 6378
5292 2252
5421 942
4885 3591
1014 1104
2674 2769
6627 3376
2484 2645
853 3630
1078 2028
5376 4582
334 4728
2297 6202
2815 715
3878 4376
2109 6151
1225 2455
6154 4095
4153 6301
5032 3237
2103 6336
6924 5999
1004 766
1005 3620
4530 6224
5301 5347
204 5786
3031 3164
5861 3469
1656 1860
5422 6805
3094 480
1377 2445
6325 1883
2870 5690
1189 3148
2708 6860
6443 6076
2152 3195
2140 926
5347 4187
4822 2087
615 3815
5286 6917
6694 6826
2606 5802
527 4345
608 6027
4875 2098
6564 4501
2411 3082
6803 6769
3694 4797
5581 45
3913 2626
611 6675
2185 3678
5151 4598
5736 1087
5684 897
3345 6491
5489 3839
6607 3043
6349 3007
5660 5414
3325 2082
4427 753
5072 1457
6164 5856
3731 6153
4321 2986
236 6397
5855 2068
456 1445
2362 2385
958 2595
455 4226
6613 6621
3791 3925
3287 1948
4811 6004
4656 2683
4337 3869
1047 5269
3602 4403
5152 3264
1785 2754
5062 338
170 1963
2379 6122
1906 4212
5495 3603
6952 6437
2289 3196
5051 179
2838 4192
625 2543
2149 6599
4420 5974
2703 1523
6326 6914
6606 2767
5940 6878
3028 6918
4229 5625
4882 6944
4450 5035
3130 3438
6189 385
117 3426
4356 4619
2040 5501
6178 5888
2816 5722
5094 2104
4414 2345
3848 3654
4596 1073
5186 5076
4152 4065
5745 6760
1318 5516
4530 3459
6982 960
5963 1735
5994 1048
1918 1539
1818 4341
4863 2356
1476 3823
1854 3217
5830 4774
2910 5707
6571 5940
1961 6497
944 3935
753 4367
5044 1586
4044 5821
4453 4528
6313 4369
2705 764
5497 5503
3082 6349
6191 6823
809 4649
2196 1826
3261 2150
3106 4491
1762 5506
2293 5142
1238 4008
947 3078
6860 4888
2753 3814
1858 2181
4403 627
2624 1714
17 2390
6891 37
4117 41
1921 6667
171 6240
3402 1227
5891 1993
409 2621
6642 3847
1251 3839
4304 6633
3120 4897
2143 5174
1031 5004
5203 4975
4544 5339
4513 3774
965 6636
6163 587
6120 3923
5502 5042
4132 4836
2552 2346
1203 3017
2882 4732
2326 6729
2784 1191
3386 293
2073 6283
1913 4870
834 4840
6173 3934
3752 1582
4877 1957
4722 5052
2136 4353
5610 5514
2098 1617
5551 1901
3992 288
2156 5005
2469 3250
6550 3103
4236 648
3967 2675
4531 4703
2965 6837
6635 4904
788 4845
380 2576
2116 4825
5481 3010
3024 1001
6818 1578
5448 618
6540 5017
5690 151
2928 3922
2023 5765
1800 3249
833 4214
3388 2594
4790 1557
308 1360
6536 4494
2629 98
4222 2793
4595 5253
2291 3486
5524 1552
4075 2743
6028 3529
4011 5202
6396 1481
5905 4627
2729 679
4943 5936
1023 6940
2410 4117
6546 2179
3564 1480
2468 1843
6638 5151
4564 6290
6725 609
5916 5166
5854 4288
5119 4068
687 3234
1812 3609
4675 644
6972 1240
5486 2549
5541 2256
283 5221
2179 5473
152 6458
3163 5643
1740 2393
1523 3856
3626 1203
2423 5833
1203 4440
6150 1024
179 4871
1860 243
3823 1717
1576 484
1512 5195
172 1448
4604 2282
6675 6507
3879 5032
16 6570
1268 5966
3570 6906
425 4523
3030 3020
6426 2770
3437 900
1291 6889
3342 1794
5391 4540
3304 5474
5117 3217
6010 4023
6113 1492
5428 1389
2007 3272
1837 1171
2218 3492
2963 2148
6437 3309
1753 5607
688 5283
2685 6341
6171 1847
5878 5008
4205 6491
6103 1154
5822 912
4917 2755
120 3486
1 5484
3038 6644
5257 5075
5787 1857
54 5118
6150 219
6241 5999
4761 1461
1105 94
3324 5695
676 4118
4912 5794
920 4478
2035 4165
1037 5817
1814 2476
764 3938
5296 1246
5239 712
5025 6610
3600 1779
5152 1467
5620 3787
4281 4392
4646 3581
2968 4720
5518 3510
6853 497
3148 3375
407 5771
5386 358
1807 1655
993 5114
5738 4947
1378 5679
810 6161
3448 634
657 2913
3203 49
1126 1671
3607 4828
6315 4204
1000 3252
936 1547
1552 3765
3546 6804
4224 3484
4415 800
6092 1688
429 3436
145 3677
551 5119
4467 209
3751 4957
6707 271
4315 569
1039 1675
5247 6965
3776 5953
4562 446
2067 2117
916 521
2999 2097
1416 844
3814 5656
13 3908
3970 6169
1811 1373
5553 1006
2406 4966
133 2512
2275 5449
4245 1678
3242 2986
1289 2200
4243 851
3427 1985
75 2507
3991 4013
2150 4222
3518 1349
6386 5144
3834 6281
902 4945
3278 1862
3926 2837
177 5443
5411 1303
1 6907
3769 2099
2771 3751
968 280
1639 2205
680 3031
3859 4244
6622 4081
89 311
3258 6498
5906 1659
3726 2402
6773 4250
3946 456
6936 5180
3781 2109
861 2288
6488 4266
2885 1005
2632 559
6527 4194
1981 5702
2721 6266
5429 1478
6268 5431
912 2226
1815 3720
2658 5163
2601 4629
3126 1067
5431 5688
4027 5898
5168 390
4612 2387
1847 225
4856 4999
5885 3414
312 3924
4784 400
2244 46
1872 4604
6481 6828
4291 467
1550 2109
562 4449
4017 1396
6601 5432
2164 4254
3674 4440
5007 5518
1826 1226
5160 6514
1046 4269
4933 873
6092 6494
5402 6047
6680 6664
3323 6842
1797 6123
4964 5821
2970 2782
6650 2291
6392 3753
669 4696
1660 2627
1443 4090
4001 2741
6988 1532
5985 2840
4999 1843
5489 4888
3180 3531
1194 6769
4403 4441
3615 2705
4520 5026
6395 4401
1743 1349
1689 4496
3769 6555
5080 3902
5947 5739
6924 3210
6511 1351
1396 487
224 1020
5389 4657
3673 3814
5235 4190
4482 2640
877 4968
6366 1377
4452 6935
6436 6280
5094 3958
2174 4137
125 3643
5319 104
6439 135
1609 1884
6932 3451
273 6924
3571 6139
5985 5068
3342 3835
4995 165
690 4768
15 5353
1567 5795
75 6158
4564 1110
603 6277
1747 4450
6234 4991
2619 215
6113 6916
5198 3907
5673 228
1756 4913
3045 6473
756 5738
4770 2117
2502 2259
1494 3223
931 4049
4179 895
1185 5097
502 5821
6713 680
780 847
1730 2187
830 210
6817 5167
4749 6151
6285 1896
772 6621
3038 5652
1014 6154
5964 2255
4723 4149
2297 1453
1418 4517
3792 607
3632 2604
6927 2302
3014 3723
3133 5889
5366 4780
5330 2117
6574 4658
6403 6466
4118 5503
1012 6458
5434 188
6229 459
3534 3200
6698 5633
1125 3891
2076 2393
4469 3451
701 1843
813 2084
4056 5002
3691 6567
2683 1115
4902 6716
451 914
3612 3830
1970 5380
6161 2395
2427 6787
3635 2501
4555 5854
2898 2208
749 1510
5883 6588
3524 5114
3111 2501
4224 5525
4924 998
4731 603
2109 247
2262 1243
3736 5936
832 232
3196 2050
5749 357
141 1812
5404 3328
1142 4595
5378 2107
1615 843
6491 4377
5157 6080
1267 3543
3261 166
6430 691
5650 2980
6018 1686
51 17
6465 3129
1286 560
1038 458
827 5873
6168 1630
4487 3252
5705 408
4702 962
6355 1456
6516 6477
473 2342
2176 4451
5691 5613
6255 1225
1936 1958
3980 4360
4422 5459
6509 2273
4575 39
4943 4407
3983 2379
1030 6582
1335 802
3800 2672
5932 4921
3764 763
3115 2569
555 3091
123 1182
5725 1410
4884 794
4352 3185
6351 4316
2612 1948
4255 3252
2672 1999
4625 2785
6777 6410
2636 6506
2300 141
2983 3581
2068 572
4259 4125
4500 804
367 761
4837 3607
5248 5393
416 653
4898 850
6047 5783
4593 214
3146 3760
1762 6100
3770 6593
4900 5060
5366 6553
5980 1528
782 5325
5197 4300
3524 6537
4334 5588
2550 6331
2216 793
2367 6624
1271 5489
3917 6239
4209 3607
1088 5782
5097 4069
4192 1748
5888 5322
5599 5219
6502 6713
2603 6342
1204 6896
2670 1148
5006 1672
3543 4685
6719 2217
1077 4842
4654 466
4965 4300
2534 1260
5870 205
3232 6486
5810 154
2450 5696
5583 148
5309 5241
507 5628
944 2219
4022 2626
3220 1184
4968 4948
1221 4217
1121 603
2652 2420
778 3647
198 1840
6098 5697
4401 2622
1307 3210
505 1768
2714 265
6188 1426
3615 5096
6096 1837
4984 5831
1364 711
3604 773
3079 2083
2516 2909
91 3067
1397 70
2140 3561
3578 2935
3690 3176
4908 3742
4789 2330
1456 650
3254 3777
2039 6892
327 2785
1825 1456
1388 5619
1140 1353
4927 759
541 6686
6169 221
2125 5131
1787 2933
6576 3763
4501 2048
6756 2418
3239 4593
2222 2031
6045 1094
2928 6394
6419 2998
748 721
4576 6544
1806 3284
1503 65
4674 663
6883 5576
1028 738
6224 278
1864 1010
893 321
5530 2341
4258 4922
3203 5286
868 1954
6840 1715
5446 2613
1671 6250
4660 1704
4751 1822
1024 6631
5408 6293
3663 6210
497 3704
3699 6621
3102 2201
1364 3289
5751 6632
2782 533
5868 4965
2874 2751
2380 2216
5651 766
1980 4726
6992 5869
2221 1405
1593 1836
923 2765
4674 5924
2248 3228
4558 1777
3462 2894
4608 1140
1729 4326
5182 4610
4432 3358
2868 2155
5860 1290
6135 5467
3616 6744
591 2211
3089 811
5976 4656
6475 6289
3997 3403
4771 6207
1402 4870
6414 1849
5843 2814
1715 3115
495 5886
2150 3043
4292 5980
1049 810
4851 1248
5694 2691
6977 4406
4919 6078
3037 3280
2023 4399
6660 2255
5822 1156
548 5897
1365 1955
1697 4414
1513 2607
2426 4789
6096 3610
6280 5417
184 4654
1856 2946
4937 618
386 4788
6575 2332
5186 4328
6296 2917
2378 4748
3648 1340
5215 2814
2037 4455
6211 4499
1788 1499
4208 6632
3843 5191
5613 2860
5544 4975
4685 2999
5583 4149
6796 4371
2431 595
4836 3168
4994 3754
412 6359
5138 6916
1160 4532
2929 2757
5888 1752
336 887
4508 6520
3925 278
5325 2578
5884 4262
4738 3010
746 2448
4753 4072
6778 2260
114 5389
2834 2116
1831 3424
2111 5693
6008 3739
4136 1629
4387 5412
3320 5015
5252 4170
6116 74
1324 1149
1885 3660
518 2971
268 6206
1049 6771
450 1524
1172 4892
5649 4745
1010 6062
2481 658
4620 4832
3649 4143
6513 4032
141 6781
2968 4159
4310 3071
3424 4964
540 4800
3119 4328
5170 1485
2424 2783
3389 5909
4511 351
407 5210
5598 3652
6219 6968
4918 3893
1781 6289
4880 1157
3111 2932
1924 1679
6416 1066
6538 1995
4977 4473
6909 4382
2143 4426
2643 4749
1304 3856
394 437
4201 1973
4158 4555
1551 3733
4383 701
6060 2343
511 5159
2756 5565
1763 4555
4748 5525
4686 3893
4896 5423
4371 2569
2005 6340
1439 1987
4864 223
3367 4406
1722 1521
1283 4857
2370 2496
1926 4734
3462 6895
4759 5310
6779 902
660 4851
376 5092
2520 2440
1649 5365
992 894
66 4112
6408 1898
3328 664
3230 4293
866 2475
1122 6602
6810 5850
3333 1008
5908 794
1949 2624
591 3179
1608 2331
4939 932
2301 43
6124 6276
2137 5304
3971 4678
5220 393
1359 2758
2823 2599
1274 6592
6522 6322
3597 6157
240 5581
2853 2441
4370 5326
6020 2139
5562 507
1515 6654
6634 3530
419 4765
4249 835
1446 1599
3875 4566
4395 660
6167 4818
6979 4696
4341 3807
2897 6870
2501 454
6823 3402
2716 2328
5671 3833
6263 1493
5170 6291
3983 5038
2990 6280
526 848
5197 1698
4789 183
2856 803
4034 4222
2796 3381
5062 4664
1881 372
1726 3467
4788 3341
6770 4865
5743 5779
4554 3699
6672 2078
5927 1170
4521 1307
3624 3011
6113 3777
2281 4628
4276 4105
2313 3385
1134 6157
2779 1872
5668 128
1278 5155
5395 4665
3764 5650
3643 1159
4608 3531
6466 1047
6094 5605
2023 24
2771 4613
556 2137
3269 1857
4353 6395
4693 2299
6522 1329
5118 1539
3887 4121
822 3195
3747 1108
4679 1088
4025 2550
4467 3649
4214 5455
2383 4100
2280 3221
4081 3613
328 3037
3284 2515
1374 675
2067 5557
1179 4371
252 948
4737 5580
4207 2382
5284 5749
1118 3314
6216 5729
844 4243
488 2918
4667 3306
3144 2104
3600 2909
3039 4562
3292 2756
3482 2099
1636 1964
4879 4882
4004 3901
2975 3988
2603 2130
2102 3834
5961 5560
1661 6343
1847 3315
826 3263
4675 3547
5394 2480
5390 5744
6417 2578
3898 3855
4522 5934
3462 6708
1222 230
6141 1182
1246 4788
4570 2218
1772 4080
6013 1936
2501 4455
1369 2909
813 4906
2026 964
5486 2419
402 3874
3901 6755
1962 3423
1771 445
6039 6540
127 5332
5719 4872
3024 3449
1214 2971
6780 536
3077 77
6207 1428
2113 6975
5723 4991
5866 1135
4811 1499
2517 5338
5807 3938
4652 688
5932 2132
4345 3389
3810 601
4835 3024
1135 6246
6271 5735
6290 3533
68 3597
3844 2814
3839 2470
4807 4359
2092 1560
3919 3927
4201 2859
5324 6571
4821 5196
1872 473
1985 4322
5481 1270
1964 3445
4008 5847
708 6559
3330 499
995 3583
1750 5179
3863 3214
3052 4692
3751 2249
3780 735
5094 4015
2045 1340
3535 150
2552 2834
5534 1281
6628 2343
4813 1521
401 2063
1234 2818
1922 186
4346 2809
1644 4379
5706 5710
6203 100
6170 4124
951 2880
2816 1567
2850 6813
5240 3436
352 2551
2561 6710
3283 5914
943 2238
6602 3000
6486 5269
3561 5104
5266 1624
6009 5869
4326 6664
2650 2968
378 4122
3554 900
6761 4161
2926 1331
1274 4445
6162 3832
5599 4658
2481 6350
1340 6196
650 4995
5373 1871
3048 6397
4561 495
5902 5598
704 5231
3906 1732
5707 4376
633 6519
1254 2665
6589 5747
3662 4755
1009 2834
5052 6367
1788 320
4654 3288
3439 6403
4955 6434
4184 141
1104 3071
5359 4797
6921 5173
1405 6217
2062 5026
596 4358
4052 1907
4329 495
4430 547
316 4718
3697 3436
5854 1743
1088 1033
2237 5966
150 2736
2679 649
6929 1277
1669 786
896 4246
1804 6838
2699 1301
2544 4396
3940 2790
5906 1529
1009 5062
2129 5093
5250 666
6776 1385
1793 2892
5117 6738
5929 2452
6586 1261
2278 2183
858 1860
3905 3708
2976 239
2721 6136
5703 419
3096 5259
4054 798
1786 5104
2259 1352
688 2388
540 238
5735 5969
4054 4181
1067 2384
4978 136
5607 307
3544 1635
880 5941
6845 4531
1890 1670
5666 887
2416 962
3790 2041
3731 4844
4388 3653
740 6311
5146 1790
1422 6116
6897 5071
6024 4917
4214 275
945 300
3247 1240
6388 6133
6763 5256
1319 2204
5827 1370
2871 1892
6398 405
999 536
4529 2730
6354 4270
349 2117
2501 6496
6764 5831
5520 4044
2081 1214
6514 4902
2032 4705
5208 2237
3090 3858
2304 2949
1363 4381
373 3642
968 1573
1763 5254
2989 6435
5716 5861
2421 6917
2041 1034
5382 6739
4630 5414
1963 6039
1333 3391
4160 15
2566 6517
5647 4943
265 2769
3759 5306
4962 4840
4907 969
989 2800
579 3868
4565 6867
4400 2858
4713 1103
6180 4625
6889 3624
4961 4588
6234 4861
3985 6965
2063 2082
4019 6549
2312 2786
5380 2505
3484 3007
6047 2002
4827 4773
398 1204
616 2595
3578 6025
3731 6267
6276 549
3786 5974
5909 5451
1175 1246
949 5629
1386 1466
1303 6127
357 1553
6124 4292
2904 5707
3685 6272
323 5352
3843 6858
2220 2042
5893 380
3522 1555
4637 1242
6894 3163
4025 5559
663 5393
3001 5990
915 5614
4704 5847
6282 340
3174 3474
3112 344
2828 585
2666 2509
3538 2438
3326 4245
5038 1936
3197 2145
621 2134
2352 4039
3288 1509
6527 3527
4717 2295
2798 1093
3913 780
4935 4440
1332 425
950 4295
6065 2907
6676 617
583 2781
6524 6639
3069 6282
5687 2732
5905 4123
5561 4313
3685 5467
144 3084
5080 1007
2244 5795
788 153
6476 5817
72 4147
5923 5833
467 6928
3325 3619
5818 1121
4990 1464
3808 555
250 2729
5821 1392
6206 1203
5446 1515
6572 3246
5763 633
1678 3290
2669 1221
5346 5448
6039 6166
2015 431
3264 2562
5869 1059
3534 4143
6808 2210
1150 4302
6618 2086
2669 4604
3600 1730
986 5399
5621 176
4256 6730
1768 6566
1732 493
1818 6683
6623 5813
4906 1362
1907 5220
1719 5923
5559 6845
3377 6761
108 2622
3628 4128
2752 6709
952 6919
2125 3578
6072 987
5022 5859
3300 1064
5519 249
813 344
4760 4169
6754 4956
413 2854
7 2166
4112 6577
6815 1445
3171 2347
5786 1532
154 4845
3483 2619
310 3106
771 3501
2330 950
1704 673
6189 5305
4040 5361
4129 3898
4652 5925
4161 6819
3779 5771
6425 5023
3555 4565
4439 1845
4623 4406
382 6550
175 3039
913 6186
6396 2750
2380 4046
4388 4539
3172 1013
1778 2665
379 3219
6191 4977
1643 6412
4330 747
1057 5534
949 2059
4221 5715
4255 4545
2488 731
1762 627
3446 6850
4600 5711
1798 3667
6896 6082
1438 4852
5982 265
2664 6033
4617 6065
3099 5207
1222 3507
3705 321
6273 6076
3894 3226
4202 1127
5606 917
3938 3498
5366 1430
5328 4356
5770 5455
1276 3743
2179 5237
3299 5268
2960 5802
2614 5165
5645 3474
6421 3695
2703 1450
440 6854
4855 5829
6352 1646
311 4000
3700 2579
6162 5686
6224 6564
742 6438
2072 1583
3443 5397
4205 994
590 382
4918 6528
25 1135
6157 1555
6709 2822
4441 712
76 1100
3040 6855
48 5468
1538 4278
3946 6368
3535 4582
1138 6788
2229 1917
2972 6162
2786 2774
3061 4699
1788 2174
1082 3446
1567 485
6236 6924
4925 3161
4343 527
759 726
3494 4931
1710 5674
4146 2642
6475 6159
5456 6180
6891 1119
253 6223
186 4247
349 5931
4676 2807
1529 351
6038 2371
3572 276
805 3703
3319 2082
4041 5450
2164 3750
5694 5944
5118 2401
1771 3267
4440 3469
3595 1199
6642 41
5523 3618
2947 3607
4931 5958
6338 3013
672 1080
4908 2002
663 3246
704 3247
1375 5172
4998 4147
1559 1317
2606 6697
1003 3314
5612 5538
794 5392
4115 3305
3965 328
782 1625
6102 2921
2996 6882
2471 4028
257 5187
2306 6435
3495 4351
6697 98
4986 6015
6225 1042
2858 532
3499 4470
6973 5631
6763 1849
1956 1892
2018 2770
3774 6395
1813 1584
6976 2896
2993 168
6919 2362
5534 6786
6969 1725
2274 481
6251 5646
2710 3263
910 3473
4984 6319
2887 2401
4845 3531
2926 1575
5665 3270
2200 1471
3039 5424
4138 4578
1679 5906
6270 411
5285 6432
4882 5261
6837 458
6310 3193
6804 4482
2819 173
4782 1647
293 4443
6800 576
6772 4944
5588 3208
3568 5364
6462 3964
2157 5157
3277 5188
13 639
1596 394
6088 1279
5716 5837
4806 3172
485 3832
850 2267
4298 2207
6765 740
5488 725
942 5239
4371 211
6386 1875
439 6116
5893 4194
870 6302
3420 928
255 1276
1609 6641
3634 2577
1170 3561
3260 6308
180 5074
4750 5118
5758 4908
4409 4825
4786 1365
2922 4034
6057 4975
1014 2267
6373 3491
3482 2156
5495 2993
801 4603
5686 309
3222 539
1458 3412
2787 1365
1353 5116
1797 626
696 645
6859 3384
4596 1618
4811 5744
4966 1151
4157 4954
4052 996
2061 3890
328 5322
169 4511
5167 3312
41 5265
879 6364
2350 960
4522 5991
6972 1167
2025 4583
3186 4615
3484 1828
4051 3373
4448 565
4045 3558
6130 5961
681 1811
3520 704
3081 4040
5875 4688
4877 6340
5868 1265
1141 1237
2846 4173
1729 3659
5867 4046
767 4968
1424 3023
6179 2820
1635 991
5735 5058
5484 1275
1127 2278
5547 5761
879 2176
2656 6678
595 2417
913 1006
5959 3985
5991 6152
6796 4859
6194 95
3088 4056
2217 6981
3678 889
4982 2727
6102 6922
2995 859
5667 3584
2559 3712
2705 3537
2300 5703
5815 6865
555 5620
2231 1402
4450 587
2120 4015
1831 3912
4258 3800
4872 5191
2666 4713
3285 6448
1141 6848
4379 5258
616 3994
733 4579
5303 1213
148 1674
485 1067
4308 6546
858 3527
1921 3024
3657 5273
1596 1012
4677 1690
5391 279
3620 5391
3317 5582
48 1443
5466 6280
2288 1505
2462 2624
6880 6034
5727 3611
1499 6714
3001 623
2583 4836
3837 895
6638 3468
1877 3102
5227 2507
6228 4536
689 4630
4760 3795
2962 4832
1026 1017
5544 1625
6010 6528
67 1843
4604 6665
4912 4566
2336 4555
6376 4407
6097 4992
495 4764
2511 2866
6862 4300
3575 5217
141 2731
3009 110
1176 4344
6517 101
6248 2128
3994 3888
1583 2224
459 5457
1667 5335
1949 4267
4430 6670
1954 4611
6801 3243
1293 2650
6976 1554
6697 2139
4718 886
2347 4313
1941 2871
4155 1712
2226 6238
6727 4233
2654 1989
42 3075
3091 2744
1527 1541
4990 2513
2932 4185
1194 5273
3147 6059
2180 2106
4303 5747
1373 1074
2493 1105
2680 6593
2434 3908
3334 5885
3834 6208
4287 326
5632 2919
2335 3148
4544 891
6182 6769
6311 2453
6932 1605
5913 1626
3418 1045
4717 2539
1270 6207
6776 4475
4653 4998
3469 4016
1977 2127
2535 5838
2388 6542
661 1403
2474 5562
1815 6680
6956 6513
6084 168
6517 2679
5239 5445
2741 429
226 4077
2031 1959
6563 2273
623 5433
2188 6080
6008 1462
2307 1076
4966 6225
2044 5577
3286 121
5213 6102
1426 280
5185 4054
923 1911
2196 2184
1229 3149
3909 2729
4680 2606
5686 5733
4031 2160
574 4386
3129 3520
828 6188
1471 6065
5552 5918
4053 2858
285 1250
5043 6980
6571 2110
822 4838
4017 6584
5230 390
6596 3860
5322 3362
683 4679
6779 6196
3427 302
1801 1631
1307 1096
1683 3827
3445 127
3830 692
3109 5096
6060 66
1242 3330
4948 4060
3071 2360
5342 981
622 4376
777 1281
6969 2506
830 4325
1043 5372
2349 2375
3632 3336
2039 1395
3749 4675
1693 758
2782 5640
474 6383
3681 3228
381 3940
599 5331
4738 2156
2587 1385
314 6101
2370 3602
4240 1879
3338 3239
6978 5601
813 6199
1339 5491
5386 98
2089 4491
6698 6715
3078 841
6161 6510
4917 4723
5416 2192
4268 6529
6723 1295
2952 5805
5502 4595
1173 476
5720 5986
183 6153
4414 3321
3792 6950
3787 190
5738 6565
53 3828
2277 2633
1007 1877
532 3304
5958 4996
103 158
3494 5980
6364 22
347 2770
4361 5565
875 2889
5582 6402
4734 4615
410 5004
1432 4500
2748 1437
2092 6236
6349 2373
5258 3080
3900 4389
4332 4046
5096 2752
3118 3599
6196 4760
2576 6056
3080 863
781 6610
4356 1407
1054 5456
5973 6408
1207 2288
2516 2218
637 6107
4976 4498
580 5573
3438 1510
4809 5324
1509 6036
5502 3790
1204 5400
5932 2620
6682 3872
6341 1327
2757 2280
2098 3398
1191 4414
394 3316
6865 6208
3594 5406
4864 2752
1758 5959
1476 611
5120 463
5209 3164
2031 4805
4861 1700
5611 700
4463 5037
2627 5590
3124 6396
4086 2835
70 4131
624 4717
3647 6171
1713 3183
6379 5941
1059 4645
4149 905
1253 1478
1036 2941
1497 1838
6380 3133
6438 6521
3363 3379
216 169
6064 3836
2461 4739
6119 1291
4451 3872
1464 2829
5311 2286
762 867
1054 4651
2272 1053
4949 1116
5164 2990
3655 5658
1977 1135
6426 5356
3227 6120
6574 6008
4431 5098
1912 5621
5926 4252
816 3732
3768 6474
5239 1070
1321 2901
6763 5126
2553 3173
6823 5931
2804 540
4674 5233
2000 4687
3743 1691
1618 2141
6046 6239
5327 136
5038 33
4606 376
1125 2208
5519 306
5358 5084
1585 3132
1533 2942
4320 6434
2617 1064
6338 2102
5500 1003
682 5021
864 6755
6991 3421
4594 5627
6863 1923
4528 5007
4163 156
2967 1069
4682 2441
2779 1018
2794 2804
3498 705
912 6422
5528 3401
4709 100
39 6268
949 3271
1231 2203
4526 1147
5713 2400
4622 855
4646 6167
5893 1055
5239 265
784 4143
2506 2522
759 5776
33 5672
6571 1118
6066 6086
340 4102
5575 2816
5322 2370
6867 887
1679 1962
270 1828
5292 3659
120 5267
6065 199
309 1002
5510 5050
6281 763
4445 5480
1023 345
1475 1408
800 1993
2880 4052
1641 2609
5022 573
4867 3668
4944 5578
4476 4012
4691 5886
231 2250
1905 3621
4872 979
923 3497
6269 3762
3127 896
787 3636
4173 2698
752 417
442 6607
817 5730
3522 1425
3408 357
2618 1958
1868 1460
6293 1123
3263 3416
5976 5388
5883 2945
1776 1871
6206 1878
351 3456
652 186
5421 4577
6216 1842
6014 5091
1897 3329
5350 5865
742 79
1518 300
181 1732
3603 2703
6817 719
955 1126
6717 3521
2796 917
3255 5403
5846 30
5808 3710
3480 1549
1274 3323
4968 5948
6675 3295
3978 5209
3255 2370
5968 5096
3038 4587
5901 3120
2594 6825
4901 1693
5307 3135
3502 3001
6733 4404
196 5396
5739 6175
2898 793
1714 3221
881 2466
4988 1288
1027 2291
277 1039
6199 683
2752 4351
6133 2315
2733 5829
1373 6311
745 5988
3419 2370
1989 2113
5237 1211
1498 4505
6839 262
5312 2324
2335 1969
5747 5662
2617 5065
63 3123
2014 6492
6090 6001
1885 4392
5004 5554
205 5458
828 2431
645 2724
6421 4825
4251 6256
584 5454
1095 2960
5796 1740
2871 1575
6441 2444
1876 6908
4 1388
3863 2360
4804 4338
5451 1705
1287 6513
131 409
4609 3870
2613 6420
1025 4823
4517 4281
1561 4803
5410 5087
1218 1431
2800 3213
923 3765
1267 1323
712 6928
3389 6991
1209 6980
4031 4014
2322 5840
113 1681
106 4674
3941 1088
171 5069
5056 775
5126 5678
1141 6287
3259 4666
4661 3629
3068 934
6211 6654
2577 4080
6700 3435
2849 6488
5490 478
1018 969
80 6836
1689 2894
6556 3656
6503 432
4891 5811
1325 5061
1757 1308
1717 4161
6292 4549
6082 1521
6512 6767
4666 216
1291 5450
1183 1221
2122 5378
5458 4323
4149 2141
374 5778
2841 2059
5200 3533
5666 5026
6655 6294
189 3746
5196 381
2897 5374
5292 89
6761 274
3635 2859
1842 76
3483 4717
3139 4907
1065 6800
3178 4835
4950 6741
5290 2645
4843 1956
2945 5041
4010 5365
3879 2438
2631 3161
3567 4795
4038 6632
1051 5589
2911 5430
5347 6562
2639 770
4094 6941
5369 4631
3846 3429
5962 5145
575 2627
1698 6339
4685 966
488 3382
2930 195
4705 1618
1563 3670
4239 98
1962 154
6201 1347
3357 2110
4179 2676
6949 5936
3798 2984
6351 1291
6346 947
4393 915
4157 3856
1617 4256
3261 2752
6551 1352
3872 4626
5033 4658
6676 6716
2390 3425
3129 3764
5028 3533
2698 6961
5171 3087
2318 1078
1788 2044
3185 663
2596 6684
1347 4553
2128 4364
657 3352
6326 5556
3065 5442
1754 2433
1969 3553
1253 4137
4517 1516
1900 1504
5081 3544
6077 5983
5177 4006
2868 1895
2085 4667
2869 4749
5202 5002
3891 1993
5689 5120
5321 752
5171 3437
3180 669
432 1140
6662 5855
3016 5176
318 72
1923 3558
6257 1605
6842 4510
2738 2953
408 6381
5749 2138
1929 340
4788 6301
6402 3457
2851 386
53 1494
4468 469
5089 3785
1792 4014
3072 5458
204 1663
2382 5011
1667 6197
1388 6782
2262 3374
5829 562
4213 3333
116 2947
6668 4515
1315 827
5112 921
3312 1131
845 2598
903 5986
812 206
2498 3092
624 6571
999 6448
3060 4293
6324 1672
3645 782
6790 3165
3739 4581
3620 2415
623 684
4444 5336
4015 2944
3258 521
3832 3991
458 1556
2302 5782
6932 2467
1046 2480
2143 4971
1572 1772
3825 6203
4195 4982
1800 3851
1141 2717
645 4765
1261 2819
4385 4325
4349 2416
1233 5689
5837 6815
646 1957
2315 2230
855 5514
6827 4521
6806 3644
6612 1149
3721 2066
760 2244
1505 6562
4237 670
1010 5802
5174 994
3677 5177
5020 6943
323 2620
1785 6552
3297 2677
3145 5289
5013 6903
568 5807
1714 4807
5315 825
5786 6826
4726 430
490 3672
4196 4402
1152 2071
3048 2323
873 3410
3723 1738
431 59
4844 4623
2917 3560
6248 4413
4412 2714
2107 4509
3794 3833
5628 2453
5160 887
6087 6939
6837 5939
3898 3432
3531 1918
4711 2000
850 4365
2816 3104
4032 2843
3502 6815
3903 743
231 5259
5711 4558
4866 6452
5265 6723
1311 1727
3733 2021
6200 4722
6043 6236
1177 2666
6662 6473
800 464
2331 5691
2773 2626
5006 5681
6315 5611
3796 2724
3443 5080
5931 2238
3515 230
2820 5855
273 4330
4509 1842
765 4792
3633 4423
2788 6317
2793 6661
4558 980
79 6716
2350 6091
2140 2309
1641 1430
511 711
3098 4264
2198 6451
6830 3963
4087 5532
5799 2469
4183 5240
6554 1813
3744 2160
6864 6176
228 773
4796 744
790 6138
66 2697
1838 439
6235 2218
4146 2325
101 2883
3585 4732
6016 1356
5042 1150
5454 5790
3549 1288
927 932
2303 2838
25 3046
5868 3363
2392 2129
3885 4620
1509 1287
6144 2480
3136 2812
1271 2627
6969 2563
1639 579
3156 3464
2636 5872
1916 2550
5584 6960
536 902
6520 2178
5649 5103
6363 3692
854 6661
2096 1205
3002 6380
3812 5431
4932 5462
2033 102
1446 6950
3934 698
2862 3367
2868 903
526 2816
1990 6821
1718 2161
2810 6560
186 3125
1715 1863
2331 4081
1708 692
5971 6443
2800 2839
949 2360
5035 2557
2943 5399
3414 4230
4417 3676
1299 5368
3818 2593
203 4233
4721 4087
6304 6094
6500 3000
5309 4257
5035 5940
5405 4719
3719 1833
5343 3841
4157 5442
1910 4209
6769 946
2032 5892
1882 2915
6737 5572
2191 3670
3070 606
176 2006
3958 1068
2781 503
6697 2009
1287 1951
2736 760
5667 4877
6233 1316
2776 3542
508 1432
193 6524
4427 3209
3851 3830
4453 2178
1922 1186
177 1857
6221 2430
3513 802
6102 5182
216 1031
4232 489
3896 540
4259 4564
6028 2789
5751 37
6690 1188
5782 5766
6341 1034
1466 354
2235 3568
2290 3275
1399 2515
3935 2373
2171 5246
4932 3502
3905 252
1081 139
3034 925
6029 5993
971 2253
384 4937
1034 323
2852 4826
6584 4525
1221 5811
6298 3939
3965 1434
1470 3105
3335 1038
6984 5398
3706 3425
2467 1982
4482 2892
4640 68
5514 824
5486 5192
3514 222
5943 2435
5255 2815
6189 5874
6693 1435
1521 6453
3706 392
5199 5135
3353 5000
5318 131
2580 2044
5536 1522
1963 6771
60 3096
2701 3502
247 5174
3602 2671
699 6237
3911 3426
3883 1378
4652 6844
211 6648
2194 2358
4892 3298
5277 3863
5616 3329
6643 917
4265 921
4110 3262
479 4369
4827 2122
1907 2301
3144 2917
3242 4206
4424 5115
6449 1051
3142 592
3611 5766
6758 1806
5753 2287
1224 2244
1238 6114
1797 1382
2423 4288
3421 2636
5418 2940
3078 1516
1211 504
3668 3267
5190 6496
646 5421
4701 4053
2648 6069
2361 377
4656 6562
4625 4997
5179 6337
4871 2020
6777 2206
5460 5044
5685 1190
1067 3384
5996 5024
4752 3237
6431 4952
6923 5414
4549 2908
6830 2971
2131 4237
5302 671
665 3569
1532 5406
3748 4320
5639 4228
5367 5984
6418 3966
5664 5224
1469 4303
5545 3812
3272 1358
5488 1026
2585 6844
6793 6472
5568 2483
3977 6250
5453 1190
5941 4162
3766 5249
5729 307
4669 327
2916 383
610 4959
5534 3249
1014 2568
1017 6249
798 1223
1582 5469
4653 2453
4534 1041
5678 5630
3591 2400
1041 1358
3506 3982
5361 3479
6682 1514
854 5669
4995 5573
3837 2806
1416 454
3083 4818
1648 5715
4213 5537
4700 4901
371 1536
4493 1390
4338 3731
6728 1108
1618 588
6318 2176
2457 4541
5607 852
4203 1062
254 3580
304 2943
4667 5892
962 2354
57 33
4814 2155
4074 2345
1667 3863
273 4761
4683 3392
5629 2304
3979 5491
5185 4542
16 3415
4524 2581
4620 3043
6741 5103
6092 6909
6314 5790
3871 481
1598 5197
5467 6857
1138 6902
6890 4445
3908 3746
1975 4366
877 1650
6140 6576
2406 6804
3934 1934
375 3883
1257 5254
6725 6448
999 4464
1116 5049
508 6856
4662 1360
3213 2551
5599 2438
2887 3320
3616 3695
5559 3039
1431 3340
3511 5399
2733 2853
3724 30
4221 836
6060 554
5556 2741
614 85
3637 1539
5306 1812
5655 2720
6097 3065
3907 3120
2267 579
6152 6936
1191 6512
1915 5789
6151 3301
2639 5820
141 804
5117 2290
2042 1400
6612 2198
478 4361
3214 1621
1269 5614
4065 673
5548 4728
4956 652
3498 4763
1970 3217
5824 3845
1696 4146
2195 5779
3735 3952
5895 5940
4828 4789
6478 5766
561 6466
6190 2101
1000 6513
6253 171
3365 5523
901 5753
5593 1064
2303 2464
2611 365
2010 5625
2515 4040
2539 4434
3279 1992
1632 5450
1327 4814
5902 5956
4061 6165
231 2925
1535 5517
79 5537
2376 6133
5857 2049
5650 4200
6388 1685
2507 6027
5303 4092
5210 1649
561 2278
5927 3919
698 4993
256 1642
1931 5867
785 451
5298 715
2715 5949
1065 3474
5475 2105
3153 3142
2766 6668
6508 639
3325 1936
1773 2248
2917 421
6915 4181
2333 6786
3192 2346
1211 5928
3977 3030
4852 2476
1612 3993
4152 1341
5652 839
3749 170
5896 3451
6672 3672
2498 1376
4464 2367
6637 4617
6578 1004
664 1221
98 2530
4189 3825
2534 252
970 2459
4363 4944
3461 6304
4806 2481
811 1648
5704 3631
4706 5283
2058 3706
2099 3707
962 1817
1748 2726
6228 6260
5410 151
4016 1803
5815 1368
4628 115
1114 1807
704 3629
6036 24
1025 6653
213 359
1297 4897
4098 6716
4561 2276
3972 4133
1973 750
1236 6873
4099 3908
1785 1453
4183 2101
6638 4037
927 2331
5521 3523
555 6889
1577 4133
4309 3903
3686 4678
1033 2757
5996 3227
6977 6886
5803 3586
1969 3610
2179 976
3715 6547
6669 5952
1220 1802
4073 4565
3088 4170
409 3280
1216 2060
2673 1484
1181 6011
257 2886
809 4153
707 3122
3415 5504
4638 6414
4454 3853
3734 6947
489 950
2951 4057
3818 3642
4033 1352
280 776
6808 1950
2859 4468
3480 614
3256 1660
6766 2478
358 5570
3565 2415
3620 2122
1099 6736
4123 4628
1721 2326
2091 1105
6984 836
2216 6469
3036 6208
932 4529
3051 6516
5577 748
12 5283
5423 281
1987 3384
3303 321
2202 5258
190 859
1057 2696
534 669
6010 6642
336 684
5967 5814
3582 3119
6495 5933
1638 197
2167 5422
711 3190
6525 1611
2077 244
6120 3777
3855 1938
3222 1271
2100 1167
3254 4192
69 4662
793 4693
4000 1538
3334 5649
4221 6610
6456 6328
4419 6625
444 752
5265 1169
5769 3146
6385 1200
4762 6210
6976 5051
3676 5763
4765 65
6067 5240
5415 1113
5193 2232
3513 1046
6317 3136
3827 2899
4352 4218
4779 4285
5847 4126
3655 6764
6683 2146
5561 1288
2543 932
269 5423
2474 5676
5179 2125
2570 6138
2816 3161
1317 6517
1618 3247
6425 3958
1695 5911
3205 5373
1372 3191
878 6820
4942 4060
5265 3747
463 3380
6345 4379
6474 63
4359 1201
4978 3690
3608 2730
3007 1574
3316 2329
3355 5667
2944 471
3816 6816
1191 527
3871 107
3714 6539
691 5839
1129 3032
5138 565
3300 4455
1161 1035
5992 6304
1622 6348
5648 6494
6324 2347
715 948
2101 5794
4701 3947
5600 1535
3986 5133
2530 5153
6821 120
1365 1215
6561 755
1764 5650
4417 1155
4515 1690
1189 3433
5258 1771
6813 5140
4793 3886
6162 4621
732 4685
4353 581
2264 2940
488 1292
4913 5119
1300 1170
6496 710
3375 2885
6608 951
1487 3248
4586 2280
5393 4066
1998 1508
4680 1915
3990 1468
4148 2054
784 1061
3867 2566
3070 1468
6771 6018
4796 3029
749 2006
537 4567
4023 73
793 2278
1989 641
3179 5575
2463 6159
446 1416
819 6882
131 92
2607 2905
1717 1616
5886 1316
5478 6217
2589 1545
5734 3928
1403 3146
503 5333
2389 733
116 4695
4391 5545
3885 489
6655 3749
1369 1283
1768 4964
6095 1840
6060 5791
4472 3440
4814 171
2355 1499
3347 6448
2005 3372
2937 1854
1660 4091
1192 1771
4984 1521
1663 1356
5613 4698
668 2525
637 960
3154 3774
3954 3635
576 2936
1875 5184
1999 524
2752 5457
5224 4364
6223 3314
2362 1515
5380 1871
6283 4119
2776 6982
1560 827
1266 6042
3705 1029
6786 1707
5652 3498
3575 956
1386 3865
4166 5561
4042 3805
6272 2425
2013 3963
2419 2399
5966 2318
1697 2414
2972 104
790 3430
6633 337
6211 5532
1965 3922
2837 3851
4963 6255
383 5523
1159 4990
6818 6506
6243 4289
5773 5306
5460 645
106 519
1222 3060
4362 5099
2459 3676
2911 5463
3217 6701
3639 1506
6470 6173
4980 947
1680 905
2705 4082
5193 1240
4632 3647
3262 4939
1156 1659
1211 1366
4012 3939
1206 1022
2857 689
4204 4109
6279 5824
3798 2667
680 5113
4360 4622
5654 5772
1676 1136
3192 1167
3231 6757
4695 4346
827 1376
636 1808
5061 2225
6900 5353
3254 5428
363 6345
6650 5178
1597 1028
6545 6882
1139 150
1421 3246
5464 6779
5345 5367
5581 948
2167 592
4710 4627
4149 6280
6303 4316
2382 2466
3058 4735
5332 3627
3274 5299
3054 829
4368 4109
4211 4125
4734 3119
4692 2893
2419 6855
1951 5289
3420 5474
5228 2873
4235 4869
4846 6743
1761 4411
5634 4315
6473 1852
6256 3315
3502 1342
2104 4750
2300 2410
454 2275
4590 1835
6641 3156
2167 2820
5051 732
290 366
4842 6220
5919 3171
3162 5034
507 2286
6181 4834
536 772
6420 4850
1349 6510
6084 4901
6206 5830
6739 6293
2842 2585
3688 3545
753 2692
2532 1605
5696 4038
1754 1311
5044 6327
5023 5450
6234 4845
3374 5075
4169 3094
2121 5454
1521 1517
2023 2667
1873 6106
6496 5784
4407 5891
4448 1728
2361 2662
6041 1417
303 4334
6186 4804
5224 1949
3704 4428
4442 1159
4978 1893
360 1835
3546 55
3749 6830
296 130
6762 426
6956 3675
800 2107
3134 5214
6988 5842
5811 5277
3130 1308
174 1830
1843 2857
4799 2335
1127 3441
3656 1354
2790 4623
6794 1812
5982 436
2809 2421
4557 6185
5090 2484
3841 353
2712 2488
4078 5958
2927 198
690 3817
3928 2227
3653 302
6848 2048
3739 76
657 1425
3432 5029
254 6670
5302 3306
4058 1519
598 4228
6379 257
157 6737
5011 3130
6542 1941
6412 6032
4382 3336
2176 5110
2365 5009
3295 4916
1022 2462
2264 4176
1170 3114
2756 4638
3375 4121
2294 3264
699 496
1423 527
772 5670
4220 5610
6126 5796
5777 5642
383 1953
2974 744
2098 3325
3412 6605
2789 6626
2004 2909
414 6901
789 6024
6861 2983
1718 6487
3179 395
6888 4806
4825 6134
716 4233
2736 6241
4675 3157
4334 2864
5418 232
3587 1129
2524 2386
1410 5553
4022 1057
5106 5595
1403 4382
5228 108
2456 3191
6043 5919
6133 2429
3545 1657
6633 6916
3959 6370
3327 266
688 5568
4415 4923
2928 5630
122 6877
3112 5939
2176 4305
1271 6148
1804 2447
1339 3808
5883 5637
1046 553
6173 1454
6773 6145
5128 3260
5406 2450
1240 6431
4683 6027
5901 2429
5994 3374
2565 1232
4328 1140
3309 1915
6550 4006
4205 2238
3305 4425
5602 5021
2403 6539
4237 5159
973 1364
5333 632
1121 1262
3557 5400
5045 3383
3527 6689
3670 2079
3885 3953
127 3787
6500 3138
2675 996
6410 6628
5075 3225
5642 4770
6783 3426
4355 6319
6930 6105
4044 5114
5818 3683
1888 6251
3789 4595
2644 2033
4903 6309
580 3890
6994 3996
2003 1478
4088 3881
5650 4257
2102 4867
6913 4596
4270 3363
6835 3185
2805 5549
4281 489
6141 5248
1010 6103
4673 3753
5015 6900
6316 3559
6078 4145
4113 1844
2984 4733
5568 2353
184 5768
1588 2552
4549 3128
1147 5061
1249 2305
3443 6186
867 6175
640 6950
332 2633
5318 4807
547 343
3766 5119
2953 5770
3512 1038
4128 3256
5845 1291
4534 3944
6337 999
824 62
608 5133
197 3347
2029 1894
5337 5207
5986 6784
3061 2455
5389 2364
315 4507
4324 2794
590 6432
504 996
6947 6004
2279 2419
6720 363
591 2870
133 1992
6379 70
3894 177
1801 2794
6868 6650
2019 4185
5126 3832
3880 1218
6681 3791
2928 3215
3534 4745
4439 2902
1395 1325
4382 116
1307 5642
2174 5227
5964 4150
5923 1897
3166 6012
652 6879
165 6791
6946 1995
4559 4889
2847 782
6465 5829
5082 500
5522 4182
1227 6063
1724 6869
4083 1927
4585 3077
6393 6892
6349 958
2506 3872
3774 3801
529 4220
4 2120
5171 168
2999 772
2028 4247
808 602
1833 3779
4980 573
4486 3448
6874 5660
3229 6337
2544 6234
2635 1434
6370 4814
4668 2149
1084 3102
965 936
1460 5079
1699 931
1169 4903
1365 1809
2626 1321
6390 3187
1197 3164
1658 4313
1107 6654
6890 3510
205 2352
3526 265
5062 1672
4776 5250
5764 3664
1617 5443
4273 4629
4555 3561
1876 6835
355 2296
4863 1462
785 1126
3550 4042
1181 1880
2459 2497
3240 3062
3300 861
5819 338
4141 1477
3308 1476
4571 1061
4980 6184
6033 4239
3726 2955
6726 2705
5033 2812
1920 5602
712 3472
6371 4234
6436 2377
3762 1831
1233 2420
3036 1727
584 4226
3691 3119
893 4981
50 3538
1889 6666
6218 205
5908 5641
6466 4471
3221 4890
5301 533
3656 4818
2076 2328
5441 6929
2821 984
3719 2134
670 6629
6590 5446
4183 548
6201 1729
227 6059
538 3477
6460 3121
2007 1410
78 5936
1917 4900
935 669
6788 2428
2937 5481
2438 3848
4432 4635
1285 1425
3582 2021
3771 4926
5073 4439
3669 4649
842 855
4797 2289
2956 2498
3665 743
4420 87
4287 497
708 1794
714 4992
1012 2205
1082 3698
5841 6647
2820 358
5820 5770
4201 4860
1670 3868
5226 5031
6649 2619
1678 1477
5026 4219
3622 4429
5580 5559
4988 1483
3155 5717
6424 3440
4655 5215
1568 6974
324 5187
1628 609
4090 3716
5205 3403
5671 4142
5707 3799
5795 236
5585 2870
1318 6045
2625 5902
2069 1483
911 1722
1064 1964
6724 6334
2147 2113
5192 5046
819 5516
3044 3792
313 6876
1053 1024
65 358
2272 4444
6164 1392
1300 5065
6837 4898
1109 1333
1611 2483
608 3791
1425 4013
2946 4388
2197 2580
4538 6858
980 2616
2948 4434
2504 6672
4591 3486
2385 5260
2598 6307
19 363
6464 2034
6232 2465
1827 4178
5991 5786
512 3679
2258 6616
1823 1026
3523 2864
6857 1736
2411 1196
2523 1437
6270 2168
4776 5868
1003 3916
4487 5765
5483 4040
416 938
4141 5128
5183 3748
6854 5602
6076 4554
348 5907
4861 1253
6136 3107
2829 1894
1065 4767
5695 4862
5110 1957
6913 6182
2706 2992
6381 2157
1780 3958
5233 6494
2088 4865
3946 1627
4785 5580
52 1600
3226 2469
5717 6314
4571 5062
6840 3610
2979 5975
3132 2053
2377 1211
4940 6622
5475 3748
3787 4199
1822 6062
4038 1566
2949 848
6705 941
3599 4148
1254 128
1983 503
5560 2543
1761 1622
1332 5646
1447 3906
941 5266
879 4388
2761 770
4430 1043
3956 5324
5542 432
1529 5409
5882 6916
6952 1168
1594 3552
3299 6488
6131 3456
1382 5359
5009 1100
4795 6244
6949 870
6699 6357
6433 1542
713 2756
1833 2787
3049 2526
4663 3846
623 3994
3792 6771
3534 5981
5502 1383
1766 4948
921 6842
4154 4908
4166 7
857 2885
2722 3070
4933 2394
4248 1537
1266 838
10 3952
2630 3481
3096 2722
6339 1476
4061 5848
4768 3266
883 1073
5081 1511
6046 4637
2315 5540
6947 3052
5708 1609
5680 5977
6823 1296
3798 3179
3032 4400
6702 3221
4556 2794
4614 6182
5049 6110
2683 1213
809 5446
1547 2177
5535 6003
249 3537
2391 6474
6042 1081
3702 3821
5980 6619
1584 5442
3602 6623
1806 3569
1914 658
6771 732
1048 3927
2646 4714
6469 6029
5029 4330
4031 5982
5712 4360
2847 4246
5278 870
2764 2491
2010 4503
2311 1233
3413 4068
4244 3996
450 3419
419 1854
5990 6933
4053 264
6919 3232
5176 3976
6291 3663
6110 1373
1626 3759
4614 1994
6892 2540
6611 2298
3896 5915
2399 3682
998 3409
6197 6630
2804 4899
3580 4366
4581 2985
190 2152
6186 6471
3297 1799
2273 2230
3479 3533
1681 4570
1082 5739
1920 6838
2701 6649
4514 5146
987 6633
3984 1948
2117 936
4130 1773
4068 141
6714 5809
1573 5976
4410 4042
4812 5742
4495 3591
6556 1436
926 5576
2036 4919
1754 1823
1974 3287
1914 3236
6707 1605
4496 29
4501 373
579 4714
1873 6618
6484 3253
1253 6910
2414 6942
6853 4059
3594 4772
5650 2273
3 4554
1252 1023
758 3898
2841 3222
2097 1758
6593 6579
4332 5640
1374 5335
4819 1594
751 6110
1842 1239
2616 4043
2 2050
2853 3986
497 2029
5416 2981
717 4247
583 1049
588 1393
2266 254
1150 6758
1355 3780
3375 5788
295 4554
2666 1127
6561 4008
1635 6049
1270 1198
6246 2684
2454 2934
3135 6301
6273 6759
3169 5131
5590 1067
1758 4170
1851 4361
4129 743
2164 3360
3124 1224
4598 5917
1605 1676
6796 118
6936 6514
6713 4779
5002 4280
2163 5387
5561 5964
6958 2331
5311 5035
1357 793
1901 1445
969 6346
2911 527
1061 2902
1661 4587
3025 4978
4536 4665
1676 5649
4022 6107
5670 6257
2210 2550
2141 501
1647 3376
6807 3259
3445 2339
888 880
1364 809
247 295
6026 6077
6520 950
5475 2756
2359 5275
6397 2048
4628 1571
2854 3002
6025 190
1073 3262
5866 5795
3464 6903
2965 6024
3782 6246
4985 1616
4990 1960
136 5567
4236 3218
5495 375
3771 1169
2881 4044
4237 6826
355 4150
2394 3956
3273 892
1254 5902
2059 445
4115 2110
5486 5924
1279 1236
4109 4547
4329 349
4389 400
1612 3139
6166 2650
4982 914
5281 1735
4792 4954
3732 5728
1855 3274
2350 3253
5166 6858
6682 6889
2456 4403
2353 518
4321 2336
5770 1145
5118 3434
1513 3510
6960 6079
733 5799
5153 5872
1543 4850
5553 5991
3091 1386
6045 37
4928 6693
5711 915
3844 6319
351 2472
1218 2057
4277 3168
813 4223
1193 4444
2308 3377
6661 1474
3858 2992
685 4977
3329 6812
5550 2660
875 2068
5510 3261
2392 5707
3137 3609
2022 4676
6287 6336
4073 1833
3326 98
6132 3015
2701 46
4036 1951
858 3592
859 784
81 3900
6058 4005
2942 108
3979 4800
149 2314
4342 2408
4774 2819
4006 6623
5716 3487
1829 6883
3839 1787
6638 3533
6988 4289
1945 1581
5496 4652
6986 3462
1095 3131
3715 2660
2655 3434
2598 2900
1029 4763
1526 5569
3083 6355
3191 3414
6544 6500
5448 4611
28 6117
3708 4872
2335 985
3553 1551
160 6236
691 5872
6663 4879
617 2725
6718 4586
4232 1839
6389 5808
808 41
5231 3795
828 1447
2605 5949
2080 3095
2606 2387
25 2786
4784 5735
3062 940
6212 3667
3199 3655
714 3008
764 3125
4869 1120
1794 3640
335 4143
4688 2240
1634 6391
918 6975
3184 5252
5684 6931
3586 2788
2746 5026
3308 6981
132 3033
164 5200
1028 1104
286 6883
3278 1854
408 1396
3924 6166
495 4024
655 1273
2621 766
819 6565
5193 2533
2677 3327
1340 5513
2307 2296
5380 2359
738 749
3884 5986
3540 6176
2423 3410
4128 6346
5938 408
5186 5499
549 1227
4348 2148
4592 4760
6555 6234
1013 6057
5096 321
1763 4303
6489 1450
2160 1495
5644 3344
5377 5444
1817 375
4972 1194
5397 434
522 5416
228 4969
2162 1541
2093 3656
1824 4929
2495 438
2899 5217
851 1161
1529 847
1811 3943
3681 2220
3335 1583
5492 6306
936 2962
2333 5745
3239 4504
5902 727
5015 3119
172 1253
1823 920
3328 762
4047 449
6862 6138
1178 2845
4378 2683
1702 6228
2417 1255
6149 954
600 6022
6450 4100
39 1259
4361 4207
5157 5804
1945 2199
6603 5096
601 3214
966 1649
138 1238
3159 6029
5888 2118
3338 1076
3739 2174
2720 2195
2281 5531
851 6772
4058 3617
6611 1924
5572 569
2244 5649
4828 5521
943 3328
3801 19
1003 1127
440 2707
2587 5988
3576 840
6041 2710
4940 3483
6591 898
5844 5579
744 6501
837 2528
5839 5235
403 6208
2788 2487
6024 4234
3187 506
3720 3221
4095 2344
5217 3202
1939 1229
4132 5609
6372 4917
1908 5299
4874 5465
4743 5948
3972 6825
818 6608
1105 3632
5795 5286
3812 5789
2157 2970
3220 1713
2867 4069
6043 1601
2712 748
1275 4982
191 1198
5254 394
3079 5645
3165 501
424 2897
18 2209
5873 631
711 6337
5945 2197
5974 683
1330 1656
1679 2564
5261 4948
6125 852
829 4114
4320 718
1450 6676
1768 5265
669 6111
3767 2232
2787 5244
3630 6687
1611 1117
3903 1369
1573 4797
1848 6722
609 5279
1231 5033
5279 2494
1452 3689
5122 1756
4523 3679
4469 6826
4367 6549
3560 4763
4171 2473
778 6404
6103 2382
5989 1314
3742 81
991 1035
2904 3146
6940 5508
6857 3753
2497 4485
6853 6263
6850 330
6723 3938
2353 3982
718 2539
3939 3254
6755 6859
2076 4613
2286 6143
6088 6581
1697 5748
3357 3249
4030 1837
6487 4600
4283 31
4649 2074
1701 6621
4531 3516
3717 559
1762 3864
6726 3835
6762 3492
6572 3368
4242 6796
1467 3192
4925 3820
6661 1905
5241 2336
4740 4040
3453 5589
1084 3427
2988 1288
3017 6190
6012 4842
6886 1434
2488 5846
5198 2639
6841 3943
4286 3311
5416 4030
2054 3110
555 6466
5464 314
5752 6608
495 681
1017 1801
1677 4291
4189 2597
2296 6026
6960 5705
5840 6428
6425 2917
2655 6898
3376 242
614 4013
4117 3660
2503 842
6339 6526
6787 300
5274 6956
3182 2628
6146 6885
3314 2747
1473 2956
6361 2343
3403 2038
1999 2248
5010 1433
3499 1746
4366 1331
846 3208
5292 1496
4163 6637
5663 6135
1838 3993
5826 1403
711 539
6230 5428
3599 822
2852 6257
2174 909
2755 6324
272 3094
2548 2813
552 3111
2257 6047
6152 6676
1572 5944
882 4743
954 647
3497 3928
3748 1295
1222 1401
1853 4651
568 2863
4613 807
4370 1049
2938 5627
2871 4405
2348 2378
904 6195
1371 1874
1376 2218
963 6775
6565 587
6327 1173
5224 5283
6478 5506
4790 1793
1238 5667
1716 1505
2731 3994
5014 4884
4842 5366
5339 6172
3510 1480
4172 6295
5401 634
1832 2619
2787 5057
3599 17
3669 5674
6126 3519
5431 2728
1929 5935
1516 4076
3063 3420
2070 5416
4413 6357
4690 4945
1191 2064
697 775
6983 5799
704 5329
5212 331
6666 3648
5983 208
1222 596
1347 5960
1218 3106
5201 6588
5741 4058
2307 1572
755 1884
3279 5115
3399 5971
916 6905
6129 3416
1839 2635
2682 4078
1069 6366
2981 735
749 4698
5350 2897
2748 1665
1644 2167
40 6453
2646 1388
6259 6091
6627 4043
6966 3509
302 6638
18 1217
5687 2667
4664 5952
994 1469
3196 2205
5677 5362
2798 1378
2232 2687
4775 306
1819 828
2283 5658
1916 4144
1567 3990
4115 1199
4670 6147
1349 1818
5371 4474
1185 6325
3551 2554
4526 6368
2367 818
6637 1324
785 2419
3736 1553
4018 485
1227 3518
6571 2956
3431 1671
6970 3227
4950 5383
3370 3647
2308 588
1021 2137
1205 4698
6944 5389
22 3564
2417 531
4540 8
6622 2894
2912 4674
2851 988
239 5484
4447 6610
5676 949
5847 3248
6143 6050
5673 651
5466 3556
6483 6118
3353 5521
3183 414
1075 2723
2190 2410
5614 3454
1257 4457
753 228
4144 6050
2474 4798
6879 3085
690 5541
4705 610
3557 5701
1740 4052
5821 3905
2306 491
3047 3155
5287 3217
1314 5341
3043 6419
6699 616
2544 2534
4577 4747
4847 6328
683 4720
3448 1220
5903 2402
6591 6940
2798 2801
5938 4840
3629 2729
5962 2982
3381 2627
5869 539
3350 1062
5301 1021
385 4504
2687 4690
1293 6342
2604 2935
1262 4777
4500 3187
393 4365
6985 3080
4873 1483
1449 439
5480 205
163 4842
3088 2755
1935 6748
6104 2284
3023 169
5138 6103
527 3052
4711 6790
4458 6344
1060 5767
5958 5842
5165 4516
3864 5605
1407 3596
1720 1841
5392 735
5885 4805
1344 2493
5635 3876
1764 1389
3859 4480
313 1753
3957 5769
3 773
6782 1566
159 1286
157 4623
3235 5784
6499 3163
124 2231
1855 4136
1509 3499
2878 4234
3447 6606
3877 6190
6984 5837
2192 6158
5523 5513
263 4268
6333 4564
5582 6093
191 6085
6333 1531
2656 1539
1968 1919
1689 2504
3400 6386
4336 4610
3147 2530
4642 1684
156 3997
3664 3988
749 4511
3209 6791
2459 1375
3804 3968
6784 1588
5975 6145
6925 1069
6589 1120
3010 2417
4161 1761
6499 2358
4591 591
1738 2746
4219 5149
1115 5773
3637 2515
6252 1700
2162 4013
3311 2530
4023 4456
3847 6674
4938 1803
5686 6392
4585 6411
5527 4827
6709 6490
1532 584
6017 4462
1294 1170
1664 703
6644 4560
846 256
813 4280
5704 3184
157 2663
5286 981
4518 4785
5913 325
3984 4851
1219 2689
3399 1946
6246 6392
802 3340
4200 3163
5217 63
6973 3688
2787 6293
6071 5048
4724 5792
5135 1162
431 2084
300 5573
5656 6526
1979 6534
5522 3328
3163 1854
1607 4676
1674 236
299 5348
1567 6031
2229 4430
364 4245
4897 6659
3720 6848
945 3244
1592 611
1199 6544
230 6682
1601 1828
2566 4200
1169 2171
322 3238
3408 2008
2522 3901
1899 4676
4048 2368
3311 2075
4011 2486
5234 4150
6657 3990
6593 6449
1407 1181
3826 454
1680 6443
6690 2595
6652 6275
738 4994
5256 4848
867 678
3454 4231
3946 4693
4973 2281
5721 6116
3875 5981
697 1206
4866 906
2572 581
2577 925
2384 6946
1574 2233
3191 2316
3504 6977
1575 5087
1449 6668
2096 4035
5771 2446
363 5467
573 581
6419 3421
321 5241
3740 279
752 1263
1965 2239
776 159
1247 5406
6479 4603
6577 1728
6968 1384
3671 1613
3862 5345
780 6694
1092 2085
3362 3487
2154 1357
3047 2163
5106 4099
1933 6084
4411 2554
6183 296
59 3901
5785 3633
3968 1984
3233 2518
774 3846
1383 4893
3380 5197
4596 4936
6950 6066
798 1207
237 2860
5330 4931
5022 614
6758 2863
629 6124
6047 3791
539 3198
3376 4674
3524 1162
4334 213
2775 3518
2723 3328
5833 6656
6203 5435
1525 1162
5296 6451
6165 2699
3949 3031
1741 1726
5318 3766
128 1762
4360 1784
5917 1816
4852 1492
4408 4484
3761 701
4695 1508
1479 413
6941 4768
582 2871
2638 372
1359 5946
5438 2720
3946 3083
577 5910
5098 5281
4250 3494
3627 4269
2727 2292
2068 1158
6806 5482
4559 5003
1699 5233
5519 615
4524 5948
5520 4223
6137 2879
5512 2827
1964 3437
596 6310
6669 6123
2612 4412
1063 1989
3797 2586
2559 3997
6881 529
3297 1482
5876 1010
6743 595
2639 5454
1426 2980
4915 5173
5961 559
16 5627
1759 2631
6518 1416
2657 3781
3358 2108
1507 875
6209 3290
6147 2412
2790 2590
5587 1257
1905 5085
3252 4341
852 2866
1292 132
5113 5538
6012 3126
1843 1174
5984 1078
1586 6244
2745 3197
904 3406
1153 6362
4477 3792
4783 5030
751 5793
1465 4382
5753 2084
3105 507
5092 6539
5038 3270
184 3467
1237 5686
6378 5519
831 834
6156 2474
4387 1997
6214 6616
2857 6040
6892 3296
6158 6684
3197 6862
415 2087
6578 4826
2973 738
3749 959
6077 868
3468 4881
4068 2402
5675 2551
4427 3274
1691 6014
6866 4677
4275 3634
1252 2934
2804 2622
2348 1817
4398 1755
413 1610
6693 5688
6794 5740
497 557
2995 2567
6978 1885
6856 956
6945 5909
3301 395
6157 1921
2268 5244
3928 6155
4415 6273
6003 1454
1120 913
2548 1097
3583 2710
3982 6391
3175 4605
6408 2671
1272 3936
4761 6129
4316 5513
4658 2998
4100 4168
3198 5528
2697 1570
458 4362
3185 4542
3343 5128
540 230
6610 2778
923 6384
4404 1546
4254 4985
1348 4870
5307 3794
1575 4095
5639 6253
849 985
6702 5750
4527 6083
2896 1406
4771 27
2749 2110
1415 3059
720 2268
1530 1319
3579 4065
4795 1552
2747 4666
2303 6904
1967 539
5811 479
683 5769
3292 5139
5312 2983
6473 3015
4066 4533
2390 6499
1294 446
6402 4303
2890 6822
1421 221
6247 228
6615 5350
4688 3533
5959 3733
2031 4122
5525 997
1380 3603
2527 1293
1042 575
6042 2455
4125 2080
1713 2500
2433 5041
5265 2763
2097 5092
1352 4938
1725 3234
2396 5913
3679 458
1750 4984
1124 2078
2500 3230
5726 125
4726 5114
2202 6047
1586 3829
6837 824
3085 3102
4066 6761
2768 1705
607 5908
1297 693
2269 4236
3385 6777
3067 1772
3072 2116
2939 2526
5833 1126
6332 2005
4222 4241
2906 134
2418 545
50 1237
2782 5925
361 2819
5860 6332
538 4209
918 4430
686 4861
5214 5403
446 4620
6351 2405
5105 3955
3866 2512
5633 6326
6949 4017
3341 6828
2864 6674
5163 1681
2936 2578
1186 2151
4456 2728
6868 1584
3196 6100
6556 6193
4761 6747
5563 1773
4725 4838
5618 5644
5310 1327
4716 588
2609 5751
6993 3161
6642 2180
4627 516
4840 1563
5499 1199
2872 499
4649 2749
1889 177
4254 5603
2819 84
3151 2543
4245 1353
2244 3559
3474 2230
4054 4791
2901 2368
4797 1866
4709 6183
4714 6527
1844 6069
877 2870
5672 6230
3208 44
4142 3857
3591 6198
6470 3766
2464 4996
6508 86
103 6859
6920 4726
6013 5742
122 4657
1904 3841
3736 5798
4820 3920
2301 279
752 4272
1179 4339
4233 188
6101 4808
2393 3251
2854 2148
2730 392
6277 5973
2667 5705
5401 6302
4374 3052
5676 1811
1825 700
4404 4392
5242 5491
54 6566
1099 4760
1580 5033
2536 3909
5363 533
2011 1055
263 3707
1154 1434
3875 1769
3343 1908
2778 409
6878 312
1093 6793
1850 2800
5102 5080
1564 6378
5785 2104
2803 1405
3838 5270
6316 2494
4007 383
5347 1878
1398 4396
147 5602
2769 1794
3225 347
6182 2679
5313 15
4905 4916
2018 1071
2582 3099
3669 738
5964 6923
2951 4659
1614 6091
4907 4962
4781 127
1947 5742
1983 1235
6341 3840
2753 887
819 905
5836 2392
640 2852
6732 2715
3127 2791
3402 4716
966 1332
162 5479
3369 2324
845 3257
5048 4039
5170 5722
1068 4992
404 5766
3143 6707
153 1983
4584 2592
4429 5687
3581 3900
5984 4892
4552 3808
2544 2591
5386 1001
5312 5024
3295 6697
1464 5342
889 4653
6374 2044
734 1332
4839 5743
1226 1794
4978 2869
4725 2423
1294 5870
1726 6281
2357 3115
1445 6039
5363 1956
4776 4640
2296 5091
1391 2770
2468 6137
4839 2710
1260 4007
2965 6943
3564 5774
6891 2721
5138 2777
1531 2026
3427 2278
228 3042
2712 3464
6077 1649
2708 5974
2928 4028
5077 1720
6195 5842
4360 2833
1958 4695
2455 4747
1361 275
6469 3378
6441 5494
4287 1042
1711 1031
5252 3414
5164 1315
4665 436
3261 646
4135 1402
3018 888
1012 2750
4718 3480
544 1184
2517 3346
552 5209
6338 1582
6861 3609
6312 361
5596 945
2757 6216
5773 5745
5403 550
1948 3603
2376 2360
4313 2613
2876 6847
4306 1442
5245 2593
99 3170
849 1416
4343 4707
4491 4605
2440 1032
4931 4877
6242 1470
6235 6715
700 1293
5454 488
189 3063
6267 3220
6482 5094
2586 4240
222 2422
708 4567
5754 6792
5384 5761
5009 222
5354 2886
645 3464
500 831
5223 4123
5811 4293
3287 1062
2788 3593
6318 5787
3130 6740
463 949
1182 636
5810 4822
6271 5971
3387 1643
6900 6142
3753 2932
3381 1074
4269 1536
6478 6449
4093 6006
545 6616
5056 6053
2069 4256
6140 3421
3220 5852
3834 1581
3653 2701
3682 1941
4117 1115
6722 6028
2336 5539
4547 699
3862 596
5207 2435
3992 5550
3920 3984
3555 3297
5454 3066
1252 5138
5013 2569
6778 6310
4197 5955
1733 523
6688 1132
428 4876
2735 6160
309 2710
1517 2588
6374 2662
5560 6121
4075 1239
6188 28
5214 5484
1867 6350
4349 310
4786 3317
1824 3270
5523 6993
3467 3076
299 5405
3651 4883
4096 5499
1665 2459
1849 5020
672 4455
5018 5545
5651 3206
1791 4261
382 4127
3224 2537
476 3762
6515 4745
2002 2229
5608 5761
5482 6588
193 4605
5055 5023
2407 3446
1337 2778
222 3845
2157 3271
6407 3899
6699 3519
849 3189
2210 6315
1532 3219
4918 1527
4942 6085
4238 1768
6900 799
5034 2641
5223 5546
6713 4356
3361 4878
6680 1964
6722 5573
3453 1434
1586 6838
552 5827
3203 6921
3534 6526
2914 6818
63 5636
4099 5746
5348 1461
3247 6469
671 42
1354 4236
1999 776
2160 5797
2786 4539
1759 5453
19 5714
3257 4124
6323 3770
4650 3001
6893 6744
3963 2071
3268 1280
3672 5305
3333 1675
4269 3309
196 4071
5012 1138
4955 604
5392 605
474 3261
3948 4422
2647 2101
2296 366
5198 3745
6543 5584
996 5063
1170 520
4268 3057
1114 2840
2943 1870
1671 3697
3359 994
3381 4725
6063 5886
4649 5408
774 3903
3671 2020
5808 4613
2190 320
3043 2451
385 186
5493 3289
1826 2487
2946 2518
5466 4849
6428 1288
6861 389
5742 3212
5432 2232
5915 4860
3277 4725
5173 4223
3024 115
4858 2899
4579 3484
1404 3144
1176 5946
3948 3617
5063 3304
1745 2656
4816 6056
4323 6123
3354 2097
3328 876
2442 2769
4902 5049
3916 1046
6677 6472
5273 266
106 6382
4901 4824
6093 5
2129 1491
5470 780
3250 2124
2071 732
1027 5422
3592 5244
158 2758
5515 6565
138 4735
6501 4152
6198 4343
4290 2576
2182 4885
5143 4707
4267 872
1741 978
1051 6947
3387 6717
2119 4536
5699 6093
2459 6856
1184 3504
1060 994
4064 3926
5373 6108
6469 1581
3415 5732
1300 4618
6656 1407
3194 3289
1668 2570
6869 2454
3949 2633
6580 2351
6841 6822
3042 3649
3560 5332
4749 996
1149 3668
5896 5102
5239 631
5405 5996
2843 5691
4030 6944
3927 6837
4024 713
1945 1508
5386 6693
668 3745
4825 1930
4866 1931
5821 205
1913 2724
2467 4064
6436 2198
3922 3819
6004 2541
1590 4
5783 852
1894 1169
5006 1160
5969 453
4943 6473
1175 4865
1664 1646
1395 2919
2768 1144
2362 6118
6868 5211
4721 1176
6310 6381
481 6928
1919 5548
2686 1519
6429 4760
104 3945
2406 4885
6642 5807
4027 206
6391 2024
4400 5672
6511 2880
4457 6206
826 897
2978 4522
4058 5154
6107 5648
5362 1330
6079 4354
1256 3110
2114 4861
4397 1587
5409 4559
4144 1895
2236 128
4271 3168
4326 2875
33 5583
4611 6242
6719 3933
1242 1899
1641 2170
4264 5380
214 4840
1919 1360
83 1913
4369 2952
2015 1822
1323 6964
6811 3872
1895 6601
2979 4723
613 2078
5585 6074
6798 2132
1481 4517
4593 4508
3970 5283
1076 267
4641 792
6196 751
4864 3281
3747 6931
2837 4266
1187 1037
4363 4985
5693 6546
5514 4329
2302 724
1064 2135
3462 3537
468 1323
3148 5067
6901 2610
1615 6560
3630 1808
3829 5401
3571 6863
3049 1274
869 2017
2448 4282
679 6057
2847 3799
3465 2680
458 3614
6451 4252
2745 3522
6616 6009
539 5296
4587 6921
4926 6387
261 6483
4652 900
2255 3106
4397 6043
1350 4949
5240 1070
5515 2995
1220 4876
602 5995
6500 357
5225 3421
4700 567
4753 4365
2280 1823
6750 4669
2493 2870
6404 4032
192 4784
1154 1223
4977 2538
2611 4057
1577 6052
4047 2604
5633 1122
4635 2774
4248 5546
679 1869
4091 1398
4244 2394
59 2161
6034 5603
3188 3287
3563 2410
6546 6717
3342 721
3865 2748
3681 187
6306 60
1533 5349
2063 2131
4115 6306
2692 3056
5180 214
6603 4218
5756 5285
5358 4458
5723 2893
5322 2549
4078 762
3207 3687
874 1182
4079 3616
2269 3138
777 3501
3389 3169
2578 3893
2269 6521
2107 2029
2146 1203
5972 6199
3438 5690
6844 6882
583 602
5648 1379
3197 6732
4338 470
5592 3699
6738 2699
1886 2969
2481 146
3687 6367
2653 5356
397 1351
734 4154
6147 1477
1790 228
4641 1410
2929 4473
977 125
4929 2042
1539 6244
376 5385
4309 2334
2375 6516
5696 265
4204 4792
6950 488
1095 2066
3584 2832
2866 6753
929 84
5447 692
2124 6116
1922 1471
2582 3961
3666 4335
5192 2802
5479 2078
734 2999
3297 6158
3357 6209
296 2773
356 6988
2379 2097
3437 1250
6246 1432
1284 3816
6614 5800
3345 1661
4222 2688
1975 1455
6551 5451
3805 2585
1539 2056
1315 2348
4424 2822
5143 1755
6072 5224
6478 3660
2863 5300
2472 5644
297 5977
4738 3921
1739 1363
4899 4778
1742 880
1411 6193
6356 1196
5754 2848
5136 3967
5633 4773
5786 5769
4788 251
876 6034
4751 1123
1702 5618
2490 184
3037 353
836 6635
4356 3977
2207 4033
5849 6468
1202 3760
3361 2894
649 3776
1234 6681
2230 4202
2388 5542
707 748
2813 4782
5127 821
3691 1493
2282 1359
4083 4757
4458 3880
6791 4133
4826 2586
1916 3453
1527 6152
5080 3634
3213 1868
1212 4828
6136 6124
1530 3417
4615 831
6380 2320
5239 1412
1870 5737
823 4464
6076 4538
6188 5533
2399 3048
4200 5692
3200 4265
1271 2375
6312 4256
3318 2042
3600 974
301 4540
5843 2465
573 532
3382 2966
796 2267
1166 1046
5909 6468
1262 1508
1974 5686
1633 5393
4931 2356
1003 2745
170 2744
6281 5293
3809 1498
1634 6749
5431 6843
1670 2242
5705 5133
2193 1236
5245 422
601 2149
3581 6185
2770 493
1219 4413
6883 3267
3982 3496
6072 6997
2115 2484
1430 2381
1488 5769
254 4670
5535 376
3045 6555
5751 940
2229 2771
2671 3870
274 6076
6124 4154
3469 1406
4470 3435
886 4388
6555 6592
5316 4395
1018 6759
462 2340
5364 1433
3156 5790
6156 5540
4807 5457
5588 6022
5296 6402
1603 6631
1696 2658
730 6477
4861 5693
1786 2551
972 6010
5523 2594
4685 1495
297 6595
1442 2741
2178 5815
844 6764
3991 3558
1087 4270
3650 3265
1320 6693
3209 3522
3152 2988
1342 2510
5313 3723
5039 4652
3170 2813
5174 4288
4823 3307
1024 134
4136 125
2955 2824
307 1247
1790 5302
3543 2994
3885 6141
430 5784
831 6128
213 831
1419 6298
5213 6875
1331 4199
1264 2977
610 4439
2506 3937
85 5749
4249 941
4346 4257
2992 3830
3938 2742
4872 3549
5641 2599
4901 2035
4923 5766
3218 3584
6731 3919
2617 1674
6077 3129
531 1298
2714 4990
5324 3831
2559 915
6886 4207
162 3121
4011 3405
3429 771
2209 3542
4604 4673
1340 878
2178 1977
834 2238
185 1792
5448 2554
4484 3036
1984 4363
93 2203
2165 237
3425 6664
2272 4241
6656 1651
2263 6407
1673 3158
241 2074
4126 4267
6526 5742
39 3845
5465 6291
4835 5895
3001 859
6485 2708
3560 2543
76 694
6199 6286
2477 1613
3807 2420
1353 4092
5230 8
6043 4992
3051 3605
5852 6178
5205 2395
4305 418
3240 94
900 2834
6103 3545
5237 398
1705 1541
2623 4067
3583 6849
4271 4217
3023 4940
6199 6636
2176 6761
4475 1014
2391 1465
988 5283
432 864
2054 2045
4320 1076
2286 890
3342 3380
2080 6649
6733 2786
6244 6005
3259 1625
6058 3371
3494 6403
1138 2194
1136 2121
3273 4714
4152 5814
3001 54
477 233
1167 1434
4520 3766
2099 1414
74 5478
4241 5105
6938 5820
6358 3259
2648 1629
1989 6911
3391 5874
4917 4341
5626 2586
1546 6341
3921 5285
4513 2945
6994 6102
1767 833
1359 3482
2021 1881
3884 6157
5262 4726
2488 3976
5784 6528
276 5181
209 3959
2255 772
758 4955
1790 2887
1134 1270
819 2198
4055 3945
3031 4376
5493 313
5142 5748
5269 1359
317 4431
3063 127
1709 454
1963 3754
4769 5917
4733 4008
1495 1434
6567 3382
1964 4356
6138 236
2611 1723
379 2276
193 3052
6535 3844
4828 81
6843 1745
6564 2330
4172 4880
337 2050
6906 6231
3924 5532
3547 3330
4288 5994
1172 2851
4470 5476
5194 5507
2040 5290
3136 763
5560 6796
5775 4506
4495 810
1053 4822
4971 739
4719 5399
5648 6616
1052 4597
1627 398
169 3755
5514 6801
2842 666
4930 6750
5642 5266
530 4673
5458 6088
2153 6456
1115 4545
2651 3700
4938 3608
5134 1268
6499 4513
4909 2089
392 4335
3193 6908
3975 3911
1506 4551
4966 6006
4840 2669
5557 5693
1794 4429
2603 626
4626 2151
507 5978
5925 4399
1632 6353
6214 4502
4056 5970
4023 3578
5298 1268
3622 3234
2808 1031
2837 5933
5428 560
6761 884
778 964
5702 2260
3615 2413
36 3710
5762 6448
745 1955
862 6677
265 2257
3405 4296
3785 3763
804 5918
4182 955
5594 4770
150 964
513 5742
1115 4090
4054 1709
640 4763
6397 2650
270 5984
3893 4235
3779 2413
1229 2125
4209 1997
575 3587
346 3535
2063 1570
4360 2166
3610 914
6142 4760
4831 1751
6948 6321
2836 739
4106 2249
3653 961
974 4235
877 6554
5010 181
6808 3308
3363 1387
5911 5766
4132 6853
3793 217
2700 5015
5762 5643
4754 5853
4757 5370
5535 2
795 1267
4154 1135
1583 1468
6502 2420
1074 3311
2923 3717
743 4460
4413 2527
5127 1870
4504 2645
2539 344
1042 4527
2542 4025
1100 1499
1043 965
5344 3036
1879 1237
4613 2588
3465 6925
6932 5387
391 6637
1501 5980
785 5810
723 4932
1561 6031
3379 4872
1029 6170
2990 6817
5540 5607
3561 3600
663 1848
1160 2654
2707 1998
274 4547
5105 2646
4759 2009
3818 4195
89 2515
211 3444
1675 3285
1840 5796
4349 3831
2237 2234
3549 2435
5368 23
6083 2220
6487 6999
4690 6726
2290 2999
5676 1307
6357 4674
133 3911
5248 2523
6951 2380
220 123
4018 3071
852 565
1349 1371
129 3388
4836 6901
4358 3893
6407 4387
6878 6224
4945 6844
3859 5643
4415 1394
6378 2868
2052 2430
1152 453
2731 4970
6588 2863
3976 3949
5849 5907
2265 6860
2234 1131
4099 6234
4870 5357
4500 162
2201 5155
4558 3550
4967 2257
1882 679
1166 4673
1885 4360
4285 1671
6293 2164
5496 1066
6392 6307
3720 172
3405 5264
6478 5327
3553 998
1624 5524
4019 6655
3434 3750
4092 5413
5632 3586
3904 5362
943 5540
415 3169
382 777
6822 2104
5752 1436
5550 4685
3611 2107
5911 6384
312 5673
5979 4044
6559 6605
4301 5937
34 2696
3725 2394
3040 1537
6961 4141
295 781
78 2244
2139 4253
3099 2117
1824 5181
1953 1619
5031 2026
6118 6081
5564 2489
3475 4848
289 212
4626 4192
1491 2497
4536 5430
2227 3319
4457 2693
4123 3571
676 6485
1502 6069
4520 9
1290 2214
6121 6729
1128 3384
6083 3993
2196 973
3994 4100
5831 739
1930 5957
4364 2098
4789 1338
3646 6019
5950 1370
5979 6272
4707 2437
6226 6903
1954 3318
2515 5829
2836 3935
5016 3946
6341 4409
5112 3654
1148 5140
1957 583
6124 210
3789 3294
5972 2068
6070 3357
210 4591
4108 4737
1245 2040
340 3883
5275 4614
1675 870
4383 246
6680 842
6831 1011
461 5341
3699 3751
1452 2518
265 1265
1954 3668
1732 4787
6682 888
3093 1497
3724 4747
5964 4809
6986 1299
5091 4655
2316 1805
4150 425
5366 918
1257 5433
3874 5445
6823 3752
1868 891
1623 6722
3238 4480
2687 6821
5939 2685
4791 1360
2371 1862
877 5562
4265 5451
5822 1319
2360 3201
3394 1960
3022 6518
6095 165
891 6399
77 3442
2441 6014
1119 2062
4507 1951
1303 4623
2084 5188
401 5983
5563 277
3994 2140
5755 6863
6151 447
3405 2499
2045 2227
794 5685
3504 1724
1355 1780
2105 3032
2413 933
1634 1195
1438 3535
353 5942
4744 359
2163 4
2030 6830
2221 4146
4652 770
3153 4126
3562 2833
6503 1279
201 5521
93 1292
3618 3142
5013 5098
818 4177
3891 4994
1398 322
4603 6920
3882 744
6010 3975
6034 5123
5258 4902
2985 2448
6185 4538
5252 4333
5102 1356
1148 3530
2361 3752
1635 2894
4467 616
6115 766
5154 4929
5271 5514
355 4833
2721 1062
4692 6561
3195 6580
5117 5047
3596 508
5841 5078
2135 4348
3183 2813
1667 2782
4679 4821
2062 5563
1294 2951
5053 6725
1256 215
2529 1242
4296 5056
6176 4021
6231 4482
2218 2289
4021 6514
530 3494
4580 1782
1591 6328
443 4249
5409 5047
5593 438
1274 4177
6255 6007
6447 6177
6220 6952
3672 2573
5184 5868
5213 4354
2024 5806
3576 6248
302 1011
5341 2819
3161 3562
5532 135
5158 3866
6426 3795
4067 2321
488 3618
5247 6567
445 538
2719 5846
1095 1586
3555 3866
4002 5309
5795 3928
5301 387
2935 4158
5546 5853
3251 422
5212 315
4369 3790
6707 223
3775 5303
4336 1398
1060 1750
5141 2357
1342 5600
1526 991
5856 1548
6224 6670
6224 254
5609 890
5313 3780
3797 3749
3917 4605
6274 3000
3796 114
3137 4642
6158 5269
3016 6567
373 5334
3761 1059
6844 2564
4530 109
1515 3434
6556 5315
4495 1054
4283 2861
6965 4022
3531 1536
425 4743
4625 346
5311 3303
206 3881
2296 212
3867 704
5018 48
2531 5744
5141 4585
4158 4263
1226 3681
166 3701
1102 1171
1282 6242
4921 3498
4673 5648
4360 987
5144 5233
2305 6340
3743 2708
5104 5834
5847 5915
5133 156
809 1299
4692 6829
2830 6161
2859 4647
3384 1085
278 4292
4221 4211
110 5647
424 1084
826 5036
5673 3668
3095 3584
6735 2940
1095 6392
2712 813
4150 5849
3995 2528
6882 6373
3774 85
2992 6465
406 5766
3186 3298
2589 5294
3637 3759
1345 3507
3394 4001
5567 2087
85 6879
5112 4890
804 5812
5284 3684
1108 6977
4600 6435
5691 1564
4533 5213
1671 4616
1265 3928
3414 1620
6993 323
296 4066
888 1726
4351 2698
767 3651
5402 4844
703 6110
2289 464
3569 2662
2576 4658
5928 4136
5985 4670
1447 6793
6325 574
2171 6824
4932 5080
2750 2744
2590 4741
1504 6546
5241 173
2744 4427
4325 3355
3959 4695
4852 5501
3145 2492
2579 3801
4769 3746
3862 5516
6945 6267
3834 3468
4388 4808
1611 377
1495 2646
1464 1081
2646 1990
6834 1740
2926 4259
6565 3767
92 6464
5280 5389
3912 1846
2673 6819
3998 866
2239 3329
4187 3771
4901 2360
5787 467
88 2558
5069 4388
4320 6744
2849 5732
4277 3664
5593 601
4908 498
11 4031
4462 2663
5400 179
5388 2828
6208 2567
6819 277
131 5264
1908 4104
4728 3721
1441 4638
6329 4025
5830 2392
3524 4716
3457 3494
31 5033
1588 5065
2858 2411
523 5495
5884 2628
342 2451
158 644
239 5736
2613 1826
1744 5578
2960 6071
966 3032
6597 1746
5931 5857
4690 3587
3816 579
5865 1073
1448 1271
305 6706
4433 6405
6144 3871
5588 1704
445 5962
3163 6026
2414 4218
2321 1775
3426 20
2746 261
6297 4086
4743 6981
5832 5447
3745 2217
2470 5281
6756 1402
5923 5565
5173 6565
6630 2983
788 3268
2400 3007
4743 3948
789 6122
3205 1714
1336 6291
4051 2674
6219 5334
6781 6535
2957 831
185 1662
5059 5123
4751 806
1294 3032
1480 4
511 142
1973 3320
2733 3008
1086 5712
2717 4003
5862 6386
1973 287
1700 4824
979 2058
4679 2219
2270 2910
1683 6348
4613 4605
535 4269
3238 3301
6975 3344
1653 1221
4571 4379
5417 3087
4414 231
1119 533
6196 2825
5353 1382
6404 3528
2858 801
3477 2536
214 5759
5499 4590
526 6785
3138 6453
5094 6756
4127 6967
5223 2440
1171 1073
830 780
3940 4108
2880 4882
1748 3336
6457 506
4621 1059
2902 2197
4025 5909
1852 1407
6697 5628
2590 4554
5613 1844
6012 5525
4173 145
2337 698
2524 6940
3460 4410
2837 5185
5829 156
6861 4504
5206 931
2506 5580
4084 73
1966 1694
899 5461
3886 88
4049 1018
3108 3204
3734 1946
6576 4520
3584 3133
4138 309
4697 1993
3083 5591
278 5528
5598 6824
2179 6124
6131 3123
2356 5262
6368 3066
3570 4174
3174 4174
6591 2549
2700 2039
6058 5469
5805 859
211 4656
5459 4386
3163 6644
362 4825
5739 239
4930 4042
6482 4484
4714 2697
1596 2891
5892 454
69 4199
5912 1106
1686 5036
935 6565
2244 6495
4362 5628
6406 1614
34 4363
3482 4303
6190 3679
993 6920
3049 4421
4875 3180
117 3085
676 4769
5755 3724
4509 5274
5228 4207
3974 1732
175 811
1768 500
3036 3435
1670 6381
1456 5863
4844 834
2478 2353
5998 3859
6614 1913
4938 4633
6643 1153
4872 6265
6768 5763
1264 2660
3184 300
3585 1398
4082 1450
3877 5182
4739 259
2650 6782
1942 4975
6388 3263
2962 5556
2659 1583
6508 1867
6785 455
291 2275
196 5421
5391 4736
4880 5752
5539 5388
3818 3447
4754 917
1338 3898
1959 2296
2616 4515
5660 430
5744 5039
3641 1276
334 817
5494 4864
4542 6861
6889 404
1634 3667
3196 4043
1169 1618
2783 2184
898 6228
1017 1224
4317 1266
296 1464
6619 2206
4179 6994
4934 6338
6548 3494
548 5849
6174 4973
420 6603
785 874
4983 6230
4916 5008
5867 3510
4895 4131
6108 189
4334 1620
2847 6491
4298 6127
3334 6609
11 5617
1651 988
6857 1216
5443 738
905 2861
4919 1492
433 3805
1465 983
1525 5952
3175 2011
625 3975
993 1927
425 2409
5249 6507
870 773
2195 4242
3480 6030
2107 2143
5847 1703
3199 126
4498 1620
3810 2000
2947 2534
206 4930
822 2984
5927 154
2322 2482
2723 3580
3471 5163
5938 4450
1348 2276
1007 1983
47 4119
4155 1631
2345 1153
359 5145
3370 4330
6021 3172
4684 5358
6976 4856
389 6485
3591 2986
2524 337
1808 167
6219 6570
6291 1720
2989 1605
1647 2693
2531 727
6383 4692
3389 2478
2200 398
1122 3976
1681 5660
3231 4521
1827 4731
6562 3122
5219 6991
6690 1587
5248 6231
3094 1025
3823 5564
5099 6108
5061 3372
1288 1420
2375 5475
3619 846
1172 3689
3839 3064
4188 3218
5265 6585
4623 3146
3589 2135
6202 493
3428 6913
3583 4572
1941 5368
5427 1628
198 6866
2834 6174
5165 6354
2312 1339
6723 2824
2800 4311
3294 1436
3956 3999
1028 153
866 2077
3851 6457
4386 3583
3085 508
4008 25
5755 6570
6063 4471
2489 6112
5471 395
2200 6009
6941 1182
1483 6368
3097 1272
5099 1920
6675 6166
2196 5486
2349 6482
3722 3953
6122 2018
19 3494
5117 5909
2968 1801
1225 2545
3649 5168
6434 6454
2874 5549
5732 4492
704 6980
3968 4359
6883 3836
1603 5322
2873 1914
471 3776
4079 965
5641 2095
11 6235
185 938
5756 6017
1337 3136
1614 1724
4015 6807
6071 4308
2931 2269
6195 402
5821 4133
2043 1837
1189 6621
1958 5671
6106 6746
6230 2086
4532 1849
3969 3429
1892 887
529 1098
1119 4347
1265 4172
2108 5615
6614 3954
394 4845
3572 3204
6187 2389
1638 970
3438 6
5906 6311
3931 4076
4968 1598
6643 6577
1287 2618
4466 4585
6895 6798
3958 5118
5988 1398
5482 2758
2780 5082
6266 588
3427 2449
3461 1279
1069 3829
1840 3706
3402 4082
5386 6433
3643 761
5074 4626
3484 6366
5920 3334
567 6062
2952 2341
2828 4749
1080 985
4879 1906
6441 2282
6754 1281
1590 6160
3114 4554
805 2443
361 4681
5808 1588
3005 3106
2237 494
4193 797
4348 2620
4253 5766
5094 6382
2262 2244
2346 6853
1539 5821
6541 2112
4772 3887
2721 314
4472 3595
4654 3077
4303 2096
3050 2475
3213 3405
969 2443
2627 3281
5177 2071
6611 3201
1747 458
3230 4513
6631 4607
5504 3405
1304 6304
5657 3647
2122 5216
4477 2784
4374 6069
425 1417
3322 4452
5748 732
6656 2570
3483 4555
5152 5582
3070 2696
3445 1819
916 2408
6272 5613
6373 6419
3531 1593
6800 5732
3631 5207
4468 1917
6082 3237
6589 4731
4812 229
641 3866
4710 2204
6184 6897
3397 1778
2600 1434
3899 2928
2094 2794
4649 1928
2785 6849
980 6715
5605 6466
3934 5366
4583 3560
5637 5223
3149 895
2089 5833
750 776
404 6555
1498 4611
1035 3389
2401 6859
6883 4804
3418 3005
3015 1834
4694 3549
2710 1198
4102 3637
6877 71
2579 2435
5910 1036
4485 3375
435 2835
5567 6332
2636 2969
1834 1527
3798 5855
842 6377
5820 4526
4044 2878
4627 4956
4470 4972
3482 896
1326 6197
4277 5331
3597 5572
5379 4002
4195 6430
6081 5240
5563 147
771 4632
860 3923
1445 412
3222 2662
4968 5599
6293 2652
6014 3237
1074 5572
2440 2626
3286 3586
5141 3837
2808 1332
6951 2063
5118 6297
4839 6882
2186 4961
5429 3715
3583 3580
1153 3394
1877 6835
4047 1994
2832 5109
4570 1015
1517 1604
1243 3287
6690 5856
3550 4571
5907 2966
6621 1555
5511 2966
6064 6333
2883 2041
3566 2071
6183 1329
5092 538
3662 1779
4720 5096
931 4863
3450 4340
2889 5993
3042 6235
1951 5444
5060 1000
5870 6467
299 1388
3726 6867
5252 1170
2788 2154
4534 5091
2450 5542
6614 734
5435 4260
3537 3181
2816 1169
3841 4346
2960 6583
2349 2457
5088 3398
6480 1673
3220 4413
1811 5033
5383 2565
6602 5985
1812 1471
439 3246
2958 471
4893 6313
6787 2732
5546 6878
1085 1142
2640 5265
525 6403
1023 3647
3110 461
243 4438
2691 4449
2350 4156
5304 2807
3941 3772
2062 1245
4307 5061
6359 5826
4864 256
3001 5779
570 2739
2368 1702
5262 302
3899 513
2648 3971
2555 1528
2126 5552
6016 5837
2375 6256
5656 606
2736 785
3301 6421
1605 2847
2704 2001
6589 4194
1606 5701
1186 1143
6996 6238
153 3740
1705 3428
6808 6187
1426 4013
2047 6575
5741 5790
3762 3783
2971 2530
1484 1739
3029 256
2440 6277
661 948
3281 6893
6434 6885
5242 5288
3683 4429
5885 5919
5171 160
444 5794
6299 4216
1199 974
2159 3002
6416 5555
5643 2599
567 3915
2619 4680
5575 4158
5888 2403
6818 6474
6350 4154
5438 4826
2728 2371
5976 1469
1093 174
4696 4189
6313 4272
2715 1355
4847 3604
6629 6952
409 3679
2644 2643
1240 2853
3210 5498
5748 2773
3172 2762
5130 3892
2420 1437
6931 6536
3982 1813
1148 4018
1045 6549
396 1939
26 908
5592 1479
5027 5642
2854 1140
2136 5061
5312 2593
6430 5961
1999 1565
970 898
4495 3502
5214 2435
3557 5205
6229 4924
2029 3659
6079 1947
3876 232
1598 4604
6918 5900
4358 6
6795 6998
1690 6822
1594 698
4276 1105
904 251
5737 1429
2306 3378
2650 3188
3400 1434
508 5913
2766 919
4425 4611
6350 3349
6288 2471
1059 6955
1871 2669
5909 5858
4197 1751
1182 5076
4661 165
2861 375
2635 4004
2327 3851
3850 5415
6520 4699
1569 4209
5903 2256
323 5759
4091 951
88 6616
1981 181
1224 764
5677 223
4687 5900
1473 1468
6170 3539
4246 1993
1345 2222
1381 1879
3688 3163
5646 4293
5023 5068
3244 6155
6363 147
6886 2174
4300 1475
1683 2217
6426 4633
2469 120
4363 5961
4237 1126
1649 6016
1310 6550
5689 3616
2435 509
2342 4482
2560 5873
4702 2394
5884 3303
5755 1203
774 3537
3510 797
4378 3236
869 6026
215 5236
4790 1460
2601 4369
1238 5334
5625 2261
2514 5124
3787 6151
1726 1890
265 1566
1106 2182
6423 3180
2280 2449
5055 3047
857 2609
1574 1469
6546 5465
4118 1942
4055 839
409 914
3523 978
6066 5013
6097 162
3640 2317
2712 2456
1774 4159
1767 2988
5342 1949
5536 5198
2138 5375
1145 4365
5367 3699
678 5653
3634 5131
4133 2600
5473 4849
2794 3959
3071 6711
1008 1623
5787 5948
863 4652
1453 1485
2301 3272
2974 6778
5658 3848
5803 65
3977 5470
1752 2306
1535 3769
4938 4690
5900 3381
289 5319
1667 3888
2250 5966
6173 2227
4130 5685
3908 6804
4311 1559
6303 1519
2287 2815
4804 4875
1416 5740
3721 3945
3489 4376
2964 1522
5297 1775
4092 6332
2812 1882
5704 6071
2244 2364
5733 4557
5879 4382
2369 1312
5261 5501
347 4893
182 884
4165 3612
350 2912
1967 2995
1205 982
592 2445
468 689
2362 3524
2238 1768
3014 1235
6498 3084
4466 4479
2270 3935
4689 6214
5865 6554
227 253
555 5946
3435 6368
3813 5762
3407 4320
3154 4628
845 2517
5865 3521
6615 4773
194 1244
890 5643
2134 1014
5644 1832
687 4560
602 1978
2907 6599
3523 2401
5706 6093
3614 2519
2955 3637
501 4555
2118 3140
4513 107
911 6870
1959 4581
6190 5159
1429 5547
6540 2505
4143 4711
1141 2636
2209 2477
2517 378
2541 4936
2355 1548
3284 2011
1885 3319
2482 1323
5622 3362
4448 2314
1853 3781
3570 1816
486 840
6988 3045
6983 2701
5771 5333
6265 206
948 4843
5050 3321
757 6029
5430 3542
4962 1222
3114 260
3031 4921
5679 82
1291 5182
546 4274
381 265
3865 2114
1248 2102
4238 6826
3923 5502
6813 6612
2370 6343
6315 6335
4701 5769
3805 3911
1918 1523
1274 3673
4657 2464
3135 4870
6800 2593
1803 6646
6834 1423
1288 4510
1172 6779
1857 466
6058 5339
5485 5477
5022 3501
2067 1215
6480 3527
6676 1187
2042 2848
4699 1535
282 1733
2463 4598
4736 636
2533 3085
6917 6911
3493 5867
6731 4277
5850 98
4201 6893
806 3581
6188 6509
5632 2090
1874 1170
626 1893
2916 5482
6992 4991
4010 4292
3010 5117
4543 591
6520 5935
1924 3916
4314 539
5561 6761
991 3711
2202 3860
5836 2270
5774 1392
2040 5030
4435 1997
3317 2793
5025 3748
1169 2293
5499 2850
3350 2152
3847 2958
4251 3573
4464 4620
2587 2166
5552 2861
3740 1556
5359 3220
1148 3294
1621 2952
6782 5689
1302 728
911 1072
3630 637
3767 2598
1085 2191
933 2551
4002 5878
5657 2281
6500 3724
4072 201
307 3028
2110 6499
3502 4774
6406 4062
6843 4063
5406 1881
4592 6094
6550 6470
1421 2490
3594 576
3943 5648
519 3850
2260 27
6370 4782
1671 1884
174 6067
3961 5473
4369 1326
5655 2558
354 4722
1901 4820
1499 6503
2528 4164
3772 6705
6488 5942
6072 402
3857 1336
3122 1870
5753 1588
1403 3008
90 3336
3550 627
3706 5304
1734 5996
5044 310
5730 3267
5539 4453
6222 3729
1182 4702
6101 5654
6287 1872
1855 1038
5934 6480
2228 6504
2584 1413
863 5888
3354 3317
2289 2993
1668 4595
4037 6757
3326 5433
2139 4180
2409 1597
1328 1494
727 6000
799 5314
537 3624
3692 6695
2510 5786
6739 5537
2009 1074
6957 512
5926 6188
61 662
1248 1915
3283 4955
6949 6286
5550 6840
6297 2159
6073 199
5541 2590
596 1171
6506 5716
6745 5732
2648 1182
2332 6803
6413 6656
2480 2537
2514 1367
4348 4905
3231 4391
5158 6208
6407 6087
1946 2603
6032 548
3912 1342
4755 2785
5467 6963
6119 2422
3228 4093
1519 3667
4365 5259
5531 5635
4404 4433
4684 1040
3273 6495
1315 5365
291 5796
637 17
3560 3519
6431 6831
1562 5242
3905 521
3368 6732
1563 6598
6384 6261
2924 2554
3268 3118
6996 5327
5698 6687
4320 1702
5541 1785
3545 5089
6881 4034
5637 2247
4816 2283
368 3168
653 4283
5040 1210
4756 1451
707 3765
2136 5305
6936 4091
1800 5356
5279 6861
2662 4597
3166 2410
4274 4336
79 3415
77 6752
10 5530
2152 2805
6606 954
2311 6999
6788 6852
4743 6477
1968 3627
1586 3333
1271 2009
663 3816
6633 6160
4453 487
2452 2693
4575 2170
3362 1194
2114 6081
3418 2257
4825 5728
548 1799
4658 892
6034 5050
1762 1465
2855 50
6086 1453
5690 1453
5844 5303
5988 4301
6554 740
2189 1128
5617 5297
6419 323
1930 3119
4858 6965
6174 4656
6888 3245
5704 1509
4155 5502
4401 2525
319 3201
5823 6304
2081 255
910 2888
5098 2638
6443 5231
366 1512
3764 2089
4519 3685
3943 4306
1890 6322
835 6686
3476 5594
6365 3096
5783 6878
2304 5373
1392 6045
1521 1729
5246 257
4196 1719
4817 4281
4999 6015
5971 3142
6150 5359
5527 5380
2817 2925
3763 1837
3842 6102
2099 6846
2842 4675
5863 4548
4151 1195
2253 4280
5563 5010
1723 1082
5923 3101
1250 5588
4840 1417
3066 596
4145 626
1994 6271
5012 6627
2307 4516
2898 4957
4044 3203
2679 3341
5512 3917
2241 3115
6480 4308
5539 6494
6850 3087
3553 3316
4919 6786
587 3150
3448 5774
5973 6197
1520 6738
1957 6739
6595 5197
4250 3429
3016 6494
681 5414
2603 4635
5629 5606
853 4208
4567 2547
4741 4420
2848 3685
1258 5425
513 1107
3845 2562
5793 3004
2214 4301
6828 6869
6523 6233
5465 664
6950 5546
1385 4419
1029 2340
3809 6288
571 1462
597 2683
1837 1318
5233 314
2117 3587
6503 1824
167 6482
4023 1521
5852 551
1526 6529
1273 1919
777 4721
5200 5469
4440 119
2213 262
4417 4831
6007 839
2142 1550
1793 1396
2955 5036
5529 3466
6659 1933
3507 5549
2915 1473
2016 6514
6796 3924
5555 5818
5774 4401
1567 6129
5550 4693
5799 5397
5616 28
1256 760
1151 3218
4793 6407
3986 4621
5732 1142
5329 6387
5353 4529
1187 6258
6760 1584
4012 2809
2434 1900
4605 3323
5782 3888
1059 596
4754 6829
308 2125
642 1247
4814 464
168 5528
1272 5026
3280 5519
401 1535
5217 5772
169 1966
2784 1151
1109 309
2514 2953
2153 1284
532 3711
4148 4925
4270 6608
1500 3348
3621 1998
5085 6003
811 5755
2 3896
201 1073
5975 6511
4488 4966
6570 1436
5319 4894
4178 3986
2700 1803
4916 1471
2584 4072
3797 4294
3601 6634
455 616
4572 126
6616 6692
3285 1675
709 1664
5284 2806
1774 1988
645 4123
3327 5284
3843 3134
4383 604
2017 5129
5995 1097
167 334
5428 5187
3306 2902
3464 3488
1566 3163
229 5349
5458 111
6803 2704
1500 2543
4151 4391
6973 671
6983 5523
5632 5367
4422 2410
915 5273
6039 3247
2842 4838
3520 3770
5982 461
552 525
818 5340
3924 2133
1799 2583
1594 5561
656 848
1776 5043
3056 2323
4104 788
1960 434
4909 5911
3023 6347
3706 4125
6965 3412
4792 4572
2178 2579
6559 1970
4191 2662
4630 6496
1427 3354
5570 4839
1482 3815
264 243
3538 5480
3173 629
4725 317
398 3441
2047 6445
1083 6927
3696 5285
2442 2810
1129 3138
4623 5675
5919 1236
2185 4874
6051 3607
206 3621
4306 3524
4932 6430
4094 3079
4715 2231
6976 164
418 6695
1034 3251
4122 4346
6383 3033
4335 5393
2219 1425
3985 5014
3276 353
3480 3566
959 4016
3708 5645
5156 4983
3501 1410
2945 3407
5011 2350
2820 2180
3126 5670
5677 898
45 4211
141 3919
4647 3012
39 3642
6023 4918
4063 2961
6611 924
1568 2380
4796 102
4092 2201
2306 6281
389 988
6853 6873
2558 6502
6600 765
2561 3767
1219 1445
4457 4019
1680 6004
3249 4141
5410 4876
6284 1468
2645 2714
5733 3809
2894 5670
6225 4271
4888 6457
5019 5220
5700 2171
2763 6907
2706 5619
1833 6219
4732 5163
2762 6682
4140 5251
5291 431
4850 688
6493 1992
5712 2181
990 1743
2048 5060
551 4533
2075 2719
886 4803
2407 5178
6333 1710
18 5747
6050 4805
6136 4579
5805 4974
3816 2279
5650 899
5078 4645
5083 2737
6203 2768
1227 1282
4241 4902
6548 6186
2000 6867
2341 744
1861 4079
441 3756
5766 5396
3519 4917
5919 6392
2187 6693
3388 5400
6165 3415
3109 6739
60 4064
5406 165
1121 6898
4564 2330
238 1892
4606 5939
4123 2587
2020 5240
5628 2429
4964 3203
1211 2627
953 1837
4629 3856
1446 5153
5589 222
637 3294
5277 4831
270 1780
798 4151
4186 3286
1328 933
3759 3973
5779 5981
2035 2515
6954 3467
596 260
5463 4432
5176 992
938 3407
5790 3137
3250 2783
3923 1371
2374 5364
631 1944
3213 2901
1007 4675
3715 4051
876 5912
6134 6330
4045 21
2209 574
3213 6284
3946 5677
5343 2044
96 5168
454 3186
2334 2151
4781 62
6618 2363
5367 3569
2636 6653
1519 6139
2450 3265
1323 2817
1352 1303
6553 5351
3318 6458
3032 5872
6091 6983
3500 1776
3715 2896
5494 2563
5456 5489
3125 6063
3338 694
1476 6442
5528 1393
3613 2619
5369 6998
137 1385
2807 4441
4522 1649
2254 6709
3183 756
939 5456
5729 4308
435 1981
1252 4455
1830 3937
2709 873
914 1427
5948 6301
2056 2937
934 2079
4294 6336
3953 6043
3268 5940
4224 4062
5784 4365
5968 510
2673 1566
6033 5069
2141 1705
795 6057
2691 5555
3945 2368
1603 4281
4244 2435
3787 4411
6490 5695
6151 6229
4248 2554
6822 1738
6273 3564
5294 192
472 2556
6286 5141
5148 3750
2089 1141
530 282
2920 1069
6471 4140
2897 5781
2216 3168
4927 2061
5765 3160
3060 1049
1835 3476
2363 5847
319 3445
2898 2973
3581 6413
3586 341
3763 1731
2527 3969
3919 6408
2026 5673
157 1582
6222 3786
2545 1542
5838 413
4289 4406
1837 6905
1386 1556
6523 3899
1908 4112
4626 4176
4345 1682
793 1392
693 4194
5328 4633
3184 5033
2618 2178
2771 3174
2210 4827
3830 5181
6915 343
3797 6953
4604 2323
2238 6094
6076 6189
2205 3702
1121 3328
3521 1393
1957 3600
1028 885
159 473
1126 3672
2014 4134
2299 1085
5881 3469
4348 1579
588 6248
2928 3508
5034 4536
5440 5978
5534 2607
205 67
6459 2170
6963 4147
2329 5808
5182 4407
3623 1296
6964 585
4187 3324
2318 1485
4897 4423
2259 4288
3477 4854
3312 2343
2820 383
3253 5146
2281 5767
6052 4640
3989 5968
2223 5762
4680 3607
1135 3734
4280 6117
3717 6943
1222 6362
1098 4606
6853 5076
1714 408
2364 3708
6913 3629
1643 1696
335 1614
5942 2940
3163 1846
2799 4767
5096 5363
5476 4830
4189 2215
2764 1548
4433 2575
5835 5702
3748 1718
3722 497
2673 5567
139 5058
5371 6507
6887 4286
173 3888
6840 4440
2129 4191
5315 6575
3777 4341
5150 1812
6948 775
4532 2931
3255 5168
1003 3591
160 2902
5275 760
421 957
1221 4982
3836 4921
973 1470
792 2590
6270 5226
5587 1786
1569 5665
4119 4455
3900 5845
543 5269
3642 891
2251 5470
1783 3904
5709 6098
2096 2149
6201 6560
6251 5923
5607 5821
3888 543
2086 4844
5880 1257
3442 456
6499 740
5043 760
270 6049
2980 2088
3298 677
5440 4368
80 3673
3185 2493
2285 4680
1641 6830
3470 5106
1701 4629
6589 6268
6709 4872
4431 4326
1258 4059
2471 117
6359 6745
3499 6975
3967 2879
44 4366
3218 5235
5673 6417
6516 1444
2834 1108
5043 6021
3778 3357
3463 2033
1622 2242
4990 6360
5329 5826
1872 5800
4427 770
2271 6071
2429 241
6154 5185
2487 4383
4311 2315
1334 1960
4634 1248
6120 3322
1550 272
2606 5014
1393 2540
6183 638
5214 776
5742 3147
5561 5021
3135 2325
6342 5586
4279 6914
635 2898
2383 6662
705 2139
176 1795
3901 6739
1912 4044
3994 514
6666 233
1349 5624
5917 4841
843 568
1746 2062
4800 2829
5175 1952
4110 1628
6670 1106
5259 6561
3435 2213
5326 2121
6449 5833
5480 5971
1438 5292
1216 6411
5046 2481
6577 4298
5013 6505
433 5773
1521 4688
2055 6954
3853 3665
5203 6602
1867 487
6994 2142
2479 5969
5378 4913
4949 1767
245 2689
1668 277
6848 5700
5250 3415
463 4080
3259 6309
4384 6684
1764 739
2445 3352
857 1755
449 6656
6858 5664
2071 667
6303 4853
1143 1560
5654 6659
6241 3975
3627 1228
2598 3567
4680 37
3964 4785
4898 1428
4531 6330
749 6544
6732 3431
3186 704
6350 885
653 3803
1339 6760
3457 5893
2110 221
3245 1284
4986 3877
1156 1391
6722 6126
3544 1351
3893 6423
2492 6150
5350 5093
2518 955
2397 2880
4632 346
5946 2872
5784 4796
1087 473
1673 6232
6558 1938
5092 1270
5129 3781
2784 2013
4121 581
487 2171
3749 5139
6175 1419
1170 5611
4936 6392
1192 2926
3654 1869
2482 5812
5428 6854
2260 515
1019 4661
513 359
1473 2387
2505 6735
5466 6557
1789 4313
1140 6119
2245 5118
5729 551
5481 449
6384 1943
4241 5951
781 4496
3331 5915
1831 1
6755 1297
1366 4368
5204 4463
3913 2106
3579 2984
4133 4324
5757 6332
3355 1024
3730 901
6381 1995
483 493
5689 4885
3445 3169
52 1438
138 2710
5652 5003
5024 1270
3749 4334
772 3979
5930 783
5959 5685
727 72
536 504
3246 2959
4959 4258
4907 4068
5461 5408
3066 1271
1872 5263
5557 5116
46 88
5760 5475
6140 4942
5321 2395
3832 23
4365 6902
3205 3308
5918 6034
6164 2303
5481 3027
1181 4564
4486 1944
554 1433
929 556
2770 347
562 5458
675 2891
6339 3997
76 1808
6593 5799
2326 2558
1230 669
5345 6522
5216 3668
2234 2969
4808 6317
2449 4843
766 5638
4188 193
4682 1482
3883 5973
542 268
5710 1924
6049 1390
1761 3688
2091 6074
5171 892
43 6182
3933 2303
4275 6204
1806 6090
975 500
2678 6773
2275 4848
3713 4222
843 3764
2620 6014
3150 2796
2300 182
6028 2391
721 5464
1717 3739
4482 3649
6065 5656
3262 2256
673 2040
1667 3652
1338 4874
1059 5459
6457 1750
6095 6996
5040 1698
5659 3433
5740 2109
6357 1519
954 4884
166 3148
3378 337
971 1855
4374 2776
2968 2159
6261 4440
1135 6393
1660 2831
2372 593
264 650
4778 6020
5642 1924
2772 1466
3577 173
851 3601
882 2914
524 762
6444 6749
5321 785
6783 3963
3178 6291
4166 3951
1807 2477
4360 784
5829 5133
217 53
3169 2041
987 6121
2831 5429
840 2661
5413 6386
6373 5004
2486 6148
671 408
1796 783
705 6408
208 5602
4416 4476
803 527
6529 3265
5008 2136
5319 308
546 4843
4808 1324
833 2621
2688 2118
4274 636
6211 889
2756 532
180 521
5175 6221
1971 2477
2666 1770
6093 2331
3748 4727
5799 1884
47 5095
1294 6399
6609 935
6509 3737
6194 2413
8 4386
4239 1554
2835 1764
4330 918
2470 1077
4144 2448
6975 6361
3401 1586
6474 1649
5476 3301
656 2328
5076 5811
4044 1463
4725 4830
5250 1268
6853 3897
5824 3984
1094 5937
6471 1351
127 486
3456 4676
438 4320
6410 3327
2821 3936
641 4679
5415 2244
4506 2433
1788 117
2885 4860
6956 4025
6159 2927
3780 77
560 2216
1646 3417
5593 4236
6866 1099
3951 1622
2731 4393
4162 6006
6552 2629
3806 4681
886 4860
3871 5076
3625 1637
6364 3332
478 3345
6918 4672
5177 2079
6465 4138
5309 1444
448 4634
1511 4131
1382 1277
1349 6055
1588 5317
5170 4291
5980 3342
5388 3430
1879 5466
5327 5406
6698 2804
1409 821
1034 1698
3153 2931
6532 4986
5688 5570
1459 3567
743 4151
6491 1198
4221 5431
1208 3167
4625 3794
2978 6498
2574 221
3761 1474
5774 2311
2849 2146
300 6964
2418 5343
5873 6454
6895 5196
1509 3280
3102 5975
727 5496
5825 1495
6169 6223
2908 6109
2440 3789
1872 4271
3903 4159
1255 2582
369 4475
6537 1142
2027 5313
6970 243
5664 988
3482 904
2334 5241
3695 1951
90 2027
1681 1643
590 98
4659 4852
5008 2754
6305 4175
6470 6686
6561 1886
1387 6831
308 6801
6676 6562
2414 3665
1165 1534
3071 6638
2880 2906
1636 1119
6173 5187
4899 6941
6055 213
6803 4802
475 4470
1447 1597
1127 2181
2942 751
4212 3759
113 3300
4086 5340
1006 4106
6042 5643
5647 6245
4644 3389
6582 6496
4941 377
4390 2718
1967 5955
5355 5844
3146 931
4386 5982
693 6211
1465 1772
498 2737
434 1032
611 6586
1738 1372
91 4076
4940 125
6340 6589
6025 1101
1047 2952
4789 3339
1883 3224
2113 6130
3071 5833
6545 6240
3415 5643
700 2090
2529 1120
3721 2717
510 1966
2559 2460
2041 1531
1375 4888
5673 3278
4453 6049
4556 3518
6636 5577
3501 1630
3160 1337
4265 336
5488 1246
789 4764
6857 4233
977 1028
222 186
2718 4375
553 4672
2979 1706
5131 5331
5136 5675
5250 1081
1239 1967
1213 746
5158 3744
6963 1626
3767 1907
6162 3792
1642 6521
5252 373
6406 6404
5444 6959
5279 5202
683 931
1638 3369
2567 6084
2360 1819
5006 1071
4629 4531
2533 3467
1535 5119
6046 4556
2761 6300
3289 6419
6799 3073
6668 3556
453 4791
5179 6102
6335 1626
2405 1188
2064 5059
2086 3128
5045 2123
5410 558
6877 4080
1844 6224
1591 2368
4294 1400
6900 2751
585 2624
583 5961
5077 1257
1734 5305
465 5151
3077 655
3970 1461
5744 30
6318 2746
3531 4797
2734 3699
3882 5778
4317 5706
803 5146
4719 2488
4168 5583
830 2805
6179 3341
2750 1199
4097 455
2075 1784
4876 4357
5741 3115
4239 2790
2069 1215
596 6546
697 6598
310 3708
6822 185
1658 5818
6505 4450
3986 5727
5947 6374
6420 6786
1527 639
350 74
2034 2133
3488 5450
3178 6722
2304 3714
6313 1247
561 4458
310 675
2586 6810
1705 2631
1675 6172
2260 6825
3951 5891
680 5089
4412 4788
463 6552
6072 2289
5565 795
4205 6939
2302 4018
2794 6732
4853 1498
2798 6851
4591 3218
1542 1297
6583 3178
1972 881
829 5562
2782 6348
5187 4003
6734 3347
1541 4078
2157 6296
4063 6482
4402 5948
1563 5557
117 6265
2745 50
976 1825
638 5213
6026 4923
2494 6066
1009 1184
3934 1349
5448 4717
5756 2618
1186 2574
2397 1969
5203 4886
2498 523
5328 3080
6448 3111
1429 2709
2306 3736
6776 2418
1316 5249
3460 2597
1156 830
1951 5265
2931 2253
6651 437
6255 437
1150 261
4546 6427
3700 1303
1153 6948
4205 6134
2990 2833
3252 389
6803 3460
356 5126
1111 6722
4504 539
4189 1467
6892 6915
2671 4773
4906 3737
417 2369
16 2025
4746 72
6050 1910
5649 1566
6373 1597
2383 1108
4375 1068
6551 3589
5830 3075
5336 288
4243 4332
5676 6772
5521 5703
3496 1099
447 1430
2959 3146
1529 5141
4457 319
1279 1960
4044 4122
1160 548
2459 2042
2402 5672
6232 1742
1757 4968
2338 3967
5457 5129
5507 4492
937 2196
6157 5540
4672 658
3679 2654
6690 1839
2951 5887
4852 5729
26 5722
2015 2001
5507 1459
3850 3475
585 209
524 6349
2749 5379
4873 6956
4183 6509
4527 6319
4126 5975
415 4901
3806 4307
3281 1453
1887 3105
2375 6077
6485 4416
2505 5369
5666 1115
4981 1012
6008 5016
4024 2665
4890 5031
6381 279
464 979
5445 2809
555 343
6563 6177
4419 6577
1745 6031
680 5707
6224 295
1903 6617
3851 643
6400 1460
3814 761
4722 3353
2141 2998
3815 4369
5305 3179
2975 6607
544 3567
6096 4432
4382 3662
2916 2994
3602 6705
4476 3297
4249 4072
1100 4199
2039 6104
4809 2194
2901 1181
6708 6127
4678 3431
4151 6920
980 3316
3287 4600
1374 2489
823 4830
6088 6419
3889 2224
4485 3009
5168 6449
2207 211
5699 6085
2984 3286
5019 6326
6843 4258
4663 5001
5666 3693
3923 4437
468 4080
2331 5350
3826 4504
2329 4523
1150 879
437 5144
3200 4981
5927 4407
3041 4170
2975 5802
4682 3149
6715 5362
1292 181
172 904
323 319
4810 1614
882 2003
6612 5614
5573 95
2281 4832
1159 3974
5522 6923
1028 5211
668 704
1280 5432
5521 3288
2995 6804
806 5549
5011 1496
3636 192
6944 4259
5760 6687
177 6509
5719 270
2556 2943
6849 989
2823 843
583 781
6974 5599
1365 4200
5666 6271
2726 910
6877 5666
303 1895
2445 4832
4668 1507
120 2942
4587 2107
1450 3749
2919 3934
1336 2681
1613 5433
6173 625
6925 2704
5488 522
670 376
4338 4032
3247 3241
6700 3525
3198 6732
6796 3233
473 3245
6951 892
786 1490
1971 1916
4309 2513
3960 2359
943 4857
4429 1117
6232 4588
2443 4355
5272 2560
4955 6825
1533 1690
4301 1871
4762 6430
171 5509
3903 5208
6723 661
4825 4500
1461 3507
1132 4729
5053 163
4416 2760
3208 630
2578 234
1492 6203
4257 1949
1428 4498
5006 3730
4194 1600
6553 3074
6286 5174
3096 5300
5943 4054
5835 579
2230 2153
141 2260
3881 6738
791 4062
6778 4855
3786 2714
6678 6903
2721 3144
551 4575
4907 6353
6387 4475
196 6104
1877 1476
5175 4855
5949 4249
1560 79
2631 3601
4932 4316
572 5048
6608 98
1069 5854
5890 4019
3144 1153
5575 4947
4957 6066
3739 3248
1715 3750
3823 1441
4540 6717
784 208
2279 5778
534 5695
718 1840
704 3662
1275 445
1808 3160
6493 3716
3695 5578
2549 4326
6406 5225
709 973
1232 3000
4871 6672
3165 5763
791 3257
2234 2221
6023 2454
5866 4722
2540 3459
3570 6980
1817 2872
2778 6256
4956 4686
6301 863
6540 3131
6731 447
1402 1317
3924 4475
1780 4121
195 2041
840 5751
1497 1554
771 696
2763 1410
686 3032
4075 857
4792 3881
96 4664
5504 2397
650 6004
3255 4501
6741 761
2009 1887
54 5192
3091 3346
3075 2813
4133 1966
3479 3428
1980 368
3788 4183
1347 455
2162 6266
6957 4708
166 2400
599 5665
2964 3921
2556 2406
4622 4759
2616 6621
438 4027
4030 683
1840 738
1088 5075
3397 770
4553 458
3017 1303
2901 3572
683 825
62 1646
4133 811
180 5839
1957 1673
6933 3159
4627 6981
5666 6084
119 5563
3605 1823
838 5250
2073 2787
920 6780
6902 813
975 825
3908 5015
6525 5027
797 1462
5525 5852
5334 6284
6829 5438
6089 1464
6173 3821
1417 4553
6243 5314
2692 2243
489 6944
2201 4635
1601 698
940 989
1320 456
1783 2432
260 5394
2810 5682
5055 3836
5676 6398
729 4152
6768 4381
5799 4519
4923 684
1213 3218
6975 5613
4074 5842
4550 5771
346 600
6000 1018
5902 4647
3300 3415
1681 2505
2639 3706
3857 4272
5681 2204
710 1816
3912 4733
3413 848
6907 3385
1233 1591
6553 2887
307 4809
3794 3923
1139 1175
573 2484
1424 3788
6088 3467
637 3408
6888 1830
6604 2071
3534 5689
4372 2624
5981 2846
1092 3988
3287 5031
3595 2932
887 550
4483 3394
2494 699
763 5210
6640 947
4917 3097
2114 3861
1995 2449
1255 2639
3208 2671
3454 1946
2370 2326
2306 4785
2433 6058
3321 104
5015 2851
4609 2163
5791 3072
4574 3108
1401 5093
6659 5511
334 4696
1707 2921
6337 3016
4881 3790
2885 6340
6713 5747
5930 5109
3452 5633
1957 63
1174 5841
6174 5469
5678 1101
6051 6567
2109 3086
1235 78
3714 6572
2977 6279
1379 3240
5589 5947
6177 1953
1406 1653
571 4235
5235 3914
285 1397
5460 60
5601 5957
3866 146
2369 4329
4733 6147
2773 4944
1152 6617
5980 1789
6720 5763
5794 2565
1338 3589
2748 161
5260 2631
3763 2650
5917 686
3675 551
2266 417
5815 6825
1421 2311
5937 2092
6648 6799
2202 6259
6371 1795
4013 3175
5376 712
5157 1348
1573 2301
3684 3673
39 6602
507 2506
4844 70
231 6772
3195 6865
6609 805
3128 5643
3152 3785
2651 5489
1655 1552
853 110
2752 6295
1219 4405
4791 6101
5259 1251
2081 3646
5554 5306
3796 854
3804 4879
972 741
4324 973
5172 2760
3114 4432
316 5540
6594 2375
6542 6349
4510 2826
752 1906
1029 4658
3727 6352
6165 4147
6092 4608
5252 6846
429 6356
3483 2205
4068 5110
4620 4125
1452 38
2078 2944
607 1932
550 1398
5503 1180
6704 6303
5936 4445
4520 3140
760 2147
3659 5255
5925 6538
3339 5839
634 3728
1343 1973
5489 6385
2094 3827
416 5720
3150 6317
3926 2374
153 422
4366 6056
2486 675
2000 3411
2800 1774
219 1419
5200 3249
4828 3643
4300 1272
5786 3346
6632 4306
5980 179
5792 6544
3949 3674
704 4093
4919 728
3109 250
765 5500
4507 5887
3600 2739
916 5669
6967 997
1881 1625
4759 6108
337 5962
6958 3917
2574 91
2386 6456
2258 794
4555 1390
81 5218
6899 5939
4246 4018
328 5095
127 1429
319 1599
1095 1066
1217 2749
1967 3247
505 3452
6625 3111
2986 193
3615 6780
6910 5724
2402 4306
5280 3901
5912 4343
1953 6173
4943 4481
5595 2192
552 3648
3291 425
1173 2046
168 6691
4342 2571
5840 6160
704 6671
955 4038
2132 4603
1325 2817
1610 6184
2200 3017
1391 6820
4256 518
6527 6309
4059 3387
1378 5834
6662 5221
1436 2806
474 4115
2934 6395
2344 3146
723 655
527 743
3092 565
6106 21
3926 764
4574 5149
3455 2310
4485 5831
5719 514
6007 6808
2387 1688
6595 6978
2359 6056
1985 1119
4127 4056
6372 4462
4665 1453
4438 2228
4004 5154
387 3715
4499 2881
5216 1741
6735 5453
350 4587
231 169
4890 2510
1559 903
1748 3808
6795 3225
74 5820
320 2843
4420 6910
4102 1905
4513 2937
5346 3692
4537 1079
414 2478
4110 5930
5884 6751
1938 6534
1780 2942
3614 2316
6286 2035
6418 4406
2397 4604
1457 3228
715 6755
1520 1298
2860 2793
2798 1915
838 4876
4532 1085
738 1262
6734 4827
3934 5862
1110 87
3087 4677
1284 1206
6581 798
165 4783
2818 288
1109 6278
5278 1814
6083 521
498 3680
653 4722
5300 3266
4517 6038
6950 3489
105 6580
1523 3824
4761 2234
5504 6479
6717 6701
784 6868
1899 6555
4289 3178
1711 88
281 6247
747 570
4546 1491
5281 1711
626 2495
4358 2194
3477 4431
5166 6834
1558 3229
3731 5479
1141 1628
4974 3631
5067 3822
3539 2276
138 1401
1229 694
1595 4235
4207 3903
1135 6694
6383 6424
780 1807
2927 5842
4324 2209
4795 1040
4418 1090
4488 331
214 83
4386 6470
4384 5643
6256 583
5910 4110
1737 504
3201 4509
1771 6504
3954 3026
4066 4021
3484 4797
2548 3163
2954 1599
84 3393
3200 5038
53 1828
796 6073
1142 294
82 1068
5994 24
775 5196
173 6848
4006 6599
1671 5519
6300 3514
2760 3985
580 4728
3565 2692
829 5432
256 5570
5860 209
5928 5039
2571 4463
4154 54
2414 315
700 5961
349 4980
4621 2149
5863 3109
4239 1855
5944 2539
2313 3646
873 4199
3242 4109
4463 4192
5141 3878
5855 2467
282 725
4984 3140
1961 2440
3857 1938
2334 736
6200 3633
4323 1179
3891 1522
964 530
5857 6677
6967 5266
1490 6238
1146 6428
1110 355
1462 4190
5471 2477
1116 1301
3041 39
6311 616
3539 3699
5724 4054
6459 3520
5280 6292
4788 5830
4755 4192
5844 1904
2814 33
5465 5291
546 4339
6487 2535
4969 1677
6495 6560
6151 2586
5518 2673
757 3061
5275 2915
4272 59
3905 4961
6021 6677
3000 388
479 84
2032 3380
6603 616
4577 291
2392 690
2183 6932
1436 5197
534 6557
4944 5188
5813 1436
5916 3069
4209 5722
6224 970
2110 5141
5136 5358
4348 2124
4475 3397
5005 179
1862 4258
453 4124
957 6101
5054 71
6872 4574
4377 6245
2378 2862
2407 1348
1828 2395
942 4288
1697 2878
6143 4172
2822 3253
332 3016
2878 4316
4428 3177
3247 5876
6390 5180
884 496
5507 6590
4850 2119
2143 3345
4947 5435
4362 2530
1339 1076
1657 419
427 1748
3649 6795
2047 6266
808 4823
4889 4676
1 3037
3583 2011
1434 1313
1675 244
4412 5276
60 3617
5939 6597
2551 1046
4838 954
1616 6430
3266 3243
869 5449
3973 4825
2968 5306
4181 5528
3780 5184
1202 4346
2539 2914
6589 1202
5180 1068
3657 6282
1353 4515
4746 4748
3213 2104
377 1230
5588 1802
2907 4249
5678 1695
3420 2555
3139 6477
5816 6540
3041 3690
5754 5662
2457 3639
6851 1737
5077 3168
6094 68
5882 1875
4294 278
1742 661
5154 5108
1213 5235
3567 6365
4164 205
3221 5728
296 1399
356 5614
3568 2803
4225 1612
6561 1382
6277 1623
2349 2766
5869 4272
2006 5810
3552 1519
1475 3141
4804 915
4367 914
6567 1577
758 3500
715 420
1595 210
3577 5898
2894 2458
6536 4893
1462 620
4115 289
3862 2849
5440 3758
4519 904
5329 6371
1279 5831
4300 5704
2361 3126
1857 1149
1117 1339
3453 1109
5354 951
622 6995
2024 2952
2260 5703
2074 3069
1549 215
1141 2864
3254 899
3037 2362
5411 5622
6068 3677
5564 5864
2412 2310
4031 3974
4129 345
4502 5811
142 6543
2625 3357
3077 5144
6861 869
2484 4630
4746 6171
1081 1278
2201 1309
6559 3914
136 5974
5249 3759
2009 4522
1453 6519
3905 4774
6327 3564
2805 5395
4651 6284
5329 5216
1879 2197
5487 6556
2151 441
6521 4561
5606 1552
5635 6454
1035 1283
398 3880
2051 210
1495 2207
3169 3578
3260 2942
5228 4760
868 5492
1902 4251
4539 751
3233 2250
1493 2511
239 36
3162 3538
4044 4155
1293 1699
5274 4354
5967 2066
4625 3908
544 4055
148 3301
2572 5924
762 5446
72 4245
4970 156
2229 2552
4027 5679
639 128
324 5220
1532 934
1948 58
6860 6255
5093 2441
4654 5777
2166 1449
3467 4524
5084 4607
4587 4555
5206 6290
2376 5231
5543 2677
2781 32
5171 819
2925 3194
3924 5150
3208 2728
5976 5161
6604 2478
1685 1526
5396 2600
6499 4936
530 5446
3579 951
2116 3964
1863 6524
1469 181
254 3296
211 6632
3943 6331
6231 3401
6446 4521
6933 4639
708 1022
5472 4315
2980 3251
4912 3160
1804 6294
4060 3883
5772 1574
2542 3025
1981 4678
5406 2914
3009 5120
5743 6471
2126 868
6737 913
21 6858
1592 4344
1253 714
5953 6466
6478 2904
2658 1106
3222 3134
5736 2267
1071 2363
3624 670
4209 3575
3801 6224
2314 515
6446 6749
627 4574
5692 4597
1394 6961
6902 4521
6310 445
778 5120
2270 593
6807 1251
3295 3770
4346 5916
2019 6609
4215 737
667 3599
1386 2532
949 279
2315 2995
4553 6394
2538 5484
5673 9
6022 163
5091 3037
2128 6552
1844 6793
944 5570
1704 4504
2678 4740
6454 3957
4799 384
442 1387
6914 4881
159 4482
2922 4319
5353 943
5984 4193
5004 789
4394 5933
5574 6015
4543 5275
4734 2591
2425 6896
2485 531
1709 5228
272 5298
1079 4832
2763 6891
247 6931
4920 4444
3255 183
5135 6318
3946 4238
4413 6333
2166 5100
6247 4953
4432 4131
2050 953
1207 264
4285 671
1415 6629
1291 4873
3249 6003
150 3965
1420 557
1910 4356
3064 3971
4901 6272
2630 481
6797 108
4312 5877
3710 1113
1031 223
5334 3121
4587 2140
4554 6164
4590 1657
781 48
4389 3653
1744 5757
906 4658
4824 1329
2492 3930
2932 4202
6315 2993
134 6064
745 768
552 1127
2360 778
4041 3320
3203 2221
5352 667
775 2862
3910 4557
3419 6949
303 3806
1495 5403
1583 1086
2082 2719
1959 3817
6837 2516
3719 4208
2142 6153
3154 2709
4807 4701
5963 5143
3183 1195
4810 2720
2062 3945
5458 2941
2779 6215
193 5516
4377 2838
5373 4523
3281 949
4962 3491
3721 1221
4306 4126
6600 2172
350 6604
1923 753
5608 606
5951 6607
4599 1345
2737 677
1302 1574
3162 5579
2797 728
6723 2922
6941 4313
6215 1957
5900 2885
5812 786
4354 4143
6023 5170
2198 3028
5398 5118
2481 4814
6764 2172
4625 2916
609 3458
951 6605
6092 6438
6395 3995
4373 5324
5496 4872
1873 235
6016 966
947 3453
4965 2203
600 2591
194 1903
5584 4692
3559 6504
4364 6709
947 420
2900 6868
1838 399
5387 391
6235 2178
5540 1387
6937 6
6964 1829
3760 2249
3944 4810
1000 431
401 1600
2073 6308
4098 2244
1833 6821
6778 2578
1110 3982
5406 4955
6275 1203
3291 6093
1302 4152
2193 4131
4280 945
923 1123
6936 6547
1482 2807
2141 1689
4746 186
1539 3341
1449 415
3596 3696
327 3721
4814 4262
203 1965
5678 166
762 3649
1547 950
6271 1434
1076 4748
1539 308
5768 6475
6854 1260
3904 4980
5420 5011
3625 5565
261 2320
2558 2916
5634 3250
725 734
1320 4327
2733 1227
4045 1428
1860 1073
5541 3436
2950 2393
6255 2779
5472 5551
6002 2333
4071 6032
117 1036
1115 138
4095 4174
4600 2589
3569 1849
5460 1003
1819 1422
1643 3640
2254 1350
1209 6566
3790 6921
2782 1469
4569 243
2563 2105
5407 1342
3729 2481
6463 3832
6045 875
6055 1563
594 816
506 5133
6977 1609
4766 33
1290 5215
261 4548
5116 3795
2129 2752
3559 1511
1511 3871
2895 1531
5420 4206
3827 2265
5521 5012
783 688
4329 3415
3499 6341
5211 4032
4237 3826
152 6483
4486 4530
1957 201
3856 4134
1846 2814
4707 5438
3293 4960
1715 4051
3790 5766
177 1817
3327 4544
2389 6247
1124 3583
1489 2018
5811 4212
1647 2604
4099 859
2961 5884
3954 3888
6471 6702
5408 3041
3138 5022
5003 5207
1801 6454
1551 6279
6054 937
3101 5140
453 3563
3042 1527
2352 1080
1536 3712
2785 181
1601 2609
1666 3004
2287 6320
6821 291
845 3794
201 5944
2410 3687
3936 2908
4371 2082
469 4446
5833 6014
6669 6286
5601 29
3056 1583
3059 5264
5197 5049
715 4852
5725 1004
2795 495
4510 4119
5747 2483
4353 4135
5447 2945
4330 2431
2921 2297
6945 1616
2492 6321
868 4313
4750 573
3137 609
2720 1260
925 1814
3791 5536
3667 3026
4655 686
5426 563
6826 2863
3541 4607
5740 1662
2378 1496
6770 5183
4153 2919
3026 2471
111 2994
5269 6214
2461 6634
203 5966
1065 1043
2539 5736
314 6736
5823 3767
4395 173
1339 2743
470 79
4675 2442
4088 5126
1301 7
6856 5307
5411 5516
3215 4972
5010 4418
944 6351
6262 4568
25 5852
3762 5141
4853 270
4980 45
4205 2678
6872 2053
4575 2211
5915 3706
4284 1281
1300 3919
916 546
1579 2553
6672 4624
5254 964
739 4791
6434 5210
1785 6593
2915 896
3653 4043
6987 2915
581 6834
6402 10
5829 6564
2374 3201
1068 536
6825 1833
6305 77
2184 3077
2815 6327
1475 2580
2464 5346
6889 3511
760 6018
5323 4891
5858 2017
5610 2669
4519 3376
6917 1772
2058 1625
3553 779
370 2076
564 5325
2266 2328
5755 4521
2488 455
2964 384
404 1660
5784 3007
4956 6760
5636 103
1493 5788
3366 4336
1623 5080
4099 1477
433 3529
5565 5528
730 2769
616 5865
888 4109
2940 4120
801 4864
3162 749
3844 554
671 2539
2159 522
5089 5949
1481 1590
815 5701
3530 2084
1133 4290
3337 4695
5303 3434
6015 6114
6295 1967
224 2200
6654 2085
4790 590
5411 3906
4108 4168
6035 5985
5813 688
5107 6124
6284 273
6471 99
342 2606
3695 5692
1541 1240
3010 5589
357 3668
4687 4225
1134 327
3291 4296
4032 5462
3282 800
3127 3141
782 5537
753 635
4987 730
2662 5256
979 6051
4804 1777
3338 1109
6328 171
4834 3871
6446 3610
5014 2526
3615 3080
3713 205
251 2087
5010 5036
655 6112
6629 284
5044 4620
2840 51
5546 5016
4951 1423
4521 2593
6345 525
403 2858
3639 4605
3293 3968
5349 1469
4762 1901
6723 2548
5773 484
6399 4144
6270 1290
6645 413
583 4896
6550 3559
3105 1638
5503 2286
4694 6843
2784 1997
1755 2084
5404 2280
6791 3621
2852 6827
999 3269
3748 4898
2349 6206
6948 6988
4462 4241
4460 3414
5773 834
3801 2280
1044 6395
3427 6011
3027 2105
2614 6662
4450 6109
3431 6884
1024 1232
5757 5966
6851 4022
1187 2916
805 2622
4136 1223
225 61
4485 2131
3865 6587
5068 1957
5169 2009
1360 400
3056 3974
6874 4945
4456 6274
1769 2490
5468 6213
3720 2449
2194 976
3042 2763
853 5672
3136 2398
5125 2841
5772 6624
2630 3758
5801 946
543 528
4875 1912
5422 2081
2311 5698
2187 3188
2345 4528
1326 5303
4865 443
1384 2275
6852 59
5167 4191
4088 751
189 6796
541 4215
3327 1592
3712 1403
1005 2629
4427 3600
2829 561
6440 4437
6280 18
1803 165
5414 1789
5691 377
498 4518
5813 1306
1588 5838
4229 6244
1359 6540
2603 1911
5723 5927
1674 4831
1972 2044
5647 455
4874 6921
4339 3379
3599 2815
6673 6486
145 3060
1599 2213
1416 3260
3971 2394
4623 105
5588 2477
3274 22
2532 3549
4495 5023
4278 6486
5295 5638
629 2880
2660 2014
3990 3575
4430 3093
2780 618
1971 4421
6094 3776
2047 2753
897 601
4262 4448
5602 6697
5597 6353
2574 5653
2985 269
6185 2359
746 3815
114 6756
458 150
6898 1477
265 6925
2983 6989
2854 4889
2797 4355
2981 6916
677 5149
6895 1179
6580 6271
4410 1286
4747 4089
2417 1101
2188 1803
4865 1866
2592 5828
4863 5203
319 4128
5587 5234
6919 2704
6583 6919
2810 803
2846 1214
2958 1455
2188 5186
717 4174
2690 6336
4609 1122
5818 3854
4054 6727
4541 6091
444 5705
6576 2715
3675 3698
2591 3324
3487 3647
5233 6584
1049 3600
2776 2323
1773 3631
1088 2774
4887 3695
2358 120
2858 4607
394 4837
6254 3603
5729 1503
6811 5214
6591 744
4758 4978
3010 1214
1611 1768
1733 3451
6585 2427
5155 1416
3637 1312
2329 1230
4502 6486
4091 4700
460 5807
4686 1877
6582 2129
5221 3167
4617 3992
921 4704
3629 6332
3001 6763
5967 6929
6953 4516
4563 723
5122 2407
4743 5794
2754 3853
5555 5672
2465 3750
4735 5152
4893 76
3900 2072
1154 3370
5178 2689
4077 6872
2611 6204
2643 4961
2018 2657
409 2435
3730 348
2702 5541
2709 296
5009 4573
1492 6748
2424 6728
1555 4064
6498 5410
2763 532
3695 6928
4166 6513
1208 3956
2940 4551
5273 4804
1891 6615
6365 535
5002 3752
5929 3388
6206 1976
4926 4696
2073 6097
6299 2167
3181 4613
784 403
5926 3090
2841 4922
1540 2601
506 2344
535 3082
1999 671
1376 1446
650 588
2336 3474
3296 6256
6971 4667
4791 5410
2236 6276
4428 632
6136 1587
5298 488
1086 3370
4200 4188
3302 3038
4035 179
842 4141
405 4140
4070 1863
830 2626
1277 4069
2974 728
993 4310
1857 214
6458 2577
6473 3609
1735 4947
5528 1889
5932 5914
4103 1222
990 4012
2666 6210
6771 4205
4747 4707
6361 6027
2381 6226
2402 687
5562 4102
3599 2628
820 2288
2444 4296
816 4798
607 4624
636 3110
4294 6832
3611 3392
5510 155
2872 20
6731 992
1440 4598
6447 1233
6359 5550
3052 5091
3525 585
6347 4035
2085 5302
4580 221
5142 5586
6823 3964
709 6779
4482 63
746 3628
5932 1726
6713 2291
5529 555
1303 4485
174 6620
4842 3789
3412 5784
1767 2899
2703 4533
3935 4805
2701 3706
1956 3552
270 666
5065 5524
736 6323
4344 3512
1737 4188
1644 1745
1040 2570
6962 2214
3873 894
1665 6005
4743 6412
4893 3727
1730 4148
3251 5277
4837 3795
1886 4661
4766 5083
5984 1485
1469 5312
2498 3727
6295 3821
4488 2860
2502 6098
1100 719
12 5861
5198 4713
2314 385
3090 606
1522 6077
6496 6736
1766 2273
6258 906
3290 6329
1492 950
2448 6242
4693 5894
2334 4420
613 3233
4596 5961
5654 5114
3945 5442
3888 4154
4600 6834
5455 4904
2566 232
787 1319
2277 129
3309 4477
611 3537
4269 89
6421 4468
6794 2764
763 6560
942 2361
6257 3313
6599 44
2087 3388
1290 3044
1624 2166
4865 4257
2523 3918
102 1566
3049 5462
5260 4786
3978 5925
2612 3209
4955 4150
210 5071
3300 577
187 3367
4256 1705
118 5482
2210 2640
4751 5848
6473 4227
2480 57
3660 4303
3445 2429
2607 6248
5310 1116
3019 4472
3628 5519
5099 115
5658 1799
1301 6212
5773 5721
2478 6777
893 4697
4413 6203
4284 4103
850 1617
4846 3052
6207 6178
5343 3858
3008 6942
5178 1347
1809 4174
2070 2229
1013 6684
6985 5691
3960 1912
2709 5370
5866 2852
6175 3607
843 796
3921 1203
5736 6943
3112 3508
1152 1551
3108 6018
5262 644
6470 522
6848 5578
1965 5037
3522 5069
3706 1214
4819 6490
3800 95
4385 3000
4875 6799
1697 2024
3006 4960
4697 1774
6498 4418
1605 3189
3468 6711
1458 6145
5214 3232
4973 891
301 6232
6017 1112
1670 551
4089 6240
2599 1014
3466 2851
4340 3607
4457 4946
3146 1183
4300 6460
112 294
4675 6337
4150 3483
6822 3202
4986 3755
3455 2692
4637 3601
2780 3277
1812 6269
2593 6834
1282 3071
1934 782
2371 1537
4585 6794
6166 4968
2207 6798
2887 141
1336 3307
1331 2963
3956 7000
3108 5213
4176 5054
465 3980
5064 5516
4821 5758
4969 2246
5980 5717
5913 3741
6467 5081
5125 6923
5966 1123
2511 4176
5374 3463
3949 2796
3192 1127
5217 3479
3190 300
177 4452
5132 897
5182 260
2041 5166
6210 702
5993 2165
3257 4905
5657 6380
2978 5490
4535 6276
1486 3601
1259 5130
2599 6625
753 6490
1467 5079
2375 1255
4455 3314
1807 1737
1044 6639
3807 5722
5046 749
388 5022
694 6260
4426 1795
4080 1158
5472 2843
6535 2340
5628 3356
660 6649
3704 1810
3334 779
5476 3716
2554 3068
4259 6004
243 5048
1019 351
905 3447
2980 5162
220 3344
1338 6712
2164 6296
2451 5572
5526 46
1138 5146
1924 6055
835 1173
3796 1749
520 603
5972 3516
3823 3572
5533 6852
3286 5619
1142 6019
1939 701
1078 4314
302 1841
5589 1499
410 5346
2717 6630
3928 6025
3007 3925
2446 5578
3396 6918
6388 1889
6357 324
1969 5424
1217 4099
2464 5403
5046 6360
3893 4691
5696 3998
6510 539
5350 3361
1590 5778
2084 2903
1872 2458
3078 3761
5443 6935
5479 2428
6033 3768
6974 1582
1953 1107
3069 3648
4559 2458
3757 1016
5899 4707
866 6851
3378 4403
2571 2617
5465 1217
1886 2514
4852 2680
2980 1324
4970 6873
6615 3342
5641 3136
261 4418
6264 5744
2840 3946
4810 6591
3497 6165
823 5619
3590 2946
166 1148
3177 333
3723 4226
6289 6740
6413 2834
325 5342
6230 3127
2124 5661
5163 478
5391 2557
615 1913
6447 5047
1342 5625
3228 271
2892 4486
1488 4696
3702 3537
5849 6818
61 3956
3538 2382
2634 2915
5805 103
5249 2100
1567 266
1704 2227
1452 5389
320 3843
6390 4139
170 866
6962 6028
3961 391
3959 5980
1588 739
4454 3707
197 6072
2745 4035
5391 4785
6883 4422
2927 5769
439 1441
465 410
5953 3734
6142 6639
5571 3440
5442 1340
60 2576
1720 77
2957 693
1097 852
216 3089
214 6426
3617 3183
6568 2317
1272 5579
5625 3676
4484 2768
6750 1799
3823 807
1959 5728
1768 6160
1823 6621
18 6487
3450 1730
6896 4253
743 2956
490 2510
6028 5197
6983 465
5393 4457
3994 5011
2755 3568
1563 1971
2917 2398
5864 4042
539 4654
3692 4646
2818 1638
4189 5452
1658 4460
6795 6803
1664 6160
5086 6377
4587 3246
2992 6140
6254 2692
2563 3748
2274 3645
6577 2379
1778 6447
620 3680
5971 125
1898 4297
905 6293
432 3629
5478 192
6699 6691
6133 1584
6126 413
5792 1291
6401 2338
5064 4524
3890 1224
5750 1819
1173 4014
4452 3179
2886 4559
4249 2096
2048 1962
4601 6685
6626 1867
1478 1617
5178 1778
1354 992
5012 3960
2159 1197
3967 5766
2620 6510
3650 3615
6575 1528
963 6247
5698 4638
3891 3677
1779 2080
4446 1455
5228 4874
5727 91
3412 6833
4970 3303
1978 1916
3406 6264
3884 2856
2516 2723
869 6181
6769 3622
585 6
5499 614
3873 1943
6113 2005
5829 2246
2410 792
2837 859
240 6387
4462 5721
831 6828
1163 2871
3399 5443
185 5175
1556 2573
3049 900
3114 6213
2240 3205
3205 5577
629 6320
994 591
3456 2944
2272 1208
5849 3248
2699 521
2118 4905
4888 1749
3241 4453
2302 1050
891 89
6809 2997
3287 664
3612 424
1573 6310
1759 3282
4369 2123
5218 6764
77 6931
6020 1790
1166 5397
4383 2930
2886 2949
1632 474
3311 2189
1664 3395
3744 5454
2505 4011
2355 280
6116 4881
4865 1923
4958 2114
536 1968
4214 650
1779 120
471 792
5760 523
1286 187
2406 218
3772 1436
6098 6934
2335 1506
6036 5302
1058 1491
4263 3925
4571 1826
5008 1827
3105 1158
159 2368
3922 1380
6814 5569
2769 1209
4326 1241
551 5632
1991 5079
1153 3980
6251 6395
843 3000
3725 6501
4601 3920
2195 1876
6584 6046
1885 896
3390 738
4565 6892
3099 6224
2098 1943
1645 655
1695 772
6829 2844
5340 1226
3931 1092
1940 3986
3996 1487
5181 6077
3027 1625
1817 5084
4028 4408
636 4777
2816 4788
2623 6645
882 1800
3399 6866
5178 5779
1689 3586
510 2194
3399 450
945 6286
3622 6349
6392 3193
12 1917
2190 5265
1942 999
226 5818
2119 137
4522 1129
1158 4300
6812 4718
3321 1698
2302 2473
2205 4792
6651 3080
6317 3958
1329 5121
6351 2788
6253 1
4881 5384
2269 3464
3074 4423
6997 684
1331 5167
400 1625
5493 3696
5245 5846
6313 3435
6896 3261
5800 4378
3035 1462
2006 1549
4399 1853
49 4027
5470 5375
6791 2686
2878 4861
138 5947
5181 2239
5554 1289
5332 2408
6569 3024
3520 1103
1157 2139
3542 2582
2143 3890
2578 3064
1272 399
2868 359
4227 6822
3607 698
2230 4983
4635 1140
4788 1382
5182 1309
2327 6047
2380 5681
2256 919
5684 5842
2635 3167
4598 4641
6993 5772
3657 411
5706 905
2805 1134
4933 5119
3684 2234
4916 3260
3281 1063
1101 1806
5550 6027
5607 145
3869 1233
6076 5319
1193 4778
1713 118
6503 5386
2561 1905
4985 4528
2739 6149
5395 6089
1677 3844
6100 6844
6573 3092
1244 3962
3202 5092
5714 392
6741 4396
5784 1885
2487 6278
6315 5685
613 4095
6396 197
5785 2487
6647 3980
950 6898
1554 1909
3419 6258
2937 6514
989 410
4409 3964
6838 4679
852 3330
1473 5892
5373 6865
3097 1484
160 6220
4771 2101
82 4809
6107 6860
5735 5002
4825 2337
1877 6884
4859 1167
6822 2641
2472 4815
5139 4190
4402 3143
6231 2173
1121 1653
3053 3814
2487 5123
5921 1193
5627 746
2706 2952
2949 458
3241 78
5593 4545
1988 6873
1116 4692
961 3623
5596 4816
6881 188
1717 5821
1113 4394
5844 5295
2487 5473
5061 4657
5162 4709
1981 417
4993 3210
6335 2122
4554 6546
4256 2917
3463 5001
4440 3226
541 4353
4025 6202
5620 3308
6206 2651
1538 3230
6672 1892
3088 2845
2033 3209
1692 664
3058 4134
5052 757
4668 3800
5824 3488
4357 2595
1554 6365
6380 4874
4957 870
6008 3016
3637 27
5696 1209
6902 6676
1388 2131
2763 6818
2073 5617
3783 2481
6675 4418
44 113
6645 5707
6927 5393
5779 3314
1171 3944
1787 1998
6080 44
6073 3037
5095 6065
5872 2724
344 6417
292 6227
3556 3606
1104 6105
2274 5499
5147 3222
1537 5206
5414 1122
1188 5052
4961 588
355 4297
1941 2815
4644 4853
4238 3411
4329 3529
3157 3308
5413 897
2364 1228
345 6992
472 1849
2523 3170
4362 2888
2178 6141
4948 2231
5686 6132
6226 3602
956 1669
157 3908
6492 1277
1953 546
2921 6599
4289 316
2202 1250
4282 3309
4554 1553
3509 6769
82 2044
4068 4289
548 531
5238 1431
2230 1763
301 6289
6453 1699
5455 3351
3932 2149
4892 4177
3336 6999
6271 6354
2935 239
5295 5321
1718 275
2745 4279
4333 5876
5854 589
6762 6591
965 977
994 6633
1951 2728
157 6136
5037 1498
4259 450
6469 1801
5471 3453
6371 5430
5717 476
6876 3845
1482 6572
4823 5861
685 5474
5028 2883
2614 1702
1234 6470
6273 1108
6956 5302
2787 3350
1567 6121
3561 1990
2093 5413
6580 5954
4033 5183
323 6963
6493 293
2654 6389
3963 2909
5520 3695
2337 4992
1313 4669
850 3447
5120 6205
1686 3719
6225 4450
5736 2007
3807 5779
4773 5343
4427 4706
3090 6892
3145 6599
6937 6349
223 3699
469 722
1150 3335
4980 159
2865 1297
924 1302
1734 6769
1243 3499
1425 2981
4971 5708
1674 5937
5802 5636
1381 1928
1449 6758
5745 2069
5924 3532
2293 4639
1140 2216
1166 1185
3334 6097
4963 1279
1009 3453
5792 6796
6394 5898
2435 558
2523 405
1841 6235
3054 6457
5980 3814
2618 2894
5887 617
2559 5697
5009 873
5198 3778
2462 5764
3135 5106
2641 1565
60 1210
3798 4107
6525 4287
4073 6786
5589 401
6862 674
2013 1215
6242 966
3700 6955
2539 507
3320 1072
3349 5974
2953 5974
1726 5322
979 3587
5562 4590
3121 862
5309 4144
703 2191
5116 6755
2535 6400
6277 6787
6139 6853
700 1139
3838 2351
1102 5091
5794 6818
161 861
4015 1489
5391 5647
1783 2042
3242 5703
5632 2326
3894 3414
1530 1596
6423 3579
375 4762
2185 2988
5325 863
6261 2497
5884 2547
4447 365
2738 693
2681 159
5604 3661
3321 519
4045 550
4351 4040
211 6990
3320 3300
3602 6396
5787 5997
3910 4297
2860 5005
4223 2542
4226 2059
678 2669
5256 3328
896 4060
3754 3003
3530 1043
2943 4481
825 5348
5276 4734
150 5933
3597 3019
5236 1171
3472 1038
1378 3053
3783 4872
110 118
3036 3891
6541 4365
3896 2305
2003 6488
6638 1265
6846 1214
5636 4673
1971 534
3048 3901
3273 6463
2153 16
1929 6724
3493 2265
5234 4858
5041 6715
4323 1968
5133 3271
3452 4893
3760 2794
1031 2541
1712 5908
6970 6326
153 2797
5652 5556
3735 5181
4721 2014
6003 121
5275 3354
4478 3010
2542 5611
2203 6145
6057 357
802 210
4499 6516
1458 5210
3285 6823
4056 5946
976 4712
2010 3471
2075 3866
3379 6458
910 6344
3209 1351
4688 6388
6085 5007
1686 149
3683 6869
4144 5766
4607 572
3096 885
6136 5726
2027 3825
3424 2444
4205 2255
2799 6556
651 5302
2454 2357
5260 5274
186 247
6934 229
6378 2226
3818 2748
3016 1306
3081 2455
3024 1921
4882 5099
3636 6649
3722 5669
2703 6444
244 1356
4965 3821
5813 5608
6338 2046
703 5842
1365 4241
6248 5536
4099 5592
5068 5454
1544 6458
5992 1409
3634 6953
5399 3524
605 1520
3375 2528
5584 3277
6339 1867
5773 3176
5644 1076
392 3856
514 5539
1068 6879
5452 4289
1521 4380
3140 1880
4850 2908
1840 6577
5236 6327
1181 1279
346 3861
2824 331
3793 3576
2175 5520
6125 6610
6526 538
855 4677
2255 561
4283 6594
88 5673
680 3333
4245 3858
5840 964
6337 1016
6806 6190
6020 6035
1420 110
3034 1430
5057 2955
2193 33
1489 1408
5255 6353
1127 238
3711 4274
4798 1913
4982 3720
4134 1933
469 1958
1935 2626
937 4278
6066 1842
121 494
1339 1060
6874 6482
2048 59
2920 6404
3639 5337
5657 102
6524 6103
550 6269
2081 5834
1828 1224
5067 6652
2065 413
3446 2663
4932 6235
4249 6959
2974 3607
988 6845
1821 3436
2726 5757
5838 5748
487 2887
3656 3412
1686 767
5232 461
3277 3766
3060 5229
2743 3078
4305 4208
2999 789
6437 6457
5850 2725
2548 2610
2272 6876
6749 6729
6248 2771
461 6927
211 5998
2971 1400
1300 4464
1789 491
3975 3700
4071 4162
3283 2426
1191 3016
4723 1873
3883 4111
1015 316
573 4135
4370 4229
6369 1196
4192 5620
3898 5173
4985 2812
5021 2469
568 3010
3522 5825
4874 5425
2002 1888
5727 6832
3099 6631
3813 5974
3875 436
6161 6535
2799 6369
4573 774
6422 4590
3551 1278
6566 1336
3794 4419
2423 605
3525 5692
4420 909
1056 6332
5915 63
4345 4707
6024 6422
3018 1165
265 2046
3231 2212
6319 4061
3136 5358
1978 2591
6892 3199
6152 2635
706 5172
3072 1401
3541 6575
6748 3420
1326 1847
6372 4072
921 4013
5823 2352
2481 3562
6891 2193
2445 1653
2617 2699
1820 1601
4277 4364
5263 1197
6295 5545
132 2806
3988 97
4619 3347
4522 3414
6819 4010
5288 2947
1067 51
504 1631
349 3972
3699 3377
1556 6631
1833 5219
871 6528
1590 5461
2521 2587
4821 6864
3047 1879
251 404
1056 5527
3267 4097
2885 3803
4757 5159
1018 2791
6240 1300
873 158
6716 6891
5785 3349
3257 2628
3133 5036
6617 6885
417 4264
5656 4632
4465 5889
3278 3855
6764 115
3493 5729
6208 2112
3842 5883
1492 1519
4826 6807
6890 1917
2776 6088
3452 1941
5984 5787
3587 1577
317 4383
6351 4268
2394 509
2048 6288
5633 1773
1865 165
216 6960
3444 4682
4225 5247
5526 1152
6434 2990
1730 3912
3015 2290
6052 6860
6277 5258
3858 3733
4904 4781
2110 4133
2140 5473
3728 1408
985 2977
2168 6740
6081 2313
3772 956
208 3285
5366 6505
3747 2589
383 1596
5178 38
4586 6542
6537 6501
5021 6470
1320 1920
2901 848
3429 3219
5485 4884
5196 4781
507 319
3580 382
4887 6655
1616 1689
4699 942
2853 807
5936 1558
3945 5206
2916 4539
4566 1352
1064 4559
6056 162
5942 5510
209 1601
2213 3076
3913 5668
2758 166
3940 1075
6340 3304
1090 2747
1541 3208
5873 4592
3595 4046
331 4415
4570 4854
2070 6181
425 3296
6937 6943
616 612
3382 6382
789 4512
1663 5268
4400 6136
5367 2919
1814 5437
296 4579
6235 1194
1753 997
3654 1593
5586 748
3246 3488
1568 5381
4170 197
4388 1588
1585 2352
2997 6167
2837 2502
6018 378
4760 413
2237 3446
2273 3857
4566 6963
1830 3287
4753 6789
1761 484
5415 5188
2146 1049
2480 171
119 2034
6437 2432
1832 2579
5254 3550
6868 4870
3454 3760
2009 3969
4781 1640
5161 1107
5146 75
1420 3574
4777 4150
21 4882
5281 6127
101 4087
6021 2904
787 628
4365 6276
4864 3745
6701 6046
502 1398
3466 737
5763 1333
451 4062
5360 4326
1492 5520
2992 5018
2873 3606
157 6998
558 1680
2364 4668
89 6305
6844 2540
1152 5048
6245 1457
3354 2374
362 987
551 3892
5902 4501
4403 1441
1075 6521
3010 5947
3223 578
1382 33
205 222
3777 1918
4188 2950
6894 2253
600 6413
2909 2108
4430 2483
445 3092
5116 6194
5959 1221
6236 3973
971 2384
2929 3514
5076 6795
3274 6178
6734 1217
4239 2888
2499 897
749 6886
6196 3793
6189 2622
2051 2235
712 1342
2740 3211
2673 1989
4445 3895
3240 1282
3955 3479
2272 4274
3972 450
5367 6570
6397 3675
614 403
116 126
5152 1663
3877 4727
6205 472
5368 6391
5761 6093
38 3626
5981 1895
6330 2803
3336 6251
6103 3578
4955 1499
5663 2525
4507 585
2640 5989
2332 1672
3804 5538
6622 5082
2957 189
5727 1197
4261 529
563 6830
5059 4481
953 6261
774 4798
4726 1797
958 189
1632 2385
6241 2357
1165 3673
5833 842
5267 2151
5736 909
1288 5958
2062 5352
2196 1380
5545 6976
3310 842
2185 467
2302 1806
1842 101
104 1189
6102 5581
5391 6509
6394 5955
2767 3074
4427 575
504 2062
1937 338
445 4865
2486 1334
5473 2377
6286 5109
3263 4409
3889 899
4017 5780
2238 6867
6992 3056
5474 2198
873 589
768 2293
4761 6463
3285 5107
6179 3707
5537 268
3104 6227
5595 3656
3009 2957
2601 1442
6735 4339
296 6620
4090 781
2624 113
478 6102
1780 4861
4904 6367
940 3689
253 507
786 970
5517 4123
541 6801
5013 6310
3960 1839
472 4752
4390 669
6043 3415
6726 1193
5915 1917
3272 684
994 892
4080 6078
1582 1062
2082 5549
3255 2208
1370 6252
364 1627
6191 4417
4099 843
5938 6223
1824 3978
5998 4022
6681 4052
1323 6436
4247 6376
5806 819
4244 443
2437 5898
381 1981
1172 3234
728 5472
537 2494
3620 3245
2293 6119
602 2889
6204 865
662 688
6522 208
6735 6917
4808 5854
981 2885
5386 1172
5016 2393
6783 3955
408 3023
6545 4541
3341 1551
595 2849
6360 4761
4899 4437
6785 4001
4326 4575
401 5235
6497 336
6567 5993
4485 3107
774 2033
5763 3724
3428 6808
3612 2953
6098 4202
673 4610
60 6073
4382 2605
6128 5542
326 338
1045 3435
4818 5387
2695 6664
4500 382
5255 6142
3324 2671
1111 1022
2190 5216
6954 2093
486 5134
6427 4828
3435 3441
3774 2907
291 4666
1478 5919
1127 4938
3866 5879
196 1396
5263 2246
5082 6372
3924 3605
4715 4858
6040 5321
5988 5131
4858 4412
4360 6387
6287 5198
4339 5510
4184 1435
4227 4545
6697 6759
2891 3169
5320 5382
1872 3190
2323 3651
800 2449
1152 6284
3977 6999
2261 6156
3844 993
3174 1922
2787 5448
6739 2447
6935 107
1947 1270
5711 5388
3789 4669
5835 1482
3288 6373
2970 1368
2943 2928
417 2280
2940 1876
4394 5193
6691 5789
4860 6686
4609 2903
1753 623
6140 1714
717 5955
3748 4264
138 6248
1253 5935
1502 6639
5110 3828
3171 1250
3244 6424
2637 562
1334 1578
721 3041
6251 1703
399 546
123 5566
5591 2596
4132 3853
1482 1449
1399 6110
57 782
6034 887
485 5955
6866 3669
5617 784
3062 152
6207 2535
1513 4145
1451 3267
6924 641
5812 5389
4506 1970
640 3991
1822 4900
984 3801
4186 302
3897 199
1166 3283
4681 281
978 3986
728 3057
3596 2688
406 6978
4764 5419
2281 6353
5982 323
2900 1672
5140 1734
5047 5707
1370 5715
3488 2596
1872 4613
3885 5450
2558 1908
4134 1990
1713 3802
5259 6529
1620 3611
5004 6010
3302 2591
2832 6614
375 1599
1922 943
4876 6764
4575 3618
1395 4432
4788 3911
6428 36
3021 6513
6307 1961
3318 6507
706 423
150 2420
5614 462
6022 1196
705 4335
5366 6749
163 6038
1471 3114
4707 697
1415 5434
4278 2469
5145 4306
3092 4070
1786 1405
2336 5255
5164 5487
3734 6728
2640 4
2522 1446
3666 6035
5218 5723
2637 5368
3855 2524
1551 4921
3165 1323
3980 718
1048 5798
4100 5738
337 4474
2166 2750
593 2185
5249 4255
366 2960
4036 1781
1171 1667
1227 4982
1413 1954
1392 1077
3759 2412
3126 2499
4688 2875
3757 5749
522 440
942 5752
3714 2669
1694 661
2566 590
3027 1739
6206 2952
5922 3193
1499 3576
198 5419
1029 4593
5077 2054
6165 1049
4035 1155
674 3843
4561 447
2386 780
1556 4460
1551 4116
6724 1952
4035 4538
3509 1459
3621 1673
5139 5914
6512 3385
378 6302
5116 4210
6890 2779
6136 4791
5198 6494
3825 1853
996 1396
5261 3810
5579 2399
92 2683
966 3439
5288 6387
3149 2213
6439 1567
5818 2415
1153 5517
4073 3086
5726 5078
4539 3825
6538 4956
3510 3912
2732 612
6596 2682
1795 5923
5368 4057
1421 986
3033 1479
4846 5638
3936 2973
2535 2700
1348 1447
3352 2922
5871 2399
1074 124
6373 3549
5838 7
5267 972
1313 2392
5361 6269
643 3321
4368 1849
4619 5632
3401 2814
4528 4016
1346 1751
2280 5564
2805 1248
6578 948
1339 580
6388 824
6567 3041
1035 3552
598 6961
3927 5489
4426 2958
3266 5780
1775 329
156 3583
5233 957
1179 3681
3326 6962
4601 4652
4162 818
6958 3047
3071 6443
1152 4487
3110 5617
4036 2399
6240 552
1881 4138
2574 2604
5652 3011
2541 212
6672 5844
5519 3421
419 4343
5364 100
4813 2441
2124 863
890 6180
6299 3761
636 5509
5020 5171
686 5626
4182 2574
2351 3471
4180 1747
2991 3831
4111 3862
5009 5012
3307 1593
2534 5807
1498 3969
531 770
6668 2288
2088 1556
3552 5561
1117 5031
4048 6142
6374 5224
2883 2204
1669 2511
4726 2041
3286 2594
1944 4436
4853 4068
5875 6974
519 3769
4719 4253
3814 6096
3408 1244
46 324
539 4394
1628 2106
2316 6644
3938 1409
5700 4879
815 6921
1099 264
1842 6761
3151 6691
7000 6975
1745 6828
3216 1424
697 1947
5671 2606
4324 4104
6036 1041
2312 6121
3394 3416
2587 1630
5350 3719
6635 5507
1585 5792
4885 5080
618 2593
6879 5867
6528 4886
3226 4771
3045 229
5844 1221
2816 177
1212 4463
5744 4023
3297 6866
3359 1328
2268 2789
2941 5541
1829 5371
1237 5459
3379 4986
6531 1370
5717 5583
1727 5094
6560 610
4337 3935
5894 3967
4469 6306
3977 3592
5620 5650
5924 6061
3255 3607
6483 1329
1789 2939
46 5935
70 4831
6647 5867
4175 2826
3810 2139
2438 352
5079 4922
4265 2719
130 1849
6479 806
5916 2386
3703 6399
5425 4778
155 2845
4453 5399
5322 1647
4047 547
3985 3079
1841 5731
5974 5774
1713 4233
6138 3896
3387 1440
5811 1057
6071 6057
5808 759
3951 6851
2855 4962
4911 2463
1766 834
5403 2925
986 3123
24 4432
2567 2051
2186 2359
4741 1493
3414 3613
3758 4177
5463 4107
6932 5046
4005 4054
1825 4043
4738 6857
3499 5414
4647 1077
5801 6354
1078 3062
5576 1540
3086 3555
5295 2052
5732 2053
5649 6714
3125 477
6356 4132
6891 1258
2161 959
5506 20
1164 5465
3122 179
2893 6543
3424 6933
6569 2146
5041 600
89 2174
2425 1944
3949 6000
936 5988
2767 5091
2956 1580
4532 5826
2328 2011
1046 3904
6925 468
6680 6299
5744 2413
3944 2623
6893 930
6022 3855
1380 6409
6889 4194
2749 728
2290 6041
2553 6451
1935 1154
1974 6744
1097 55
5331 904
3218 2869
6253 196
745 5265
1192 6708
6101 2808
2004 2422
5763 6196
433 4212
3213 5154
3836 5133
2711 4758
245 4161
559 6014
5483 894
1061 748
4848 154
4256 2494
2392 5163
649 5907
864 3617
1579 5814
1693 466
4277 4502
2570 739
579 3633
1104 71
2265 103
4935 6165
6516 4339
2880 5102
1297 3849
6858 1070
3788 524
6983 18
2509 6098
2155 1436
4149 2223
2003 1796
4241 5195
5027 5350
6233 5155
1522 4906
2688 5282
3113 3768
969 4
4603 2578
625 194
6633 5274
184 2703
1130 5025
4392 1577
4385 6822
178 2134
1339 2166
3164 3706
5603 5109
3452 3584
4942 2394
1363 3691
3780 2891
4344 4919
2043 1171
4594 5067
1191 1894
3745 3055
1503 2920
4627 3672
3433 1248
5305 1106
3803 781
4147 591
912 5862
3586 2244
2993 5113
1036 6837
2991 2034
1411 6714
4305 5314
1903 6
4790 3851
4272 2922
3491 2357
1646 5076
4292 3574
529 2310
3605 6808
1029 6797
864 5040
5970 5818
1424 3162
987 909
3540 5632
3227 217
2079 5308
776 6324
1418 3347
4970 2856
6954 2955
3101 5181
2502 6350
5158 6290
2650 586
5311 6532
6772 440
1533 72
6827 6563
4642 546
2785 6638
3098 4883
2183 1874
5863 629
6448 3534
2501 463
4668 5150
2345 3333
571 4764
2744 2850
1906 6669
1441 3866
875 5175
5610 4320
3710 6578
3333 212
1065 5272
3632 279
6534 3658
775 4944
3891 2425
4980 891
986 5164
3076 6413
4039 5706
4471 1953
2633 5843
3099 6582
4056 2677
668 3542
298 2511
4002 6578
3475 2897
297 4538
1264 2075
1164 4123
1577 320
1847 1901
1105 6926
5119 5557
6239 5588
3536 4304
5145 362
671 4190
919 4292
38 113
3334 6829
6290 6307
903 3035
3003 808
2621 4678
4276 1081
5039 5978
6591 6420
6919 5697
5511 2755
898 5293
2082 613
1335 6048
5409 2478
2611 3586
121 5601
59 4723
3980 157
4451 6158
3794 1687
2271 6901
2978 4319
3599 6881
6932 2899
27 2933
4031 876
266 5201
137 3101
919 104
330 6125
4473 6856
242 4026
1168 808
6369 692
1227 1388
3300 6440
2930 1245
5087 5968
3083 2241
3807 1518
4490 5712
4865 671
3208 6851
1625 1434
1312 937
2867 6558
4589 4937
6038 3746
2676 3580
6206 5774
182 5853
1589 2908
3547 4038
2236 275
6105 2689
1557 3370
2388 3298
3704 989
6433 1242
521 2286
4201 1795
6436 4923
3158 2950
5933 6554
5970 3403
734 300
3507 825
2946 2478
6029 3229
955 5372
5122 4245
3692 6240
5213 4363
2524 2785
982 3785
1446 5609
4741 5307
3363 322
2786 3694
1028 3406
2996 5224
3223 4449
3839 251
3649 6543
5196 5887
2090 2678
6446 4456
2401 850
1649 5187
5566 3885
1992 5526
4547 4660
619 5049
2525 5989
5605 807
3922 2356
1427 3273
3910 841
2855 1205
5998 509
4728 3917
2104 2734
3477 959
5290 5118
1264 5726
2043 3212
575 1717
5083 883
1571 3402
1108 2180
1696 4602
4862 5610
4999 1909
3663 6195
5298 1976
5669 3609
3083 3664
727 1707
6229 2485
5236 4481
2498 4142
4084 4912
2279 4778
3580 683
560 5916
2396 6117
3237 6733
2683 3141
2270 6944
565 4762
6564 1428
6916 6017
395 5290
431 4947
2691 5661
2551 3372
581 727
4063 5913
2141 5194
3600 4691
6489 2947
4350 3691
5688 4359
1067 620
1390 307
796 5984
3962 2828
2938 2505
768 3936
37 3488
697 5224
1750 4033
2371 179
2863 641
2219 6955
2255 2448
4120 381
716 6405
1029 4650
3460 2028
879 1673
5762 2968
3119 1735
6629 2553
6903 6505
494 5245
6621 1157
3792 3706
5569 5956
3143 3260
808 6344
6350 105
3485 6407
61 5363
2045 544
6661 3939
6561 6741
48 3623
1321 4650
4435 550
5992 1336
6967 1882
3029 4851
6277 3949
4935 5791
2934 1581
2378 3578
3508 4297
6156 5874
1538 5816
669 3152
6266 3036
4342 1490
670 344
3146 2403
3932 3312
6229 3908
2409 2110
3113 11
1624 4809
724 6996
713 1919
124 1524
714 4773
989 1036
6596 5772
1176 6524
5730 2625
1451 2787
6129 644
1325 3614
3694 6530
2111 4523
4564 5632
390 3336
646 1047
1580 1854
5943 639
6368 6295
6220 3391
5991 3339
1082 3829
6672 6706
178 2110
3960 1172
2877 6658
2065 4528
4809 5813
4558 2030
3813 4128
4780 911
6800 2919
3407 2686
3188 1824
6732 3724
2100 6966
4208 4657
6629 593
890 4009
3935 6188
6581 522
4619 2656
2711 5807
5849 6265
692 6653
1807 6340
4073 5371
2428 2486
88 1062
3859 6351
3171 315
247 5256
6446 1236
5854 4330
1238 935
4324 6121
5542 2523
3381 6726
2607 1670
2923 5848
6024 1543
5342 5121
6565 2621
2914 1598
3915 4381
3230 4278
358 2993
1954 2953
5653 6676
223 324
1695 4944
113 6545
3654 2512
3279 383
3585 4627
5804 3058
5675 958
1626 3272
31 504
3083 6860
2871 2251
1245 170
5670 3997
2079 3779
6399 3648
2957 6906
3482 3344
495 2301
345 5740
5311 1620
5622 3956
2418 6628
2420 1039
6179 4813
3197 4114
2607 865
2629 4596
3852 5506
2644 5628
2381 4494
516 145
1293 3220
1570 1808
1105 3169
6979 143
3477 3350
860 3338
6333 5630
2133 4365
6985 3341
109 4867
847 2352
315 2491
4184 4151
5803 5815
3119 4581
543 4570
5801 4988
1035 5032
1961 1814
2430 6988
6948 426
3014 3252
5913 2196
4115 3233
1463 4920
5379 2262
1896 3267
4009 2056
6461 3721
2887 5362
2892 5706
4447 4911
2988 6168
5784 3479
6723 4630
4717 76
714 5741
6559 3475
5779 6518
3499 2893
3320 1430
2418 2790
16 4652
3073 4182
6793 2366
860 2533
700 4530
4740 4382
2097 3149
5684 6631
6388 4532
825 3478
6663 41
6260 5286
5365 1401
6144 5303
5084 5323
2395 3745
3613 4311
5232 1811
6391 5180
2246 3622
625 6049
162 4073
5348 2925
5014 3803
6920 4743
186 2215
187 5823
2145 6953
1923 1656
1716 3807
3428 1498
5314 1062
1647 5922
2144 6728
3159 2801
4382 3711
4659 2299
6940 2362
3540 5876
4572 3054
1924 1477
3383 974
3608 3536
6889 5056
273 5193
3496 2571
6804 6638
3060 5424
3772 1688
6151 4538
3121 6831
5827 5380
2554 3751
3839 6293
3302 1924
998 157
6163 4548
5664 663
1622 738
1585 856
67 6414
3455 6303
6944 2080
3234 3860
4827 139
6933 1167
6618 2095
2695 3582
5592 1699
4043 5692
2266 1190
1956 210
855 229
4292 6396
1357 1379
4660 4348
2910 4675
1542 4542
3883 4656
6932 915
5779 4908
4525 1679
1290 3540
2477 4793
3439 1232
2389 2694
3437 6821
2351 6374
1292 6996
6696 823
1555 990
870 887
6544 3435
381 4860
5675 771
6604 1234
4758 1099
1192 6765
4084 4538
2685 5846
1364 1395
6104 130
3867 339
961 6640
1095 6832
4579 2265
6747 761
6901 4611
1739 3901
6309 535
4660 6576
1274 1852
3639 4272
611 3228
3515 2516
1056 3844
1822 2623
4695 6762
4968 1444
3626 3286
2444 2377
4627 1151
4720 2096
3665 2460
883 4855
2944 2700
6604 79
927 4373
5841 4981
4256 2901
488 1293
1078 4542
1155 6482
3844 1644
2008 2197
2777 493
6144 5921
884 4676
6287 1311
4146 1228
5045 5986
5391 207
191 3931
5141 32
1562 575
6533 1717
1710 1227
3200 37
3110 3527
6415 3159
6286 5223
3765 5673
1647 124
3732 3281
1139 1411
4346 4672
3110 6910
4411 2815
4812 3913
3110 494
5782 213
5596 3995
3041 2609
3474 1710
6488 4576
2477 6216
1135 888
5868 2616
5431 2615
916 26
6487 5105
3315 4282
4096 4093
2188 3080
3122 3887
3564 4986
329 6093
3748 377
6766 1487
2342 6930
2091 3147
5267 4843
3708 3230
6755 2826
6939 5387
6018 2533
5940 6814
5411 808
4351 828
366 683
5918 2302
4610 2220
1897 248
3051 5525
4130 5555
4507 5505
5868 1461
5912 1733
2980 6813
492 3239
5590 5654
2011 535
1851 2532
1383 966
4094 6275
887 3014
6207 5064
5277 4376
2262 1285
6429 158
5178 3616
949 1613
4429 5972
3845 5921
946 561
629 5580
1159 1608
2437 2979
5071 6378
5800 6753
3274 6105
4050 6326
6039 2605
2522 4780
1340 3871
4803 4843
5328 527
5290 4207
6219 5424
2151 5776
1712 2696
215 463
5008 2242
3332 798
1458 5031
1293 268
5943 2493
6148 3679
4248 5937
204 5185
4285 5038
6678 5342
3225 3560
5768 6841
6926 3192
1788 1378
5122 5912
110 2517
793 2547
3877 4654
787 1978
3306 1455
2435 4380
6821 2617
3743 1456
5265 5439
4735 2241
323 6947
4619 4510
5576 605
5889 5266
68 6428
4581 1774
5205 2355
2684 2051
3823 6296
3238 3391
5015 1477
1116 1106
5159 4639
2358 2820
1929 6090
2361 6501
3352 3678
4112 3366
748 2373
5189 317
1178 1203
1231 5001
5343 4167
6704 123
4563 6456
4974 1826
1383 5772
3265 1400
4029 106
548 1938
2783 1656
5871 3505
4157 2735
260 5443
5831 4106
6739 5944
4893 5809
2200 5213
4184 394
691 1465
2903 5895
570 3390
6819 985
4890 5511
2429 3006
5724 2704
6264 174
2771 6907
1998 4705
5224 1600
2935 5029
6968 1458
4265 174
3855 4248
3296 312
4595 1806
3085 4973
6349 3106
303 952
2959 6554
6414 3501
1056 5885
1240 1276
3013 374
4255 1334
6053 5215
4375 6354
4284 574
273 5624
5216 6970
5495 6385
4875 4425
5496 2823
2874 6631
5716 5041
5766 4404
1762 799
198 3760
5583 5451
4709 2443
2467 2308
6398 4846
450 3981
1420 6697
3132 4388
6367 3281
4806 5759
417 1589
2647 963
6423 180
5542 2417
4642 4604
1787 5178
5980 6026
6128 5924
6140 1023
5006 5820
3139 4054
1093 825
1797 2863
582 5978
5537 2423
437 2591
3066 5646
1925 1328
6460 4569
2986 4162
183 4926
6527 129
5274 508
6060 1417
4491 3280
1044 6948
4442 355
3745 5153
4428 2177
3368 2951
2963 5117
2844 3705
6232 2840
5583 4646
4210 5
320 3884
1814 3567
6473 5154
3312 2238
4231 2013
1927 1000
6140 6634
6298 3810
5414 114
2482 5194
679 1723
5078 165
4138 5205
6718 5335
2979 2967
1117 2299
2010 3105
3776 6694
4901 653
3029 5713
1077 2119
5428 3553
3315 5518
856 6092
4712 1131
1067 4060
1258 1376
3279 6238
6876 5520
5792 982
162 5122
912 4122
6781 2250
3517 2619
3794 1207
1813 4789
1863 4906
6973 2420
6350 3195
1262 744
284 3772
4042 4692
4981 5843
6345 6234
3138 2973
4975 5274
1114 3475
3786 3194
6160 38
6893 2841
1229 1735
4260 3050
6708 809
2248 4343
6898 6568
2353 5268
3031 4954
758 2500
3034 2219
561 5369
2622 3214
5428 6131
158 4198
6450 2621
6503 6419
4674 973
6764 4474
6881 5059
4383 43
6547 5937
3059 6598
755 5585
2118 2368
6945 5983
2616 6028
4013 4647
1487 4753
1306 5873
2517 6022
2861 5832
588 3378
3415 756
5350 6598
6613 6183
6551 5305
1145 1983
3502 3384
4694 4981
2292 427
4155 3949
1980 5036
6299 1297
2942 1475
2971 6377
5117 388
6328 537
3941 3431
3405 418
5762 1065
1500 2332
1030 6355
5245 2236
2222 1536
1933 1433
68 1248
6888 2042
6640 4192
2583 3235
165 4564
370 832
6157 4223
6353 1883
6850 2689
6783 1467
2674 5982
6416 6369
2431 2060
1734 4606
3024 3328
5156 5577
5749 6091
5162 2359
4661 4817
3663 5715
3317 2826
1414 2157
2446 6505
2761 1413
1768 403
2415 4940
887 2640
2079 4991
1384 3446
4694 4176
5654 6204
205 2808
4506 4125
4709 4484
6677 6302
3310 5038
4899 3827
2848 254
1874 6464
1533 6171
907 1013
1877 3729
3576 6850
2332 5063
3832 4561
413 3107
2022 4083
6631 6307
1536 6819
6784 6549
1772 3154
3828 655
3950 2338
6876 3105
3369 5968
5630 4655
5537 4464
3453 4915
2396 2954
3074 1886
2320 3144
1081 1701
2082 4484
492 2060
2044 1748
6536 2633
1672 6306
3785 4341
696 5273
2979 6163
1201 3688
3663 1877
6806 1181
6861 1642
2726 4936
2879 5178
3146 3078
1346 3288
5733 6631
1626 5557
5050 939
1316 1167
5669 2674
5266 1503
226 2476
622 3230
4018 2226
6291 2428
680 202
621 3005
2551 2087
741 1609
5042 3680
6012 6396
1993 1005
2958 4131
6747 200
1578 4735
2858 6933
4195 4747
3945 4572
2797 2493
4264 6015
641 1378
2542 1220
4761 6821
6779 5750
2579 4485
3560 974
4069 3295
6488 4820
6951 380
101 875
233 2492
3782 3238
1483 1815
2197 1158
1125 3827
6044 4779
610 2415
5230 1822
2315 2345
5672 2921
386 455
4429 3988
1468 4166
5208 3726
5330 2403
6044 1746
5318 888
187 2497
2346 877
3461 564
2924 6775
6227 6334
752 963
4420 3121
6285 4060
347 3129
1371 1200
6202 1551
2766 3156
1933 2401
5350 3028
716 2437
4016 2479
1894 6610
1649 6025
5648 3624
114 1056
760 1204
5240 4738
4624 268
11 3560
2013 4208
5022 6730
6522 6982
1722 1026
5015 5559
254 5947
5799 3389
1157 1025
4543 87
4455 4404
2989 3736
3610 6298
2235 5748
4583 617
1090 3186
4638 324
6325 6064
3207 2094
1982 4521
996 518
1 5851
4600 971
5532 1705
2789 2520
2985 180
2161 2951
5273 2942
1699 4583
6468 2558
3096 950
2689 2289
1163 1570
6858 1989
610 3838
6109 6597
6572 2157
5553 2178
5952 197
162 2170
6297 3615
6481 5422
910 343
8 1703
2310 2643
218 3233
3065 1987
5923 5094
498 5502
451 5656
2714 1006
5981 2066
3524 57
5979 1239
6698 926
4542 6227
1113 4085
4953 843
4079 4251
4108 2737
3236 6191
2608 6622
1419 4542
4810 3948
6188 2517
4311 63
4911 4000
3724 2747
4506 6166
110 4989
4587 5596
2505 2710
5373 5751
6467 4561
299 1478
3814 2640
6025 4216
3449 4205
5648 2014
326 6307
825 770
613 3331
6091 5967
2161 5529
6175 4160
4499 6126
2570 4236
3439 484
1503 3839
290 611
3686 6777
6014 2522
2497 4697
1072 4784
726 3393
3245 2870
6514 593
4795 5895
3864 2353
5636 95
4672 6993
4333 1111
2924 977
5979 6850
5845 4406
5038 2620
2768 437
2231 6648
6291 5624
2270 5822
5126 1686
4730 1686
4284 3851
3482 2409
5404 3882
5099 3246
5464 1681
4507 3334
2074 5883
3375 1788
3447 3354
6067 2883
6984 2585
1268 535
2407 4780
2191 3435
3880 5838
3940 3637
4960 6470
6355 2010
3440 2533
4767 413
436 6047
5205 4022
1241 4754
4950 2749
4543 4088
3012 3025
899 4990
1065 6191
1903 120
4172 5084
6712 3186
6378 4064
3198 4878
1150 4986
1577 889
364 4831
5995 3545
1045 1028
5105 6420
4360 2102
3608 6439
2173 5084
1452 5324
4509 5608
4036 2944
2384 5304
1171 2830
2444 3857
675 5632
5028 3729
6468 3176
1041 6921
2073 4853
5810 4896
4771 5793
3715 270
2689 6290
3990 2949
1378 3281
2122 3964
6532 6759
4460 4561
4045 6039
1440 1126
3895 2308
2933 3617
5950 338
6323 5804
3071 2800
2176 1167
5911 4547
2141 2112
6179 5301
5866 640
3536 4068
4847 661
170 6412
6565 2304
4621 5044
856 2953
6243 6225
6716 5883
114 6480
4087 5110
4338 1723
917 4360
5650 1924
6987 492
4468 1015
1909 5145
3801 5655
793 5987
6144 6596
5958 3208
2059 5089
6264 1036
4244 3192
1338 3077
5820 3274
823 911
6205 3839
5670 297
816 3904
3715 2848
4290 5065
3363 5429
4104 2431
936 4760
1781 614
222 3919
2708 6666
5669 72
254 1922
2207 2708
6565 1149
5166 1703
1246 6871
4572 964
3641 3838
2022 676
3264 1636
5217 2422
5318 2474
1793 4007
4028 3725
5963 3151
4844 5974
1981 271
5184 6796
581 3606
4528 5179
1818 2724
4829 1909
1093 4720
6043 821
3983 6584
6944 6406
2460 5382
6161 2762
6725 4790
4142 4362
966 414
2612 6153
1989 512
3580 5790
1799 6804
3485 2520
4080 6867
4445 5302
4478 1278
2793 1246
3975 2155
1743 6872
5716 4748
1268 3381
2228 6163
2691 969
2233 91
6312 3281
6845 5996
6838 2573
828 830
1361 3545
2409 1256
4430 6118
956 5711
2907 4916
6107 4754
5928 3291
4467 2967
3402 2643
4085 6837
5885 211
1874 1097
733 189
2285 631
4375 3378
476 5259
3967 1863
3329 852
5525 5503
6072 5672
1364 2688
2772 2597
3078 6087
2679 154
626 2170
3952 1181
80 4885
2894 1247
5375 3650
4224 2054
4061 1124
4219 1710
3700 2808
2666 2551
3601 6212
677 5491
703 4460
5925 5221
6355 4051
3585 1545
2592 2787
854 4629
3099 4281
697 6143
4957 1797
263 3407
5177 4015
851 3577
6691 967
1503 2042
2251 5877
2365 529
1967 6118
1633 6996
6941 361
755 836
4332 2876
3323 5867
2146 5302
2545 2567
5855 3297
841 3239
588 5045
562 3824
6095 6167
2103 5605
5034 6716
2855 3897
2690 2140
802 6667
6986 3113
4061 3702
6640 2476
291 1267
817 6975
5739 5192
4464 4092
5018 5432
4216 3990
1138 2829
1074 5288
3937 4575
4266 3353
3909 2527
2123 6607
3142 170
5700 5237
774 862
3395 3245
3297 6874
2873 4826
4914 1295
6342 5643
4418 3343
6624 2323
1614 4636
4847 2702
2832 1792
1263 3655
4501 2065
5041 5951
1514 1022
2324 6489
2888 2101
2764 345
6408 3607
1053 6262
990 5159
3652 4190
6150 2790
4149 4996
3378 5119
5451 3755
5523 6075
3768 5304
3780 403
416 5826
3093 5889
156 4209
4245 1671
5759 875
4143 3646
154 6765
1656 674
5816 4792
3111 2681
6442 2036
2863 3333
1526 4765
1157 2424
4010 5187
2213 4914
711 2337
6127 4095
4998 2066
3697 3909
2133 2706
5839 430
2234 2758
5245 1943
2003 6797
4909 496
5797 204
5155 6564
2282 2425
668 1859
1468 222
5210 609
5948 3756
6889 2324
1505 2733
1030 6412
4452 967
6363 5661
5264 91
4703 2498
1098 4826
785 5827
5415 260
3214 6542
5296 3012
6755 2509
2152 4237
5008 5763
5737 6138
1866 3651
2482 5869
3139 3924
1936 2138
4160 943
6374 6200
1670 2958
4414 4997
152 6264
2692 202
6809 6128
4945 4633
3849 2744
19 258
5055 1795
894 6120
5058 5476
2637 3124
2291 2487
1847 5479
5496 4921
5610 327
5804 2822
1886 4653
2535 5099
4035 3099
4307 589
2196 5633
4255 6815
855 3913
2997 6850
6082 2766
502 6269
4399 3561
6023 5569
701 3446
6795 4136
110 6388
4994 4121
4805 1970
940 2681
4338 2504
3990 5958
2887 2898
5626 3839
4858 1981
1967 2898
6194 6740
1278 6059
5874 908
4327 1564
6531 5379
1744 4546
6593 595
3626 204
2383 1271
1360 4556
1353 3385
4562 1057
4591 5959
114 6106
286 736
4809 934
6920 5312
1851 4793
3530 6508
1593 593
3127 5337
1030 1419
4361 20
759 6029
2314 5988
2560 3011
288 4165
351 1481
3047 5758
3386 5978
2333 753
2369 410
5538 3187
1436 2457
345 1666
2979 5065
1647 6841
1182 4792
4327 759
6001 2130
125 2831
2329 230
4282 1016
1613 4978
4321 6606
2079 6471
207 4361
3875 2355
3749 3936
3188 5589
213 1897
2912 3439
5868 2917
1919 5435
4741 2469
2318 5706
3588 46
6674 5232
6015 6350
1691 2575
2718 6579
5865 2619
1350 6446
440 3781
1498 2180
3986 92
2375 3207
1652 6030
4609 2700
3210 3254
13 681
279 5526
6010 5602
67 917
1392 2134
4845 2418
3010 5825
4567 5857
4321 2418
3942 5805
1826 1837
4190 3655
2543 697
645 3782
5994 4318
3879 5456
6586 1197
6796 1973
2257 1242
2594 4045
6864 6803
1066 2499
921 6282
422 4649
2136 3167
5985 3451
3304 5898
826 3012
12 6471
6726 6869
6668 6110
3060 2505
2253 719
1998 200
5389 5268
5886 6074
4544 6381
3517 879
3114 6124
5257 5499
4194 340
6463 5304
5809 6766
5902 6957
2858 5380
3689 4554
4134 5170
6498 6988
2854 1474
170 240
679 2561
3380 766
3691 4600
3130 6253
365 4091
4214 6627
5981 1773
1877 6632
1474 5461
2814 1294
2939 242
5337 890
6359 4550
5141 3984
5149 1593
2126 893
1878 791
622 3905
6128 1419
2998 822
128 364
6346 2810
778 1412
6380 2394
318 6123
4602 6335
2419 391
2827 1879
4229 4252
3766 3030
4012 53
2011 2259
6930 3211
6457 547
6746 650
5966 3693
1298 108
2858 4575
5714 6101
1641 6863
3840 3918
3289 597
1542 3851
2347 4810
4377 1090
6977 5659
2221 6391
1324 1679
5768 3304
3593 4391
3777 536
4176 53
5048 6398
5568 2492
3238 5920
5175 6173
4512 3385
4271 290
6263 6666
2497 1721
124 2069
1239 1756
2015 1977
3637 3158
4972 4309
6718 830
2420 3194
1580 5432
6380 4972
1299 5190
86 2716
487 3814
4423 6696
2417 2142
1553 6992
4975 4957
4815 3544
2831 1193
652 4790
4059 4729
2794 2065
2852 5453
5063 4777
4963 409
6976 1246
885 827
4704 2400
786 4231
4700 4910
606 4795
5358 6573
752 3866
3118 95
3920 1537
2959 5700
39 5879
4449 4510
5077 4079
34 1371
3265 2774
591 6392
3229 865
4020 2118
257 854
1427 248
938 4221
3076 4006
6904 3413
3223 6685
4656 4961
2768 3072
574 4883
6804 3182
2418 4945
3435 1091
6428 3834
3370 6331
3117 5885
2100 3323
42 4995
5582 2093
6774 3690
4837 1185
817 4991
750 3769
323 1450
5910 646
2563 1512
2781 2903
6609 2310
6355 4645
710 3589
5295 5419
6837 4419
2552 6234
2395 6250
6088 5240
6838 4240
3538 4952
2252 2939
4385 2350
5462 5717
5116 5080
2576 5480
3655 2504
2815 578
2758 4208
2842 3155
5894 2341
6857 4640
5522 483
2707 486
946 6286
5416 5722
903 3206
5801 5533
1873 6676
4638 2422
529 6937
2463 3509
3701 5481
2393 1235
189 1584
660 3421
3731 6821
1372 5347
6492 5831
6927 5759
6218 344
2957 6646
1168 629
6775 5365
3501 882
1608 901
1236 5459
2473 3823
4539 2012
5149 6667
4127 755
6835 3137
3129 2407
4500 6221
3034 5553
1630 5763
3471 5554
4307 5826
1881 3130
6547 5888
6736 2377
2588 1302
3214 4208
6796 6592
3688 3310
1353 6394
6451 3147
2277 97
1500 6821
6171 3507
2613 5681
6264 288
4511 344
1842 6558
1682 2139
221 1815
4739 2423
5945 1474
5537 6375
1301 2447
1273 6815
5253 200
2106 1154
6216 5909
3112 4281
1266 3392
2150 1426
562 5491
2420 3007
1520 1030
5570 5734
5281 5631
6559 6248
5590 6386
640 3869
5662 1536
4162 2038
1611 3777
5623 5745
6275 3456
3534 5852
235 3002
3344 5728
4588 1099
6674 4858
5046 5360
4863 6407
1124 6291
2368 1662
878 600
3703 2813
2679 3244
1813 6513
1154 5379
1180 184
4105 349
2484 2776
3117 437
6097 309
966 6082
2518 1606
531 5373
3795 2752
2833 4061
3299 5554
5718 4827
3877 5036
3541 5087
272 948
1475 482
4157 889
677 2165
2876 5636
5555 110
6022 4457
1409 5497
6082 3010
2904 4651
6178 2718
5452 2614
6828 6772
233 1370
2559 6868
2973 5919
4241 6602
4950 4847
354 2828
5674 4878
3279 741
3797 2424
851 3634
5758 3071
5352 2383
1188 775
3886 1715
3340 4400
3462 6083
2328 1458
1221 5796
6500 675
5290 4134
4333 5787
269 3659
1528 62
957 1027
5998 2908
363 2540
6744 6670
2520 5011
1699 883
1539 3634
5403 4950
3189 3076
2783 2388
6210 3703
4497 6541
4996 1004
3986 1141
5393 4612
3896 4631
3930 6844
62 1622
134 3942
6748 6388
5383 6526
5448 4669
613 2664
2335 1043
1495 3281
4465 213
3817 5627
5345 757
2540 4858
3316 915
1296 3071
6736 5223
2037 6489
6216 6877
1447 3240
5084 5331
5094 357
5123 5259
2602 5709
355 4476
2760 6295
2776 412
3591 6223
81 3153
4778 1060
669 3323
5330 5737
4965 886
973 6740
4280 783
5360 1415
4541 4530
375 2095
339 186
2439 4375
350 4482
4137 3888
6871 4485
4016 5813
4740 5090
2049 6849
934 746
6741 2160
1551 6572
1993 6917
2886 3559
4541 4880
1482 4523
1765 4057
4843 5218
6405 5594
4652 1486
5503 6954
1104 2096
861 2338
3409 6717
890 3830
5026 1138
4310 1722
6586 1441
698 627
4115 4664
5338 6328
1384 1332
5124 892
2223 6039
1944 6624
5516 4156
633 2861
3300 2236
5020 6204
2436 6332
2023 4473
6099 3982
2685 3626
4824 630
2067 4745
5704 6836
3214 6599
5970 5265
6355 5076
4392 3602
4349 522
336 5499
6745 5261
3486 1810
3947 2205
5875 4624
5746 2524
123 1419
4564 1615
3046 4921
3048 1584
3858 635
6425 2812
2419 1790
6058 1298
868 4956
3437 3796
5832 4927
491 2754
3385 1354
4030 4310
2297 6496
5370 6559
3304 1954
5872 1293
3305 4808
6918 3095
2193 5392
4402 3135
5209 2669
3970 1226
5923 2012
6195 256
6573 5312
3894 2170
1497 4376
2653 4064
4699 877
4456 3371
514 644
1092 126
3027 5968
4209 6877
4589 6344
1998 6055
3201 671
2151 2133
2404 327
2464 378
5761 6565
4482 5723
4050 6066
1999 2493
874 2118
5130 6698
5818 4066
2081 4777
501 2287
4818 4891
5628 3942
4635 5938
4263 4080
3198 3756
6845 873
6752 4846
1370 1918
5441 1083
6207 616
761 147
6371 5154
3601 1894
165 5751
5278 2782
5245 6806
2654 5763
6546 3465
83 6850
3497 790
6266 3825
5356 1160
693 5089
4922 4840
940 4966
288 839
3402 903
6881 2408
1184 5326
3577 5630
6662 1546
199 4931
4829 5780
815 733
5970 272
1155 3807
3462 5091
969 419
4104 2114
3018 913
3078 964
3756 4814
3833 6724
6197 2126
1560 5024
5789 4775
3881 3762
4450 6134
4660 2746
6881 2758
6432 5406
4097 4326
3574 2299
3665 1663
2665 6652
6689 5971
853 5347
672 3057
1673 5086
4166 3342
2669 3361
6052 2152
6652 6089
2263 1919
425 5809
3689 3188
4222 6657
5688 155
865 6081
5841 1151
6966 1526
4929 1823
3688 5969
2351 1739
5737 6463
1573 4855
2447 1447
1447 6436
3059 6175
1619 1066
108 1379
1252 5968
782 6985
4622 3743
1718 4455
38 5521
3427 1848
5235 5663
5106 3563
999 2489
4672 6489
4362 6263
5601 1290
5198 6535
2622 6524
2889 4424
5656 997
5065 6191
6844 5858
6539 5222
436 6698
3983 6617
5186 1987
4816 202
4318 2177
6651 2430
3633 2074
1609 6740
6300 4832
390 287
3089 4081
3001 1982
6767 6927
6017 1511
2598 811
1619 6677
4559 5622
6818 3482
4677 3399
6912 2363
6566 5890
2648 3557
5478 4616
5416 3738
6567 3082
5135 1244
3101 1058
4016 4821
4916 382
2428 2470
4604 4991
834 2556
837 6237
452 10
5035 1013
6313 1630
270 3911
4960 4811
2160 3594
4966 6511
1317 2151
6136 5905
2326 4795
1514 2665
6884 3324
2123 3712
452 6776
1911 6273
1099 4143
4713 5284
4496 6747
4023 4083
5549 5556
2958 4513
6361 5434
1249 6339
6765 5295
2379 4806
1992 4168
6699 511
1433 5867
1022 4081
6655 4376
6851 1282
3043 3281
1248 3835
5133 6028
396 4558
2139 1562
3159 4395
187 4384
6959 1754
1823 3019
6587 6312
3261 1639
1296 3502
5998 5917
5427 2718
2264 6145
2321 263
2505 2824
6734 2575
2780 4749
2886 5145
6296 2349
234 416
6421 1297
667 3681
2616 6223
1912 1906
66 1771
4496 5942
6754 948
5862 2996
1872 2507
2056 5068
6548 6707
1813 1146
5974 6620
1552 6474
1892 3132
6553 3294
1088 5027
2764 3061
1585 5833
871 828
6750 3808
611 5627
1958 4883
3453 4037
19 1551
342 6900
5165 1728
1739 3267
1944 289
2506 1490
3965 5151
5193 6405
3755 1369
3882 3396
6394 1702
24 5278
4367 2687
3654 536
3571 5197
5364 1564
1064 2347
1563 3980
1783 2034
4302 4921
4807 5588
5681 6344
6829 2007
5929 30
5828 3361
6204 5338
3453 2882
3981 3001
3322 4119
1021 6033
2325 2209
4890 2031
191 3297
6041 621
621 2127
3518 4408
3733 2118
1584 2174
5278 635
6766 3536
5305 3212
3732 2647
5031 4141
1387 879
2016 1050
1634 4920
3168 3248
4500 1472
1542 5331
544 6983
4116 4515
4928 229
2412 4433
5903 1037
2529 5772
1825 701
2565 5429
1013 5741
6954 3183
5801 3012
6116 2084
818 4519
1446 1836
5214 3444
5327 877
4699 1308
1192 4171
2904 1862
2152 6953
5111 5948
6231 5979
3048 860
2924 2514
1318 5973
6139 6390
1714 311
6094 231
6632 3290
4020 1370
716 4592
2053 3160
2956 4654
3329 698
6407 1859
6056 878
5749 5831
3978 4527
1206 1194
1237 507
6715 5395
4781 3161
5679 4311
4159 6790
5455 2351
1203 896
2698 50
2029 480
3503 5173
6456 4353
5707 5955
475 1096
1657 2005
532 1630
5072 5215
6670 6002
2799 3515
3743 5010
5130 2941
5319 5846
3922 811
2700 2755
6235 5293
1624 2996
3857 5297
2979 5553
6757 1433
685 4474
2387 1477
5253 4445
4165 6581
1481 5347
1147 6225
77 5557
3843 4086
2172 2986
4441 5698
6215 4267
3412 1621
3472 5836
1039 1969
6890 2901
1262 1452
1640 6508
2091 553
1939 913
4552 5687
1687 5573
870 3099
6886 2378
1399 2662
812 3094
1753 908
2930 1473
1992 3176
2274 6272
3647 4497
4985 5919
4892 2722
3617 1622
5692 3337
4609 6571
6221 6310
1309 867
6524 3867
3604 636
4595 1977
5694 1131
1173 225
2453 2423
1575 4177
2017 5276
453 1067
826 6533
5735 6043
2794 1935
6827 4026
4688 4770
39 5399
2439 3464
3375 5098
1260 6236
38 1764
573 3054
3551 6263
1402 2155
2998 2115
5290 1613
2156 1274
4854 2214
5824 5684
5454 489
896 482
4550 5186
3172 201
3607 6545
367 892
5470 3651
2419 5067
676 1647
5409 4129
402 1078
651 4034
1544 4840
4161 4852
458 3639
1948 2449
6805 2523
289 2140
6610 2055
1133 21
5460 3313
3373 83
518 1411
6576 5854
2195 47
1978 1510
1847 2747
6702 1994
5606 105
4370 2343
1412 2038
316 149
3736 4457
3340 4457
6535 6203
3245 1187
4921 3385
5411 3020
2018 535
5440 1506
2174 1048
5663 3241
2435 5519
1296 6966
1299 6483
3479 78
4537 2641
4759 1522
2799 4483
3415 2537
4158 6028
2384 1043
4949 865
6809 5624
6587 6743
988 6032
1260 4276
5895 5469
5652 5711
4809 4268
4062 3287
6204 6224
669 802
2076 6525
3659 6280
1940 1002
797 5683
2571 4252
3555 5176
5924 922
5929 1266
204 2136
4772 2107
5450 1039
2967 1973
3342 1096
3894 1609
3460 5289
191 1150
6235 1723
2732 1352
753 99
3702 4822
310 5945
4976 2287
4482 5162
5980 4587
4731 1702
6150 2554
6520 1333
4412 3642
1707 1531
3942 495
4100 1835
3071 1922
1266 1034
6925 2550
2391 1409
1166 3836
2448 2697
608 5760
1327 4693
2067 5257
169 1926
1082 4862
1882 3225
6211 174
4270 3185
5832 3561
6707 3761
1566 3928
6671 1098
721 5822
3020 829
3985 3201
5430 3746
2316 2928
6261 2920
6411 235
3609 4607
5977 128
1310 151
2645 2056
408 1511
931 3538
4537 4064
4635 1189
1760 387
4067 1671
5228 1703
6441 1925
3170 3375
1668 798
2115 2241
2392 829
4878 3576
2170 1948
2447 6952
3254 70
6061 5841
1197 4596
3129 4505
4932 3812
882 3272
6950 2741
138 1808
4680 6974
795 4781
1158 2389
478 2630
734 6757
2995 4690
3098 2159
4373 3259
3215 2744
2838 6958
4677 6676
4457 2206
3025 368
2469 2365
2190 3704
2472 2636
4733 569
3368 707
4323 2391
5603 425
4610 1667
2299 3647
5014 30
5690 2299
2804 2062
152 2995
4197 3191
5415 3757
4499 6939
552 3868
5810 4286
3291 645
4662 2207
4794 4578
2353 96
4407 1688
3285 830
2732 6508
5504 15
1362 2138
4817 3249
388 1932
2793 3751
3786 1755
2387 3063
1296 1518
4052 6600
4334 5532
6087 3224
3064 2524
3566 3674
4994 852
4734 6405
5699 2361
3498 2227
1676 234
158 5792
1407 1507
3220 5666
605 65
727 1748
1713 2745
3547 2119
4512 4491
4326 1103
5702 3009
5454 5913
4889 3660
3820 6600
3634 960
4095 2109
1920 3196
4628 2572
5242 3963
6033 5216
121 6260
4223 4738
1771 3073
3629 6251
6406 4266
2010 3089
5998 6161
1330 2576
2440 1919
2634 5168
793 5377
6421 4574
6622 2578
4836 2494
5185 6812
6830 3281
4216 6950
4990 6344
1015 6887
5888 1078
6636 5667
5301 1510
2498 3028
2959 3423
6641 3759
3184 5985
4182 5087
352 2601
3585 667
792 2119
5604 4702
807 3181
4055 2279
1087 5450
5474 2377
2583 1796
6404 6448
6187 1495
4917 4903
2702 2427
4471 652
2788 1447
6864 956
181 6287
5563 5051
1992 3957
3103 6154
1102 1944
6112 2260
6681 5386
1134 4865
4687 2347
5929 3307
5303 401
3279 5067
4277 4169
5863 4939
5956 5884
4844 5714
882 857
3565 4872
3455 6986
1068 3464
543 610
254 507
4674 3990
940 4218
1907 1001
4111 5570
1253 2463
2490 827
2087 6072
3176 4538
1469 775
712 5522
4325 3055
1654 6190
6824 4509
5599 6936
4670 4221
4224 5632
5822 2255
2737 4841
6689 1840
3108 6474
1916 713
4904 2358
3133 1808
5748 993
3812 3594
4746 5155
4288 3523
1255 2135
4283 3179
5683 5479
6420 110
985 3937
1699 2526
2819 2557
2002 83
1917 3917
1659 3127
5544 6074
1101 5051
1409 2952
6168 1737
5801 223
1534 1900
2678 6489
1188 1263
3615 6813
3830 4523
5705 3898
4043 5570
3115 5709
5820 1404
5999 3621
5221 6737
2736 6844
1215 2305
1203 790
5511 4032
857 4317
5908 6886
3661 6407
5342 1779
2133 4861
4316 1383
954 1217
1396 1562
389 1216
2455 3569
607 355
6672 2559
4192 3010
510 2674
4526 2132
6435 6753
795 3789
1352 4646
1916 6674
5543 1661
3368 2748
1630 3836
164 3168
2642 5273
1069 4708
2179 4051
4522 4992
5441 603
5850 5726
1676 3430
2362 6387
4819 4986
4167 105
5509 3181
3389 3975
674 1176
5164 5398
1212 1983
3364 5608
3512 2096
5946 2401
4934 5875
2754 202
5004 5116
3261 1696
2263 2594
6117 3976
6495 6780
5086 2482
3565 2107
791 2111
1382 1798
6521 4968
5862 6086
4515 6830
2195 5284
4497 6224
192 247
2931 1188
5766 2591
1566 1326
5293 681
2681 1013
3987 3678
3866 5603
1650 6689
494 4749
6753 3032
842 4678
2358 5463
5852 5748
4448 1794
4133 470
3885 6784
5729 6846
2290 4016
5784 6553
3239 5855
4101 932
2115 2672
5532 3299
6647 2232
2641 1964
526 3102
803 5854
3540 6722
5868 5877
4875 1457
577 3821
4281 2970
4092 819
74 4698
2161 1512
1320 6531
6022 2530
4143 3
624 5515
5207 6518
1661 3791
3841 3802
6286 4296
4975 533
97 6752
1494 5371
6069 5759
4918 6415
6879 4810
6502 4860
6760 3398
318 1244
1187 1656
1813 6814
3864 1719
4203 1185
1708 2856
5101 3089
930 6726
6224 6801
1864 1117
3426 1493
336 5987
5229 1554
1241 1892
993 4042
2261 4725
5807 1036
3642 2811
1432 4843
5811 1155
1477 3862
1105 1250
2538 6696
17 6392
2047 6836
2661 1811
2933 55
6991 5374
5334 5138
790 3309
2849 5245
4148 6739
1756 2873
1355 2529
2346 6122
2248 3335
2533 5948
38 1203
3209 2555
4699 1365
1102 1302
340 5705
5539 2510
2796 3325
4697 3921
2677 1913
2902 4475
5512 3316
4982 118
3048 4300
837 2724
2210 949
1891 4387
5810 3912
3038 6995
4786 6595
2826 2386
1083 3130
4469 4444
1048 6327
5872 4009
800 563
3974 1432
6262 4194
5362 2217
3808 5866
76 3915
3524 6107
2376 4028
2813 4783
638 5116
5273 6309
1999 1826
383 4597
2616 482
98 4613
6605 1500
89 1117
6128 1346
3930 729
1249 3176
3259 4496
6039 2028
4793 3578
2109 1590
429 6820
4142 2305
6747 802
2020 6436
530 1210
4857 4502
6738 2968
1053 3237
5445 4672
1512 553
1266 1278
679 4716
1414 4182
2441 1770
1849 4110
5816 6305
3375 2577
2764 703
3158 4040
5398 4102
2483 4625
5962 6130
6118 227
5519 5560
4805 555
326 6291
1981 6858
6263 6243
1447 6924
2276 6025
1968 5872
5989 1510
1505 3896
3965 6176
2365 2310
4667 3250
6226 699
6980 6234
89 312
1248 5933
2487 960
5749 3928
1583 1493
456 4455
1264 3433
1771 4927
5317 5402
3918 5956
2760 5441
1540 1796
330 5255
2577 72
5999 5207
5493 6567
4911 3179
926 3788
5002 3297
477 5682
5988 130
6709 644
3262 3558
5611 4344
865 5764
5425 956
3224 822
1383 5195
2790 4502
3714 4621
197 6796
4617 6115
4240 3913
1941 2490
2717 2711
1476 4605
313 3746
1603 6632
3964 2517
4497 5232
3745 3153
5480 5931
435 6560
6598 5135
6037 6788
462 4219
1737 1155
2337 3594
778 6145
150 2412
4632 1111
249 6555
454 3577
5307 6161
4037 2399
6781 4438
5685 2549
3854 3446
1949 6114
5769 1496
5777 5521
3533 4559
6554 2180
2344 227
2939 3820
5841 6445
1347 4733
698 6539
5234 1337
1875 688
3029 3713
6663 2123
1917 3543
1000 3871
6046 6850
31 4009
750 3696
2584 2316
433 1545
1532 699
3180 849
4257 3462
5948 276
2486 2912
6498 6378
5763 496
3922 4869
1523 6248
748 3219
361 5991
6622 5855
6655 1831
3010 4760
2074 874
1234 3112
169 2788
5659 2775
1798 5140
833 2768
6858 4819
5283 3427
2473 1522
6232 5296
1688 4221
292 4292
3238 3082
2307 5956
4215 1307
44 4944
3831 3596
5481 409
1902 1706
5086 3263
5450 4479
2745 6532
2824 4381
1580 2594
4441 5218
3799 1779
774 4416
1278 2229
5266 5301
3045 3791
6684 2545
1046 2660
4383 4459
6778 2180
5601 5779
214 2507
2946 3031
1294 5391
955 5925
143 3795
3130 4838
2271 3616
1512 6782
4279 4109
4874 1286
4134 722
2171 2
2604 2513
6093 4706
3877 3540
4811 6599
3911 2370
1349 2819
4535 5203
2216 2404
3103 3365
1567 1958
3740 44
3349 388
2277 3057
761 3026
4468 6610
2469 3227
5650 1103
870 2969
3397 6471
873 3240
2020 5094
5516 2042
5546 3382
2764 5777
6248 1210
2110 4987
2416 2061
3697 697
6379 1104
6059 1688
403 4607
5370 4095
5623 2289
5401 3408
1765 4171
3441 2205
4139 6677
6302 4829
3883 2550
5531 2700
3093 4905
3963 4007
5709 6944
6482 1232
3216 3026
4470 3249
2849 5676
1574 4576
1034 690
5172 1077
2539 532
1534 5177
6854 6473
1482 4987
3524 4310
4305 4875
5270 831
2025 1250
6942 5539
5765 4974
6351 4317
162 357
2268 4391
2899 5389
748 6870
2369 2191
3606 2807
5564 3937
5719 1596
6064 4260
152 3052
3359 6313
6535 3845
6336 252
3168 2581
709 3909
3505 6138
4109 1149
1683 4869
55 3119
4437 6118
5094 4927
4965 2073
3289 4793
1520 6568
1549 5054
742 3268
2574 5979
4183 2037
707 4213
3566 6764
4037 5595
5312 3285
5207 4989
1048 3725
1874 3309
2593 2996
568 644
4427 1616
6739 992
2369 1036
1622 55
2708 3885
5046 4482
5815 3532
4891 1161
1116 4798
4641 6648
1434 3387
6252 123
2988 492
1184 3212
3481 3808
1275 2576
1779 389
4022 4132
2339 4927
4441 2803
2393 5163
867 4444
1765 5594
2639 2186
328 3412
2824 5349
1735 467
4560 3434
5007 4877
1972 410
537 1307
4313 6940
3121 5343
1977 754
5124 2429
2194 1920
410 2663
1908 2088
5232 5934
4927 5298
3994 5093
974 1658
678 384
287 728
6006 6459
5142 4139
467 5799
3891 1181
3550 888
5014 4893
2010 1991
3515 1833
2271 46
1555 4040
4258 6078
3258 3897
2943 5579
3765 6145
4568 4025
29 2540
4876 1926
3384 6453
1920 2448
2852 2428
3189 5231
758 2191
883 1139
6151 2245
3002 2372
884 3993
4585 4379
2907 5518
5801 4118
173 2669
4550 5324
6919 1070
2684 750
6046 1670
189 6585
4122 5786
686 975
3858 1017
2583 4081
3796 139
2022 5734
2493 1155
1705 3583
3950 3989
4113 4919
682 6868
2609 1515
6029 5823
4277 3071
4849 4960
233 1565
267 1149
5128 1342
264 4261
4063 1018
1733 5200
1048 4343
5124 3852
1201 5339
1077 3583
5655 4242
3219 104
4924 3040
2775 3096
2692 1341
2038 2049
4077 1855
1470 3285
6700 5819
98 5662
5265 300
5896 3550
3109 5601
4702 1126
5328 4032
3391 1500
5476 1651
3017 2979
1427 6217
4825 6794
2604 366
463 283
3660 2856
81 4153
4286 6516
6958 6235
1788 1500
5934 1748
3269 3200
738 2962
405 6694
3853 6634
6803 1379
5861 3340
4529 5870
694 3040
4188 5577
4083 1619
4583 6106
2095 1778
2309 6433
724 2101
6813 1693
2279 1306
2895 3524
3048 356
5757 3340
6906 1857
2546 2589
1486 2609
6009 3561
5221 5989
3784 397
3140 6711
3546 983
3969 3560
6959 1868
49 4564
3311 1116
396 1639
2817 3991
1695 3887
5623 492
3563 5501
5493 4583
1379 2338
6955 1345
6676 2684
4680 5234
6330 2047
3558 4376
5617 5558
3778 178
4728 1518
2429 95
6658 600
4761 3129
2314 5972
2612 3185
6063 2642
1873 6229
3024 1409
1460 3616
5357 1662
3514 5208
1463 1635
6256 5666
2555 6034
2211 5470
3570 1353
674 6844
5254 3412
6317 657
3550 4084
6305 5558
3047 2709
3637 6712
6115 3182
3482 2637
1147 5721
3434 5629
5519 1616
1940 2913
556 5253
3507 4387
1198 2276
5589 857
3880 2683
661 2071
5647 4245
130 1654
2597 4351
4149 4793
6045 4291
451 3924
4455 1867
1877 5193
977 3216
6884 1828
6512 6386
6732 4440
5977 2844
5486 5990
663 5500
4230 2688
255 3985
3760 3705
907 5860
2834 6923
5607 1032
904 5562
1773 1810
5130 1632
4016 5553
4692 1406
180 4750
5870 4825
5226 4723
3295 2006
5652 6817
1323 3452
2634 45
6123 6402
1178 65
985 424
4366 4804
3908 3926
1811 8
5993 6329
1074 3125
5019 6123
1062 1610
6452 4399
5111 2679
6177 5857
907 1672
2283 5830
3389 1267
2239 4777
2934 4070
2461 1406
6716 2378
4140 3121
4916 3342
2020 3915
179 4124
6373 2012
6994 4574
2794 3309
6562 1911
717 4931
433 5172
5345 4953
4049 6386
5107 5539
6315 5417
933 3243
4596 6555
2509 3325
993 3294
5343 1874
1244 661
6989 1197
1419 5388
4160 740
1882 948
4440 3763
3792 2007
6178 5304
3623 6924
2164 1011
797 5984
2750 354
6516 5299
6984 1203
5612 5832
4117 262
1438 3536
1904 5029
4891 3820
3182 5646
6508 4657
5489 4678
6783 6582
6320 4606
1096 3772
5762 6530
1834 503
1426 5404
3106 3557
2832 5240
3047 6360
2641 5672
6618 4421
546 1046
427 3798
6153 6536
4467 3650
2639 1812
4093 965
6749 151
5001 551
3996 1032
800 6231
2073 88
4404 5930
362 6005
481 1001
3600 4415
4498 5565
4338 1146
4651 6561
755 5707
3052 6303
5700 1464
5426 6557
4951 3066
2530 714
3048 2397
2994 5544
3462 1448
4556 6674
2433 781
2949 5801
5824 187
89 6785
558 5543
1647 3255
2791 1428
3544 6361
2644 4384
1617 5298
5416 2055
4411 5946
2208 4985
6957 3082
1895 324
1482 4881
1952 858
1798 391
2909 2588
1453 2608
5713 4678
5687 3457
4126 5935
945 1643
4403 2271
1667 5011
3504 3148
6924 1040
6759 3447
2645 1202
6760 6301
3527 1819
6075 6198
1744 5416
6078 3463
6847 2513
5611 4751
3398 3102
4167 1398
1493 5016
6474 6846
2047 6356
1176 2865
2415 5062
6809 3160
5966 5100
3760 3868
2103 222
790 6212
6800 2293
6655 6076
545 6381
827 5313
144 6037
4246 6767
6775 3926
6639 655
6272 5557
551 3917
1726 1403
4365 5146
1075 6546
3248 4632
6703 1579
6070 1666
3116 3015
6639 4038
1107 4549
106 268
4531 6347
5768 4711
4144 3457
313 2998
5571 3416
414 3804
3857 2646
2176 858
99 2480
6878 3273
4175 1989
2047 2168
1504 5124
2022 4555
2015 3384
5951 6266
5445 1964
5510 6523
6874 2750
1356 715
580 1248
1423 2691
4805 4263
3091 3493
5147 994
4961 4776
1143 3805
387 4236
5714 287
607 6454
3878 840
5345 5116
3246 3781
1069 4041
5298 4546
638 4986
6299 159
4869 2154
6209 3649
2682 5136
70 6222
189 1218
13 4934
6670 2546
4549 486
4894 3150
4672 4269
5444 7000
1251 490
559 5632
308 1849
3914 2375
5013 1529
216 2260
4605 6430
5078 2678
4199 5742
6060 2775
251 4698
1982 6603
5483 3895
2512 3385
6405 3187
333 6982
5684 3427
1981 6378
3137 6066
5348 1226
6117 6692
5243 3684
267 2198
1199 2178
2720 301
333 3949
667 3071
5711 2217
3061 6229
1287 5408
203 1624
3905 4864
6264 6338
453 5182
3084 4900
3872 220
6019 3501
2554 1702
5303 4085
1031 500
6731 2017
2226 6532
1157 2302
2339 3211
2502 4895
3648 3895
3920 2139
1623 1543
4486 4994
6533 4661
1932 3052
911 3000
6446 5416
5047 6724
6659 6463
4784 1426
181 2400
437 6527
406 4962
6000 1165
4043 3643
6428 4086
4968 6616
3786 5707
5879 6473
1669 4520
4881 1709
2971 3279
5710 4974
47 6722
4405 5163
6389 344
71 700
6273 2613
5655 4486
5082 4624
6298 4363
6790 4825
1690 4993
384 2328
4676 6565
3983 2437
6952 6284
3513 3454
6484 4718
345 6537
5111 77
5016 3223
5415 6904
4665 2242
378 5896
4581 6678
1023 2436
5042 5575
3675 4886
616 1523
3164 5902
2801 1878
6192 530
553 6836
990 3427
735 2154
2970 6036
2539 2817
4712 5067
4810 2192
1448 1272
3034 6960
1389 4075
2755 1129
6542 535
6793 4318
3066 2711
1872 6703
4021 985
5292 4595
2497 5974
4828 5400
387 5204
4764 1443
4012 118
4113 170
5575 4102
6509 4909
592 5609
2276 1252
1488 3680
5980 5319
3824 3450
1460 1632
3194 3054
5405 2378
3815 6370
1702 1919
733 1303
4313 3614
639 1641
4155 5657
2355 5867
2808 739
1228 4665
1732 226
2133 1324
6603 4170
3691 4210
2349 6052
3844 5206
2304 2145
4122 6648
5179 695
4177 4857
4428 1470
474 3644
345 1544
3333 5441
5632 448
5138 3323
1251 303
654 2299
1519 1057
5347 6880
123 6046
3542 330
5355 5243
6778 5083
5821 320
1898 1053
1865 5077
236 3479
1614 1294
3200 6982
3451 4349
555 4922
4595 2522
5942 1778
4226 6597
3636 3348
4566 1003
5371 1962
820 3126
1723 4620
1322 4276
6623 1358
2593 4476
4435 705
1720 4322
3652 4231
4030 2871
5926 3123
1413 1361
3653 669
5200 13
4078 6325
4678 1594
6135 6680
748 4162
5147 6768
4617 3570
5172 2102
4731 3857
6099 1738
404 1319
4237 1070
5068 998
116 4070
4911 2512
3395 2481
489 2366
5009 3801
6841 1594
829 3188
1541 1704
240 2793
6341 4654
5097 2867
890 6847
3851 4417
4186 6393
6400 5234
2205 4313
6899 2703
6902 6384
418 4004
5898 1051
1381 4051
4177 6280
2217 4323
6026 5932
6293 3832
3278 741
1184 504
2400 6659
5516 4140
3701 3318
1032 3116
6472 2262
6919 3705
2435 2681
1148 4230
5762 4546
745 53
3324 5997
6691 5009
5328 1056
1554 1885
3235 4427
833 6289
4781 136
1756 2019
1582 900
3282 3492
3251 1927
3531 4196
6373 2606
915 622
5500 2452
4497 3760
3807 2559
68 6607
5768 954
3968 1164
1256 4298
5554 2688
5927 5148
2847 3914
3155 1815
6135 1687
5959 3905
5732 4680
1400 1044
2836 5253
3180 3565
5270 6312
5389 1308
4920 1769
3915 6414
4073 1338
6287 5841
2015 3010
1765 2081
1374 2425
5435 902
5596 1759
2788 2179
5343 1313
1117 5243
2628 4930
4811 3704
5382 6903
4757 6851
795 2748
1612 5222
1851 4484
6682 5589
767 700
6863 2217
5211 4577
4531 4818
3127 5028
5871 651
53 4740
3224 1928
266 5787
5211 1544
1138 5716
2943 188
4906 908
971 880
2961 13
1619 1855
4552 6045
3308 4258
818 3267
5081 2602
191 890
6636 2561
686 5033
1560 1625
1398 2795
5904 1888
126 3124
4238 4542
3390 2755
4078 877
4014 3336
6065 493
5349 323
6658 1007
646 4853
2765 6086
430 3508
4587 1693
4181 251
6216 3291
2816 6805
5930 3459
5491 6041
3277 1538
6324 380
6888 2408
3677 1657
1068 6424
6302 2284
4112 1585
1761 4136
918 3447
1508 6696
4211 5728
2057 522
4887 1581
2939 1893
3178 4161
1779 4715
2118 1929
2498 2150
1894 2975
713 4920
1124 6706
158 4109
5600 6334
6202 4682
1524 409
2114 1406
5546 3065
95 3006
1138 373
2581 6507
3889 3583
5979 6330
4544 811
6409 5914
1328 6886
6185 6206
5096 6242
5836 6052
1830 5784
1515 296
1637 1225
3760 4112
2036 5660
790 6456
2197 101
4241 251
132 4766
1229 841
1607 5897
5519 4251
4710 2392
1780 1129
2497 6405
1568 3690
3741 1776
3987 5215
3796 2237
1627 4270
3862 3988
1403 4562
97 6061
1212 5748
4147 6601
6943 1660
3168 5297
1750 2391
3333 3644
1678 71
5886 6115
5356 2917
1206 1015
4822 2983
1895 1991
1668 2766
4417 5149
5654 5765
4909 5611
6220 2204
3854 5975
3594 4358
6457 1393
4029 4286
1300 1781
2162 3274
2093 5389
4033 5159
6330 5755
638 1847
947 3356
5610 181
6241 3431
6886 6387
2805 118
4331 1591
2159 5605
5232 6422
5423 3738
4523 1761
1598 1596
3895 1438
4304 6561
2611 252
6824 2476
2968 5185
29 2678
4948 3630
2587 5493
6389 5931
3149 6694
1062 1212
4043 4692
2577 4024
3856 5997
4353 6803
237 3731
2716 3809
4839 2532
1480 6047
5272 5797
1325 1972
2326 591
664 2263
817 3259
6894 562
1076 4651
572 2674
1780 2552
4302 5710
3999 1737
2153 1602
4121 3420
3307 6879
5640 716
6421 1281
1555 3373
5858 2107
336 3336
6633 2103
905 5708
1280 4831
1438 6171
2090 3882
2959 130
5543 4166
2707 3292
2387 3876
2576 6781
1588 6115
2729 607
2706 5319
4158 1393
266 4445
5710 1835
1520 1258
1544 5816
4128 3436
740 1295
1273 4010
76 2069
1643 3543
609 4784
3007 6186
3121 838
2575 3523
240 191
6243 1517
4722 1142
823 2269
6709 758
1757 3830
3524 1228
2166 1783
500 303
3306 3220
1897 3086
78 5498
2744 6900
1283 5078
2871 259
1566 6864
3041 4642
2053 6982
5353 6270
5482 1954
5454 660
3021 203
772 5313
5259 3602
3824 4499
863 4677
6318 5609
3789 6198
1734 5135
5161 34
1601 5545
1730 1229
3039 4165
3541 5315
332 5391
6181 6250
1908 3194
700 310
6662 5799
4029 5254
6166 1431
4392 2862
3893 6147
756 3625
1286 407
3275 850
5818 4131
1093 12
4807 4767
3830 880
2641 2964
2768 4991
2207 6644
1128 2450
2530 5577
813 1126
1594 1691
1470 6351
2824 5300
1487 3322
122 6870
3675 942
3109 2251
6154 6682
1744 1635
6255 1072
5033 764
2538 2435
5103 1503
1763 2816
2012 5772
3626 676
1387 6474
5155 5076
3095 6675
3408 4920
662 6218
6486 5327
2499 2857
735 4976
6609 1196
3596 1184
1807 1583
3744 1836
5578 456
5330 354
4211 3931
1279 2595
3889 1436
3899 2124
3147 799
6815 4455
3551 4824
6975 206
1397 372
471 3590
589 1367
6248 2129
4534 1359
688 4756
347 4463
6428 4948
6252 3002
5096 1062
4538 2232
3719 5347
3039 5588
6714 4753
2103 1702
2257 5552
3222 1508
5345 985
1264 1132
3631 6631
2934 5013
6397 5985
5246 4389
6695 3198
265 2559
5932 930
5607 1170
596 1383
1745 6316
1869 1656
597 4237
5824 3090
1213 39
1973 6143
3807 4763
6918 1900
5149 3675
2625 3854
2564 5830
1879 5727
3944 338
4704 26
3057 3484
2434 4259
3143 2504
1863 1060
1300 6050
6126 6057
4634 4168
434 2903
4608 2947
5059 3408
1509 3191
5404 6826
1491 1831
4944 2115
5648 770
775 163
6580 750
3159 3387
5996 699
1414 3304
4148 3901
6902 6628
39 2000
4779 1489
4493 903
816 5075
635 2785
1313 5881
2751 4501
6478 3856
6574 4318
3489 1986
440 65
4607 5354
756 4243
3060 6010
3615 3788
1091 4721
3990 3665
683 2452
5849 3281
1119 5234
2182 2479
5286 4861
924 2514
4733 4123
1297 1564
3948 6822
3521 1093
3636 5015
2509 3813
174 6897
2385 2057
3856 817
5279 657
898 6928
4097 6164
6254 1465
3197 1935
3348 1350
120 4382
1895 5805
2666 5682
6797 4898
5369 550
4252 4200
4439 6278
5311 6207
1942 4870
4055 2905
6238 6597
6618 6064
5555 151
3817 4245
3903 3265
789 2447
1253 861
5857 6905
5991 2933
4957 4928
6385 2860
261 3459
2490 2608
993 2627
5765 4283
2580 4753
1064 4722
1556 5184
5420 6500
2646 6504
2644 5677
495 5733
873 5127
5221 6290
5061 4877
6315 5100
3476 6961
2977 5328
2194 1684
2266 4004
5872 6782
1044 5948
6806 1173
584 1991
290 790
2480 1489
3629 6
241 5035
1257 3962
417 6200
6105 6202
2194 2034
6012 3005
514 3100
1834 3219
5323 5412
1216 4338
1369 1170
668 6950
1002 6072
1253 3439
6848 244
621 6380
3233 6048
2271 3193
3489 3759
2797 2485
997 2695
5009 4663
3760 1778
5434 3149
3608 4390
1681 3327
2209 5698
996 2470
5253 859
1211 180
311 2367
4002 2065
5479 6275
5379 2661
5551 1455
3725 2696
1977 3096
3164 4349
2285 997
5958 4997
1129 1309
5497 4602
3413 5053
4595 5962
768 2993
83 2890
518 2818
5399 6696
2281 6890
4497 2394
2186 3620
1847 4154
4988 2631
2221 6058
2904 3082
872 5975
4861 6239
740 6987
6600 6507
4224 2420
4110 5516
774 155
6599 6282
2456 1387
5503 6645
3729 1660
2826 3549
4911 5952
3812 382
1487 4908
179 5580
5561 1338
1445 4682
3661 4350
1319 6263
70 4132
6291 3843
4209 957
977 5745
4339 6665
5328 763
2305 63
5323 419
2124 1937
692 6515
4173 2431
4494 6953
93 5432
2489 6007
6787 1391
4350 788
1547 1552
4105 6619
3326 465
275 4133
4454 4521
1498 5043
2890 3318
1248 4868
6005 574
4601 1538
2949 1646
1703 5448
777 2250
794 5637
4779 3530
5909 4249
6523 5640
3756 6815
368 510
3847 6179
767 4945
4833 3012
237 1747
1295 900
5555 6380
4368 963
3462 5587
6984 1504
5208 2108
1873 3765
2246 2061
718 515
2438 2231
3173 2451
473 4848
184 581
5421 6538
5328 3341
4516 1965
221 3092
6967 5657
3605 5491
5625 3335
143 957
3458 2031
4561 4367
1641 382
5464 5861
1276 6111
3633 342
4161 6877
4469 614
1203 6572
1301 691
1390 6398
5869 662
5614 5805
5834 3859
5858 5384
2310 1830
5292 277
4715 4403
16 5669
3712 4957
4594 6328
6332 2234
4460 3130
2490 4649
5554 1940
3767 1631
5200 4071
6659 3568
1003 6487
4740 2366
5910 5924
4953 3413
4824 5477
3671 5306
4894 6216
3022 4860
1771 1902
5873 380
678 3694
3047 5856
6677 1114
3972 5419
1838 6507
448 4171
5871 2936
6580 1181
6559 6720
5375 4984
580 126
6332 1079
3783 5897
5989 713
25 5731
447 536
6424 4051
1226 4438
6243 1761
2948 2817
5116 559
4283 3968
1312 3458
3283 4793
1874 4659
6948 2516
852 1753
6521 951
2417 5810
6710 3856
356 1549
6015 3065
1318 240
6858 3754
4671 3326
1350 3161
4612 6129
346 80
2082 2329
934 6666
3207 2704
5643 3836
5600 3008
3702 6847
3459 673
5200 3266
3307 3285
876 245
6910 130
5695 3245
337 5629
6156 4394
2235 292
3740 6550
624 2653
4256 990
1427 6949
312 1600
3424 1591
2194 2920
5442 2772
249 6913
2847 4239
4220 2464
6307 5694
1288 1128
5838 6155
4377 5831
1913 6815
6144 977
1577 4614
3623 1427
2382 3321
4025 4625
5326 1284
1566 5953
6664 2706
4303 4569
2343 2612
6908 3066
1539 5261
450 379
2967 3193
3333 6734
5890 279
4430 2809
6290 1152
6004 6982
876 5856
6437 3831
6189 5981
5325 3661
2675 5421
3482 791
459 91
4509 4795
2984 6930
5339 4498
5272 3276
459 3474
2322 6996
2007 5672
1855 6032
2037 1350
196 1559
6866 5792
5525 4072
2625 4903
4676 2060
3735 4246
2747 6586
5013 4863
5696 4893
2303 2408
2125 3799
2736 5673
90 759
2870 2455
6502 6454
3202 750
5380 3344
6906 4817
6443 2841
2491 5842
2859 3794
5662 2276
2184 4379
5818 6953
1002 3470
3108 4498
5777 536
2084 765
1925 6370
5590 4093
6684 2903
3454 4354
3819 2789
3418 2445
2420 4097
173 2864
2136 4338
6652 3365
3562 1443
801 5816
2107 2819
1487 3111
231 3219
4121 6510
852 2371
5611 5320
2779 1182
2938 5376
4610 5920
6759 4366
821 4189
2777 3738
4859 208
1151 5821
3057 345
1126 1038
4851 5982
1188 2670
1026 3840
5415 1594
6134 1281
5511 2056
210 4974
4301 5515
5251 6855
4731 4345
6467 178
6964 984
6525 4320
3450 3430
143 6381
4966 1209
1017 2973
6870 6984
6443 5419
3081 5253
6252 2441
6095 1703
3915 2446
458 4672
1232 4066
4260 5864
6328 4156
6548 2210
5514 1199
6122 3499
5484 2488
134 5487
5361 3586
3336 1234
1505 6295
3375 5326
3612 6767
5304 19
120 4276
1217 351
6124 6204
5950 4331
5377 4469
3511 6311
1675 6864
5441 5393
1303 5006
680 5781
391 5678
671 1531
2880 6444
5743 3479
2231 5998
1295 4364
5959 4043
6654 2582
6030 6138
6266 1719
2152 228
6262 4983
5121 4075
1979 1209
888 6834
4703 1872
128 730
852 761
5084 4193
6161 1144
2439 2887
1969 3904
873 5021
5660 3602
5324 3653
4799 4963
2490 2852
4225 1466
524 1080
6189 5794
2092 5408
683 5274
5638 1719
5285 4075
484 900
1548 1753
3814 30
3222 2370
4343 6009
5611 5938
2223 4551
5645 4768
5335 3788
4311 4219
3774 6266
5026 6416
2161 6302
3556 1842
4234 1528
3122 5522
4170 3987
2611 6538
3702 1667
6754 1607
6470 1848
2495 2391
2674 4608
3854 4690
4384 1472
3761 2247
4948 3500
4511 1247
4385 4326
2637 4726
938 5742
4727 1811
6874 5092
6341 2377
5568 6591
6621 4646
4758 1124
1607 424
6125 1032
5960 2685
2957 3361
1737 6132
4158 2068
1515 1589
4782 4901
3631 3305
1231 1830
798 1948
4972 1992
982 4509
3408 789
4303 2422
6116 165
782 691
6803 6730
5031 2572
4515 3244
4210 4860
2321 117
4055 1539
5328 1812
5615 6006
4742 5852
3338 6062
2906 6405
597 4294
5852 5195
1942 6887
6784 5175
412 2262
2301 589
6881 2075
3892 6621
2030 5953
931 383
3675 2422
6313 5940
1208 6518
4632 1900
6182 761
4690 1124
5848 1639
923 3124
4221 5749
1630 4706
4658 6504
764 2313
2940 4080
2188 2755
3817 5107
2938 1001
2406 4146
6678 561
2650 4506
1134 4475
5896 6941
4833 1028
5511 714
1536 1257
689 3078
6609 6059
2457 1078
4554 5750
1498 1904
6565 5760
2329 1832
6881 1270
6000 3507
5659 3214
2211 1022
1433 728
614 3843
4750 1151
1393 1329
2200 3115
3920 4831
59 3032
3999 2680
1788 1858
898 569
1488 1566
1328 153
1825 205
4593 386
1301 5123
4741 1038
6277 2445
3808 3085
2261 1489
2696 663
2878 6561
1288 4137
6520 3334
135 1714
6320 1768
5857 546
3528 6828
5897 3328
3213 5504
4522 2024
625 4732
5260 5925
2990 2988
1128 2320
4695 3672
4445 3497
2115 6925
6879 3802
1394 749
3422 6782
6409 1409
6115 962
6808 5090
4626 5006
6563 5259
2172 262
6557 6942
2920 2599
1832 6987
4093 1510
5347 1733
4678 2163
6739 8
3225 202
3309 4811
1072 5020
4936 6336
4363 6474
3056 3584
141 4107
6323 1234
3957 2753
3368 2358
6606 768
3643 4283
3049 5796
5790 1902
5695 4294
4943 2969
5189 6408
5727 799
5037 6768
465 2891
802 2284
3880 2691
5103 3601
4604 6886
5691 4525
2759 3189
5159 4664
4340 1363
1162 3758
303 1782
2469 2861
1975 2326
6955 3931
699 5165
5644 922
4714 6650
3895 3349
3311 4052
5546 3016
570 6448
5952 2206
5833 794
5318 4320
151 4020
3798 383
5381 2390
2423 6249
3890 3355
2290 243
591 505
6909 903
3825 2179
4785 4207
6466 6749
51 6418
4838 1589
6269 3202
1451 3056
2815 4945
6710 6328
2009 6767
2353 4325
6233 6928
2754 5423
2220 4735
253 109
1727 4802
6424 457
1933 4678
4271 5275
4798 1759
2468 5187
3175 353
219 875
6941 1134
6189 6225
2010 3585
148 2163
3632 4012
5781 2458
1152 4463
1367 6337
2922 6296
5871 4603
5912 4604
3381 3612
1395 1188
6963 334
6338 282
3623 3899
1974 3524
2972 2626
2421 4967
883 2733
1232 2887
6244 4030
5179 4460
5898 3393
3568 6821
3069 5942
3941 5871
4650 4116
1868 95
563 6700
5673 4214
230 4016
997 6403
6508 5015
372 6351
6136 3157
3051 825
3078 4900
810 3544
2150 5793
6376 1863
6699 796
1967 6086
4885 2828
2201 1594
2610 6717
2302 6564
2985 5840
86 480
5029 5990
4662 4476
4312 6349
3102 4146
3868 2925
806 6404
2231 4819
2702 6656
6126 1284
2098 5229
3930 3022
2875 1888
6801 4082
6395 3394
3274 1405
3900 5065
610 6465
877 3611
1868 5706
5120 2294
5391 6729
253 4915
1414 4947
3897 1761
6070 601
2718 1123
691 2108
2241 969
4691 2561
5599 4399
3572 5384
3264 1067
5664 2542
2155 5332
6658 4154
2921 4111
2324 6107
3017 4573
1795 6517
5408 4050
3825 2797
251 4438
6753 227
4941 3086
5932 263
3726 6201
5742 139
6462 6844
4215 6365
4220 6709
5307 4348
4407 6535
508 1246
946 4855
1218 3099
4930 4775
4576 113
4333 355
69 1549
2423 2679
4573 6231
8 3525
340 6738
1310 3038
4326 2567
1112 2299
1702 6302
6158 5278
6970 992
497 3689
5784 2593
2231 2859
398 677
4747 1284
3606 376
901 4681
2630 5759
5162 3189
3378 3932
2471 4948
5243 2619
292 2129
4614 5077
2905 4651
2385 2895
1413 3516
6860 6085
2939 4235
387 2366
2741 3496
6894 5669
1435 831
5239 2096
1352 5492
4423 4728
5956 5120
6691 4586
3305 5524
2002 124
5768 5069
4677 6530
596 261
369 1036
4074 1541
1085 6087
3024 3003
3893 3415
5916 4940
6403 4304
585 4983
2400 3553
2797 745
2544 299
1663 2536
6253 4710
3039 278
5444 2097
275 970
4351 479
4593 6428
2033 534
3903 5981
2602 3660
5905 213
824 5349
349 1858
75 3541
3688 1074
5267 3339
1810 5565
2025 3275
1407 4394
3709 3082
2251 2275
4980 3282
2084 3855
3118 1860
2517 704
1711 1772
4603 3709
2228 3984
1493 3764
3907 5699
1455 1028
2265 79
4813 4458
6375 5588
4009 2943
3778 6228
6486 1440
2219 3117
1174 4923
1549 4046
2168 5781
1578 2532
1077 4990
110 5201
5265 4740
4028 4124
2042 946
196 811
509 5472
3098 3436
4177 1214
3430 5895
6816 4957
5324 5320
5768 76
4367 6973
4336 5408
1774 5103
6287 4613
5702 1708
4145 1676
968 6925
322 5996
3983 6983
6137 5019
1860 1090
1550 6526
2051 658
2665 6213
4765 3986
6195 2745
1047 1741
4290 4659
4846 2662
3168 3801
742 1105
985 863
453 1002
2449 4868
5041 2349
6777 4598
110 4046
5378 5906
638 1
6780 1863
1109 6002
6835 2324
2074 2712
4216 5649
138 5313
3008 3519
3537 2328
4397 742
1630 1917
2192 3118
4862 6928
6099 1128
4932 1251
3552 6773
5792 6081
2776 136
3345 2508
1499 2373
4106 1697
69 1362
5270 1246
4298 1867
3577 1353
1966 4468
937 4555
2828 3709
5236 5799
869 5360
3047 1538
4413 5008
4230 6055
3736 2514
3390 1877
4171 2442
2258 331
1728 4303
328 4632
2503 4299
3380 4572
2874 5932
1327 172
6485 3392
6273 5199
798 6998
5839 6627
5514 6867
4019 1297
6388 3459
3279 733
1109 2164
670 5500
1166 2698
484 2112
5391 1549
5045 912
6352 769
3065 5850
572 1178
5419 564
405 2758
369 849
1246 1122
2268 618
2314 963
5912 3880
4981 338
27 6747
3991 6015
4884 6821
6340 385
557 3529
3017 5809
3010 4638
178 500
6511 1930
336 1840
1796 4191
1956 6358
2357 286
428 4812
6612 2012
335 1615
6061 4353
51 1856
6766 5862
2576 5285
4904 4440
1542 4274
702 2348
4395 6256
355 2240
3228 6379
5243 1627
6361 4995
1091 3062
812 3647
2718 4587
328 794
199 5110
3585 4172
5949 5990
2308 5655
6396 263
4840 3085
5673 3840
2505 6923
2125 286
2925 5065
3704 4803
414 6203
5018 5831
5940 5123
6788 6910
5353 1391
1590 127
432 3776
5910 6412
6414 4225
590 5116
304 4530
4718 4034
4656 3156
4876 5374
6154 5991
3067 1334
6618 4405
515 5881
1922 2936
4618 3803
397 1661
3969 3357
6863 1957
6887 6515
3874 6503
2661 3275
3375 2618
4156 3183
5706 2044
288 213
5205 4502
5745 1972
6228 3846
2150 4264
6759 4236
4269 3245
5107 180
2371 2920
6970 4456
877 6620
3174 800
1778 5789
806 1492
5169 4441
5200 3754
6530 1151
119 4726
31 2627
5041 5195
4172 2531
1369 4049
1615 1072
2024 5441
2141 6780
3691 5641
3476 2269
2099 138
1727 4696
1293 1960
1795 3110
2006 1078
1438 1560
1386 1370
3908 4528
2779 247
5707 4093
1008 6113
815 5718
2905 2049
382 5836
2906 5657
2278 6088
3326 3799
3388 4677
5330 5274
5662 3569
1930 2372
1054 4953
1644 1786
3366 165
4641 1265
5449 6659
1428 441
1464 98
1638 1971
2238 5908
5101 2943
6429 2923
5534 5454
5966 1701
2456 883
3564 3563
217 4429
3473 3445
3876 3835
5495 5499
4960 1957
3170 2855
6921 352
1260 5179
787 2515
1752 5641
3663 6171
1664 3542
3560 3040
3281 3625
5903 3981
1658 5225
1570 3126
6427 2446
4839 849
4529 6285
6826 6881
5394 5043
1963 2828
5545 5212
2193 5734
6729 532
1992 1314
4616 2497
3339 4734
1594 4651
348 6201
2495 3066
217 3274
1557 4769
6720 6081
5219 2194
5878 1830
2489 2470
1075 1992
524 4333
2599 6048
5847 5900
2480 4636
3657 5201
2507 43
3594 4098
5960 327
509 2520
3840 1121
5799 5105
4689 6516
1691 6812
6920 2328
2283 4472
1534 6828
3991 4673
943 5606
4150 2451
6113 3925
4119 886
6786 2513
2801 3122
6751 3458
4736 2548
5944 2426
3110 3877
4259 2394
2612 3600
6569 943
2861 140
865 2690
2269 228
2676 4524
1955 4010
1200 3168
4730 5362
4596 2164
5838 3878
5243 285
4664 6994
2040 3559
6284 5096
1329 2235
85 448
3538 732
771 3405
1824 2214
4716 4151
550 1716
3879 6660
2780 1090
3344 3118
4094 1364
4767 706
441 6684
2571 162
2717 6403
1607 644
2371 5766
5084 5486
3926 5725
3458 3405
5144 6291
5832 3659
1971 1860
6826 5271
6537 5168
3863 4622
3703 6619
439 2824
4704 2986
6013 5922
4614 60
223 5643
5202 6646
1835 6136
2298 942
3307 3586
3799 4048
3921 4977
5853 4886
5199 6348
1648 3277
5600 276
6632 4624
801 4344
5469 1513
2198 711
6243 907
1461 418
4785 4264
4004 3699
2727 5936
3596 2184
3097 5469
1574 4267
1820 536
1052 5094
3000 5536
6300 4824
5338 6133
2817 5829
319 1567
6373 3582
3900 6732
2565 2575
3504 5978
4527 6076
4869 3561
2971 6646
5012 3115
1469 6321
2937 1400
908 1558
810 1023
1754 3272
3089 4423
5169 66
3832 2252
5826 5291
683 2379
6665 2828
2835 342
834 2548
1985 1892
6759 6627
708 4129
6804 5646
3827 5291
3863 784
121 397
6070 2618
5905 107
4382 3069
2363 4669
6766 6293
6934 1905
2065 316
1211 5100
4002 569
5029 3819
5155 5621
5981 5205
912 1276
170 639
1916 3576
4025 4121
5639 5441
1528 2713
6263 1104
4150 3069
1808 4982
414 6634
3389 3910
3516 5183
4734 87
4238 2135
618 3431
3424 6348
1425 2965
1394 3652
6249 6309
4707 893
6712 1869
4475 1324
1455 4305
5937 5256
4383 1735
4885 2885
4751 441
4009 6220
2240 5743
1863 5793
3723 3382
294 1240
2950 6842
4010 6822
3280 2812
4971 6042
2562 317
5839 2065
2625 4049
3280 6195
3937 4250
922 1159
2940 2340
3972 6688
2384 4337
2814 3921
4899 6324
6769 5355
2929 2181
3868 3332
3587 3090
2274 3418
837 1236
286 4331
2423 6924
1344 2730
3486 6421
5260 4990
1218 4311
456 1544
6259 530
2458 2946
773 2914
6289 1870
1055 6010
988 4788
5879 3692
743 4957
5060 6807
2634 4111
6304 2932
5805 1299
5622 94
6955 6834
637 774
6958 4853
294 3818
5179 2907
3188 5801
1032 6938
6698 2455
5927 326
5114 977
5303 3882
1848 6935
6568 130
6447 2055
3491 2577
6696 2759
4695 4965
999 5677
3086 4743
4612 3210
1095 5385
6968 1003
5439 5648
4477 2793
960 4968
4385 3204
1988 5410
1021 6375
6941 5192
3944 3461
2357 4718
6180 6033
6994 2574
2107 4543
1694 1930
138 4752
3973 5330
1504 1806
397 6898
4903 5237
1605 360
3098 5103
4738 6890
1283 4281
2227 5776
4519 1864
5988 6213
451 6380
3156 2075
876 5620
4964 228
3242 1849
2586 6648
5266 6228
6355 4694
5949 4006
5758 6690
5102 5073
6005 6567
351 6149
6915 2816
6416 6101
3393 4647
215 626
5509 701
2926 5935
5228 6875
875 2362
4576 2748
1582 6950
4323 2302
3729 3815
6535 6732
5164 2918
360 226
2703 1167
2295 6068
4129 4688
4287 6028
1119 1941
3509 2728
6280 2426
3575 6731
5213 6193
2231 5494
6801 1374
6434 6276
791 6047
734 5513
1730 782
663 6801
1009 1022
2168 6643
2407 243
5053 993
4189 5843
192 4183
6479 2262
6707 5095
6733 4064
6599 866
1899 4913
5944 2857
1537 3743
1996 1813
3209 2035
6311 7000
3197 520
1865 2296
5134 773
5378 3385
6341 2678
6506 1025
1647 4288
3424 3128
6779 6287
1726 2891
6803 265
2785 4898
5130 250
5876 4012
5036 6250
5277 2929
3933 3190
4903 6660
822 391
6372 4593
1720 1541
2444 5736
1410 561
733 4483
4620 1841
4809 3992
6770 4639
3962 5813
6582 5342
882 1573
2535 4319
4856 3057
4954 4346
5205 1713
6662 4547
2529 4504
2768 6772
6262 641
1372 4591
4538 1435
2277 496
5048 6610
1146 2558
1767 956
4573 3873
5139 6728
3212 747
1677 2194
3542 6543
462 5309
6969 1442
2115 5803
5160 4572
5098 2940
3066 3581
2730 4386
3881 3730
6281 1041
2632 845
863 2620
828 4319
4723 784
4931 1487
3346 3571
6142 882
765 3216
1260 3195
6325 3218
5984 2925
6978 4537
5400 3628
5395 3284
443 6356
6914 6996
935 6818
3681 2514
881 3549
5549 718
2376 2703
3921 1220
5101 6220
1713 4079
4818 2899
6308 1709
4095 60
5970 5851
2546 4053
643 2630
1682 1733
2014 4192
1735 4777
5594 6503
3725 4664
6922 67
1770 799
1760 111
5686 3059
5216 6328
1885 5475
6300 4450
5486 1493
4092 3145
3947 6174
827 5541
261 6850
189 5284
2248 6466
166 3580
171 3924
3366 5670
2220 4418
1036 2682
6177 2515
6581 124
6972 534
3926 4546
433 4863
5543 2377
6919 6535
3528 713
2549 6579
3301 2242
5410 2787
5193 4250
5353 2253
5389 1910
6872 5965
2489 5747
1861 6178
4853 1149
2743 6795
5128 3074
1679 3663
5008 5601
5290 4533
5963 3875
4563 4204
3187 800
5406 5647
5313 3204
5471 6796
2205 6338
5433 4060
5092 1515
1881 764
2409 3135
5081 2854
3245 3407
2321 1036
506 214
5139 580
5925 1489
4361 3696
4206 375
1996 4659
2598 3007
6827 2758
2534 5466
2025 3145
6918 2876
3745 4861
6295 3651
1097 3284
3544 441
5827 1331
4321 3516
38 6912
5909 5867
5097 3737
6198 3718
275 6101
6338 5226
1988 6646
4316 6555
1083 2073
2213 2792
6437 2953
6709 1197
3921 2993
5812 2901
5349 925
557 6164
6527 5098
6250 94
6580 1726
5062 868
2653 5723
548 5297
1224 4156
4582 4580
4931 5488
3116 4666
228 2848
4638 1479
6294 5654
5950 1680
5270 1921
750 5404
6600 3482
5356 941
1464 3993
6037 4308
5753 4549
6200 5992
1873 2700
5259 1008
1496 498
1580 5107
623 344
2302 2059
3981 3774
3255 2916
2787 1350
5159 777
5279 1633
3531 2033
3916 1844
4876 4626
1641 5733
1667 4702
2725 3101
2596 1001
577 6765
6093 803
4283 325
4178 2783
1915 1017
2438 3044
4117 4759
1851 3476
734 3716
5519 1470
4032 6341
5584 2619
4154 1608
5520 5078
1752 3470
2034 2402
5668 4976
4833 1142
4743 4632
5300 6243
1812 6904
3519 4251
4257 982
1875 4974
2305 3804
1298 1206
644 6832
5035 1249
5590 5443
3141 1043
763 1047
742 170
5784 5659
4781 551
6883 4089
4343 325
1232 3188
3556 5607
2907 997
2897 309
156 2705
94 1827
3249 4898
5916 4273
1747 2321
6265 2175
1279 1
752 2736
2865 1525
2958 1716
2493 6083
2025 3763
186 4045
6326 5834
5954 3976
6795 4592
3330 541
1678 2901
3517 6783
5299 5213
2369 4704
2551 6438
4253 3441
4101 5299
4075 4078
1807 2722
5855 6599
4157 6362
1646 1084
1424 2203
512 2875
78 6555
3316 4965
6903 1277
4945 901
5339 4238
1392 1167
4745 3499
5273 5870
5146 4597
6486 1928
4906 4356
1353 6874
4839 3134
5995 2822
6210 532
2344 2553
6213 4213
40 786
6082 5450
3408 4904
4208 3267
3986 4386
5235 101
326 591
5172 6168
4198 5208
877 879
4266 3622
1463 5140
2485 3882
869 6653
2051 1146
4348 5906
5385 4182
6128 1257
5185 2616
6215 3885
3942 3683
1953 1742
2378 228
1013 6782
803 3000
1011 5955
6177 368
1223 361
6866 1344
515 2718
5962 6041
3240 2071
3253 24
3451 39
1281 1470
5047 6415
3808 4972
6852 133
726 6321
335 5941
1114 5679
2710 5639
3178 1543
5542 3361
2147 6465
2959 6343
6003 1504
63 1254
1105 4812
4790 4665
5282 5127
6782 4625
304 6978
3840 2601
483 2779
1861 1348
1968 1245
3385 5404
3590 2426
661 4771
3850 6672
4554 5327
1280 90
1811 6896
660 1136
3841 3176
5305 765
4181 3244
6287 6524
2557 1990
1089 495
5262 3320
4544 6487
5413 483
657 1215
2269 1708
1083 3309
3257 5003
4131 5759
2787 6774
557 984
3188 702
5032 10
980 5813
3685 1508
1675 188
5835 2808
86 4782
1261 4520
5523 1001
4124 1555
4347 3290
6680 3543
1596 4998
3435 3962
1385 3997
5963 4656
4014 636
2866 4973
813 6989
1372 2257
3995 6221
2252 6965
13 5593
4865 5323
5579 3912
4010 113
3710 6237
2363 3571
2461 4106
1282 2714
4006 2623
556 2610
6106 6812
2421 543
6937 6740
5168 6263
1964 6683
1150 3726
5692 4728
2920 5559
5103 4333
4563 447
2357 6385
2331 5164
2026 6780
1041 2278
5557 2059
1818 6107
4259 3419
3185 6015
6483 2224
6713 5130
3160 1232
6551 638
3166 5184
1506 1267
661 3161
664 2678
2159 1832
3151 365
3524 5831
568 6353
2984 1945
5549 1767
4603 2855
201 4839
5234 6859
4893 6566
1525 2448
5318 5052
5328 5740
4263 6170
37 3684
6441 2348
2184 549
4176 6925
1358 241
6851 3909
3360 1643
3738 283
278 2992
4290 4960
1802 1386
6561 171
4508 6351
6285 5191
6469 582
3103 2926
3724 5488
1205 6765
6578 4689
3811 1700
2565 3250
3776 2645
393 3854
6613 711
6016 2707
2501 1545
2377 3953
3234 1315
3984 2567
2275 2141
1557 6062
593 6544
6195 5274
1341 4717
6687 4982
3545 2870
1874 5180
2772 6330
1712 688
5015 3657
5251 6408
3138 1957
3110 6325
6775 4048
4190 6957
4866 2810
6428 3940
6586 1116
5330 1224
5519 4129
6453 4936
233 1663
515 4759
4868 2856
3286 4457
6010 4366
2068 1639
6653 5721
509 780
4057 4334
378 2017
1848 2804
6258 1435
659 724
4026 1988
3625 890
3766 6787
1598 2629
4518 1696
5201 5890
2871 2902
5670 4648
3240 4462
6129 2718
2956 4703
2142 1746
4599 4509
438 2418
5195 4540
1549 4615
933 145
4417 1994
1927 1757
588 2362
356 2793
304 2603
2699 3734
3874 4226
861 1208
5160 3206
3878 4345
2880 5997
3475 3174
6980 3648
1035 2300
5238 830
3335 161
6578 3079
1194 78
2653 3739
5275 4095
3905 6141
6290 168
3251 5351
3493 4884
253 5647
967 4236
2997 516
4795 3643
5232 234
5863 3484
3184 6758
5207 1867
5852 3325
5343 1004
3770 439
709 2665
1715 5792
1366 1474
2527 1506
2551 6064
2709 988
6621 5004
714 6392
3699 5110
6366 4485
4230 4746
4617 496
5186 3622
2075 6485
604 5473
2075 69
3374 1563
1665 1891
4650 6271
794 4816
4932 5203
6240 3033
1069 6741
5985 1760
4840 5614
4778 4736
3782 799
3307 3724
4921 5044
5361 4562
1937 3518
1123 6977
4994 3048
1599 6906
756 5463
4170 157
1002 2486
2344 5562
5138 6210
1747 1142
5456 4799
1084 4770
447 1675
3992 4177
5138 3177
4073 3607
2670 6671
1957 4520
2640 2298
3698 697
5291 3392
3438 5496
4102 5476
4529 625
5662 5025
4815 6846
1814 1209
2944 1928
3555 3802
6829 1869
4052 4608
2850 5676
1754 6793
720 5782
1162 6881
5054 3829
639 690
1879 4987
5838 3911
6855 57
6412 5903
4519 5922
6890 2495
3230 4392
3822 2052
1127 629
872 5772
2056 1092
3446 2704
2014 866
5754 6842
3361 122
5816 1304
5756 1253
5871 1765
2674 3356
5721 4450
2667 2185
3605 482
4853 5394
5058 5826
309 3565
4533 3726
1854 2836
2568 1425
6155 4907
4692 1504
4532 3501
4248 3742
2918 2935
6928 4076
1016 2868
1606 6117
417 4037
4407 2274
4863 2325
1451 2796
5095 1894
1905 6184
2414 4341
849 3694
6841 4831
6113 1648
3988 2098
2496 6625
1405 5080
1601 2740
156 2949
3378 826
883 6661
2130 1549
3625 703
310 383
6703 1864
3771 6944
3577 3695
533 2118
528 1774
569 1775
1152 3853
2494 513
4302 4328
4691 3911
5040 4065
771 4161
6569 2049
6433 2942
4051 6180
875 2232
498 6446
4080 5420
928 6030
5601 3543
3230 554
6646 956
3915 4040
1821 6055
1009 3925
3944 2526
4245 5672
1323 5778
5652 2727
884 1944
6489 6607
4438 3034
3500 4737
3691 1299
2160 236
386 1667
1349 3966
5834 1428
3093 3824
6049 3302
2869 4116
1584 76
2521 6816
2430 1036
2582 1807
3674 6206
4205 5842
4298 6787
4518 4087
2863 1268
1436 6190
6474 2138
2950 3142
5073 2619
2446 1919
6646 3184
95 4470
1671 4552
3846 4219
3013 1212
6399 6690
1767 5014
3539 6920
6187 2081
2383 816
3229 5940
6121 3713
5211 1048
5498 4488
1171 1196
3784 6724
1703 4440
4714 3625
1006 2822
3344 3419
4149 2126
979 1376
4000 2003
3157 560
6918 5161
913 3008
404 1441
4610 5904
5673 3149
6793 3180
1466 713
1901 4805
808 2433
4791 5915
2179 6247
749 5236
5595 233
1985 6381
5841 3672
6682 4288
1823 1889
2547 1166
706 1375
828 806
182 6293
4282 3944
2539 524
3874 2429
367 5292
5095 2512
4563 2651
6669 269
454 1504
4560 2353
4460 5155
2373 6089
5604 3328
5239 2641
1623 4056
2521 5206
5601 778
833 6411
244 6016
4638 4114
840 385
4389 6793
808 5011
4342 6223
434 2326
4562 2025
2910 5139
3280 3918
1513 104
1482 791
2445 6500
2853 2353
6547 814
6141 126
762 1633
1916 6910
424 5021
892 925
730 2095
2934 6664
6642 1051
4959 2600
6273 5126
4582 6060
3504 5474
2909 1881
1164 1798
6050 6774
976 2501
3395 4026
4233 5125
6018 1574
5326 4464
3111 1234
805 3558
686 6310
2150 6151
3702 5839
2459 6906
145 4451
2951 952
6939 4778
4907 1255
573 956
356 2419
2735 6023
1945 1208
4973 3006
3748 4679
2693 5797
6339 5722
3570 6070
2419 4474
6897 1519
5395 1194
3662 2626
78 3579
4744 6337
1697 4489
3340 6547
6570 5096
4460 162
2120 2902
4248 6133
5082 6332
5889 5112
2281 1507
929 1126
2088 1085
1771 5350
2984 5572
2361 6347
1588 3391
3448 3986
4289 4602
578 3528
3239 3058
2852 2420
3005 3416
28 3061
4870 1349
3882 3689
1242 6137
2908 3483
922 6721
6803 6364
893 1819
6271 841
732 4345
3106 6851
5152 3664
2192 6696
6270 616
1194 1932
1913 1619
5796 733
6078 3829
6947 77
161 4529
2258 2031
6451 2879
5704 1144
1008 6845
2369 2801
5273 2089
6978 5025
292 259
6541 2772
3451 96
1346 6086
5410 4080
6437 1668
5 4366
4692 1585
5204 3423
4165 2068
2898 5747
100 6855
6804 149
4479 3921
4701 2802
396 3241
4532 6965
86 2261
6567 4343
1424 3683
4096 3402
4528 3813
1711 707
4194 4691
766 5403
3073 271
2574 3556
5941 4066
3914 5051
1727 4623
3848 1021
6365 3081
3820 5389
6831 4574
286 5705
4157 1776
6803 2526
1626 784
5705 6980
4992 2577
1680 1020
4589 652
4670 6498
6605 5924
3523 857
5352 6303
4395 1540
2454 3797
3119 6631
277 1805
1715 425
5940 3440
3765 4527
4417 2238
745 6754
244 2796
870 5702
2262 3977
2229 1585
1239 846
5678 4379
1731 1308
3821 4055
3004 1581
4242 5805
3872 4774
4878 2983
1507 4983
6791 4370
827 5224
3372 3670
4053 6283
3189 3963
4612 1551
2590 2880
4861 4507
1246 3895
1404 5235
5170 6016
1488 3428
2033 1242
1503 5214
6823 94
2149 2356
4107 3486
1891 3818
5442 1227
1887 666
2070 3002
6467 4781
1980 76
5350 5021
5643 1136
4371 3717
5711 5966
4563 3887
6680 2795
3621 2438
1095 5954
3557 4897
5114 4929
3588 4210
2882 5482
6141 2517
2285 5226
5087 6489
6474 1414
3122 1936
3394 180
2318 6837
1802 1093
1779 5805
5332 3287
2027 3655
6411 1065
846 5600
1565 5287
5125 5468
6379 1527
6167 4088
3763 5123
4446 2147
3792 3609
2921 4282
1245 2838
3666 5190
4354 2558
4502 5462
4856 3708
2855 5914
4722 1264
5251 4237
1321 4553
6579 4971
2570 268
1754 3654
1917 4584
6490 4899
6309 6773
449 1591
4900 223
825 3568
3285 5848
1028 3927
723 5543
4395 5191
2213 4353
3145 5087
4511 6305
4698 1213
2081 6119
6754 3632
1408 361
157 3819
6687 1656
5599 6798
5487 141
3739 541
6323 413
6495 4869
1804 6750
940 4430
5045 2425
4885 4422
6134 891
2941 1500
5074 911
2545 746
6557 4966
6877 4382
5199 6275
6772 424
2983 4355
806 4615
3731 2528
152 3825
6334 6614
2201 155
5404 264
2255 391
3414 3760
3250 2605
5545 2374
6980 1477
4335 5833
4583 3683
6202 429
5700 33
3091 1794
2958 2204
5857 1148
122 576
3417 274
2401 6982
2515 1634
2029 5124
6105 4633
5009 2744
3078 5689
4046 6080
5469 3668
3134 6752
1370 2455
85 4831
1889 4740
3503 1896
2792 6988
2190 2224
923 5149
892 3584
5558 6342
3562 2476
2323 5197
6966 6251
3969 4520
1732 3975
1939 1824
4158 255
4994 6943
5051 1815
5436 1626
3409 2611
5112 4720
3801 5875
5 2219
199 5468
6641 1206
4237 2241
472 6566
5505 2170
2564 3724
6423 5450
4171 3873
6724 2180
6536 2129
5235 3972
5629 3899
6307 579
3793 1446
286 5063
2296 1465
3173 2492
812 4355
3207 1322
5261 2160
5526 3397
5647 4855
3575 2657
5626 3978
3102 747
5992 1857
4969 5142
4461 3423
326 3307
6611 6975
4400 6153
4708 4054
255 4595
1072 4817
3457 1096
5914 3105
812 3200
3991 4413
4263 2657
190 6829
4364 2709
6162 6590
873 443
193 4094
4331 1071
745 4607
4850 3356
1558 3929
6100 1925
5097 3233
4388 4988
5250 4229
3939 466
3448 3612
5502 4450
4662 6688
1448 2256
267 4955
3288 2576
3183 5034
5347 3758
3100 3279
2262 2180
1510 101
1632 1784
205 1044
6399 3096
4893 5281
6421 411
4862 3716
3279 1709
686 593
4300 980
3016 6210
836 6953
3372 1873
1412 6332
3031 1580
2248 4352
4791 1971
1411 6861
6413 3152
530 2682
910 2149
34 4730
588 6070
2957 1816
3167 3346
627 5998
4046 282
3041 4927
3333 4547
5441 2238
3646 2792
3852 6832
428 5788
2045 5871
206 491
3232 1462
2413 4577
551 3909
300 126
3502 3043
5594 201
5098 2249
6485 180
6118 5082
3592 5188
3124 2868
4781 852
2597 3351
4555 4481
6640 6884
5017 6232
3504 5718
1407 1800
6044 3820
6671 3164
4059 4250
315 784
6817 2989
4174 1756
6013 1474
2737 328
252 6097
6656 1351
6788 1470
1431 292
5944 556
2699 221
6959 2291
2105 2488
4880 3086
1513 2576
5718 4185
1149 6995
6459 1187
2228 4773
3508 2053
894 5722
3785 4805
2981 3290
1422 5841
1921 3310
1411 1518
3286 6555
1662 5301
767 1416
5997 6202
6639 3225
2095 1396
6541 6854
3590 1304
1382 5661
797 2756
5489 4483
1571 6314
3279 99
792 5795
133 6913
128 6569
878 5569
5482 6695
4639 6006
6413 4575
4701 468
5604 1962
67 2129
937 6149
4103 2239
4476 1289
1929 6180
1518 5148
4262 6433
6659 4227
5069 1803
4128 3989
3668 6448
3482 3060
1744 4148
4602 3091
3043 6396
3139 6104
6274 1383
6549 3308
979 1083
3601 1439
4628 5443
3441 26
4936 5596
4366 2999
1914 5498
3559 1967
6057 6229
5735 3734
348 1216
3348 212
4931 2219
6615 4278
2790 2136
784 3998
6737 2955
3624 5745
3252 3887
1786 3219
6209 6219
5552 1748
1314 4163
3215 4005
5331 6475
2781 1269
5727 59
1095 2547
6752 3236
5857 5767
3885 43
2732 4036
3458 730
958 5467
2740 4651
5949 2323
720 6807
5732 3786
3048 2552
4388 4801
2335 6817
5539 4145
1709 1659
1332 955
93 3676
1919 4687
4038 258
361 4430
4721 3698
1851 3240
1959 1053
4595 5279
989 4753
3569 4883
1292 4939
2104 653
3141 5345
1018 206
6427 6455
830 155
3213 6187
5429 1691
5403 470
3278 920
3622 4894
3004 6013
2433 2814
3369 284
4618 3169
6682 4695
662 1510
3284 1866
3437 5114
5553 6830
2491 540
1910 4170
2192 3102
1776 1726
2185 6095
5793 4038
2240 140
5815 1353
844 211
5608 4258
5234 5737
5475 4668
86 4733
3107 5360
6911 6625
3487 4827
2169 4811
1298 1320
6212 1928
3691 1624
2644 6767
2176 5201
245 5894
3633 1619
1947 2897
4557 1738
6891 681
4721 6276
3040 3734
2971 5849
6302 1040
6706 5065
6957 2432
6585 6990
1728 1254
5269 3637
2103 377
5186 1882
6234 6009
6918 6641
1821 664
4362 1620
3641 1106
5857 774
4740 260
288 2157
3617 6347
2838 193
752 6233
5969 4398
6129 2401
1143 227
6958 5666
2706 3457
182 4390
5036 29
3826 1236
715 4853
5257 5101
209 2049
5772 851
1986 4299
1270 4883
1363 5074
1523 3077
5318 6508
5223 3238
5161 2360
4438 5937
1322 2040
3130 5855
4245 5542
5114 1790
5246 1909
2557 331
1474 5063
5464 3300
822 936
4213 342
915 6762
2149 1445
2436 4885
3365 1938
3738 6650
4961 1898
5415 5286
5795 5507
5129 2448
2579 4412
6192 1945
3790 3807
1930 3966
1957 1625
3910 2411
501 1645
186 6737
4604 3731
1025 5028
1302 3616
114 2138
2729 1323
4537 5138
4809 3382
6516 729
1574 5243
4129 3623
1670 4951
677 531
1040 4555
392 6963
946 1887
5175 2392
1496 75
6172 3521
5950 4640
4028 3921
1559 3807
597 952
3434 3182
3367 1960
2938 5230
3055 6569
2272 5177
1907 4490
5701 5067
2719 204
5613 5220
5981 920
3866 2058
3833 6082
471 5916
3914 4758
4444 1540
896 4402
3203 5686
3958 5030
1871 1800
4166 5733
582 6686
2770 3552
2388 3258
6149 1443
1264 6491
4096 3459
1116 3587
4251 1118
455 3878
3882 2941
2729 518
3849 549
2106 1293
3909 600
3071 4419
4064 2423
609 1312
4241 3813
1736 2514
5930 6216
923 3165
3875 5153
1946 3263
3718 5169
879 6276
855 1718
4707 1519
1721 4084
3703 2602
1834 4927
510 902
5634 5292
3362 5692
432 5183
4785 3280
2608 1288
931 6035
6535 674
1762 5963
1079 271
5621 519
2233 5548
3998 6283
6491 3785
6093 2958
986 2709
3197 2033
3500 1842
2094 5389
5053 4384
4561 2424
550 3310
2997 467
1074 5939
5733 1110
6946 2086
5012 5514
3895 5000
2087 1185
4203 2901
1324 6087
3993 6289
5178 299
2807 1474
1305 1149
3211 2089
5138 900
4639 21
6256 104
5196 5042
4480 4872
3771 6627
846 46
3215 2208
4818 4867
432 4378
1120 2500
4392 6156
3939 4898
6154 6593
4853 4272
227 189
1794 909
5159 5510
5375 6074
769 4121
6483 2338
1637 6560
4500 3595
911 40
4398 5570
2660 6658
6516 1697
2973 4903
5578 3400
5397 5274
626 56
6639 6234
4110 6069
5139 6736
1135 2377
1780 3081
5259 4586
4273 1337
5634 299
498 4974
4896 6978
5040 5976
434 3269
4419 1162
6569 3960
2054 1371
6761 4130
4352 4821
3261 4030
4195 4837
3603 761
1364 4307
6744 5654
3788 6176
1830 3548
6902 578
1236 5061
5847 1696
4849 2594
5400 253
1177 1448
2734 1480
2383 6915
5846 1471
2508 5863
5211 731
331 3871
3564 1937
2416 6274
4749 6527
2409 5103
3813 4893
6578 4803
5516 4750
2245 3948
4588 4889
6477 3970
2115 1623
2405 4580
2400 4236
3210 3287
6231 3914
6854 887
6723 3622
1713 1054
3297 5915
2770 6398
1340 1977
1302 5657
500 4215
4382 475
338 6139
3072 6736
765 5452
3884 2450
4171 5890
434 5847
6757 6589
2488 6685
4935 4596
6434 6902
6187 3992
6469 2924
4449 5080
302 6859
6902 6189
3041 2138
5565 1959
4345 3976
3722 4751
2289 2311
4630 927
4091 6311
5744 6805
911 1463
3898 254
3433 3867
575 5678
4837 1405
17 6848
814 1530
5700 6506
5767 1312
510 3748
5949 794
1680 890
2438 6167
3765 4047
5891 35
4485 6588
4604 1584
567 1249
5446 5054
6382 6688
100 2537
4448 290
5843 6410
3704 2990
774 2481
3819 496
6250 4290
3442 4710
1762 5776
4162 835
3439 4412
2859 1851
1885 1645
2690 2604
6301 3474
549 6685
4866 2119
2935 5818
946 3123
540 2435
1409 5099
2711 4612
3653 5280
5365 2971
4424 5157
14 110
108 6161
2940 3129
972 1311
4497 3915
6634 92
4581 2108
2993 511
2688 6291
5174 2622
599 6398
2 1978
1679 2866
3484 748
2336 5085
4977 5491
5383 6933
1583 5787
6853 1304
4658 1015
5320 5830
2858 1225
2326 3616
1677 3170
4411 3767
180 3189
61 5941
5931 4671
4508 667
3568 5707
5526 6837
3599 856
6894 554
5684 4013
5254 4429
6243 5697
13 982
5488 4101
3278 1969
6332 1982
1543 6738
1202 6445
6830 6396
3523 5183
5954 2561
5028 5779
4180 3992
4266 3012
3063 1226
3467 6005
907 111
3625 2427
5731 4209
3704 1030
3394 6466
3731 2853
6439 5235
5733 3501
2772 3679
2832 4484
344 4320
1837 3401
2740 4895
710 2199
1649 3350
6351 5765
6100 1982
681 6342
3143 3033
3420 1621
1292 1800
2604 2001
1086 1143
1798 3823
3262 3664
1509 3720
6141 1232
3026 943
3991 6698
2007 4347
6288 878
2401 4274
5613 1463
4778 4045
325 2334
3494 2859
3083 1827
6916 3830
3270 3905
7000 6187
2671 2822
3476 1529
1216 3444
6221 5668
3482 4727
6684 1228
2637 6621
3258 2767
548 312
6308 1880
2863 6375
6708 2753
551 3966
828 6718
733 2694
3097 5266
1889 2382
4346 981
5707 3353
2097 5337
571 4618
473 1831
1827 1504
5894 3179
6885 1110
4082 1874
3161 6190
1007 984
6277 2917
6889 1983
1901 3146
4743 802
5491 5391
5517 196
2740 2935
565 1770
2655 4517
5071 109
6194 3821
3900 3496
6632 3266
5849 6038
2394 3429
6043 2871
4517 2152
6977 4432
5258 5570
4847 3784
5879 1716
2983 37
5505 3195
6255 4447
1900 5523
401 2463
2204 5934
1115 1806
3515 3281
24 261
1982 1391
1944 5071
6868 6367
4194 3569
491 2356
3073 5565
3715 2588
1674 6873
6247 18
3465 2413
669 4348
5793 2322
3814 315
3437 6781
4020 6607
3737 4040
5490 1732
2118 124
5894 5757
4081 1598
624 3824
4762 4211
1586 3269
688 1365
2766 1099
6950 1831
4990 628
3620 6084
6163 3703
1643 770
1405 1356
2728 1746
1081 4450
1280 5791
4007 5971
6433 2251
4416 3924
4354 3046
152 5118
4063 2116
546 4291
1208 1192
795 5749
2106 2342
2887 2907
2603 3148
2573 273
4557 372
4340 1835
4906 526
136 3080
6606 85
3650 607
6074 6640
4840 5541
1709 1366
4766 896
1187 2193
5848 4607
5975 218
4175 428
6764 4808
2086 535
2182 6659
2244 1121
28 2207
4417 6377
1959 4143
1341 5262
4481 885
6463 157
4513 3052
678 222
6927 4987
2326 2624
5246 6609
2980 1162
2329 6305
4848 5782
4559 5679
4253 2189
3038 5304
6369 6157
6861 203
4847 5557
6086 584
6120 6584
4649 5572
1646 6248
4129 3062
1784 5458
956 5801
6646 5876
5343 6892
1296 5869
1568 4113
5057 6306
1346 5232
1325 4355
2187 5848
3992 5982
1387 1823
1662 3748
632 6643
5150 81
910 1669
2553 1475
3616 972
4894 1589
744 3851
1031 3127
1960 3590
1254 2610
712 5067
2052 6562
5135 1651
969 5632
1642 1968
3169 6295
6562 5774
6448 4706
3009 1876
5189 1887
6904 3259
2487 3457
1582 1136
3478 634
3390 4951
3450 5756
3068 2456
5041 4618
2672 2456
5354 2863
3159 2574
4032 5357
1940 1783
3564 3791
367 1218
4125 2138
570 1577
599 63
1950 5854
3101 5198
2597 3221
6055 3849
5761 3402
5174 6086
205 109
5577 1595
6816 6421
5024 6492
3465 3381
750 582
2704 4222
6568 5538
1833 731
2048 2605
6564 1632
2986 6537
3674 3905
6465 1626
3160 1240
4782 2421
6657 1796
456 6147
22 3411
4220 4603
2542 5742
6091 6488
5612 5507
326 3795
6730 2459
2031 3725
5854 5794
6917 2285
4582 5369
4623 1960
1185 1984
2178 742
2680 1138
2592 5455
6198 6735
2705 2888
5969 267
719 4628
4726 1334
2836 5034
4624 1057
2115 3022
360 2251
5807 5574
800 2523
361 5105
2740 2293
424 3175
1272 4962
4351 2561
3883 241
4900 3557
168 2431
2064 1929
5393 6873
3562 1354
3180 5224
6418 3634
511 2770
3905 1693
1317 4331
2246 630
3524 2001
2622 3361
3990 1242
2868 384
2553 5476
6295 5863
4268 2684
1780 2520
3485 5456
3426 1843
4322 2920
6218 2418
2701 4593
3828 5795
2574 3320
3355 3131
1991 461
1614 3921
3567 4707
1612 3848
829 6620
4905 6129
6653 5729
149 6861
770 3007
6057 1911
1513 836
632 3073
6676 4400
5807 1736
707 1904
4631 4025
5123 4487
2031 5148
2900 1396
6833 5515
1566 3099
6917 3708
4706 5138
661 4942
4117 4743
3300 2269
5762 1212
2782 1340
1068 2822
2556 805
962 5055
3180 4769
840 3345
6134 3420
6838 1321
3080 401
3455 6694
3104 4959
5000 5211
2419 4856
1669 194
5693 3677
932 3311
6627 320
2730 3028
6589 4000
1644 1827
300 2842
4226 5036
6523 5632
3626 1099
4761 2162
4938 1300
2644 221
4753 5684
6618 5869
3435 750
2471 1232
1129 3074
573 5071
5557 6418
3969 4821
2570 5375
817 1267
1782 3639
2012 6545
285 1406
904 3895
2378 2172
576 1555
4545 6859
6756 1265
1312 2377
3591 1613
3180 581
5946 5597
2343 2336
4697 3466
3740 5119
6873 5987
6837 4078
3614 284
4658 1259
2106 5806
5325 2
282 1458
6003 3098
5595 1583
455 5358
5780 6998
6064 341
5783 5017
1079 5939
4936 6084
4382 2492
4165 3955
5027 5448
6992 1333
273 591
4215 4072
3344 581
2344 5570
5899 3098
6269 1877
5918 3148
1103 6683
1287 6238
2674 4169
499 5256
5232 2820
5724 3282
4136 931
1930 453
5660 5741
4789 2250
2149 4698
5237 6547
5416 2348
254 1638
6935 6060
4951 3709
5947 1984
3149 3092
3202 6890
6039 4956
3293 6254
5946 1759
3291 5427
772 6704
237 3162
6897 6707
4321 6696
6362 3165
3881 762
2783 4462
3261 1054
3126 4801
3437 5602
5242 3484
5581 2950
6539 4905
319 5796
5016 3703
381 258
4106 5202
3524 1814
4916 4253
196 6894
3388 1953
628 135
972 6361
6446 5091
467 4913
5262 4109
4727 567
2431 2825
4759 2734
6727 4552
1185 4375
1837 2840
2895 5403
4416 5778
3550 3385
2335 6500
1796 5468
2362 1907
3819 4741
2190 3143
3380 1661
1193 1233
6771 1067
1609 357
1017 2697
6736 4264
2044 285
6364 2406
6274 3644
2416 5526
2094 3031
4468 5537
3501 6502
3749 188
2529 2959
2305 3251
4022 1286
3993 548
3831 1718
2494 3904
472 1069
6219 2432
1342 5089
3768 1369
6297 1534
784 6259
5416 3771
1088 6670
615 4760
3612 75
1053 4205
5700 6913
2765 1142
1020 5977
5163 6708
1333 4222
4636 3027
2611 4839
1928 1399
737 2656
4319 5040
6714 2761
394 5700
5967 1026
3391 1769
5872 4172
6457 4825
1424 2805
5397 5599
6126 5220
2823 2251
3602 6153
4598 3674
4594 6938
1450 5157
538 1665
192 1028
6859 5744
1873 3570
2660 917
2161 3448
5017 5728
807 3775
6204 565
1278 5612
2331 1415
2962 5419
6878 2761
4075 3525
3886 1374
6912 1591
6881 6442
4047 2231
1781 948
2092 4782
1736 3457
3797 5466
3236 2955
34 38
5975 4650
1710 2236
1985 4161
4519 4670
2578 4675
6254 6694
5497 5025
1123 1887
6369 790
2611 4034
2759 6938
6250 3542
5811 6124
3781 3428
5677 3680
1169 4514
2237 1349
4090 4937
2321 6712
2388 1518
989 2826
4561 4522
2904 122
3745 738
1165 3991
4558 3470
6956 4872
2193 4433
975 1615
3277 2555
754 5588
4613 898
1557 3468
2217 5958
4390 1792
3746 4696
3263 1344
1864 1898
2154 4855
4389 4573
1120 4598
1801 795
6343 1797
6871 1916
4792 2711
888 4248
2600 1939
4389 1540
1397 153
1020 4367
2890 4896
5460 4338
2294 1078
4042 1432
6240 5432
6238 4605
1599 5922
6989 6459
3405 996
6612 4257
1851 3891
3238 1822
3656 4779
688 3032
2718 66
3862 4655
6293 1279
995 1462
5451 438
6478 4442
5612 1295
5877 2532
1435 5117
6867 238
4322 2546
1994 385
2737 4630
3425 4250
4908 6053
1047 4254
1150 5133
796 471
5152 2249
4823 3471
828 3392
1423 569
4902 2074
774 6539
5991 6202
3389 5724
5836 2881
6560 2912
2047 396
1730 4661
3073 6427
2481 2351
1600 4588
1450 5775
2966 5806
1264 3141
6044 551
3466 6129
111 718
885 6528
4863 2496
381 2299
3371 607
162 2935
3772 1705
3097 2290
4124 5540
5231 1202
4390 3215
744 3290
2089 5883
1117 2340
3639 4744
1493 4317
3771 699
3914 253
715 1771
4293 2501
6554 1188
3231 6612
5932 4817
589 2571
1642 4790
5534 1738
1397 4959
3792 1926
3190 3578
2317 3424
2198 6176
2036 1684
3710 2301
2373 4487
4974 6218
4222 4893
201 5091
1883 4071
634 1940
5675 3821
355 2525
666 4107
5420 2548
6452 6896
3933 1003
220 6272
2496 5991
6505 3524
5264 5418
4206 603
4388 2337
711 6509
3923 3698
373 3481
3852 4986
2551 2665
1300 3871
250 5333
3731 495
5878 4530
2765 6566
3944 1542
6340 6281
3133 3020
3668 146
5443 1569
1976 3107
2784 1331
4804 3339
6390 2611
390 1556
5128 5880
4034 654
6148 45
5708 5408
3218 5171
842 1084
97 930
3063 1096
6824 1533
2736 4673
4088 4273
339 463
3797 1091
2401 1916
5534 6194
3586 90
4104 1773
1927 6197
189 869
5851 1148
1002 5853
1871 2101
3788 2476
656 5216
5319 2041
3978 5983
2894 2199
3565 4124
3317 4022
2422 3143
665 5709
3622 1625
6299 1688
6858 3372
6801 2838
5529 5419
2286 249
1560 145
1905 6973
1218 6043
3496 6589
3504 6450
4702 1476
3903 4469
6016 2504
164 1347
2958 2749
3178 803
2831 6357
1984 1762
2240 3637
2856 1691
5497 6261
6629 1391
3174 280
268 4329
710 1264
4660 1600
2294 3119
2397 588
946 228
6329 6010
551 3836
2225 4453
1046 1563
1231 6978
3530 1231
1883 4689
3437 1040
606 6926
6353 1119
1726 4705
3376 764
4608 1036
5048 1308
910 921
1192 4017
6574 529
6849 4706
619 4155
415 4325
6220 4912
4492 6688
6070 1935
5039 6857
6412 5082
1455 1394
6630 6473
5438 4876
954 3852
4450 800
501 2564
6690 108
871 2097
3450 1625
3204 2350
3825 748
491 1876
1798 1733
4499 6354
3759 2380
3410 2226
5034 3480
1649 1610
6121 1119
4911 4578
1509 5013
3095 121
5834 1062
4724 5883
6548 405
3724 6708
3717 5537
1723 2498
6647 3794
5840 2762
1824 3304
570 829
5306 2074
297 4612
5263 5410
5025 6750
911 6757
6606 760
4020 61
1897 1338
4713 4943
4954 1622
4897 334
136 722
5492 4681
5201 1499
4798 6744
3045 6800
3079 5630
3454 589
6322 4384
5006 1031
2203 1795
4613 4712
98 1369
339 4464
252 5219
2107 5470
340 1656
2180 3474
4939 5821
3724 2520
3049 3105
3593 3757
12 4227
4535 5179
5619 2547
4848 3424
54 1420
107 4464
4747 6001
6046 1833
6507 6392
6894 3620
4189 1509
5180 2850
3960 5621
539 4094
3457 836
3236 4809
2150 4362
1685 5723
6714 427
1108 2709
1961 4840
1806 765
340 851
3041 5472
5754 1028
1056 5902
3544 3060
1197 4629
1362 2976
4600 5550
388 2770
88 2478
5680 2018
2507 1751
2099 236
3248 5169
846 615
1544 5841
1723 888
1444 2227
234 5686
2524 2859
3750 3286
383 2776
6720 6634
1429 3824
5515 4021
2927 3249
6576 439
4728 3641
122 934
1374 3336
6133 6285
4044 6392
4732 6766
3586 5514
2609 873
4417 5442
5850 3718
1741 1817
1889 1715
4442 6438
6128 2908
6004 1152
5689 6244
5622 5022
3846 5626
582 5995
2695 4030
5121 310
3722 864
6559 5346
3001 1104
6531 3298
2200 3270
4629 3231
544 6642
1752 2356
568 620
2216 770
1 1704
1809 6273
715 1047
6769 3062
4954 2240
879 5585
321 339
1563 6217
4116 4524
4491 3647
656 3069
2175 6781
243 5374
1781 1192
3328 2788
3607 2203
4795 4058
4516 5397
5285 3693
1233 3080
5666 6768
6442 6989
5384 1420
5275 6388
2957 751
1431 32
2735 2624
5397 1655
5345 1465
4278 4478
5845 5952
2638 2691
107 1699
6454 6999
117 2387
4186 4889
1631 6509
5557 2287
3881 5007
3972 207
1169 1725
2626 4559
5031 6378
322 2792
907 3445
3713 2198
2374 6967
5612 5377
6355 3206
484 4251
3784 4293
6725 1985
2000 4282
2804 135
6017 6594
749 5488
4955 4289
2271 3055
698 2490
4363 213
2005 1593
5362 2169
6193 2097
5164 1430
907 3795
6683 5896
1490 5873
6600 4141
3790 3734
5999 2231
4595 2441
5787 4038
1148 6109
3689 6311
3885 3971
6562 4034
5404 4273
294 3753
5025 5408
5995 1708
6733 5609
427 310
1115 684
3878 6183
6614 3443
2407 5171
2011 5171
1572 2091
3468 1589
384 2865
5958 5209
1980 2825
4184 224
1684 5715
3924 5777
6919 4429
6518 4085
2676 84
3641 2456
4079 6065
5082 5511
4053 4844
1400 2923
1610 289
2298 4073
961 2095
2922 490
2018 5187
865 5016
2869 6491
2981 1070
3163 6214
1339 1866
2865 3339
706 4205
1583 4478
3603 6486
6280 6549
329 2003
2602 4457
6407 6324
2238 208
87 5853
806 4786
679 3513
3483 4849
677 2686
2821 34
2320 1738
6453 1781
2757 2493
5186 5460
3198 5619
6209 4804
6672 364
5216 384
2645 747
5210 569
6576 3285
2056 6768
760 4791
6018 5209
2799 4597
2898 4576
878 6732
2588 3596
4582 3629
1128 6126
3518 6913
3333 717
4671 6303
5282 4013
4886 4013
3329 975
5559 6765
1142 6963
6752 5554
3879 1415
6649 1669
6841 4091
6590 308
1263 2005
1385 3688
3532 6969
3133 1036
6896 1546
4688 241
5154 5898
1327 2929
76 4135
6239 2710
69 2964
5743 3260
3850 2525
4122 769
3179 6292
6895 1294
2930 2555
2780 5994
10 2734
5982 2495
6166 4302
4617 1879
6327 5159
5754 5297
6535 5862
4830 2926
4257 3064
5852 170
1430 24
2957 3597
5476 822
4851 770
618 3529
179 6865
6965 2413
1679 6363
3480 339
4197 5615
2848 5532
6936 140
6657 1479
5657 5714
6762 4713
6113 103
4784 6314
75 2728
2212 2288
4550 2885
6532 2157
3770 5928
389 794
1600 6605
4520 4174
3248 6755
4616 4636
153 4489
2835 4896
1097 5984
1253 81
6406 2957
1466 1128
1927 6441
6153 2511
6502 2665
4788 1895
4065 5472
4763 4282
678 6939
6621 1044
5841 4087
1887 6261
4621 6858
1818 1960
1329 5179
3070 3608
4536 2024
1518 1668
1486 2130
6682 1670
6773 1788
1783 2124
5516 4677
827 6631
77 5379
3183 2172
6328 4555
2504 5267
4767 617
3686 6176
3641 2269
134 5886
6416 3621
4707 5447
2677 2751
3805 6807
187 2514
1524 328
6477 864
4080 3070
1024 3388
4632 1331
4315 5596
1579 4172
6964 3611
3012 196
4130 5816
3667 3840
4376 2839
4412 2496
4441 982
6958 3796
2042 2361
4320 2907
3126 483
3996 6001
1389 4425
6210 4842
1609 6643
5584 1936
241 3100
6060 1865
4248 3970
6545 4566
4869 3122
1510 5883
1254 1756
3678 4379
4583 284
3710 6546
69 6965
6007 726
4053 6885
5863 947
5173 6916
369 4224
3863 6761
3610 6315
6232 6671
2648 3460
6970 6408
688 5667
99 6026
2735 6088
3545 5139
4887 1045
1955 1961
5293 2487
1991 2372
4350 3846
1459 2511
2758 4005
5029 3380
6366 1948
2327 4950
1824 6581
1550 5258
1149 750
6035 5726
46 4106
1761 5478
390 2418
2222 6627
1539 935
2915 5093
422 421
4925 5659
4395 3215
6671 2180
6453 789
823 765
4343 3025
5089 4535
5796 1953
5198 4478
757 4282
6113 1071
5449 1845
600 5796
263 2993
2682 2266
4397 5890
6267 4921
1931 3795
843 2521
4167 6367
1063 4739
342 4225
5483 4058
6027 4710
1302 591
3105 4062
4323 4628
3428 2995
1398 299
6974 5722
3910 2769
5883 4931
6310 80
6067 322
2762 690
1991 1567
1206 3512
2391 1686
2291 4488
6157 215
1883 2973
859 3404
4477 1281
5210 4838
5590 4305
5309 1811
4588 2051
5245 3489
937 5165
3094 2718
3829 2938
4 796
472 2362
6475 1436
962 6161
1743 6726
3458 3934
3645 3760
2652 5756
2612 6357
2765 2435
2333 526
306 1511
4109 5557
5472 2340
5537 3489
6376 1026
5536 3264
6147 974
6546 5409
6766 1211
53 3667
6715 3875
1543 2477
1285 3939
6214 6333
5239 2519
1694 2646
5362 640
1747 6444
2127 5911
5055 3341
1590 1542
3996 6969
1871 1003
6045 1047
2932 3837
6201 1560
3866 4644
2868 6296
2149 6609
6039 3484
1531 1312
1097 4992
1871 4386
250 6813
3791 2780
5351 6493
6724 554
3510 6702
3859 6856
5497 6318
1617 4469
283 5418
2202 958
4452 1708
832 6414
2573 4843
1833 5033
152 6655
1957 6789
5291 5661
176 633
5095 1585
1229 3606
3097 1810
2412 953
2854 2052
806 4412
5653 3798
6768 2731
1358 2673
945 814
3317 6657
48 2518
2011 3992
103 2225
1469 5695
2937 774
5397 3054
5648 6837
3070 5999
264 830
5391 4737
3958 45
2060 3884
5950 6421
3674 286
38 1049
4916 6164
5733 1468
907 1461
1190 3247
5333 4732
3368 6595
3893 3033
5980 2099
2590 3295
5169 2823
33 4088
2392 5562
3580 1001
2489 2462
6164 873
2401 363
4199 3490
215 6953
590 6076
1772 6985
5684 1175
324 6896
2168 6204
1540 219
4530 5697
6123 5386
6589 6879
5610 6329
5651 6330
4376 5230
1534 404
5563 67
2344 5871
4281 1206
5802 6499
1418 2673
2999 3099
6700 1233
3410 2633
297 4669
3055 4162
4615 3711
5119 5688
909 3735
1310 4079
2306 6518
380 3391
4291 5307
6075 4564
3706 2402
346 1528
2493 5563
3458 1519
5849 5160
4411 124
2303 2433
3830 6760
6191 2645
1774 2843
1700 6866
3254 965
5437 6155
1543 6128
2639 1601
5438 1095
2532 980
3039 2474
4814 3897
2691 5174
821 481
5182 2603
4101 1746
1102 5604
1252 2919
6274 4750
6676 2286
3400 386
2405 1555
1994 523
5982 4349
1092 1883
5259 756
6227 3399
1937 3372
194 4116
2214 6124
3701 1253
2406 2130
3609 1664
2888 1150
4197 4086
2645 2146
6977 5782
6786 2050
2580 6632
4562 5904
4288 6833
243 975
4635 4662
5334 2219
1980 1914
488 6441
1259 6318
1955 3547
362 1606
5023 4020
6339 957
4317 3040
1442 2238
2161 1171
4031 202
5605 3621
1692 5796
787 3475
4651 5545
4395 1418
3369 6684
2226 5703
5910 1224
6658 5813
5799 3837
2277 5668
2621 6232
966 2659
1566 180
1802 2931
3851 3425
6872 3298
5564 3970
3919 1839
5445 2558
6622 3123
5792 6049
462 4065
4861 2507
778 5991
6972 4633
5039 4499
1677 4333
4872 6079
5813 3893
5529 4134
3781 4534
2146 3091
6220 5937
3008 2332
4400 607
4778 5663
1273 2937
2789 2968
5339 1758
74 169
3159 2501
5867 4129
1923 4739
2106 3692
1130 2659
6647 4469
2784 6007
3319 3133
6798 4638
1318 5339
5795 5946
2813 5247
2942 931
4874 3092
4932 6480
5789 5377
3958 6274
4832 2866
441 2033
5427 4207
5702 6132
6388 3427
5376 485
3822 4134
413 3368
3670 5992
3329 3447
1842 4908
5507 2631
1794 730
1947 1726
6274 5018
4908 1548
3975 3595
4140 6106
2851 6828
3880 325
466 4133
3878 3662
6684 6579
5774 3914
1116 5181
6594 3653
4600 614
183 812
5988 1399
3001 356
883 1977
2197 5257
3310 1111
3318 5890
2628 5443
446 4605
3844 5182
2839 5663
232 4087
134 3552
3654 5058
127 6545
1909 4975
1684 161
9 1571
4520 4418
6999 332
155 4025
927 6756
1842 4103
899 3210
6938 3439
5935 4747
5441 3458
4818 4233
1926 44
6091 5260
609 5134
2419 3360
385 3928
2358 6090
1876 5592
4780 4880
3286 2164
6980 5543
6866 4475
4614 2898
2289 254
1974 5346
3531 6132
6826 5076
6270 657
5146 3890
5607 4285
2843 4977
6324 893
811 5618
2368 2240
6036 3644
370 1711
3955 4366
404 1295
534 6249
6563 128
4190 476
4764 3192
4697 1970
5354 25
4511 3500
2026 5105
1278 1270
4528 6887
3356 6666
4629 6939
1587 2025
2285 111
1646 2605
1603 5941
3346 2945
2848 4166
4240 6605
392 2759
6204 4517
2320 5178
6140 560
2308 3663
1384 1292
6172 5733
1160 2338
1192 4505
4337 6888
1438 1528
5973 5523
3765 4218
351 3108
475 5618
1650 5356
808 4515
4287 6020
6780 3522
3177 261
6501 4861
1578 6419
4966 6308
2884 3422
5881 2901
6939 2054
208 6213
1956 3561
5693 3604
5032 3141
2857 4228
3082 6790
4882 164
6835 950
2268 4587
6215 5406
5905 6678
5406 2793
4157 662
2861 5101
5841 2721
199 5346
2685 2431
3381 3824
4830 2633
633 5049
1497 953
6116 1613
6166 976
6864 6202
6257 1094
2003 2976
659 3237
5394 1628
4678 6376
789 2529
5939 5134
3149 6857
2773 1847
4103 2654
5469 6124
1398 543
6556 3763
983 2021
2510 6348
4871 2233
2068 2997
404 3068
2448 3218
4340 5226
6986 5976
921 4526
6334 1849
3352 1150
1474 1477
3621 5512
5436 4082
6277 4698
314 2801
1279 5173
1165 4105
537 4536
728 1098
4735 4974
2004 1642
4213 6555
6701 3713
6942 6808
6971 5294
668 6682
374 6235
2805 2859
3178 1909
5048 6602
5912 2506
2889 5189
1793 3300
5005 6905
4325 730
33 6292
4510 6145
5250 4457
1399 3346
1175 1386
5939 4679
1231 4701
171 4721
2509 5318
3450 3886
88 2966
2137 3460
6216 6650
6464 336
2040 3527
3038 2629
1355 3424
16 4783
6241 1984
5828 125
5888 176
3054 5791
2025 1714
5483 2342
5292 2774
3220 576
2519 5632
1686 5631
158 4085
5719 2060
443 6698
2401 1412
5916 2574
4567 2491
5167 4176
1490 4938
6163 2451
3702 700
6377 6352
4283 6115
3913 920
2504 786
2817 5447
1294 4245
6774 3544
6966 3714
2009 6442
2205 4102
4600 5233
6768 2975
4505 1963
1069 5066
4118 1325
3849 6762
6729 768
6328 424
1001 4373
909 4784
6198 4515
3175 3061
317 708
5513 248
2694 6895
5855 3395
4397 6752
3024 2865
3399 1988
529 1530
6852 2272
6511 1979
2053 6340
4711 2189
2767 4929
2860 956
6571 6194
843 3383
5072 3134
1190 6874
6202 3853
2398 6752
4315 1465
5603 3524
2461 4822
2223 1274
2515 5058
2381 1860
4010 4212
4189 2265
5803 2831
5598 5809
3442 4694
4505 4191
6499 4978
6642 368
401 2634
2884 202
2724 2199
3438 788
6866 5711
452 3353
3745 1470
1976 993
2039 5479
2321 4411
3035 3000
4651 983
4931 3252
6263 722
5234 809
4170 4093
4705 465
262 6612
6141 3176
2488 1326
1753 1860
2591 2959
6951 2227
913 4098
3650 4966
68 330
6403 3361
1179 2527
1146 6551
1920 5945
2450 1973
1639 3451
6377 1359
929 4981
4432 4628
6207 6805
140 3774
4097 1871
986 4734
1191 5920
5058 4501
5863 5460
4459 6424
1692 429
2218 1973
5081 5424
907 3128
1072 1475
694 5464
5396 3715
2738 1450
4484 4387
2987 2154
2087 177
4731 4264
686 4822
5481 3264
2805 6055
3263 1271
5850 4824
2085 6897
5406 646
4664 9
4287 4223
925 3303
6814 1309
4403 5337
2316 2107
6749 5795
1983 5839
5813 1909
985 1075
5744 4024
1076 439
5558 1390
3090 4884
235 3206
3893 6928
5732 5892
1348 2066
1253 5212
5236 2278
3338 5363
4059 1713
4143 6322
1476 4695
528 5710
3797 3433
6940 4989
6288 862
2616 5378
3402 6287
4708 3290
2342 645
5389 5903
6917 1033
5640 3270
4976 4044
6199 4954
6065 2510
1433 834
3700 2719
653 1625
5257 2751
4629 3182
3641 5522
2679 6831
1177 6506
2149 3633
3476 1513
5726 1509
4420 3008
4702 1940
6554 1920
6741 1746
6128 3209
3473 6877
6551 1622
6941 1777
2454 1236
4037 2489
5315 3860
6497 4769
6184 108
5000 2536
110 6486
4280 5630
3659 816
4531 2997
3373 6646
4493 6677
5682 2341
81 4967
5621 4317
6636 6806
1722 3946
3344 5127
3349 5471
3468 467
973 2138
6642 1336
2311 1308
4171 1149
6514 2090
3928 1391
4637 6806
2410 533
466 4027
5173 6786
5851 5718
5424 4153
1334 6466
6007 3979
6323 2495
4912 5698
3071 5907
586 5260
961 973
6289 6294
804 6651
3330 883
6148 6843
6003 3456
6784 4021
5318 3353
2293 1826
3382 292
5126 6566
2533 4696
477 779
4434 5292
2627 4331
3002 3454
1825 2889
10 2067
6684 3790
3471 6376
2967 5153
3127 2402
6986 3374
2376 3931
6605 4436
2560 76
266 3161
4277 2275
2938 2880
6854 5140
4460 447
1158 4496
5733 720
4976 5467
6486 5653
3668 6139
724 1760
156 2242
4863 5001
4476 4363
1566 5230
5974 782
1393 6241
6341 5679
1852 4311
6039 5314
5652 1670
1426 5600
1887 6749
3004 93
2195 4650
4939 5935
1639 6647
4041 4785
1259 764
5749 4986
4849 3009
4092 1340
389 6543
3880 3147
2935 1427
448 4871
5551 1968
3622 5740
1220 3438
6788 2584
6320 264
6141 5217
576 3336
383 3695
911 6066
5487 3646
2115 2038
5415 1326
3052 3116
321 5446
4831 2029
159 954
584 6610
6886 5721
6530 4396
4128 6258
3259 3594
6722 4566
3668 2301
5435 6115
3733 2696
1233 1771
2972 3537
5589 3549
1614 4092
3197 6099
640 3886
2673 6853
4970 279
5465 4422
329 5687
5561 4884
4656 2563
6917 496
5363 4145
6579 4638
388 6267
5390 2558
6166 2025
5462 4124
171 1314
751 3875
598 627
6981 1420
482 2896
3677 4642
4582 547
6832 1297
688 2772
5977 2503
4235 2691
5456 6938
6475 501
2583 3553
3455 3482
4852 1347
5998 347
1638 1833
6073 6348
4509 5145
3110 5699
5262 3662
1484 1366
687 268
3080 572
494 627
650 6802
6612 5875
6679 681
3564 392
5401 2693
5580 4910
5533 5064
3071 459
4225 5736
2816 5602
3690 2194
6840 4921
261 52
6198 758
912 4708
6180 5814
4998 4905
1729 766
1442 1490
2472 5011
3007 2137
913 1146
6952 2129
4155 6845
5857 3848
5850 2677
3706 3077
4014 978
378 1741
3110 1511
6188 2672
618 6863
6160 624
4945 3739
5977 5081
872 1495
6433 5886
6932 3355
2577 4431
2401 6649
5813 6178
6409 4711
2393 5253
4883 3992
798 2485
1023 5047
1692 3893
4343 5741
6342 6872
3749 5002
6175 1282
516 520
4621 4931
1883 428
5388 902
945 6295
3677 6065
4217 3535
4057 6286
1378 5396
3183 3278
1854 5325
2563 3570
1816 2589
6071 3561
71 2506
2650 6198
1970 6439
2340 5218
432 3451
1006 6921
935 1793
59 4374
4849 2472
4226 3247
1495 6331
6497 2622
5972 6184
3849 1045
1586 6449
4599 45
3141 5654
4103 2093
6723 1622
6093 1226
766 2923
652 1855
3818 2863
2424 3761
2913 542
5337 2411
4497 5403
2544 2365
5092 6744
1332 4997
5116 722
3476 3099
4503 6349
6836 2438
6676 5189
5267 5055
4318 6569
2102 4649
4619 3299
6078 6960
1252 2789
2721 722
4426 3658
2414 5675
563 5196
5234 6046
3209 3694
4704 2848
3467 2232
6137 1124
2785 1646
5111 728
5236 6092
6998 3146
5640 3701
134 6187
4764 6282
6543 5195
2797 1656
3229 1313
457 4396
1675 798
3757 3684
2860 5388
1797 6645
2674 6918
4138 6759
4914 564
3417 4747
3890 241
5750 836
1710 984
6896 5498
4538 1216
2545 1031
2818 2883
1013 2749
2570 2781
5532 6211
1816 629
4591 1227
2039 6528
6464 6191
6703 2043
5340 3008
5766 4348
2903 1651
2583 6399
5288 2094
1618 3273
809 1414
6755 5616
6731 1058
4045 3161
941 779
5631 1679
534 2118
6003 6920
3140 4223
1672 476
6009 4456
3729 831
1607 4962
5320 447
492 6029
2135 5081
1894 2740
891 3294
3907 3577
1383 3756
806 712
2256 123
5210 5944
6268 4343
5373 6874
3071 6688
2407 6708
4771 2110
1137 3700
3387 4450
4368 939
5493 5478
4901 1402
6771 6849
2695 924
200 1841
6886 191
2089 5086
972 4572
2818 5461
4714 4959
2653 698
2159 5825
4676 2223
574 1493
1718 6082
3521 6143
1260 5204
5138 3974
5086 3784
5387 6930
5263 2922
5884 1320
1777 246
290 5117
944 6661
3174 5281
37 1261
2776 2202
87 624
1312 2361
5376 355
967 4578
2586 6242
4761 991
4601 3742
3360 5636
3730 4415
6467 4529
5904 6109
4507 1074
3388 3897
3756 2603
3387 262
5566 6464
6430 2368
6865 1542
113 5578
1508 1118
5527 3503
5668 2984
3842 4225
3744 1438
2009 2043
6978 2358
6114 38
5238 6783
4323 3774
379 6636
3056 6699
4512 263
5112 4200
2307 2639
4788 5042
4884 5504
1300 6457
4851 3112
3705 1860
6721 2143
1428 4922
4843 2470
5508 4550
6470 1743
2330 6945
4544 5032
1356 5985
3608 1146
5745 4493
5153 6833
4587 1726
1008 3023
1135 4296
4963 3703
2561 5565
1477 1781
102 6893
2815 2449
6366 4022
4559 3061
2007 1192
1069 2895
4155 1665
1070 4251
4614 6151
1868 1787
1590 5226
418 5005
721 2562
5382 4976
3615 1162
2216 2470
4358 5407
4351 4236
1894 6391
5266 829
719 237
4287 6695
3272 4206
6095 4094
5601 1307
6807 2610
6645 1528
2577 2634
5815 5208
2026 4975
4354 4884
4560 4760
5188 2077
3875 4657
1227 3080
5678 1712
1972 1736
5215 490
2283 5570
579 5488
5462 367
5274 1070
3032 181
3345 4842
3254 3226
74 4040
3195 1865
12 3162
5865 4921
6137 3165
6518 6240
625 5082
5895 599
2099 3359
2037 2481
1521 3153
4855 2025
6234 3448
2280 5622
2767 4986
3959 6583
4692 3724
6970 106
2584 6033
3883 1111
6221 1708
4633 111
2057 100
6601 1929
5247 1502
5131 3771
3606 5906
5223 6743
1054 4791
5813 3576
4218 808
3590 1239
5520 321
1726 3908
4525 4900
2506 6500
13 1828
2964 962
1537 6638
2218 2835
3243 3760
2126 4000
3554 1178
3652 2467
4612 4495
1780 357
3994 5614
5546 1138
1439 818
6886 3387
3299 659
3742 4612
3233 6455
4702 224
5887 4814
722 1177
283 3759
1651 1640
5324 6394
3552 2236
2929 3011
4739 3489
967 4391
769 242
1987 808
2709 4176
1897 2046
2513 100
1580 6311
3825 6717
2514 2954
2510 6218
3723 6440
464 2989
5908 6041
2792 2898
493 1475
1634 131
5816 6452
3874 193
4748 3201
300 1834
2669 3996
2065 2569
449 5340
2006 5372
5583 3248
1386 5664
2496 5007
4003 5676
6049 2489
1663 2000
5956 46
3158 1154
6523 1591
6265 801
5241 3484
1750 464
6705 1073
4611 3088
4638 4911
6859 4923
1157 2579
1095 5865
3925 2760
2689 4998
2897 5701
5504 861
5323 1981
2150 4720
6663 4230
1145 2195
5071 5143
5413 1874
241 3482
1576 4633
5401 359
1326 4458
2986 1959
5744 698
3290 2370
5403 405
6996 848
1211 3165
4248 1319
4776 3690
2006 1184
4499 5102
5679 5938
5798 934
4540 1693
3600 6733
3096 2504
4498 1467
787 393
6645 2496
2914 6405
4831 1118
6272 3419
5981 6653
2896 5075
4523 184
5832 6530
6228 114
658 5059
656 4232
2523 2992
6256 1381
5471 4080
863 4710
178 4607
2831 112
6184 3198
4317 2186
5540 3096
4382 329
2102 3120
4137 6914
6809 6633
18 4325
4043 6498
4938 1715
5533 5308
5779 2331
2782 600
6517 5478
1505 2083
6574 350
5431 5031
5741 6011
1950 2699
5527 4739
6826 6987
117 6933
638 5881
4683 3825
1818 4465
3776 4841
3042 3999
3707 2792
257 6189
4092 3357
754 6995
3172 2633
813 1159
5446 4908
4164 6801
6807 1618
4568 5164
3873 3619
2076 3346
4660 966
4032 1397
6829 6480
4931 6155
3444 4610
2787 139
6116 4329
3685 1289
1515 2720
2933 5626
4844 6910
4990 6735
4747 6977
4802 6684
5802 197
6615 5181
3083 6324
5863 3102
6911 1567
6505 125
747 5019
4238 1623
2844 3275
6504 654
134 820
2935 2639
2899 730
1278 5409
6161 3698
192 4208
4196 2151
4817 4713
6250 2989
4321 6761
380 6888
5354 1131
2059 2187
3604 1458
6843 470
6829 2292
2763 4225
1670 1853
5997 5145
3289 3517
3882 4031
1193 2453
2041 4240
6826 1994
508 1596
3185 2413
12 4398
20 2007
4312 6244
5176 2148
6165 3416
5702 1440
6729 5444
6419 6716
874 606
3115 3522
3896 4087
5515 4997
783 4625
941 5211
4635 4426
4800 6937
63 1303
1582 5015
4381 6761
2271 5991
1263 6201
6925 4982
2448 5129
5500 6567
801 1417
467 2295
1818 4733
6964 4156
637 6678
4123 2938
1208 3461
427 2896
265 4820
4310 5016
2608 5761
3821 1819
3661 4570
5898 4361
6615 3221
2995 1511
5113 644
5343 3550
639 308
6363 5629
4780 4376
3744 3292
1714 596
1715 3450
6305 5624
2248 3913
2967 3600
231 5586
1437 1227
5231 1804
6072 2420
1156 5149
3494 5746
2876 6865
1278 416
5235 1923
5236 5531
5671 4705
4766 6548
3274 6911
2427 64
2805 5120
2084 5360
114 463
5325 1035
4134 2292
3845 2189
3507 6331
119 4190
2481 5181
14 6648
229 4358
547 2947
1137 3944
6056 4896
1011 1361
4655 4623
2286 2461
3130 6758
2409 6998
6480 6163
1657 5673
1442 1547
6672 6333
3475 3760
1849 5843
2310 6238
3523 44
3280 1040
5539 5316
2280 1865
5575 809
3589 1795
2457 249
4573 4971
4982 2924
6847 1611
122 6716
5222 132
6474 5944
6477 6215
3640 1733
419 294
5785 1935
6458 1277
2320 136
2147 1871
6405 862
3351 5013
3626 522
1876 6511
5057 4387
3744 4715
6460 3952
4999 4382
818 6577
1100 3257
1372 1501
1657 4868
5296 1370
2001 2426
6082 2279
3996 1903
715 6829
697 5469
5766 2982
3092 6600
2428 958
6323 4593
134 633
660 6341
5698 2289
1188 6460
3234 2519
568 6752
6224 1581
1220 4463
3199 6470
6215 3747
4379 4300
246 4257
6500 6360
3981 1221
1804 1481
5648 1421
1265 449
1819 1789
3254 892
363 1809
4783 5292
4781 5219
3721 5239
2750 2298
580 3729
45 6603
1753 6804
4027 3444
3084 4803
4419 6708
3493 3510
103 6958
3701 4213
3458 291
1689 6230
3523 4850
5395 544
5820 5446
2654 2186
4987 2439
6906 231
2578 3130
5704 1299
4957 6734
1060 2272
936 516
2364 4864
4301 5117
2651 1888
2646 1544
1638 2508
6699 5765
6257 3168
3296 3346
4256 1210
6195 2290
6876 4903
1083 943
2578 6513
1463 1164
1482 1214
3639 2931
5719 5744
839 3966
2692 1138
1986 5820
5470 1253
2233 6451
6433 1300
2813 2596
6331 3275
2912 5985
1818 1513
4312 1869
1747 2801
883 481
3257 2987
5263 6817
750 891
693 357
854 5378
2833 215
2681 2827
2870 3480
6481 6602
2457 867
5449 3008
3986 6021
3991 6365
2212 1036
2456 3648
6234 3692
5236 5344
3894 6432
1394 1343
2833 6981
1613 3336
995 4455
3471 6514
1482 409
4097 6010
1115 5311
403 379
1980 4069
6925 3990
2164 4378
6300 3938
2038 1041
4945 4764
4123 1946
3321 504
5647 6002
2668 4820
1166 2243
6290 217
5152 5242
4703 1474
4713 2162
4403 1182
5120 6458
5022 2917
6727 5853
3403 2007
6109 6972
1570 6241
1656 5261
6630 5920
6886 3631
5477 3497
1349 4552
5475 3424
1619 6133
3577 93
4454 6782
2864 4358
1967 6062
2738 5939
2430 1622
5159 1875
3015 4527
4536 2650
6941 305
2297 2032
2395 2567
1703 1293
4409 6258
1701 4630
2977 5174
3908 2300
5284 4206
4718 1351
1736 652
79 2668
5748 2620
4561 1367
3573 2953
5966 4011
1233 31
5491 520
2874 4672
5866 397
78 3197
2440 1936
3899 1433
6743 670
1046 3588
4814 4442
4893 3045
15 2094
4934 3046
3277 5816
4309 2994
1790 4271
6637 2903
477 3845
537 4650
6977 5977
6232 5069
2751 2737
4050 4985
221 5353
885 5333
3490 3076
842 1499
1525 5693
4171 6443
3529 3004
2115 2526
224 3372
1339 2305
2902 6289
6197 5233
6326 1671
5980 1034
2523 1008
6568 1204
6838 2785
1619 2295
4659 6382
989 1899
6632 2128
2766 4149
6928 4930
5102 3919
5272 1886
5614 5033
3654 3830
6903 3530
6423 6865
4059 5047
6369 3596
6362 173
6448 1445
2129 2932
945 5360
2841 4858
4729 1085
351 6873
3715 1450
6693 5413
1337 1454
2278 22
1775 899
4765 6377
3705 4145
1117 3373
654 1397
6996 6353
4883 1902
189 3512
2310 1408
6164 2036
5748 660
2924 6963
1952 3420
1083 756
2454 4570
1215 3127
2917 130
6333 532
4999 2235
5126 1256
6203 4623
5241 1768
3467 947
2066 674
5746 183
290 5442
143 6146
821 5832
4703 2092
5650 3104
5490 5855
3797 5962
2539 305
1006 4831
6768 56
3092 1420
912 2163
2405 6906
3613 6784
698 3897
4423 1671
1613 6182
6439 6943
4512 5126
6188 3160
4111 4782
3395 4612
1272 5889
904 1521
2301 5802
4083 2734
6071 5204
1238 4026
1704 4765
3225 3642
556 3440
5064 2606
2049 5931
2007 5705
4152 245
53 5448
5371 6671
4373 5317
1097 6423
3001 4284
2132 1620
1851 5542
4482 5260
232 4632
5304 1662
6331 5666
2310 5864
376 3630
159 5093
2432 5295
5570 91
5234 4306
1679 5997
2592 5927
3451 1487
6006 621
3480 6389
6823 3095
5756 6108
4571 1518
1484 3277
2435 1779
2545 5357
587 4981
4601 3612
3259 4700
6409 1011
2861 3873
5847 5445
6649 3881
5773 46
5726 200
4184 476
1598 531
4588 5255
574 208
5741 1262
3815 3053
4061 76
6268 3408
1168 4330
3846 1585
1167 4859
513 6321
2898 2600
1604 696
6332 2080
6516 4641
4867 5020
6875 5513
1493 2585
3340 6328
3094 2889
4544 4552
2546 4777
6412 504
6123 401
625 6912
1334 5157
2860 5876
6308 5816
5840 4250
6337 4302
1433 5136
3546 3171
3448 384
3730 3480
5996 4009
6407 3543
2448 5373
1362 6424
550 4294
267 1727
2507 5199
2049 4321
1488 5974
4501 1822
949 5696
4469 3038
3195 2540
5769 5888
4926 4445
581 6209
297 6450
4034 6493
4397 4101
1465 2765
4400 2120
539 321
2347 4136
1443 2417
4421 6380
663 5460
654 1210
6323 3414
1149 1189
5497 3106
2823 2560
4884 4569
6415 5632
2389 6240
5309 3055
4851 2177
3786 1853
3046 2043
582 3027
6867 279
6939 2599
2189 5805
6872 4006
6748 2250
1889 5513
3687 5230
4217 1258
5837 5776
5842 6120
3334 1170
1287 4132
3933 4882
98 2052
5789 5735
346 5537
6786 6864
2834 2695
6072 1859
623 1873
3109 5374
5757 535
3582 868
4800 2188
6756 1737
3430 1228
1372 2900
6630 3318
3106 4322
857 764
3771 740
5975 5309
6873 43
1047 6523
1026 5646
4013 273
3158 1479
1583 87
2756 3916
325 122
393 4952
4402 2485
6895 741
5298 1310
1540 390
1975 6734
5435 1773
5516 2701
6546 3970
3309 1998
1963 2186
252 5097
4541 5653
5322 6218
4422 4241
1991 1201
4324 1454
5067 4945
4831 2948
1555 1048
2269 391
1219 1853
4600 6233
6076 1173
6030 828
33 3454
5532 6967
2243 4805
4139 4303
6962 4191
859 5
4446 2733
2823 4333
6641 3052
5899 2415
1325 1875
6387 5387
2445 1906
4926 5063
884 4384
5299 3359
975 4502
6665 413
1226 1869
2404 5288
1222 4379
5549 1255
5917 5623
5006 3487
5639 1148
4233 6947
2019 1690
742 3927
2734 3887
1211 2685
5853 5049
959 5847
527 3184
5568 5819
2302 5361
3453 541
53 3301
3578 5905
4060 4925
916 6150
957 6151
5726 5624
2657 2327
4563 2513
5998 1616
1577 5078
6985 2057
6637 4757
978 3995
3593 3180
4034 6306
5741 3653
6763 6559
2470 2851
6298 4510
6603 2894
6604 5748
1406 6135
4518 5372
6046 1256
941 1080
3153 5510
1307 5375
3795 2533
1897 6372
2239 5355
2177 2225
3424 4283
1805 367
5623 1338
6751 5394
5940 456
3476 1440
1146 4868
272 4112
2569 2456
3967 3929
2040 2112
3886 3001
930 3523
4665 2739
4505 4736
4997 5198
1578 3744
4057 3822
2006 249
913 4293
4655 4680
2475 5423
3813 6845
6456 1662
726 1434
406 6182
3594 5229
4147 2934
1998 2990
5604 5768
2345 6481
3952 6630
1741 890
720 5002
4259 6558
2055 2743
969 1542
1516 1711
6567 2782
2365 4100
6005 6462
2731 1979
3593 1220
5397 1883
4188 1780
5903 3152
1732 373
5240 6780
5682 1463
4579 4819
4990 189
2216 6609
3809 2134
4989 6380
3045 3458
3368 2391
2621 1410
2244 4870
3056 584
1714 2426
6468 867
6383 2449
2768 4089
4767 5220
3848 4721
5506 5559
2426 3571
1139 5120
2613 3397
268 5793
4571 4527
6596 463
6362 67
4001 4182
6246 2336
714 2847
5041 6139
6406 339
5036 5795
5466 5379
5087 2350
3416 4660
1666 4233
3846 4244
3629 5707
6730 1402
1809 4541
5059 4466
6457 3687
1295 5983
359 2097
6383 1294
3365 938
5295 20
45 3627
6263 6073
4119 6473
2808 3464
5421 1822
2310 4685
2392 6969
615 2467
2077 5645
409 1810
2329 5866
1892 5865
1393 1980
3762 4142
2275 2597
4722 508
2772 3403
5695 489
363 4094
3795 3501
4903 2017
806 1631
2237 3244
5375 4456
6588 4678
5521 4281
4285 103
6057 2009
5809 4913
2779 6452
542 245
3876 4779
4112 1114
3083 1201
3497 5914
1821 4470
936 2801
5667 4456
6374 6038
4049 3394
2798 6852
5065 2321
3573 6848
3733 4851
5789 6516
4232 6484
25 4048
1986 1689
978 2653
5967 4344
2727 5107
3262 2233
1075 5969
4189 2623
1269 2802
6898 4853
6609 4750
2818 2192
669 1494
4435 2275
4497 3907
3473 3584
2845 4015
5245 1326
3342 4821
5525 4349
855 4101
1464 5148
1099 4461
2836 5400
3206 4933
5425 3364
5924 4997
941 88
5574 6870
428 1031
5536 4134
2616 4313
806 6087
4696 710
248 5759
2610 6750
1090 2813
703 6339
5309 1876
2268 6986
5716 6172
1358 1315
3937 843
1581 3050
4783 5967
3661 5863
2725 1223
4101 5381
4588 5499
2814 6930
4660 649
6957 1245
3946 2060
861 3892
2450 2681
5117 2056
5801 4940
3929 3584
2037 4205
1994 1125
4399 2944
1164 4051
541 4826
1876 6731
816 6751
6169 4777
3424 5519
6134 1558
6414 3827
2642 4729
438 914
6250 2672
6193 2138
4379 4170
6939 3648
2054 1526
4263 6439
3327 2553
2272 2917
1883 5616
2480 3620
4851 193
107 3968
2168 1813
642 1094
2727 3497
3257 279
4119 5936
2875 4149
5810 2750
6030 804
2721 3682
4159 2302
6487 2211
4178 100
6051 5064
2104 1239
1444 2886
3715 1507
3832 2846
1999 664
1741 2126
2926 300
3891 3426
66 1284
6783 5363
2361 5217
303 473
5595 6137
1329 4252
4544 958
5556 3930
6531 6990
526 5591
2541 839
5032 3930
5335 1487
2255 253
3662 3724
3321 1179
1444 1731
3772 1640
6805 3028
3162 6784
3788 5526
4800 2082
1097 869
448 6839
2977 588
3412 6932
2934 3924
5427 1426
6922 6996
4016 1219
4839 4639
2786 6655
2877 6773
2617 5156
4585 6974
3429 870
941 706
867 4729
5411 142
5913 538
778 2405
3701 245
4418 4767
3723 3976
3599 1466
718 1573
5307 2421
1976 814
26 4463
14 2948
805 4201
213 6541
2885 6260
798 3030
2541 34
1892 1840
6307 4979
6866 2499
1859 3612
2779 2077
850 6603
4506 800
2350 6101
5841 2705
3537 938
698 2799
2162 6804
1725 6049
4588 3084
5496 4922
3368 5855
4273 1760
2681 4925
5769 4522
449 3226
6755 1355
2648 2533
623 4345
5010 1272
567 6665
3046 6743
1936 984
5568 3485
2238 1322
6157 6509
4512 4378
5405 5184
3693 1077
1296 3283
3424 3104
3856 2761
6411 1895
213 2353
6646 6673
1207 3965
1432 6527
6587 3060
6021 205
4537 2341
2856 553
6645 32
2479 4767
6181 1591
3373 2011
3557 4572
2093 4731
1573 2221
3684 3593
6989 3979
1194 5608
294 1379
2847 6102
3895 3813
6794 2757
3807 1714
3340 3002
3675 5732
122 5244
1500 3813
2400 1626
3237 5506
4615 3321
2151 4305
4042 4213
2454 1862
4224 2941
2644 1205
4077 3645
992 2067
1840 3854
959 6091
3675 6082
6254 2604
1612 994
5067 1351
5717 5405
6648 2531
3692 3053
4753 3635
6740 5503
3784 6025
5057 6298
4501 1879
1473 835
5122 4441
3231 5287
1882 5958
6901 4108
6087 1151
14 1338
4428 88
5871 6222
286 2965
2350 4491
1691 5609
4241 4399
1006 5506
2250 877
2341 6657
6510 2947
4643 1181
6198 5304
3268 631
5071 4102
6375 278
698 4572
3513 3845
2654 1869
2062 4963
6515 258
274 1800
3861 4528
3212 6334
210 4259
6404 2147
2954 5544
3734 1720
4417 5914
6652 4878
5836 6012
1646 5435
3133 4728
545 3202
4600 1834
3127 6411
2325 5723
1043 6862
2416 5087
5062 5837
236 5830
1332 549
6989 5402
12 6122
3431 1160
2152 318
6358 4781
2693 642
598 6596
5414 6669
5168 3230
3650 2372
4763 5396
6134 2794
3682 5293
2902 1166
2496 478
1364 5348
2582 5914
4297 3122
6475 6470
6874 5987
4384 5750
5965 3924
5533 4267
894 5584
6806 4540
4373 4837
6661 1907
3199 4543
3821 3543
5600 2456
2942 191
338 5302
3843 5022
6621 5891
396 2274
322 6297
3063 1649
728 4733
4401 3071
4683 6167
3191 6530
6300 588
1940 1320
5572 3067
2555 6319
3928 3790
4859 916
3124 2275
1126 1746
1907 2311
6568 4725
1897 1623
5689 1373
2523 4529
3713 6053
6905 1112
5511 2764
6225 1353
5944 6029
4853 320
3230 6084
3665 5258
5155 4068
922 6827
958 6484
3205 1301
1646 442
5187 2825
4225 4134
3232 6130
488 4091
6868 5367
4104 6059
197 909
4123 3857
1208 4380
652 2213
6275 1066
4095 1809
4654 3493
1354 4205
2293 1192
6204 2354
5925 3693
3815 2923
448 1659
5239 3365
6173 4172
2682 1152
479 191
6487 6025
1530 2337
5583 6558
2560 5858
1027 3968
5535 3134
1653 458
4447 1106
4357 2344
4264 2153
2488 6921
2550 2137
5041 5228
2837 5577
800 1710
738 832
5538 6034
1827 4960
5784 3057
4660 5536
969 6592
4295 4849
5403 3365
5065 6753
3472 4812
5867 1779
3452 6789
352 4179
2788 1147
945 4693
2163 1095
3252 5977
1674 5068
2820 4068
3040 1368
1262 3811
2664 2774
6358 5399
5264 173
6394 1646
697 3810
1036 3276
2402 4494
3615 552
5146 6533
607 5048
3062 6984
3673 4694
1570 931
3177 326
6573 6492
2681 3128
377 5525
3272 6979
5848 574
4053 1128
3019 3123
5637 5989
2640 4258
1678 649
3954 6784
4424 3515
52 2732
1867 3554
1464 131
1421 3467
6350 5107
3444 4992
2052 301
3578 1774
1023 2640
1704 5253
1150 1661
6964 82
861 1558
4343 3334
6153 1560
1299 1003
5996 3074
4383 3110
6427 5512
799 4063
1353 1239
520 5402
6435 3875
518 4575
5098 5307
5124 112
6077 5887
1689 4571
3688 1538
2996 4428
5955 3423
224 1095
6478 3198
2565 5373
6605 5225
5452 2802
2212 3565
5732 5071
446 2605
3180 3956
3108 1636
1655 6091
1371 6332
1519 2066
4602 3571
2864 4659
3733 907
782 5937
6064 6749
3948 2781
5420 6647
4171 4516
1234 2836
5623 590
5600 5302
1827 3350
4165 3947
4509 4511
4657 4409
4349 92
3387 3653
5131 3511
1516 5151
3727 4475
609 6167
984 5290
6987 6616
6340 6997
1486 6440
1579 3221
2345 2000
6517 1217
2749 363
2157 2703
3877 4419
730 1209
1005 3134
812 3493
2498 6379
1295 429
5108 5220
719 1050
1283 3078
1040 5572
5075 2828
1530 2955
6509 3958
4587 3239
1347 4002
810 6049
596 5531
2528 4686
348 5429
4326 3649
2332 1364
1060 3191
664 3191
4699 6863
3486 6641
184 110
5194 426
1582 5747
4282 1098
2960 4316
1926 3305
4167 6221
2758 6087
6248 5472
212 1754
603 2164
4840 1776
4783 5406
3904 4306
6767 1341
2599 2243
608 5891
2760 3100
516 6302
3895 3439
779 296
3340 2628
4523 729
3745 3845
1123 3489
4392 1212
5235 2655
1224 4295
6534 4903
4639 1843
1748 6924
1923 5235
959 5717
1800 6333
1332 4013
2361 2428
2581 6898
6461 6495
4656 2197
3200 6381
3909 462
2830 1186
1672 4835
6579 4272
6685 4668
761 1945
6621 711
1547 2854
4840 971
3164 3691
4129 6063
5392 5648
5994 4750
2415 6047
2193 3002
3571 1571
1971 4121
419 2181
4304 4374
1100 4794
1604 2607
4240 417
131 4932
3524 1001
1700 3069
4152 4734
3178 364
1655 3326
1247 1057
5209 3662
2494 863
3994 361
6480 3862
4611 2023
4203 3918
1782 1566
5598 5874
2212 1150
2122 4640
3137 4123
5136 1090
2607 1679
5033 4375
6065 2307
2261 1042
4788 3790
3144 4513
481 1904
637 2417
3169 6263
1987 5354
5939 6517
2417 4184
6491 614
2377 5539
2444 345
3156 4523
1270 5713
5489 4776
1853 5539
4776 2625
323 914
3967 766
701 6724
1663 3163
260 6981
2025 3552
502 6514
3952 3117
1226 6545
3306 2188
4010 89
5988 2595
1623 2983
441 2074
4450 361
563 3757
1461 4907
5638 4468
4738 6655
6631 3226
4270 5089
1374 5662
4447 5725
6689 198
2709 1151
1401 1069
1951 5673
4223 1486
28 565
1053 3742
6552 6501
6063 4058
172 3727
4800 3749
6733 96
2159 1808
1156 3116
4308 254
1042 6212
5490 1163
887 2137
5057 1281
2037 4262
5697 1641
2961 6633
4444 2020
6004 2323
780 735
4173 968
5819 6707
6631 2421
3884 84
680 6920
5131 5552
5662 5188
5056 3688
6458 6815
6494 2308
3825 6270
267 2028
4348 6045
3904 4119
4157 2313
4256 2292
4999 6537
4531 4217
4053 1209
6606 5932
5236 5726
516 6115
1842 6022
5544 594
2651 4848
2269 2302
6320 3444
2433 424
800 1336
3454 6111
4015 2206
3346 2636
1186 4755
2671 3221
3013 6368
3539 5660
1734 5526
3516 3956
5653 887
1424 3765
6574 708
4464 2190
6045 6780
515 1702
4925 333
384 5191
1685 1096
699 4263
5709 415
6824 102
6350 4383
5543 2597
2303 3360
226 818
1587 3944
1843 5819
1936 1846
5332 1596
4262 928
3047 4043
2799 4695
309 5956
4139 2026
1964 861
656 3785
1795 1614
2092 5742
1717 203
1025 3093
6462 4974
4781 3186
5037 5061
5713 3166
2299 558
3314 2293
5745 6087
1354 5254
199 2004
6551 1232
926 5716
2248 2498
4878 2715
2388 2478
3850 5656
2995 6862
6264 1175
1663 2976
6983 4272
1728 4125
5269 6508
3216 2108
6010 504
3059 1370
6426 2634
4607 4322
5319 2838
1031 5136
3178 2755
5418 6227
5951 2526
3045 913
1737 3083
4488 6293
6964 1936
2139 4783
5043 4071
1117 1877
2952 3351
6190 5925
4313 61
3977 4276
3101 441
3660 2125
5525 3064
5812 6504
3412 5029
2846 6338
1792 3894
2723 1020
3220 1072
5209 1515
885 4910
381 681
3713 5142
6263 3178
3475 5728
3279 5816
6727 1592
6572 4687
6300 27
4426 4260
4833 5550
3269 4347
6127 1038
4829 2398
4385 472
2220 6411
3244 318
1069 651
4166 6026
6313 2891
2772 508
5435 3147
5161 4076
620 6682
6380 1834
2672 277
2455 1740
4377 3213
1827 2171
5559 1870
3814 1787
1880 5969
3505 4415
1268 3870
2696 1802
4119 5806
633 3130
3253 2659
5082 1689
5961 2789
4309 5149
5398 3615
2872 3721
2877 4065
5831 6880
5607 756
6135 3127
2866 3152
5827 2974
6699 5155
4154 5211
6609 6393
5038 1767
1710 6847
1963 877
2742 4779
1245 4798
4168 1884
553 518
1523 3988
5141 2619
3878 1556
4485 1002
371 5173
6004 4714
1489 2125
3362 6335
3202 2670
110 3331
3072 345
3507 6689
88 5235
606 6918
3944 274
1012 5354
549 4132
1884 1119
3537 1613
170 1103
2257 4333
1326 791
1849 2818
1467 5934
2033 4625
6293 6695
4237 2778
4092 6561
2434 5723
2817 2455
2001 3589
2842 4205
4265 1793
32 3798
5326 4627
4354 330
4820 5987
6265 5778
346 5651
2311 1536
2840 345
2520 5093
4982 3282
5192 4812
1990 1895
587 5713
613 518
3422 700
4717 4704
3289 1110
1179 6756
210 6894
3627 6767
2068 3656
5557 5849
2422 4908
5187 654
4122 330
3745 4544
6897 1682
2793 6541
4218 792
1420 1900
3927 4026
2595 140
1349 3942
3811 6295
5275 3884
5858 5962
4989 3298
6011 6958
3865 115
590 1823
1403 6807
6627 1979
2124 905
5675 3976
400 1699
1461 4533
2589 2173
2267 6094
3442 3580
3519 6244
647 4959
2918 4334
1335 3081
6211 6615
3790 4263
4499 2508
5526 6512
4717 3899
362 5729
6805 4321
1072 1166
827 6997
669 3405
2697 6028
5677 3648
6048 5281
4959 1153
4403 3150
105 596
2598 5268
6085 4382
2749 3185
70 2295
2465 3426
813 5786
966 6782
190 145
878 4683
4059 2559
6044 5512
4109 5305
2803 6050
1050 1942
6435 4387
6650 6261
867 2989
5816 5281
2669 2825
186 3005
6220 3644
1172 592
1650 3600
2701 4992
6845 2915
541 6387
5923 2899
2726 326
2853 6517
4475 6944
5838 317
3663 650
4864 6527
6897 6488
5576 2037
3194 5275
6926 4974
4114 4494
315 1321
1784 5670
2252 1574
3716 1415
230 5155
3683 5439
3026 968
5646 6913
185 5412
2394 3909
3137 984
1113 2240
4648 4778
99 3359
2365 1636
6284 3413
5355 698
4544 3674
3233 4829
3515 3761
3694 5978
3926 5547
559 4283
1338 1769
4375 2175
1577 4037
6532 4646
5928 5471
5403 2617
1261 4740
5898 344
6985 4399
3316 2770
3371 225
6829 853
6946 2192
2761 1959
5046 4450
6823 3290
6446 6750
6302 1309
2059 2626
2269 4156
6661 1427
4572 1534
5353 2099
2242 5716
588 4997
6818 3296
4483 6380
1923 486
5448 2336
2139 5214
2364 3612
6877 3122
4040 5810
867 1379
4191 5225
454 5936
1548 4746
519 4079
1388 327
5407 5718
3595 4413
80 999
854 6809
391 4833
4477 5030
6616 2034
1950 1528
4310 194
5306 1879
4565 4096
1349 3755
1445 3463
6956 2075
6990 905
2465 4044
1818 261
1568 5748
2998 343
4338 1838
2924 1360
2309 2750
3453 923
3924 6924
5481 540
6780 2034
4605 3121
832 1169
5114 5442
4507 334
4168 3120
336 3971
2452 5687
1056 6512
6154 2511
1584 6631
4292 1843
5415 5555
6150 5775
592 5065
5542 1166
368 5357
6466 1285
1296 6349
5952 2003
5217 2537
5406 4688
1070 4316
5617 4908
4862 4066
3351 4379
1131 805
1188 2093
5895 4852
4718 4287
5829 6484
602 1215
1412 6682
6923 5294
4342 4939
3468 1931
5266 894
4078 6586
5451 4057
3768 5606
657 2053
4382 581
4227 3676
2559 5503
4455 5755
2929 5036
3357 3039
5500 3168
5875 2291
3855 1037
4249 4374
1329 4553
5131 4991
2354 1314
2445 678
6684 1871
4406 1325
150 6544
5828 5858
1418 811
1998 3372
573 2705
2097 2597
1424 4009
2761 2577
1916 4471
2852 1941
6701 2225
2279 2079
3275 4518
2306 4656
726 2166
727 5774
4948 1500
804 544
6724 6531
867 5030
621 1591
2300 3306
2078 4425
6417 2816
5230 1563
4566 2337
6067 4689
2237 2203
5876 1711
4596 3677
3606 2938
1988 4882
5314 3893
5242 1573
2946 4585
5444 2431
3593 1952
3777 4513
5972 4802
3049 1300
6992 5383
1954 3019
385 5636
3566 3512
885 5959
3218 6212
4095 6485
322 369
6583 3643
1478 6473
6987 4258
2689 5868
3506 6090
6698 4155
2278 4836
1037 6730
2090 4785
5139 1044
2808 1618
2155 5934
1940 1808
326 1242
2998 961
3686 4745
1126 5267
627 4388
2101 2665
1478 3440
5327 3724
628 4990
6545 4290
2519 4144
1586 6945
4604 885
1586 529
3055 4878
4366 1471
3263 5581
2953 437
4205 6249
1562 5016
4601 587
5452 6055
5734 4987
6286 3248
5293 5244
4567 4386
489 4050
1299 3101
6932 3396
1677 6659
5681 3848
6128 5291
1825 2393
1302 1120
6028 1677
4544 6065
3254 1681
5960 6646
681 1187
239 5006
1388 3523
4997 4320
3557 4873
3252 4237
1509 4981
3780 4356
3804 4750
2283 4375
5058 4973
5115 2097
1653 3979
784 1315
6482 6169
2036 1465
2678 4904
2435 982
721 6628
64 2157
4487 5157
3428 2369
1927 3400
2706 2384
5313 1708
4657 6507
3568 1625
3017 4720
3948 1846
2821 644
5821 6810
1898 1127
4384 4628
5165 5193
268 5720
3158 414
6774 4634
549 5181
2639 1512
459 2255
5736 6887
6276 4357
3678 2143
1508 3574
2819 167
3877 3484
6740 2771
849 1686
4491 4875
4331 3462
5298 245
5580 3341
1101 2661
6703 2889
982 1249
2525 3103
4715 3802
6575 1391
4334 4110
5763 4896
6811 3361
1828 4868
5319 1472
5007 6081
3758 3950
6528 4204
3042 1528
4423 6030
3300 66
5903 4152
4222 2364
4347 6974
5541 2982
5369 4218
3039 1230
3627 1400
5063 4111
913 1455
1945 5803
5405 842
6055 4142
6430 4019
767 5767
2775 6260
6455 5015
5837 6134
4777 6908
195 2343
3309 3161
1468 3370
1934 4109
5855 6713
6894 5816
2529 6204
3738 4772
5352 6092
5918 4783
2807 5394
6167 5487
4047 6281
2027 2021
5912 4214
6476 6242
1184 578
5445 5502
2045 1846
589 2620
346 2862
965 4597
337 5028
4313 923
3266 6066
54 2461
3000 1251
119 604
3598 2109
1380 6532
6645 951
4587 3377
5712 3752
3122 5563
5675 3870
5331 4060
360 666
4646 3957
3811 6539
5084 6812
3788 4835
1381 6353
5274 6909
1165 5008
6599 956
5399 5103
292 4854
6543 3276
6389 2809
322 6948
6628 5077
5907 3065
3042 2951
1622 3382
5758 2942
5419 3476
519 322
799 2591
2700 3187
3820 3218
1557 1452
671 3345
2008 1913
5406 1736
120 24
5849 5689
4846 6997
2948 6672
1885 759
4964 4774
2156 5194
6762 1485
392 897
2319 462
2193 4295
3165 1422
3991 1006
2848 5687
5921 6504
6122 4508
5885 4595
1623 1698
2473 4312
316 5224
6321 961
5292 6710
3091 6576
3558 4507
2868 4060
3639 3183
3700 6842
6157 2435
3617 5087
3333 5328
2017 1975
4233 889
24 1790
1242 2356
2300 1509
2680 976
6555 3235
3353 318
206 1272
1331 1647
6274 741
4587 4800
5335 2219
3380 5524
3758 4918
1759 1535
2627 6226
2324 6417
1202 5559
1536 4681
2281 3337
2480 6930
3153 5518
4562 3400
6957 367
4343 4790
5551 4668
6010 1984
3339 5873
3487 1607
3996 3928
68 5071
4232 263
4010 1382
5143 5782
2500 4549
2655 2208
31 5189
4601 1823
4110 1963
2833 4200
2611 5319
30 5718
255 4116
682 3429
3488 6346
3051 5591
3240 2080
2426 5539
1244 4630
3830 5329
4329 6962
247 2720
2611 2286
923 5743
2948 1679
1547 5570
1141 4882
3909 6561
5567 983
5613 3610
5705 6582
5607 3041
502 3619
6830 4705
4767 6033
1661 2824
4085 3195
126 4271
1696 5262
1443 4816
3962 4293
1878 4744
3017 2573
1124 2592
6234 106
4360 4339
5167 3119
1404 2609
5977 2170
2954 1470
1142 165
5968 926
6372 4951
1673 6217
3261 2152
1745 2121
4756 1306
272 6698
2445 2532
929 2501
3019 6002
4561 5002
211 6422
6348 3776
3284 69
6809 2673
5496 4499
2227 4524
2108 3112
5721 645
3226 64
21 3265
1540 6977
6108 6948
5480 963
719 1351
1126 4893
6971 2627
4925 5814
6113 4259
284 642
3962 3488
1742 6330
5603 2467
4476 1265
4474 4602
4071 3431
4110 6769
5758 2755
899 6772
1618 5705
4013 2672
522 6068
4844 2600
6688 6826
5072 2427
6906 1801
27 3056
5780 3453
3266 5074
5248 4346
3283 2045
275 6541
3470 1871
6930 3326
3438 6497
642 5022
5683 6903
3304 4053
5609 4510
72 2425
5326 6107
2034 6680
2959 3237
872 7
3669 5090
1955 156
4847 2093
5191 2657
4754 6066
5100 287
459 1531
5691 728
555 1239
6372 3341
59 4041
6628 1052
3892 3792
1456 408
1650 3657
1084 4966
5900 4285
3906 1246
2677 6907
5528 2427
5378 5866
6149 4989
2193 6336
6527 4383
5001 2910
5183 4644
6274 3937
1537 4719
6803 2746
2627 6039
1424 4253
3587 1651
2775 275
5861 4707
6052 2023
2662 6225
3032 840
3992 2868
4312 2284
4114 4551
2531 3298
313 551
4929 1694
5163 3618
5797 4133
2347 4120
4073 5681
471 5274
2150 6989
6809 6324
2511 1518
6665 6545
2825 3371
6100 4292
985 18
1081 6142
5183 456
2767 2612
1384 3699
463 845
2387 3145
456 3838
614 1014
6175 5405
6746 2188
3745 5219
1572 717
326 4519
1379 6738
5092 2223
1754 2451
453 3540
2504 697
2659 4772
6854 5693
4429 5851
5426 1345
5179 4851
4067 4681
3967 1067
3843 2721
2592 6179
2308 6420
1934 3735
2345 3269
5819 4430
320 917
1352 5265
3186 3885
4394 3763
189 2154
476 1430
1836 948
1223 2411
1531 312
6 2447
3017 2386
4753 4635
5816 3378
747 5865
4603 904
2022 1303
1054 4295
5603 6468
3074 2139
364 3848
2552 2966
5534 1413
23 3555
1433 6543
5155 4800
3859 2823
1927 1416
5199 5072
5407 5775
25 3601
3729 6914
4966 6032
2507 6606
1788 1257
6151 42
765 4542
6897 1552
2876 1750
6833 4011
1188 2955
3997 5389
3591 3947
2937 3157
6894 1254
6706 1203
3373 5939
6234 2147
2087 3926
2121 2756
4922 5329
6761 4293
6692 6408
3679 6396
3361 1391
3206 4486
3920 3075
6837 3379
1736 6328
5442 642
172 2873
4080 4461
4820 2019
6430 1685
2947 2690
3188 5785
4853 3630
5161 1531
5438 4283
4008 5524
1133 4722
6458 700
1578 5338
3226 5488
4661 427
3439 6535
2873 3680
4652 2593
2534 4214
5273 5155
2721 4040
732 1345
6523 4478
1762 4866
5026 2245
4020 2501
6876 4781
1165 3829
1781 6047
664 5533
1029 3968
4329 4010
5130 5227
159 4085
2771 3753
6816 1697
1300 2741
2088 313
312 5081
2894 1874
1082 569
870 6540
1928 5693
2026 2064
2262 4815
116 4388
4381 6802
4345 4139
742 878
298 3870
6994 2908
1447 2387
4635 1434
4750 5356
4096 402
4407 2738
6456 5484
1733 2192
413 595
850 1350
5270 669
4549 5073
2509 5042
6537 1127
2624 3302
4680 803
2118 4662
3016 5812
5705 3980
5882 2364
4390 6891
3743 3108
6322 2636
5505 162
993 3506
6726 999
6041 142
6259 2287
4072 1105
2776 3292
3175 557
6440 3796
4100 6536
2577 5334
4731 3370
3821 705
4012 4437
4277 5674
743 298
1730 4149
1428 3784
1571 3338
1111 1633
6204 3704
2969 4811
548 6623
3993 2882
4464 4719
4402 3087
2726 5807
1700 5411
4706 4252
3677 3585
2992 3482
2997 3826
4241 6367
2066 6700
1283 3810
4583 3098
285 4708
6210 4623
3209 5402
287 4754
3057 1598
6978 3448
4793 3847
2339 4765
1843 5315
5322 404
1562 5073
3274 2764
3644 1543
6536 5732
5755 5921
5256 2036
6692 3993
809 4277
5539 2324
6631 6723
3417 6455
2861 4288
2357 59
3131 5869
4753 4798
3815 85
2323 4612
2065 6074
6063 4172
3281 5813
573 4185
3198 4058
2878 2390
1539 3749
6520 5579
1506 1357
4023 3417
5024 2036
610 6669
2370 644
2025 2861
6096 2026
5889 1925
5975 3951
4025 6846
4758 3987
2120 3098
3820 5690
1270 484
4914 4500
3174 4761
2451 1922
2755 2333
5504 4716
6712 4594
3074 4530
1140 1542
245 4073
4811 3217
1633 4858
5083 5625
575 43
1755 4289
3102 3545
43 182
2506 1979
1441 1655
1408 3427
1258 6866
4116 5809
6666 3845
1101 2718
2961 2559
3088 2334
3994 1093
2192 6892
6134 3957
4047 727
6325 519
1182 613
3140 1743
399 3385
2171 1881
4113 1724
5513 4778
551 746
1760 3478
1605 157
467 5182
2105 480
890 3595
3101 2165
4446 4758
5057 2468
4933 4876
4217 4706
612 4782
6806 2670
1828 5275
1823 4931
5811 1587
5773 5267
2036 5978
69 598
4220 6108
3344 2273
1709 106
3618 3973
5519 4569
2995 4748
1336 275
1277 3078
4802 4928
4852 4291
2677 5378
6622 6124
834 2508
4566 2207
5753 3460
1737 4002
4754 4887
1354 1985
1422 6061
770 1934
2074 4526
6396 6720
6277 5308
5004 2783
4157 3850
382 1071
292 4561
388 5023
4053 2746
2134 1544
2755 4106
4498 3362
4403 4256
6017 658
5332 6971
5769 1310
5803 6556
1254 4383
3372 3516
1350 4845
1405 4552
42 1353
6924 3025
6169 2183
2471 1314
2311 4065
6607 874
3489 1068
278 6733
2217 3649
5486 1372
3581 4040
6814 2106
2645 154
6655 1295
5626 628
5276 3255
4782 1966
2084 1026
1423 5481
5098 3892
5432 3014
6674 2476
2298 2675
3480 3584
1699 3844
1637 2966
4311 3512
262 2416
5802 5930
2975 2136
6280 1768
2192 744
1858 1622
237 4049
3162 1962
1286 5368
1250 3459
6852 3687
3211 4106
4522 699
6459 952
4613 817
1030 4624
6890 3390
1198 6652
1439 3331
4675 5078
4603 2758
1753 4430
6380 1598
1335 2227
2642 1330
6998 3862
6879 5860
5542 3882
936 1175
6851 3812
5944 5582
6558 6973
4469 2916
711 6160
2256 4677
1824 5020
960 2700
1234 1771
4377 3327
1832 2629
2919 6684
1823 5549
3447 6803
2064 1474
6368 3816
6244 5470
673 391
2655 1915
3496 6695
2775 519
5765 5243
6704 6394
4708 3282
3469 1839
3371 4714
1853 3856
5790 6993
3744 3764
881 313
6483 4705
5521 1850
6755 2949
4728 3934
4308 5792
6505 2020
2315 5607
2778 1167
5486 2795
5608 4478
319 2495
4228 2830
3765 1608
2796 992
5020 6937
3515 679
2825 6648
2140 5791
2084 2449
1793 5683
831 2828
584 6334
3638 6347
2105 293
5219 357
370 5062
2101 2803
3221 6998
2937 823
2422 5827
489 5693
73 4317
5002 5957
4682 4289
1227 3178
2929 181
4926 6901
3271 3328
387 5416
3508 3241
392 5760
4096 3411
3807 3308
5207 5608
3216 2840
2066 4098
443 5698
2551 3389
4794 716
778 5422
2299 6551
1430 3887
1268 5057
4728 96
4700 4464
1183 6639
340 5950
4796 4926
2984 3621
3230 644
2643 3328
525 4949
2510 3738
6126 4952
4035 2734
960 1090
3508 5469
356 6079
2599 3406
4218 906
6339 2966
1260 4765
3094 3385
909 3784
3710 5603
5355 2072
1381 6223
6008 3391
68 135
2615 4289
560 5478
2179 726
6067 6600
3641 3904
721 4083
1029 1984
4919 5275
2605 2820
1273 4596
4356 6101
6741 128
501 5248
4753 1041
2335 4622
3538 4156
1451 926
2483 4520
2628 1491
2049 1784
5179 3135
4683 5183
6899 687
6700 6893
6762 1355
4520 466
2413 6383
5827 323
3590 532
6110 2863
5544 4172
4706 3073
4921 4947
3565 2165
1404 706
2904 204
574 3632
3829 6183
5635 6919
1989 6994
5534 3080
5288 395
6043 1237
2617 3530
6039 4501
251 885
29 2004
3303 71
2890 4628
3141 1995
4758 6996
1642 3099
1511 6588
6619 4029
6330 3926
1292 4972
4251 4721
1818 5018
3000 5927
3971 5835
3159 3705
423 6445
669 2714
600 665
42 2589
4121 5779
4435 6878
6605 6201
2842 4937
6629 4343
4547 1457
1935 5953
340 3185
319 2308
3275 1786
1645 1461
6132 504
249 34
366 619
2241 6410
3449 2124
1527 1405
5792 3065
6314 2238
3605 6801
590 3710
1457 5547
1915 9
5901 3008
5446 5811
4290 3871
1857 6420
5742 2197
5840 3486
1881 4562
1237 4460
2450 518
3415 3644
4523 2160
6515 2120
2385 5758
1728 1287
2199 6534
2249 5897
5026 3912
4095 370
2350 6703
4342 6663
347 1666
5056 6006
5117 6659
2935 6575
2333 1811
4146 5970
1130 25
6037 5878
2339 5009
5613 3830
2213 6590
4269 1839
2028 4558
3945 5687
1498 1360
2246 5949
402 225
2291 4968
4784 3224
2079 1113
644 6174
5103 4667
676 4177
5058 4924
6620 6054
5242 1069
4562 1310
6427 1495
802 6733
2175 4204
6182 5828
2505 174
4741 6910
3832 683
1839 6914
6856 4991
4213 3758
4433 5976
3316 5462
3490 165
3677 6407
3610 5185
3214 5185
807 6703
1865 5102
2811 4014
619 6652
1842 4152
5512 2219
3265 986
3884 3475
2394 2413
4665 4040
2576 4147
1373 2361
6595 116
2773 4661
4423 720
715 4081
4882 5206
6305 2794
3318 1751
766 6298
3166 4363
4790 5617
2732 5037
43 3459
421 2853
3232 6114
3659 5427
6735 5007
761 2921
6920 4760
5368 2066
1161 6046
5216 4678
1448 3070
1321 1797
1327 4995
3275 5437
4715 720
5678 6429
6855 6994
3150 3456
1073 914
2687 1480
529 5954
6596 2569
4930 5223
3612 1043
1266 3214
2088 6786
5419 5387
5195 5679
2798 1469
6184 531
2801 5904
4253 1978
5278 4401
6054 4622
3538 3164
6499 2986
666 1879
6498 5013
5963 2225
1078 103
5359 798
5119 557
5143 5115
2973 6546
982 3778
3964 2225
2061 802
4361 5079
2592 438
6852 2508
976 3209
3748 126
3894 6367
4799 2272
1029 6253
6230 6137
817 2398
3931 3216
2675 5576
120 780
3464 3750
1874 1326
3512 3040
4234 6408
6593 1466
4442 6357
3568 3349
5469 3945
123 1428
6069 5630
4567 5305
2198 3143
1086 2973
241 5621
2106 3554
1705 3210
2985 490
6118 1358
586 6033
2174 1968
947 3568
5460 3078
3280 3821
5181 3663
5367 635
1518 351
6870 6066
1581 4083
6397 4156
2813 5109
6338 6959
6395 1077
4712 1872
1169 5832
5245 4587
3531 4571
6865 2689
3188 1199
6176 5096
2069 4022
3953 2759
319 4349
2344 285
439 4451
1709 5961
750 6787
2933 3309
846 79
1375 3052
2206 2980
4009 3041
6524 2022
4760 4895
858 89
6687 3706
5964 3119
6587 92
3507 5274
2850 49
2021 6583
5552 1862
4750 420
235 4247
338 1716
3812 2123
4027 3997
3479 6609
2123 3103
1968 6198
2288 1450
1283 6095
949 557
5116 1682
1444 6952
2502 5351
3517 5588
4017 5911
4214 6425
1005 6501
6485 5800
1812 1871
1148 2645
2653 6651
4073 558
2796 2041
1956 5033
2737 5598
6978 2700
6231 1719
3490 3361
6560 497
6307 51
3041 6009
30 408
2115 2811
618 2830
6657 3813
4014 6744
492 4411
640 4309
1075 4237
4414 3453
2509 5367
4097 1302
3386 6394
6748 144
3821 5568
2419 189
1827 2529
5843 1987
541 6932
1420 3868
1086 4746
6203 5713
3371 1575
2657 2986
5673 2515
5581 2926
2816 764
727 3123
981 4171
2218 4787
2371 5783
876 213
6571 632
6070 3090
1443 5922
784 624
5765 2454
5722 5790
1682 1774
5202 3280
1096 5814
98 296
772 2492
5293 6781
4842 1432
2925 1057
2826 6713
3287 1446
2141 194
2113 4562
262 4083
924 6646
289 5906
863 2206
2814 2165
639 3252
1757 6620
260 4387
5606 488
3374 287
6015 5611
4461 2090
5056 6437
4531 3583
133 1579
5308 6658
637 3556
2187 2417
4859 2136
103 2868
4678 4010
3219 349
4518 1843
6008 1407
188 4669
2280 2581
5537 5205
1765 6107
6844 5062
2804 5210
932 3100
4160 822
2611 4815
4471 5410
4937 3897
6287 6834
1764 220
1803 5810
893 3145
2424 1956
1579 6856
6097 6710
5132 4338
457 3746
1290 337
4063 6524
5923 4867
4154 6642
5647 2717
1626 2915
2978 2515
6388 6135
1321 3033
5715 1131
629 1759
5243 2075
3930 3901
4297 2382
3089 252
4792 6525
907 4332
3173 5615
900 3161
6447 3682
380 651
3186 3568
3057 1468
789 5774
6654 4160
5883 5037
5065 4590
6746 716
1515 5127
403 2705
370 6729
456 5749
4093 4430
4284 1746
767 3921
894 5194
464 6364
1701 4728
178 3526
6016 89
5926 3579
1074 1597
272 3161
4907 4354
2469 3553
1856 5770
3460 1484
4241 2049
5304 792
1694 6940
2686 5473
4021 3214
4805 1044
1594 6709
3650 4210
6043 4514
3956 5448
6573 1296
1308 3871
3493 4226
5626 2913
3893 5099
2518 6047
4292 4616
374 31
2798 1900
1055 2644
6468 721
6287 1841
5186 2614
4072 5781
5153 222
2265 2568
1422 1125
6497 2590
5220 4827
6058 5926
6612 850
4867 767
228 2084
784 3470
3523 4411
2599 2040
1351 2763
189 3260
1068 196
1961 1002
2776 6813
3521 1305
3139 4421
6282 3725
5604 629
6686 4340
2928 3420
2200 237
4949 1866
85 5539
1055 1839
3825 5099
3890 3242
6522 152
3724 1260
4286 963
3121 3441
3685 5469
2377 6141
859 5283
351 5816
256 294
3717 6855
6257 4957
3392 4843
4424 2775
6175 6056
2500 475
6727 153
309 2557
4739 1066
5694 2750
2648 6762
5041 650
4917 3058
3671 6860
953 3790
5942 6235
1558 2409
209 2326
6652 918
6836 3479
6285 6574
1640 906
3309 1933
705 628
3057 931
4624 5815
2007 5803
2377 5336
1126 1624
6210 923
5361 5327
6631 2673
2780 5726
4955 4639
4420 1097
6381 1744
4803 835
4237 2144
2828 2010
6198 6955
3746 5290
38 3733
1662 5741
5103 3756
4076 506
2708 373
1441 3298
6252 3027
2057 5516
285 1358
2494 6271
1085 1973
3144 3155
5912 3336
1311 973
750 3380
4783 5471
3482 3150
6027 1596
4199 6174
1077 4714
2047 5178
2040 4007
4068 5876
4591 5651
1819 2318
4713 918
6423 4198
4680 4942
4967 1966
2353 5635
6928 2613
197 4520
4925 1740
5047 3423
4589 1791
3925 2565
1843 3843
5819 6154
4647 5933
2343 4166
4053 5194
3919 2750
3029 5625
4863 4245
1408 882
1489 2564
5671 2469
4518 6462
120 5212
2768 373
1835 168
5410 1381
4694 1965
6256 2341
1056 6065
3673 6077
6185 3629
5717 2063
4472 6467
3660 4337
1385 1810
4996 2680
4989 1509
5985 3948
2626 3299
6301 1710
4869 626
3036 4860
6259 2238
2817 3244
5510 3840
2777 6097
1445 2211
5457 4179
1185 594
1092 4567
6505 1890
510 1179
6508 6325
5887 3009
3213 211
6785 4913
5699 3712
2707 2325
690 3998
3794 6380
3354 5327
553 502
620 2478
3947 5841
6497 4631
3262 5738
1397 5553
1545 1287
2565 1868
2129 4721
697 2883
788 3001
3867 600
5398 5827
971 5337
2975 6812
6118 1952
4712 5499
2398 3044
3406 2834
5414 3327
4840 3964
5358 5647
5950 3307
1564 2818
2562 1920
2579 5307
4860 5370
5880 1787
4145 6556
3075 5888
2803 1228
91 4362
2359 56
5440 4898
5632 5068
3390 4179
3471 2855
4687 3348
4277 5170
4784 6664
6240 228
2698 6288
5487 930
856 6272
1314 1488
2881 2208
2008 2808
1406 4460
5272 187
843 5286
3651 1860
6694 6218
3086 2613
1837 482
3029 6243
1214 1257
941 2788
6474 5131
1739 324
3767 2193
6535 2374
1590 201
2796 5668
5439 485
4757 6315
4979 2944
5868 6260
2172 2808
3724 2496
3199 6812
4782 1649
6650 4017
757 2859
3840 3610
5115 1300
4091 977
2289 6776
6392 2446
1999 786
4655 6388
6257 6193
3313 1814
1697 3831
5331 2995
4092 1552
3987 3256
5611 5264
6168 6121
5910 5331
5920 6019
6825 1924
6861 4587
5416 4796
5457 4797
3489 2979
775 3034
281 247
3422 5140
2732 3939
3645 459
6804 6712
969 3250
3512 869
1022 6294
991 4729
1087 5191
5908 4854
2939 4390
3341 1926
1453 5699
6708 184
5345 3401
918 2911
2726 6726
3378 4437
2342 3353
4491 1045
1390 5350
6053 2175
199 6607
127 5041
6329 6954
1071 120
5675 2000
123 1135
2430 2419
5797 677
5539 2893
2438 28
4320 2102
6014 4849
6883 5261
6728 4192
312 1007
2612 5284
559 884
3171 552
4946 1975
452 263
243 6505
3448 2523
6937 4716
3009 5105
588 2753
806 4144
460 3507
2134 4878
2476 1609
4902 5059
1669 577
6182 87
5960 1206
2123 3965
4034 5249
5751 3284
2625 5115
2602 4165
4431 2441
570 4806
1327 59
3025 5988
1786 4545
1729 4011
3894 2236
1189 125
6118 1765
2183 1737
1123 1757
1661 2564
2712 4710
3982 1302
5762 3823
4984 523
3764 3294
1651 5259
2487 5531
503 3180
2401 95
2141 4894
5876 4110
3336 3756
4547 3905
6371 1837
5132 394
5280 6708
6718 5328
5634 1544
5935 2438
3359 2427
4092 1820
6153 3829
308 6095
2729 2031
2267 3663
5314 3259
4753 4912
5646 1554
5876 4460
6451 261
4501 3156
6855 4286
392 1255
41 6690
3054 286
1474 4966
1538 255
2155 1917
4426 1292
3464 1847
286 4242
6736 6257
2404 2621
1621 5393
3775 19
6987 3624
1884 111
4953 3438
3368 5522
4464 995
5104 1355
6850 4292
3553 4521
908 6625
5139 3793
3267 1683
6945 6781
6340 2500
3110 3951
3638 4070
5324 2792
5568 3152
499 5639
3298 6631
6197 5575
1304 4346
299 4073
6066 6812
2448 2519
1742 3037
1336 2349
4598 5317
4254 5507
1358 3828
1449 6198
2380 3324
2947 2617
1918 2704
4158 2012
2661 6195
1076 4115
3813 4983
6364 6627
791 4885
1756 841
5491 6473
4089 1094
1995 3109
4426 487
5854 4835
4178 6801
3171 4203
3520 4357
4332 4235
4832 4558
6606 3127
503 4603
4574 3768
6313 5534
4071 5399
5098 2233
719 3669
3210 6760
4759 2767
1951 3941
2585 6708
4015 5467
811 5887
498 1226
5353 6889
5444 6253
4190 3778
2397 995
243 707
4568 3172
4905 5975
607 1169
3635 2967
4466 2895
959 5758
5783 3440
2393 6888
2660 4788
3221 883
6961 6859
3780 2567
789 6286
5674 1992
1095 1108
1356 5579
1468 6574
2527 2165
1506 6277
2313 1647
5386 1710
6566 5956
4711 2295
3966 1387
5038 4410
4045 6406
65 6605
4050 334
4943 1140
4645 1675
3482 816
3182 6940
4674 6577
6606 2322
5018 725
842 3264
5314 3527
4827 3409
682 6015
1211 4824
6818 3898
5309 5812
2697 6898
3480 1120
2552 3511
1860 6401
616 4614
4465 4898
1261 1154
6933 4787
2067 3469
4465 1865
6794 6880
1479 3676
5777 2066
541 5379
2991 6971
3130 3343
4780 6572
6547 3970
1937 4527
6706 1748
2993 601
2924 1962
5076 6341
2466 1084
243 5163
3085 2819
685 1344
3264 5036
2212 3419
3924 1110
403 5795
931 1750
6966 5243
1400 4672
5870 3354
1763 2280
6403 3817
5472 6691
6279 2061
3698 1706
2171 3768
2875 1669
3511 5263
697 1704
265 6211
2913 1372
1199 2854
3749 1644
3004 736
5765 6162
4285 1624
5579 2774
761 376
5088 3668
3746 1346
2779 1557
3806 5561
933 1422
4869 5058
3582 5853
879 4569
4334 1516
321 5739
3360 1310
1190 1987
4550 6244
1594 6766
2711 864
995 5683
1432 2274
3987 654
6506 131
4456 5828
2524 4421
5256 4191
4726 993
4113 2456
4292 4673
5536 44
66 2187
5589 3842
4725 1522
2858 510
4222 3153
5435 3375
2503 2039
4089 557
916 3296
2230 5822
5279 2081
6342 5742
6022 5572
4652 5366
4810 290
5157 3781
2934 1444
349 3599
3814 5398
1510 3631
5798 1333
6957 6954
4800 2985
5452 696
4739 4961
3901 3862
699 5109
697 4282
1881 6018
5819 5593
6199 5060
4604 2292
722 6032
6104 1790
1995 6305
6071 5814
3574 4406
3610 4063
5513 1322
5824 2904
5597 3679
2980 3667
748 4220
1087 1434
3800 3406
6188 4120
809 5627
1203 4800
4312 4520
6645 4773
2166 4093
3537 1491
5906 1401
4039 6805
3915 5049
3903 3534
2225 4673
5659 743
6490 671
3224 213
6302 1374
1508 5786
6523 6446
4770 6502
6984 5343
1077 6731
6798 1955
6304 5584
4740 3627
2818 2908
2557 4853
1541 5145
3021 2513
3683 1666
1 5494
4364 4279
314 4493
2839 752
1769 84
6636 846
3616 3827
5753 6420
2114 496
2678 3278
5911 1344
1334 3539
3670 3309
3042 3740
2178 2174
2517 1640
6679 6585
5044 5142
2303 6784
1403 4807
2449 193
5403 5260
2378 1481
213 3256
5132 4208
22 3688
6343 3603
6523 2258
4336 5994
2661 4398
4079 861
288 4719
5727 1011
6785 6580
371 58
2680 4798
6818 5939
5075 267
4020 631
749 6245
773 223
1549 444
2010 5757
158 5777
3878 3207
268 2939
6374 5144
961 3657
4653 3203
3223 5198
5157 1016
3530 2874
1019 4012
2533 964
6705 935
5770 6319
2162 2714
4581 4239
1477 2611
623 6671
5790 1309
3672 2176
2273 3484
939 4433
6851 3389
2871 4342
5605 4939
2675 266
2525 3705
3311 4614
3182 1760
5546 3578
1518 1107
3107 6312
1020 830
4330 806
6687 5617
3729 5312
2012 861
1918 5363
3506 544
1076 6774
4567 3378
4968 3722
2509 5050
88 2698
3873 5441
3565 1124
4845 3322
6464 68
2004 3602
1661 230
2344 4424
6480 3984
5086 4882
6139 3691
5853 853
3182 3988
1188 1703
3498 6668
1991 5999
6137 3995
6658 2943
2272 4706
5020 6864
1555 2813
6128 3128
5777 2147
4104 4384
2431 5867
1552 2515
2266 1858
3570 3696
3878 1597
6240 1090
2260 1289
1485 4676
1321 3521
2250 6236
173 1442
259 2714
2012 406
1747 5615
1444 1642
4429 6022
2502 41
2655 1037
1373 2930
1283 4168
1102 1124
4519 1751
1312 2654
5388 2163
472 728
289 5939
566 4527
2622 2028
1185 6262
5698 6526
3112 5827
502 570
4204 3810
6908 34
5340 1341
2819 1037
4133 2065
5740 1460
1975 123
5068 6480
1799 2341
1290 20
3998 5812
1140 2705
3010 1736
2905 3440
4154 6325
3479 6910
3526 340
1376 2423
3616 2485
1534 3763
6081 2103
6265 4664
72 3214
1743 904
2498 248
3308 1551
715 3845
1721 2808
3524 6279
532 4892
1807 1828
2022 3702
1125 5406
3355 4026
2959 4026
1679 2582
4012 2835
4726 1424
6161 527
3485 3318
4378 4124
3884 3589
4543 2471
4885 5618
181 6540
269 2977
6186 2277
2669 6704
4579 2128
2450 5088
5786 4787
4033 679
6772 1620
6842 861
3194 5771
6308 173
1542 217
3601 1399
3183 5612
638 750
1641 196
672 6750
4086 690
4846 6794
2752 2393
2937 5556
4248 2149
6483 1867
2852 2974
5142 6563
3117 4211
6568 3668
5950 4787
4090 4946
1440 2542
2808 423
2092 253
3298 5720
1555 6464
4832 4802
2494 1953
7000 6708
3648 814
1055 5360
4135 932
4601 2425
466 5719
249 766
3698 3560
2695 4868
6647 1867
4410 2076
84 1638
170 1412
4817 4120
6840 5645
4409 1851
6468 3787
1857 736
1046 2214
571 5139
6262 2406
4878 3992
1845 2604
5988 3335
876 2742
2930 3580
5146 3248
3191 1635
4082 5778
4801 5465
991 3631
4418 4946
3215 3160
5877 2191
3229 614
6625 6780
2492 6737
1673 3436
4479 6353
4503 4495
1302 5186
4750 4372
4939 861
6219 3059
2444 6696
460 181
401 2984
3293 4921
4558 1169
237 1829
1259 5489
4466 2334
5180 923
4839 630
6735 128
5672 1385
6339 128
6048 3362
3157 5033
4402 3258
5517 2945
5398 5697
6272 2289
5649 3064
1506 2333
50 2353
3309 5804
6051 600
5299 4937
2152 229
2432 2498
1936 4546
2795 106
4296 3212
6696 4687
4893 1216
1314 2513
4545 3916
1057 6829
5699 2777
4794 456
4427 5358
4143 5599
4446 3156
3417 3243
3329 390
5280 6765
6661 4851
5353 5523
448 2025
5589 1858
1079 6029
3348 3823
5471 3300
3589 502
4437 2289
2764 4526
173 3483
2882 2303
5865 3604
194 1327
2284 4074
4639 2396
4267 6200
4386 1950
626 6619
4960 4666
2338 4310
2302 2401
3484 3310
2333 3966
5292 709
3746 4973
6406 3177
1495 6250
160 2847
2173 2930
4578 5503
2176 3201
3547 4763
6090 1628
1546 553
3631 2956
3575 5276
3045 6996
4967 1299
522 5865
4001 954
1144 5619
48 3730
3291 2484
612 5758
675 3828
6494 2593
1384 2073
565 5942
330 6045
1354 4116
1903 194
6952 6854
2781 4075
4840 5257
2712 6190
1745 2991
3235 1801
776 3129
5633 2449
4180 6904
3456 457
6384 4303
1902 4106
5766 5422
630 6687
4606 2582
5406 191
1369 610
1892 2637
2427 3927
3695 6108
842 1093
4975 1136
2368 2566
1329 1211
1764 1139
4632 4934
6624 4894
6958 4016
2257 4455
1321 569
3879 5636
3817 4758
5190 2229
2860 5657
4834 904
4474 561
5589 248
114 1293
5339 5735
1452 2715
2847 4671
3165 3260
3931 2793
3776 5134
4376 3409
2093 6683
1840 2073
6764 3369
4457 2085
759 1216
3961 4133
5986 69
6335 977
817 5358
2493 3392
3468 4200
1040 677
355 6990
4333 2958
5540 5617
5719 1418
5321 4755
6747 1860
2514 3865
1270 2078
5690 5561
3510 6304
5317 849
6352 4714
218 4625
3172 3276
6742 4145
641 3038
3471 3343
4374 5591
5814 5038
6712 6188
1423 41
6928 6752
3571 6930
5832 4863
4746 4416
1017 1982
3226 479
3410 3040
5084 3657
3964 4380
1104 4610
6856 2153
3349 5016
5488 2020
2501 3229
572 585
3378 3502
4959 2430
1996 1781
6364 5074
5211 2651
6634 239
3808 6469
3920 294
690 5909
2247 2531
4635 2491
5194 4175
6751 4207
3834 4657
6685 5839
4283 1285
5093 6752
4413 6993
6491 5973
6100 6317
5780 6901
3607 2399
6709 1702
3187 3533
2915 1125
5864 3596
6431 5141
142 3983
2573 607
892 2983
6578 5568
330 6663
5210 2025
6111 440
1869 5365
6423 1466
1220 755
566 6381
6065 3478
2250 2024
2983 4827
443 1063
4646 6763
1711 992
312 2300
6160 5967
4171 3272
1177 1058
3236 2240
747 4857
577 6920
2356 5833
1423 1464
6488 1487
5968 6147
2045 6880
2692 5001
4373 373
4722 1281
4839 1866
4280 182
4818 989
898 1993
4620 1004
2094 356
6400 2771
2606 2194
701 4862
6914 548
1607 3621
4902 3319
4644 4781
6829 2130
4391 4335
6018 5860
2491 931
3060 3303
718 5216
842 556
105 263
2118 5264
2025 5073
2305 926
2310 1270
3495 6614
2401 1388
1057 1649
5885 985
799 859
649 4298
4169 5804
4508 5270
3541 2071
1469 4037
5530 2514
681 2301
2228 2399
1331 4103
5228 1395
4543 1292
6660 6616
4003 789
6649 5703
3748 5932
197 2861
5618 4963
547 6623
4737 784
5239 1934
3494 1851
2007 306
2843 6994
2370 5084
2499 768
909 4760
623 1922
1011 2004
1467 6219
3585 5352
6505 4419
6503 2094
2712 5198
1026 2312
4711 2165
5671 4193
5846 2504
2766 5434
4488 3813
400 2789
802 6741
3352 4777
3818 4018
456 3098
557 3904
2575 5085
483 1511
4137 6215
2012 5911
419 3970
5651 3167
6117 4660
57 2800
365 701
6707 1493
360 357
4062 3597
1362 1830
4600 4404
1479 6579
6336 237
4746 4229
5615 477
4277 2438
68 3339
1964 2837
3927 4311
5026 3465
1998 2421
5863 6591
6259 929
2530 4911
2274 784
1804 4807
2427 1780
2733 5270
410 3453
5604 2166
2736 2535
6285 5533
5530 3937
275 3036
4793 3644
3951 5055
2136 4233
6217 4086
1712 2185
5473 370
4041 4948
82 6778
1522 6225
6152 6320
2107 2714
80 3699
6525 5370
6833 3271
6179 4733
4470 4307
2732 5395
5406 1777
6739 2855
6126 4318
3685 590
2188 609
6140 1772
6587 3215
1760 5235
6010 5863
1559 815
5430 4056
4766 4076
2754 6847
952 6230
78 3222
653 5439
811 6025
5921 129
780 296
4109 5240
4670 1335
6750 3394
3204 667
5008 6992
4951 6458
68 5917
1496 3849
2482 682
2237 6513
4668 3891
1404 4260
585 3211
1625 5168
1204 2694
252 4691
6004 2234
4861 6915
770 6374
3980 2736
5229 5621
363 1297
330 5321
1354 3392
1334 5369
6737 2004
6458 3343
5308 6853
3250 6273
5645 3240
801 1873
3103 2813
4130 6817
2965 2879
1778 1626
6572 597
1850 6575
723 5373
1747 3444
6198 2076
4023 2409
2907 5503
3483 4158
3452 2593
1210 2458
315 4989
1744 5775
3380 4410
2793 678
551 543
3104 2260
1863 744
149 6390
6925 1250
137 4875
5154 6362
2064 3686
2079 5472
5773 1681
6554 2246
6645 1610
2623 4589
3473 787
1539 4969
3342 2024
3646 4687
907 1494
6577 6552
2126 1504
6037 2666
1382 3450
5047 1927
3263 2670
1738 4805
5695 2148
6039 2712
3890 2014
1190 6663
5729 1732
1672 6437
4946 4504
283 1263
5792 5464
3266 5570
6742 388
1461 5436
2423 1875
3073 5175
3567 6464
1306 1361
5877 5013
4191 2127
2241 5776
4352 2984
3005 4482
3970 6854
1392 4518
84 272
2485 5355
47 5308
2003 5611
5621 3488
6297 6511
2899 3682
6116 1215
1498 3409
5080 6547
3676 6757
6510 1142
1747 4867
5601 5495
3529 3297
3498 1732
1991 1063
3494 4242
908 3543
467 6052
5043 3632
4487 5629
1464 4929
122 6017
3109 1398
595 2265
2981 2152
5537 4140
3174 5176
423 468
5283 5721
3044 2851
107 1171
1581 5864
4126 146
210 2804
6113 6178
1672 5982
3728 3483
5743 5147
661 5894
77 5843
5829 3386
1003 2625
5203 480
6603 528
5794 4331
2711 3580
5616 5722
5704 1405
5071 1492
3739 4022
4463 3299
3233 5382
531 2788
2494 2010
493 52
1650 3348
2393 6839
6651 5830
1833 5684
2087 6732
3424 5300
6440 4829
6466 3798
1206 2553
2985 1466
4568 3473
511 1762
3819 5075
3717 634
4723 3761
2132 2718
6710 3377
5079 4362
2138 254
3406 183
5611 1190
3625 4428
4838 5404
1555 2333
4454 1277
2303 6922
355 818
3175 6851
1437 4529
3591 2565
5612 1011
6383 888
2279 5747
968 2738
407 4391
5011 6271
503 4099
1054 1758
658 1758
3693 5501
1461 6054
2757 1615
36 5387
5160 3361
5884 2638
1242 4438
5073 4116
6207 1601
1867 3709
1363 5896
3892 6061
1948 2385
3663 6009
544 3349
3859 3669
2325 5341
1887 5115
6837 5380
5056 5640
4782 153
3665 3803
5396 1544
6961 6355
2011 3838
1789 4957
6606 1468
1064 1291
2091 5295
3314 6205
4114 6820
5518 4358
848 6362
253 2769
3743 5564
2093 3089
558 6788
1518 2400
2063 214
3543 4752
5048 4594
6815 1992
4662 4558
3366 2581
5513 6616
2927 5917
2237 4716
1552 4613
5100 1751
4821 2336
6999 1520
6989 832
6407 1608
1916 5829
3110 1837
3817 6425
3196 857
6400 437
4350 472
1881 358
4589 1986
5499 5405
5218 2911
6019 4128
2370 522
5057 1273
3319 2361
110 2437
12 1902
4805 4435
980 2293
3986 1134
2160 6539
4617 4384
6508 4292
6286 5411
5603 1971
3125 2495
4518 3624
2149 1462
5509 5719
1866 5311
4398 2741
4663 3978
5628 6350
5917 37
190 4244
6656 376
5656 5365
4223 673
1793 6903
4814 6776
3133 2736
454 1846
2348 4681
6686 5853
6490 1777
5624 2794
1393 6380
6589 5920
2162 5430
2341 477
4560 6078
5861 1983
4088 606
1908 1349
2410 1745
2250 4496
6112 2733
3925 2305
2182 3049
5425 1803
6137 4483
2209 1462
4855 6376
2642 3973
2549 1530
6219 351
2299 1355
4107 5170
968 6739
2109 477
1823 4809
1153 5738
5250 3872
1676 5513
2677 3378
3751 812
2037 2294
2785 467
2755 1756
174 1401
635 2550
1760 673
6199 4206
2284 5554
2807 5329
6442 931
4215 5992
1624 785
6173 6368
3716 4359
634 6462
2213 3809
4305 1721
3923 4837
5697 3406
5193 1429
4297 6741
3630 1582
159 6354
4383 5761
6656 1799
814 2084
2672 5262
6908 6938
529 2100
887 5780
713 4661
6845 1671
6563 2739
3721 165
4159 3774
3579 1213
2266 1541
3790 5597
860 924
4970 5679
5672 1255
2693 6489
547 6062
5870 4623
6799 1676
233 1176
3624 6998
257 5734
5231 731
623 1361
6820 5182
2966 2302
4482 2333
6890 4423
940 2731
5613 244
1709 5945
664 6997
5972 6778
1808 5170
4503 177
6474 5676
2623 4565
1589 4308
2463 900
873 4892
1644 4015
5319 3180
2416 6746
489 765
6713 4911
4760 4879
665 6848
2881 1598
1888 3594
3846 4724
6683 6954
3314 4863
2065 2732
6247 2637
5469 91
584 5139
4440 6594
823 6653
6771 6020
4126 3960
6989 995
2694 2122
5206 4592
3146 3185
4546 5485
5924 4054
3579 2286
1655 4904
5881 974
3983 649
6378 1780
6856 4788
6510 4151
5479 2657
3294 3056
5940 1554
4009 5253
1958 1680
6567 1652
2740 5099
5218 1569
5686 3889
1921 1798
2643 5166
931 1059
4759 6882
5287 2837
2848 4817
4527 6532
298 4529
5685 631
203 1259
6806 3516
4626 4259
4148 1251
5493 3844
1601 6896
2186 3385
5075 1641
3526 5634
5375 5286
2934 1558
5550 3597
1995 3036
6673 893
135 3195
596 4344
2337 6937
6446 1668
625 2830
1745 2861
1776 2174
2396 1101
3576 5347
1373 4386
5284 5548
3386 5223
5869 2037
2579 3437
5779 5527
4851 5666
6403 5354
2132 5377
2908 5598
3859 4100
790 49
2228 5839
6433 1032
3076 1210
6706 2130
6526 6858
5621 4537
1569 3170
4298 4177
1355 2652
2998 4710
4266 4639
6821 3773
5269 4085
4276 5327
6893 5339
2999 1148
6734 4528
6567 6108
3919 4531
5472 657
748 6562
4055 605
495 6116
1558 5613
6537 4364
6820 6150
5714 3573
3040 3027
2978 2149
330 572
1423 6327
5845 57
6306 452
6125 2326
6149 6884
211 6707
2448 836
3310 1575
2064 3125
1792 1471
4689 3752
2225 3982
3099 574
5434 1654
1134 3191
2875 5784
2940 6179
2006 3120
1192 163
5111 1940
5424 185
3615 2561
6113 1161
6887 4719
6828 3358
2585 4675
5818 6905
6919 2722
2578 1252
6688 345
2338 1765
2618 4034
4820 5524
6537 3559
5539 5211
5666 68
494 5840
1418 1795
1796 435
1739 4065
3938 4126
5655 2161
4344 2562
2176 656
5593 4693
1042 2447
1792 3699
1671 4870
5007 4569
3187 3403
4322 4466
1351 3202
1235 5471
672 635
4653 284
1265 1149
3464 4620
518 168
5394 3702
8 4038
877 286
204 1698
510 5188
1446 6822
5794 4575
1386 2607
4521 4302
1907 1555
5734 360
1401 2915
4957 668
1629 5748
5669 2594
4571 632
6035 473
1969 5816
6382 1712
38 3099
2984 1889
3422 5498
2460 2643
2011 4537
2919 6375
4385 627
1950 6513
799 4917
1273 4019
6280 654
5063 1444
1381 1108
3946 930
80 2951
3564 4800
6642 5207
14 4583
1173 3788
271 5148
3967 5190
6367 6665
4872 1095
6171 2589
1531 1052
1260 6416
5341 6269
2189 6879
4367 6063
2464 4640
4776 4016
137 6087
6885 5315
4574 6541
5671 4868
6139 772
3173 606
3238 5165
253 785
5263 1101
440 611
963 2638
123 4876
3959 4144
4749 1819
3881 2763
4531 6063
2198 3558
3975 1644
3792 2691
3092 802
3969 1829
261 272
6150 4694
6358 4643
5592 5864
4995 1444
884 2880
6732 6547
4891 4504
4433 3626
2158 6761
2495 3148
6910 2123
1096 4456
4276 2107
1652 5088
408 3301
5193 1055
2623 4996
617 6858
1310 5324
1582 3568
6964 5742
6881 3987
902 3809
3113 2379
1862 5837
5030 3508
4971 6311
5630 5193
6158 1148
6497 614
6311 1390
1201 3876
2644 2840
3759 2527
3697 5813
6591 4413
5223 116
1453 4097
4168 1234
2545 6244
1043 5919
2232 1583
1139 6381
927 1772
2381 5089
361 3081
4838 3688
6178 5183
3318 6167
5214 5665
6360 501
5797 5491
5205 2169
6428 3079
1385 371
6053 3956
5980 4417
5541 583
2862 3857
4887 6209
5107 4263
3775 6793
6046 6168
3701 2148
569 4134
6813 1385
679 4302
2549 2579
1401 6916
4797 250
3522 3314
4917 5270
6154 5886
89 4436
6219 4783
4820 5337
5040 3391
6776 5640
4666 4870
839 1901
2195 4683
2040 608
2599 2292
3595 567
4092 1373
3725 6275
1638 793
1421 2256
1044 2306
698 1669
4034 614
3034 5603
6456 6574
1656 618
4806 3345
938 4539
1693 3883
908 5828
5085 6143
5479 5316
5661 4798
3493 640
5444 6261
4725 912
3233 5439
2808 6953
3554 3545
3024 1101
2893 1584
2707 3114
1215 3477
4940 2005
2297 772
2083 5916
1388 5125
1923 2251
5288 6852
6351 5595
6557 5471
5194 6436
5254 71
1140 4242
5925 2750
326 2039
4273 2858
300 818
6122 3264
6172 2627
4654 5933
6925 5308
6703 2263
445 6834
5273 1252
6357 5790
1943 3253
6079 3567
1910 861
6176 6129
1710 49
6042 3685
6047 4029
2649 1200
128 1650
3079 784
2053 388
5628 1601
409 1111
1923 4479
589 6182
2399 4408
6652 4553
4231 6365
5406 6103
2548 3750
4447 513
1341 4474
6131 2572
3502 5963
5093 4825
6087 6437
1856 3607
2534 2539
484 1820
4216 1519
1258 5378
4496 3788
3591 1467
4752 1499
43 2077
3398 1826
2594 3721
5805 3691
4451 3264
2369 4542
1937 4885
2553 687
3960 4158
1930 1462
3858 6133
5047 1797
6227 1879
3147 4809
6633 315
3857 5908
6849 1633
4631 5302
2444 2622
2793 2776
2951 4116
6029 4523
303 2539
2760 384
6583 5863
4449 6951
6956 4913
4160 432
5526 3902
2764 1257
2948 3818
2636 6175
6994 4616
6249 3708
1729 3027
6615 1587
3072 2541
1236 3094
6274 5458
6549 967
1843 1062
6476 1428
6608 1547
4077 555
5926 961
162 1903
475 902
3902 5627
6566 1321
2211 2397
6080 4811
1493 6318
4368 704
4110 6330
4850 478
2859 3372
1551 4044
3612 1889
1657 5194
1528 2340
1994 1581
2706 5759
5879 3774
5199 4015
1768 5210
679 1082
4662 3810
549 5173
3236 5924
6311 398
366 5466
43 117
767 148
617 2833
6439 6033
2170 6129
986 4393
4150 4574
602 1020
1660 4337
1140 1827
6763 680
1945 6950
1752 893
5539 299
5330 5787
6378 4252
4330 6612
2096 4086
3808 1777
2963 3671
2997 2501
4234 3871
4115 5869
2088 3444
1615 780
438 215
3664 1274
2079 5610
5811 4555
2636 4215
299 6472
2417 4851
2484 6827
5213 664
4564 2470
6630 4823
3550 3589
4290 1147
4047 4395
4350 1952
3441 2141
1737 2059
2630 2865
3686 5355
2602 1571
332 2798
2756 5421
4057 1326
3941 3595
5396 5602
6886 4412
6695 5598
5986 183
4952 2178
6803 2657
1963 308
6947 5819
3647 115
1620 3352
2158 4159
527 5144
3082 114
6731 4474
2459 889
3295 1161
1314 3245
5070 3338
562 1166
4633 331
3234 885
2370 5735
4729 793
4331 6382
4290 3375
4171 1963
6132 6774
5634 2333
2511 1429
2509 602
2450 3405
6674 3566
6899 1964
6023 2293
2382 2712
5207 4925
5326 675
981 2439
3254 2641
5241 4509
1232 6222
2412 4052
4802 675
476 991
5214 3063
4987 3838
4307 4079
2626 2291
969 4307
3087 434
664 3671
41 4446
4262 172
153 5441
218 3584
156 2706
4946 804
2483 4642
3023 2112
5540 4926
8 5437
1904 5689
5810 91
904 4262
864 699
4601 742
4346 5885
4002 6075
2797 3462
734 4790
2105 2188
1149 6695
862 1003
4341 2508
1660 4955
1171 1758
1945 1152
694 2358
3922 80
2686 2318
3739 1127
2567 906
392 1239
6600 3751
4158 6184
4329 4376
1350 942
536 4401
5804 5507
1938 3364
4742 3202
6201 2699
2433 1091
341 3933
4883 2683
339 854
2085 3791
402 5340
6071 374
5441 6394
6853 3793
561 3118
4191 4038
2331 4197
3136 5156
1486 1927
4851 6528
1587 2733
708 5797
1554 341
112 4231
308 1891
1793 6773
800 2353
860 2404
1892 336
5484 2684
5644 687
2598 4699
3444 3407
2524 54
6794 2058
2754 2960
3931 3525
1539 6075
916 6850
2972 4351
100 3066
351 6849
4649 2987
1223 6778
5650 852
5485 3259
877 6141
6821 1602
2773 3360
1209 5567
6037 739
5980 205
3163 2791
1793 2585
6402 4809
5631 2680
2575 6004
3356 6569
519 2087
4008 4280
1083 4115
2382 6363
152 573
6843 5683
3096 4952
553 917
1074 6281
5258 3603
829 34
452 4248
6269 6350
6895 5092
3564 4239
5613 6985
4506 4907
1414 6322
4745 4923
631 4930
3434 1914
1453 5496
1130 6563
3683 4870
3284 4599
1040 3637
1723 661
6981 1079
2683 3443
4522 2407
4243 2992
4551 893
3431 1616
1091 4356
318 3652
6939 1607
3521 3761
312 3837
6884 4529
654 568
711 1102
6285 36
3014 4896
2202 3520
5629 4835
340 2852
5979 5591
6411 6002
1793 1780
1082 2708
5070 6534
4628 3183
428 1918
3418 226
398 3207
4525 4933
2156 2771
5122 2937
198 2395
3318 6411
1888 1236
4183 5169
105 4833
2285 2592
3410 2967
1913 2986
2071 3572
1603 2006
5447 1946
875 4485
6327 1736
1845 1539
2337 2001
3646 4183
3173 2273
3109 4732
1629 194
1006 969
5729 4261
4177 2321
6102 6721
937 3084
400 5131
4223 4194
6139 5822
2954 4040
3637 4070
5323 6202
2864 1114
6525 2101
3352 4086
1241 462
525 1046
960 220
4948 4046
2068 2900
3382 6180
5283 6022
5309 4991
5531 3872
2788 5441
2043 5287
1009 112
854 3207
5972 6998
4035 5247
3032 1637
2294 1900
1481 2551
6395 3159
1916 2479
6737 6306
5124 2178
1282 4593
5616 2640
1595 2838
4150 1972
6450 6249
3991 1161
1415 1150
6231 1223
2810 3106
5417 2430
747 4434
3118 1007
1965 5754
2216 3121
196 1113
5483 6433
2054 4291
2897 5734
4420 6936
2305 1658
474 6719
4294 2101
3306 4441
3676 3220
4516 982
6880 2800
4820 1393
6977 6116
2388 6796
738 4321
924 539
5416 2178
149 3926
3640 530
5663 2055
5587 2999
1679 5518
4532 1111
3637 232
710 5656
834 996
4652 1967
705 5312
4218 5647
3729 2450
1767 4584
6858 3576
5956 5690
3086 1068
5885 6978
2690 4451
3987 2866
3175 736
1277 411
2796 4123
2641 802
4017 4960
6319 5900
1873 5360
2460 4928
4323 6198
5689 3252
4193 6125
356 216
5749 6686
582 6386
6053 1435
1574 755
3475 597
3191 838
276 1361
1668 3800
1829 4657
4625 6886
6702 5264
4687 1348
4618 5715
6053 4818
2873 5632
5643 5886
3026 6628
3065 5802
3774 4047
691 3296
4015 726
4579 2754
3524 3872
6017 1374
2779 2964
2337 2619
941 438
2491 53
5238 5019
5391 1851
2989 3713
2583 3025
5139 5013
2866 2559
989 3111
925 4816
5226 6887
3729 6906
1277 2989
1709 3400
1774 3795
4596 75
5788 2426
2724 5135
1863 3086
4817 5901
4567 4972
1009 730
3371 5885
4157 6794
2080 4252
3976 4504
5898 2971
1691 535
5959 214
5577 4084
5453 1574
3536 1199
1595 3456
3926 3636
1937 941
846 5812
1725 2748
2618 3554
2900 6650
6945 430
2955 695
3082 1968
5544 5075
6289 5229
4401 3340
5110 1585
1655 5392
158 5411
2054 4909
1844 1127
8 1680
3396 1569
1715 5443
4232 1841
870 921
3915 6106
5074 5311
4453 497
4943 6548
332 3497
2708 414
4444 2663
1421 1963
1646 6777
6718 1555
6553 3962
2578 4505
737 4714
4720 1780
6126 862
546 4365
195 6767
6976 1971
3055 121
2380 706
6557 6683
5588 6821
6700 575
199 1224
5113 1832
221 4955
2339 3334
3829 2898
5205 4804
6196 1981
5630 3290
5891 1345
2527 6768
1454 167
5977 6781
435 942
3301 3910
966 6994
6790 6103
991 1574
5822 2679
3004 2411
397 3841
708 5423
5899 4619
1730 1913
5040 2643
4006 1632
6683 2449
4129 6169
2381 153
1572 4710
4906 2828
515 1995
5059 3824
5403 3634
1998 6804
5050 5990
5996 4148
1161 2143
49 6891
471 1696
3774 4665
1663 1041
4801 2253
3345 2273
2877 707
2992 4629
593 6008
6694 1453
5259 98
6296 4790
5014 6683
1153 4884
6222 2397
1831 1564
6256 1227
6911 3373
4848 4701
1427 168
1482 629
4231 6422
3968 1124
1711 3310
2301 6559
5971 5380
5658 719
5183 3644
3285 1067
3376 6847
2099 2668
390 2996
3277 6841
295 6142
2724 6103
1854 6220
6448 6658
127 1081
6166 1310
4552 744
1448 4778
1250 4793
3872 5149
4240 3101
5021 3666
3149 3808
446 2524
2341 2551
2683 6452
2174 4131
1711 2155
1031 2396
2999 4214
3486 4332
5131 47
3458 2284
6963 2758
6596 1244
4349 11
553 2771
2043 2335
642 2062
4480 2157
6844 4729
2289 4239
3536 4045
1289 2812
4553 191
4181 4749
4807 3491
4649 653
1665 5543
6240 6685
1823 467
202 2140
2838 2202
469 40
6016 561
5833 1608
733 1776
1416 1806
5371 3240
999 6621
3583 77
2115 2746
3362 4050
6977 3164
2992 3019
2186 4841
6415 428
4608 3631
2027 4030
5284 6654
4050 5555
3227 4764
4595 2645
5068 5309
6150 2604
3753 4056
2763 4071
1949 1114
2415 6771
3217 1043
5190 3205
5056 761
4937 2759
1702 4620
6870 1358
1626 4810
1323 1591
5399 346
6199 5125
5058 4217
6271 1029
918 3757
4956 6192
4858 3405
6891 5618
4955 6721
1684 5919
6763 4120
1678 1186
4140 4293
1244 4866
965 5451
1175 6981
4483 4632
87 5707
1587 5205
2043 3758
1332 3932
4792 5387
4262 2189
5038 2410
4219 5525
33 2438
3422 5181
2612 6130
3785 2789
6457 2508
18 4789
5472 2113
4131 393
526 2721
4678 562
5985 419
6516 6471
3591 2142
351 2905
884 3368
4113 3944
4020 1501
4023 5182
193 2696
5014 3113
1738 1967
468 1211
4924 187
6008 4725
1964 967
1998 551
346 2911
5040 1301
5447 3345
1467 3544
5505 6733
269 4384
1182 150
5903 6779
268 4159
5187 947
4631 2944
5459 3355
5837 1995
517 699
2197 6022
2443 2291
5244 4864
108 6129
1608 5627
2467 1187
703 1054
730 5129
2128 4350
5173 3119
4519 4581
130 411
572 756
2528 5223
5551 6677
6512 5143
846 3210
2298 5700
720 4791
4894 671
648 3225
1644 746
6157 256
1425 6300
1311 4478
5227 6738
4518 1323
3520 2975
4084 5003
3329 3407
2642 2477
6026 712
3013 4864
2452 6517
2643 6085
3872 424
241 1531
2388 4812
4279 4720
2076 3005
2883 2539
5586 3823
3127 5151
5121 5938
4744 5988
2483 5049
3479 3324
3777 537
1913 5458
638 1352
1510 1281
2850 3530
422 6423
3899 4849
2104 5403
6669 1693
387 952
5901 5497
5356 1267
5049 558
5666 5630
3207 6958
4196 1810
995 5911
5386 328
1234 1763
6600 4158
3086 5850
4669 687
6441 2593
3258 3890
1510 126
1231 1465
3383 5090
4658 6944
2913 6861
5222 2556
6521 4050
4251 1867
4070 2987
3667 1816
2946 6220
5644 744
1943 358
4035 4686
3589 6097
4810 6934
722 5910
2592 4187
658 1953
6196 4640
6411 98
1586 5197
1720 1225
1405 6317
6658 6391
5515 4656
1253 2513
3459 739
400 382
3949 6790
1158 3407
4052 2007
134 6090
4050 1180
2209 1389
4105 887
309 3647
4605 5374
677 2353
5883 6745
1172 80
5751 3593
4600 1997
6217 2834
6771 4174
4745 1597
450 3478
4428 5862
2232 6072
3096 1976
1193 1307
293 3494
5406 6941
2500 6826
2588 3263
2187 2165
1015 1944
5024 231
3431 4706
4174 1781
3866 3880
5335 1813
5920 4718
4896 5149
157 2852
2712 1986
229 5172
3861 503
2457 713
1004 5168
3614 4009
3801 3835
6853 5273
5413 3574
4019 5226
903 1329
423 4664
5445 2331
2570 1529
2770 5724
246 2493
5683 4374
1576 3300
5318 3687
2983 6771
2823 5358
6144 3271
6404 4888
426 1148
275 4362
3845 5231
2407 195
4313 1135
6713 2610
1921 3685
725 4598
1110 5163
5114 2352
1351 1088
6273 1557
3806 3024
1414 5574
5490 5083
2966 5262
2188 4968
2835 2335
5173 2932
4641 3071
1993 1494
3180 3501
666 4368
690 2510
535 1441
339 1529
3330 3445
723 4121
3925 622
308 5599
1428 5630
738 5183
1618 2721
5909 6356
3015 1340
2951 3799
1575 5276
1317 4486
2074 493
2282 6858
5873 1414
2223 3999
3155 3979
2845 2999
4737 5761
817 6765
3721 6053
6008 5961
509 2448
6577 1917
352 2464
4772 1783
565 3511
5606 5392
2335 6842
6017 8
3856 4965
4052 2625
4306 5925
339 724
349 1412
1212 4261
6568 1050
4037 58
5322 2600
5007 3528
2576 488
5310 1085
3008 6561
6839 5485
2140 335
4755 274
3696 3148
931 986
731 6590
6111 5685
4435 3487
543 123
1226 4317
4056 4622
2719 2644
6991 6229
3782 6305
5900 4684
883 945
6946 6486
5430 39
1753 47
6988 2925
2189 6993
2036 335
200 134
3185 5268
2495 4067
695 4277
4391 4319
3121 1311
3561 829
4390 4094
5983 6789
4884 1219
3822 5330
1022 5611
409 1412
4946 5480
2401 1372
3667 6890
4167 4961
5652 3427
552 4349
1959 3656
3033 1090
2604 4360
4408 5023
2608 5233
5743 6928
1228 5837
1048 4149
3037 4592
5905 4223
377 1500
999 1254
2815 4930
4372 5716
1228 6187
41 4934
3176 213
1190 3451
2527 2019
3246 5116
3356 5284
4452 757
4605 999
3944 5454
4172 1117
2264 104
1369 2635
3074 5571
6864 2242
6709 5337
1206 4334
650 6331
2548 3246
5318 3500
22 6762
679 5571
1073 4744
4220 1538
1604 4380
4374 5388
6029 1791
5652 6005
193 1167
4506 589
5306 5368
2500 2451
4279 2118
5891 1857
4686 5660
2912 4839
2248 5613
5744 2561
797 5977
5186 4485
5298 4726
4651 943
6113 4121
3582 3129
817 967
287 4185
6445 164
1379 6332
4170 4053
5861 6529
4428 1837
2877 5757
2192 4900
3605 1800
4453 3587
4883 3171
5423 641
1472 5742
2155 5772
5199 933
3229 2452
3635 3894
868 151
6650 3952
3728 3304
3317 1518
4416 672
1582 2877
481 644
773 264
5470 2335
3902 1390
1818 2595
892 5813
1821 2112
4439 4978
5272 5733
5363 5097
4052 2088
5234 2997
4282 4994
3936 4357
756 5171
2091 660
1657 4340
1688 3653
5233 1991
3865 2612
1031 4063
6499 6011
2279 6723
4951 26
5469 1709
2055 1353
3457 4480
861 2339
153 1286
4380 6626
5163 1602
2611 6149
1916 1194
6903 6222
4749 5934
6767 699
6550 2162
2570 3115
2561 5281
3725 5584
1409 50
6073 6145
541 6656
1816 4346
3803 3962
3180 4737
4362 5646
5984 6073
3147 2345
6476 6535
6192 360
6624 771
1348 5409
5078 4281
467 1230
2177 2258
408 4033
3677 1756
2028 2135
865 1276
1861 3715
6040 4103
6224 248
6413 3153
3395 2043
776 6122
1953 271
2517 2299
6428 3461
5502 6679
650 533
22 964
6333 191
2637 149
3036 420
2855 1540
3029 3413
3543 6078
2504 559
5709 2993
5468 4816
2469 1504
6956 2799
2606 4219
6498 1167
4681 5934
5514 273
6045 6325
5145 4348
3151 1309
5453 2249
4307 997
5182 1197
3303 4332
2224 5056
218 6918
5233 3414
2709 4347
1468 6241
599 3577
5597 2378
4024 1813
1775 6169
906 3505
6350 895
2650 4117
4360 981
4379 5195
4350 293
927 1349
5378 735
3597 5159
2394 3373
6344 5961
2948 549
6714 5494
90 1606
3885 5037
2393 5400
860 3510
4592 3209
3038 442
4438 2742
236 4814
5334 813
5402 5643
4425 1002
1689 3742
228 3418
2315 232
6607 6721
4482 4919
4795 3164
4865 4657
5271 3093
4615 3728
5570 6166
5318 2158
5939 4720
3430 6685
1176 4281
5174 2379
1738 3984
6435 1891
1361 4034
1822 2177
4853 3492
3850 4046
2117 6232
4502 2511
56 1971
307 5754
1119 714
3697 1552
6776 5567
735 3757
2698 5231
3510 5109
3593 448
2044 4441
1884 2274
1325 4754
4413 6603
6966 4910
822 6385
5146 3744
3817 5791
486 4184
1009 6211
6279 1728
2475 6879
5589 1281
5864 3206
2412 5776
6695 3134
1008 324
796 2131
2105 5067
5522 2688
4247 1588
6477 962
6420 4592
1511 4328
4988 2754
4329 3872
6569 3180
1531 4980
5736 927
4932 5074
6890 6204
404 4532
5052 3678
3804 4401
2183 6828
803 5180
6164 2313
6127 933
3859 1075
330 1735
1949 3399
1168 2834
4786 1465
3201 2795
3545 3359
1666 6494
6895 2010
6463 6517
3192 5715
1664 4169
795 1505
2038 5319
1874 4164
4933 5275
3503 6516
5270 3914
2056 3646
3124 3487
6923 4408
3593 6409
1902 3179
451 3543
759 1444
2595 1645
1318 3128
6411 5953
6884 1447
2596 4499
6455 5471
748 3537
1682 4344
3901 3529
5699 6656
1533 4221
535 5873
67 3553
4632 4007
2884 243
2113 6782
896 6818
5686 5670
6930 1041
1704 5042
935 330
5563 6768
279 5129
6540 4239
6442 1452
5497 6148
953 4319
5523 953
5743 3171
1916 202
665 1408
947 340
6559 5420
3040 6768
6839 1273
1070 2625
5089 1600
6574 66
3628 1276
3056 4268
6736 3777
3431 4145
2162 3991
4110 3679
1534 4422
541 5664
3239 188
6267 1986
4675 2899
5353 1831
315 3631
2925 2472
4390 2915
840 5704
3920 522
4357 523
4541 3084
3830 4012
1146 526
523 1301
2639 5269
2556 3514
5290 4111
4005 2323
61 2933
6719 5651
2664 603
3231 6312
5088 220
4038 1682
4499 6241
387 659
6348 6647
3530 6379
6248 3033
3246 204
3772 6666
325 3164
6920 2150
5065 1899
4335 4305
1938 6511
3275 2827
6542 6139
4059 2909
5174 1842
3087 2776
4487 5076
2622 727
3365 4972
2809 6969
3277 2873
4042 4433
1132 5300
100 952
4017 6066
3864 2818
2714 666
240 208
4602 5938
5135 6401
3698 4219
952 2107
3376 1724
5313 1977
1770 5183
484 3170
6396 2126
4398 4603
4738 4671
1813 342
3802 785
4068 5600
4247 1401
381 3422
6757 3044
4955 175
5261 3665
1713 4275
4488 1463
1456 2929
1710 3977
4105 944
3833 2700
5999 4533
6723 3810
6568 6905
2296 3320
3237 1888
6972 5268
1368 4213
5972 5339
1870 4609
3689 2197
1679 1631
5877 6233
49 6224
4754 5904
2008 3792
4191 6730
488 6271
4256 1463
1076 6441
80 2504
5467 858
5740 6120
1623 194
4711 2043
1846 1929
3098 2079
691 3597
6823 607
4930 4036
5080 1351
1814 893
5477 4205
5354 5303
5486 5422
4170 2069
3736 4995
1642 4758
5348 5488
6607 1891
2394 421
6812 3077
5038 4508
2917 2448
3175 232
6342 684
650 3192
6839 736
5851 3076
4817 2819
2585 2618
4822 3163
1988 4614
3411 2202
5133 581
6971 855
5864 1059
2518 4779
1952 6088
6064 1090
5876 1793
52 2684
79 6759
1416 5327
2316 888
5834 1567
2592 5667
6078 1927
2373 4805
1463 2140
3221 6592
4651 1187
5805 48
3964 4421
5199 4210
5460 6429
1250 4476
1926 329
6597 3431
160 6539
1777 6622
1304 4712
3513 2455
2363 303
5472 23
2638 2228
5607 6075
3016 5032
862 6996
3386 401
1698 852
2788 2172
338 4717
178 6714
3781 3559
1353 6452
5639 1075
950 3029
2070 3060
3290 289
4026 3363
3969 577
3334 6253
5978 3924
5019 4750
6514 3904
1975 3173
6411 773
2524 4169
2498 2948
2190 5047
3962 2789
4674 4715
5670 2990
467 2279
2139 571
6851 3674
5078 2297
4670 4946
31 6263
29 5436
1834 3318
4933 5356
3637 3379
1954 4174
4789 5577
1549 6340
5155 6866
4754 6522
642 940
6798 2508
6304 6137
1168 232
142 6252
5736 203
5863 1476
1410 6181
290 6150
417 1761
4770 4022
6201 1471
5829 6029
201 416
6701 5958
4115 5259
259 3804
168 2188
6763 420
218 1551
1560 6879
666 5848
5989 999
1725 1439
94 3178
2502 4514
118 1320
1031 3502
4517 6178
1528 4308
196 6838
6915 410
4236 3684
2684 3996
6032 322
5409 1097
3834 6121
2301 3477
6871 4275
6409 5907
5499 3242
5129 1457
2567 1906
4103 1061
3633 5084
6281 245
2100 3194
2012 341
1265 5776
3029 3657
5874 5748
4553 1297
5595 6333
6710 6020
6901 3336
1359 3159
5839 6693
1262 3226
792 6495
978 3467
6919 3161
1599 1865
5833 2714
2218 3600
6860 5964
6108 4639
4184 2339
2255 6865
2441 3837
598 6629
4705 1287
6257 1729
4980 3966
3345 1769
4386 3227
5702 164
4425 2401
1243 890
4166 4392
64 3662
2705 4068
4011 317
3350 4772
2515 1692
2520 2036
3912 311
2862 5183
1823 418
4257 723
5991 2145
1328 6074
4181 1667
1885 4679
3776 3833
2701 6928
3291 3761
3809 5444
3850 5445
6211 1330
5514 6128
5157 5302
3552 1846
1351 958
5427 467
5107 1051
3020 1985
1134 3175
5260 2047
6268 1083
4055 5850
4924 2098
6734 324
3957 3063
2026 6008
5171 6139
6508 4707
4758 4280
369 110
1879 296
4494 5897
1657 2169
504 6162
1208 4063
2832 1907
4883 3228
6223 4723
2584 1805
3208 1632
3149 6687
5565 3033
6406 3649
3476 3140
86 6588
6280 4476
6411 1741
4625 1657
6863 5056
6909 5401
4256 5732
5309 1535
2862 4378
487 4653
3293 6816
5504 1976
3782 3597
2644 2206
6932 6324
858 6286
4223 4471
326 3015
5281 3624
3025 4557
2373 430
227 3
479 6640
6231 4183
815 173
2504 2576
909 6224
374 2682
692 1271
3214 4429
2402 2299
5831 4441
4492 5046
2193 4377
6598 2664
5359 5385
37 3262
2748 2155
4105 1375
3616 5348
1441 5681
2331 554
2308 5266
3362 6929
3233 2577
707 1929
650 1395
2663 2232
1142 1857
5245 5441
6222 3666
2170 2299
401 4074
396 3730
2080 5789
2570 3172
4311 5765
5997 4487
1014 5994
5243 6499
5683 6017
6172 2798
3503 6760
4556 5569
2306 4819
4427 2715
5146 6566
1696 5799
977 6112
4686 4107
4834 4759
6083 474
200 6420
4242 683
6258 5201
874 6364
406 4044
3148 5256
5108 797
4387 283
2427 3244
5350 2582
3648 3327
532 6600
2397 6785
3889 6
2640 4291
6977 1855
1368 456
1987 2191
989 3843
3797 417
3258 5801
6897 5309
5045 5329
3629 4024
2348 103
4311 1577
2447 82
6203 4339
412 6841
1160 5014
6537 428
4362 1515
850 4034
2156 283
5084 4129
6326 5843
4454 3733
4397 3199
1625 6282
569 1540
5426 1614
6049 839
2372 847
6976 6891
4200 6068
5509 6752
3272 6207
4664 4482
6319 1639
5794 2949
2776 2593
2086 2146
4389 5940
955 3454
6070 2066
1278 3141
3766 299
6873 6362
6240 6449
1427 5893
1109 888
2292 5405
2452 402
958 4102
3628 3748
4366 479
520 4630
4529 2163
6301 6321
728 4579
5339 1214
1440 3095
3124 5154
2133 1561
4487 1937
5746 5510
916 1597
5711 39
224 6739
1776 6427
6865 5316
1337 2593
1502 940
4981 2445
1932 524
1493 3106
1374 1694
1343 129
6379 1666
1248 3275
785 1299
2745 3256
2522 740
4819 1336
2916 4077
503 5750
1145 2773
3240 202
5132 2964
1672 5673
5813 5577
6560 896
4163 3102
362 5518
3010 679
6334 4525
3230 2897
3598 849
4152 2189
4933 2754
6371 1374
6560 4279
5056 875
1384 5391
5157 927
2944 5694
6172 3416
6418 439
824 4236
4057 2302
5395 3724
4490 5567
629 3768
847 5159
5010 6542
5550 4012
5481 6127
1121 6859
1649 2814
1238 1782
630 3589
1924 4739
6437 5003
2679 4083
6851 3300
5514 5486
4635 4386
3358 6623
249 3897
3671 4868
6907 6615
2733 4319
766 5355
5289 6307
6560 6507
1357 5796
4530 3811
992 5109
5837 2914
1723 669
926 325
3001 2040
6676 1205
5189 6076
4685 4099
6860 3012
6966 4162
1471 3831
6959 739
2507 1882
4362 2133
1786 2122
3811 4474
6388 923
1030 3307
140 6182
5520 1867
5298 2986
2746 1117
2689 583
6414 5527
6949 2653
3021 3042
4826 3930
4767 6733
2491 598
5918 1913
4951 2124
1501 6275
6664 3423
3947 5459
834 5997
4591 6692
2165 3996
2762 2000
747 336
6304 1575
1988 1825
1668 6573
3729 4418
5931 5908
4959 2365
3219 2626
2006 152
2470 4982
2535 5377
6802 2202
1224 2368
140 1994
5114 2653
3283 3550
6017 4147
6048 3460
4515 1570
967 4432
4058 3546
2253 3412
2186 2190
5176 6914
6389 2972
2158 6558
725 1866
928 2225
2891 3699
1151 3960
5814 785
2830 5675
6193 3033
2394 6276
1766 2543
3696 871
1767 5397
2204 5398
3911 2745
5354 1709
3162 5101
858 3334
1921 2831
6933 3974
453 5500
1325 5429
1082 2261
3415 2514
428 1471
6276 5138
6054 6257
6548 3382
3752 5317
1702 5352
4661 4347
6421 4738
1688 758
1409 1343
6980 6
4646 6698
6265 1192
4773 1555
3596 990
4305 6405
6098 2772
2562 733
199 1769
882 5209
3205 610
2561 6924
4265 590
1095 6256
759 6307
3431 6780
5382 5985
2020 5819
5922 3455
4084 929
6355 6720
5254 323
2828 1791
183 6147
2136 6933
2141 861
3290 5794
3567 2130
616 2996
3169 1303
4948 216
4127 6668
3196 3126
1114 240
4875 4841
386 3473
6179 1017
2173 6411
6994 6828
2605 2658
5784 3871
4628 1931
6173 448
2437 4013
4149 1704
5743 5001
5237 2197
6515 3568
1126 3633
6950 6906
1747 6949
3464 4230
5492 6853
1786 6123
4367 62
3491 2643
6627 776
4574 6956
935 4038
1621 4743
1960 4209
5356 3959
5351 3615
1218 3572
2479 3084
3979 2582
6907 6428
1016 6097
1986 2397
988 4049
644 4239
1495 5543
5413 1460
2727 5815
6615 6027
4939 1577
2879 6586
3562 200
6048 695
1569 15
6889 2065
4929 4272
734 3351
4829 658
2962 6062
4925 366
3586 1725
5776 2424
3021 5888
2188 5887
2837 4081
2162 4666
5765 1511
2497 6642
4801 1993
3345 2013
2898 1324
4176 1941
4632 6910
339 2448
2462 1171
471 4819
4883 4277
4445 4051
6573 3118
2994 4415
3765 4292
3603 5462
3547 6284
6780 3596
2513 1109
6845 4745
391 5240
4780 2994
6643 854
1202 729
2129 1119
947 210
3259 6002
1886 1361
5375 3554
386 1863
6089 2897
886 6350
5903 3673
1531 2890
2565 1649
2624 2229
3336 6407
311 2628
3031 109
2960 1397
4262 6572
4766 2133
6794 4002
2305 2634
1128 2069
1706 1551
6553 937
2459 6484
4228 4709
5420 6306
6843 3894
2555 6946
1337 3374
1490 6622
6163 4135
1766 2356
91 760
5095 130
6565 1671
4354 95
2795 3400
6649 4028
5033 6799
1958 5909
2046 1592
2686 1952
6584 2852
6183 1754
3535 177
6389 1630
4019 6413
2128 89
4743 5690
4309 2954
3645 3728
4863 4294
5672 491
3397 3626
1437 2423
1060 5883
6273 866
6170 4151
3856 1696
344 4215
1844 3713
3031 5720
4738 2313
4912 4186
33 6016
1155 458
1215 509
5764 6846
4423 6624
6104 2750
6778 4946
5312 4278
5162 547
1213 813
3818 5726
1557 623
3516 4607
154 4441
4774 4602
4531 680
1700 6566
6588 5199
4152 1815
1955 4052
3497 3052
4894 1671
5052 3011
3627 2344
2818 6901
4805 6517
2189 691
6540 4377
6571 3690
4109 1337
3866 1579
6543 1642
5072 630
2269 2148
2251 788
1217 6947
3139 1250
527 5746
4076 2328
3795 6250
3521 1517
1613 3914
1551 3036
6248 943
4914 6810
2789 6506
5879 2766
3998 3576
5376 2145
3077 722
1081 3272
3939 6379
2996 1322
5148 4947
4496 820
1786 4781
4062 4500
6519 2345
5304 5460
6302 4562
5428 1554
6400 5097
6046 435
4521 2570
5061 40
5517 91
3027 6270
1979 1389
286 2250
3956 317
6335 3921
3522 3997
2964 5167
6352 892
6799 2335
5792 5399
2960 2015
3333 6727
2934 794
3832 1944
5946 2833
4368 1924
2673 1958
5849 2900
2146 2441
2294 2339
3231 3417
2057 6533
4258 1005
4755 1811
6938 4749
6532 4061
1231 2815
3235 4290
145 1614
5313 3270
2037 4376
1822 250
4502 7000
478 1265
3406 5111
420 506
2319 4439
5832 4774
880 1430
6477 2068
2712 4141
2097 4777
3248 4121
693 5741
3081 5701
6885 550
4744 6883
3330 6405
319 804
1532 3278
126 6825
2053 2226
4319 503
4668 1411
196 1902
404 2605
1713 2535
6527 1781
902 6265
4850 4276
2011 5383
6878 6145
2976 1339
4132 1781
6269 4374
3189 2386
1298 3232
5957 2567
1946 4207
3350 991
1357 3812
5617 5128
6082 1515
4065 3188
1166 4244
6 650
1845 6784
697 4705
6681 5981
5981 4092
5590 4436
3871 5574
1722 5630
4903 3506
1166 1211
2188 707
2246 4095
3404 3829
1064 6569
6661 6453
3896 4291
2143 4347
4230 3413
5168 1710
6439 1910
4448 4804
969 3299
871 512
649 1631
1182 4346
2092 595
1268 3366
210 4967
5533 5780
4012 5405
2582 4394
2458 2638
1611 3705
396 6820
6402 5411
927 40
6020 2865
3695 6637
6529 5186
3602 4194
486 6713
489 6230
5754 1403
4907 3224
2689 6893
4869 6904
5060 3466
3744 113
3341 5358
5127 5442
2883 1474
1355 6344
5553 6782
3278 4255
4369 3548
6368 515
224 1990
729 6821
3036 1689
326 5650
1219 6456
5794 428
5983 3333
4604 5293
5323 4226
2126 2407
4350 1212
3517 4621
5346 2897
4260 4702
3571 693
4947 2599
5537 5848
642 3038
6686 4365
3684 1536
5996 3164
1302 5528
1610 3429
4442 397
894 3259
2506 3752
4963 5761
3256 2752
1477 3839
238 1642
5088 4709
3257 5606
1404 2048
3905 6581
6668 5664
5799 3000
3958 3209
2807 1613
6418 5489
5370 608
3441 5134
4484 2501
5606 3359
4210 3430
6765 2564
3496 2589
2348 6926
6168 4560
793 3557
3749 3035
5450 2065
2306 1038
3202 1361
5202 5346
2523 2204
2077 4369
2165 52
3073 1890
148 1725
1679 3542
6965 6008
3069 5154
1983 3953
6613 4802
5348 2138
5471 6675
793 2402
5655 2820
1140 5893
3973 4217
2471 3892
1352 1053
4118 6823
2771 1151
658 3116
6036 1384
3054 685
3233 2902
5428 3945
151 5005
3989 5100
444 5227
6504 671
740 1613
862 3296
2584 1675
6692 3351
6193 2472
4378 896
2731 4354
962 3877
3789 1255
1741 3615
3890 1307
4315 6963
1367 5094
6954 4290
2759 3369
4787 2986
2608 6583
6058 3186
2009 1336
2879 4602
1406 3517
4670 896
6987 2868
662 5463
2059 4082
171 2193
3270 4231
446 4118
3001 3252
5852 5188
4026 13
3835 445
438 3476
527 6177
4706 3155
1611 135
501 792
3677 2488
1029 911
554 4590
5941 692
989 4518
6260 2889
2397 4427
2739 1158
3503 6280
6402 5224
2732 4151
4879 1770
427 2913
4553 1785
416 5006
4316 5979
4743 1128
5576 1883
5833 3202
2127 2472
3369 3432
2469 5619
1509 3591
6242 1155
979 393
5427 1760
1412 5910
2615 5444
750 1095
2028 1712
171 1388
4261 4767
4866 6796
2187 5906
6607 5225
4742 5040
4303 1960
4676 6672
2921 5901
4863 6498
5936 5959
1736 4694
347 5936
1185 619
3984 2365
3017 3330
6028 2515
5379 4321
341 6121
1394 4930
1891 4982
2077 1954
5370 71
2512 1882
4721 6041
3107 5475
2016 3930
5461 189
6460 1391
393 5530
3442 5199
2977 3150
3161 5711
6308 1751
3751 6708
291 5253
136 1178
2562 4628
2412 897
4432 2905
2599 723
2716 2062
1843 1908
597 5710
1810 5932
2937 718
6108 4322
1072 2785
5266 5733
4830 6334
4639 3356
5358 2289
594 3160
6163 996
1799 4992
4639 6739
5482 1012
6373 1745
215 3514
466 881
2539 1769
3504 4141
5257 1833
4878 5220
6518 1345
2199 2078
332 1066
6796 535
4476 5405
1193 3088
6301 6191
532 1127
1256 404
3343 3634
915 111
6049 2937
218 2657
4077 3629
3146 87
1294 6523
162 4977
5110 4415
5208 1540
380 6368
5141 318
5203 1196
3026 5620
2124 6980
338 480
4885 5236
5754 1484
6319 704
6123 792
4980 6227
183 6204
5281 2957
2644 4922
3420 5143
2945 5816
25 2585
2358 2838
4593 1802
6207 3122
3158 6863
4539 4949
48 6918
323 2427
3960 5272
1878 2386
5085 5647
3717 1350
4739 5010
448 1375
3622 2244
6201 1772
5521 2013
189 3366
6737 5916
6665 186
3745 6781
4643 1515
4185 637
2991 2377
3646 6021
3737 6139
5289 5827
1744 5954
5142 6531
1312 4045
4390 4452
5068 4138
5386 2727
2958 3368
6006 5818
2484 3485
6415 6023
340 3885
1088 1304
4691 5319
3442 2434
5878 156
582 3418
1456 10
3073 6509
6191 4817
1745 6529
244 390
1301 5734
5274 4364
2378 2685
1507 5610
829 6678
2537 6879
691 6744
1668 4215
176 4578
5605 182
1881 5262
4369 3174
3992 2470
2197 3778
1187 909
2341 6186
4901 5664
562 857
4825 192
2984 401
6566 2785
1430 4050
4334 3338
4270 5797
2238 2274
5704 6927
2609 3907
6496 1265
2151 3029
5358 6290
181 4548
535 5800
2051 5831
368 6626
2173 4508
6503 5819
2816 5139
3700 2419
6341 573
5899 228
5470 3498
3321 3554
3623 3892
271 3660
3098 1038
3910 916
6549 4659
3340 571
5050 1599
3558 1962
1419 2706
6 5082
2716 1875
4030 4401
2693 171
1413 2891
1905 2599
2430 1289
3219 5879
2557 1064
5852 8
297 5231
4394 3365
4208 731
4762 1317
259 2495
6066 3909
185 4266
3495 4996
3201 3795
6472 4597
2834 2281
5294 4561
1650 1299
626 976
6593 6809
2743 6300
6597 512
591 5304
5875 527
5090 3226
2170 3405
2330 1408
6249 6595
3720 3020
3842 3949
603 6068
2165 28
3130 2400
3720 6403
5148 3581
3565 2328
819 216
1187 2332
5617 2339
228 3158
4206 6296
197 1593
6451 6702
5575 2867
160 2465
2780 1994
5877 6615
4356 2076
3399 3729
2095 1137
5639 1539
3147 6891
1029 1342
395 4210
2893 2056
959 6238
4225 280
770 3333
2607 6388
6621 4265
5776 2749
1832 2605
3141 5541
3604 1101
4655 2493
2320 5577
2860 3047
6365 3521
2318 5504
6265 6323
912 2635
2880 4453
2756 2697
292 2927
4645 5188
3220 6773
3222 1184
4431 6922
2197 4396
783 3918
5208 3581
1753 6634
3960 2052
500 597
5916 2355
4300 4372
5583 6087
5351 6518
1311 2502
838 592
5791 374
5285 1734
5133 4346
5164 3659
4579 754
1750 3303
680 2635
967 6075
3959 1046
2946 1666
3238 5450
2738 963
5353 148
180 1531
4158 3915
3941 6132
2167 1147
4596 1108
5117 56
3291 1297
3281 609
2355 3827
4371 1929
1451 2862
138 4688
1905 6250
3006 2067
1530 711
12 6269
4623 2904
3960 4280
1930 1584
4622 2679
289 5988
4862 6303
1099 5039
4516 5666
3024 6029
2028 1338
2528 5825
6564 1771
2802 4115
3863 6949
2989 3941
3615 6847
365 6922
1032 6419
6039 3054
2261 758
2393 2375
435 6163
6030 5220
6620 6217
4099 6667
6026 1314
898 6604
2044 5604
961 4674
80 4659
2074 1282
2220 6769
2807 4085
1098 6665
2104 2622
4704 775
5467 6396
916 1898
4897 3799
2252 6657
5325 2556
1345 3509
3174 1785
226 6332
534 4233
4364 303
1654 4264
5693 2393
4359 3342
5694 5247
2022 4101
4384 5092
3171 2618
5442 4245
2271 641
521 214
4098 2254
5340 3968
1988 3736
2485 4542
1477 5506
3251 4075
3880 6498
2796 6124
3011 3834
707 6231
1486 5969
4158 5688
266 2324
2289 3849
197 4439
6807 4457
4433 1951
4653 3415
3034 2505
229 3196
3131 5821
289 995
1596 852
3402 3840
1869 1950
778 405
6951 4586
2144 3875
6163 2850
103 990
2960 6878
4641 2250
3545 3367
3710 5124
5539 4154
3861 5293
4816 6977
6877 4822
3355 6653
1923 5569
1995 719
2019 5277
4789 2121
6926 4714
3638 525
4190 1038
91 6241
2540 1192
1798 6971
5864 5792
358 1108
819 2257
1474 3649
6214 3138
787 467
1167 688
1965 4640
6538 4201
3828 1746
5457 4098
1689 2490
729 462
4958 213
6513 6588
6229 6829
2678 3758
319 2284
1841 5513
62 184
3460 761
5939 6501
4509 2080
1828 4527
6941 1558
3352 2167
3236 4436
2052 448
4323 6239
3568 479
4321 5412
3571 750
4873 5925
926 2854
6399 5146
1051 1802
4895 1742
6276 6244
2725 2419
2403 678
6546 1409
5680 4678
1014 1920
270 4620
5647 34
2749 4698
4863 5587
2344 6864
200 2346
1779 447
354 6196
3171 2886
1994 2321
6016 4977
651 6190
5733 1656
1001 1284
5667 4042
1061 1335
5414 3596
6749 583
3428 418
6814 5896
1272 5719
1730 181
3851 2995
5000 1512
1636 6935
5841 2128
3671 3559
6180 1594
1274 5765
4008 6362
4781 2902
5648 2487
1918 3615
3390 1065
2545 2959
267 3167
974 4749
3759 2625
6684 538
5839 2432
6424 5337
1081 2337
2101 5170
1691 576
1097 6253
4899 6691
5142 4197
5830 3817
4512 3801
3550 946
3271 5695
619 6628
1904 5006
5376 3088
2175 3025
833 4867
468 16
1421 5037
5134 522
6061 158
529 669
5030 5834
5878 1205
6993 138
2144 4843
2791 2210
6063 6620
5626 3613
1701 4273
3225 2667
19 2260
4936 2385
2350 1686
4686 1456
2229 3611
1945 3852
3898 4638
1379 5161
3903 4982
1623 1357
6454 6626
1261 187
5738 794
1825 2215
1870 1234
6006 5712
4211 6266
2463 2502
4617 538
2800 5305
5448 466
1595 2692
6450 6103
3337 2477
6842 2951
3462 1425
1249 5438
2919 2903
3478 4587
6305 1965
1026 670
5343 3274
1021 326
3314 3432
1863 4550
3169 799
2761 5700
5120 758
4755 71
1074 6753
907 1917
1975 1758
3377 4885
2503 1877
5462 872
6828 4342
5961 2505
5465 4553
1351 2308
6420 575
4028 3125
3967 5101
1961 6963
6875 1155
5331 5492
1747 29
3137 887
1713 3828
2112 4099
3423 692
5121 205
179 4719
1775 3925
2852 876
300 6177
3791 2781
3137 1237
1697 1790
4816 2952
3169 6410
4933 4291
6330 2910
4776 5805
3141 4362
1264 2662
2374 1251
6900 5884
942 167
3166 6112
1563 2729
2137 5445
293 6137
2684 5614
2866 5096
6231 5533
6453 1408
1506 5578
2287 6143
3587 4075
789 5937
4392 2782
1271 5711
4729 6339
679 1635
6628 5354
5578 4564
6543 6936
4666 5236
2986 6302
751 168
6379 5781
3679 4014
6148 3404
1149 6630
5471 3162
6154 6602
2050 5045
2831 5610
708 471
450 1933
5185 324
1786 6692
1760 5471
1230 2273
2064 5882
1322 5245
4746 627
6425 2342
5606 5457
3873 473
2474 1027
2837 5805
1994 4362
435 1251
2649 5754
844 1456
1979 6683
4359 2618
3058 4461
1757 2140
4212 3322
3119 1704
2188 4578
3026 5677
5698 5396
3981 945
3557 5313
1432 5763
2461 3424
1745 4008
6815 4375
1793 292
2887 5518
4100 1576
6159 2758
462 5676
2024 6052
4 4798
5247 3430
6403 3118
2084 441
334 6430
6865 705
1462 4070
4128 3974
3281 5041
4335 288
823 2807
2447 4815
5639 628
2 3597
2909 150
6701 6316
1687 2094
6852 69
1662 4481
349 4055
2737 4769
3986 484
1811 1571
1499 6180
4445 4970
5663 1372
6929 4638
5788 320
5072 4314
3824 5037
118 5061
3356 3471
4013 1526
4187 3399
3939 3297
5000 6131
332 2546
17 3474
2195 406
2816 2968
3750 6027
2824 6993
3848 900
1826 2229
3722 1727
2225 1746
1819 1058
420 1612
2634 6869
4785 1224
1698 2983
4921 361
3501 6454
201 3002
4502 5073
5497 3904
5149 2440
3246 5181
4987 1358
1193 1535
5355 6480
1191 4872
666 2018
1626 4046
5170 6700
1068 5970
1927 1530
789 6555
3344 5689
1402 5092
3065 6274
4242 6839
4018 715
379 1961
938 3645
6168 2015
1087 735
2207 766
4292 3169
806 493
1484 4343
4381 2460
2478 5201
2137 4908
3257 4939
1741 4908
6782 373
385 2156
5653 3262
6969 199
4228 2595
603 3547
5940 286
4909 5962
1788 1721
2016 3800
3718 803
5273 6424
4241 2830
1546 5571
3036 217
6368 2426
416 4071
3735 1157
383 1679
2186 5150
5147 4972
3022 5422
1232 6320
3457 5350
1261 4806
3592 4986
2954 3975
1844 4632
2768 1341
5455 6256
6221 871
2676 1752
4508 3709
2302 3231
53 1171
4793 660
4196 2656
206 2167
4467 675
4466 1204
5971 1046
4694 3283
6745 4604
5439 1185
1442 6695
6645 236
4936 2816
4034 4176
3444 927
209 2034
1069 6864
5888 4202
636 4730
6394 6225
3211 1106
5480 3818
5 4863
2424 6388
4385 619
472 2794
2960 706
1112 3154
4195 4659
2493 1994
4035 994
1046 5540
927 3374
6725 5426
3449 6532
6785 6231
6842 349
3659 1646
3941 578
3550 922
6465 399
4438 1384
5063 1436
2039 6927
4654 6112
1302 6634
2797 5788
5440 605
4062 2036
4440 5594
4901 5989
4495 5301
6212 3336
1508 94
5279 5383
2010 5408
1892 6850
3783 6004
3809 809
4091 3905
1073 3549
2007 4356
728 3514
3493 14
6488 5082
6770 4014
4680 1267
2837 4813
5669 1781
5012 3726
2625 204
4371 3141
4739 1847
4202 1642
2304 1317
5010 6282
4110 2053
5486 6211
555 3744
2547 3704
4849 4644
5040 1960
1960 4136
6972 1869
5623 1786
122 1610
5908 4399
3826 5677
1297 2102
6780 4328
6529 1299
2174 2375
5505 976
4655 4778
1833 2082
6902 6011
305 536
1234 999
984 6486
1643 6122
3604 6769
5686 3239
5216 6508
4469 5527
5092 2500
6714 3681
5895 6796
5422 4132
6263 4748
1972 1867
5055 2618
3902 6611
6512 5452
3528 3926
4419 2407
418 3981
3467 4404
4492 6827
4733 3506
3337 4331
1400 1826
7000 5391
6609 5735
3328 81
1872 4265
1223 6071
5163 57
6071 1895
1017 4690
6287 207
1433 6820
368 80
6216 1495
2055 6574
2236 2448
5749 2783
929 5974
733 1898
1858 2273
4537 3163
1820 5953
4332 2007
3960 6565
1752 5260
4147 2227
4218 4322
5271 125
2987 6180
1094 6199
6106 3178
4695 6381
151 5306
1276 5681
1565 5784
2466 4199
30 815
5291 750
5887 4945
2618 806
4070 3296
4168 421
6907 1362
1484 3351
1740 1062
6991 309
5072 2517
6803 258
2231 1299
2482 5082
5157 4318
3903 1843
3872 278
1633 5322
6122 1028
3376 2326
5408 1685
3498 4009
5332 2629
3467 2444
3564 5760
2664 3783
4641 1957
2678 1237
384 158
6454 6870
2657 360
4917 1074
2339 6652
3466 1438
4799 6680
1998 4861
3488 3671
5107 417
4921 1947
62 1046
688 3952
528 6703
2307 5616
817 6806
5266 4611
5858 2271
3143 5888
6252 2198
4795 2774
4822 1187
3258 3394
3725 2079
4069 6053
589 913
6277 161
1172 739
1729 1596
6861 3595
3287 5236
6956 3832
6149 2046
782 6596
6396 1923
5243 6670
76 5616
6707 95
2751 4852
6488 4895
5738 233
2149 88
2493 652
1870 673
4738 4468
5509 4345
2123 5283
3370 925
849 4785
4424 6752
5353 3051
2922 11
5764 2585
3587 2091
1395 1319
2802 4790
2200 26
4784 4062
277 5498
1767 144
3511 6418
3578 1978
714 4718
4167 5002
1822 982
3005 5499
70 482
6603 2000
6869 6815
6709 3150
3061 1644
5270 6557
2006 510
1376 6530
5174 3062
2500 6680
5797 35
5678 5039
2500 264
5084 4300
5361 2888
1557 1623
6388 6892
3794 2168
5167 3022
1932 4883
5796 6199
4041 5428
5474 3704
1112 1357
248 6207
1922 6824
4384 5767
1922 408
4697 4012
5159 5763
3600 4904
1210 1865
4663 2149
5592 4864
2295 2841
294 5047
2032 3959
5309 5707
605 2465
3060 4401
4374 5429
5606 5701
3816 6599
5368 6287
3687 4499
6975 6436
6641 898
448 5864
5763 2652
5042 640
4985 106
1996 4652
5914 569
4541 2344
4268 6881
5548 1909
4951 3905
2482 4545
651 5442
6255 81
1812 5474
33 6561
1282 2276
3393 3648
1306 418
2897 34
51 4134
5407 1677
2017 5879
3230 6101
1210 4093
1764 5433
4689 5598
76 5884
4353 3397
3448 1076
1977 6480
3203 6907
180 6207
419 6223
2511 3381
1511 4206
5688 3767
3431 2600
172 3313
6237 4763
5404 4762
4241 1651
4316 6898
3504 604
2062 5248
3803 1425
3966 2355
6113 6390
3682 3350
4642 5378
4334 1061
6985 6319
6139 1195
2090 3509
6658 3480
164 5300
5458 1211
5071 4737
2684 1215
1249 2112
3398 558
1653 6891
1340 2230
3859 953
1959 3965
5850 1442
5791 4245
3081 1790
5715 5189
4282 497
954 5577
5976 3244
3638 6811
2950 2273
1478 4042
1481 1307
5620 5302
5157 3326
6484 1206
6487 4887
3844 3654
1545 2231
5934 6401
5836 3614
2866 5958
4738 898
1162 6630
4126 5969
451 388
2156 1072
1290 5095
72 1523
4676 3403
404 572
2654 4732
5445 2453
4170 5517
3490 5004
903 4834
254 6640
1871 1061
498 584
1184 4295
2643 3792
3854 3187
6650 5416
3389 5302
5280 4456
1305 5753
770 2211
5379 4435
1828 1364
1210 2483
3223 3320
895 1159
4620 6103
5773 1356
55 3397
4033 2371
42 4663
4493 3295
5933 2742
1747 5347
222 1066
4306 436
414 3488
4454 334
6412 1464
5861 3805
3645 4891
71 6532
2628 6493
505 2852
3125 129
3462 5938
3342 5082
1626 3485
4425 5231
3647 2685
2502 6539
1835 1380
5474 134
2265 210
3672 3681
4733 6515
2479 4865
4843 267
1049 3854
185 1534
2084 1303
5752 2707
6376 5540
6493 6125
1727 6169
2073 390
1453 682
5868 3821
6057 6726
1384 2797
1883 266
2851 657
22 6616
455 5717
4464 4004
5584 4035
6766 2692
363 6128
4439 5637
1000 2807
6710 5012
1400 3680
5727 6972
1560 1683
1526 5482
5793 2307
6937 2732
552 5276
5137 2942
4956 4062
4297 5180
6343 1993
6102 3062
1098 6698
6292 2405
6128 1250
5479 3056
3884 6704
6150 5735
732 898
6189 4909
6719 1691
4105 5360
860 5779
4341 1695
3785 3692
6092 4976
6584 5438
4657 3621
1298 2972
5305 4596
2934 1607
2975 1608
5117 4545
4470 762
1316 3551
6859 4330
319 5805
6803 234
2099 1156
5674 3123
4516 6772
2990 1135
1214 6657
6484 2174
1250 6314
402 4527
2284 155
2464 5226
2989 1664
6235 4099
308 4111
5230 2328
5419 5233
4300 1640
892 1129
6869 480
3603 6438
4723 6469
3738 6074
4700 2513
4624 3457
2397 4354
5475 5515
1948 6248
107 41
764 5266
6392 4463
5337 4827
3878 5330
1851 6315
6517 2657
4158 1183
3005 5930
4679 6547
1718 309
1752 6309
6702 2410
3001 2024
2605 2024
5802 4597
2249 6361
2388 3487
3749 197
254 6103
6259 1840
944 888
6011 1738
5644 6640
3615 6798
6475 152
4670 18
380 1489
6229 6512
4 2895
1435 4508
6282 3140
2894 4005
3864 4469
2613 1511
2026 4195
3167 2851
5534 1934
4252 3827
119 3784
5721 4012
831 2300
2264 6992
96 2080
6188 445
4841 1189
2351 3204
3168 2672
3266 6213
5002 2046
5745 6291
3596 1429
5024 5777
4408 1307
977 4754
6276 5927
2045 2343
6730 2899
2093 5797
3590 1614
2905 757
474 4133
816 864
5700 5767
913 4180
5729 4253
1123 1546
5703 3032
4894 6835
3394 921
3808 6388
3672 6527
470 3610
4396 6558
900 3194
3109 1691
4454 3530
2735 5422
2781 5767
6503 4778
5068 5675
5221 5917
402 2917
6382 5949
4541 6158
1375 2898
4544 5675
4637 204
347 1675
932 2328
5603 6184
2107 2820
2425 1409
341 1860
6936 92
2364 3385
2667 942
2634 4966
2608 3745
4158 2606
4096 1728
6563 5179
5899 5953
4218 3411
4622 1020
5372 6436
3190 6352
1889 1025
726 166
5364 5794
5744 5261
386 1229
1167 1794
1036 4529
358 5597
3681 173
2070 3288
4081 1046
1353 3647
1219 1203
2409 6137
851 5880
378 3970
5230 2946
880 4366
6327 1273
3519 2447
4114 6040
4073 3787
220 6013
862 3036
3549 3787
4129 6348
1744 3653
6710 287
2788 4628
2948 2631
5625 2694
3782 6240
6769 867
2923 4264
1958 1892
6531 1453
3539 66
3358 4192
2950 6087
1544 6224
4027 3038
2344 4587
107 4042
518 5828
1788 168
633 3334
4970 898
2193 3637
4528 4717
6888 2629
2189 3895
6599 2526
3457 6830
4202 4732
2684 3874
6582 4774
192 2810
4452 4880
7 778
6190 4169
741 773
1145 4798
6778 929
5659 3752
621 5552
303 547
2978 6199
1954 6630
22 4469
4321 5713
1293 4669
5532 5862
2318 1430
2049 6867
2966 5815
3000 5399
5584 5271
83 5095
2414 4521
4959 2967
6576 3050
5681 5581
4592 1453
1099 1770
5118 745
1014 5604
689 5844
2100 389
1434 3746
4400 4666
5704 6504
6477 3044
6922 654
2958 2140
6041 2891
731 3037
2433 5702
2402 4137
1750 2262
3711 657
6825 721
1097 4326
221 491
3636 4455
6351 838
6072 2177
375 4341
4107 4040
5597 2850
1058 2119
1369 5953
4263 4553
4113 822
3100 1442
1186 7000
250 3114
277 4937
19 6399
1392 4624
459 255
3449 4979
1049 1252
2174 1627
5242 1346
4321 4908
6334 5745
1506 4911
699 3125
5346 5833
2476 1211
2352 3619
3563 3014
1981 4615
5374 684
3837 1304
382 4357
4000 2988
4241 6083
6856 5268
2840 5810
1405 4455
5959 556
6790 484
6948 1070
5668 3790
2089 5087
6258 623
6282 5181
6638 844
217 5983
4609 1002
5631 3908
2764 3721
2805 3722
5859 325
1280 5857
2458 3614
111 5183
5692 4534
3417 6171
6454 161
5060 1059
5070 2501
1386 5502
4435 1007
4500 6320
6654 4356
3536 386
4377 1002
1359 4810
628 3608
3059 232
6369 962
1073 4224
2692 5888
452 5826
3150 350
1663 5221
629 800
2230 6766
1747 4168
4209 2357
2722 812
5337 6413
4991 5776
504 5235
6729 2436
4798 6135
6176 3950
4178 4175
6824 4925
3263 1166
2438 4436
3634 2799
2866 941
3394 3312
3142 6474
1497 3589
900 5585
1146 2608
2150 4908
5438 6845
1576 4821
2949 3046
2422 6535
6178 3622
3043 2681
2389 4143
4280 3297
2564 1700
1600 2182
3558 3312
2407 1716
3408 6751
4750 2657
3778 5530
4676 264
233 5657
5240 2292
4715 192
4154 1845
3371 4617
66 821
1681 4995
1228 3707
6261 5727
595 3794
5457 4212
1901 797
3263 6777
5004 2954
6313 5136
3928 2441
3321 3749
1180 3666
5199 2641
5262 711
4164 4411
1332 273
494 4092
4353 5064
6399 1877
6089 3149
1827 4416
146 2628
5249 5387
5102 6091
5460 3355
2421 2122
1103 4358
583 6012
2002 6110
1355 2327
4834 3832
3344 5022
1969 3718
4298 819
1686 1151
3303 1234
789 2855
3282 1111
4247 3483
3430 1009
3485 716
5114 3068
5451 5871
2777 5325
1784 5069
2617 1660
3650 2446
1628 3775
3175 3119
6105 4382
2554 557
1812 6336
2242 5920
3304 5973
5038 979
3300 2067
5998 3007
3021 2652
4749 876
2797 3698
1887 1033
4165 825
6214 4325
3635 4797
4877 5757
4973 6219
3258 1841
2710 4453
3546 4725
2452 3663
588 2168
4008 6476
5663 3633
2408 3364
1384 3041
1626 2574
1486 6701
4122 6763
1486 285
705 474
137 956
5766 3007
3780 4747
4053 5845
3189 3525
6073 1437
1785 4489
5926 4393
1815 5829
6564 3926
2713 6979
6820 1637
6815 1293
2892 2780
3014 3709
153 1839
4541 5784
4301 6297
1235 1763
2767 4182
4438 1872
2817 3545
6306 5738
2455 2375
3133 6225
927 829
3883 307
4277 4398
5526 113
799 5747
2191 4022
145 793
950 5916
6122 898
2996 2729
3324 2006
4532 1884
3095 2708
6116 6745
3191 2416
4466 4270
1840 6424
1695 3791
5611 5297
1442 3345
3923 5748
6411 3660
688 6855
590 4068
619 2554
6885 2762
1613 4166
3765 2129
783 1430
2679 928
6569 3465
2118 2581
4662 3054
3144 2196
6714 3819
5902 1689
4193 3515
6526 3768
772 6152
6849 3455
4072 5440
4137 4337
5966 2613
422 1609
2230 5424
6029 6345
4071 5969
2357 5199
3785 3131
5870 5534
6142 3778
2002 6728
3719 4763
2702 2201
1138 4408
4782 4260
3934 2473
2666 292
2437 240
4892 1422
5265 472
729 3422
4552 4737
6957 140
6396 1793
1883 2283
6260 4938
3842 6267
6263 2203
4673 6195
5827 2804
3862 1257
4297 6847
4483 3819
4178 3183
3173 3664
5979 5827
8 3258
3014 2099
4002 513
5594 2983
3171 3968
4974 3275
5848 4031
4599 1900
5970 5714
2262 4157
5378 1638
2072 1781
3505 6473
4587 3768
4000 6452
884 2555
108 55
5268 3348
2897 359
3523 3265
1429 3028
6232 6249
6910 5181
5583 1639
4914 2069
1221 5708
39 4799
658 872
1962 2710
434 1164
6905 1804
186 1062
468 748
554 6184
6963 5946
2587 6145
5968 699
4717 1151
5121 5930
2858 4918
1170 5369
2892 3748
4571 5463
1455 1566
2413 3521
6590 3082
2667 4569
3038 6956
1978 6976
4989 6161
2501 2587
2100 2243
5555 2600
3445 4082
3970 520
5887 895
6957 1563
3374 5370
6850 942
1411 4650
4965 4986
3212 878
3308 1340
6012 3226
2023 6345
3740 4380
901 5487
4051 1798
990 4778
6403 6265
718 118
1740 3778
4534 4426
1953 4825
5664 2893
1089 2505
2954 438
6505 3509
5097 567
4510 3251
6251 5844
864 3326
1583 2259
4754 3611
6218 3452
5194 3883
2849 6279
2350 4646
2234 6915
6983 2760
1754 3834
6153 6440
4250 5017
981 878
4486 1352
131 2428
3899 4036
1876 5894
3467 5510
195 6735
3012 3425
6124 3416
3331 4868
67 1073
5296 753
3739 721
4425 3678
2773 6792
36 5924
6164 5444
1121 6900
333 5918
6718 368
6558 3119
1618 1290
1859 4385
6511 3273
5224 4822
1683 2439
6781 4854
3200 3072
4447 4376
2985 4581
5652 3956
6395 1785
5216 6809
2754 2204
2439 3132
6952 2642
6988 2299
2191 3030
6541 1610
4529 3627
474 4995
5582 2436
5024 3606
3928 1717
483 6212
94 2495
2714 2024
2746 4191
967 5278
3243 4997
5724 1738
2403 1573
5639 3320
4388 6778
5940 6466
5847 6275
6597 4521
1998 3739
2739 6403
2517 1860
686 6921
3637 1891
270 627
4478 6671
2205 6469
5658 6753
2045 2050
2387 5951
4097 2815
184 4990
5031 3622
6156 3997
1077 5796
1330 3236
2600 582
5036 3966
3659 337
2382 2574
3280 3724
3875 901
1170 2954
2536 8
550 3246
1605 2882
2389 2964
1964 3000
6609 4881
2808 1635
2097 1809
3952 6224
882 2672
4574 5224
5854 3258
6444 91
4076 783
5196 4978
3618 3315
510 6449
166 6639
6976 6745
2303 2816
4009 2944
812 4535
6187 5538
2913 1055
3 1922
430 4241
6252 6687
6741 462
1490 3467
6651 3952
1676 3822
6151 2848
6152 3450
6496 4014
1458 1650
2346 1358
2910 4140
1664 5690
348 1583
416 6413
6455 6642
6481 1447
5206 4511
2472 3914
5049 363
5143 3408
1841 3293
2842 6076
1937 3755
4420 569
2059 4684
5178 5846
4987 6278
2862 6728
3920 5881
4947 3469
1801 861
1341 5572
2831 4382
1812 5157
4701 3413
3698 3967
5623 2705
3319 938
6441 5781
6501 6586
6993 6294
4942 2721
2084 368
2631 6953
1516 850
4095 4542
6839 5827
1108 3499
4678 4368
4008 5297
4216 6000
5434 150
2089 3371
2976 4332
6445 5149
5796 6955
1443 2442
794 4248
1780 5245
6 6676
6670 1295
1183 825
2210 4829
5895 4682
6270 3805
3894 6888
938 994
3677 1935
5516 1653
4950 2962
1469 630
3112 436
1121 3330
2962 3875
6575 1408
398 6907
4106 2048
2645 1724
3760 657
4174 6124
5351 6689
127 5855
5543 6859
5280 1561
2582 621
59 6660
6680 3861
5843 4118
3751 544
4793 5580
4000 3500
3198 2058
3100 5687
459 1117
4292 868
2881 6323
2857 1765
5524 1140
1513 6944
326 1527
4570 6474
5439 2722
205 3452
549 1010
666 1595
4866 2860
3785 2757
1639 2330
6116 2183
3626 1946
4835 6930
480 2344
4062 4728
3002 4748
473 5337
4332 6309
2553 980
4304 4261
2129 5348
3994 3281
4300 6771
2681 5861
2862 1735
5076 576
6701 5438
5046 1865
3024 6200
1627 1165
973 2627
3745 5960
2983 3193
4543 3496
5854 843
3232 487
5480 2322
5884 2183
435 2951
6658 5741
6568 2815
250 3171
3760 3235
337 5045
4506 581
4124 4451
4561 5206
4438 6304
6391 6336
4840 3086
6208 967
2127 1114
2402 3039
2947 853
4688 3446
5858 2840
2162 3552
1174 5892
4495 3805
3378 3291
5515 5884
3039 3825
2626 1966
6478 5931
2622 4476
905 25
2308 6006
5727 1044
406 5939
1091 380
6634 3411
4633 5617
4320 956
3958 6202
3858 2588
4609 4442
5196 1758
4819 1808
4072 6489
6121 567
6150 6223
4099 2650
1306 4102
4350 17
5227 6706
1020 2018
1137 2603
4941 3868
670 3891
1695 652
5896 4771
757 103
1885 4159
5806 6009
3867 5683
2470 648
1007 5913
4421 607
6423 1255
4740 2050
5524 6296
6114 3129
1599 6956
999 3019
4020 2892
2862 125
4460 3164
1719 5560
2528 1003
6664 1317
3238 2856
127 6473
4139 3523
6625 4772
5443 3863
6384 1677
3674 5638
4040 1265
3241 5756
5251 660
6966 4284
5836 3565
3563 1111
3110 577
1549 3055
119 2044
3665 4771
4539 1363
3787 38
4470 3478
5311 4094
242 165
6706 6050
4674 275
3994 516
5236 2230
4002 5295
6899 3412
6822 748
5703 4325
4173 6116
1680 1444
3526 2333
6177 3427
5671 4787
2490 495
566 5365
411 1290
5954 5075
118 4451
2492 6957
1217 3605
2528 198
5936 2991
717 2501
460 6817
1525 4889
4438 3539
4260 4930
6779 1401
707 4442
1949 6156
839 397
6873 1036
4075 2144
2389 12
680 6002
6769 6348
5372 1313
1664 6926
948 6756
1473 3194
4405 4530
4036 6353
4056 589
1729 4288
3439 5316
5449 2472
6070 5034
2835 6141
1156 4426
5080 4295
5429 4449
4622 2663
6518 2915
6793 4840
5081 733
5518 1488
6256 471
4482 6066
4578 6528
813 4437
2530 2472
2728 2487
3796 2328
5260 6333
1674 6459
6930 3798
6283 15
1487 3600
3507 5608
5152 1323
339 5685
4814 4711
1204 4443
4253 702
3434 3817
1911 2615
980 5489
3130 6035
2978 2231
4520 1231
4375 5014
106 5864
4433 2740
5212 1724
4641 2689
5516 2889
1748 1281
6419 4383
6634 6257
2902 142
3029 6333
443 1470
3110 845
1566 5182
5037 410
3612 1995
3340 3751
4696 6533
4358 3505
903 142
187 726
4447 2042
3953 5671
3237 6255
162 2359
5718 6406
1996 1733
5077 5821
5065 4306
3668 25
1266 1133
5446 965
4998 6467
263 1660
5066 4881
4808 4091
6776 5909
202 1384
1759 2170
2187 6589
3312 6964
4931 2212
1414 4387
2689 1323
3843 4348
1995 3386
3741 6323
3151 3074
1196 6379
1010 2991
5337 6283
6915 776
2278 3674
6980 6089
1063 6789
2252 2453
1156 2816
2217 5650
4571 364
1866 4669
5386 6175
2158 2037
4176 3218
2144 3859
1956 4562
5440 6411
567 5804
1801 487
6281 611
3108 6760
2697 1564
4066 2299
5500 3429
6429 3892
3294 2951
4847 5493
4190 1022
3763 1709
5688 6109
1545 5378
2603 2279
428 3366
5836 345
2503 5081
3132 1088
6917 3831
764 2534
5048 1992
254 6404
3112 3095
1100 5112
1215 5624
3775 5102
564 4351
3957 4584
461 1220
5163 3635
3399 5754
1961 718
1121 2956
5823 5371
3648 6458
3335 1797
2526 5600
1768 323
6719 32
3104 5082
958 4655
5631 2168
89 2745
3361 6401
4481 6432
6561 2075
3471 3563
3968 4369
5475 1628
4172 1890
4413 4985
5569 4673
2601 3680
5402 6253
5648 3276
5180 956
5002 2347
487 6174
2691 3573
4988 4169
1046 1442
3372 524
1200 5292
6797 5176
919 5050
2287 2931
1279 3141
5914 4334
3462 2669
731 5753
6180 2733
263 3433
2619 1226
5731 5381
2713 4271
2245 2705
2212 6729
4767 5863
4459 1546
5985 6429
938 6231
3247 1926
1490 328
6352 746
4168 3999
4753 4652
1344 3886
5759 2861
1184 221
1679 6616
3539 4205
2854 4102
6892 875
4505 3769
5563 2922
272 6528
5783 5140
4935 3353
5165 6259
5943 2389
5740 1306
3570 2737
1390 3480
3317 2291
5187 3574
1949 5164
3656 2511
25 3618
1171 1864
5894 5156
264 2880
2499 2598
2576 5262
2318 308
3940 4899
5829 3980
160 2530
3119 1525
3504 1336
2747 6083
3404 4138
6241 6368
2308 2249
5979 3924
3892 694
5230 6280
3709 5905
1687 3070
4744 3354
2148 1967
3113 4339
4897 3596
6884 3212
3083 6382
3171 2065
5698 5567
686 2172
2205 1720
3765 6187
2454 2424
3954 1922
931 1222
6497 5957
6963 5198
643 3973
952 5482
860 5893
5122 1620
263 1473
4693 5644
3967 5540
605 4620
5904 5793
3213 382
5494 1199
5459 2144
1525 4970
230 5847
533 3404
6577 4731
3208 6804
1224 1043
6661 2924
1367 597
866 3055
3362 6490
3207 3169
438 3517
4846 5485
4756 2559
2975 6983
5631 6169
526 2583
3069 6618
5725 5804
5751 609
1021 6726
3559 4001
6313 5974
1943 6018
761 5109
2168 4416
269 5401
5709 383
1514 3626
5805 845
6247 1190
1914 4499
5871 2596
5360 3612
3772 2015
5086 4541
3997 413
1378 3738
3527 1430
1508 3030
6433 4677
2786 3647
6315 2263
6170 6046
468 4456
5163 3448
4264 4325
3020 6702
4883 4562
1710 6547
3520 609
4602 4320
802 3928
6652 1252
5788 6102
2111 3858
2825 3201
573 1624
5769 1164
5803 6410
1021 5921
708 1260
792 5869
2762 2098
1511 5556
2918 2611
2606 804
173 1101
2537 2919
2998 4068
5362 5886
4366 1195
3996 2416
3968 4532
379 977
1037 6804
1806 5100
5421 50
811 4017
6785 441
1432 3169
3488 4834
5632 4434
4737 549
903 6989
6481 2659
6409 1093
5503 4963
4456 3690
3751 2211
5041 179
3637 1143
4592 2827
798 2250
340 5536
1983 424
2237 1472
5788 5297
3188 6420
5588 3731
1646 1004
6185 1735
4688 5918
4867 1719
4872 2063
4911 1237
4904 4230
6955 1387
816 3206
3808 5347
6172 749
6184 2264
2822 1344
361 6009
378 3734
2284 3920
4679 5051
3647 1457
6640 5698
6363 694
1294 3181
5888 4373
4730 1606
4275 4409
127 301
4939 2130
3863 2371
2330 6897
5040 2936
6815 4359
2445 4403
3766 2438
5435 3465
4972 1489
5531 3173
1269 1030
3313 1180
6833 2686
2758 6031
2378 148
2749 2535
5178 4748
1718 1041
169 5034
1535 2088
5745 4795
1877 5235
4186 930
6799 6458
163 1055
4867 4297
2442 4455
30 5629
65 897
5204 6319
1961 1149
61 4161
964 5655
1155 2971
4078 6473
6255 5432
305 3740
55 559
1765 3839
6524 6788
4557 2162
5594 438
5311 3533
6429 485
5687 6264
1231 872
5271 4134
4746 2034
632 6205
720 1888
3347 2588
5833 6089
3586 4856
5513 257
6237 3698
282 1662
2491 6575
6756 1819
1396 1124
5103 4708
5304 2712
3083 1202
3143 1253
940 6708
4140 6546
5513 607
1267 2407
3949 2814
3885 5273
595 6673
4574 6249
5252 5181
1396 1474
2509 334
2702 4112
1859 6833
3619 3060
2944 3645
2010 586
602 5558
3995 5791
6082 2605
4585 2624
3033 684
6367 5218
393 5384
345 1960
4023 4052
4116 833
5179 4494
3873 1075
2283 5067
2708 3553
4063 6834
4927 2738
3640 4287
5916 4006
6475 5690
6783 3591
2803 3790
5511 6172
3933 4509
5141 977
6732 6255
3575 2357
658 555
6007 6753
2461 4026
1148 190
2540 1875
960 6555
1053 3336
220 6745
1421 5452
2799 4021
2952 99
765 3835
1052 3111
5370 2153
1261 6668
860 6324
5815 6933
5428 6295
5813 6106
2919 1090
610 6149
851 2074
6828 2179
4159 6141
5186 3729
193 3794
1196 3240
387 627
6111 6702
5770 6409
1560 4456
1040 1946
885 5041
1868 2357
2996 6413
6077 4839
5204 6937
6319 6624
2064 2646
5765 3032
3490 6167
3550 6972
1155 3589
6506 34
1492 6392
1674 1710
1684 6562
4609 311
3955 1773
6100 1975
1143 5457
6413 974
6688 2899
4752 5500
1672 2014
1266 572
216 2034
3284 1753
1231 4523
5503 938
5706 1297
1946 6720
2321 5843
4871 4633
2161 1424
6524 4373
2966 6547
2780 3913
5648 1292
2504 1763
4467 3237
102 3625
4429 6917
2531 176
3408 449
2410 1347
44 3620
2303 726
2502 4319
2683 947
2583 3749
196 6643
2460 4847
373 5027
3391 1973
6627 3720
3927 6117
1329 3903
4508 5116
3854 162
5724 5609
4074 2380
6135 6641
1672 4242
2265 4756
6912 3300
4533 450
6941 1786
5312 188
3419 3617
5160 548
5994 4157
1789 1794
3062 2821
3135 1579
5870 5030
6372 6180
5309 267
166 361
1012 5485
3223 645
3455 5906
1324 6511
5139 1549
5646 3043
257 3108
5582 5502
6160 820
587 5494
1676 3960
1552 1450
4800 5466
6536 2797
3544 1410
4383 5363
2777 2406
833 5900
2674 5691
6347 4029
6304 949
144 1891
6749 811
6116 898
4844 3479
3154 1605
4654 1103
3974 1344
4777 5640
3091 6918
448 5685
1578 6404
6310 1114
4276 928
2598 2821
4711 856
72 6337
171 6316
696 2754
5025 457
3681 718
3927 4157
296 5264
3954 1816
6858 5268
4217 698
1404 1528
934 4797
4764 867
1037 6430
657 6209
1843 1575
1502 1282
130 249
4046 1755
3139 2771
4849 6051
2399 2961
2115 3202
6351 6376
4886 2900
824 845
6345 145
5089 3259
2456 2714
4159 2571
6459 6848
210 2837
4124 3516
4222 641
3943 5390
2816 4188
2169 405
5904 6037
3667 5492
5875 381
6119 741
1284 5152
3663 1586
3837 3459
669 3536
970 6682
2076 2843
5400 1027
942 5388
2869 35
1098 5901
4923 873
6475 1315
2022 6020
6576 1367
3455 4296
2769 6220
2738 4655
1005 6087
3242 216
38 2888
2951 5702
3486 2828
5633 6109
6163 2891
877 6841
115 4828
2952 2140
3738 3049
5290 2737
1584 2761
1465 595
4013 4974
6007 5761
2017 1862
1213 3757
5623 2388
3069 6862
6561 6320
6248 1659
3070 3300
3849 786
1629 4382
1892 3264
1950 6652
4598 1813
2528 6134
4840 1346
5549 345
2042 3208
6550 2374
6729 4591
4358 1602
4800 2701
6635 4175
4307 2014
2877 4009
1530 4753
4582 3939
4728 3764
6188 6869
3860 4708
4512 2419
4541 905
898 6913
1803 2818
5530 2173
4499 679
1362 5327
5443 2928
1293 1026
4813 2532
2053 714
4324 6505
3541 5113
2667 2105
5466 3851
428 5651
6369 5345
6498 1029
2287 6021
4097 83
6239 3020
1695 1945
6469 5926
1999 2356
1817 6257
5425 3446
1717 2643
1087 6411
4930 6850
6133 2220
379 4604
3210 2101
2026 365
2950 484
3323 5950
4474 5294
4412 4416
318 3547
4635 6151
6686 3308
3164 5139
1555 1911
5870 3688
1322 5123
5040 952
1167 1802
172 719
3126 5786
4409 6747
4717 4648
2879 2122
3340 3271
2846 6900
5683 4212
2311 3358
5559 6620
485 4599
1287 3035
5084 3129
5421 2522
1159 3789
2649 2599
973 1155
1561 1325
5581 902
6109 3273
405 5020
1623 5586
5140 3411
3858 5304
5818 91
6201 6245
3958 2502
6197 2339
2895 6388
2427 4822
1584 3379
2234 263
6960 820
4606 444
2522 895
4972 1733
2570 3595
6551 6250
5365 1435
2694 4570
3964 6080
5958 1949
1321 4847
2324 3539
5710 2601
5247 625
6367 656
4751 3427
2160 2384
1255 63
3290 3103
6710 995
1357 3723
5144 3129
6551 6600
1938 2722
2060 2153
2660 6090
346 3635
2519 5885
2206 1224
5824 6271
5540 6512
2928 6844
4081 599
4487 1287
1894 171
5689 3602
3232 1593
2218 1958
1247 5433
1961 4776
3917 5079
1262 6495
6439 1821
3754 362
2045 6352
2236 3668
245 6562
3941 6604
3506 260
5128 1441
1324 176
2726 3303
6740 1934
850 4457
2223 2682
6992 6319
5746 3705
3124 3349
985 4093
6336 4702
2198 4315
610 4970
5326 4839
6955 6437
5859 1138
6454 2479
126 1393
6072 2185
5202 5712
317 4344
6726 4106
5317 3972
6010 1684
5597 6241
2245 6763
5912 1149
6438 6857
2090 2688
1581 367
3370 722
3272 3597
5343 2160
716 4992
3336 4521
4447 6718
834 2769
4135 3413
5465 56
5126 590
6619 6087
2197 5941
5903 3665
4062 3874
2632 2863
1978 4325
4034 1826
4311 4578
3755 6575
5238 4214
2822 2206
2765 1672
852 315
3460 2493
3864 102
1976 4629
4641 3177
4307 4055
5083 4276
1007 603
3302 4536
5210 6303
3035 220
4370 2125
5232 3618
4986 179
3993 6339
3983 1487
468 325
6290 519
5235 883
756 6619
4605 487
1065 1712
6595 3784
1034 147
2082 4274
1966 6543
2453 6661
1126 2365
4101 1893
5345 4434
969 4633
4971 5913
5284 4158
5072 5965
557 3376
6256 6920
1948 1426
2605 6651
3790 4825
2855 3793
4675 4989
1383 3310
2028 6266
3463 5369
1410 969
639 1846
6196 2331
1901 1960
1551 3833
5873 365
3292 10
189 1236
3014 3449
2233 3638
423 3160
3630 6421
752 5291
1017 6528
6616 823
1775 5389
1457 384
2947 5610
1634 5938
3132 4609
5616 5031
6183 4324
4275 3311
3779 5359
1234 5415
1809 1216
1540 2489
363 1924
4994 5627
3929 6057
197 4106
474 2694
5887 17
5539 3471
4145 4369
5260 4056
6196 1526
2472 6606
4924 4107
3274 878
6264 6356
3427 1874
2706 1360
343 3150
3896 632
2454 4522
4909 6458
1089 4660
521 5142
4855 3189
1765 513
1615 3952
1959 3762
5999 1362
5632 6264
1635 4604
5532 2650
4632 4837
3161 6077
5055 2496
2551 4805
4220 5832
6307 2646
2286 2844
6362 2353
2451 1191
6931 4725
5687 2938
5059 3369
4092 170
5711 1080
4964 99
506 4460
4062 1459
5268 6926
6763 6080
4030 1921
2991 1320
4026 5185
2801 1196
2876 6443
6541 4920
2551 267
3764 489
3400 2656
4582 3565
6688 1183
6287 85
5734 2353
6787 4572
1716 6232
6126 4863
4456 4365
58 2361
3599 4744
4344 3400
4287 2866
2012 6001
1026 2752
3662 2814
1986 4780
5005 2328
2050 5704
923 5256
145 1956
1974 232
4594 515
2037 4718
5645 1907
4738 2923
6264 4396
5517 2661
5799 5757
171 144
5200 4674
4964 2677
3061 1254
3589 1373
3551 5053
836 2254
3487 3348
5794 2380
2611 3677
4078 1537
4790 5715
5354 1327
4440 6090
2182 4668
2798 2722
6900 1200
6786 132
3078 4991
1206 3635
1638 4046
2696 2445
1856 5437
6004 96
5407 2092
3442 3955
3540 1080
6494 6147
2134 6879
6373 1656
1254 3302
352 5416
1997 1131
4214 5905
816 3076
5984 568
669 3780
6044 5537
5113 1995
1131 1367
966 3774
1351 3585
4484 4453
1624 5437
2987 2220
3114 4247
5951 1559
3668 5587
760 3117
6627 4582
3292 6239
4412 6270
2547 1167
3543 3606
6505 6282
4731 1297
209 3953
2014 1835
6289 4937
3885 3720
3575 4992
3441 2548
4499 5111
4263 3114
4168 6260
245 6993
6124 4311
5303 6599
1139 4991
3377 1974
2821 3971
541 346
6482 4958
883 4247
917 3077
485 3420
6677 4645
4425 3068
4919 193
409 4364
939 392
6238 1565
5049 5901
3399 2672
64 4329
4788 4059
1935 6214
2217 5146
2019 4407
2671 2872
1215 2892
592 3667
3892 2955
1421 6932
4196 4120
656 4591
3947 6045
1182 3883
6086 3049
6745 2685
6741 5195
6431 6467
3224 3206
1761 6219
4999 5383
2499 3704
4997 2304
1005 988
263 6767
1820 6799
1846 1604
2061 3478
113 3790
1882 2015
6706 5359
3098 1754
1192 814
5364 785
3619 702
4183 2730
2707 1374
2495 3181
3613 6549
5705 6713
5791 5733
2892 373
4182 3259
5701 6971
3989 2864
2986 8
3987 2037
4983 4476
2863 5270
6908 3214
3198 830
5259 2839
5782 4866
2014 3258
343 2158
4078 5538
6463 1817
2832 2924
6684 6889
2551 430
6123 2126
2453 4059
5089 4121
5782 1833
6656 4841
209 2343
6704 1125
453 2703
272 413
6208 3927
5129 3897
4186 5256
139 4987
987 6774
111 2939
4244 2982
1880 1164
2982 6251
2998 6784
6000 6607
3808 5835
6525 3045
165 3175
5459 3250
2537 2602
2028 281
2809 846
2253 2843
6260 6719
5978 1371
3617 5486
5699 1956
234 4443
3128 3043
666 4100
4859 4194
914 4202
5105 1217
3309 5333
2927 5039
5263 2557
4822 5066
371 18
6847 1002
2991 3711
4013 2453
6232 5802
430 598
4239 2207
1307 871
2298 2212
2487 5117
4044 5149
1926 6770
3631 3290
871 1472
6583 5278
327 6512
707 5979
332 440
1302 3910
5533 324
5285 222
5720 6566
763 2878
5495 971
1639 3680
6644 5904
2919 960
954 3577
639 4505
6339 5268
4992 6766
360 2838
1721 1800
2929 1678
482 3767
3252 611
3219 4635
3494 6560
127 6050
5080 5832
5109 4318
2471 3429
5888 4056
1277 1005
136 97
2863 6693
2646 1740
13 1195
4700 2578
2021 1688
2719 6914
2313 6226
4612 479
6439 5098
4102 5103
3202 3126
2493 4881
6846 6388
6661 6608
240 3079
584 3643
5353 864
301 6738
86 2612
4072 5611
4370 2824
925 6565
488 148
4125 2993
5553 171
3044 2136
4472 6484
4276 2408
3443 6571
6060 2419
231 2212
3285 5231
4432 669
2785 4127
6295 4945
419 5646
1420 3511
1979 5195
5424 1454
2438 3265
2154 3506
2408 5308
1441 1355
691 857
5202 5956
6575 4181
374 5122
157 169
3481 4769
2273 2639
36 2094
3859 3409
2990 745
2429 2398
5101 2871
5039 1239
4576 17
1470 3978
6857 6496
6408 1974
6385 1024
5872 1213
5963 1331
930 3475
2821 2629
2924 3508
1334 1084
1265 5451
2041 5672
6148 4494
1958 3917
1483 6842
4038 5976
4418 5443
984 2957
305 6806
4875 6850
6611 4935
6864 3129
4369 2548
19 3968
6695 1630
2402 3584
3936 2666
138 4599
4457 1614
64 6370
2311 1187
1714 3183
2837 6895
3274 2732
199 6006
6727 3016
125 3613
5949 470
4605 731
2681 5601
2019 32
5107 1881
310 6776
6563 1861
4641 388
4821 5459
5511 244
1213 1854
3704 5699
225 4194
3422 6767
4165 3842
4266 4648
4639 3698
2731 1931
2206 3241
3599 4370
5932 4623
3098 412
792 1982
618 863
912 586
5719 1297
3260 1871
6873 6574
6152 3808
5364 2826
3526 6716
3994 1866
4584 5115
5709 5490
2691 2882
5046 6866
2969 4324
6331 5244
4612 4130
5489 4403
2244 4822
3861 5659
256 5735
3802 2046
3487 2974
6193 2277
5284 6630
2617 839
6311 3464
497 1633
6192 2052
5628 24
4628 5013
1985 3780
6992 415
426 2921
1921 2075
1516 4241
929 4673
1144 2383
4100 1861
2639 1537
2754 6213
4068 2323
3199 6829
212 5032
6186 5620
4665 1081
5287 6497
6743 61
6586 2329
4771 753
1758 741
4027 3453
2186 3662
6365 4050
942 1875
766 3339
6576 4270
6139 4269
2309 1783
812 5966
4554 6353
6983 6314
2413 6270
842 890
2712 6337
4517 55
3369 4392
1650 6284
803 5099
2833 1379
6878 1575
1628 5182
3511 311
2547 793
275 1947
6027 3654
5044 6338
3136 4571
6632 1519
6569 6832
2447 562
6934 6021
391 3061
4635 4598
1550 6430
1488 5552
3749 75
3468 3997
1828 2210
6339 893
6673 15
4966 1170
4584 122
4568 6759
2856 2652
4597 5245
2164 5542
600 3585
502 798
3817 1872
71 3995
5525 2073
3271 3833
4301 938
2367 4366
4016 1708
2987 1041
4736 4249
1209 4982
6152 4076
23 921
3939 2427
5599 6344
119 629
5141 5466
3660 3012
5224 805
5573 5123
4158 256
2850 928
4376 2401
3106 5055
4343 6425
6376 6386
6314 5508
5557 3085
2255 2970
5687 2377
1487 1112
3063 5358
6707 5210
110 3145
2195 6302
4924 2391
2442 6179
5341 5123
4302 3768
1530 6851
2220 882
4833 3404
2588 2971
2930 6118
4477 1298
5946 5647
5630 1469
3819 3018
4605 3927
4137 2361
5690 4903
965 784
6115 4143
1359 4875
2890 5938
2892 349
2797 3495
4223 4764
2160 6092
6473 5514
5923 940
5026 2644
5342 4570
6453 6767
1110 4521
2817 1114
2130 6600
6982 6330
3147 3500
887 5415
2279 3690
135 4090
662 6236
2923 759
6577 5463
3798 4369
5670 63
6842 284
6284 1454
5969 6546
3928 3661
3429 2782
4876 4928
5230 3174
1181 2078
5575 6592
4883 3066
27 5846
1357 3243
2329 370
5839 1188
4130 3768
6735 1511
5985 1013
673 3742
1015 2725
669 6252
6082 4329
768 6231
1288 2325
3378 5072
3596 47
2808 3229
1758 3937
4050 4189
5707 1419
3499 6530
2630 3866
1710 513
3215 355
5861 5269
4464 3240
6761 3082
1936 5929
4 358
1401 2387
3918 5201
6360 6121
6940 2266
866 2982
4257 1634
6789 5480
1994 622
5937 6957
4163 1972
460 759
6523 6300
4909 3482
5900 659
6937 5351
4439 335
3441 1987
5187 4924
2441 6976
4308 1572
3344 2054
4092 6643
2941 5047
6117 2579
6428 4161
3009 2707
1880 5596
1473 6935
3190 4970
43 5924
1749 5298
4864 3308
3 5744
373 4523
2775 3415
1990 5360
1281 699
5409 398
959 4620
5513 721
2232 4893
5659 6208
3820 828
5294 5521
2164 4200
3998 2820
892 365
1211 1808
3943 6496
2138 2198
1878 6997
2506 150
5770 3945
6026 1656
228 3768
5334 4546
1626 2989
3522 3241
5717 4284
1572 6890
4676 2102
1560 5375
5369 568
6200 6912
6508 4813
5208 5346
2870 2497
6290 389
6288 5978
5109 2334
6814 5270
1365 1120
4396 6599
5506 5942
2617 1270
1429 6208
2549 6239
992 6207
5818 3962
6209 2837
2671 4889
6021 3540
3657 1722
398 2435
112 1849
6922 1955
3933 85
3511 5280
5397 4844
720 3425
3653 1199
4590 2277
5423 3032
1971 5602
5796 1328
4483 1656
964 3004
4515 3823
3095 6506
4632 5162
2808 814
996 5171
807 3020
3852 1035
4206 6451
596 2019
5873 6651
2392 4319
3820 2251
4292 4690
4381 3981
6277 3479
546 397
5695 4255
6461 3788
6598 6503
5779 3202
5027 1123
4349 2191
4132 4408
264 4848
274 6290
696 1095
2915 6696
6248 1960
3502 4012
5905 5004
6867 1443
1010 2194
1166 455
5240 5553
5926 2848
3593 343
1664 4869
249 6418
2649 1477
2251 650
2244 3643
876 6516
1029 342
6665 6570
1467 3951
3148 2329
4137 3597
2304 1415
3195 1394
5882 6309
3692 2200
32 1815
3074 3319
2731 6363
1334 1328
3820 4829
6863 6935
6216 2398
264 4043
4562 2433
729 6065
6429 6828
1971 609
6145 653
283 1060
1439 1502
2774 2653
4109 394
2037 2360
3241 7000
4415 1632
5178 837
5941 6674
1406 2493
3419 2576
2278 2422
6101 3737
4757 3998
2090 2371
4237 6406
6966 2495
5937 2582
5479 950
4794 847
1246 1457
1311 1852
1646 4582
2200 5922
3284 3290
3222 2412
3572 3922
1051 4372
5089 1145
3595 4845
4813 5411
6358 3928
6707 4836
1910 2561
2968 1714
4867 5647
505 5552
4053 2690
35 907
4551 6350
3871 6591
2431 728
3890 4389
6419 4554
6823 2917
5825 3815
129 3171
4384 4897
6010 562
6378 5684
459 5557
4012 3039
3516 5087
2515 806
1403 636
6322 1588
6406 6951
520 6964
4283 1058
5064 1623
5033 6474
802 5896
3076 2536
3573 2588
6124 4986
6155 135
448 1611
3777 139
1113 4445
5764 6171
1170 4979
292 6733
6544 2347
2851 6740
2942 6104
2085 6483
5397 1624
5047 3497
1401 2818
4233 540
1991 405
2488 457
347 374
5047 6880
2544 1520
2523 643
1683 5887
4388 1582
4288 3630
432 6339
3770 2701
4451 5314
1776 6078
5781 6875
617 5338
309 1021
3948 4693
2632 586
6596 6270
5625 5581
2108 1340
1043 1016
824 154
617 2305
6737 1964
3540 145
5558 1326
5688 6280
2388 6992
3751 4529
4561 3580
1567 1366
3590 2891
4648 1290
5396 5879
6105 4878
2987 4318
6799 6198
2954 1926
3401 3369
1066 6453
431 5713
6635 4289
4204 1249
5671 4771
1466 3162
5753 639
1088 735
6900 2493
3763 725
4231 39
1419 5975
646 3773
212 283
6303 1456
6277 2487
4004 6449
1726 4405
6151 4068
6648 4874
1579 945
6675 281
1633 6843
1659 5812
5117 24
4026 1485
1944 2763
2283 2229
4708 5454
5119 70
408 6237
5862 4315
6783 753
1877 4170
4955 5331
3952 6639
5858 6825
60 2521
6730 6754
4641 6861
5854 3673
2363 653
1246 4303
3615 49
4924 2985
1300 4539
737 5365
3885 5013
5872 6881
4413 968
4005 5869
4972 2652
402 6772
5440 4972
6410 1272
3473 6008
613 6992
1477 2896
3569 54
2533 4632
2877 5196
1977 967
1944 4991
5435 1595
6390 3279
5863 6014
1324 5283
4557 1097
3373 5777
319 3512
1198 448
1664 6105
5174 2005
2622 890
15 5730
6882 2960
1937 787
1691 3764
3124 2040
5292 3946
4708 4649
2736 5341
1662 2245
5824 774
1087 5720
1806 4653
3731 3391
1489 3256
933 5253
5348 4228
644 5150
3426 2755
6879 3039
4076 6809
2145 1840
2088 1306
4665 4171
713 2
4099 5480
1167 4144
6903 400
1108 6947
4028 352
5469 2653
5839 1432
1885 3606
5211 4115
6458 3921
6955 3973
4494 4474
3909 1569
6046 4916
3494 3047
1632 2379
5522 2664
3841 876
916 711
391 4273
5148 6395
6676 2279
1067 126
3274 4212
4298 2283
3238 2303
2584 3765
6171 6493
2620 3422
2152 1856
254 777
3366 768
6938 2464
2984 4638
3359 3761
3923 5789
158 4452
2178 44
4858 3788
5692 3233
2767 3068
6722 4502
4348 1996
4315 6020
5005 51
2348 640
2270 5645
390 264
5759 1422
2822 6158
5434 5826
2039 3268
6371 6904
578 2944
3183 1441
1727 1461
1644 6122
1637 4951
5162 6801
3409 6857
4216 2227
520 2939
2132 2678
2748 732
2314 4412
1404 5911
111 1199
6647 2234
1033 491
2495 3669
1588 4685
2775 276
4478 6549
6296 4636
2898 4813
3992 2869
4331 3089
2235 6189
1488 4454
3427 1370
2699 3849
6941 4559
4042 6369
4764 2567
2166 353
1431 887
4065 4286
1021 2709
5472 1341
983 6389
6160 1715
4216 4455
2822 5353
1583 3910
1175 6559
3940 2305
2329 5420
5531 1921
2255 3027
5581 1284
4502 4260
4338 2351
4188 5790
4269 4466
643 5917
2226 1508
5734 1499
1692 4984
6451 4523
5057 5421
6986 895
5606 6417
2963 5184
2940 3480
3150 5010
285 4896
4454 432
156 2796
286 2088
6000 2557
2431 4542
2765 3664
5263 6428
714 91
631 4752
6094 6356
5913 3312
1455 1257
3423 3075
6912 5268
1859 6036
3550 5102
2012 2114
1857 5209
2769 4537
3631 3778
5403 1520
2416 477
3885 4826
4167 3758
5880 5057
5068 2927
3452 4944
2415 1006
231 3505
2631 1570
1478 5563
2973 4717
1412 779
5563 6289
6864 2194
2230 3855
1444 3700
4900 1249
2625 4384
5486 592
5572 6028
4856 6612
4980 2706
1189 5810
537 1683
5100 556
5827 4268
4349 2085
3235 6006
5883 1167
3758 1617
3515 1859
2522 3855
4408 2665
4234 1546
2338 1294
1641 6092
2453 5970
6997 629
54 933
5759 2040
3563 1526
1988 6550
4123 6818
4302 1865
3565 1572
2756 6129
3005 417
6413 3210
4520 6639
4238 3543
4057 5417
1994 6745
4425 3369
5861 5326
4925 1440
4822 561
6666 4033
5926 59
2097 6843
243 431
595 4266
2176 5446
1183 4436
1021 6360
3853 4082
2115 5170
4226 2378
5160 3939
3329 1830
2334 2999
5319 1717
1446 1813
1697 5596
3608 464
6779 1816
1761 6520
1417 6710
6608 5906
491 3512
1513 756
16 775
2013 1079
4346 1332
203 601
5518 1553
6806 2858
2635 6495
6789 999
3721 1280
6952 2683
2129 2193
1291 1094
2124 1849
2624 6336
996 6838
4368 2030
2465 5525
433 2002
1590 4544
437 2121
5127 3775
1625 6982
1687 1444
3053 4914
4344 131
2210 1219
1513 6017
2610 4344
2075 802
2675 2487
1333 4329
3167 2949
2234 4996
2363 1434
766 1249
2108 161
2261 1157
1545 987
6515 4910
6212 5101
6365 5343
3836 1768
1253 586
6486 2637
2255 6223
574 1429
818 4041
72 3662
5299 4767
3489 4289
4265 4510
5452 5763
4168 413
957 3826
5917 615
3505 1789
3864 6795
6250 6682
5042 4552
4348 199
2942 5998
5507 5820
1152 6896
1042 2594
1891 819
291 4123
5401 1637
5797 1637
6586 2817
4564 4146
6176 3885
6766 5636
4997 995
661 6285
597 4580
5894 1920
1374 1239
5147 939
5792 3895
2394 1820
3703 4002
4954 1298
5304 4306
4790 1641
2501 5824
5576 298
3802 1729
4258 2534
2213 2159
4732 1636
6698 6791
807 44
2670 3566
3200 348
5729 513
2953 6106
1730 2190
3187 5778
6471 4533
3231 5296
3128 4417
1261 2651
4254 5394
1482 2061
319 5366
3037 5430
3376 4896
6120 6935
3806 4480
3470 4531
5146 313
789 6978
6059 2495
1040 4345
2156 4634
2316 2637
4526 3988
5240 2577
1465 6214
3435 2443
3743 344
5138 2300
4114 4983
2521 2288
2180 1995
6843 5236
215 4612
1749 2940
6713 2911
6757 3183
1857 6445
654 4659
953 4726
5619 1068
304 116
28 5136
1857 3412
3383 4131
1568 3309
17 59
3157 2098
4373 6001
3913 4296
3430 944
4334 6046
5012 2726
230 4489
3372 939
3002 1406
1761 3300
6575 6710
1315 5465
3813 4065
6609 5540
3828 4373
5757 601
6624 6602
655 6358
1909 3171
6360 1803
3230 6898
2586 380
1336 6692
5651 6217
5692 2054
2015 564
6905 5659
1446 821
6177 4728
2066 6164
6605 1233
2138 2068
3757 2978
3334 431
4381 5811
3383 6709
6205 3743
169 6441
2382 2428
5871 4621
6829 3570
6607 525
4334 5241
5306 2368
5120 6150
1044 225
2964 4281
6197 2347
3826 3522
3999 5894
2812 4641
1163 5020
3248 1007
1 4763
4571 1397
2174 3603
5381 6864
1310 1283
6320 1599
3106 3583
4482 5489
4749 3389
1032 5476
3910 2819
676 6780
1915 1807
1070 4455
6348 6249
4944 6459
3974 3743
1673 5657
3853 5668
986 4727
1798 4605
2569 4482
6767 4920
5867 2943
2813 678
4158 2517
2465 3378
3743 3995
847 5322
2466 6232
6203 6275
5334 3611
5862 5982
3721 5899
6333 5567
2842 2547
5975 3415
2993 2716
126 5939
4582 4915
5079 5721
4324 715
5941 798
3174 4225
1985 6309
839 893
6842 6383
4860 695
4641 5495
4911 2912
4753 74
6915 4387
2715 3122
91 6103
2390 1110
2862 3549
5816 2200
5964 5104
5248 3436
6984 5685
6454 2487
4850 6773
2469 2342
4931 1285
232 2551
1644 6366
1326 1361
2191 6535
3653 3297
172 5883
4459 5612
6453 5645
2750 5186
1067 5981
1776 4980
141 2783
2505 5355
2940 4529
2439 6987
5390 6121
3807 4114
2497 3959
5914 2334
6884 5050
4195 3472
5661 4140
4322 5499
4822 3570
873 6088
345 3717
3612 613
1463 669
4756 5202
334 5056
4324 3293
4759 2467
5719 5249
6624 1154
2539 6063
5187 1224
5968 1789
6250 4885
3757 213
1921 766
5961 4782
3593 5474
5809 978
2349 3687
3410 6521
3847 6522
3098 4714
3690 2374
3688 1547
1635 1311
222 4441
356 469
1851 6039
1161 1428
5617 404
6054 1159
1907 2938
2101 6187
3741 1558
883 3369
2911 5238
5666 296
6879 518
5270 296
5129 91
1563 6511
1840 5099
5973 5142
4615 1533
4295 6281
3177 2913
3763 3010
5602 6138
2016 6264
901 161
268 248
6317 1919
3521 444
2206 3355
5695 5548
3354 4653
5780 933
515 3508
1578 3005
2856 4376
1103 268
5585 4629
3379 6403
5032 6143
5774 1118
5459 6210
4344 107
4277 5301
5586 1067
3750 1620
5426 3818
1950 1830
4097 5865
164 5910
2380 1414
4183 4885
2815 588
5461 6256
1533 2481
3085 2169
4618 4813
6828 6164
5013 4588
3609 5552
1740 3713
136 829
6820 4768
2773 4499
3679 3258
5322 3064
2569 3945
5559 2253
2704 3581
641 4909
6336 5328
1738 984
1524 1964
3434 6086
5156 4465
385 4165
1694 6347
4311 6359
4277 1113
486 4217
916 3801
2695 2714
1855 4952
456 5506
798 5243
5798 4871
2656 2005
543 3970
3184 2124
2972 4685
3908 2155
3741 2981
5057 672
6263 6139
692 1060
4986 1960
6851 6309
137 6665
4585 1616
1040 1743
3774 2340
1472 1400
1069 6645
4388 4485
3987 3387
2311 6107
5327 5636
5451 976
67 4391
2805 2478
1999 4300
2868 548
6070 3465
1901 1513
1151 2513
3210 3695
3265 3402
1089 1635
493 69
1432 1974
1590 2560
3362 302
2292 388
2584 4172
2381 3089
3074 3807
997 5429
4261 2808
1181 1574
3070 6317
1544 5598
6621 720
3042 2017
2016 1621
2782 1154
457 4926
211 1487
6176 5739
2232 6349
3158 3131
21 1363
195 2482
3710 3644
6461 6854
1824 4834
6049 1433
2776 6220
6205 1946
353 789
884 6841
3432 4804
3215 6267
4084 2515
133 1954
659 1246
2496 4301
3616 4332
4542 1114
3332 4573
438 5973
2828 344
6785 4857
2702 4177
4906 1576
432 5404
2041 2216
3109 6221
208 6450
2825 6462
891 3474
581 4746
2577 2196
2537 2797
6905 6090
3787 2120
4007 4338
1755 2761
917 1662
1137 3880
4086 2187
3962 431
3970 4456
1888 1570
854 1313
2220 4029
5864 1629
3868 4179
6237 6341
5394 4898
1758 5661
345 2375
4980 3568
67 5814
4850 1243
3306 5580
654 6513
2493 6231
4979 6726
4423 4559
4323 5109
481 1108
2514 3321
6192 6167
1677 3578
247 4819
3413 5827
3232 3537
3008 1577
668 153
3166 5169
5406 2225
2541 2865
5827 3975
3628 504
6802 1373
1948 4980
3989 1449
4713 1480
6017 3318
6788 3195
1468 1899
1724 6026
4422 550
5115 5432
2747 6124
722 3772
467 2499
2180 3044
962 226
4816 854
2136 493
709 5415
6122 3492
5571 5833
5227 6023
375 6293
4514 3872
6997 686
209 4311
2759 3101
3316 3958
2726 709
6365 3627
5814 6722
955 5821
2478 607
2600 2290
5499 1234
203 4496
2283 139
6025 526
6126 578
3688 2783
2778 4282
4565 3056
2041 3989
3183 5499
4468 3123
6507 2929
4906 6732
3055 6253
3184 1937
6181 4422
534 5949
5388 6506
3376 2107
4339 4406
4205 1208
1353 6217
4741 6106
2339 3050
1470 1140
1067 3379
4696 2199
1740 2721
5977 81
994 4594
2140 2840
2181 3595
2420 5863
2762 2594
2431 2989
5310 557
1681 2491
3129 1075
4665 3236
4880 4356
3784 5473
234 5256
5905 1117
6464 2801
5177 4350
5185 1959
1940 2378
81 5391
5991 3520
382 2121
1755 346
6237 543
5089 5634
5206 6219
3341 1870
4934 1559
1078 104
2499 1029
2440 3832
3869 4618
4886 3770
1806 5946
1901 3554
2518 4462
1122 3035
5439 4885
805 884
6190 6739
4700 1513
1739 1691
5283 3591
6152 4003
6594 938
2578 5644
6714 5958
3947 2215
4606 1851
6705 1708
4060 3812
3170 2523
3409 2539
1979 3780
6079 2185
1256 941
6185 2581
4808 5368
4586 6487
1188 6664
4305 6999
5554 2714
4998 4711
568 540
6349 733
2713 742
440 5458
3740 4746
1715 2394
6768 5790
3339 4402
5238 1165
5757 6456
34 3235
428 910
1804 5068
4424 2345
1154 4397
2011 5546
4628 5558
3327 3237
484 438
6812 5688
2918 1497
2510 6398
4072 6774
5189 872
3038 6517
6374 5462
1644 999
2074 6999
3652 1492
2540 5486
73 2789
355 1721
2853 4485
1542 722
4933 6544
2264 6342
3563 5584
4616 4393
950 6445
3030 2088
778 511
1906 5321
507 5875
445 4997
2002 5029
3122 5060
4296 1944
6971 5344
1876 6610
6661 200
6449 509
2097 1102
2827 978
316 5526
6438 1848
2926 4367
1871 5485
1838 3093
1148 2646
5131 5374
2294 892
143 6537
5883 1037
55 4438
5848 1982
2830 1626
120 5587
4313 5681
3266 4408
3452 626
386 3262
647 1317
4167 2823
2823 3838
5218 4969
4280 6672
2219 2411
4378 791
666 2498
640 1277
6209 5529
3191 5173
5297 6201
3797 287
1195 5471
818 5521
1014 3181
4565 6252
6549 6351
3681 2556
3557 800
1372 445
876 3247
5165 3803
4291 795
6890 5863
3368 1278
348 4259
3266 3253
4042 3474
1841 2586
2216 2463
1495 1949
1273 3068
6698 2660
3983 6277
5975 6237
1863 655
402 4495
457 4202
1921 4043
3891 272
6561 5580
3789 6411
5434 2126
4625 6683
6378 4375
4695 5170
2570 5620
4194 1212
59 342
6468 104
1759 682
4496 796
6454 1926
17 6532
5784 2855
2009 6492
1348 4531
2716 2412
2998 1344
5985 135
6637 4262
3161 3028
640 6888
48 2812
6889 5237
576 5183
1666 6503
3363 3162
2062 841
847 3956
4584 3245
3359 5672
4310 4928
1903 5692
2496 544
6723 5884
6996 5484
1772 3896
6347 874
397 5598
6653 4364
2737 606
6408 1527
1669 6400
3945 6119
980 2391
4094 2455
2067 30
3345 647
5621 366
3071 6494
4274 1110
3747 2347
753 133
3316 5544
546 2284
1599 1093
4964 5694
5334 4473
1812 2140
6669 2214
5118 3128
2933 2773
6945 577
3206 4625
6315 4345
5514 95
1993 4780
6936 6126
1332 5071
2896 612
6066 3991
178 3177
6721 6137
1611 1453
5716 5864
5597 2200
3503 4215
3107 4215
2875 4646
5363 1804
741 5734
4438 2214
6965 5716
5704 1316
5213 2210
1013 945
235 4061
1873 5775
3086 1833
4894 5648
5212 4237
5455 1743
2750 6048
6165 3596
6411 619
4055 5078
5299 449
3652 1655
2150 1330
813 2762
2298 1228
1188 2639
5605 1687
3949 895
3043 5519
961 2633
1243 5729
3170 6792
2260 1875
3292 6223
4291 1763
3267 1440
3738 3277
3501 3364
4466 6490
92 3352
6088 6917
518 5446
6208 5521
3315 4113
6025 152
5087 1855
5928 219
5623 5999
5181 4900
2003 879
798 4682
5055 65
3527 4935
5 350
6919 779
660 1715
5513 4299
4665 2512
1638 2070
4447 3750
4755 2405
6250 1559
2860 5007
1174 2875
2232 5438
4572 2698
4906 1820
3634 2149
3945 6737
6185 6045
1641 4970
237 5180
1107 4282
2170 1527
1454 6275
4434 6147
4035 214
1108 5638
5060 2637
1703 2815
5213 3633
6266 1688
6183 6349
5997 3715
763 1439
1289 731
6896 5467
5516 6825
972 4996
4745 4696
6457 2387
3365 6054
3800 5228
875 5063
6671 6288
3772 1682
3899 2955
3997 80
5517 6646
3203 4191
4191 5234
2362 542
4485 19
3413 2688
558 4016
6151 6410
5781 5379
4007 394
3358 2200
2632 5506
266 2861
6584 3259
892 6521
429 4545
4961 4859
6893 4014
4935 3638
893 2959
4563 1026
1724 2887
5958 2982
5798 5733
2785 5721
2899 373
4024 748
2007 2421
3130 6133
3896 1502
1664 6219
1380 6460
6237 5780
3219 5424
4267 3135
4463 795
4728 2032
1632 6681
435 4740
4247 5866
1816 2826
591 4499
6891 3537
2996 656
2963 4680
5346 4296
3453 4315
5863 6478
5636 837
4920 1421
5571 6077
5036 2535
6892 3388
4190 4958
6745 4092
6364 6652
6267 6719
1972 6348
1665 4885
2038 3181
4433 5066
1281 1512
104 947
3280 2643
6816 4682
377 6209
475 3334
3934 400
529 2816
2996 6267
1116 132
2932 4562
3028 4270
5858 5329
29 1712
2059 4408
6125 3229
5008 6879
6842 6253
3858 4727
654 5147
3536 2232
6471 833
1899 4126
3578 5841
6278 1192
5319 2018
3760 4569
926 358
6332 674
6276 3748
1016 6667
703 2006
1847 179
4405 5246
1819 4547
5587 6155
4091 360
2439 3474
1651 5902
3086 841
4297 236
3125 4179
3087 1443
1440 4901
1937 5707
4392 473
4509 1812
525 5275
5979 2599
1963 3895
2455 3603
4667 5781
6661 2404
3206 6211
3082 3701
3015 2479
1081 5907
1774 4373
5289 5535
6247 6736
2706 4353
115 4064
1307 5661
767 1775
212 6626
4281 4964
3197 5344
4651 4497
981 5676
5986 5648
4871 6715
382 4593
3431 852
2381 5724
5177 3789
827 5209
1784 1304
6108 915
729 2422
5519 520
629 5224
68 6877
4988 4267
5294 1341
6507 1563
2553 3737
3057 1550
2866 1982
4402 3389
1161 1298
1589 4219
5271 3801
4445 83
217 3186
2273 4851
5917 3949
6134 2486
6920 3395
5705 94
6505 4119
2362 3388
5515 3380
2141 1699
4696 833
4202 3708
2421 3968
2204 5431
4255 2588
3259 5067
3198 627
3630 1038
6926 2836
4162 3528
5070 6120
2608 761
1104 3773
6217 1558
6490 2656
2639 5709
3281 2732
4655 3811
3275 2917
1294 6499
1597 4056
4269 3775
1445 6668
6543 2667
5863 2908
1025 1386
3177 5011
1121 1094
379 6873
281 4086
1642 42
1218 4410
3169 4369
2367 2927
4237 1958
3490 223
2893 2219
4223 3780
6356 3191
4697 2882
4485 5443
5538 3498
5655 4837
2484 1233
5619 2174
2017 2521
1953 4980
5222 2703
2440 4344
6398 5295
1704 489
3939 4371
4273 3493
2036 3702
509 5010
2904 6141
1655 4010
2536 1773
2028 2306
875 6299
4182 1096
1651 104
319 2634
3891 166
5792 8
5016 541
5549 1004
6636 5059
6672 4716
1758 4108
339 3286
5734 6419
2553 2127
684 6704
3552 4083
2831 3569
1897 510
4476 38
4445 4889
3058 6958
2366 5684
747 4020
177 2177
969 6284
6583 887
2291 6449
3041 5449
1575 617
6031 3757
4126 2261
1762 443
1039 4020
2821 6614
3256 126
5983 5968
3030 3755
1813 6043
4029 5711
4774 4367
5708 1010
4266 4900
601 761
4887 1046
5518 5050
1927 4832
6355 1760
6011 1950
3244 5377
816 5264
5609 3633
3023 2934
6657 2098
1746 5171
1517 2867
4352 106
157 3349
1272 3036
2297 6213
1547 4961
3725 4145
5251 2612
4411 4850
4853 1785
4908 5656
4281 4777
5654 3002
1703 2441
5891 2191
5839 6165
6199 92
3217 5809
732 5916
1542 4967
6824 5779
6827 3044
5022 2910
6610 5261
2240 5305
1228 2333
3487 193
6541 960
2397 2256
1846 4597
5755 5686
1971 3545
218 3601
6823 3275
2735 2251
6066 852
2511 6707
988 5505
4969 1744
4297 6010
3473 2365
3046 800
805 3519
459 2882
1507 593
53 1440
6082 1735
2513 3720
763 3293
2315 2981
6000 2834
355 1778
3381 6159
5270 5240
881 1070
3558 1133
232 624
6696 6509
4676 4501
1694 3802
4994 3090
4376 4963
6458 1433
687 1204
4360 5958
5172 5836
4760 6831
1814 5789
1432 5495
5945 5005
2361 5958
5048 293
3021 1278
495 1384
1018 3411
5942 4707
3855 1477
2363 6004
6372 3537
641 1209
742 1261
2982 1323
5850 5118
2204 4439
5320 1920
4105 5035
487 742
6094 5478
4007 2248
3143 6344
1543 2478
184 3185
5504 4481
209 4181
887 861
4433 4342
6590 1895
1552 3695
4690 4907
5342 6782
2290 1180
2723 6697
6923 1546
2069 5153
1200 3243
3029 1519
4998 6191
1689 2653
2461 5384
6943 5581
72 5199
2863 2920
509 1790
3771 4758
3432 5292
3370 4414
4177 3948
3960 5411
3640 5995
3644 2731
5510 4272
2652 1919
1967 1062
2806 5769
4315 2377
3234 1520
3480 4959
4722 6673
6781 1439
1635 1262
1273 92
1354 5938
6082 3158
4908 6274
768 5060
1200 5471
6936 1727
4255 4174
4090 165
2133 2643
5365 484
4458 1500
4769 5334
2133 6026
2002 93
448 3742
4770 6690
2430 5266
754 816
6581 3606
5048 1716
3952 6997
2969 2511
600 349
536 2808
4538 6340
1585 4127
520 4557
4821 5874
841 6827
1904 6324
6462 4853
2422 1591
3229 371
648 770
4109 915
1539 4132
6182 2934
984 2567
2094 1910
542 2222
4184 4657
4117 3435
397 6005
6145 3052
2346 2131
6859 2395
5988 5320
6482 6609
575 1581
4486 2743
1695 1612
1848 1854
6390 604
3150 1367
3344 4616
2564 489
3395 417
2402 6577
3744 5489
6232 2647
5009 1737
444 5447
2484 4697
1028 2465
5231 4001
3822 3867
6385 2862
3789 1475
6789 6887
5936 4756
1920 6052
6211 265
3163 1198
854 6257
4653 8
1475 2403
2856 6905
368 2577
1237 2989
2753 3020
6237 4869
3824 6542
1663 5083
1601 4205
54 4861
5809 6085
195 3588
1731 3497
4597 6465
1980 37
266 5683
4774 5603
6231 4273
5670 5926
6859 1590
250 1016
2428 3610
5332 2898
695 5042
2583 1269
4867 5013
502 5401
3466 4740
1620 4605
4572 6593
1614 4036
834 663
1018 3224
3576 6039
1339 5494
28 2485
1745 520
5031 1630
125 5801
4380 357
1603 3096
5868 2504
5615 5064
5773 5650
3161 6736
1700 6412
4716 3689
325 5108
4218 5664
1950 3554
3748 265
3930 1999
5272 5075
2818 331
6173 3490
5146 240
1534 5561
2812 6178
4297 480
6129 3191
3173 3713
1960 485
1433 3974
5423 2211
6137 800
4175 2934
5699 6990
847 1598
4880 3689
1177 3230
5636 5887
3831 5753
1947 2882
6442 1786
6583 6929
4415 2771
6148 1339
4967 3284
3728 1841
3000 5074
4660 1821
4586 3592
5898 3793
3589 1682
82 5299
4213 4515
6298 502
3244 4653
6301 4183
1036 2594
3961 507
4021 1312
3277 4012
1472 3124
3836 5696
5362 6415
6293 3541
4615 4680
4030 1775
188 4190
1522 3241
3216 5988
778 5187
3270 2841
3395 1035
1962 2759
3943 2560
648 3616
3084 584
3274 6343
1526 6743
5316 5666
4196 6389
6343 3254
3814 3089
395 2389
5911 1345
5229 759
833 5998
4685 5799
5996 2392
232 4088
3726 4373
2669 4664
1814 5870
5890 5379
6029 1751
1191 6645
5678 770
6865 2023
6426 5359
4000 2663
423 4787
1727 209
3587 50
1231 3011
598 2344
756 5936
6642 3671
5303 5030
6203 591
1251 3663
2620 4398
2799 199
1496 1215
4708 4820
3335 179
3090 6764
6812 5021
2428 1195
4886 2648
526 3380
1374 5167
6138 2044
2179 3874
4734 3008
4517 4471
6871 5601
3010 3802
713 3206
3426 2926
3295 6415
2108 5162
1948 743
3388 190
3797 5313
1462 4233
1209 3787
299 1122
6525 1931
895 6071
4138 4825
1449 3247
3627 5841
4064 6596
6531 5129
3444 6888
1018 4192
235 6964
13 3919
1850 6974
2075 3120
3312 3736
1352 6697
113 5254
6390 2645
6610 699
6264 6478
5364 2249
3378 5487
2807 6452
1654 6281
2693 5384
5916 2762
1809 1688
105 3858
5922 5960
691 1703
904 2750
1797 3556
155 6604
3574 1642
1614 3849
5879 6263
707 4865
5939 4062
6293 5314
3337 5836
6873 1459
3162 385
5503 6915
744 1714
434 2986
5620 1838
2364 2068
5695 669
4260 2320
6399 5740
6381 4380
3795 3681
5591 5981
5257 6859
5472 2317
1394 2735
6523 299
1416 6466
4712 6012
1940 2679
2779 216
5958 1429
1655 3449
6047 720
2086 5887
4923 3199
384 2468
5288 2388
4073 5503
1507 6180
4603 1531
5514 1388
6 41
4507 5206
2639 6221
6961 2753
4385 2742
6945 2220
961 1698
5880 2650
6245 1085
452 3541
2509 3896
6559 2184
3794 22
3790 2532
6154 4350
3747 5868
4337 2701
2855 1500
6112 4124
1762 6298
2446 514
508 6452
3146 925
2060 478
449 3593
3429 3465
4960 2276
5553 2790
2122 575
5857 3955
6411 5295
874 5462
807 4240
5232 3903
3243 1208
3267 5766
6512 5347
564 6734
1405 5098
2016 2808
5847 2486
3491 4693
4790 6187
3202 4590
2569 4677
5530 4499
4387 2764
6350 4238
1888 529
5964 38
4809 952
5003 4201
1579 3157
3635 4822
5932 4664
5906 3443
4882 6126
4192 5679
6685 3181
4340 5577
4875 2703
5737 4196
6422 4299
2571 936
2683 1931
3061 6987
888 2485
1726 3584
1569 5098
2505 3322
3568 6229
3382 3595
5987 2092
4927 2112
3368 5417
971 1207
6136 5598
5205 2056
2694 2440
3207 3779
2217 3040
6436 2103
4574 1435
625 3953
568 3419
2956 3379
4348 5818
3885 3842
5509 5850
2054 4739
1770 4980
2926 4668
3953 2256
3581 6814
5441 239
346 1505
4997 3231
6091 2041
2240 5094
5060 6963
5535 4038
2510 2511
6591 6528
6811 4582
5968 3139
1296 6228
2175 3164
4467 3416
2010 5571
5433 2980
6923 1790
3971 3185
5860 5676
2216 2414
2250 1244
2535 3857
3371 1877
3057 6413
5982 4326
2002 4525
6723 6990
558 1926
4544 4171
3460 4551
2832 818
6916 4352
3387 5012
6569 3490
4045 4423
6091 1236
5585 2596
4418 2719
6560 6410
1113 3087
951 4257
5906 4866
636 2933
6057 5035
5936 6960
1829 1722
5612 3638
5550 2760
6866 6867
6012 4511
2712 5223
5919 2068
4582 3500
1815 6927
1779 854
4580 3427
5177 1431
4397 3720
5758 430
4610 4767
1526 3791
2649 1087
1558 2548
803 952
868 1347
2898 4797
3646 2216
3763 3555
3241 4382
5908 3757
4977 6631
1739 1805
6133 6319
953 896
799 429
2106 6702
676 1527
265 495
2851 1194
4602 4475
3914 4101
1147 1112
6863 3162
6591 4918
6623 2921
4366 1000
4244 71
2566 1210
1387 6988
6301 426
4814 5297
5673 857
576 1296
5863 6616
3060 1718
2523 1513
2414 789
3214 5568
3281 374
6448 6488
6453 4580
4987 3912
3767 2519
6449 1428
1934 337
2853 866
4229 4270
6074 4934
6341 2834
4792 6827
26 6871
4785 5656
6402 6493
2052 5661
2073 122
2391 5127
1336 6245
2164 240
3294 959
2886 5106
3698 4984
4340 2007
3512 2350
890 1994
1323 5259
506 2785
5557 5354
6307 4354
858 204
4598 6180
1880 3864
3600 1416
2481 4239
2913 4650
5246 4903
4685 2392
6514 668
447 4807
3563 5698
1849 1518
873 485
1941 3736
6659 268
5542 6924
962 3186
2312 6123
4019 3470
5139 3501
6975 2948
6600 3825
3963 5790
1181 1769
6812 4647
6380 4990
559 5398
5719 3029
4628 1484
1245 2693
1869 2520
1554 3448
714 5686
1520 1585
4244 1494
3111 6863
1107 5388
4562 6499
1699 6431
2064 4866
947 5106
1317 3885
637 4126
4682 2070
4178 93
4737 1777
3441 6216
1000 1734
4337 4287
3740 6283
2776 6765
914 6097
5456 4093
3080 760
1216 3429
4237 4056
6260 5581
1686 5795
4298 5463
6466 3205
1550 5934
6911 3821
3738 5806
1928 5328
6591 2153
3162 11
3234 1577
6899 2306
6876 4766
3452 2968
4223 2845
4818 6438
6778 4231
2270 2059
4543 4513
6375 808
1433 4568
3880 1725
177 5430
1042 4188
1601 5872
1986 5683
3874 1910
5282 1819
2166 4338
1765 3994
227 1760
2410 534
1823 1720
567 4080
4674 2902
5355 6269
6573 2671
2280 5379
4391 6751
5774 5664
5800 469
4776 146
2620 5447
791 755
717 4778
5489 5680
4419 5766
6105 4488
2648 6714
2061 730
756 919
4512 5176
2483 5334
2641 258
2790 6016
2604 6792
2167 375
6086 5562
585 1976
2147 2352
24 3629
4530 2722
3635 5253
6338 6537
2358 1074
5871 1409
3870 3615
5360 2425
6860 1923
4501 449
5650 5382
5640 4694
3962 6587
38 3685
2710 3404
5449 5099
996 2634
598 5971
290 1654
5765 609
5818 3653
3794 4909
342 1063
1085 5308
2057 2435
2365 336
966 1644
5913 3109
2384 3769
4034 582
2855 3354
6528 5856
611 6556
4379 1748
6342 3222
1602 3733
6958 5440
1142 6192
5679 6850
863 361
3929 7
1066 720
1224 4312
4116 6249
4486 5028
441 668
3966 2518
6428 5625
4210 5130
2042 972
6321 840
3311 4509
2430 6746
591 612
6227 424
5542 321
60 4359
2121 2204
5830 6615
560 4682
713 5678
2361 5828
3178 1886
4329 1230
1407 6998
1371 5089
1266 6793
4452 5767
3038 5289
5011 1035
5787 502
3015 3585
2521 44
4852 5886
5974 328
2863 3945
6472 3988
4934 1754
3602 4284
5462 4125
2408 1860
5286 6343
3748 3355
2509 1912
2080 5936
585 366
4095 1184
695 3944
1757 3970
2481 3247
5327 4839
454 4986
4363 5321
2936 4581
6196 4470
4618 3561
5795 4126
6349 5466
4484 363
2020 1347
1151 5099
134 2537
5134 2165
1304 6095
1309 6439
99 3482
1429 4289
6814 6734
876 6557
2151 3493
4324 6497
678 5818
4384 6548
4692 4449
3950 3812
4485 938
5502 3500
1677 1358
51 2687
2730 167
4221 1831
797 33
5038 2053
5939 6884
4633 4219
4900 2119
4256 4269
1737 4792
796 6978
5006 3269
1202 1250
4567 5851
5079 6965
2977 6810
6570 2967
5176 3865
2502 3319
637 3134
2187 1995
3873 4881
4468 2058
3582 3951
4924 2863
4883 610
2255 409
5975 5009
6300 4769
4144 3654
6518 6160
4357 3947
2084 4499
2364 352
6541 4831
2642 5958
594 6820
2739 2858
4071 1082
342 5064
836 6353
5090 3690
2756 3966
3723 749
22 363
6584 3373
543 1563
4352 3172
6305 3958
1103 6855
544 2919
19 65
84 460
506 183
4024 862
5553 5262
3803 5589
6232 5550
6610 4944
166 6127
3764 2628
3645 1216
97 1826
4885 5513
341 4438
5322 6268
5573 3635
4943 3239
1553 1025
2368 6836
6680 1926
4443 2135
5349 894
5934 3799
1584 3721
1427 5235
4810 616
5434 6859
3197 652
1977 3423
3136 2628
6892 6885
2661 3301
4120 2798
4438 2141
1847 1098
1007 5588
477 6554
4985 2310
446 825
5590 4339
4088 4014
5581 6505
6615 1100
383 476
844 871
3650 3788
2494 1848
4794 1961
5678 3405
4551 2203
755 5717
4521 4246
1871 1842
998 1688
1397 6123
4289 3896
6410 5956
1737 2027
6439 5196
4512 3379
3698 422
587 4039
5936 3821
4628 4493
5350 3697
6140 618
6370 3524
1542 2690
5797 3662
1129 831
3224 3922
194 6215
2415 6227
4218 5534
4683 1167
2964 2305
3709 961
6606 5494
4433 992
2287 565
5303 94
2440 807
46 2530
2183 5877
1092 4332
6014 4801
3211 6319
3651 3585
1189 1232
1273 5841
2735 3357
5699 444
3823 1598
2768 2716
5751 6269
4251 355
1587 4661
1453 1463
5477 4946
2418 4589
484 1601
4759 2451
6674 6917
6393 259
5364 346
4410 1516
2598 211
922 2177
6455 4520
3337 6966
3029 6813
1628 6540
3335 3887
1972 4852
1815 6366
1598 2167
6085 2708
3800 5155
1472 2994
5732 5064
2459 3435
158 6103
6913 6502
2675 1747
1333 3589
3389 1090
4 5636
2826 1916
2769 1382
4596 2995
6533 3248
3761 6331
6777 5860
6906 2298
4631 5433
3015 1788
2294 5438
3569 3128
2043 2409
515 6525
3154 4606
1856 5966
445 5005
4001 2004
1410 961
4180 4221
4804 4048
6581 2134
6827 5573
2374 3862
1159 561
2621 4493
2815 6988
3149 6110
3794 1152
4492 5624
3673 3077
6596 163
4672 4279
4481 1301
2991 239
4460 424
3887 6978
1580 5694
2363 2922
3304 4900
2713 3678
1331 1957
6651 3253
3149 6460
1745 1008
3317 1348
2790 4837
1916 1829
5364 1769
272 2552
3876 2251
5860 2350
4929 5224
2413 6018
1384 5351
3815 2729
601 4713
1511 962
482 295
4241 4823
2930 1060
2121 4863
70 2044
195 238
3648 522
3427 5249
285 6547
4270 276
2309 5264
6472 6647
985 6931
3110 65
4376 6337
3039 1353
3073 6599
293 3405
5380 5631
1636 5171
4036 6646
1548 3072
3356 6887
3034 4392
5900 944
3749 6589
5280 5400
6462 6309
1906 3719
388 2861
4545 1046
6943 1694
6299 1592
6985 5303
478 2754
6696 5200
6197 3567
1532 4417
5326 4994
2815 5378
6630 416
1499 2025
6139 3562
4351 399
5691 2648
2903 5198
3476 4336
4611 5399
269 1075
5628 1545
4346 3438
2606 3699
6646 1299
1166 2000
5992 2761
3256 5501
3999 2576
6024 4928
2013 6568
4599 5015
2231 5707
6395 899
5999 899
1598 1630
3533 1056
5527 1089
2160 579
3598 5615
4842 986
1110 2041
1288 4033
4839 688
6138 2182
1434 3104
4897 4076
3581 723
5081 221
2937 621
3002 1016
4523 2145
6924 6474
2308 3079
2843 205
4393 6236
1062 4629
465 6625
3335 667
4078 4912
6747 950
2330 1148
898 5726
6153 211
4482 2521
538 5383
1175 2062
4160 6442
1897 5430
534 1477
6743 6843
6340 3420
3917 241
1952 2104
1637 3032
5276 6704
4011 3286
4847 3558
4508 4092
2204 2325
4717 5000
4085 1545
1631 3217
4843 406
6646 3877
4438 2572
3278 5394
1886 703
4778 4892
6891 2927
5857 2670
46 3766
1409 1303
5824 278
3957 5682
3652 5046
5111 4543
3055 626
6138 1377
4395 2875
1814 2520
3992 950
6206 6207
4184 1120
2116 2104
2675 3788
6164 5981
1 990
4205 5380
5886 1506
4014 6566
1302 3284
674 3715
3922 6977
6121 6284
3392 3779
4357 6151
54 4007
5157 6766
2614 3485
5071 5494
5528 2737
6679 2081
6090 1686
949 2607
4319 6798
2796 5596
200 45
6361 459
571 2432
3372 5005
15 4429
1410 6385
1348 5507
2597 1222
281 2858
5081 1644
5988 4011
3605 3671
349 3901
6937 1716
6006 2338
3542 2568
4414 5503
3263 3907
255 4239
3829 2598
1934 5200
4016 2424
4229 2717
1959 6950
2045 5970
1417 6401
5472 5033
300 225
1896 5847
795 4368
4682 972
3014 2799
2849 5206
2109 478
6364 2204
85 5898
166 410
1286 441
2905 1351
5062 6074
6867 3956
3715 402
3164 3497
1541 5097
980 334
6577 218
2031 1726
1163 2670
6908 3206
1973 1721
5491 2400
591 5662
3922 5017
723 1617
3801 526
968 5585
1214 2608
3886 2327
5016 3046
5037 1671
1611 5462
6690 3663
4764 5454
6631 804
375 1284
5318 6794
643 2038
1825 2947
4939 3765
7000 5774
2544 382
6177 1573
1139 3373
1972 4128
1292 3615
2166 207
6713 5717
3879 1506
1267 6002
2597 2645
2774 1783
506 6843
1192 3384
3864 3103
4999 4920
285 4400
6787 6605
6983 4265
3148 3687
3050 900
3863 5884
4685 6450
979 5720
917 4842
3147 4216
1368 5303
2190 5869
3016 4699
1187 7
158 2346
605 3035
937 6248
4834 3540
6221 717
2895 208
3824 2923
3619 6655
3203 361
1404 1927
5908 5855
6036 2068
3481 3688
898 2506
5318 5989
3221 2071
3131 5561
5402 4936
1422 5135
1322 1521
2359 6213
960 6767
2008 5232
4496 2390
4119 6604
234 247
1908 1618
5868 6806
4063 2508
5830 6322
2160 6003
2470 567
5616 5804
1163 4093
6147 5440
6054 2997
4498 5819
3342 3879
1320 1044
3961 5614
6175 4455
165 2712
698 5427
3745 4269
1627 5890
3401 4459
872 130
3922 3407
1189 5664
6509 544
525 22
4358 6189
5067 4434
2266 2615
89 623
2293 274
987 1773
3635 3350
2735 1373
2894 5567
3567 1903
4620 712
5870 5697
102 3487
3260 3823
662 1609
3710 4059
4869 4018
2756 5983
3002 2252
4363 5378
1603 3560
1061 5263
2439 3832
3553 3294
132 5931
841 4176
2169 4910
1963 4253
3515 3941
3104 2155
5509 4728
5693 873
5567 3952
6904 6684
4502 4382
111 3549
3199 5398
2294 71
4720 3521
6244 1161
6335 3531
5280 1643
2472 5069
2040 2406
359 618
1950 5896
5501 6715
5871 2084
6239 6452
2421 5481
3374 6338
4279 2997
2412 1231
6612 3250
2878 472
4968 3219
3678 1087
5672 1874
97 5721
6759 5929
3428 158
5107 1873
1029 5701
6550 5001
6858 2902
94 5423
1928 4043
508 3720
2795 3628
5981 6012
4513 4517
4606 1298
3948 3018
4507 4702
4980 950
4384 5800
554 3314
5220 6072
3453 2258
4781 2992
6436 3559
4060 226
4591 6278
5403 1992
2884 3269
2796 6832
981 1846
3479 446
5864 889
1822 6626
5471 406
5743 2814
5366 2864
3965 339
6518 5062
2822 5020
3216 4947
143 1878
1165 1374
2063 2524
5399 1469
361 3269
6698 3717
6486 5524
3214 1868
1104 1098
5496 4785
878 5481
3612 1914
1530 3192
816 3849
6630 2270
3529 159
4365 4595
41 820
5087 3799
3893 5539
1217 1914
2239 656
5100 1028
910 451
6686 2552
3704 1853
2243 1529
5730 643
1790 271
6432 2635
5599 1880
1182 2078
2419 442
4843 3065
6739 2563
4472 4061
3916 6058
6461 4504
2003 4701
1600 2776
5614 5571
1327 5061
295 1467
4123 874
6017 5961
3966 2388
1323 1909
3589 186
6605 6885
1500 6709
6378 1244
779 533
6823 1860
2898 2520
5014 4236
6417 3801
2055 4460
708 5204
6941 2266
284 3156
1552 3085
2333 3650
2677 3460
1715 4769
2613 5919
3554 3733
4695 2389
4729 1973
3817 4897
1305 175
6869 4083
3297 135
6683 5613
1108 3044
4012 2332
5937 1070
6957 3149
1040 3849
5370 4406
6490 4437
6829 1651
4623 3425
201 3279
1164 2572
171 4568
4581 3199
6769 819
5857 1491
1724 1448
1784 5663
1779 1155
913 2172
569 2362
6658 2708
541 314
2277 2563
5916 2071
5761 4412
1817 858
935 3624
9 6842
5720 1378
343 5964
2832 6730
4327 5884
2636 6818
6428 6568
2701 797
3320 3286
4409 998
6675 6445
5966 1784
3295 4919
6117 1953
3107 5622
3221 274
356 6576
2228 2270
1784 4508
1491 1223
359 431
1968 653
6016 4530
4004 6547
205 6380
112 3183
41 4471
209 6499
4999 5351
715 4415
2678 5889
606 3691
3022 5699
5771 912
948 6838
1999 2568
5237 978
1875 812
6321 5516
1744 1295
5023 6876
5116 2903
5508 5413
1148 6899
3018 5176
2951 3954
5781 5013
4131 1784
6696 1606
1491 6484
1801 5212
3423 6393
6470 5989
4572 4910
923 1304
3734 3811
613 324
4966 2585
901 202
385 1628
618 4051
5801 1851
4402 2405
1296 4114
1251 6623
5208 4720
201 1669
5669 2863
610 6792
3714 6168
4483 5218
3345 3827
821 4760
377 6998
408 2147
4140 1846
6848 3474
1836 6495
473 1044
590 1629
872 561
5791 1513
5414 5727
1811 2466
6663 1442
1427 4755
5449 1749
4105 2010
1889 90
3014 465
5994 5255
1300 6865
3449 393
6539 3069
1548 551
1828 2820
6558 867
1642 3596
6160 6456
2578 1066
1700 3574
5248 712
4630 1831
3234 6066
4354 6097
1856 1835
3566 5115
326 5878
1974 5274
5706 4973
2667 3740
4804 6333
4434 1138
110 1527
5147 256
6955 4071
3223 5126
1511 1019
1014 213
1659 917
544 1984
845 5130
5826 2796
6015 3449
473 3272
6238 5184
1224 962
5479 1934
630 6639
1926 2200
6563 56
962 2682
1409 4125
6225 3444
6352 5471
337 2630
497 633
3699 3550
4325 40
66 1578
1468 4705
1523 4412
274 2281
6755 3609
456 1009
4871 738
6276 3382
5283 4624
2571 5506
5935 837
2328 86
2008 670
4408 2145
3014 3043
6653 2551
3635 6359
5309 6976
2265 5399
3096 5327
4099 4773
4863 2725
2879 374
6137 6606
4578 3495
629 6013
383 2574
2960 5439
5916 4917
6764 288
5958 1356
3217 3752
104 6542
596 588
6941 4307
6605 2860
1555 2391
806 583
2523 2782
6654 1998
5286 4871
5943 2926
5129 4133
2584 25
5187 4111
3327 4270
4996 4543
2580 2535
6054 3696
978 2760
1418 3032
263 6198
2911 1359
3573 3922
5177 390
2601 379
4683 3265
4710 1678
694 6384
1449 1564
6607 4030
6170 1777
2692 3880
445 2647
412 6671
782 5450
2253 46
3806 3342
3809 2859
5922 894
4394 3512
2625 5287
663 1005
255 5906
219 3243
147 1677
2517 1031
3883 3747
6713 4806
6909 2466
6312 4462
5469 3019
6757 5078
2136 1339
714 6605
6683 433
4248 5565
4948 1038
4403 3224
6035 5093
5397 4836
3418 2829
6649 4232
3729 247
6874 2630
2129 3551
4434 1756
1853 1401
5220 2665
6622 5792
1944 1519
6703 304
6804 5274
4770 5088
1187 2479
385 1791
3709 5637
5323 2039
3592 888
4891 130
3122 1905
6888 434
1408 1135
3987 663
3362 611
3054 458
1433 5137
4759 3394
3432 6268
5359 5833
5168 2101
4237 4975
438 4054
1773 5959
5971 6397
1562 4204
1392 6267
595 5169
2137 5
4456 2804
5471 5293
6350 6393
870 678
4015 3061
5032 1459
3253 5929
4158 1834
4805 6371
1947 1012
3067 1043
4032 3415
3817 2295
1554 6945
4278 438
5157 3790
3682 6042
1755 4225
449 1560
5433 2907
194 287
445 4070
6014 1906
6179 4417
410 5015
293 4430
5451 480
4984 1768
3050 5950
2742 1633
1333 1499
836 693
6891 5562
1218 206
901 4471
6510 208
5844 3565
4018 4806
6503 3201
5410 829
3947 6094
55 478
4258 2014
6126 5880
579 5359
3793 3375
806 4584
1523 1192
5716 1286
1012 2208
6280 3314
6275 2970
2127 1895
3637 2835
3973 2030
2006 3820
5860 4448
3778 1562
5397 3226
2260 4868
980 3424
6427 5993
6986 1261
3312 5704
4217 1609
1068 2490
3957 746
6866 378
2659 2106
30 4743
3870 1501
2438 6079
6972 804
4086 6229
6701 5414
629 2793
3357 5073
1746 1772
6932 624
6433 3155
6627 6404
2482 2594
4037 1799
3892 5582
3481 4550
2292 2470
6968 3664
4105 213
1959 6202
125 1166
5808 6486
4215 4545
2831 6131
985 5996
4244 3031
6551 4315
4909 5865
6903 1734
3758 105
4621 2200
4593 6568
3504 1686
3127 5900
2809 895
352 3050
5491 1302
4462 1389
4809 4880
1390 4180
2753 963
3718 4089
5466 3689
2809 4278
4736 6095
4469 1779
3717 6116
2063 6151
6206 6882
6048 3290
1337 3041
4358 3668
4728 2447
2563 4222
6813 4850
90 956
4512 4485
5623 6682
748 6002
650 2461
1178 4832
1421 2338
615 4160
3256 4566
6740 6415
1353 3143
5152 4064
766 3575
2996 2949
2096 972
643 4673
457 6203
6020 841
2558 2723
5180 3079
2406 5335
766 6958
3256 1533
6737 6494
75 2876
6658 3757
2432 1271
3299 3108
2559 2544
964 6192
4310 6579
5288 3551
2523 635
3108 3540
5540 3772
192 6844
4053 2227
3697 902
4135 4511
2767 214
777 300
3017 4526
2169 2739
3542 210
3734 2632
1482 1809
4852 6000
2847 5054
6331 487
5770 2140
2502 855
6084 3993
786 4176
4706 2391
6514 6206
5490 6637
2720 3377
8 6511
4055 1118
3461 379
6611 3106
6971 1197
3211 6620
635 6609
5266 3896
6032 3429
1618 892
4014 5631
1586 2108
6402 1427
2334 5943
3886 6385
5035 4902
5271 483
6057 1392
647 3586
3282 4177
5648 406
3106 5641
3029 3731
4149 3762
2438 2509
1225 35
1347 1718
4244 3999
5548 5837
1131 6035
3681 4825
4088 2705
4857 1755
4270 2187
4387 2772
4354 6796
4488 3578
6628 5688
413 6923
5912 4020
6225 2265
1402 1775
5378 4086
1343 4578
5942 6114
3423 221
4820 3004
207 5542
2294 2356
4384 5857
5005 2003
2243 5774
5502 2809
980 5465
677 1492
2509 3449
1394 4516
2139 2418
3839 5010
2662 4445
359 6286
6491 6706
6990 4175
5739 5381
6525 6290
3096 4148
4309 206
577 5425
4395 6396
5890 5550
6482 3210
5272 6669
3213 4733
575 4598
4553 6982
910 6574
5234 3933
504 5886
5120 2865
2599 6725
5760 3225
4390 2265
1253 6913
2394 5569
3643 1284
5569 2876
3862 6283
6627 2029
3418 2105
1621 5996
1831 3362
2207 6093
6157 6429
1830 3891
5730 700
6243 2039
1984 3577
4472 735
1886 36
3381 5606
6984 3205
1958 2356
4783 2317
3816 5534
3443 822
3315 1576
3346 889
1979 5862
3445 114
1881 3075
6333 5315
6794 5710
6183 1584
3817 6109
190 3228
1752 4358
5153 4452
948 2089
535 6646
4464 6859
2615 37
5708 2230
5693 1198
6661 3087
229 6539
351 1052
2993 2814
2148 4708
1496 581
4608 6234
6721 5023
2115 2316
3414 3810
494 4743
2569 6458
394 375
1157 5996
402 5154
4063 1223
5928 6326
4161 2512
5599 1132
647 4204
184 2982
3140 2460
2734 1018
1982 6109
2325 6448
4658 6701
2698 4744
945 4800
5919 5459
2880 4226
3090 1592
5860 1846
5452 6747
4655 5649
1907 6874
2993 1659
6110 1994
4799 2395
5800 1014
509 4620
3398 2876
5452 3714
1560 350
5792 6034
1957 3204
635 6422
4479 6362
2206 3908
2837 1496
6873 3858
6410 1882
6842 2293
3457 6839
3770 5084
5444 5701
4198 835
6053 1086
6149 794
2604 921
5687 2426
4878 6229
3443 5628
4155 3390
4253 4679
1041 320
6713 6205
6835 1472
140 5288
4304 480
513 4338
2968 5520
4902 2092
4530 6650
886 6798
1999 5658
2095 5366
5796 5752
4032 5619
5988 5922
5730 968
1253 1115
1569 3041
564 3522
815 5053
3616 3462
6 2440
2119 1229
3702 2482
4302 4167
4520 5558
1117 5391
520 971
2111 6249
4046 5675
51 4842
4626 1820
185 1624
1680 778
6351 3880
3395 4402
5718 3967
5276 3622
240 1331
5940 2848
425 6746
6722 6267
1292 6331
1235 5797
573 982
4695 836
3690 1317
56 2907
1885 1183
1632 2989
326 324
83 566
6839 3819
4289 5783
5554 2031
3666 6558
3632 558
884 1783
2417 3673
4906 4439
3096 3961
6829 6514
2978 5403
1220 951
2433 1173
5337 461
5244 4434
5733 461
3439 4300
2470 4438
3769 5932
2566 4146
283 3256
5608 5650
5742 1678
6662 5061
1676 2887
1834 3473
3484 286
2835 2092
3513 5188
2709 3673
2151 4843
6251 2494
4014 6867
4289 4628
309 4827
3759 1430
1121 4705
5249 240
2891 6538
4500 2596
3073 1102
3298 3664
2300 5316
774 4597
6550 5944
2474 19
827 3477
1479 5352
5221 5739
4063 5224
2690 1337
3975 3125
2318 5895
2967 4089
1507 6619
1290 2420
3685 3551
4335 6851
1544 3468
6663 344
4061 6282
4111 5645
4742 2479
6636 1904
5144 6431
1725 4977
1961 1312
4108 4593
3373 5127
2523 261
1846 6435
5953 5257
1335 1789
4325 97
3270 1215
5782 2931
364 5264
840 1029
1645 5398
5747 3876
1562 3643
6631 1910
5311 6729
5371 1118
343 3606
3726 2397
5054 3131
2426 2930
4785 4404
2727 6076
740 4208
4625 739
3357 56
1330 1041
3095 4782
6299 1356
6965 4415
416 1640
6682 1094
5025 1612
6325 5960
1858 6795
542 3442
3030 600
6887 5663
4803 1950
2499 4347
4092 626
66 480
3428 646
6444 929
688 5896
1342 5188
165 4623
6264 5657
3332 4321
6041 135
6971 4206
3819 652
3294 4968
2455 3644
5220 6560
5965 4462
767 4849
2200 3125
5340 5164
519 4747
4622 1915
3882 2105
1177 6410
3756 3686
666 1010
6930 4555
3695 5662
5242 5006
4531 5934
2346 5579
4428 2049
4209 3439
697 5958
3257 5436
4207 360
3475 6827
4329 2043
1092 71
5271 459
1260 2099
4498 509
2502 3059
2681 5276
3056 4399
631 4557
719 5158
5633 848
5351 1916
1529 45
5438 4544
118 3248
5917 3990
4632 6366
1280 6134
2897 555
3076 2772
5325 3297
6127 2487
428 4578
5810 336
6925 23
3165 4692
6589 6490
3564 2711
6267 3995
272 3284
3135 319
917 3988
1908 1919
2123 3039
3630 4462
5863 2599
2157 2623
6554 4402
570 3880
1975 6524
230 6441
1694 4030
1883 6935
752 1827
3245 83
3517 2491
3955 1936
4798 3379
1835 6894
367 5399
1468 5380
3517 5874
6746 6450
4571 1121
5032 1516
6957 254
3292 279
4697 2923
6364 3123
5285 3093
3819 2425
1885 6607
701 4871
6117 213
1998 4040
2137 412
6989 6558
1070 4179
6018 5869
1009 6155
4829 1537
5054 4099
6919 4284
4835 4735
4582 4289
3861 4529
3804 3995
6571 568
5831 758
4148 1553
3492 6352
5080 2287
2096 761
2397 3907
4114 1942
2087 2927
1653 191
2616 5900
5016 3965
1143 4815
2058 1408
4041 3534
2953 2260
2581 402
2266 5494
2691 3980
4652 4627
5213 722
261 3794
3127 6762
5799 6481
4690 4330
2156 3821
5249 6014
4150 444
4551 788
2534 3215
6548 1846
3566 1147
4337 270
3905 613
2786 3436
6420 6764
1227 325
3142 4791
4052 1040
1336 6684
4667 5285
1183 3436
3521 623
601 802
563 4482
5420 3802
819 2193
5413 379
4146 3304
373 1352
712 1572
6066 1698
4051 34
2146 2702
1205 4888
176 57
1394 1377
4623 1953
4041 2729
3696 4946
4288 2606
386 4970
4379 2724
4754 1847
917 4606
4289 6214
3995 5767
1044 6633
48 1942
3219 5546
4034 4941
3404 4545
2041 5510
2292 2877
5831 2181
1825 3411
4738 6225
3160 5316
686 5612
6386 6375
2129 4576
1563 5885
6050 6426
6195 3397
3180 306
217 6073
3310 5260
1091 413
6947 1689
689 2096
5859 6831
4070 60
4536 5717
3049 6424
5449 2237
2025 439
4750 3202
6527 2042
2850 6214
1076 1229
155 4791
3386 6948
5287 6790
2264 6090
1951 5593
6555 1057
1973 2908
5959 5907
1604 6983
833 5608
2326 3935
6617 5318
3069 1764
1668 5655
4082 420
4708 4080
912 6840
664 2574
251 715
4836 2545
4213 3320
187 3174
1250 6835
3053 6142
4601 2678
2276 6450
3 3996
3735 3695
6978 2449
6073 4292
1178 3734
1995 3956
3693 3469
4621 297
5128 1791
3225 5286
370 5860
1514 4033
4752 2443
6113 5569
731 3395
5875 6155
3406 6795
5488 3265
1819 1636
6048 1387
208 4751
1560 3627
259 552
42 2769
5732 2844
787 671
2624 3726
3776 5924
466 1784
6176 3235
5955 1546
2777 3187
163 1194
6775 6977
5233 1561
5259 530
4667 2870
6310 4928
5563 3947
4504 5323
2539 3022
5803 401
496 3474
1231 3694
5993 6160
1079 4054
6270 2496
4370 5508
4072 1879
1142 1370
5309 243
4801 1530
2815 4768
1284 3705
2774 2515
6394 4225
1253 4392
5466 4364
5769 1921
2630 2736
4060 1495
2134 5538
2251 6123
1189 3818
4574 2655
6002 587
3457 2895
3739 5991
5020 6125
3771 3994
748 3294
1359 5168
1763 2777
4481 5847
4013 3527
5229 4020
246 5527
1896 1586
6249 3847
1607 1483
2608 4266
6897 4822
3232 683
5369 3276
6427 1675
114 6539
6406 1552
3722 3728
1361 2181
6650 1912
5246 2122
2350 2695
1789 4348
796 6344
1288 6806
1725 2643
4428 1675
6303 1050
1783 369
6511 4005
3876 6797
2555 3100
3525 5816
5791 4847
2714 878
687 1863
912 4425
125 6297
3117 5432
5724 592
185 4096
6033 1347
864 220
4456 3292
3668 6474
2546 5616
3425 2552
454 2042
25 6066
3535 6130
5787 1291
5288 4576
3877 3615
4697 3354
4346 2373
4843 3179
4344 5710
4381 4811
3898 1459
1764 2547
5582 3518
3878 3436
1132 1324
6739 6060
4554 6459
5120 5150
788 1514
6951 4253
3936 1162
6523 4715
1979 2886
3645 232
5761 1948
3242 3225
5513 4852
2402 5463
6261 6435
5762 5556
4227 587
501 4086
2607 5868
5382 2302
5012 1271
4576 4124
1233 1756
4393 5171
4109 5412
6714 3909
6130 3858
4321 6234
1041 1182
700 889
2940 951
3628 5489
3406 6608
985 4256
4311 2513
954 2691
6368 3622
2934 1136
1196 2224
2003 4010
2104 4062
4222 3195
3188 2184
4220 6532
4092 870
3622 1887
377 2306
4119 2693
5087 5336
6634 4680
3733 4909
4987 5132
6565 2631
3418 3585
2869 2589
4395 1810
2057 459
4691 4612
6125 5742
5600 2888
3790 2410
3953 4094
2389 2891
4238 6707
4608 5486
1457 5540
3606 3232
4604 2334
297 1946
1453 1634
6579 435
5257 2899
5527 4480
6520 3238
3383 716
3994 2590
4434 2862
1729 751
1820 115
1424 115
4282 3222
6603 1960
3585 1604
1657 2568
2756 1722
1469 2517
2398 2980
3277 670
2246 5592
935 2583
4059 4089
910 4216
4174 1595
2174 993
61 2958
152 2322
6530 2771
6010 4425
5351 5543
2863 1969
550 2368
1109 4052
1551 5151
1582 300
5904 3248
6589 3351
47 1747
2037 880
1548 4853
5715 3726
4471 1939
1800 5074
5677 990
5680 6923
2252 6137
5234 420
5306 1986
4306 2811
4394 2658
2623 3606
5056 1811
3712 2072
5515 5543
5802 3321
6602 3182
4766 1483
4953 3561
6658 4245
1193 6732
2275 3273
4515 1083
5053 4142
5855 5584
3090 3422
125 6110
4669 769
6293 2777
2704 3386
6620 4892
1900 1117
2762 6774
1533 6019
3553 1611
3644 975
1710 5157
2329 6892
5096 4219
2145 5085
206 1753
1871 6014
3795 1144
959 270
6437 2906
5506 5780
4971 2238
1084 5634
3575 2309
177 6650
3353 4182
5591 6827
51 1061
25 2846
5775 2972
1477 5336
2315 5681
2979 5661
2765 6641
1050 3017
6955 802
392 6989
5734 6354
5431 6545
4990 2638
4711 3223
6850 227
5388 6848
5009 3819
3230 4906
3494 6642
2899 3049
153 937
5543 720
4199 1735
4536 4538
269 2051
6719 4066
3013 3336
2634 6723
4198 1510
6741 5545
373 5784
3604 3777
2754 5327
4593 4291
4787 5288
6841 1962
2386 3588
4399 4425
4120 5010
4058 4132
1730 1971
4443 4697
3213 6026
1692 5651
6086 3749
6645 5433
2465 5574
2592 431
933 6538
4310 2074
5332 4980
6548 5473
3554 2505
904 5019
4732 262
1867 148
1653 6046
394 2473
2023 4825
2119 5287
2458 4753
4791 5006
4815 5400
457 543
3108 5801
5343 5519
5556 150
2135 2033
6558 5787
2850 4230
331 5507
763 1000
3995 6011
3723 1351
4838 1038
540 2648
1601 5482
6671 5849
5138 3959
1309 5081
696 128
2120 6986
5507 2486
1307 1221
503 3116
3297 4518
5325 6387
316 6673
5323 3308
120 3351
5574 675
2888 2778
4008 2809
2604 3019
4870 2050
4945 3887
1860 5719
833 2469
3854 2342
5776 3815
6273 3867
6528 2888
2603 3548
177 852
4437 2168
3692 4266
1362 1278
5089 633
2601 6104
767 1068
1999 1340
5018 5304
2160 6361
2963 4241
5519 6229
1058 493
5918 84
6205 3524
5635 927
2620 4252
2116 2275
1345 3152
6355 3468
4254 2060
5107 4191
618 2823
5098 6357
5784 3652
2011 1700
3826 270
1307 3799
4404 2004
1792 3090
2079 6530
1014 6206
2912 115
6531 1600
2947 2553
5469 5711
5751 4643
393 611
5276 6070
2346 643
890 1417
6451 5808
6169 460
3011 3477
2096 468
2032 2927
2725 639
4769 3041
1994 191
4120 2595
1728 5899
1933 2167
441 6694
1819 5263
2717 6413
6721 4356
6977 2067
6982 2411
2956 2265
4671 3637
6288 4474
6484 2134
687 684
3553 3652
874 6926
4707 2513
5879 2734
1426 1023
2575 5956
930 3825
5286 5603
2516 2343
5690 3212
642 160
3642 6326
6741 5358
6348 4875
4168 5618
2327 2821
3041 2164
3414 6876
5124 3740
3651 6065
3038 1866
6677 620
574 2096
2416 5495
2316 1881
3147 1809
1481 4463
4426 6034
3402 5711
4245 738
2464 998
1989 2425
6846 1745
474 5248
591 5833
7000 5595
6470 3151
6571 3203
2767 1938
3551 6184
6562 5369
2615 2298
5698 3803
2525 5788
2202 439
4194 6815
1869 4171
3670 6815
174 3451
3720 516
3420 6640
1302 1845
2068 624
4313 1030
5842 5430
1229 6470
3319 2801
4279 5583
3623 3966
4409 4121
3597 2745
3559 9
1043 6465
671 4607
5327 6677
2803 440
68 6788
2616 3997
6513 2043
2771 1656
2153 2775
1160 4771
4799 1273
4487 5882
655 2569
5564 2833
2827 1938
924 4679
244 4920
3976 455
2797 3227
3229 2884
6178 1191
4574 5477
2614 4274
5475 482
3818 246
3606 2053
2849 6800
2567 3704
1049 594
290 3760
3901 1220
84 3103
237 4099
6204 2762
1567 5660
5307 5220
3213 4229
4238 990
2863 440
5977 504
2303 4947
4243 4717
1836 6235
4518 6642
1426 1641
5497 806
2927 4747
5100 581
5530 6581
5556 1386
6937 5888
2209 2252
4845 6478
2639 1082
3487 2869
773 2924
3318 1370
5281 2844
3385 2592
6683 5971
4092 764
5315 1674
3818 5857
2326 6220
576 5793
4716 591
1973 2160
4999 3131
3313 4409
6489 1941
6981 1649
974 3587
5953 4590
6080 6617
2056 882
1187 4634
2322 5697
1510 3567
6329 905
2497 4008
974 6970
3618 4641
6018 2706
5722 5596
250 6912
4075 1884
2459 4655
5229 1499
4324 3342
6197 1136
1646 5306
5574 1911
2458 5184
5042 2804
2891 2033
2571 1863
5069 463
1712 641
5478 5586
1761 6195
3726 2080
1883 1462
5131 4724
4785 4087
5005 6305
3436 4758
3317 6756
545 3423
2467 4896
266 4008
3437 1196
6835 1773
4627 6130
4517 1828
1406 5445
1566 2694
79 1149
4983 1069
3188 1623
3652 37
4400 4626
5181 4437
1810 21
3704 5862
6756 5048
345 2961
3397 2147
2120 4384
4515 5515
3199 4414
1179 154
5571 3841
6882 1188
4876 3050
2892 699
5467 2737
434 4881
4717 1485
2165 6786
1855 5806
6492 3662
2978 5354
1113 5169
5153 5021
6216 1512
6348 3883
1357 1365
3993 5591
5092 4745
515 6940
6021 1044
4596 377
2939 3147
6676 3190
1411 1601
5091 356
3651 5073
1323 5918
101 5610
3311 1972
699 52
3627 3898
6273 4648
1729 3573
4585 5853
1805 1905
5863 6470
2064 3297
2992 125
1808 4805
5409 5741
4946 3765
4941 3421
2544 5627
5670 3796
6312 819
5546 1286
4455 495
181 6663
1829 2649
2303 5915
3167 1819
5001 6855
665 67
3202 4257
6862 1636
1980 6201
1486 2660
6622 2149
3383 5766
2936 5077
1563 4600
5181 2477
3715 1809
4551 2081
3030 1706
2001 1793
2970 5038
5539 3878
6736 5819
5270 5151
2309 5329
6517 4203
194 4215
3683 6408
4956 6681
5424 2585
1898 6926
4424 1158
3765 2276
552 4862
1891 2722
1201 2275
6187 4449
6741 5789
5347 6687
5254 6496
4975 4829
3605 4623
1383 5140
5803 4459
4148 886
3382 2107
3499 2692
6054 1826
690 3641
6612 4039
6390 5158
6729 4624
1078 3723
5046 5419
2964 2533
3176 726
1380 1809
6724 3499
624 2240
784 243
2888 444
3636 5033
315 4868
6844 5486
5593 5938
6596 5384
4103 712
3294 5269
25 1130
5068 3838
5788 6379
6595 5159
5504 204
3935 2067
6686 1113
2725 5526
511 1023
2613 5285
1008 1829
5720 4932
1386 469
5183 6979
1195 901
4754 2335
2161 6881
6113 4634
6364 2001
416 1136
1787 4196
4118 4376
4997 5476
226 258
6609 5215
2662 2144
1067 5038
5700 6158
4148 3464
5388 2099
1527 300
6038 5399
4794 3612
4204 363
2829 5475
3247 2016
2206 6250
1619 3272
2398 6420
987 6213
36 4648
4632 251
5504 2432
1369 5726
5691 2258
6066 1381
550 2425
5900 5815
4071 1123
4687 3341
1335 3863
1920 352
3475 5973
5096 2048
920 4587
1608 4961
3199 4577
419 629
5869 1217
4752 703
4549 6790
1684 260
6945 195
5212 1627
2435 4366
4954 1591
3455 4947
592 1496
1316 1527
5824 693
3305 1216
435 1512
3590 4583
6699 139
5675 570
4398 2807
3489 744
1493 3294
311 2385
2406 6230
118 2744
6434 1561
1838 296
1616 1415
4011 2546
644 2036
5622 185
4532 1494
6056 6304
4691 6442
424 3201
2827 4947
6404 6987
4529 1196
5499 4666
955 2837
6777 5283
4659 6904
2722 235
72 1995
1598 3468
1207 3812
1109 6687
484 6635
4092 4578
6523 1202
5458 878
5931 1290
4802 5677
5996 1685
6400 6464
1154 2673
2090 143
1250 3135
4615 2818
5489 3574
3804 4296
5850 1109
2930 1288
6106 5236
3394 6118
2740 1164
2110 4932
3861 1797
349 4316
5762 2393
5595 3219
3169 523
3667 4183
4973 1186
4407 2495
5876 2680
5803 889
6424 3451
3356 3732
6675 818
3065 2802
4001 272
6869 4067
3068 6483
1568 569
3380 1874
1447 2494
2904 5328
478 2632
328 5317
794 6810
1718 6929
4371 2434
6513 6125
447 6702
1414 3485
6261 2117
6481 171
4029 2670
6975 1460
1061 1677
4622 3184
4455 4764
2060 1381
845 4496
1939 3306
1027 6230
1128 6282
6037 130
2083 1550
1303 4593
4233 2850
1826 4368
1562 5985
4327 2485
3479 698
4289 6165
4079 2383
2508 4173
1515 6169
2239 5446
2788 6442
3101 4687
119 3988
6158 4971
6337 6434
5067 3426
6681 582
573 1714
1269 6113
6372 2456
1107 867
52 6149
974 5441
5903 665
2350 3183
378 4629
2866 1787
3595 2162
1384 586
2067 616
6803 1861
4406 4067
4766 2158
4396 3379
6173 5629
6908 5849
1926 3794
26 390
3773 1121
5346 1686
380 888
6316 5156
60 5636
3671 3096
6620 5567
6948 4844
5544 5808
2891 3887
1984 739
1309 5488
4254 6305
4097 2157
2701 6392
5626 4305
1763 5843
1455 1526
4818 5300
4936 3077
669 4000
951 2932
4430 4437
3960 6208
4113 2286
2345 5417
442 4748
4950 3914
1397 16
6484 2996
6606 3925
381 4472
5130 2569
6759 4921
1320 1459
539 1648
6532 5696
3930 300
4146 5028
3109 1090
1338 6202
4135 4869
3267 5059
3549 3991
5684 6511
4528 4571
6059 5634
6804 4290
615 330
148 864
666 2547
6953 3632
177 104
5182 2328
4812 1297
3690 439
5959 5403
2721 577
6642 2427
666 5930
14 1803
4059 1999
2042 3672
824 854
2568 2964
2346 4083
4015 5110
4154 2236
4233 6501
2526 2738
912 6336
4926 4967
3455 3955
2400 4319
533 3307
6068 2313
3050 6121
3229 1168
4703 6615
152 3615
3646 6152
2423 2990
127 6002
125 5175
2262 1352
6594 4988
6434 6985
5694 759
5229 5126
6965 959
2300 1055
5932 2802
4908 3233
1520 4098
882 3087
1609 6799
854 1793
2882 3662
1977 5505
2875 239
4241 3709
908 1275
5307 471
854 5176
1067 5469
98 5607
3874 5578
2401 3739
4868 20
2867 2226
6261 5313
499 3672
2780 3735
4891 5107
6233 4019
1441 4340
841 403
5729 2042
6439 3895
3858 3540
31 4735
903 4664
2575 5208
5094 4685
85 4971
2294 2714
4477 2242
3754 5819
743 218
2228 5100
3105 5373
4132 2961
2480 5321
197 2179
4589 5866
673 2108
583 5598
142 1691
3208 4747
2566 1308
4746 1319
4111 6995
6485 3085
6767 6181
532 1876
4406 3880
4456 3243
3310 1991
5517 6077
2184 4397
5787 1242
2158 3176
4322 4182
2861 3858
6013 996
4576 5230
2074 3478
4751 3541
6786 6581
4255 5589
528 4736
5791 5498
4881 2833
6992 4205
6467 1351
5073 3003
2883 2304
1274 2082
3168 4917
3292 1011
1707 5347
3851 2695
3099 2868
6275 4564
5585 4117
2536 2196
4432 1694
6899 981
3931 4152
4063 5769
54 1820
1661 1215
859 527
5561 2942
3899 4614
6604 309
3682 6831
4556 3423
948 5480
1908 1846
5528 550
3312 882
420 3109
789 4669
316 2005
3533 6708
3404 3854
3096 3701
254 1127
6007 5688
5334 684
4675 1802
5958 2763
5110 976
6261 320
4058 5775
3110 374
3948 1473
4243 4774
2495 5174
6791 6901
6036 1141
6440 1756
190 3936
3268 5097
6289 4970
3111 6611
214 2078
6652 2578
60 1611
858 5563
419 2483
3070 3577
145 3412
1859 1930
1073 6656
6393 1536
6294 4940
3336 4635
6545 2307
6612 4283
406 4126
349 3592
5204 2839
2463 5235
3717 1294
5701 1393
4245 1413
4928 1443
4802 2270
4272 6242
6944 5961
4368 5950
4896 6069
6818 1126
5324 4826
1895 2684
2079 5245
3858 4158
4707 2383
4728 1008
249 6744
5567 797
488 2596
4478 833
6441 1553
3545 2880
5658 915
5539 3667
4097 3393
5121 710
1043 374
4816 74
3885 2948
4155 365
6066 5813
1539 1709
3039 1207
3722 4647
6050 392
5649 48
3813 601
6203 1388
172 5184
695 6457
4096 6551
2573 5349
3562 6617
3218 391
6353 1332
1406 5502
2707 1407
3999 202
6829 1261
874 5641
4991 987
3561 6392
6 5831
751 6739
3492 2091
2965 5580
1998 6545
4608 4632
6485 670
4492 6901
2467 5303
2988 4251
2640 535
2082 1705
1738 1895
2054 6073
5791 6116
2680 2563
2670 1875
1856 6088
5541 5187
2878 2578
295 2150
1139 31
803 4246
3162 5720
1799 2521
2503 422
2724 5494
3094 109
2383 5201
165 3208
817 919
1601 5165
1043 6335
637 5647
205 5990
5647 5963
1657 2064
3620 2784
2188 1700
2532 5674
629 5005
5271 6615
2998 751
2112 2644
4230 1023
1124 4984
4398 3051
2593 2917
6256 6229
6282 5198
6600 4541
3864 6527
5843 2118
5046 1020
1739 561
5445 1291
3979 623
5130 6383
653 114
4448 5797
3514 2738
520 6940
1213 4652
1822 5699
2947 6074
3420 2322
6555 4017
1672 2722
1090 5750
3692 566
1458 4456
6871 5943
6274 1523
2946 6603
3187 3282
3789 1630
1490 207
459 5883
464 6227
4008 5875
914 6463
6430 5419
2347 4739
2870 4514
1008 3846
2121 1952
2816 1245
2845 6147
4218 208
189 545
6919 4829
3027 1465
6736 5876
5361 4572
5366 5670
3339 6655
3668 5433
3996 4710
3143 2579
4889 5516
908 2861
847 5591
3402 3971
1160 3836
5878 6784
6748 5886
5476 6215
3862 5649
6412 3685
770 6310
3760 4618
4968 332
2798 1763
2361 5926
6067 5902
931 751
4668 794
1330 4432
5908 5091
1677 2261
4779 1564
1112 8
2292 844
3995 701
2966 34
1756 3493
3776 5501
2750 5105
3985 2642
3995 4084
2252 4828
3031 4566
5665 1549
4527 158
6731 4727
4890 4936
217 1007
1342 5546
2997 1949
526 1762
283 2004
3304 6795
1934 1671
3491 2457
3052 5793
3924 5722
3451 3058
1302 5366
2549 4418
6525 6729
6705 5384
2816 5701
3289 1949
2480 5752
2628 6404
5561 4178
671 1712
700 6614
3868 4285
3622 846
4401 7000
2565 5301
6890 1350
223 798
2163 6984
6981 714
1814 414
1411 5659
2163 568
1903 5367
6258 4291
3219 3058
4766 2402
1008 2236
2369 4608
6161 4358
376 1013
436 5228
2143 2575
4544 2740
4291 3048
5194 4542
2981 2893
5761 3835
6372 1545
5728 1443
5408 2027
6347 3932
2419 4321
1400 5096
524 1261
3258 1858
2234 4541
5372 3501
580 4576
5504 5872
1144 6604
6645 3774
4224 1422
607 6399
3716 2709
4086 1488
6059 3650
5620 6986
2191 4844
5675 6693
513 6737
3992 1072
4769 4147
5925 4589
4655 827
469 3432
5486 755
1852 2345
1573 2930
5900 6222
4985 3213
126 6476
2911 4352
5384 478
2395 5024
3334 6929
1369 4628
5383 3259
5797 5720
5472 5960
2058 5604
2640 2576
3090 3536
1149 5793
5569 2860
5763 6109
968 1251
5536 6884
6166 864
6009 3132
5439 6951
4078 4579
5815 3266
423 404
5686 1166
5806 5432
4441 5570
6769 1315
1041 1914
2258 5261
3989 750
2789 4897
3971 6560
3677 5359
2280 3330
6801 449
6866 1598
6945 5863
5978 6828
5608 1633
2805 2397
1652 6390
2784 1520
778 3382
4864 4333
2467 123
4449 5057
4643 1890
5727 6428
6039 1038
2804 6309
6997 6403
4282 3604
3289 5600
5541 7
1804 718
6377 279
833 4193
3655 473
3565 3963
6434 4196
6377 3662
4906 2650
3631 5714
1511 6508
1301 2726
2657 5508
5900 4262
5434 2769
5363 4057
5122 962
1763 4477
5731 2763
4148 756
4177 6412
6737 5136
1565 328
3347 2922
4465 6290
3710 530
1812 205
485 3079
103 6195
160 1067
6572 346
5959 1809
4957 5971
4978 432
346 2920
4236 3205
3207 5544
5600 5848
876 3085
5475 4621
3429 1392
2827 3044
6461 5618
1577 688
3982 2507
3476 4621
4446 921
2228 5344
4139 5874
6459 1758
6498 932
4414 2137
2413 4343
291 2058
3744 2342
4776 5936
3527 3805
1753 5236
323 4225
6913 2867
894 3260
1515 6576
2475 2188
2629 6038
5055 2318
263 3393
196 2171
3184 3816
823 1515
336 1427
1022 4384
6374 2185
651 6134
3760 5854
4259 3323
3973 6901
5597 2493
29 3347
4408 413
2047 2276
3139 6675
4342 2045
4849 3539
2514 6623
6308 784
2941 274
5616 5926
1736 4077
4351 3262
397 5436
1297 997
5278 2898
4805 988
1508 1217
4529 5254
2683 5119
2041 1680
4278 1471
3555 5048
2634 2194
1357 4431
6202 2236
3770 6141
1442 3980
3832 603
6146 3058
1280 5150
6543 5912
1963 5180
5293 927
3983 772
903 2948
376 6437
2998 377
909 484
4383 891
1220 4318
2990 5397
2639 4416
4667 4033
6783 87
2853 403
456 1855
1152 6254
2475 6644
636 510
6160 6497
4940 2852
6461 975
2290 4612
4618 357
3444 3473
5242 6600
3256 4176
3306 3539
104 622
1845 3215
5052 60
984 4576
4673 3447
1414 4160
600 1203
2126 2676
6226 327
4 6807
35 6120
971 3590
6007 5127
4088 3925
1161 2933
3668 5059
3146 5886
4266 5917
1869 1707
3137 1636
1234 967
2832 4006
4749 2129
874 624
781 433
25 1618
85 5833
4603 5687
6280 6575
5848 4666
6115 2566
238 5294
6453 1807
883 336
3751 4131
2340 3170
1252 1896
1255 5577
5833 6236
6578 4138
3777 2319
5105 2299
2868 2508
4435 3228
4273 2900
5288 5389
6721 3665
2120 1302
3018 2452
6698 1961
3290 4079
6848 1905
2431 2103
2517 1877
3950 6569
3974 4711
6689 1094
6346 4138
3603 5707
2732 6380
4217 682
6314 5354
2751 14
524 4906
990 6568
5276 1191
3011 5014
821 5069
3653 2037
5301 2187
2188 4977
908 527
3960 6883
5546 1237
6640 6463
5520 770
1442 4598
2557 4285
4618 2130
5738 2161
5795 2695
4386 2561
2911 4783
2904 1360
3422 3043
1340 157
104 2395
2647 6430
4 5197
3834 1267
162 5783
5940 2295
5200 1731
4730 5754
4412 749
6910 5011
4107 113
4893 1022
5631 4169
6916 2547
3511 4963
2425 4516
367 6188
4138 5061
2426 954
5062 1016
5437 139
3761 2859
1834 1042
6153 309
4602 3475
6252 288
4999 667
551 5716
3944 5195
4322 4589
5244 3881
6956 1572
1197 2858
1474 1446
980 5075
513 6363
3598 1525
471 6137
2009 1955
2754 611
3523 5323
4610 2962
2678 1555
3638 3583
6788 6310
2184 266
2087 6749
5635 3887
5268 2373
6355 6428
3363 5041
4166 2921
2767 3475
3892 3850
3018 842
1190 5420
2704 3126
5842 3584
1525 5898
5687 263
6772 1239
2577 318
2386 750
3501 437
5782 6916
5224 2424
3034 1725
2359 2310
2851 2772
4631 4539
5240 5586
5090 2609
3942 6946
5492 6561
4675 4087
3713 1232
1975 2320
2493 4003
359 5091
6673 829
656 4331
5021 1691
4991 5232
3711 1536
1084 836
1832 4671
2957 5046
6233 4694
309 3469
6603 3473
273 1560
5794 860
2270 1864
155 3002
2932 1017
305 317
2677 6160
2109 6642
3138 5057
6655 2882
4920 3487
1954 3321
1926 5437
3476 5052
6560 2995
3095 1196
4818 6593
1976 1767
5484 1758
198 46
2942 1331
2255 401
4552 997
4999 2440
4617 5556
3960 1085
3655 6865
2468 1448
446 2777
671 5339
2213 175
2707 1464
2373 2342
6141 3950
4680 3626
2436 6074
2683 6705
3793 5294
4886 6885
5820 1276
6852 5624
5844 5834
2043 2588
3228 3014
5031 69
2233 1931
5815 4315
3418 6521
6928 3175
615 1623
1205 4872
3670 6742
1328 2993
5552 2400
6400 4187
6737 6990
1076 5401
5904 573
5212 4961
169 6417
4431 5150
5771 6645
4121 4170
415 3440
1418 2886
5716 6938
3379 3533
3584 3965
3801 2502
3465 2553
6481 2082
5514 3047
5955 6173
6480 2611
4212 501
4337 5865
5424 3504
904 6987
6630 2555
2676 4729
1112 520
5540 4618
4788 2539
2023 377
713 6638
3113 1697
6520 1636
284 4246
5325 6127
1858 1249
3480 178
5035 6553
90 4380
6675 1924
2356 3411
5962 6189
3597 4900
6541 2863
422 6058
3378 5536
5121 2540
1320 792
5955 1985
4465 923
1323 5227
2006 2251
1106 274
1161 6397
4705 6045
126 5915
1941 321
2961 3154
4117 2842
1808 731
3795 6763
2732 850
6037 1236
4144 5419
2647 5438
2769 6367
5696 943
787 4843
1683 5920
465 2348
2917 603
6994 2966
3487 5829
1016 3390
1215 567
267 1582
5410 4871
3533 5423
2165 5290
6088 3803
578 6547
3219 6953
2756 5731
4396 1102
4337 3905
5643 154
5964 5430
6859 647
5274 4983
1382 865
1387 1963
6953 6698
2383 3648
4088 6584
2942 5332
5486 5805
4889 1385
3397 5912
1468 4022
5167 6991
1132 4073
6703 2736
1959 6511
1811 4361
1021 5962
3245 5491
6571 3748
1614 60
4143 225
6151 718
1488 1641
1949 2790
1214 3324
1171 5906
2860 1893
1513 3391
2048 517
4696 2094
3849 3161
2166 3956
5531 2141
6574 262
2286 2560
861 1893
264 3889
6246 4338
410 3714
6454 5041
6387 3819
3876 4203
5610 4127
2597 3361
3743 2361
1527 3447
3676 1139
2867 4942
1664 3910
100 1953
504 6732
5397 6463
339 1969
6200 4343
775 4751
5792 2074
2960 5106
4527 5826
993 6142
6972 658
6601 1654
4225 4737
3617 6544
2518 974
5164 5888
2389 5290
150 1666
5043 1397
4625 5610
3453 5389
3950 6195
3795 2120
4036 5215
6369 1304
6379 6156
1606 5029
2478 4958
919 4099
5406 2388
5246 5139
1386 6194
6243 6268
3249 4054
1250 671
3257 1663
5120 5939
3566 3172
231 4075
1778 9
6450 3713
342 681
3580 3255
6532 5997
2671 4198
6722 5340
220 3135
5910 3210
5479 6407
739 1256
5966 109
3913 2125
2426 6996
5747 4909
242 3833
5650 812
2138 4085
4383 1485
5369 5488
4371 6386
2172 2915
1193 2365
1141 6339
5160 5314
2548 5646
3380 6176
6117 628
4552 5616
2558 2577
3740 3486
1881 6499
5109 4221
2086 3521
2066 5498
6639 5813
4459 6556
2862 6371
6845 5689
1900 3516
6320 6999
6776 1388
833 867
3229 4852
1890 6211
5648 715
1153 5918
1203 5281
6129 988
6313 2795
5874 6131
6495 2277
5647 490
1641 2474
6553 3
3748 6356
3937 2845
291 2920
2441 4220
2971 248
49 354
3559 1172
6520 994
6081 3576
5304 6136
1469 3306
1596 3081
6792 2621
5140 4981
5505 3416
2432 3353
668 5472
2640 4056
4150 4242
1055 1222
1808 6155
5948 953
2773 2865
6340 4217
3461 6649
4488 4237
4082 2795
6790 5177
3237 1279
3669 936
5410 3529
4200 6988
4138 6110
3517 1296
4045 3667
2276 5442
5998 3699
2293 2413
2676 6315
2917 2994
3075 3580
3921 4540
893 3496
6053 1127
3821 926
4029 1629
537 5554
5148 1435
573 5211
5430 5285
4432 6183
1352 4949
3816 3965
2663 1542
2446 3759
5930 5608
5863 3632
2963 1834
3153 1177
1106 1510
2432 5581
2719 4857
3676 952
1810 2794
530 1350
2529 2481
1125 2691
2749 4699
6639 820
2212 330
3733 705
32 319
6857 2211
6513 2401
3216 2630
1284 469
1021 1587
3230 6500
5912 6907
4692 3262
6593 3858
5125 6527
522 3337
2538 2193
1392 941
6679 6261
4325 5131
177 4056
4311 6953
6871 6431
4438 2564
5845 6035
5525 6619
5907 497
5771 2888
581 884
6930 595
3910 3576
4932 2318
269 3995
4307 14
6803 4203
3971 819
5896 5219
6106 2585
6140 5579
4953 162
1783 6582
2498 6527
2522 505
3022 4992
5694 4711
1124 4667
2110 5664
3703 1189
1485 5612
4513 240
1273 1003
748 5319
2764 3421
4887 6308
3786 6327
2608 6291
332 156
1641 3092
6670 1206
415 5294
4429 3925
5798 4660
3633 6435
5175 5435
6513 6857
5654 4881
3397 2960
234 6387
6731 1832
6354 6046
189 6644
1849 4145
4048 1200
5481 5892
5448 3500
962 5813
843 4401
4891 6026
1216 445
3050 6235
1400 3006
679 3246
2647 5064
4631 245
6790 5795
1861 4155
3580 2263
1981 2005
3959 4511
6626 3886
4826 4850
1579 4442
519 2210
5627 6067
6501 2659
5522 1355
5028 820
802 4750
6251 1730
2168 1050
4684 1010
4432 3418
5552 3449
1290 1306
5063 1006
5090 5081
5162 231
5279 1570
418 4006
2343 2744
5123 4440
5403 6709
4302 4476
2349 4444
6640 909
6198 4728
5021 4163
5867 5123
6569 2197
5022 601
215 644
4612 2423
1933 1533
5241 5600
6467 5303
3490 4948
4923 3224
3636 4773
3013 5548
2416 1128
4816 2603
1739 5050
6775 6587
3141 4013
3318 3151
4372 4814
6309 5067
323 712
1261 4644
3185 528
4588 6509
127 773
4247 6216
1260 5173
5732 4682
2096 5445
2306 6975
3128 3377
6170 1875
1753 2073
6111 4678
132 4500
1376 6287
3373 6591
3275 3804
2807 1484
2779 5852
3672 6658
3572 3044
2589 5728
5129 3076
3420 5656
5414 6443
863 3443
4326 4415
1145 123
5288 1608
4820 5704
6753 4303
6958 5489
6410 931
2790 2227
3719 2690
3044 3275
6117 4092
3691 642
4224 1105
3897 4682
2185 575
6887 3744
2635 1535
3466 1463
6633 5325
4463 6756
351 1174
4406 6222
6801 937
476 6538
3802 4795
3611 1817
6353 6439
4639 2259
4644 2603
2935 2177
1710 4604
5082 6212
4046 4374
3394 247
6565 3851
4292 1397
4142 4836
4503 5781
6621 4160
6841 2214
3443 139
1278 1914
5037 3436
4593 1510
5030 2265
5465 1439
2545 1618
4255 4898
3593 83
1423 1514
3940 3574
244 4286
6749 6008
4750 2625
5460 4478
5179 2738
6488 4920
4750 6008
1665 4430
3155 3240
2434 3480
4956 5884
2012 1505
5768 5762
2900 1967
5243 3662
6296 1717
293 1145
4928 4590
3584 2599
4704 2630
3238 1962
2436 520
2680 3132
3127 4575
4896 2800
3953 4159
6599 2657
4758 2866
6949 3
2623 5981
4920 6577
987 960
6824 4438
4947 2738
5289 5885
5325 1378
4575 880
5380 5249
5134 2564
1558 3378
741 904
2265 4960
2175 2034
6425 3416
6970 1230
1232 3393
2476 5180
4095 428
203 3480
2445 3615
4597 1578
6956 3052
5022 64
4373 6034
923 6021
1236 4266
2377 2922
2667 5879
1822 1357
139 2906
6744 1826
2713 1336
1720 3332
3552 6043
5601 6537
2743 3430
296 6273
3935 2775
384 1956
4449 6968
433 1848
2024 710
5265 3555
65 6525
3417 341
1486 3286
584 5400
2459 4021
2180 4606
520 1443
3603 2194
5972 4356
2359 407
2820 5720
4594 125
6926 6569
2795 937
1976 4052
3006 1157
5867 3781
3467 54
428 5237
2787 6711
4490 6568
1816 6022
80 1521
1656 1603
790 2620
5776 1384
3372 6583
4929 199
6233 2791
5615 3910
4462 1487
5145 763
3275 234
2678 2230
4298 6748
1213 4416
1927 3759
344 1752
5178 6538
1778 3636
5818 482
871 4652
5853 2920
4638 6035
3666 2492
1918 2892
6630 5995
152 1932
3877 6876
6841 6215
1928 6963
3762 5583
2630 4037
1119 4350
856 5468
4596 2776
2939 5546
5316 5317
6868 5759
2857 6645
3439 3617
1983 3637
5216 1703
1104 285
4087 4592
4281 671
5895 1991
2875 4972
851 5474
1087 1809
2124 6501
2093 4936
3798 702
2964 6892
5165 1364
4074 6235
5843 4460
1025 4314
6037 1293
5509 5338
4252 1811
2171 2533
1835 6748
3048 2806
527 6666
4870 4075
5745 4275
4726 4296
953 2344
4600 5877
6553 247
1329 5075
6962 452
238 5782
3319 4208
1447 2852
48 3406
4838 2258
5242 6283
2133 147
137 2697
13 187
350 3744
2313 5218
2879 903
2060 4772
6296 1530
69 1250
5265 790
3205 5799
2277 5938
6353 5447
4261 1873
1000 1759
5012 3727
5858 4687
1873 5296
3332 4793
1460 2683
658 1995
2898 2057
1401 5486
4966 349
5010 6283
6378 4164
2332 6749
80 5172
2702 1364
2669 5388
2734 3531
1330 3741
3787 2340
1512 5475
1445 4253
4401 3731
2193 2426
3199 5553
2387 3423
4490 770
6580 3517
2134 5229
1487 1446
4871 3845
4052 544
4862 6011
6073 5406
3841 5959
5453 5698
4457 1761
4359 472
5086 4184
1190 3330
4151 3906
2331 1986
3836 2582
5546 5108
1923 471
6814 5791
6108 4811
3240 1016
3326 6452
1956 6246
438 5388
4175 5431
4908 1818
5319 3604
1052 363
1528 6708
6041 6218
463 6384
6616 2019
236 1497
1920 3556
521 4110
1364 5553
746 6672
2725 1509
2226 630
6345 967
3623 3413
5185 3789
6088 5283
5209 1931
5651 3030
3911 3291
6796 4057
426 4223
4058 5970
1790 4614
5090 3902
5338 1752
4095 2819
2345 2392
1469 4973
5729 627
2819 1494
5295 4307
6107 3431
6112 3775
2678 2043
444 5179
1865 1940
4268 3686
4292 1828
2456 2381
4360 6658
2488 4548
4411 6623
1152 3172
1990 4271
5966 6582
677 435
5692 1095
1860 1946
2049 4851
614 5748
4688 2178
2168 5482
1948 1012
6022 6110
2543 5359
5523 2979
3038 3086
636 4194
6491 2616
173 2972
1911 1884
481 873
1047 5980
1997 904
4646 6089
1597 3414
3565 5232
4556 3163
1975 2808
1660 1484
1068 3824
3580 5540
5524 2800
5579 2507
2876 1223
2002 4631
3108 6484
5673 6306
1962 1068
3653 4298
726 3306
279 2617
497 4008
4084 6736
3427 2265
4017 5514
5913 5012
2339 6653
6228 4084
3824 5119
2183 6894
6563 6814
1394 5687
2930 4842
4948 6023
5872 1978
3358 3599
6658 635
3514 1860
2858 6659
4561 100
6328 3914
2128 1895
2749 5211
2850 5263
1112 6351
3713 3948
4396 972
1290 4933
1699 2886
756 4245
2473 6444
6055 4664
3187 5787
1728 2126
293 771
1220 2659
6982 5054
5270 947
499 647
6085 6758
1011 2485
3370 3959
5543 6209
1849 3584
151 3347
2775 366
1618 6869
5107 2646
4300 860
4536 3611
4860 6152
3797 239
844 6694
2546 3697
6434 3155
6659 5717
5759 3740
5100 2606
4446 4068
5879 2344
464 4194
5712 3924
5383 5146
4352 3652
517 822
2824 6270
4443 3770
5033 4767
2474 1727
354 2521
168 4051
1007 3840
4498 444
5831 5686
4518 1096
5700 2759
5015 1902
2408 1080
2119 977
1654 4590
1379 413
6920 3371
6113 1585
5100 1451
6913 6364
5199 1430
4144 296
167 6428
3775 4371
1846 1727
5909 6666
4104 6532
5632 1662
308 2876
3634 1133
3972 3380
5245 3653
422 3163
6550 6847
493 5258
4024 537
5780 4162
503 5222
1762 2379
1657 4837
6053 3762
4146 4849
3898 5501
3590 1184
389 1121
599 2651
5862 3413
6817 5097
3080 5054
5392 4430
4482 1765
1711 1286
4080 4202
3447 3535
5131 5594
4513 297
1925 5941
1216 4690
2797 5870
2202 2277
2668 3016
4732 5296
6659 4107
1215 1055
740 1728
673 506
707 5752
1056 6660
352 1619
2098 4556
6024 6750
4520 3346
917 85
664 1891
2467 6116
3750 661
226 1665
2062 1866
1103 2692
6172 205
5334 3270
3147 2842
3675 5213
1412 3447
6476 616
3143 5352
1319 1004
1371 1194
2489 398
3144 1790
1776 2411
807 2549
6696 6217
461 1912
3425 1251
3585 3418
1651 430
4691 5271
1776 5794
6564 3065
6039 965
6094 4836
6849 16
1388 4931
3134 1452
3008 3033
394 286
5070 4486
4678 6914
739 3704
1567 4115
1940 2411
5584 2263
4878 529
3587 4588
2635 6585
3931 2900
3463 580
4182 267
1635 5158
5613 4132
2528 5964
1884 1698
6175 3081
4986 1001
1242 3951
3929 5456
1687 4567
5949 1048
5973 5606
1300 1677
5329 1340
4489 3578
2340 3634
1366 5680
1053 1019
5192 2008
5973 2573
4779 149
5811 3743
2669 1631
1552 5281
4193 5687
2077 1719
554 517
3814 6822
6685 3718
4875 3240
2108 6667
644 410
678 5656
556 563
583 2386
2317 3808
5278 3630
5214 6089
5857 6720
5153 2403
4236 1977
5027 3230
6013 817
5796 2280
6166 1059
3344 4779
6909 5304
3953 5826
2088 1477
4550 3830
2710 477
962 877
4425 1849
6562 4442
1591 4054
6837 705
4508 6987
1492 1042
6349 1116
550 5255
4698 6330
2451 5851
1869 6627
747 5769
5744 1716
2356 6745
4620 4949
769 3838
5471 6253
3071 2526
896 2859
3469 2572
328 308
3440 6715
3412 5421
6239 2045
5432 259
4546 2152
1717 4701
856 6062
2692 6263
2865 3747
3639 6551
965 6005
4306 6048
3484 3230
3205 3815
3084 5740
4476 4015
1738 3676
3847 4221
1648 750
4411 6249
3237 5955
1489 6355
6747 6773
2726 555
184 128
49 3875
3000 3009
4495 2163
224 2186
941 4456
1872 1582
15 1258
1104 6140
4810 454
3564 2004
1224 580
950 5673
14 1787
2151 216
912 2937
1184 1181
972 2988
444 617
3057 6145
6794 5434
5144 2959
6166 5865
1962 694
692 4102
9 662
2280 37
6439 1301
1557 2860
2144 176
3742 3215
5473 5120
719 263
283 2362
837 3702
765 2136
1513 6725
5349 5993
2859 5756
1021 3230
6269 2960
2846 4770
793 6786
4664 2857
4843 5074
2004 6181
1598 5493
6016 1733
4498 875
2633 690
912 5165
5919 1800
1438 4457
1283 1136
6262 2139
4276 5377
2132 5777
2345 6824
6175 2894
4759 1589
4912 2585
381 5879
2464 1039
719 5874
1710 3051
1493 4514
4853 4607
6773 3001
1139 3235
6992 4994
4287 2883
987 3595
3065 4827
155 5694
2700 4140
6704 1329
3758 3293
4061 850
2637 3037
5175 6728
6494 3936
4496 3407
6607 615
4930 3110
4199 2662
3865 3540
6232 2623
3171 5603
1593 4694
5206 2227
836 2271
2207 6085
1739 3765
5075 3464
6439 6107
2834 5429
1583 2471
5196 4922
4105 5629
5344 656
2577 4083
3854 1846
4662 4234
4605 3700
519 3503
5935 5261
3445 6522
1950 952
1953 5387
5967 3264
5998 2577
6340 6478
2694 1635
4996 323
2482 1944
1764 5865
986 4817
725 346
3715 5070
614 2959
3842 681
1161 3128
4031 1334
1352 444
1763 5640
5982 1293
4464 435
2744 1348
316 1989
6177 4363
6012 6016
4146 1442
247 3323
3356 3797
5844 955
5632 3516
346 1050
2075 2128
743 4658
6875 5832
2536 1025
6560 344
4846 5990
895 5429
4945 5969
776 4017
1232 4068
4869 6913
1109 2914
4569 205
2167 2067
2157 1379
639 521
3245 1872
6144 4980
2653 1960
471 1876
2690 1061
1348 2149
4961 436
2681 3227
664 4900
3271 4224
3429 1400
1873 1970
5259 6694
3332 1467
2516 1847
6263 2578
5630 2665
6354 2696
5421 4743
4454 4954
5011 149
1495 5178
394 2945
4592 4137
1706 3146
3600 2571
1229 3746
6236 381
893 3797
2980 611
5344 2429
3475 590
3401 2361
5109 2562
5458 2716
2712 4768
6239 3281
4623 6052
70 727
3492 5108
1871 3371
6045 3415
386 2653
4398 6873
190 4993
351 5850
1929 343
4924 6165
2020 461
194 5866
3950 5959
557 3474
5918 1361
3636 1073
5697 3082
6321 5915
1185 10
2329 4599
173 3484
5310 5827
3487 4333
3575 16
6281 5735
5006 2383
173 451
2352 6653
6020 4647
3439 4292
5116 5180
2191 5015
4082 4169
252 1683
5921 3887
3927 848
1413 2469
1788 1592
6731 2938
2071 3378
3191 3409
5581 4196
6706 4571
2126 3839
2554 6006
317 6215
3639 566
5139 818
774 1206
1928 67
5983 5115
5782 695
904 6914
1802 1648
6139 5628
1583 2284
4759 3980
5504 4888
153 2027
2732 4965
1395 2987
3133 6063
2955 1038
1914 5272
4125 432
119 5826
6709 4468
243 1920
2111 5786
4872 4796
269 6524
5625 3313
2808 6653
2185 6674
4864 4154
1536 2064
1978 3163
4738 4981
3805 612
1967 4502
384 3249
5518 6075
4000 5217
6832 2185
1218 442
2933 1814
5293 6896
4823 3749
3943 926
493 159
6253 5891
4544 1301
461 5539
265 1463
5882 6887
2324 2645
3972 5047
6284 4423
1329 1562
1260 5929
4945 5782
1764 1490
1115 3296
293 478
4372 5920
2070 4980
5554 413
6519 2785
3528 4252
573 6130
4706 2009
6913 3843
5061 3863
1157 4646
133 5077
4858 2780
5110 3001
6939 2031
6099 4269
6381 3201
6133 3099
6014 1687
2308 957
4106 4838
1246 5068
6683 1287
6868 286
653 1521
1186 4236
2177 5577
2204 3236
428 2342
5687 5614
5369 609
4687 4187
2223 5171
5179 4649
5989 5952
4277 6009
5839 6385
2871 5392
2819 5202
5993 6071
5341 1944
3011 5372
847 232
599 6546
3319 3273
6609 1873
2476 1830
4024 4782
6018 1405
6330 6595
4202 358
6884 765
4239 5875
2933 6620
4115 1113
6902 1344
1055 6947
4663 4890
2868 5444
4508 815
3699 5372
461 546
1266 4915
3427 712
4287 5542
3038 3411
6374 2356
6878 169
6692 945
2609 6681
2516 4238
3626 3581
3325 6851
4440 122
5845 2766
895 249
4821 2443
614 6423
922 4324
3327 6897
1204 1004
1255 3975
513 3338
6218 4445
790 5336
5024 2021
1285 5315
3835 4105
5404 2242
918 4555
2881 5275
4581 1451
4121 3910
6206 6313
5802 36
5480 3957
6327 1355
4419 4506
2187 4305
4608 6657
4011 2237
5549 5225
2250 2375
5851 4809
3929 4090
5693 1971
1985 6830
6035 954
3805 1580
5264 5241
5704 5513
408 2359
6282 4995
1485 5726
3352 322
456 5059
6371 4286
2453 6117
1737 5947
5928 3716
4842 2515
6937 6360
5554 1031
5285 52
2565 3325
6331 4106
6212 6858
6201 1781
1724 1928
5927 6874
2319 3269
6975 5339
4714 236
2937 2150
4058 5035
6453 6166
5701 4841
6169 745
6798 3168
2557 6066
6858 967
2276 5824
5206 4081
3967 2638
3613 1386
2243 3432
1245 5084
349 4007
4113 1709
6950 3939
92 2661
250 4001
4143 3803
4635 4265
6008 2490
5204 221
6027 288
5608 5000
775 3068
2081 71
4823 6945
5291 2849
2951 5589
1614 605
2233 3094
4846 5616
4524 3121
5088 5149
5535 6592
267 1322
209 6979
2004 9
5813 1618
3280 4717
4367 2356
5027 4092
5930 6340
3869 1325
5887 2506
6852 5632
231 5425
4307 4934
6922 4119
690 3495
6879 1039
4523 6252
6080 6284
1285 672
1130 3767
5552 3913
3401 3142
4509 1658
3731 4774
5971 4836
2421 4619
3986 3014
3133 883
3318 6298
2612 5318
4043 2767
6674 6649
3718 755
6592 1332
2483 5847
585 5522
1858 5795
3092 478
1688 1442
3127 2916
4558 4529
6047 6120
1102 3947
6787 3678
3648 5247
2717 1705
3861 6294
6569 1506
5762 474
2310 3044
1935 1669
2711 1890
2834 5673
6633 178
1485 6344
4322 4410
4420 4945
1670 5343
1425 3260
714 3434
1791 385
2539 4974
2138 4630
5314 6326
5684 941
1444 6693
4121 340
485 1103
165 5851
5898 2590
2472 719
2255 2182
572 2977
5697 1553
5199 3528
1116 596
6045 2236
5601 5228
2314 6145
1055 2572
5884 598
4199 5484
250 1586
680 6832
6012 3227
5909 2348
929 1120
2708 33
4638 5531
5598 1143
1804 1320
5278 1727
3082 1937
5126 2087
3596 6130
1770 5119
4191 1055
1047 2280
2478 3893
6019 6276
6294 1785
1691 5765
3835 3113
6949 6183
5234 2559
5431 3073
2432 6931
6611 3155
2435 6448
2151 273
1380 5314
3672 4812
1318 3682
6294 5168
1254 6141
2462 1855
571 2701
1598 289
3308 3569
1097 1993
5409 4253
4202 4977
6812 3818
4573 3200
3805 588
1870 4545
5277 4484
6428 3828
2176 2373
51 6233
3289 5397
2759 2199
5904 4582
4293 6943
6898 5440
6559 5974
4195 4156
6332 333
3286 4345
2009 6582
2200 3898
2467 1798
6897 5969
6832 656
5190 2206
703 1665
665 5345
3039 1435
6766 790
907 4878
1564 2933
3274 6213
1694 2225
2535 2841
4639 3796
480 2532
2591 3904
6414 5219
4922 3330
815 2256
2298 6311
4452 937
3948 3124
4300 6959
5642 5871
2397 6290
563 1254
3704 6147
6283 3423
3299 1897
431 2266
6750 5518
3291 501
607 3431
5130 4383
5806 6652
3409 2442
1826 1189
6244 3845
5673 646
6015 4547
3124 5464
5369 3618
2597 5947
6327 4819
6430 6452
4486 2776
2937 6769
5268 6195
4518 779
3702 1913
6162 4193
5577 1288
4988 893
4174 4352
905 213
1842 1291
6319 1144
2210 3407
3170 1271
3982 1149
5940 2279
3672 6585
3985 4830
3008 943
6404 693
4664 954
5779 641
1233 2903
238 3318
215 6532
4465 744
855 2728
459 2728
4595 36
4560 3233
2093 4700
1481 2601
4466 1319
6603 3912
692 1394
3935 4312
201 4540
406 4972
3685 4137
3300 6955
2579 779
4984 2598
1217 4598
548 4274
3679 2787
4420 3953
5285 2711
2231 446
1332 1323
275 5778
1729 4931
1077 804
24 1995
6749 5935
1006 2092
605 994
851 4433
3430 1709
759 4844
1263 405
2746 4460
6206 1751
4738 4420
4958 6638
4434 976
6638 5545
2216 5399
3517 1304
4045 3675
2486 6980
3766 4260
2310 4280
2620 3008
5228 1022
1797 2971
2526 2592
2681 251
4424 3671
2399 1319
3204 26
5578 2532
3298 5323
5411 4112
376 5429
6969 6998
3951 6642
4260 1735
3632 1412
6927 1110
3174 534
4251 3901
5130 5001
4280 2387
4774 3676
5677 5170
1981 5128
6859 6079
3574 1407
5503 3297
5271 3728
5926 1710
647 6831
1542 2048
3192 5277
6361 5802
3188 1371
2384 5518
2444 4071
2571 5344
919 2042
19 4229
2748 318
330 1647
4019 4682
5359 6931
3122 6386
6133 5571
469 4465
3495 5436
3498 2701
2645 570
3806 602
196 2586
2431 1550
3393 4405
2338 5523
4039 2301
5071 233
4427 2383
2361 4194
2643 3126
1089 359
4413 4205
593 2407
6617 2358
5815 916
4504 4323
1049 960
6974 6537
1799 2212
992 426
1334 3573
6119 1327
652 2987
702 2350
3417 3651
1579 3377
452 6339
2909 4184
6405 1132
3750 4800
2102 2398
6205 320
6086 2318
6497 4104
4871 6187
3816 6551
1849 1925
4526 1988
2289 1443
2259 3486
3286 6736
1275 1838
4203 5684
5514 3031
6756 3991
856 134
5723 6588
5198 4488
4725 1824
6452 547
1397 488
1524 1761
4763 1527
6874 5151
1745 1171
5439 3796
5317 2867
1241 3358
6001 5751
3940 736
3291 2542
1081 4574
6929 5989
6707 3698
4726 5028
6180 4181
1636 3106
6498 2770
1257 6493
87 683
109 4414
3784 3579
4410 6485
3099 2722
4465 3940
5872 3247
6149 5999
6354 3021
5889 4382
3784 6962
1348 2824
2714 6294
6585 2365
6728 4925
5644 4551
6979 6456
6602 5752
3331 4950
3716 5515
1555 3302
4855 3344
6854 4475
2215 5792
2091 4036
1473 5155
5410 1122
5046 3289
3888 2774
925 6289
3630 2738
2766 418
5823 6364
2521 6249
3760 1276
6289 1441
3708 1086
5933 116
1712 4390
2015 1947
5129 2011
1992 243
5960 1939
6467 3433
2484 705
5529 5136
6742 5358
400 1156
4280 3005
2426 6362
4974 4325
270 5247
6937 5799
6392 1569
1765 4401
3164 3847
2138 3451
1921 4914
2692 4791
6608 6297
4037 6630
4526 3411
4906 2878
5402 830
4469 2877
6740 2252
6239 3956
5093 2704
1948 321
3627 2036
7 3332
363 4657
2756 5715
1748 5925
1414 6803
4995 2169
2183 5853
5607 481
5617 1169
3401 6419
4397 3940
5708 1287
479 5771
2374 2415
4858 2837
3309 6830
5790 3571
4916 563
6287 3623
225 1690
6285 3550
5199 2349
1398 4765
4894 1713
6444 1328
5074 6784
3209 183
6996 6005
6137 4029
6722 6934
3165 5546
3113 3104
4562 1913
5656 723
5313 3767
6593 1801
5750 358
208 181
2661 4700
400 351
5245 4572
4244 6707
639 2619
3660 6656
4814 5517
2512 5331
6610 2155
1849 2543
4213 4361
6556 5302
3282 819
3179 3350
5620 1416
4746 4824
3029 373
6451 1344
1600 4468
349 5674
6015 1945
6147 3562
1192 701
3833 1107
3869 764
757 1527
2936 3565
38 1059
6576 2921
4663 1564
349 2641
1278 6110
4702 738
6717 2402
130 4031
6128 2007
718 4201
66 74
2363 670
2891 789
2889 6378
499 3339
4547 800
3888 1164
2145 2662
550 5556
3361 2401
5899 6092
6367 1242
4130 1451
1208 4967
2765 835
580 1234
1015 408
3279 2776
6424 5159
5240 3423
1728 6696
3199 1292
668 6716
88 4155
5430 1268
2780 5280
1474 1861
3301 4228
6797 1176
329 4217
1408 1241
5062 1781
2428 4074
1442 825
4854 354
3833 6718
1218 1117
5297 4307
3263 4875
969 3796
6819 1874
2397 1728
1244 5721
6041 4990
1340 6183
2121 5994
3556 5097
3327 5799
3351 3941
2482 1277
6069 4005
1934 3135
5100 4143
5654 1319
4659 6652
120 5921
6126 3758
5527 2675
6502 6489
5776 6385
3904 4275
571 2595
4101 4789
6825 4698
5087 2376
5340 570
1071 666
1943 595
4656 3321
3508 1242
4067 2926
3845 4045
6980 5740
6 3725
6425 4929
2841 5128
234 6558
5231 2505
6387 2193
411 4942
6507 43
6228 628
1085 722
4672 3450
1681 5671
1736 5378
5321 5781
4266 6145
1055 5394
2151 867
6344 961
5224 1684
5191 5708
3885 6453
1273 6785
1708 6713
5598 582
3874 2130
305 4115
1666 6487
6277 3122
5747 4088
2409 4316
1392 5918
6526 3826
4558 2008
860 1893
3353 149
6271 3307
5809 4939
6771 1378
916 2956
3591 2192
5697 3220
2902 4599
199 3315
4208 1602
6735 4350
1059 1729
1623 3757
1339 3998
3863 3819
874 6113
2770 5611
1156 5045
879 41
6908 6752
1058 2258
4516 2886
212 6179
2139 5744
3670 6807
6621 5941
4169 2024
6844 2014
3452 2383
3914 4134
25 1041
5379 1167
1604 4804
3001 1171
753 6883
285 4563
1754 5502
2810 822
2161 376
354 5831
6799 1840
6006 3924
5804 6419
3268 5837
2404 3517
788 6288
3209 2224
3331 3153
5325 6192
5889 5968
4006 5951
1220 5164
864 3839
6559 4258
1542 519
6285 5941
1247 571
4716 1388
6992 1107
6723 2380
4135 5772
6874 2549
4966 5700
4903 6849
3762 5941
268 3404
2167 3173
1234 2968
76 6617
2469 6921
2694 5319
2123 6284
6354 3452
1655 4718
2498 6161
2317 3117
3215 4267
1979 89
4678 2385
5366 2759
4234 1213
6136 2411
3918 6080
6686 2097
316 5673
3910 5438
749 2522
6470 4916
248 4980
3732 6829
6653 3088
2456 5504
2764 3405
5992 1127
6119 6564
44 262
2581 4452
3130 4694
4742 5187
3444 6547
1202 5658
1597 6187
6793 5727
1595 5360
3116 4237
6610 6774
5614 2083
5586 6451
2525 3015
1320 6818
3651 3992
4083 239
2963 208
5454 4053
374 5627
4957 214
3985 81
3120 6958
209 83
2977 6680
2664 2019
5535 3079
6438 4573
5901 204
4748 4951
6778 1231
5615 4536
4089 3063
3230 1841
3686 1892
4534 3679
2046 105
4009 1579
6686 1642
6963 4394
989 4560
3902 204
5586 2263
1940 2338
6962 5
3598 3176
2501 4068
1809 542
4176 1877
5010 5486
3422 3889
5791 6051
1123 2466
655 146
4519 2216
3325 3956
2867 2324
1432 3975
2834 6348
2358 757
6626 6098
4350 717
5848 3552
1904 6414
6689 4168
1300 4987
3781 974
4606 1811
5124 2740
6872 88
3880 953
4291 6903
5029 3634
5564 760
975 2194
2449 6887
1291 6372
2220 6835
1356 4515
477 1163
301 5633
1912 5901
749 2790
2096 2046
568 500
5857 231
5867 919
4738 3054
1723 6379
2649 3161
1678 2472
100 1563
6158 344
3241 40
5598 4851
5159 1771
5107 1581
4696 549
2464 348
745 5650
2077 3874
1082 5043
4161 6806
1334 3012
5780 3552
3445 220
5908 6181
6797 3835
298 5311
3092 5959
3315 2032
6892 4072
2219 6559
3461 1103
3316 4886
3469 5882
2414 6246
1595 2945
5573 6083
6634 2501
5240 3399
6720 1521
1036 4644
2466 3403
1339 2201
878 1806
5444 196
2574 6908
275 5485
6316 879
2050 6908
3490 6355
6307 3045
3664 1812
496 4141
6003 5263
6877 1855
4702 2942
5905 4728
2515 262
1021 3962
171 1348
6330 935
2004 6913
4561 458
514 1687
6749 5992
6835 5766
1823 2371
725 6071
5592 417
1263 462
4377 3532
1156 2093
3308 6472
751 4259
2375 6267
4185 329
1506 3603
156 666
6110 5483
6850 3041
3959 3958
910 2037
3706 4266
2527 2874
4332 756
6875 4791
6417 3159
572 5425
6541 5669
6664 3790
5852 1660
2829 206
2297 3351
2419 2028
4201 1212
2476 1781
795 4157
2820 93
2484 144
6025 2527
2635 5975
6023 5864
4464 5005
611 4979
4310 4538
3565 3630
6053 1542
5681 5346
5149 2075
3965 4503
5732 1901
2688 6740
4907 5925
532 5625
1473 3439
5363 3724
1753 5708
6987 1568
1101 1581
4052 715
5739 6455
2114 237
5200 5423
5231 1326
3959 3153
194 5980
4356 6761
4046 5781
2981 6211
2014 6422
2113 6401
1826 709
2209 6863
6712 5685
2825 2665
5782 4997
2736 6757
6688 4510
4971 59
6676 2995
6645 676
5877 5234
6498 3632
3780 1316
3167 2779
3222 2486
5185 3960
4008 3395
5646 5109
5439 5008
5432 3837
6397 6963
4376 5484
4987 188
1967 5421
50 5046
3870 428
2492 1859
3909 6018
3188 4006
6939 3755
4394 3057
2496 2732
1040 2752
6950 5045
5226 5839
6353 625
5821 3770
284 3937
220 6396
4893 3909
6450 3941
6837 6861
180 2833
1902 5376
6651 3473
5011 1686
6843 3643
2304 2912
6800 563
466 6802
6756 4398
5815 168
1455 900
2477 396
1649 4149
3604 1598
402 2845
4976 6014
3536 151
6989 435
5502 5306
581 3527
2324 531
4086 4001
3566 2245
6773 5506
3714 2143
3313 1799
6869 5214
5026 2344
2908 3965
5485 6830
5263 1533
6357 343
3003 6454
4873 4731
3658 1430
3773 6106
2343 931
815 3549
4053 1959
1532 2409
343 6745
2712 6655
6418 969
4322 6321
2333 3626
4798 6250
115 1633
4667 6733
5696 984
6379 4424
6561 6158
4223 3309
6160 5814
1151 6100
2481 2743
2140 6614
1051 2486
3265 6989
2761 5766
5843 1411
6214 6050
5901 635
2797 5423
4099 4936
5054 6620
697 453
4938 2473
4033 152
4072 5742
5079 1200
2575 3509
5211 3571
4965 132
6704 6062
5300 2862
2817 3042
3870 1851
2872 3503
630 2614
666 2271
2481 3093
979 516
6230 6179
5803 4614
5107 5850
5148 5851
1874 1368
4200 6866
879 285
2059 367
6937 1318
1314 213
2047 3016
501 110
4818 2714
2791 3699
4317 5172
657 4787
4482 513
1032 500
3766 1097
3024 6876
1268 2497
4447 3710
4108 4244
124 1291
6893 1396
3326 4208
6148 1242
2768 6132
3200 5789
1739 5465
5002 5625
4718 5866
4374 6056
4085 5953
5779 2284
6545 1063
5182 4280
6209 1114
1689 4597
5247 2423
3440 1462
5790 5856
3625 461
5239 1781
6693 934
1288 1220
2895 615
1064 1512
6038 2171
2187 5224
4150 6698
5948 3409
2584 2416
4048 6421
6629 360
2171 557
4478 6005
1804 5459
4667 1740
3082 6076
1513 2277
4011 123
1586 1035
1359 1810
772 4494
5717 251
4748 389
1919 6348
2798 3284
6189 2690
2474 4126
2663 615
6491 6438
6214 4440
3931 1298
6921 6022
3101 4224
3538 4979
1196 6892
1824 45
2851 4049
2968 4634
3868 195
1159 594
1131 4962
6795 6822
4405 3783
1038 2519
6069 3712
4807 6981
4494 2320
5201 4656
3124 2114
1006 3735
4526 5241
1997 5076
6637 6613
5732 4292
6754 1536
6535 2172
6934 6607
4759 6940
867 3576
2857 2709
4204 6129
1310 1113
5782 622
3041 3018
613 5911
3450 3977
1707 4721
4198 5560
526 6666
6930 6084
6780 2353
6768 838
6649 3590
4992 6360
5083 5724
4219 3404
3169 4866
3379 2232
3317 4764
1758 3905
4525 478
6457 387
2907 2422
6582 1587
6520 4873
5434 3672
227 6225
6634 5160
5992 1721
691 4639
6818 1305
3055 41
1809 1591
1810 4445
2001 1761
3890 6504
5354 6345
6732 4914
5072 997
4726 360
4170 3111
1926 5559
2387 292
212 625
2901 2957
6498 1485
407 5230
5314 4667
5498 6474
4013 1592
4844 1520
3825 2295
4353 2414
4716 6438
2518 5821
2544 4790
2286 6252
4806 2167
3572 5232
1509 6560
1540 1709
4318 2578
3659 1444
2995 1464
5708 4190
1938 1755
360 5010
4436 4519
1315 2530
4933 5325
2129 2454
5549 346
3276 4308
5576 2169
1625 3860
6293 1029
5671 4658
4441 6741
1987 1997
2541 3337
4597 838
894 6041
2632 2701
6217 5356
2017 4091
458 6642
1229 103
5222 4273
6775 6815
1393 4641
352 3213
1076 2490
359 3603
691 6062
4586 6691
6045 6188
4467 5279
823 1263
1568 6335
1379 3430
5432 1235
2460 3506
5386 4273
1864 6104
3648 5361
3798 1922
5076 3293
1967 2819
243 2115
6202 6522
1591 4225
6283 5952
2088 5031
1092 340
6912 1959
771 699
748 6165
1796 3876
4511 5177
4977 5916
3226 2635
3828 983
4263 911
1297 745
676 3845
7000 5189
5749 2231
2514 3338
6590 2847
2013 5796
894 2203
5247 4464
2069 6105
2599 2887
5741 1589
5713 5957
2134 838
4835 5459
97 1135
3286 3036
6483 5609
3398 4031
4158 2965
6646 877
2532 5048
887 2163
2005 1367
2652 5904
133 11
6860 4778
4104 5361
6659 3741
6313 3104
2519 6691
6404 3222
2651 2646
2957 6136
5163 5116
2680 1132
5218 4823
2709 6788
5875 2878
897 5483
6349 6898
1495 6341
1865 5120
3068 490
893 1577
3505 1245
2736 2195
5099 6794
3325 5973
1828 5992
1790 3256
3290 2754
1757 864
176 5319
3192 3350
14 4991
1948 809
321 4919
4469 6748
5173 4649
512 2235
6255 1944
2958 6337
2273 6234
4823 106
6538 1478
2214 2621
2843 5044
6730 1648
6446 1889
5006 3196
3027 1189
5697 4245
3577 5039
2334 6106
4385 3263
3038 4761
6785 5492
6133 611
1150 2118
2392 3832
988 4042
274 5453
6781 1586
3849 6666
1454 3283
5903 1088
304 377
2038 1799
515 4761
3225 1554
1879 988
3276 3771
1353 5079
6484 4224
4376 117
687 2774
3749 3402
3406 6446
5579 4532
5183 4532
5856 868
6286 452
5862 4820
2439 6630
6632 308
5859 4522
1458 5253
3168 5527
248 6460
1330 3001
5853 3953
2952 4182
6123 5534
2489 2960
185 5357
5505 6653
3980 4624
1280 1932
6347 4461
6271 5405
820 4592
3880 4393
5499 6057
3526 3895
4219 1607
4367 4511
3966 3413
74 49
2474 1524
4766 1776
913 4002
4782 6416
6673 5570
5075 3285
3559 3254
6735 6448
2841 5
6581 5981
5731 1869
6345 3260
2083 363
914 4577
2867 4609
661 4131
6012 576
432 4079
6259 1207
192 4592
1465 4865
2329 769
66 6173
4266 1022
6938 741
3323 2381
2356 3346
1373 6030
5995 2100
241 4484
898 2539
2517 4203
6284 5586
3778 6344
1660 1549
5397 1592
3287 3074
1886 6965
4496 5806
2061 5276
2508 6719
5020 4271
4371 3825
3368 5133
6076 345
2177 6390
2243 3977
1584 2843
2588 5143
3023 4317
4957 889
337 6420
1734 2787
2479 3695
1990 6914
4877 4343
4197 4584
1389 5004
5442 3563
6402 5591
1830 6632
1644 3244
6690 5469
1260 6287
6093 1049
6638 5309
454 1693
2606 5318
4800 2783
5985 957
2958 2767
3147 5672
6452 5304
5495 6957
2252 1787
3530 2404
4330 3019
6859 932
5300 73
4333 284
5823 5510
2531 421
3737 5888
1801 6237
6231 6998
5357 3990
5694 6793
899 1935
3605 6900
2464 1828
4362 2907
833 3567
2675 6212
1390 4424
5508 372
2796 1254
5089 5114
1327 288
6153 5213
5525 1480
2665 5874
6801 5434
6211 2185
1901 3034
2566 5114
3769 484
606 3911
5647 3540
4903 2076
3986 2404
4018 6823
1439 1633
3267 6100
1834 1408
6510 5608
1954 2264
5754 6039
2043 5719
4386 244
6039 2990
669 853
5684 4519
2537 5473
1076 5149
1668 2809
1332 2860
4138 5777
5057 1388
3950 6480
1538 6900
2937 6346
6734 6440
2852 3764
271 3409
5369 6578
2509 6808
665 1084
3746 1762
3871 6372
5557 2842
4110 6388
4521 1758
4493 6126
4990 6932
6881 6086
5114 2272
3281 90
5910 3145
2799 6762
2310 5817
1931 6952
3822 6860
2984 5761
3510 5053
5237 3776
6940 3633
6687 3187
3421 2729
2891 285
2271 577
958 6567
2759 3549
3719 5577
763 6099
515 5997
4283 1189
5993 4469
5520 2559
2846 6177
6866 1590
4337 1425
453 2086
3187 3437
570 3425
984 1722
447 4523
1570 1819
2086 6839
3469 5752
6697 2720
1926 2420
4708 779
3625 5511
1122 905
6662 4419
6939 3007
1335 1952
5481 6364
3611 1671
2339 3498
100 628
2030 6126
4224 2837
2902 6055
6166 3434
5065 3453
431 3616
403 1568
1552 6501
1607 6208
6655 3598
834 4006
1018 6567
2596 1060
5782 3444
3106 6235
3813 4407
1762 834
6242 4368
3712 6984
1253 1896
1437 4457
909 2086
6917 750
6135 2966
3282 5121
4149 4706
5078 1005
3206 6065
5828 6421
1181 3713
6891 5164
1349 5741
3703 6117
2460 1522
2054 80
6 188
3082 6938
4445 4475
1721 4566
766 1404
4012 4593
2799 2119
4912 154
328 1178
3318 6656
4032 5245
1859 743
4135 6878
1573 157
79 3857
5805 6595
4380 5928
144 2754
1515 6568
2301 6723
832 122
3129 718
6248 4132
1350 1805
2638 3864
976 5536
603 824
2108 666
4807 4460
2283 5393
6524 6659
3780 5374
3711 3325
3905 6574
734 2970
3874 5009
1565 2898
2007 3243
4829 277
3091 1365
1191 4377
6891 976
5929 2285
1285 3258
478 2226
3768 826
6632 2967
6720 2814
6518 6063
1059 1225
2298 2668
4486 6704
4696 4070
594 3340
6812 5786
5671 714
5048 1489
4208 4481
3322 6374
2859 4398
5844 2362
6291 3805
3015 4911
2821 1662
1730 117
3765 3911
6351 3856
5571 6899
4538 3080
830 1523
6752 1921
5845 2937
1079 2981
3904 5194
5987 5272
6767 5612
1636 805
6698 3563
294 1893
1140 2853
952 3556
2442 2366
3247 1073
2906 780
5638 6966
3952 2582
469 3587
3762 1704
4755 462
5263 2558
2825 4763
2553 6519
2854 3249
1988 6518
2365 52
18 2375
5436 42
4376 816
2941 5877
826 599
5590 3892
1636 6066
2006 4845
2797 6098
4354 6130
3472 5513
2420 3896
2881 4291
1107 5722
1303 3382
4340 1536
5341 6571
1079 2176
6058 3179
146 4223
2407 2156
3744 724
1854 4424
1730 6078
758 2535
2277 6247
1065 3217
4898 2968
2250 1391
3175 4364
5542 6453
963 6323
3301 6920
4951 2979
6353 6106
6188 4349
5160 874
4736 5242
6966 3862
6463 3241
1485 5092
1889 2701
3033 1628
677 6087
6083 6403
632 6344
2077 6135
6671 157
3725 2121
537 3074
3343 5237
3501 6577
6450 4884
3494 5406
5333 5124
732 6925
2284 2449
1280 3532
3747 6983
1254 2311
5237 1629
6639 4756
5292 5500
4889 4329
1248 4748
4758 5566
3514 3779
4419 6100
5601 593
6514 2775
4324 2830
6478 866
6481 383
4258 4462
5347 2174
6940 4869
5345 2101
4111 5166
2423 5617
3262 5406
1433 714
4702 4853
2928 6284
6159 1271
5011 6362
1852 5801
4839 428
28 1453
2108 3512
6241 3555
4154 325
3254 2512
5315 357
4408 1373
2166 484
1168 2136
5929 1748
144 2567
452 468
6093 6286
512 519
6150 1158
5618 1297
4219 1851
769 1838
4928 3102
5922 3960
6457 5250
4991 418
5643 2293
238 4831
5928 5660
6076 1394
4307 917
3808 38
2490 5684
1969 3703
2463 828
1339 3307
3481 582
6934 866
3604 5119
930 2321
2865 1747
2051 5206
5542 1810
425 6535
520 4143
647 5416
2605 130
5590 4510
1061 4467
4318 675
6738 3556
4661 1014
2505 6315
4681 1666
1012 4201
6081 1714
5585 4516
2438 1306
1137 3149
3279 6086
4888 2898
3243 13
4951 6630
653 2578
2120 6100
3551 1297
1252 628
1275 4961
6973 5651
2517 259
1364 4252
3580 3166
4418 101
620 6952
3755 1477
4094 943
2108 4935
3250 6445
979 654
6805 3973
4501 2206
6612 4332
6077 790
2780 1019
4337 1051
5959 2232
735 644
348 4170
733 3981
3240 1943
3023 3406
1808 105
6325 488
6359 6488
3771 4962
464 4503
2269 2385
6374 6796
6076 3167
1215 6357
2371 6045
6571 894
6903 5605
6629 5036
4105 1051
2078 2036
2050 6404
1296 2000
1457 2857
6956 6370
4592 4552
2386 3320
5490 5702
5062 6164
6296 847
1514 6774
4592 1519
5891 3013
5736 6108
2314 973
2563 1677
1935 2108
596 3467
267 4689
5308 6570
2805 1210
6537 909
5175 4728
3205 2083
2967 3423
2736 292
2684 102
1715 6656
6073 2845
3366 6323
2389 2436
990 2990
3858 6785
2707 5189
3882 4927
1702 5670
1249 4382
5502 3029
2267 4136
3258 5477
3036 3186
5007 2269
609 265
5034 4092
3637 2063
3814 6863
5032 3265
6400 1146
4337 2474
3597 2664
5310 3209
2810 3782
35 932
3432 3536
6503 1274
4589 6078
2244 2058
5697 2342
2252 6837
6416 2029
13 5465
2892 3033
4263 6847
3368 2962
6470 2265
90 989
28 111
1241 333
4577 1530
5855 2901
2493 2735
4883 3522
1641 3458
5567 5652
2448 2992
5436 6889
4252 2901
1743 4866
3269 5585
3078 1853
5289 1177
3789 1679
5184 3635
3138 406
5433 6591
4965 4271
1670 5327
3258 4672
6656 1085
4636 5493
6706 448
1570 1713
5713 2444
300 5121
179 630
5676 6726
2228 1124
4585 1771
3939 5006
3619 5590
360 6303
5207 771
5332 6135
884 4768
5927 1060
3807 1854
512 2910
6730 5356
904 6174
2681 4260
1153 2714
2531 1283
900 2268
6916 1547
1517 924
6066 3097
5112 4267
4202 5766
5826 3610
3923 6351
4267 6161
957 6185
6900 290
4239 4867
3950 4764
2885 4440
3138 2634
151 1591
1701 6868
2642 4682
3762 4713
1514 626
2227 6160
3766 5586
3637 3486
4351 2075
1054 6468
705 2150
4818 4170
5253 4098
4898 5627
3654 3840
1314 164
4082 6007
1415 216
1167 868
2846 2583
5609 3918
2276 2238
4082 2974
6816 4325
4641 4658
2676 3111
1411 6863
4926 1609
5320 782
2985 3866
4914 94
189 139
3805 3605
343 6241
4605 1968
4132 6474
4013 4308
6721 4438
5074 726
31 2182
3021 6906
3382 4441
1742 1900
3951 397
3349 2049
6284 650
6647 4674
3691 5196
4508 5418
5002 2543
6991 5238
3909 6587
5779 5618
1732 4595
1014 2100
5928 2708
1762 6689
1165 2269
6803 2154
1626 412
6054 4510
2225 4878
112 6843
565 1715
5422 1035
2500 6803
2966 6044
6734 1236
3186 4098
6450 1477
4204 3852
1091 4390
3135 376
6687 4049
5505 3140
6558 1949
277 4816
2323 1629
4291 3447
6681 70
6366 5162
4160 3930
3724 6783
6344 6312
1859 182
6516 5106
953 4052
5862 152
3811 2995
3568 3237
6930 4157
2042 4770
1354 5150
4130 5192
4059 64
2536 3026
6144 215
287 966
2938 6224
1042 310
5082 162
438 1135
3335 3416
6449 4234
2023 182
290 1614
5075 122
3767 2292
4049 5388
5694 1857
3791 1188
998 2640
4260 6362
3138 3252
4569 701
2974 2097
6381 5389
3888 717
3141 6152
2017 2969
6399 3716
1196 3005
4437 5096
6216 4009
6986 5913
3629 6091
890 5150
2664 3719
2134 521
1098 5853
4952 65
5146 1062
6116 3778
6223 3675
3036 2544
259 4529
572 2774
4545 5568
6601 3069
6850 3773
3682 440
3234 5188
627 202
5203 4198
2274 6543
1759 4407
521 5818
643 6747
4597 5327
2792 5193
6369 3069
2573 5829
6401 5236
2318 5310
1022 6743
4023 5240
394 758
1161 5397
5889 365
1164 2662
3922 2155
5981 3337
2773 2857
4273 6519
4247 1134
3927 5882
1554 2066
5979 5893
3367 4727
631 2549
1555 2668
5693 3809
1967 892
6007 4908
1652 5984
4481 25
303 6655
3639 5600
893 3488
6130 3029
3883 1796
459 752
1608 5685
5006 6262
5880 2854
61 4089
2485 5958
5097 5626
1634 4654
5255 6966
3794 6642
4279 5933
3031 6656
6281 165
4835 149
6798 1623
2992 3695
5772 5391
4772 6216
6006 899
3337 697
1625 3006
6984 1978
1559 2386
5511 6555
2937 955
3745 5595
3554 1863
5481 1428
6842 4554
6280 1818
1875 4285
6218 940
4081 2511
4848 734
5469 3296
1654 1842
4345 5775
4267 4364
5688 1125
4690 2777
891 6020
5445 2121
6498 176
1672 169
2604 6565
4810 1381
2602 6492
109 1820
458 6138
6781 6880
4837 3204
3999 2105
5064 2429
1918 6991
2167 3531
2905 6678
1873 3084
1783 6574
4248 6192
6452 6597
1435 2858
4924 5051
6605 1177
6856 4960
4433 5945
5730 6612
6640 2861
2748 5913
4059 3260
1098 3438
6318 366
4179 1110
2842 3296
1218 1288
2341 5000
1687 6462
6857 4781
6200 310
2361 6406
5260 5350
4632 5781
5853 5864
3391 3511
4819 1443
4597 2562
151 2022
2057 2208
4383 1290
6910 4792
2607 6812
4229 823
6464 541
5440 972
1577 2510
4476 1454
5775 2948
1663 1530
1662 4311
6361 793
1539 3157
1322 4620
6482 2251
4840 5299
542 1247
266 5513
6202 4863
1133 5098
4511 135
6143 2004
3395 2475
1318 4097
1311 2926
2235 3799
3196 2265
1797 3573
6721 4869
5224 4888
1184 5036
4785 1054
5628 2497
1521 1423
1707 4030
293 3552
5341 2440
3350 3082
3967 4744
261 4014
5744 6994
2480 3199
5403 6701
3533 2008
6361 6404
3379 1541
3152 2316
5994 4890
2410 925
5705 623
6926 4870
5558 1327
2591 936
6918 4228
502 1043
5114 6948
3948 156
164 4431
3340 1963
2342 3615
5100 2354
6877 440
3950 6618
2890 6638
2357 3923
1687 4852
686 571
3268 3780
85 5077
3980 1542
3882 5171
4190 3072
2149 187
6409 2257
4635 3688
2171 4672
2916 2574
6617 2960
1398 1716
1768 495
1042 391
4187 2774
5374 4027
2974 300
2514 4257
4135 6748
5248 5608
3282 453
5461 6655
4409 4284
2157 3461
4206 3955
5062 5603
5246 5912
4802 3986
1287 572
6827 6338
5705 6234
3652 5998
2995 773
2931 5484
753 638
2988 356
1995 1598
2631 5946
1511 5915
6666 2448
3583 3949
6793 4475
3235 233
3799 2261
6605 5178
4728 2724
4148 163
5517 3150
1188 3949
2519 1194
678 1403
2856 587
2295 2240
3857 2616
744 3154
1585 3770
5718 3813
957 4201
2514 69
6099 6888
1980 6551
4784 6389
80 895
571 3384
3007 1106
5398 4747
47 1886
5417 2545
1571 5942
5422 2889
6890 3603
1630 6522
226 2568
4610 6394
6831 6406
2314 2990
698 5761
2085 686
6130 882
815 4094
1147 2389
4304 6287
2921 958
6103 6606
4580 5404
6526 4265
5874 138
5535 672
4165 6128
3482 2688
2212 6096
2262 5459
1214 1332
2202 5408
2601 1892
4373 3798
5558 4978
78 5679
3383 5311
5797 4240
5585 6801
6330 1293
6118 3100
196 3456
2374 6050
1012 3453
4857 2837
5519 5400
469 5685
999 2467
2800 5111
320 5562
6015 6735
6822 1351
3300 3182
5731 6976
4948 5584
2452 1395
2056 1395
1285 1518
6061 2192
6558 2998
5978 437
1463 4264
6757 6591
5818 2434
3298 5738
863 5208
209 6670
1639 5429
5990 6863
4381 225
1568 301
1741 2673
6273 2233
2971 6282
5223 1443
3165 3115
6561 2865
3199 2699
6895 1987
1263 3048
1545 1980
1261 2221
5205 113
5433 2192
6210 5267
1914 1288
2807 2094
6426 3579
789 6548
5039 760
4545 4389
1677 594
1334 3638
4011 3701
2421 1277
3233 1155
5698 3779
1649 1929
6907 2347
5219 2798
6475 438
6282 6459
1058 5625
1211 1703
5536 1916
1583 6944
3193 4358
2221 815
2451 3721
4743 3219
1565 5614
2692 400
6864 6033
3373 3013
1203 4444
6771 3590
790 5995
6198 3728
5203 4897
5743 6531
1937 4439
6794 3759
417 502
1306 3818
1942 1750
3551 1972
4860 4908
2150 2453
6591 397
5565 6417
4577 1587
5594 4903
4859 4683
6843 618
6504 1152
1588 3881
4291 5919
2958 4841
6090 5484
520 4013
5310 2111
1615 5677
4153 2198
4595 3297
1388 36
5490 766
5998 2862
4661 884
179 687
24 3028
5934 1157
2314 2453
6309 1034
473 6826
4186 1557
5144 3512
2012 5498
4531 4975
3213 4205
6800 1271
1165 903
4305 2942
6452 6223
1600 77
4962 5161
3990 1618
473 3793
5673 69
2988 5780
1785 3994
3922 6587
658 2792
3557 1736
4429 1665
5141 6597
3892 3712
1157 2890
3924 217
3602 4138
4887 5926
5513 5422
3357 3553
2861 6355
6536 4766
5903 4853
3981 4134
1739 3245
488 6703
2290 904
2231 3707
6806 6347
6465 392
3937 3081
5031 1891
646 5010
4710 3004
4216 5879
1702 1084
2445 4575
4991 1711
1670 1546
6212 6712
756 1391
6508 3098
5279 2343
5699 6901
539 3608
6098 4920
1507 3245
3587 5304
5204 6141
1964 4652
1305 5770
5883 6429
1304 6299
2902 2168
4017 1855
4796 5757
5968 1814
5510 4346
6537 1934
6848 5768
4040 6942
344 6900
5881 317
1017 5488
2613 5448
6438 1174
3919 2451
2234 2419
2017 4636
1513 6823
644 4159
4653 1692
3388 5444
1229 648
6497 1754
6239 3216
1793 2676
3195 1639
6523 2975
4752 1671
6987 1389
729 5960
5930 5844
3344 5145
1611 6577
3466 6074
5276 5054
4809 5588
2774 2548
1385 4544
2966 2718
698 3614
719 2239
2687 3303
3313 547
5028 4171
6076 1882
6503 1949
2895 4006
3364 2764
4766 5891
3835 2349
4112 937
6065 1723
3577 3811
6042 6435
4024 5254
1276 6479
4050 59
6200 1359
498 3179
1434 649
2707 1676
5692 1892
3041 798
1395 694
1835 5130
863 833
2107 3374
2394 6814
6757 5599
1864 3616
1986 4545
6351 4157
4694 511
4220 4792
4285 5187
6367 1657
2977 5859
6719 6246
1053 4313
387 1254
53 2132
6763 5040
2731 5803
4689 6933
756 2814
6208 4229
5012 5142
3377 3699
2964 1086
2905 3889
1821 105
4302 6672
5042 820
3997 2626
4802 6995
4890 3432
4117 6892
3683 4156
3327 2831
806 2527
1838 6875
2955 973
281 4591
4166 6784
2806 850
1123 1645
5230 467
1928 352
5314 5830
1616 4961
5095 6466
4690 2216
4284 1528
2228 4027
1548 4268
6173 4019
2948 6568
2315 5901
1797 4972
1568 4920
3407 3884
6213 6801
3025 1338
6366 1381
6749 6781
6765 898
5866 6693
293 4951
5890 4835
3056 6286
4183 1072
79 5931
2846 3258
5867 3131
2314 5649
6796 3594
3055 399
534 6511
5856 2218
3638 6641
5505 1237
5735 4143
2093 1708
2774 4321
5067 1011
5328 5482
4865 4260
3956 2197
2619 219
2048 1184
1619 5208
893 4350
6694 5919
3162 646
3516 1144
895 2144
5160 4558
5714 5144
3888 6385
6247 1443
2443 178
1393 5804
6811 4225
6773 1489
4968 601
5770 2043
1384 1554
3507 1031
5716 5190
1664 4577
5929 6237
4709 2592
3561 6929
6460 5873
2038 5727
5682 3327
5587 6473
1979 2114
5021 1366
5888 3203
4737 1607
3338 2161
3644 5651
2811 5650
6476 3373
6075 3029
724 168
1304 2729
2895 1591
5663 4024
4360 5040
6005 755
3078 6179
6292 4195
5788 2972
3771 4645
2145 312
4796 5570
5916 5601
3196 1704
3858 857
4546 4641
432 2396
4420 6222
1798 5866
3697 3383
4230 6098
3786 1920
4653 1505
1581 4296
1765 441
3131 3911
383 5136
2320 4635
3598 6006
2256 678
754 353
1662 2945
4743 617
202 3223
5672 1834
5023 3640
6824 6284
933 5953
5057 2470
2870 6206
3021 5621
717 4608
1971 667
2809 1766
999 1288
6687 536
2118 1094
2730 2412
3387 467
3323 2926
3333 3614
4226 4420
4787 515
3977 4847
6093 2399
4066 4138
6903 1450
3622 6376
2877 2058
5875 4391
4249 6474
6078 4750
5049 673
4467 1449
315 2884
6586 3436
2966 1726
4397 5591
856 3208
2002 2208
5082 32
6756 649
4832 5519
3580 3117
1033 2346
6790 6649
788 2515
6851 886
2773 1304
1780 294
4763 4601
2048 1802
2674 4708
5623 3015
3890 4447
6526 4509
2429 4123
5942 5212
3818 6264
6025 3934
1267 1587
4334 4087
4564 577
517 5970
1417 1531
1312 3989
6456 3339
6045 1553
6599 2893
2001 4965
2868 6802
3737 3050
4795 5613
2324 5063
356 2080
6722 1014
4855 2
6534 1717
1274 472
4823 6880
4820 947
1769 4615
4045 4334
844 4271
6123 3314
3521 5088
4077 85
2903 6207
5632 44
4233 598
6929 4875
6271 3185
1921 4605
3753 146
2080 2383
5401 296
5934 3011
2861 2948
4931 4319
2944 1670
2068 1999
6801 5979
3685 2836
2439 6638
662 1382
2790 1203
4376 6891
6613 266
6706 2709
4589 768
4429 3519
1290 5088
3742 2589
2178 5550
2993 4945
4304 1538
2523 5962
833 6340
5633 5126
3231 6988
554 509
6503 2730
861 4601
2048 6608
1016 2260
5405 14
2643 3785
5905 6753
1517 3185
6565 2827
82 4836
5371 403
5840 3325
4790 4033
4997 1882
4255 491
3720 4119
2478 2405
1289 6741
977 4934
1013 5345
5985 2925
2602 4134
2067 592
2688 3154
6697 687
4991 6948
4900 5332
1913 125
4058 327
756 212
1594 1311
138 1331
6920 6559
2746 3509
1120 5592
1562 1773
4985 4100
2736 6204
6313 4080
2863 1815
4717 1087
5061 1651
3564 5834
5415 6313
2385 4442
4544 2822
5721 3387
120 6767
640 2107
5497 2181
44 1295
6403 940
730 4252
577 1758
3883 4244
2629 1769
6894 4183
2123 3129
5624 421
1285 2030
2322 306
6479 4907
5765 6318
1288 49
6852 3957
2867 3812
5057 4511
6669 5004
3842 1210
3587 6353
4619 4285
2126 367
2067 3170
2151 1363
3431 3561
1060 6234
4640 2129
4755 389
3710 5605
6726 5888
5726 5959
1022 6881
4074 405
3599 3330
5032 1606
4975 5236
4003 1693
5092 6575
2956 6836
2478 3828
6306 5487
745 5260
838 2041
3102 6661
3386 4
5745 1478
1416 3775
762 2985
5471 2407
6061 3404
604 1645
2288 3704
4316 3321
3034 5214
4904 3491
2063 4525
5903 5447
5065 4348
2908 379
5361 734
6267 6663
4114 5065
3900 4547
60 619
2594 5292
4700 2156
156 1081
5553 4287
6539 1874
5295 87
2213 1436
2367 5286
2274 2843
1421 712
6465 2864
6848 6012
2357 1565
896 1241
2766 6688
622 2924
3657 6667
835 3217
6093 3635
217 5090
4293 3845
2168 4295
1362 6117
4590 3839
428 3058
393 6255
4063 4322
1293 1816
3502 6729
4309 1345
6903 6069
6924 530
766 2299
6743 2404
6418 2644
2593 502
1636 2155
6961 3795
4616 6191
2100 569
6699 1351
6384 27
379 5044
4204 770
1416 3320
4924 3311
822 2581
4580 3501
1089 481
5693 6525
836 35
6825 901
6384 3410
6718 2532
6043 3117
6537 4406
685 5501
5785 2327
6318 5042
3476 970
1619 646
593 5912
1951 3105
2637 6062
4003 3116
1647 5323
1215 5666
1327 5907
3290 965
2395 3496
1481 3341
3752 2716
1551 2582
6055 6510
2700 1099
1757 2458
3257 1956
3604 6201
5495 5355
6679 675
2035 1648
5369 520
6329 2548
3815 4169
6012 6813
3087 6648
5922 3887
6199 6639
3337 380
446 5461
2097 5128
6765 2297
165 3721
6297 731
4800 4914
4578 6033
5786 1747
4053 3179
2613 3732
1309 1894
472 3649
5443 4791
4209 3692
4644 3620
1614 5159
991 5934
6784 3478
3169 5118
5132 6592
1333 3419
3762 5632
3542 1162
5348 4904
4071 725
6192 2785
6927 3005
5411 2974
2938 5370
6090 2508
5715 3385
3903 2080
4310 6376
6156 95
4809 839
1287 2670
5053 3451
4649 3590
4435 4570
1732 3286
2221 67
4521 4344
166 5420
6957 1312
3896 4292
1258 1151
420 52
6853 6624
2469 546
3248 284
409 2145
4552 2876
3996 4873
6668 4592
6324 4782
1095 2850
3860 5766
5102 6726
6136 5485
4199 5232
2500 5494
3548 3959
318 5410
3773 105
5781 598
1119 6627
1546 278
2511 2650
2371 6777
298 1001
3205 3970
4321 6511
3659 1696
2661 2594
393 3490
5248 6901
1077 4122
3876 5114
5027 4458
5966 6363
6993 3197
5718 6261
3815 5592
4620 4299
734 4133
264 5150
1878 2306
1692 3082
3994 4022
4173 6239
1757 4231
420 5663
6984 3084
6325 3448
4396 1558
3393 2112
724 412
6479 882
4982 901
844 514
288 3265
6940 2031
3989 645
5453 486
3798 3329
5048 2652
6817 877
5 4108
5946 3802
1890 5699
2136 2722
93 3174
4759 5932
1707 330
1767 381
2941 1429
3198 1994
1922 4833
4284 162
178 1942
6616 190
3658 6301
3529 4201
5962 1652
5334 2083
4489 6229
4434 106
884 6305
6672 3505
4497 4592
3563 779
5328 3766
168 4637
6737 1648
3440 1877
200 2640
3803 239
5148 2078
4993 5173
1626 3909
325 1588
1908 3595
1963 3302
846 6952
815 5387
5199 5049
6472 5322
6477 4
2614 1542
993 3215
1526 3678
5098 1210
5170 3530
1920 3605
6712 2530
4698 3720
1124 6115
3478 75
709 6839
2419 1451
4442 2976
6902 5256
2454 3889
1723 2687
2979 327
6246 3639
6650 2002
2629 2200
2870 5295
2293 2251
4523 1625
1704 1856
6859 5559
3533 886
4216 4326
2571 1441
6614 4974
4496 179
6041 5112
4993 985
5679 4696
780 4396
6819 5379
2058 5767
1468 2518
4480 4557
3528 6554
2047 4854
2888 5470
1527 3098
2896 3833
5501 1576
6101 6267
5499 1503
6493 2361
5997 5163
6033 4820
6031 1741
3696 661
425 6275
24 5931
6867 2013
3694 4752
1449 182
4061 6266
5311 4835
5941 5231
5156 1514
390 1558
5056 4316
3416 1775
3435 5989
1924 6302
3729 20
2576 4767
2253 5080
5771 5759
1953 5542
112 4997
5463 5606
382 6578
2347 4715
4494 1580
2653 5953
891 2483
5891 4363
550 2190
5406 5072
1508 4145
2406 5295
2191 1169
6332 5237
3056 6343
6604 3481
408 4766
4711 3500
655 4643
1532 5670
5675 6401
5140 2859
2428 3741
936 4104
2330 3206
3608 3823
5 4726
6949 3866
3026 5353
3296 518
6384 1613
1499 6661
962 40
5258 4019
3241 5692
1359 3648
3258 411
1489 2940
4254 5102
491 3838
4847 5616
1614 1134
430 6568
3699 4291
2013 1405
4475 3758
4440 5457
569 2216
3722 2208
5766 4610
2187 5907
6643 5637
3040 1622
2992 4614
4334 3526
3346 3614
3924 5348
1718 4116
4992 2937
2805 1755
3191 5174
565 5830
1867 425
4828 247
3838 5924
2768 6010
6371 2855
6190 3975
4848 1653
462 1164
472 1852
3142 5662
1743 6216
2545 488
2082 5682
3414 3152
172 1590
5058 5812
3560 6360
3503 5826
2352 4230
2357 4574
3255 5724
5621 4205
2541 719
6141 299
5242 5340
3320 457
1888 5035
4001 3070
4904 2312
1373 2899
2410 421
4 5547
6609 2215
2001 3599
3176 3337
5982 6254
1720 3357
2933 3579
3088 1238
1529 379
1773 739
5069 2537
3393 4503
895 241
5607 3344
6042 3272
3446 1885
6780 6419
1148 4070
3512 5888
2328 1900
215 3865
2197 5389
2830 3050
6868 6239
5562 2820
868 4430
2730 5852
1140 2674
3439 4097
6365 4864
4558 3903
4907 4811
2875 5452
6395 542
4549 407
2193 4866
5338 4997
4529 2384
2466 3712
4711 4118
5177 3359
6698 3734
1593 4312
4392 5304
445 2233
4177 1932
2337 4995
754 2988
1380 6648
538 1643
3337 3389
1429 5786
2642 1844
5697 5465
62 5097
6466 4515
339 1433
4384 1629
3487 3333
2236 4539
4466 3913
5340 505
3170 1182
3473 5155
4665 1090
2547 1957
857 6499
550 5036
6390 2426
4755 983
2100 4651
1704 3897
3879 3564
3559 1896
983 1885
2447 1726
3632 6316
5430 3781
5311 1615
6302 5962
3349 3749
1356 3564
4923 752
6105 2415
1941 6469
5327 5531
6984 3515
5053 6460
5829 265
5951 1194
3432 2471
4834 5598
6640 2170
3457 4221
1026 427
2361 2332
1844 3503
2429 6408
4363 2980
2559 5700
4018 5197
343 6786
4483 1584
5045 2785
3362 3580
1270 6
3300 6866
4940 5243
1741 6007
3329 5352
5934 6101
3355 157
2639 741
4036 3524
2673 325
6090 4362
6372 3294
4414 2918
2260 1876
6365 6287
6709 6851
5690 6872
2409 1218
2577 3246
1421 1306
2945 5362
1567 1131
2124 1988
6807 189
1757 6890
6198 4834
1475 1542
6480 3766
1910 716
3715 850
3064 6747
5046 5265
6908 271
2749 5423
820 2779
3127 4063
4705 4972
6081 6878
5642 6050
2593 4129
1748 6023
6354 2314
6202 4172
3900 3986
2277 2580
3149 4761
1253 5263
2454 3970
4821 3053
3109 6116
5781 5835
6438 3890
2164 4396
1119 5448
899 1732
6752 5743
2260 4104
742 3246
5372 4095
4694 999
5277 825
1770 3688
3102 1912
1354 2312
3019 6573
2637 3273
3752 2960
6052 821
3629 4058
549 6988
20 228
3504 2077
5625 4891
4431 2467
2538 234
3988 1897
3714 6990
899 577
2655 4202
6175 5708
1345 4047
125 6818
4982 6138
5173 3454
273 300
5942 2504
2141 4920
6778 2776
3763 6101
779 2323
2243 2164
1364 5228
4765 5322
6802 4301
3507 5357
6272 1103
6616 5077
6285 6226
2753 6615
53 4848
922 1096
5841 2048
988 2847
3999 2032
267 3087
831 5115
363 2795
4737 5933
2942 71
4996 909
1671 5506
3311 1631
534 3616
3022 1528
3392 307
355 5536
138 6999
2901 6836
2932 1985
3708 1452
6452 3491
2675 4049
5319 2474
4911 6621
3051 364
4639 2715
4603 52
1115 3719
3484 3629
29 2518
4423 616
6658 4498
2293 722
3998 1406
1546 3905
671 2924
2378 271
1235 4952
1646 322
139 3817
5307 1309
6829 2286
172 3176
5934 653
6806 6998
1011 2965
1909 4115
4177 3973
725 6543
4209 1976
702 4839
5800 1592
1562 3253
2987 1668
4668 46
3408 4142
1534 6123
6004 4805
5011 6801
3084 4984
845 2114
2206 4486
67 1066
2028 5877
4669 6283
1128 3900
376 2575
2174 5702
3879 2222
5374 1376
6560 3158
6343 4621
3418 4456
713 2345
4347 755
1143 1929
3376 4230
1196 4973
3338 1494
2288 2956
1820 636
445 86
1565 117
4873 3430
1110 2920
4465 6079
2125 4655
4059 1227
4996 5715
3238 1263
6383 3646
4397 6884
3580 4410
3520 195
5016 2957
2115 934
1688 5785
1492 1709
2555 1206
1276 6780
4321 4795
2148 293
2275 1566
147 2499
3056 2131
3111 1838
659 4337
3916 6961
6473 2758
3541 1422
5946 3241
898 189
1801 5847
3239 4467
4349 3810
2267 924
3881 2244
4264 1228
3514 730
1294 3572
3420 6730
1421 3347
6896 1548
2021 868
2690 2720
3689 1670
5715 1214
1174 6072
3960 6859
6857 4976
4641 3056
1349 4383
5337 1039
160 51
2441 6530
4363 833
4142 5560
2275 3794
2810 920
1807 2228
1407 4738
906 6442
321 3537
5390 1804
5357 5828
5096 1357
1938 4374
3456 5232
5756 3093
1745 4733
781 5215
1521 2773
5468 6598
1082 1945
1641 3629
1458 4676
4044 2369
1611 4918
637 4712
4506 6372
1483 5672
5401 1589
6402 208
4602 418
674 1561
4710 3923
4156 331
3748 4478
3247 6936
258 5066
4339 4919
4399 2718
68 2690
5670 2918
6575 5239
4090 5346
1499 139
1975 6484
4895 4053
4146 1491
6883 107
5673 3566
652 4589
4893 6609
6541 6759
187 288
434 6581
3240 3082
5002 136
5967 2508
1550 6870
3358 859
4440 2318
1514 4180
1951 4935
4819 4566
5435 368
5746 4202
4399 4946
5175 5167
665 2922
2967 3862
6169 363
893 5001
3467 1933
1130 4190
3521 4421
2862 2533
6475 820
4520 3371
4802 2303
1691 5920
31 2003
932 6834
524 5319
4708 6805
4732 783
5255 558
2677 6136
4568 6044
2085 6224
6462 2463
2368 2348
6501 2391
2578 3124
3297 2811
4756 2308
3419 3740
996 4725
2013 3877
521 1988
309 3795
1486 4360
4724 518
677 2501
3951 6984
3003 1583
1268 6352
5931 3177
640 367
796 880
569 1655
6773 985
3313 3694
2528 5639
4501 1385
3749 6476
6736 1103
1285 6706
912 1994
3150 5393
1472 6532
1131 6239
2657 5460
2898 4391
6194 3937
2954 4700
4084 5419
5452 3300
6190 6447
3234 6969
4104 6825
1918 6999
6379 6319
6785 1345
21 3112
1943 1579
6430 2874
6402 826
6175 1601
5340 4937
2317 3483
6434 2993
106 2661
830 1938
676 1471
3131 3407
72 44
6386 2952
6924 6011
1603 5244
1560 2164
4 4986
1535 3797
6946 5211
347 4571
3308 5147
1548 4032
1522 2811
6563 4692
4923 2151
6573 5380
2645 107
6256 3229
6965 2228
5662 2490
6161 4123
2802 3474
1792 3611
1818 2580
1174 4730
1790 6948
2263 2442
4999 456
3225 6051
4870 1766
6256 6612
5941 5288
2316 6240
332 3889
6497 3291
326 6326
233 3129
1692 6790
1255 373
3849 5097
1664 5496
2877 1554
6736 2526
1034 5100
3744 1139
165 2436
5201 3973
3843 4528
1945 4203
479 3535
3309 4594
4923 996
1903 3977
3610 1324
6144 5997
5017 4795
137 3771
4736 5307
6725 4996
3368 5174
5168 4964
1561 4213
4510 2520
1934 2509
1249 2406
278 5881
2324 2694
1921 1523
2012 887
2170 2227
4575 4800
3598 159
6569 669
705 5167
2200 4321
4344 1669
796 4531
954 5871
1133 918
155 3946
4787 5622
5488 3225
4177 216
2012 1237
5549 6884
4222 3342
1538 5518
483 6636
292 2904
5710 5489
6949 2768
3709 1279
4739 4800
2898 5009
2003 1124
277 5255
4141 155
6417 6290
505 918
1716 6729
1869 1309
5935 130
1521 4009
4537 3538
2300 3747
3981 6289
5497 6320
3389 2213
3108 6135
5969 2343
6528 4027
4905 5627
946 287
577 2864
4878 17
5377 1650
332 2279
671 1745
449 3618
788 3084
1323 210
2570 5678
4901 5104
1420 2772
5388 5222
1291 672
2287 3111
3402 2044
4023 1573
2557 1659
2029 4923
3325 484
4484 6105
1903 5750
3856 6536
554 5
6307 4566
1341 3768
3349 4261
2912 1254
6549 4099
4811 1023
764 754
2264 252
3945 2794
3033 3466
1911 2608
2100 5513
6551 4145
5460 2600
4935 6916
2781 1710
3849 5715
1662 5287
103 1422
4927 5520
2661 4237
2380 4749
2872 5211
5709 2523
4900 4828
3582 6310
3618 5967
5015 4586
1290 396
5082 6562
6980 471
5428 783
6415 6886
6295 6784
5291 3703
4195 1814
1803 4364
4301 2964
6443 5901
5579 3581
5350 4283
1986 284
4940 6105
2366 505
3520 5782
2301 4991
3538 4109
1977 6587
4540 5582
2971 1029
5485 162
4215 3570
2480 4175
5095 3360
2108 2317
2540 1974
3011 3811
6793 2873
6958 5384
2852 3000
6895 6533
5928 1082
3397 6506
4887 5316
4992 3612
2688 1845
2901 2892
2617 3133
719 6972
6419 3571
3241 5212
6660 250
531 2757
4917 994
1250 6608
1336 1464
6325 903
2958 393
3792 6254
504 2065
2109 633
715 6449
5295 3771
4861 6697
4455 6009
28 5519
5465 984
4403 5095
2231 3447
651 1711
4935 1923
415 4652
1571 4340
3966 1307
4988 4967
4602 5655
1471 726
4843 2334
4283 6841
1606 362
5706 4429
1886 2631
1812 6654
6953 6487
5234 5373
6478 744
359 4693
225 1495
918 6377
3617 3755
3095 5336
4430 71
6935 1370
622 2070
6914 493
5978 3023
1562 6075
2638 172
4539 14
1803 2754
6192 6924
4408 1251
4017 1595
1400 5747
2730 3144
2456 4073
6468 6041
293 5951
4005 3463
4282 6215
6868 498
737 6342
6590 3937
5463 483
2037 5028
2501 3442
2480 2565
1786 4628
2770 4798
1125 2667
6678 6386
1508 2405
3017 5429
441 5418
1938 1235
3395 4069
2495 6256
5419 6950
5949 3732
4292 5748
2900 1057
2339 4962
6028 1581
3333 6574
377 4844
2744 6179
1304 5234
1858 1656
177 4032
5631 1356
3979 4470
4626 1837
2040 1138
806 39
5570 4086
6833 3671
6815 2311
3035 5604
2911 3848
1046 3663
1359 1908
3821 97
4308 215
1818 6394
6651 1156
236 1579
1786 6856
2285 2073
6607 103
3501 1812
2100 2293
5106 1134
5331 3696
6229 4846
503 2108
2127 4116
4250 2839
5009 1201
3281 2977
2247 4972
721 3499
1743 743
3706 2217
2038 4044
725 4372
133 296
801 1923
715 651
933 2042
866 820
4410 2720
6931 5653
6057 2645
5277 5688
203 1415
573 194
4220 3727
5367 5581
3593 596
666 6020
4680 4651
6669 930
1290 2437
6985 2856
3628 3034
3401 3809
4178 468
404 1297
4951 6053
4196 1047
4383 6535
3956 4970
4362 6412
4386 4554
714 4906
3085 1479
1562 6693
5224 1489
3049 1822
2121 1961
4765 386
362 4454
181 5574
6525 777
6867 3924
2390 4071
2238 6683
6472 6778
6894 2337
5001 5766
5467 843
6279 721
1883 1796
427 5980
2254 4183
2784 211
2128 5010
550 4101
3623 4918
2162 4594
4270 2285
1906 467
1635 5077
5122 4191
2493 3418
1187 4163
4485 3378
6725 6850
2501 1027
4175 2398
4930 988
4450 4323
2332 5944
962 4984
2211 699
3401 6387
968 2520
1026 5908
1826 4271
1184 832
4446 3800
2302 4200
3102 4815
5256 2851
2417 3958
684 6144
1585 4559
5229 4411
4135 3349
1306 5144
743 6724
5929 4822
3971 4446
3659 387
21 6739
334 4984
3254 2553
6497 1307
3684 1383
1352 4738
199 2315
6169 5413
3218 6279
3493 1788
5399 1974
1096 3994
2467 1392
199 5698
2398 2753
4082 4812
371 328
2220 4144
1036 2408
3638 1388
3338 1096
5480 4787
5361 2621
4566 4632
405 2541
6599 4593
2234 817
1143 6442
4114 536
2354 5837
6436 6292
4683 2184
429 4066
3261 1788
1664 2357
2128 6433
5865 60
3912 28
1016 4765
39 124
3776 167
6580 2257
4995 6593
2450 5895
2156 5448
356 5658
4705 6265
3924 38
5357 4730
4488 2066
6174 4952
2163 5838
2937 2980
6419 4002
4855 6963
5944 5429
4299 2544
529 6525
3089 6003
6842 163
6852 851
4632 2195
4979 5686
4301 2590
2028 136
22 1998
4018 5685
5653 1466
6093 984
4907 3339
2424 3519
1025 4827
1579 2003
4593 4869
6305 2560
6439 5758
2628 1070
1351 2553
1848 3359
1297 6454
5777 3572
333 520
911 2254
2822 6948
3937 6635
4221 6394
3058 3283
1165 3302
850 1978
855 2322
2400 839
5767 2103
1004 5828
3652 989
4020 5357
744 4211
4840 5096
625 2799
1962 613
2891 1830
3615 1107
2309 4858
4081 6764
1397 5530
3212 6352
4418 5403
1053 4939
6753 5702
6070 10
4635 907
1436 1671
2869 6363
5655 3740
3351 6137
6682 574
5696 3741
5061 3001
2144 6861
2043 393
2796 4572
5506 1365
4625 3602
3071 835
6369 5712
5956 1601
5221 1381
1076 6239
238 5140
5162 20
396 64
6707 5707
760 1280
450 6716
3287 4782
2781 6142
413 418
2992 4110
662 1122
3279 1134
435 2651
4896 1971
782 6142
324 5264
4734 3895
2282 5640
2958 2247
2839 835
2679 2832
6443 534
2181 2555
54 2178
3882 1585
3923 1586
3706 3803
6562 5329
3360 3166
3914 3752
2768 5506
1090 6645
1393 4202
899 1415
5159 2731
6026 4568
6186 6735
3357 2114
358 5972
4566 5600
6993 4734
3500 1641
3710 2417
2934 2950
2479 5753
4642 3151
1106 1112
4927 5764
629 1712
6924 6068
2160 523
64 5875
2058 2498
5301 5416
127 3945
1221 2001
6510 4738
3707 5502
2181 4783
1558 1394
5192 3968
5011 1678
5241 4584
5857 386
6340 3014
3301 1781
2184 1267
3849 4804
3484 4117
3699 1827
6032 2080
5342 879
6553 1028
4852 6879
391 1143
6487 2660
1511 1174
4121 15
6987 2983
6519 663
6952 3928
6921 2363
2561 3095
4004 2059
1846 117
2663 339
6171 330
2222 2848
2210 5497
381 805
4959 1464
1529 2103
5856 2389
288 3997
379 3361
2609 1981
4799 6844
4768 1115
3297 103
5656 1577
1985 3285
2580 6878
1642 6329
1929 5605
207 810
5318 1932
1956 1766
2665 11
2229 2864
3411 3773
830 3418
3540 211
3008 6766
2142 3619
1889 3173
4222 16
4368 5503
6328 1044
1351 5749
4985 4913
1757 775
3400 6243
193 2982
4427 6083
1784 2598
2384 6535
6768 3945
1720 893
2346 3799
2215 5036
379 5589
568 2078
5862 2153
3897 4016
4086 6921
4857 2634
3396 6474
2176 5081
4977 484
2494 1418
66 4311
3948 571
4292 381
5609 926
905 1848
208 230
1450 5354
3167 3389
746 1037
1608 2530
4843 1423
6962 2656
2115 1772
6652 1676
1578 3819
865 1668
777 5985
2630 2403
4037 5874
5589 6316
3782 5355
177 5431
977 5292
2942 1177
6493 4248
6985 4710
12 6303
537 2741
318 3377
1352 2136
605 6817
5230 906
1522 6519
1871 6673
3330 3918
749 3563
4424 2728
5886 5906
2398 6567
896 6242
476 1684
586 5262
5409 90
780 2095
4940 6967
1996 2588
3049 643
129 822
1273 5411
466 4379
4781 6156
2415 1259
419 3809
2731 5437
6430 2744
1068 1222
2405 2419
1346 3795
4023 3858
568 3501
6328 2817
2954 382
254 5031
469 6905
5412 1835
2704 207
4018 2733
6449 4275
5914 733
3357 772
1245 6345
1422 4729
4471 988
3910 2641
1549 6756
4973 2138
2922 4981
2669 371
3794 4910
6659 4270
6568 4906
644 2183
4599 3617
1447 63
3599 3688
704 5617
6709 1354
6831 2283
4097 1686
2452 2965
6149 5861
2534 1085
2107 5936
1818 5833
2229 449
3313 4987
47 4529
4216 65
6060 6543
1721 1736
5303 4120
348 1259
3651 4228
602 4559
6705 831
4781 5701
6445 5630
6041 851
1006 2922
3802 4397
4110 2298
4705 5891
2657 6753
3273 4807
1967 1388
1521 1301
4208 2806
5292 174
1620 1280
1964 5254
60 4360
2085 6712
4688 4382
2107 4781
1647 70
3018 3884
838 4627
6929 5046
1922 1995
3317 3951
6869 4214
4757 2617
3250 6112
2787 4890
2353 1400
792 3878
1845 2687
3808 4161
5960 5534
4124 6087
5337 2145
6357 2726
4361 5276
785 6090
5303 282
1846 2508
4822 3392
929 6219
3640 5866
3234 4424
4013 4162
1986 5147
5410 529
3262 5691
4380 2643
5553 5718
5957 4081
4625 6611
4995 1226
6146 570
2159 6014
1419 6204
5301 2464
4905 2464
1668 6908
3528 333
4331 5383
4799 4697
6662 2557
1352 1949
4741 4692
1317 2894
689 5577
5510 2988
3679 3885
4725 5687
6595 3964
1963 3042
929 2031
2892 3505
3766 97
249 2272
2897 3849
5383 934
6635 6746
1052 152
5573 4441
6898 740
2020 543
3814 6180
2052 2710
1448 3535
302 2283
3132 5594
3570 2787
4468 3937
2293 5024
5156 2059
2538 2576
692 1687
3112 4568
6453 3857
3841 4943
2619 6887
2715 6595
5635 4164
623 769
4358 6401
1271 1744
5300 1407
5472 5863
998 5527
2302 5867
4951 3882
3609 5724
3237 6118
2702 2576
2141 4229
4937 5704
6943 3842
4140 5360
2829 1597
5868 2830
1115 3833
1079 1924
6968 5592
2238 1129
3389 473
6472 1224
3478 5426
3217 955
4808 6987
4500 2670
5774 6551
213 2160
1357 333
4846 6690
2723 3803
1015 6231
103 6903
626 2514
6388 4909
376 2339
5270 4924
2094 976
4 3864
1993 3553
4197 3958
6679 1301
4877 684
4577 6808
3791 237
5692 79
647 708
1920 1735
2668 5570
2489 4107
2735 1130
6711 2687
5811 4874
1940 2387
666 1889
6490 998
1980 5169
3527 4513
6713 6897
139 3126
4552 1274
4364 1223
1434 714
2153 6817
2646 3717
1653 5713
6142 665
6327 6080
1334 483
74 4579
2674 2732
6939 5146
406 622
1565 6997
1183 3697
4515 5906
401 5913
3207 2414
24 3711
4816 2636
2362 4308
619 5052
6211 4592
3571 3630
6723 14
5682 5002
4417 2338
3476 4524
4685 3092
1178 5955
4652 700
2998 735
5995 214
3710 2661
2722 5001
2075 1218
4646 885
860 4333
3536 1542
359 6791
113 3352
5576 4202
1880 4914
3530 973
3122 5874
2253 3210
1014 1767
3655 6337
1783 817
532 2023
3517 6403
5239 4782
6734 3936
3549 4406
1659 5854
2115 6659
2175 6710
346 2018
2488 4955
740 5355
1770 2460
192 1551
2769 4416
4846 542
900 6741
1299 6258
4695 3756
5681 589
6842 1375
496 5345
2552 2846
1601 4344
5878 1857
613 268
1896 1229
6516 1390
5862 2852
989 2999
4845 4454
1565 1654
3122 1686
1382 1947
3245 6223
2075 413
2042 4437
1106 6967
4298 2780
1280 1670
5545 4084
605 2255
156 4903
4331 4391
1165 1131
6142 5471
4291 4992
5801 5178
6756 6862
4361 3479
1154 218
6544 3007
2766 711
1783 3395
1711 1075
5422 6313
346 1213
6507 873
2794 1978
1927 141
1457 3410
374 6644
6690 5461
3416 978
4133 4002
6122 281
4134 6856
6901 4183
170 1926
5309 4342
1133 1219
401 1270
24 5484
2070 2297
1736 3175
4988 5455
3836 6640
1568 4530
785 3138
5735 3403
4491 1616
1316 3528
1942 18
4650 5810
6908 816
233 6008
4017 1733
5553 888
3958 4536
6256 1570
2739 3745
2873 527
5755 4028
6717 467
1371 4366
2931 3915
1778 2246
2728 3586
2621 3689
6346 1463
6036 483
4260 1841
5779 5553
844 4068
2828 4167
6864 113
296 5956
5753 1299
1988 5624
5772 5513
672 2271
5063 852
1601 2734
6055 883
2127 2026
2846 1713
614 1512
6294 899
1357 5757
946 3971
760 1337
4865 5748
1288 1456
5116 3115
6088 242
5279 4799
5885 6329
4486 6883
1322 286
6175 2870
4621 6519
2346 3238
5491 5621
1126 6009
1498 1451
1899 2549
6508 2521
6291 3984
5608 544
4613 5877
4699 4897
6595 4395
6970 108
1211 1394
5846 2587
115 259
3043 4105
2544 6636
5792 5734
3261 5496
6031 5750
4448 333
1896 4880
1741 1559
1271 3330
6534 4092
5089 4301
610 3621
1329 6718
1422 2745
5868 1033
988 6425
4808 1807
1045 6959
3039 3582
1188 70
979 5558
5802 386
661 553
3807 5790
546 5676
4118 3962
6573 5144
6671 5679
2996 852
3304 5169
4703 4615
470 204
2302 2915
4083 1874
2641 5764
1708 1395
2993 3937
2857 6328
5665 3656
3910 2885
752 5902
6781 6197
4296 6304
3757 5272
4347 2105
6501 895
1169 4500
5847 2357
85 4126
4470 4390
3180 5641
547 5096
356 5528
1593 482
6223 577
166 5404
2652 2489
30 6297
4393 5082
2598 5636
3765 5513
3777 612
5984 3944
5664 2276
4172 2639
725 4055
245 6636
6193 1839
4856 3271
1062 6858
1874 2572
556 4808
1934 2623
4443 1412
3357 211
2424 6422
2173 2639
3422 5524
743 4634
6340 2266
4199 2183
173 2037
2954 6587
6338 4822
5058 372
5488 6372
6711 3118
5969 6645
2256 4744
5310 1347
3037 5309
6118 5987
2350 4379
1657 251
3659 5063
228 2094
1848 6612
6490 4812
2877 863
4298 1788
5574 1578
1379 4821
5978 6357
3017 6535
1907 776
3123 6931
5663 869
4954 6788
2932 3953
845 4887
6540 1142
5645 3673
1779 1530
564 4645
3556 3780
2050 5965
5947 4011
1618 4056
1775 1007
175 4311
4781 602
209 3141
5288 6260
2014 1023
515 4379
5250 3524
4379 6449
2796 4442
6435 3950
6996 6461
2474 1947
5676 4864
2983 4268
5345 6013
4958 2369
4624 3247
2659 1700
6590 4238
200 2274
6373 6455
4785 4104
5021 6855
1823 4811
4779 4289
1878 4518
6606 1738
4432 3427
788 165
2434 5904
4080 5227
5603 13
2578 1896
6917 287
934 2619
4286 2851
2854 1013
3232 407
933 3148
590 6192
5015 5855
839 2732
2456 3569
4593 6162
3631 1055
5969 1652
1413 5478
5367 3304
1486 3482
2004 5165
2787 141
1326 6233
3599 1517
4655 4007
1288 3497
4182 2097
1955 2240
572 3327
140 1418
6991 4531
5952 3176
2877 2286
5616 3227
578 5027
2097 4575
2565 4643
6383 5614
4621 2144
2723 1819
6544 55
695 2579
6476 5024
6636 3027
4729 2616
3612 2102
4233 4664
2371 3996
967 4206
6853 4193
5141 840
755 6767
2388 967
3823 70
5559 2319
1550 4032
4514 4125
6651 6718
4220 3678
4510 219
1270 982
5850 2468
31 3703
4563 3263
6564 1057
5934 661
388 3748
4933 6179
6958 2115
4618 691
4895 3443
6051 5383
3007 3806
3152 23
2821 4582
5523 6395
2875 4818
1753 3960
3460 1307
6455 6375
3587 2580
2969 3699
4079 3042
4865 3951
5524 2833
6412 3295
6298 2227
2318 3180
2282 517
2492 4299
3089 2303
1165 757
948 2220
6196 1950
62 4113
2522 6393
2563 6394
2589 1199
39 6573
2248 5070
443 772
1549 2625
5853 1961
2026 5408
438 3811
6966 821
2888 4649
5666 5518
1456 3565
2165 1810
4759 6534
1015 5320
425 2071
1920 1979
2379 5711
6651 2880
4712 5964
4720 4327
4405 5255
1330 1359
2789 856
234 2476
1872 1184
5982 6693
2245 234
4495 5148
2602 5167
2910 3068
3520 6969
5490 3198
729 3586
2625 3084
6164 4640
1286 4443
6231 6616
2149 6538
3522 4763
1132 3976
4926 4553
4922 647
5039 1232
961 1650
2828 410
4579 3691
4507 2125
892 3765
3889 3244
5542 5990
5790 3840
1428 3745
4172 5030
621 1959
5227 4666
5447 6884
1307 5670
2536 9
6462 2203
4068 3926
2728 179
2700 4547
6678 2767
4651 4506
4993 1237
3532 913
6709 6217
4154 667
4097 133
1633 363
1820 6605
2685 6117
1974 4039
6664 5693
5547 2927
2925 2571
3489 4599
4710 5436
4509 1016
3430 986
4323 1792
6167 1854
3545 1498
2593 3495
6103 4313
2993 4368
276 6404
5787 5016
4199 3419
4696 4225
2989 462
3295 3952
3424 390
3536 631
2603 6842
275 517
4191 2023
3563 2454
4822 6027
1362 4572
1106 445
5409 3343
3129 6134
424 4023
1883 3520
5620 3563
2630 4501
127 4934
6023 4734
5872 3784
5373 6315
3967 6452
4280 4697
3088 3100
39 425
1482 6559
954 4188
4252 6813
6854 1629
6456 802
3842 4471
6803 4293
2098 5744
1188 3079
6945 212
3548 991
4236 4775
3171 5205
6602 6639
1750 1247
1029 4897
3476 2808
1681 3362
3549 812
5075 6449
6005 5602
6098 6547
5726 6187
174 5322
3949 1685
3947 858
4219 3266
5962 2522
2923 1289
55 1658
6030 936
3542 772
1259 636
59 4783
1014 6467
1797 1443
5159 1609
6241 5320
2409 2007
3506 4498
453 5087
1537 5461
3001 3050
1406 282
1693 3722
6984 116
2030 2361
724 3860
2995 2481
3334 2701
314 5682
2365 2085
1523 4250
6041 4104
6452 5890
602 1396
2336 6982
1768 1048
5725 5561
6496 5438
2081 47
4323 182
799 1186
5636 3237
1137 1181
4843 1911
4445 5248
3390 5612
955 5082
4690 4298
2603 5232
4468 5417
1075 3686
946 832
2222 1376
6854 3052
1167 6658
3347 5915
3316 6602
2717 5519
3632 2112
638 6314
2694 3815
1794 6002
768 5606
6104 1019
6510 2461
3311 3225
5706 4356
508 3989
3094 4688
3302 5391
6423 3216
4401 4545
2987 4067
5491 5865
2592 505
1561 6181
3237 4215
3801 3991
6597 1302
5537 2076
2028 1860
2150 3543
2145 3199
4015 1476
556 3629
3331 4227
5067 60
590 207
211 3594
1866 751
3015 5684
5964 3991
4011 953
6214 1887
3975 4679
4679 2580
2757 1861
5079 3453
1309 1772
1756 2461
4428 2180
3769 3298
6324 2432
345 2254
5773 4773
1501 1942
1876 1065
4957 1743
4212 835
4513 3981
1316 2162
6884 554
6049 3890
3714 6974
4731 5372
1488 202
839 2008
871 4929
6106 3643
3895 2067
3637 4283
6787 4004
4077 1549
3731 912
620 4529
18 6181
5661 6410
2668 634
1482 2989
5250 2345
6280 5112
1268 1717
6330 5229
289 1167
3279 5891
6732 2011
5995 5882
2227 4274
1475 2949
5776 856
4802 6312
6951 4758
5203 994
1722 2826
5201 4331
5149 4141
844 4580
5675 3433
131 177
6318 3310
6232 2038
4112 2832
818 6742
1938 6773
5830 3721
3418 4895
5603 5250
1566 4915
5136 5784
6502 2838
3694 4012
2329 3396
390 818
1823 5510
403 5187
308 1917
2830 5075
2913 414
865 2774
4000 4469
1851 3771
5880 4188
5692 4137
140 3272
6337 4841
2626 357
4799 2607
6959 4595
2876 3915
2912 3572
21 5243
5150 6971
4395 1965
5181 2120
1779 4807
4179 6282
3057 6178
4743 1894
1092 1625
1561 6799
4708 3593
3267 3921
836 881
6314 5769
686 4320
3945 3607
617 1517
4980 5220
6595 2224
6538 1690
5036 1365
521 5192
1522 1559
2236 148
3877 5543
6060 5071
1702 214
5411 4625
2350 6851
115 1471
6147 529
918 5767
5431 5277
6453 1767
6616 3451
3849 6878
3531 1873
4745 4949
4022 4362
6331 57
4495 4774
2999 1231
6387 1120
3861 6888
1758 3125
6419 5539
6861 6638
4862 3255
259 6481
6913 6828
4276 2377
6043 6191
563 1230
594 543
5255 2957
6748 1284
1837 5111
5378 1078
3638 5503
6105 4790
6685 181
181 1313
6098 1367
1829 3715
6681 3445
2830 82
5066 2654
1019 1631
267 6722
3624 128
1552 2094
2908 4876
5342 5181
5798 5986
3284 6853
5741 5452
2783 2895
3533 4147
3811 3337
2195 6108
5915 3538
753 3582
3055 4522
2678 2320
2034 4470
6480 2758
3240 3521
3281 3522
5452 5699
6696 1070
5947 5678
2272 97
319 4229
1859 2402
4109 3152
972 4794
4986 3425
6505 721
5667 376
2582 2208
6283 2594
4015 484
5725 3764
6289 5792
998 2982
6523 1300
4752 6412
4353 479
2262 6175
4153 5329
3659 2542
4314 6186
4510 3846
6060 3461
3997 4789
1949 4897
6703 3338
2539 1730
4841 6834
2346 1335
2776 919
4272 3681
6672 5156
165 2607
1068 4101
1567 5734
3517 2085
6832 2405
4829 2286
5106 874
6857 4155
2867 3666
3056 6571
1802 4096
1006 6606
91 2843
29 1965
1524 1119
2124 3558
2955 3486
582 3834
2736 1870
6036 1158
3792 6612
6780 1841
3757 1141
1804 1109
4909 4093
5277 2045
4867 3867
773 2998
2848 4713
4623 6890
2013 1633
53 3840
4874 4257
1008 6278
2498 5088
15 1104
295 4127
2838 992
4369 6973
1752 6961
3627 5582
17 1150
700 4590
1999 6838
2868 3086
5423 2220
1402 2418
5667 4832
1754 591
100 6288
2366 5319
535 6216
2775 4026
3948 685
2081 6089
4197 3641
1836 5504
4200 906
3725 4585
3260 5946
4566 2949
5531 5321
338 6052
887 6294
513 4363
6805 2786
1705 3708
1987 2640
5647 19
1393 1901
1917 6782
1850 5560
6451 1507
3906 809
2383 6023
3185 1049
2125 1069
1390 1603
3095 4539
5 6027
287 4959
3097 5366
6605 5357
818 4595
2817 5726
3997 6562
1339 3543
2161 4109
2298 6100
2155 130
3836 2672
3332 695
496 5483
5663 121
4859 2016
3763 3133
4260 3939
2620 5562
1268 1798
6346 6944
2681 2805
4448 203
5105 2422
3412 5535
2918 1994
6405 1108
2503 3472
2080 4278
3534 1179
2107 6855
421 3969
2632 2539
3688 865
5964 584
6767 2628
4019 3853
3900 2441
4213 686
3676 6897
3464 2288
5981 5102
2120 3303
1380 3493
809 294
2185 1446
5318 2314
2585 4571
1095 3509
1274 1562
930 1752
2609 2713
6069 4168
6160 6538
2182 1148
3476 3052
652 5191
4611 4115
1433 5756
1777 3314
5000 692
2272 3293
987 5669
1059 819
5443 4645
4137 1980
4691 3320
685 4550
4099 5660
4601 394
4819 1785
2422 3991
2325 4058
1270 4422
2698 2354
3842 527
1381 5192
4096 1575
2012 2026
3712 4618
6 3888
3244 3052
4097 5183
5773 211
1566 4191
4061 3274
201 4329
2756 3463
6727 4676
4120 3100
1320 4135
4887 5487
3421 4819
256 5167
4507 2987
1955 3370
3755 908
5103 3018
6438 4923
125 5623
2479 337
3631 2535
4260 5712
3449 6436
276 2005
6890 5205
6639 1422
1408 2827
2655 4885
2851 2545
3971 2576
263 1019
1510 71
5391 5528
1437 1286
2531 96
6636 4507
4652 2156
3116 749
4330 6077
4588 4615
1723 4501
3764 970
2337 6646
4975 365
5291 5297
1960 3690
3517 4476
4040 87
4881 703
4330 3044
3523 1258
3270 3818
6868 319
3509 3080
5883 6340
3359 103
6155 1551
3132 97
895 4470
740 6811
2051 6410
3852 6802
2104 3038
4212 729
3759 195
449 219
849 338
6805 5982
6361 2558
6326 5755
2711 5143
1071 2602
6759 2604
1411 5676
4957 1987
1244 86
5860 1229
3494 5000
3329 6653
156 2976
2088 5137
6730 331
467 394
3801 3430
6103 4370
5640 2394
3830 4168
1333 6924
4566 4990
6878 6618
3607 5816
4130 1427
1425 3480
96 4773
1082 2360
5595 1870
6035 2142
2384 1119
1293 6744
3760 3025
4312 3538
5779 1398
1631 323
2936 5769
4557 1090
4802 6556
2909 4323
3021 4564
1410 1263
6750 3965
6194 5962
2591 2701
5664 2764
4738 5982
4705 3590
501 4835
736 1699
3043 2983
2303 2419
6594 6054
2924 4981
1833 6442
1740 3999
5405 1722
6786 6224
6439 2733
3109 4734
3262 812
4382 5007
4659 3595
733 647
6116 6429
1515 4820
4722 1665
4720 5002
1724 1961
5521 2055
6302 2620
6861 4304
2434 3814
3705 1008
377 6088
2307 5170
2801 2295
6823 4951
813 2454
1367 3794
1879 5632
1396 2280
2803 5751
2048 745
2490 1090
3555 1414
4115 5952
1190 1623
6436 4690
6162 6373
3041 2132
6900 3104
432 6145
5539 732
301 3218
6694 2447
6617 537
4005 869
5247 5993
713 5606
6925 4854
3201 2764
4376 3256
5614 4474
3535 5269
6730 599
6807 3263
5587 6034
3368 433
5062 3180
5308 6619
6805 184
1820 864
4564 2903
4934 1682
4617 5947
5830 2005
358 1069
5950 609
1218 5899
2744 6618
2035 6121
1102 1752
6981 4732
3366 6372
3822 4925
2832 6438
6287 379
3109 2774
1679 4015
3489 2241
490 6099
5653 3247
625 5735
5030 4022
1828 1105
6559 2006
4821 3094
1951 3390
1168 1998
5898 45
1541 1048
6752 5784
3077 203
5747 3259
3906 3468
2908 5120
327 4765
6335 19
6558 5918
5459 348
6711 1996
6262 4644
4025 4099
6368 5794
915 4154
1440 592
1839 4273
4399 3751
2816 2498
812 4406
6996 1606
745 2430
5206 2504
1937 4781
2907 1081
4700 3864
2114 3165
679 4816
2456 2902
2265 3334
1953 2281
2088 1917
1706 5033
4077 1606
2857 6629
3266 5336
998 3226
5695 5297
526 4170
1615 2636
2076 3031
1833 4027
3230 6810
2874 4731
365 280
4659 1180
6711 1191
1040 5330
6666 1448
1015 6963
4422 486
2001 2298
4893 6487
2276 6475
3589 3895
2563 3499
2095 1179
1436 2297
3647 1621
6539 5810
5756 2166
3121 5712
103 4602
6072 682
2923 809
4542 2473
3363 5245
2458 2924
4972 1303
3547 1390
3477 5532
4134 3587
3764 2556
2628 4274
2978 866
5182 5435
3157 3083
1983 6199
2945 2638
2265 2879
4164 2648
755 1912
484 106
547 4592
5664 4805
4791 5405
4897 5801
1647 5876
631 6168
1161 2950
714 1507
3835 3496
2054 3756
1932 6210
924 4
1701 3079
2076 1421
6618 6587
1231 4069
5923 5796
5437 2116
568 1281
6175 6017
7 2934
2656 949
5452 3178
2404 4111
4205 6755
654 3684
789 3320
1555 2099
5199 1951
5797 6973
6933 1121
1642 4727
967 5312
1865 6462
2550 903
1084 235
1732 456
5792 5848
5247 1618
1360 5014
618 4377
6277 5139
4969 5811
4816 2563
5065 5519
2639 2823
4124 1289
1512 1621
2226 964
3721 118
5596 5909
6372 5376
1671 5815
556 6882
1356 4491
1201 1170
2974 6684
5868 4530
5465 3359
6241 3580
3280 3758
3275 3414
2378 5118
6989 1753
2037 4825
2694 2880
2716 5113
4824 2804
4987 3734
369 266
219 2951
6079 2471
4453 3800
1996 1791
2428 1448
6688 3518
282 1021
4198 2527
6316 1660
2372 3768
1157 6883
2019 6124
1711 1807
873 1462
3452 4400
4042 1987
3481 3640
1839 4436
6030 4457
1142 2818
1396 3866
1611 1576
5408 1670
1356 6719
2918 1433
4697 346
3133 3307
4745 3046
6931 6255
1050 6612
978 5046
6401 3057
6616 4931
6652 424
1601 4271
2576 1669
766 6853
4396 2111
1354 1361
5676 3555
6792 6850
5670 5992
5458 1383
3834 129
4234 1002
3776 3534
4359 5612
2431 160
6075 4176
5390 4073
1152 5734
5763 2369
1644 6196
3182 2014
1365 365
1437 2685
988 4579
91 6283
5695 922
2980 4539
1951 4626
1235 4456
5968 2774
178 2495
4381 4031
1955 581
5532 3375
6523 552
3324 1316
5283 5300
4755 3683
1259 319
6713 4059
6649 6518
4280 192
1222 6853
5267 4797
5060 6948
1878 5437
3960 1907
6257 2503
6136 4428
6636 4751
6538 1210
3174 217
4142 608
6382 4080
3550 2948
6996 6225
2836 6988
3698 6229
1960 901
5322 1821
3052 6054
6660 3243
2357 4509
4634 666
2824 188
4066 1902
5845 815
5471 4546
1598 5396
517 4539
1733 5032
2626 5838
3720 4648
3190 1450
349 5894
2601 1055
1782 4170
2095 2415
3934 2133
4051 2718
3032 3493
3739 5829
3861 342
4642 907
3404 2318
1584 1152
2764 1234
2280 5551
2363 890
5816 420
2956 1404
1428 6274
6218 4372
1832 3883
5063 6040
6281 2442
4543 3530
4536 6523
6160 4367
673 1645
5567 6482
705 402
2785 2461
3660 6071
5377 4106
6836 3603
3870 3437
6149 6837
4222 1610
2133 1717
4712 4655
3967 337
474 654
909 6998
1263 5244
5733 3926
1481 6635
2159 5567
2744 2056
3621 3083
1410 1507
412 3159
1821 3293
4622 5112
4214 3597
3715 6128
1222 2210
1626 6235
6163 477
3864 3218
3554 4490
1930 984
3516 1754
3201 6846
6286 2762
4785 5291
2010 2441
1118 4489
466 362
6911 2033
1393 6414
4199 2915
5648 1724
802 5946
699 2061
3909 4839
4260 158
5376 447
6179 4743
4878 1668
1079 5665
2142 4408
4651 3197
2755 2945
5967 134
5778 3645
3248 6261
5115 1611
4397 4778
6143 2053
3061 3402
2930 4639
5951 4512
1407 3437
3967 2915
3683 3156
1654 3314
6389 1705
5878 3475
1189 5429
3481 5681
3763 4613
6005 4748
5139 103
2300 1210
6474 1254
6567 4451
2029 6574
1516 347
1514 3684
2107 4952
2043 995
5864 5647
6490 4389
3231 5102
4059 1349
1512 6240
4561 6663
3384 6098
1321 1010
5397 519
2855 5754
5465 4595
1607 6477
3775 4973
4222 6416
2061 4203
2914 6334
3716 1360
4970 3835
841 558
1814 1293
3830 1647
5789 3379
5849 3430
4925 1059
9 378
6915 6608
3307 3003
6722 551
4141 196
3852 93
4607 5853
2119 2279
2678 3963
3853 3701
1153 1934
859 1487
2290 3100
3446 2788
2575 5713
1947 6144
6964 3467
6131 2712
2697 980
3036 6862
4534 3281
4816 6377
3596 4984
1519 6606
2538 169
2701 1099
4499 4226
5032 6941
4900 5324
3277 6924
3688 1540
539 2421
2092 4963
1102 4224
601 266
2060 3927
4859 4919
4792 3697
2063 3444
5542 4949
776 4993
163 40
6591 4016
5140 4380
966 2084
2609 3388
969 1601
3615 6515
2175 652
865 6913
4788 3174
151 6072
3518 6582
557 344
4951 4858
3359 5771
2601 6129
4160 572
1147 560
5963 633
2661 3928
1107 3413
352 2571
2074 950
6391 2800
1759 6042
2538 5780
3190 3491
6017 115
645 2793
2784 2049
2288 4851
1918 3820
4220 4760
3838 3712
5154 5567
4935 6957
391 5128
1033 2151
5986 1933
855 3542
3312 1387
3465 2383
3315 5822
951 3250
6013 346
6887 1102
4333 4822
2024 2711
131 6894
6848 6809
3887 571
879 5067
2861 6591
5504 1408
2959 710
5319 5792
1867 1946
375 6473
2951 68
1027 4938
4172 151
3950 2024
4385 1198
6997 866
5937 1640
4528 1506
1355 3491
178 2926
264 1946
4293 1609
6471 4957
6218 6763
5936 1415
5714 2534
2042 3640
6271 4145
2038 6150
1265 3948
1485 6166
4367 3251
5334 34
2761 6710
4298 5366
1939 3892
1780 2327
2442 1480
6614 697
1308 3271
6072 3154
5609 1178
3587 2507
2429 6156
1102 2614
1907 1321
6716 3633
2340 4586
6514 466
5041 5043
5165 1137
1128 802
973 3897
3631 5438
3916 1635
3883 5659
3229 4869
3481 5844
6905 472
2445 4006
2475 6100
3072 4104
3406 3226
6088 3633
5460 4064
857 5792
4594 1671
3878 5665
6648 2509
5466 1600
5669 1205
6085 3335
1078 284
4984 1102
2592 3652
4648 1153
4273 6194
3283 1291
2624 6573
4854 5193
5893 132
3775 1753
3025 501
230 1880
4208 5018
5101 5824
3805 3093
3179 4351
3791 5669
6452 5199
2338 2954
6433 6677
3083 1610
3442 1728
4844 691
2951 4874
2638 213
3701 3874
4346 6830
5468 1272
4747 758
6806 1940
3158 5352
331 2312
606 6489
580 5268
3658 5675
477 1383
6330 6148
4408 4675
4067 4382
5402 6287
4655 4552
6895 4614
1451 5726
1974 583
1418 3334
514 3867
3094 3997
5079 6950
6445 4004
6732 3280
2641 2739
1966 3324
4053 138
6788 4343
740 5526
2030 4248
738 5453
1992 1512
4731 2453
4920 5358
123 3837
739 1891
6840 3752
3939 1729
2700 286
5587 4131
1105 3180
3236 6682
3756 2776
989 6203
182 4417
6966 5554
1113 1543
3728 728
1388 3468
421 269
4841 3752
2666 4839
5618 6827
5153 4778
1254 3653
4805 1062
3463 2150
846 2138
6520 2434
2818 4829
2336 4331
3779 3295
1429 5347
1028 5003
537 1733
3388 2915
2116 5496
4850 6847
1 4382
4175 1016
1551 3997
4789 2407
5355 5262
6380 2023
6939 3707
810 6214
927 383
3979 6739
2479 825
4380 667
5629 3552
5541 699
4846 6324
92 3719
2236 1067
4870 4466
3378 4829
207 1225
3655 1165
5155 663
1571 1616
3752 4481
4882 5200
3841 3772
1762 4567
6304 3317
1608 4100
1195 5651
6957 3882
2996 2633
3653 688
6413 3260
638 4013
4642 1956
2462 1945
6476 576
4511 3193
1837 2647
2551 1236
741 758
5384 5976
4078 3311
3792 2725
6808 6418
5111 4097
4452 5215
930 630
6403 2168
6470 4144
4823 6848
3665 4081
6034 6997
3968 1638
4971 1084
4000 395
5223 1305
398 4152
2455 4507
3358 6755
172 2119
5741 6371
791 3854
4225 6340
5653 4272
923 6225
3903 3845
3073 6771
4709 5406
2293 3398
1290 4706
6548 5124
4399 4426
791 821
624 1647
1747 6113
2409 4512
6635 582
2459 3875
2273 5405
5764 2009
280 1056
495 2930
4197 6170
2800 1135
6067 4447
3944 5724
4632 3846
6528 3344
225 4732
5693 6680
3661 3157
6221 1881
2303 3712
6594 931
4507 1865
5756 3996
1611 2438
998 3901
5289 5284
4632 813
6404 4971
836 3573
3847 2758
1424 5995
359 6425
4657 1809
2160 401
5707 5982
1421 3445
6770 5479
5189 5053
1383 709
4985 6751
5828 1778
4336 6305
3985 4570
6393 244
4177 5494
4868 2379
2275 509
6669 5777
3832 1295
6751 891
6467 1132
4978 5930
6602 768
1122 2223
3393 844
5289 1096
2367 448
3102 668
4695 357
4359 408
5128 5874
4440 6254
3039 5981
5439 1040
3665 2471
234 6672
2099 4605
6118 3580
5834 3821
2749 6407
1544 3794
319 6221
2972 1726
2727 1141
573 853
2345 5011
6183 5106
3972 120
4956 6706
2468 3132
3156 6916
6446 5516
5119 1974
4460 3092
3219 4986
535 3752
3434 6860
1158 725
41 6627
4050 4914
1898 535
5831 4654
5851 1142
823 3630
2955 6633
2652 2660
3494 3878
2300 1454
3523 2364
3086 2363
376 6324
6691 35
529 150
5438 414
1334 5273
6876 5450
2358 5596
5074 4833
5191 6172
93 751
898 1710
5565 5824
4042 4622
3689 6224
1454 844
1072 550
576 2598
261 1274
4588 4566
513 2249
4959 537
6579 5055
6861 3987
6295 5296
4483 3991
3863 4283
4217 2529
5948 4434
4637 1425
6393 5050
1679 1120
5519 2042
2671 6069
3144 1563
1520 309
2862 2631
5133 4258
5884 6112
2830 3847
2183 64
6716 6642
1733 4739
1948 5859
1585 1835
6719 497
4601 2118
2266 5202
1581 4345
929 218
1674 1126
3188 4494
4445 4988
4844 4505
1814 382
6743 2022
4568 3109
3812 3540
691 53
6669 3012
5153 2981
409 6756
5390 2170
6983 1859
4889 3874
3032 3550
3149 4135
4367 5455
4857 5090
1753 2708
1032 2948
4397 6795
151 2933
3643 2391
6279 2453
1898 2308
2237 1774
4324 5758
5691 5666
4318 1025
796 2856
51 1948
2984 6892
1774 3935
3047 4208
6593 1273
2567 1127
1142 6876
1799 5685
1923 1025
2888 3397
3908 6230
4376 2134
5002 5040
6332 5847
5155 5282
5303 1770
3811 6297
6586 3485
5430 1545
4587 102
6579 62
761 4151
1356 1328
6079 5374
2414 481
532 4853
2321 4454
1808 4643
472 3267
5880 1000
4585 6041
6851 4318
1937 4464
5731 5041
6014 411
6260 3850
5376 154
3447 3926
2430 1364
5477 206
2483 4408
6003 5914
2302 6282
5344 616
6777 5308
3602 4968
4975 2439
6284 5375
4450 6755
6802 642
707 6143
4599 3845
2983 5862
6216 3928
5901 4856
3840 595
2009 1492
2384 615
4461 3157
483 773
5142 108
1165 578
4034 811
851 2108
5706 5519
4462 3732
69 2072
2159 4819
4371 6997
6506 3101
4988 6407
3023 4106
4143 4137
5535 160
1431 5019
5719 2721
4662 6
3576 5975
866 3520
4267 2860
2605 5286
1464 4378
6497 2234
528 492
3410 3993
4659 6124
4760 6930
5906 5176
4438 4435
5558 4466
1480 1878
4121 2284
5362 3773
2502 4003
1103 5311
2753 5534
4465 3225
1419 821
5956 5643
6243 4919
5892 3938
2129 2674
4646 5488
759 1714
5917 4934
5048 2270
1875 5009
466 4875
132 5753
495 3361
5223 581
651 3874
2925 6930
2961 2423
6354 2656
5232 1798
2207 4435
3323 560
1270 2576
5506 4252
3470 3239
3217 2793
6157 1738
1955 6062
1952 129
2473 5493
5592 2491
2142 5888
1325 3414
4284 3163
3253 1669
1627 3752
5312 3605
5527 4725
1470 6020
2447 3491
2414 1099
5122 6891
5831 5890
3876 4277
2348 6895
3341 1489
3499 2075
2274 4502
1374 2525
5458 6059
2843 458
5973 1809
5014 2635
6318 4473
5382 587
1123 2125
5693 2923
870 1679
4225 1428
930 2484
2860 812
675 1211
3302 1911
1860 5801
3799 2717
313 41
1335 3701
6531 2487
497 2602
4102 274
4315 1321
5035 3862
202 1930
2734 5776
1921 6427
1947 5396
6052 3391
4191 5577
824 5067
3121 5663
4432 2256
5774 1168
6555 1733
2630 1639
39 596
6011 357
2313 6658
4615 6844
4742 6619
3119 1803
3213 4848
658 6468
2535 1752
317 6175
1191 6931
3054 4037
1676 6222
4697 6095
3697 4668
1995 1249
5295 1291
3674 2964
472 47
85 3573
2984 2517
6726 2904
531 383
2517 3805
779 4893
2979 5556
1857 4698
3825 6516
2705 6485
6741 6595
6395 5958
4903 6321
6713 4547
230 2392
1732 2717
3062 4278
6639 2154
6305 3032
1845 150
3777 59
1574 5514
3850 4479
5925 6948
1978 3123
1935 43
885 1505
5706 5332
5551 2011
4713 912
2244 798
4422 6398
6732 4947
4850 2903
1121 6885
1367 3908
4460 6101
2671 84
4267 5706
5036 4756
5256 6974
5099 2826
4533 4135
5295 486
3540 6131
5042 40
21 1063
3572 1882
117 771
3694 3565
4413 2498
3637 3031
5528 2185
6591 5846
6931 1750
1113 6593
5657 1252
1944 6521
3387 5485
5235 1559
4586 1113
4498 1266
3593 3109
1483 4591
5643 41
4278 6595
1410 2800
935 6479
1912 3950
5785 2376
3675 4612
6529 3813
2365 1451
5201 6462
1775 3837
4571 6066
6930 1124
3855 234
1960 7000
1642 1995
3755 30
6709 5851
4327 2673
3854 9
733 2184
5650 2309
5132 1380
2596 44
512 495
2882 6265
1941 1281
5643 2269
5114 2679
4372 2042
1411 2220
1343 773
6658 1725
6038 2017
5883 5112
5878 4768
2773 5167
2305 2847
1749 4844
6534 3352
6322 5159
5761 6812
118 167
2459 6697
4541 3167
1244 3396
3016 5302
6197 3178
5717 6513
6818 6494
1297 778
3539 913
5928 4481
3531 6687
2510 6635
1951 2699
927 4628
4678 2125
6064 6971
1572 6086
1293 6671
6463 4990
1009 496
2248 1939
2318 3432
4529 2002
2967 1626
3844 1899
6263 3424
6662 1443
1500 733
5391 6878
4837 3286
4245 5626
3051 3202
4919 1406
220 2672
1505 4460
4516 4399
2437 5194
3672 2731
5423 6766
991 5178
4953 3619
1589 6790
6974 2065
5038 3168
1803 4275
3081 5646
5810 5899
4134 3701
1388 5753
2257 2001
4437 1258
4215 3131
3597 4250
2511 3049
960 6215
4465 6689
3128 4711
1149 2704
2942 5487
4866 617
6092 1798
729 3838
827 209
2749 5846
5889 715
5493 715
1391 2237
890 4695
4925 1197
6888 2671
5265 4271
4709 6268
4895 3240
6015 3271
5423 5611
3152 6236
5393 6900
6257 2804
5460 1706
5481 2583
5489 192
3025 1176
6669 1028
2940 5010
6758 3729
6192 874
5173 1649
5672 3282
94 3448
4801 6207
4329 735
6665 6921
5406 3348
2613 5554
6161 2692
5717 1520
4877 3758
4908 3071
214 4681
563 5589
2234 2525
2492 1063
6867 639
3756 4256
280 2268
4788 1434
645 703
4529 3425
890 507
5026 4231
2973 6247
6113 1870
519 5667
4743 910
6310 2384
1754 6210
3256 6535
3784 2490
5613 766
637 3444
4219 5828
3842 5878
5635 2245
3017 2762
635 6000
1903 5929
1132 6806
5605 6917
3738 1741
6539 4314
6100 480
2932 3563
5290 4812
4633 341
3829 5242
5806 3416
5594 5977
2488 2768
3593 1767
525 2048
2701 3815
1108 1874
5523 849
4724 3088
3786 4791
1888 4466
2848 6494
6673 2220
451 2284
6483 6260
2880 2999
6170 1599
980 6011
6274 6086
3533 4318
2602 776
5243 5346
1540 4133
4021 874
6605 4910
158 2412
3062 5864
3241 3163
4887 6650
248 2305
313 2700
2920 2024
4948 3893
6405 6727
1928 458
4894 624
33 3814
5566 6157
4575 2564
1426 2691
5758 6327
1481 2398
6405 3694
5430 634
5536 1030
6336 5809
6996 1883
275 314
4069 891
5844 2314
515 3184
3624 5910
5893 4458
2968 4293
826 1356
1323 2162
473 3712
6047 1892
135 684
6918 2350
5851 1199
4667 3627
5286 6116
6010 3141
6481 4978
3768 3006
712 6330
3446 6927
4879 5203
3418 4879
6716 1088
367 2131
5339 6127
1638 6495
922 6325
920 3246
2976 747
5495 224
233 2316
4340 1138
3450 603
2412 2102
886 1383
2756 2666
256 987
202 4134
1284 1429
5365 1282
6141 1503
2027 5674
3004 3145
193 6300
6015 3084
6667 795
6049 1914
627 2593
3175 3966
317 1613
1877 5326
2925 3791
4110 1965
6978 1596
5574 1806
2275 5372
5358 6877
6227 3125
5656 4090
1986 5269
4974 3504
4731 3746
2800 5193
4841 1662
2860 5244
3975 4931
5998 4204
5027 3515
4347 3756
3196 2160
1391 4278
5551 6898
1454 6512
3104 2571
6048 6950
793 387
5392 5333
6297 4244
6899 2592
2630 2688
2912 5784
3373 6933
4500 1719
2776 2513
659 6988
2441 3920
543 2841
3189 1339
3707 3022
2500 3746
2894 3673
376 1388
4949 949
2394 6733
5076 724
1826 799
3013 2052
1397 4823
1436 3997
6097 6411
2677 5486
5057 1421
2481 1410
3940 5071
666 588
3291 6877
643 5300
2476 1066
4895 1093
1142 517
6372 5303
2012 6035
5646 5199
603 6655
1637 496
3653 5014
2071 6615
2479 2468
4335 4819
699 3330
1654 850
537 5254
6105 236
1853 2191
2873 5024
6600 4379
2436 2017
1969 3305
102 2293
4392 5703
5353 4923
6320 1706
1547 6995
494 2524
6039 2218
3014 4101
1987 851
3664 5903
4218 3079
6716 5089
1668 2037
6747 992
2817 554
3006 3459
960 6646
3472 2700
359 5490
710 55
6307 4103
2793 5795
6926 5838
2158 5055
2132 3834
5797 1557
4620 1746
6550 6490
734 1580
3991 4204
1778 2555
6698 6361
72 5810
137 6959
6639 2748
3585 6899
56 1143
3061 6899
3956 2116
1523 4665
2746 5575
2584 1083
3353 6549
3518 1890
6539 2517
902 5486
1334 5143
5286 2896
2108 4537
3815 1884
4821 4257
6127 1260
3945 1176
3571 4907
5467 4405
2874 6699
2077 6355
2230 2433
5439 105
2137 6406
3441 2582
6001 2060
1639 6129
1391 1863
228 5168
80 3018
3342 5986
5610 1680
5985 803
6826 1419
451 487
4496 4847
4312 2286
5263 818
6042 6972
6539 1362
1752 6945
1444 2628
6105 5042
4367 6130
3612 370
1504 2679
6473 2994
745 3593
3202 2192
5012 418
3183 2142
572 5328
306 513
6570 4058
6938 2010
151 6991
6627 3811
746 4168
1297 1827
459 728
2174 2100
832 3188
742 6678
578 5523
4069 2127
526 5333
5590 2502
3468 6633
6434 6799
2532 2747
3667 3810
6890 1188
1446 1546
145 5641
4095 315
3759 366
1579 1109
5686 6347
3032 37
2125 1053
444 2675
664 729
258 41
191 5235
6044 6994
6008 921
4511 5104
2038 1808
137 1966
4115 4350
811 1156
2650 874
4420 1953
5603 6470
3614 3775
648 3609
6098 4197
2204 5668
2946 643
1731 3758
5688 1101
5065 1876
3955 3287
1668 2655
16 5769
2352 3287
3754 2250
5500 5187
462 6987
1013 1613
1469 1664
5959 6640
820 1218
5990 5953
1938 422
606 2952
6451 686
723 3537
625 750
4367 1137
3581 228
3589 4253
6080 1682
6517 1683
5939 1477
5918 3606
4734 6034
2270 6264
6038 1456
1551 915
5728 6892
1210 622
4797 3350
6972 3017
3075 4971
6199 61
2090 4576
65 2224
6202 5994
4134 562
870 931
5264 5445
6877 2376
497 1854
5127 2703
328 6017
1981 6511
671 6356
6089 4777
3097 3390
3133 3047
6674 5430
4864 788
4962 1323
2168 5556
3402 239
4651 3124
4656 3468
1751 3955
5307 1708
6107 5733
2750 5911
5388 384
135 310
6547 6005
6671 1345
2774 4053
4427 6799
5580 554
3768 5665
1870 4586
2395 1024
118 1834
5418 5107
5473 5568
6782 1334
6467 10
2050 208
2079 5864
3941 116
1418 3903
6784 5544
6053 5096
2042 5982
5404 486
2489 1009
2597 3760
3591 5372
3782 2688
4150 640
2591 3945
5116 6620
4891 1806
1467 8
3779 1636
6543 4327
5366 4516
6475 3634
475 2579
1337 1066
3453 5788
5485 2895
5421 1190
4297 3669
3048 1538
4323 2638
1587 1214
1425 886
6247 3403
5691 6154
6056 4589
2484 2893
6840 4671
2697 3940
1019 5079
202 2605
6086 5929
520 1948
1829 4130
764 4560
3441 4623
6746 2003
2448 4367
5378 4876
2102 2976
5273 164
2392 6687
5553 2433
3275 6805
2473 5363
3689 5102
5303 2258
5406 3137
4962 6129
3589 1488
2599 749
4207 3752
1005 835
4644 343
5865 4590
6598 3983
3800 5091
1472 2930
1400 1364
6942 1541
1527 3391
3870 4332
2626 2545
2187 5127
5539 5359
5413 6186
3577 6739
1337 261
2574 1631
4084 1817
1116 4988
2824 5189
5568 812
1891 820
5819 4595
2794 3068
3511 5338
6646 617
5502 5827
2228 1344
299 5116
4158 6088
6830 6561
1608 1636
1260 4336
16 2549
2996 6585
6831 2999
1406 4161
2340 4968
2319 4091
2683 5307
6017 3425
2865 625
3918 2844
2 1338
12 2026
3554 847
3824 2428
3552 4938
245 3725
4142 1771
2148 5148
3244 621
3453 4178
5225 6084
4817 4569
6157 6064
3659 1802
4106 3245
4512 3933
3178 5636
6370 695
1053 6086
996 2546
872 790
2763 698
3160 3552
2796 5719
5996 1393
4676 550
548 5015
6078 3677
2537 1294
5271 1891
3594 6638
2720 3630
1538 2721
5146 664
5360 4565
4737 5340
4807 6079
5074 3979
3928 2727
220 1924
4731 607
4292 3943
832 236
4635 4282
4877 3815
5966 2281
3597 119
5974 6306
2540 3820
2579 3748
3751 3969
1325 519
3071 4210
893 862
2231 6448
5718 5562
4940 5268
1910 6807
1949 6735
1567 4189
6269 6604
4462 5643
6273 2559
638 6355
5017 3421
3929 2147
992 467
6382 250
1531 4128
4048 6942
3358 2331
2174 4759
59 5897
4161 4375
5315 3236
1247 1336
1682 1264
5037 5177
1370 5873
1052 868
6590 3555
1239 694
3906 69
2412 3769
2632 5987
3320 6361
4564 1732
6859 5665
3564 6721
6585 6594
2545 6742
3751 6547
105 1704
2159 2542
2754 4637
1227 5945
6482 430
315 6617
2940 6490
3463 6265
4836 326
6286 6153
1064 1228
2399 3133
998 2860
5291 906
3558 2338
1237 2876
2840 6259
958 3461
4545 6943
4920 1902
5625 3411
6631 122
2861 4103
559 3163
3503 1126
3198 6906
6866 4900
5625 6794
5338 1102
5460 2031
6086 4937
2015 6526
5677 568
2039 4668
4005 5659
4595 240
5116 1440
2571 742
3832 254
4827 4720
2786 1835
102 4765
1597 3919
4434 1985
5578 6574
6264 3869
1257 818
2996 6748
3273 5336
807 3241
2558 6522
6347 2591
552 1968
3428 5624
6773 4685
6568 1247
2084 6639
675 6505
6566 4584
3292 101
6344 1539
4446 5378
1516 705
5246 3741
4657 3346
6406 6554
6771 4989
5054 6954
1394 3159
3319 1143
6115 3372
3883 3171
1478 1352
6734 5107
5519 1806
3442 3428
3559 4767
1188 1778
4930 1411
5988 564
4529 1067
2755 2498
6010 2043
3845 3818
1228 3806
254 3600
2819 3422
252 6937
381 3375
3686 3007
5978 3259
4928 4721
6979 6042
1652 2821
2648 1096
4112 5101
3556 682
5999 1103
1988 1989
5632 6005
2306 5496
5728 5713
6230 447
1273 3175
6190 1048
3074 157
6723 3763
3012 3443
3323 861
1671 3221
492 6747
5936 3383
1443 4525
6959 3481
4958 5687
2327 5969
5441 2623
295 3200
4777 3397
5245 4963
4589 3346
1659 2837
6891 4286
4957 2052
2479 3330
6897 5986
1293 4931
6541 4661
197 3042
813 1096
1974 1128
5124 3855
2807 1883
348 3211
945 1215
5115 359
1372 6163
2929 533
1683 4335
871 2205
6039 6113
1371 6692
2207 6964
4201 3587
4571 2366
2854 4331
1763 2786
6480 6987
3139 528
3607 2848
2732 6031
6710 5005
1579 6614
6679 3440
1703 1954
5058 5113
2914 1349
4254 3598
3256 5250
5374 3629
1384 3140
6055 6242
19 3278
4399 3198
2010 3767
389 1276
1941 964
5301 5221
4781 3465
1782 6569
5075 3188
4858 4651
5042 796
34 6188
375 65
6008 360
6259 4143
3549 934
5859 6653
465 6374
5071 2665
2490 2310
1275 5425
4663 1150
2462 6678
2360 2237
6462 715
5694 5273
1207 568
6747 4082
1057 3253
1526 6175
1521 5831
370 71
3792 1042
1705 1976
268 6210
1641 271
2260 6170
2950 201
4507 987
1929 6565
2294 5000
3201 3984
1567 2042
2407 2433
1204 647
3471 2532
3213 3994
1540 6231
6079 1300
5089 561
5827 3708
6787 5736
4641 5309
6470 4339
5542 314
3212 3742
693 5019
6483 2292
6042 4801
4110 2640
598 5159
3953 4908
6157 2307
2306 6114
2141 3603
2294 3845
4200 4785
833 4275
6282 1255
4950 3785
2147 385
1154 6545
1524 1160
5660 5638
3356 3871
5469 1906
1057 2448
3863 5365
4171 3266
4436 4503
3639 3405
3642 3676
6777 4617
5932 6511
5032 4534
3752 838
424 5918
2002 411
2007 755
4221 6012
5121 1573
117 4455
6170 2892
2417 2316
2355 1438
6486 654
3523 4169
3117 3481
3277 1484
3683 2172
2748 1140
2653 2034
4898 2440
5240 5587
3143 1669
1940 6299
2494 1223
2096 6812
3741 2527
971 21
6486 1004
3306 6736
3917 4446
312 4522
3796 6371
1957 237
3426 4586
465 4764
1991 6237
1738 5791
6652 1481
4687 4098
3110 6043
6503 6276
5593 2857
490 3481
2386 2979
3511 3354
1675 3907
3791 6377
3755 3714
1728 1289
3715 6567
4186 6152
320 4009
3291 4519
3121 166
1133 6741
3717 6613
2566 5017
2134 5360
826 6032
5079 3925
758 4585
6542 4295
3804 6208
1335 6848
3236 6690
3016 2220
5165 2918
2646 3441
1582 6725
6783 4357
2855 582
1220 5555
5379 403
6595 4306
2863 5361
5872 3719
3914 337
1768 6326
1274 5791
641 5878
1699 4277
5469 296
276 273
5677 999
2483 2107
3476 865
575 1094
3288 814
6302 6686
170 3260
493 2193
4060 3545
1603 1536
6362 4485
1847 1896
422 3481
3090 6464
3147 582
3095 392
226 2788
2380 1578
2471 942
1709 5345
6949 4403
2928 4601
1598 1542
2560 233
5610 3510
3736 6989
1243 3071
2060 3293
2643 5371
5609 5537
499 5771
3481 54
996 5823
906 2897
751 5992
2981 5366
3144 6296
6959 1334
4732 2231
6003 5841
1614 1671
3852 5070
1605 4591
1362 669
4497 2364
5063 5219
897 2784
5594 4855
2628 4689
270 6069
4365 3376
4101 4993
5469 2874
515 2867
699 5428
3842 568
6832 5292
5012 4126
1753 675
1748 331
1503 6916
3401 825
1071 4253
5427 6031
4111 2678
2579 3642
6471 590
1524 4006
4048 1575
6097 4321
2272 2179
2530 717
6790 2787
6886 2495
2455 4515
6901 3557
6679 4676
2391 558
6030 66
1926 2673
145 2933
6055 1062
1650 3529
2109 845
3471 4573
2690 598
6210 2104
389 2512
2402 1097
1486 5003
724 2990
290 5916
6737 1998
6272 6365
6107 1602
5432 2187
4465 3152
6865 463
3436 5491
263 1060
2959 5337
6135 2869
6947 2747
3373 4388
3645 2632
278 1368
5911 1663
785 2862
6791 5617
2873 3284
4981 975
2020 1153
4949 1437
183 1481
1086 2975
5783 5800
3520 4034
4532 6252
5277 744
5373 6868
159 6722
3227 25
6090 3476
59 3108
5682 1961
6929 1013
1574 3668
2966 5353
5653 6858
145 5511
422 4099
3559 205
4314 1047
1919 4080
4563 1751
1189 70
1605 6364
920 5507
6925 1244
1725 6466
6211 1901
4266 1006
260 738
6762 2943
4368 4666
6445 792
6887 1891
1092 3520
1806 2109
6138 5745
847 3689
4928 3542
589 5151
6750 4811
5141 4589
5129 6484
2665 1052
3418 5985
1802 2340
2201 1857
3759 5497
1026 5502
5900 2547
4866 1536
3341 261
5803 2614
2198 2690
2724 1982
222 230
6419 4051
4769 822
5760 2917
2465 3973
5770 3605
4457 3933
5011 1109
6953 1706
1318 4748
3553 4466
3338 340
186 3202
2125 118
5888 1382
277 3320
98 1103
3730 3604
2752 6632
4927 5545
1429 5518
4264 2757
4724 1429
718 3413
5221 2235
5250 1475
2913 3732
3940 6982
6598 3585
1486 2238
1644 3578
1449 3110
1328 5035
6796 6229
6749 6383
6799 6500
378 2971
3557 4184
292 6580
3831 5884
3344 104
2437 1120
4054 1957
3610 4195
3088 5776
3766 4708
3745 3831
4333 4001
1644 2423
5725 2276
5100 6388
4477 2999
2489 3912
4765 3631
2291 3173
935 1145
3631 5422
2209 5026
676 2382
5495 6136
5610 4396
2972 3507
1886 2306
2434 6083
2586 6854
879 3091
3926 4939
6443 583
5233 4042
596 6940
348 422
5513 649
6786 922
1896 4872
499 591
6135 6065
3360 3215
2236 5694
1496 5884
1148 4420
2383 1957
2732 6275
311 3923
5502 3119
2737 957
3067 2589
5961 1189
5747 6333
5900 3165
1261 4482
5595 2529
3255 5269
1944 2260
1911 6284
3571 3785
3155 1655
195 4687
847 3152
2407 6865
6827 6184
4270 4725
3908 3555
6580 3274
5210 3068
6164 6779
2272 3415
4025 1107
1773 284
2984 6095
4071 3734
1316 2260
2092 1727
1469 2502
6495 3351
5531 3833
2771 2015
713 3687
4629 5193
5601 3074
6279 2006
4751 460
559 3220
2574 4884
5595 4757
547 1705
6469 1349
5435 1092
4502 3139
5381 4239
6336 5923
6439 3392
4464 403
854 135
5432 6456
3916 9
3322 6440
232 3764
457 6326
6579 2648
5052 3956
2965 726
6614 4332
2034 3600
5955 5450
3247 3822
2462 5767
3002 3237
1655 4735
230 6320
1467 4684
378 556
5331 6754
5947 4808
6175 4635
1280 1825
5423 3310
1192 6142
6130 728
4077 492
2435 4294
4050 2052
373 6224
2140 3622
5999 5348
5352 1565
2521 6697
6936 5672
2146 1158
3357 6969
4506 5486
3857 5040
2133 6588
328 5700
4903 2678
6804 1022
1351 5798
5735 3208
3102 3417
3066 754
3594 3125
3778 5686
1753 3334
3064 681
2381 651
3222 1267
5738 3479
3625 4690
5092 6714
5677 3203
1131 6963
4405 5784
2593 4479
1189 4689
2001 4567
2868 6404
2278 3155
5863 5056
3838 2704
3122 1036
405 3826
3419 276
3871 2063
4645 5621
2188 3612
4196 4105
6105 2310
2454 1287
2736 4383
1764 840
893 3765
29 1445
6906 3527
3265 3192
3074 214
4373 5872
840 4104
799 1097
6802 2423
2509 4377
5054 2823
5721 1566
2411 1590
4062 1257
3902 3254
1761 3171
4961 6015
2010 4629
2158 363
3217 6534
4148 3660
5607 3157
5395 5718
727 2133
6988 5407
2287 184
3493 5651
5082 4440
5727 5144
6635 6982
3017 2689
6136 3851
3801 6935
4816 2254
3950 6277
4827 134
2984 3680
4654 1145
5101 2588
4662 5170
6873 330
4758 5632
1577 559
1596 4773
6119 4971
2415 1658
2936 2858
4087 2202
2760 4322
1475 282
4778 5503
1189 6112
1851 2259
2713 3752
4929 3420
4215 4831
5242 1665
5551 3174
5580 1660
387 1637
37 4264
5603 2583
3108 1248
85 548
4735 2773
394 1303
2486 5631
4736 6381
4564 447
2210 3481
5575 3918
1360 867
6807 4190
6251 6187
119 2761
6225 4966
3980 396
5277 5981
6526 1696
4943 443
5273 2075
832 1879
5553 4344
5924 6731
6927 6177
2940 5205
5982 4457
2191 1145
3663 5011
6270 4335
5735 793
3584 22
1598 4014
194 4224
4953 3009
2582 4184
4550 6002
3953 1582
3591 412
592 4270
5666 2127
561 2705
530 3392
153 1190
2300 4471
1061 3028
3358 3624
6536 1229
2652 2644
2043 873
3173 1592
57 4111
2672 3296
6958 4335
2608 5755
6925 1943
278 2767
4287 1054
3736 3395
2420 42
7000 774
2165 5185
4128 6659
4071 6125
6896 6086
5719 6275
4074 3390
337 3347
4808 3385
150 488
6482 4756
5988 3467
5406 4243
6294 4705
6178 6974
3150 5930
5806 5116
3122 3882
890 4435
1496 5965
6236 4700
5577 5818
4114 4667
6294 1672
3403 3343
2429 2383
42 6031
1594 5719
4077 2533
6666 6913
6229 6912
5475 4760
3398 6382
5454 3883
5227 4658
3305 3185
1896 5303
6500 4931
4141 3457
2825 6520
4977 3729
302 3137
3078 3179
4501 767
3045 5705
6875 1775
271 791
3970 4514
5382 1913
1351 1423
5186 5007
894 3399
6214 5449
5994 979
5736 2441
611 4996
5701 353
5105 5203
2894 217
5168 3273
5546 1913
3803 3411
470 977
843 6443
1805 2882
4272 2169
5912 3956
5411 6414
466 4241
1090 6320
95 5237
3913 6208
5723 4434
5946 6169
5220 6065
3885 1908
6505 1437
2701 172
6472 5461
5619 3330
4727 6132
5195 1282
5242 1128
4811 4325
4441 3294
4568 5321
6772 2720
4064 1092
3723 799
2066 2815
4590 2636
3618 2503
1704 1645
109 5293
1935 4052
4486 5696
4150 5747
3687 4525
814 386
3845 5111
3026 2564
1966 2584
3404 1204
4773 1939
1657 5212
2843 6240
5300 4839
2740 5361
2748 2970
2860 3211
5759 2155
1062 4248
6476 5179
3176 5891
2147 1060
4110 6698
2295 1712
1744 4053
5154 1257
3978 3546
2070 2533
1462 4340
1708 1363
4745 5933
6625 5652
168 2466
4958 564
2127 34
3728 6754
2624 840
3318 2160
1811 1491
1594 2954
6518 4250
6987 3008
5167 1088
4401 2309
2524 609
818 6116
2241 3704
4297 1205
4056 2274
6007 2233
1411 968
2187 435
5100 3249
4607 3316
818 3083
2337 1133
3913 1215
1091 2683
6688 2567
4907 2827
1354 3093
2950 2299
2081 389
2079 5978
978 3745
6461 6725
3381 4737
6753 6345
6487 1530
5220 4455
3911 1519
1488 2504
2111 1729
3534 5733
961 5993
5906 5160
2446 4459
636 3227
2384 2827
3726 5903
832 887
5402 3937
3931 2925
6864 699
2760 5558
5002 6447
3960 4794
546 3684
5964 2105
4648 4414
608 5316
6537 1243
5203 2946
2770 2489
5801 3804
445 599
5856 1259
2081 5650
4508 4784
4606 1909
843 645
5757 1253
6543 1408
411 4398
896 3689
4695 4610
3764 1068
314 5219
3982 2459
1239 4028
5254 5513
237 1774
2114 1222
3767 3968
1789 1462
796 3458
6088 2706
6712 3287
2407 3726
3415 3516
581 4967
4678 3101
1269 3089
5777 2255
6453 4524
6893 4796
1511 2622
1067 4860
3035 6678
229 4515
2622 4819
4993 1392
1133 195
2305 6051
4120 4621
6787 3996
3831 4518
4583 181
4925 3328
6635 6608
4861 1623
707 6395
273 3659
2945 3378
5319 6638
4003 2531
1838 4306
1248 1057
3323 2772
644 6046
2922 2428
6597 839
62 2658
5102 1685
3474 2941
1113 4804
3971 3747
2269 4492
366 3069
4843 3676
154 5630
3511 5452
730 4285
2452 6828
6001 3410
6493 3118
4812 5494
514 2940
1043 5913
3593 4703
3720 6730
2249 4964
5401 2102
4988 243
6015 4247
5619 3493
6178 5177
6795 423
5448 1167
217 5578
5103 3384
6409 387
435 4717
1216 4528
2748 2783
5544 5012
804 5523
4541 5566
5033 6028
6215 521
122 2685
3014 6874
4323 1142
6465 669
6965 5156
6405 3247
2205 1982
2234 6884
1611 1243
6637 2092
2600 2511
4688 2179
5617 4894
5674 6182
2351 5190
6329 1158
16 1858
319 5831
5978 177
1005 2372
108 4830
4234 3702
4839 5731
4806 3339
3581 5766
1218 6802
5304 6999
3238 2394
3293 2101
2121 1880
4356 1598
6190 4382
6694 2195
5159 3642
5040 2230
6509 6579
5194 6080
2928 633
1648 3353
1295 1545
3793 3555
4466 2897
2416 2178
3469 987
4778 3169
487 288
1953 956
989 1438
3198 5597
2575 6372
1391 4636
1422 3949
4656 5623
4367 5520
7 6252
6366 235
1510 3015
6887 5599
2157 1136
3050 1942
6239 3843
2466 1891
3591 2266
3312 2851
5540 5562
4055 680
810 1099
5605 3705
6298 4423
4493 4289
2516 4637
5136 4166
5666 948
6781 635
3176 711
1648 5581
440 3451
3071 3169
5540 2529
5126 445
2209 895
1801 2790
5350 5788
1324 5642
5503 6030
2112 962
5102 5686
6424 2468
1616 3010
1336 741
3851 476
5026 214
6366 2463
4134 2262
3900 2620
5359 6281
510 6068
2564 6906
2755 4222
2533 5341
1346 4088
3464 2467
4213 4248
2336 1794
505 2691
3903 3268
2523 1620
4243 5588
790 3052
4324 5018
1132 2789
1101 1224
3739 2113
6104 6785
125 191
808 3631
312 6433
2017 2953
311 6208
4757 332
6746 775
6350 775
3974 3858
5692 4747
1239 3036
4389 5763
6964 5549
5555 5415
5565 6857
6742 252
5551 2263
3042 3474
4429 1405
5533 903
705 6485
1197 6193
5118 2381
1823 3437
1377 4848
6081 1674
3097 902
757 3642
6018 3577
569 3591
409 2178
6140 2254
6822 3122
6910 4158
1125 4977
4922 5071
1271 4802
992 5387
3022 1667
3199 3057
4883 2864
5874 41
3611 5445
2205 4828
6529 2187
5340 6523
3201 6513
5694 4769
4658 3685
4998 6005
1147 2642
1357 8
4068 5317
6618 4107
1226 1245
1004 2364
3782 3233
1476 4803
5054 4035
6017 5580
480 6501
2464 1682
4983 5323
1686 5552
4984 1761
5505 709
2963 6698
1817 1282
1965 1934
3606 6575
5579 2321
5202 6535
6312 5878
2308 1519
1238 1605
494 4305
2975 6708
1361 6142
872 2945
433 6281
4504 5446
2756 1682
457 4423
1055 5281
5723 2450
5623 5252
637 3078
6989 2306
3288 1920
3601 165
5092 2583
1415 2591
1697 5687
16 3899
6578 3903
6705 5930
330 4998
579 5702
1159 1847
539 2893
6253 1110
2402 4163
4458 1664
557 6882
5383 1227
4822 2880
5019 3394
1024 2561
4635 6437
6942 5469
3673 1330
2869 5477
4629 5868
2203 3172
2977 2566
6492 3728
5874 4847
6065 2163
2352 262
6646 1162
111 2981
3980 4641
2263 190
2601 185
2064 6396
3432 113
551 6636
2041 5446
4154 3481
5145 658
4589 2655
319 651
2349 3347
3307 4548
1280 5533
2255 2931
2964 1176
5496 5022
4364 3476
169 6719
4214 499
972 4599
3613 2753
5576 4227
6536 2091
5300 5083
3676 823
3232 6067
6970 2548
6352 3667
5652 1778
3981 4842
6278 5438
6995 3544
589 1801
6284 2220
2363 370
678 4502
5526 6742
6933 3797
4665 4693
888 5251
5523 6444
3682 6653
2228 1084
607 2757
6701 3447
2418 6843
2532 1495
815 3460
6329 1589
6950 4151
1217 996
3118 838
4711 3533
4458 3087
1373 1509
2152 5411
6166 3288
6480 5141
6573 1168
1691 3481
4418 2907
1145 5442
4574 1168
4908 290
3364 4627
1497 3615
6411 4223
3787 3040
2520 3713
4972 1214
211 1602
4008 1696
1484 2629
4684 4719
1819 4605
652 4728
4260 2671
4308 5371
5285 2842
299 668
4562 6419
3937 6367
4785 1738
3128 4508
2711 2907
1902 6710
782 6679
6852 2811
1093 4097
1590 4903
3059 2836
2219 5828
2274 5535
2582 3436
3120 6495
4424 6835
3457 3636
839 3399
6071 2596
3581 2359
346 3466
4532 6553
3885 2770
3033 4247
5782 5876
462 4580
2537 6295
3509 3422
1797 6485
1014 5093
1917 6587
5905 3997
4809 2108
1889 2287
232 5057
3654 6028
4122 1178
1393 5089
4316 2175
6962 2925
2251 2676
97 2388
4177 2770
842 5925
5800 6805
693 6556
4136 5398
4608 1421
4699 1539
590 6054
5044 4957
5419 4080
2396 3380
5125 3633
4316 1020
2115 886
1368 6321
5903 3146
488 4996
2050 5372
1008 1090
6240 287
3939 2201
893 6213
2722 4489
974 4889
1954 2631
6178 2038
1942 1116
1973 429
6960 5457
3992 4464
3775 6681
5425 2740
1512 4915
6103 174
2940 2847
4324 4644
6292 5708
5521 169
5600 4434
1276 5577
5950 5944
6098 180
6250 3203
4360 6903
556 5638
1359 1266
4646 5984
3262 1154
953 3207
1412 3529
2286 4285
440 4150
1381 1964
6014 2330
128 2343
883 1687
2092 255
4203 1627
2023 2370
1965 2365
3851 1175
5390 601
4824 1910
997 5357
1325 3910
3976 5758
4098 4435
3884 6169
369 2755
3170 410
5477 5858
2327 3131
1293 5126
5902 5098
6743 5714
2918 3572
3544 6478
3103 2571
2167 5101
4844 5164
1909 147
3062 318
3753 3619
5701 4061
1955 492
6328 4159
543 6476
5207 6155
3251 190
5078 4055
4775 4246
3392 5333
904 1759
4211 5601
2802 1303
3419 6375
2025 1611
6748 4903
2183 2951
6197 828
6128 2943
1768 3675
6757 6120
988 6718
4611 5693
57 3176
3536 4681
3192 4871
6660 6187
4563 1515
3639 5560
4256 806
6284 6839
6737 957
1162 5558
1196 4388
6708 5854
3745 5205
1042 3921
5180 4308
3626 1541
3529 3860
2712 1386
3871 591
512 4106
2131 5770
259 5912
6262 4986
2843 3532
4269 4801
4639 170
1194 3911
134 4685
6825 6789
2582 2444
4667 4847
5663 3122
5917 4170
5845 2604
843 6313
311 6452
743 2699
4917 2743
2740 3003
1983 580
4655 299
742 2474
5408 5232
3634 4411
706 6200
1200 1073
5470 3077
5188 4145
5002 1511
2001 2290
1106 657
3912 3574
5392 942
5464 3262
4097 2573
3286 3297
3644 6977
4766 1419
4397 5494
5362 2204
1778 3157
3211 1433
5765 6758
6966 1301
1654 4030
1619 5729
6373 4170
2021 2511
1023 4163
4251 1885
2881 925
300 1324
1519 4744
5223 2395
1023 1130
5245 6126
3997 1187
1292 2486
5278 5485
5061 1286
105 452
2863 6361
326 6278
6735 5286
3120 6926
5696 6937
6509 3253
2796 1352
2589 4257
2279 3277
1806 613
4760 18
5658 1168
5188 2185
5289 2991
5977 6775
1545 1777
3795 6691
5564 4916
4628 1030
4036 3370
952 4646
1848 2717
3754 3657
4098 1215
2164 5397
1422 4006
4591 4531
1719 4000
1571 1096
6765 6225
1039 4241
4551 968
6677 4126
3220 6352
1283 4601
754 4257
5241 5552
3343 2221
2314 4560
2121 4165
4609 2077
1956 156
5484 5687
5107 5737
1802 6105
4078 5824
6256 4254
3147 2282
3016 2765
6973 862
1962 321
6566 6365
3474 3616
3816 347
5722 5451
1227 5766
4623 5516
3632 1169
4936 3761
2288 2184
385 5679
3468 14
2974 3643
629 1875
330 4437
6832 226
5915 6970
5080 3890
6477 2509
6519 5364
6044 6791
3365 5901
97 2364
4510 6928
269 3410
5509 6632
221 3339
4882 5753
4008 2745
830 4386
6752 4784
4451 6698
399 5331
5864 3598
1168 4381
5436 4060
4963 1396
4030 3443
3044 194
3942 1344
3498 4336
485 4324
795 3052
3682 481
2071 2842
5235 3023
5577 6924
3708 4331
4902 1093
1779 2441
2524 1097
1529 2266
3112 1267
161 2133
5011 1036
4271 472
6576 5093
1280 1939
750 5911
6202 2408
3523 5682
3267 1555
5564 2151
6278 1494
4533 1411
3051 6626
1993 1057
6041 4934
1774 2447
2827 1256
2266 2909
612 2190
1140 4561
2766 980
3235 6154
432 6918
6215 3774
5499 4358
3066 3901
1538 2355
4036 955
1663 1303
2499 1575
601 1250
1005 5275
3801 1088
2531 332
5712 2372
1309 24
2499 4958
5367 2337
1685 2001
938 1020
6170 6633
6163 5462
2987 1514
4149 5154
5109 766
5019 4256
5733 2845
4386 4343
5170 4425
1524 3746
4046 488
6313 2373
5781 3266
4070 2013
1730 4753
651 1313
4751 5380
5809 4533
5563 1094
1609 262
1330 847
5929 2383
4067 1715
2374 1822
6081 3154
4654 2414
5948 3564
6431 500
5920 1516
6575 3662
6754 5879
1160 5512
697 3536
3648 2670
4766 6038
5239 2286
2123 4805
3768 1274
3365 6519
2641 72
380 1385
4552 1356
5758 6823
5326 4914
524 4547
596 6867
1497 5282
2739 6242
2856 1165
4351 319
2336 2819
997 4178
4003 3019
6439 741
1277 31
1697 4589
1182 3177
6805 2030
4850 5335
4382 3015
5223 3631
4968 2358
6869 2954
6463 2266
3503 5298
5652 2990
2577 2100
3622 3677
6824 2430
2314 6601
5490 1881
1474 2423
1870 2423
1469 2079
2472 1525
1348 4004
759 3609
5752 2066
6254 3216
4514 4231
2924 5217
6356 6876
4794 84
6944 1384
624 4323
3752 4847
395 5025
6909 2329
3535 6310
6902 1158
1055 345
1459 5124
6490 2153
1383 6068
5402 5043
4127 937
3884 4185
5092 4063
6828 2148
1234 5945
3968 6542
1351 6530
6174 1358
208 5549
297 4086
5643 4351
4251 2666
1319 1330
4767 1270
4206 2923
3811 5777
4991 5859
1368 1222
967 124
5672 6974
4514 6459
4674 1456
6883 6369
870 191
2466 6567
625 6776
5443 6922
3555 5033
4541 1866
5413 1795
4477 161
5566 5043
1593 751
1061 3142
1737 5411
3424 5489
1363 474
2139 695
2708 3067
3381 1655
2551 5335
1023 3789
4688 1512
1671 4010
5714 5291
4845 3381
6281 1174
3170 4037
4433 4376
2972 4052
2561 2266
5370 4700
3369 6906
2968 6562
984 4211
2438 3364
4155 1399
1328 4775
1075 4329
2307 4601
4430 3324
3807 4099
5111 6691
3647 434
6580 4624
689 129
1695 3256
107 905
3364 3529
3176 4232
5571 1199
189 3189
127 2311
2957 4868
244 2896
1021 5971
2270 1686
6721 1072
5136 4654
3916 1009
5662 3946
1560 3970
1245 4898
2207 1337
3697 6563
3015 5977
5312 6573
6224 3649
4233 127
1311 5895
778 3180
2665 5598
4031 2652
3824 4803
240 5756
3853 4043
6334 6446
3440 1430
1413 3169
3596 1943
6483 3536
5273 6995
104 5868
2153 6362
919 5263
601 258
5931 6406
4111 1076
5619 4599
2345 116
4298 902
6548 1652
5956 1740
4677 3150
2466 1574
124 3487
5953 688
5304 2494
466 972
3616 3699
6097 6102
4636 5778
4638 189
3762 2770
5076 3798
501 6039
52 2271
215 3955
4933 6903
464 6911
6221 1792
2883 6184
3320 2775
6152 3907
6546 3834
6083 1858
5250 6021
833 6219
5439 1756
4814 1704
1637 6953
6207 1335
1343 90
4455 6497
4556 887
2465 4331
3710 2556
6563 1155
1215 4227
5599 1637
2405 2745
275 2851
6167 4538
2798 2447
1982 3581
3014 759
2916 4388
6710 801
2396 2632
390 4494
4815 4157
3416 4711
7000 1506
1169 4232
139 711
2362 6431
5683 180
540 4438
4626 4635
5768 6145
2474 3639
3749 1329
6822 1392
689 747
2034 3340
780 111
1401 2673
5322 5277
6770 4585
6106 5359
5793 4862
3372 2510
1911 2186
6350 5719
4633 1268
4266 6170
5477 5565
4479 801
3522 2454
4986 2295
3171 1473
2338 718
3052 61
6963 1223
4920 3927
6496 2511
1642 6118
3815 4958
6476 4488
1364 3895
5593 3646
1013 2914
2327 3188
4689 4933
6246 4965
5028 4399
6800 6305
356 1072
550 4321
6431 3964
1598 2786
168 1775
5768 5340
5680 5493
1887 6272
3778 5426
2462 1319
3894 6540
4336 1223
2211 919
5951 6895
4573 2664
3486 1992
1743 2736
6132 6906
1982 5004
1190 4250
270 897
5075 4945
6725 1004
677 5193
4732 3825
618 1580
1022 5605
4138 3086
6060 4559
1920 1093
5471 4164
79 548
5782 5746
4774 294
6530 3919
4880 690
21 543
4966 464
1423 3670
3935 5386
1885 5421
517 1124
2105 3475
1785 1807
1598 5364
5693 2671
2711 1972
5944 38
6503 1722
5109 2620
4952 4888
2125 1094
2992 679
1035 3157
6097 5915
5787 4935
3980 3974
3484 4524
2949 982
2603 345
2482 2270
2480 1443
2509 6345
1924 3440
6676 5972
6409 1656
6084 1896
6861 4971
3313 5581
6391 5988
6936 3802
6859 1892
4694 3667
4775 2343
5031 6470
6275 1841
1514 2229
5738 4642
2746 2501
1908 2156
1887 1279
3277 2891
3901 4970
4584 1994
3770 6207
3219 2132
3181 5812
1684 3579
279 6570
3238 3313
6349 450
5144 4253
531 375
6353 6985
6630 5573
1582 2521
2456 5529
6033 1153
220 6340
3254 813
3950 5212
2541 5078
2228 417
6457 168
4292 1943
1200 3358
5004 4623
2937 2045
304 1500
5567 2262
947 2131
2716 356
1385 5740
6984 35
2627 284
2881 1332
660 2074
4400 5798
410 5309
4980 1943
2404 1932
1194 5391
6972 1903
5788 167
1521 1090
5472 5034
5883 404
5762 2329
2424 5967
3694 3313
707 1516
1682 5330
6293 1965
154 3784
5911 5835
4882 1004
5785 6662
4816 384
2978 110
736 4139
4719 2703
1699 5684
804 1799
3101 2395
2113 4735
1296 2261
611 2158
5036 1821
1910 3652
5083 1667
4680 496
920 2913
2534 69
5648 887
876 2614
323 1876
1777 1029
5390 5732
1348 5053
4579 6456
2182 2246
2560 1640
1689 2313
6911 3074
5919 5672
5573 5035
4107 4367
2577 1994
3384 1528
5844 3054
6152 955
6685 3670
5291 5322
3913 337
2832 6650
4011 872
4436 112
1261 1270
22 3991
4848 4752
5060 2191
2792 835
2162 6855
5592 5435
2727 5321
5282 4455
5611 3233
4587 3664
6020 1940
1102 3842
6957 2264
856 403
6638 4204
6082 6201
5798 6442
3458 5018
2439 5793
4829 6580
130 3682
6073 1951
1561 5295
2934 3520
3581 887
5702 2947
1719 219
5912 313
5951 5903
657 3576
710 3210
567 650
2088 1779
529 4330
371 3744
3674 297
1812 6045
6346 16
465 373
2450 5578
4671 5590
6249 83
5851 5672
1670 2205
954 6953
116 5854
5341 3880
3253 425
5426 3429
5625 606
2540 2438
2070 6461
420 3232
881 4381
3281 5856
4781 6108
5829 3819
359 5962
3279 2777
6926 6310
1936 6646
995 2416
3876 6416
6760 4328
5764 391
3432 2992
5409 1920
4323 719
4357 5965
4455 3090
4613 4430
3214 4984
2216 6636
4826 5477
5535 3722
3489 493
438 4161
3015 610
5754 1551
926 717
4663 760
3515 5097
2204 1334
1889 10
3444 6385
2358 5938
1613 5030
2845 5302
1262 4049
5312 4589
5644 632
609 1949
5430 114
5997 1659
5470 2142
6898 6490
97 3494
1105 2530
2758 3024
5590 746
1008 3351
2651 4655
6362 3477
393 3987
2804 5651
4827 760
5016 3665
6394 2234
6141 1788
2345 4548
6915 428
98 3315
3680 6453
3890 3065
5239 3148
3794 3357
1431 4393
5178 5124
4555 5899
1067 6560
3487 5277
2075 4845
76 1462
927 2766
5254 6058
3700 3291
4808 5971
4813 6315
6523 3179
5246 3164
53 3141
5371 4364
2666 6417
536 5769
5219 3970
6019 2333
1217 2720
12 6523
4936 1403
4024 2075
1632 4625
2155 6652
5641 2912
6427 3067
3032 6925
5891 54
2018 904
3296 2275
2148 196
3369 6695
1590 1366
3197 1515
5099 4965
1584 1551
6491 234
993 329
396 2325
929 2788
3964 869
4593 3292
1164 1150
1291 3177
2848 3209
549 6704
6490 6398
3092 3569
917 4656
571 4019
2682 5391
1006 3947
5206 5212
4177 5299
6644 3832
4242 5694
2093 5750
2523 4580
1845 1484
6774 3124
1098 503
5676 4572
6476 5187
6661 4186
2003 6207
1879 3697
3271 6136
6509 4546
5514 3463
5698 6024
4648 6732
5328 75
6159 3
6257 1292
5012 5696
6158 532
1744 4411
4968 4643
5410 5742
6344 2385
5434 3884
5067 2370
1352 396
5123 5685
2969 479
2234 1013
4099 6116
3776 13
1857 5227
6060 6763
5802 5973
821 4143
3661 5890
4516 3960
6417 3802
6355 2924
4490 2739
758 3040
6663 825
995 2229
4637 5418
2032 505
4146 1394
6316 717
4977 1322
942 2568
4796 3196
5391 373
6349 6492
4857 6855
191 4097
2080 2424
1058 3682
4922 4998
715 310
18 5108
5374 1897
2211 2318
5103 6507
6820 4542
2729 4001
3971 5715
6751 6657
5842 6846
1821 1382
6590 5019
2631 6849
1578 1624
1974 1624
2753 5526
5518 2026
3317 1138
4781 1733
3246 2426
3060 6208
6903 6647
4878 4295
1063 2871
65 3769
4930 1452
943 1234
2066 4946
96 2301
1992 2553
2649 4772
5116 4059
3542 5578
6066 5399
1778 2035
1711 59
1160 3154
5919 6103
6165 3126
2483 2790
6127 6806
1022 2466
4415 2699
3831 2648
426 1654
1212 6727
6289 4101
6470 729
1896 2441
3976 5254
1538 4453
1574 700
5446 6041
3533 4684
1795 5772
324 4760
2132 2159
2691 3843
855 4396
1015 1645
5213 585
2945 4891
1159 4807
4094 3408
5856 462
4677 6240
623 1794
5113 6770
6670 6802
3055 2026
4574 5738
4925 303
6826 899
6769 6781
2929 3607
6136 452
1224 6306
4294 436
3712 3464
6824 3455
2332 2570
5840 2561
55 2626
5729 5174
2738 6641
2299 3561
3608 5743
5372 3624
838 3237
1731 4043
6796 4066
4307 6683
6208 863
3405 2381
6768 5401
4032 1725
947 147
2898 106
6979 4123
1559 4875
2907 569
2027 4162
5007 4034
2734 1580
2267 2868
2575 769
5102 4271
3113 1576
6258 3959
6815 4816
6003 2686
4157 2551
2975 1642
2087 1180
5600 1515
3852 1915
2477 3617
2324 369
2389 1518
1417 1385
5040 6776
4999 6775
3667 2135
1236 5511
618 214
4807 2818
6737 6064
166 1810
536 589
6304 520
6512 6885
6682 5576
4301 1899
6551 6813
1508 4105
2833 4568
6976 5299
6084 1685
876 630
1440 2658
3952 5128
534 112
2244 1140
5354 6720
244 6954
778 3855
2237 3352
363 1169
1395 5517
3883 2675
684 4193
2386 442
4089 6715
1668 4363
1074 3624
3073 591
3193 5611
2716 6211
6234 6890
4749 6172
1127 225
4430 3194
2778 4056
1320 3249
97 87
4613 6284
1492 2043
4642 4770
13 6775
1894 5995
2182 5873
4166 1808
3770 1808
5915 2010
2491 966
5290 1958
5947 767
4722 3194
6365 2246
4477 2609
5244 4996
3255 2301
4688 6993
4839 746
5936 3237
6827 3216
6354 1306
1536 406
1226 6596
4311 1758
6583 3987
2774 2378
3804 5899
4175 1870
591 2069
384 4974
2681 5570
6664 2636
6540 126
2674 2147
6564 4684
2742 6977
4953 1383
2637 2265
2900 1147
3017 2486
5754 2600
2638 5873
3390 782
895 6617
2920 2553
2479 5062
276 3347
1267 5442
1303 935
1862 2619
5100 5193
3763 3215
1203 3737
1980 6812
2350 5591
3666 3282
6555 1538
4399 6085
4681 5017
4745 306
2916 2030
2663 3836
4973 3139
104 1550
5995 6045
926 2116
6898 1123
2570 4776
197 5124
2839 2722
3329 5767
932 1557
4798 290
1551 4046
3858 5330
4040 4812
6254 2899
896 5283
214 2445
5666 6112
57 4713
5934 6866
2166 5258
6342 2719
3976 74
772 6910
6118 3011
5836 4079
3074 1434
2011 1937
5407 1687
6279 1616
2724 1055
6115 6877
5590 4023
5366 5069
5486 2919
6828 1831
4338 840
3937 496
5676 10
2718 6875
6422 3772
2659 3262
3595 732
5921 6230
2347 1455
7 4195
4052 2139
1034 1783
5547 1293
2435 521
5886 4142
6163 2730
4575 1133
6352 5635
5261 4090
2143 4284
4163 2128
6152 1817
2757 5675
778 3668
3314 116
2665 6086
5780 5594
1829 5033
6826 980
707 1923
1849 6439
2320 5270
6921 1217
4309 1549
4276 5573
3901 34
482 2744
4429 6569
5616 1406
5208 6307
3467 1462
1937 5505
6142 698
6985 2141
541 3324
5329 1349
939 3370
5569 4219
6094 657
1393 1096
4013 625
3323 6594
2084 5151
465 1235
4797 4871
1958 6732
3226 6661
5791 6483
6135 6293
958 4551
3668 1344
2985 3566
5077 724
2451 3632
1706 2724
2045 2190
2824 6092
1076 2328
6189 6529
2137 5162
6552 4137
5900 10
2543 188
5965 4569
5313 442
170 536
143 5506
2698 476
2660 4156
1905 2560
3537 4429
6962 2665
6541 945
3194 1057
1814 6579
1509 5943
4924 5743
3527 708
4394 6709
4805 2079
5949 6668
3368 6313
3404 1806
4478 5656
6410 647
2747 3751
6563 1643
5050 5293
6566 5324
1251 4372
57 1948
6657 1278
6543 3620
213 2461
2711 5225
1610 5244
5947 2808
5945 6145
6036 5509
3013 4809
5320 6093
5129 6525
872 4726
844 2678
5598 5283
1398 4018
2024 6924
3416 5199
3566 2514
3075 2654
2478 4650
391 1420
1043 5547
4038 4953
5125 6756
1706 5302
6064 3743
1350 3977
2318 204
6051 2757
5027 2434
414 5726
1318 1406
6734 3164
2028 3259
3373 5852
3645 4096
586 733
2681 4578
1021 661
6224 1372
2049 1103
3241 2700
242 6558
5536 6633
5099 6632
5291 6802
6843 6490
5229 5924
5912 2948
3291 5446
1732 2335
5775 5868
1042 1888
23 2663
763 5856
3970 2701
1945 349
3624 2064
5148 6120
599 4701
425 2828
1187 4871
1121 6503
3373 1664
5331 2794
5259 474
4954 592
4766 6957
5514 5130
5982 1034
4164 1412
4668 3389
2868 3599
2680 3548
2525 6643
4561 2768
426 1898
4968 6310
6284 4001
1487 4732
2648 4764
280 5456
2975 463
6829 1091
5127 4842
423 5764
617 1843
4915 233
2391 412
4345 4052
200 2494
2096 2746
6091 1327
4336 6972
5394 5371
444 2854
6772 3940
175 4881
3131 4359
1352 5446
4306 4097
1441 3983
4578 89
6210 1958
5859 977
5076 3749
1652 1951
2027 1828
3310 2789
3368 6931
4856 4914
2086 2408
6191 403
2961 1854
1679 3747
4547 1126
5512 3498
5815 1055
3645 2486
4615 5202
6405 4304
1964 4108
1955 2110
4756 4683
532 3024
5786 5952
4351 6849
2085 5566
335 5139
920 1628
5037 1892
4572 5505
3450 5401
741 3548
1269 5919
2969 1341
5431 4448
4371 4468
4586 6342
3352 5243
68 72
2729 6018
133 467
391 5421
6055 6527
1793 2132
1261 4523
3973 1389
2072 1547
4468 1368
4343 3174
794 5811
6396 3787
6143 6347
2845 716
2960 1228
2996 885
1812 5565
1230 6341
6858 5538
1471 3020
1068 1849
1804 4923
5023 3283
2805 6952
4018 3010
4928 13
1000 402
3336 6588
6507 1524
5781 1420
239 1243
5789 5445
130 519
3945 5356
1739 4124
2797 3277
6030 1343
6897 928
5399 722
2484 1999
1450 988
4533 2493
4252 6415
5799 1595
4811 3935
5986 1421
6452 2914
4502 6563
3332 2281
2530 839
1193 3025
2086 3831
786 2112
1431 5068
3368 5321
1248 6115
3803 5249
3982 6712
664 6064
2832 4560
4570 466
4237 4952
5445 666
6183 3813
3232 5433
1451 3441
6308 2761
1208 3683
2512 6275
3637 6650
330 5437
6154 2294
6902 467
4307 1934
6302 2165
5622 6570
6582 4434
200 6495
4703 6071
6518 477
671 6080
5196 2971
109 4098
2158 4592
4553 5723
6017 5564
3271 1200
2617 2662
2489 3416
4662 5666
6596 2238
5878 6159
1800 5823
3329 1555
1364 8
2489 383
5377 4830
2364 4818
709 1245
3293 5281
2634 6399
3378 666
2036 2508
4582 3054
6550 4872
5896 6334
3463 6631
6959 3579
3566 4100
6088 6504
450 203
2804 1333
4715 2617
2783 456
2628 3551
1845 2159
1162 2883
4522 2222
6485 3696
6573 5795
5420 3372
698 3688
4798 1339
1291 4202
5789 2680
2776 2668
3394 1549
6888 1834
2148 3099
4054 4039
649 6455
1774 6830
4305 1406
5922 1489
160 4012
1562 2221
6660 5390
1364 2236
5169 6355
2265 651
3171 164
5848 227
4323 2362
5281 4317
3872 4183
1819 6199
3629 261
5366 6118
4400 3521
986 2411
6247 6510
6058 4359
4588 6201
1930 3936
3557 5461
1315 4572
2127 4450
4083 4753
5456 2224
6134 1910
5705 5934
2434 5132
6940 3471
4825 2357
2141 1123
1774 6025
251 4823
3456 5005
1620 5558
6622 1849
2365 3460
1338 210
6245 6063
777 4115
429 6815
30 882
2614 754
6413 1675
2447 1580
3877 339
4351 5857
3040 2094
1462 1185
1240 2304
6121 6936
2324 426
5402 1587
1484 3418
3256 1160
5162 1346
6306 5935
3317 1813
3069 4717
990 5512
6362 582
2566 3342
4092 4815
638 4306
1032 4233
1309 6985
6823 5114
1153 5691
933 1221
2304 5035
5356 4221
6639 5936
2047 683
5761 5438
4080 3650
4644 5678
5935 895
2527 3737
4845 2958
3790 3322
149 3741
5255 4519
6036 4330
1480 1740
1053 2427
5132 5617
1980 2063
4230 6977
5526 2538
522 5420
4316 5997
4071 6166
6432 2051
735 51
1514 3953
5182 1947
1914 4826
1382 801
3684 5905
506 1884
4955 6105
6892 6358
6517 65
1627 4769
722 2448
65 3639
5820 4863
2184 5626
324 5785
4400 5294
5823 2128
2275 4990
1714 981
6533 3981
406 899
1407 5934
2338 3060
5330 2195
658 1874
6255 1758
5885 727
6747 2220
4644 4873
6468 2805
5112 23
4575 6988
1894 3019
1116 6135
5682 5279
2351 262
6251 1235
5685 2544
6810 2919
6440 4140
3818 1532
2476 4872
3200 2651
1755 2860
201 2345
5868 4880
367 1294
6373 6301
4214 751
6218 2226
1571 3682
3252 2060
6793 4443
4900 2210
2780 3004
4999 2189
5993 3047
6048 6918
3252 5443
6393 3920
5364 4007
3184 3996
5075 3904
2611 4134
3886 1824
1532 694
4230 1634
5422 979
744 3122
568 1176
2376 4991
4891 4726
1749 1860
1594 4955
703 88
3913 2866
5258 5459
516 3645
5179 470
1706 2163
3072 5633
6876 6898
5224 3596
919 4035
6270 4644
2389 5576
1448 592
18 6751
1627 2809
4343 2800
599 5750
1977 4319
5237 44
3657 2472
3440 3935
3500 4740
1967 2096
2777 1147
936 1356
2371 459
4335 4787
5753 2031
6529 2252
5823 6934
5629 275
1088 2127
6473 4572
2516 59
4852 6245
3885 794
1648 1003
1672 5561
4359 6312
2960 1204
4192 1476
6838 6390
3049 6157
3574 2595
3393 3715
1392 6675
6469 4049
5306 938
4915 1282
405 5453
1236 5381
434 3939
5894 1108
3435 2436
5866 6230
6456 3063
2044 1353
3976 3514
824 4124
2914 6871
3217 4428
5496 3664
1912 4617
607 2554
3618 1739
5216 4778
4557 3644
4767 1010
1496 6624
6239 4876
2932 4417
2870 1287
6225 282
5788 281
877 3354
4024 148
5543 3860
5701 5200
5880 3253
3803 4875
30 2923
3674 2021
2342 4551
129 2148
3603 3309
3818 5183
399 3729
1803 3519
5913 1858
6971 5175
5782 3095
3760 4424
5193 2700
1050 1969
4775 497
3171 4783
4938 2181
6803 2366
1615 1189
2322 5023
6188 1504
4679 3418
1487 1943
3820 2196
1984 2749
136 5197
1349 2009
1132 3472
3809 3535
1290 4812
2224 5619
3836 6112
3600 3361
350 3436
694 994
267 1681
2526 5203
131 1820
377 5259
2154 3345
6137 6827
786 3966
127 5084
3623 2032
225 1455
717 1917
1121 5942
648 4032
5675 2043
3615 636
5232 1473
1658 3114
4602 1077
3640 2386
2053 3643
3008 5327
649 3853
900 1220
4317 1847
4630 92
954 1456
6222 2562
4190 3203
6502 4831
2235 6508
2039 2432
461 1523
3159 2463
4931 6621
5523 4281
5378 1648
3530 4096
6988 4724
4460 4003
3875 1098
3252 1873
5494 2762
3219 5897
2503 4229
1565 5932
2871 2181
407 3165
3743 2110
4020 698
568 4022
1564 5707
320 3920
5294 4579
3862 3495
2313 1072
6041 2527
895 3104
163 3155
1278 2842
2171 3648
2425 4696
1840 1791
3201 4163
2010 6174
110 2016
3754 1868
1419 4952
684 5486
3757 5549
4007 62
4065 3450
92 1410
269 6964
2721 4465
1105 6482
5957 6212
6502 4026
5554 5041
2044 1971
6925 6603
6925 187
6678 5191
6335 2573
2689 1894
2914 4456
2747 6036
1575 5815
1126 1293
5231 42
2118 6242
4709 869
1286 2679
2905 3589
5766 6213
907 3814
5697 1912
4107 5904
626 3572
5204 4231
490 4465
1455 421
5787 4057
2231 642
6289 5207
1950 400
4692 5776
1650 862
2484 4471
3726 3179
4409 2455
5441 6803
5334 6182
1478 4727
3004 3194
657 2368
5588 3066
5094 6695
6946 259
4158 2055
4063 5201
572 2181
5303 3836
4121 2927
3651 3944
4432 4509
6457 6861
3377 5627
3458 139
1749 6129
2220 5714
1850 519
6514 6614
874 3650
5392 3504
2152 5021
1339 4918
6475 4407
2082 2747
335 6001
2895 5479
2580 6407
6905 6620
5444 6296
401 3588
6584 1317
5364 4088
5245 1922
5023 3795
5083 1594
2414 1392
5678 5187
2376 5072
823 5159
6647 2016
1511 3281
1289 4400
1468 201
5272 1466
4965 6419
533 5585
1694 5617
2155 6766
5233 757
6232 6877
4484 3113
1625 6951
1331 6504
4440 6978
2029 5314
3520 6978
2853 1819
1514 2424
3205 5654
4258 4463
1460 5571
3578 4704
3783 972
6871 6985
2208 3744
1205 5052
6217 2031
804 3954
4997 4802
6122 5177
4713 5043
329 1217
1170 5997
5029 6969
4592 552
6214 1733
5271 86
2781 2101
3989 1979
6081 5553
2044 5972
3379 3713
5172 80
4213 906
5230 3468
1685 3595
3397 1286
1217 2029
2774 2061
2500 2990
910 6982
1681 443
5227 3170
6565 4592
842 5535
3920 6696
5570 3509
2522 4442
2856 3564
2736 6091
6810 4773
153 5663
2832 2389
2455 5849
342 1398
6741 472
3607 2385
1329 6003
2265 3473
3407 819
5683 538
2069 2780
1882 675
2477 4268
2594 2601
4294 5193
5861 5913
2808 840
1593 3955
4415 235
3986 4259
2331 686
1677 2148
2766 614
6754 4440
5544 1483
2917 783
3107 6542
6963 1581
4414 6399
6193 5312
1957 1384
5284 3249
1263 3447
1180 1692
1944 398
6863 1350
4476 4244
2112 2426
2757 3130
1296 2806
5341 3002
1516 860
3878 6015
4967 4481
5120 1313
164 4643
3586 5614
4486 1175
6237 4456
449 1594
3990 3977
3584 2535
2926 91
4925 1222
1444 6060
408 4222
403 3878
3988 6533
934 3514
6916 3963
4917 580
3482 1477
5877 2608
2552 789
1301 1995
2930 4347
805 4797
4012 1642
1304 14
5744 6401
742 3694
1702 60
4532 6781
4974 3716
5184 5246
1170 199
918 5613
4686 51
3000 2083
3070 2822
3001 4937
45 5459
2815 1549
1191 4459
3883 5554
6416 2485
1324 3268
5796 2777
6823 365
5026 4256
1165 2457
4337 6663
3931 5975
5139 1689
6541 4816
2740 3068
281 2144
4176 5025
4709 5488
1956 6369
4382 2649
2155 3546
3182 6796
3295 4229
6688 4462
868 1308
3237 4224
1086 2699
6551 966
6186 279
4527 1468
1483 6307
4186 5339
4905 5026
6054 3543
352 6117
1503 1297
1389 3639
5610 119
3094 6575
5587 4831
1535 3464
1905 2243
2901 6934
377 697
3682 1083
3179 6124
1071 2017
3208 4610
469 3669
6229 5237
4995 4138
5355 2229
6141 3138
1212 1498
874 4886
4198 2316
1627 3403
5703 2912
6231 5283
3621 26
61 5537
2456 2504
5133 2567
413 2956
2398 5909
459 5583
6992 685
4966 5278
5784 4190
6615 4118
5684 576
3931 632
4011 6223
6453 3036
155 4768
2765 3609
2970 4795
857 344
4771 1023
2909 6771
847 5291
6017 2856
5371 2681
6908 1337
3986 689
5358 941
3433 5586
4882 4395
4978 4857
3260 6597
5813 4904
5156 433
6126 3149
770 6360
987 4897
1401 3194
5372 5161
1177 4240
5530 6501
461 2572
3007 6124
5311 721
3535 5489
1694 5698
3908 4539
3759 4416
4535 4637
1111 2839
3126 4503
3566 4775
5326 5166
6852 5885
5895 1122
3720 2209
1965 1438
3303 2106
4146 3549
4896 2549
4088 3544
4016 1978
6486 4192
6037 6840
5502 3298
6216 1887
2704 5160
2327 2204
1556 3081
1981 1567
5846 6491
4473 1850
2381 2440
6656 5542
2446 3589
154 3337
5128 3996
6100 1123
5556 6917
3469 3687
5740 2308
456 669
5566 1189
5681 5111
767 5257
204 6083
1138 6890
1205 2450
1609 6475
5341 2010
661 1074
6149 4398
1469 5714
6512 2006
1093 6366
1129 6777
3863 3210
4804 5188
2242 5637
253 2942
1774 3317
4681 6286
2964 1835
2119 4483
4416 4325
6633 6847
931 5257
411 6911
4055 6763
3794 2292
6474 6036
1871 3600
5104 5830
1181 3153
4507 1410
2679 5988
3508 5089
2109 5643
4103 6430
4031 4864
4970 1851
4371 768
6217 1657
6905 5441
5434 4429
2347 2024
1545 582
4568 2036
206 6105
6241 3182
5489 1103
5427 225
6662 4932
5366 2955
2625 4597
4901 4316
5106 1338
6112 3711
1320 4786
1783 6762
855 6901
6103 6631
3121 5932
748 2116
3303 496
680 669
1989 1353
6505 6796
3164 1091
6689 2941
4220 3581
2674 4839
3887 897
1397 660
836 2313
4475 1067
5278 5363
6651 3588
4528 4865
1207 536
2723 567
2633 1805
6652 26
236 4011
1659 845
4088 3812
4716 1129
6121 3773
4552 2226
78 6054
6110 5866
40 3318
1340 2004
5741 1273
3981 158
4149 2186
6702 6909
30 6013
1912 1641
5604 4193
5268 1992
5256 6893
4332 4522
4233 3762
1549 2528
4544 1180
1681 2647
2199 3576
5129 1833
3513 4604
5249 2689
4693 4686
2353 1010
1551 322
4947 6488
795 1507
6897 6222
4402 723
2137 3048
5688 6119
6796 2383
144 3617
1603 3114
1419 553
6166 1987
6952 2896
389 2667
5919 5493
881 3129
3240 4603
5451 3173
475 2441
4048 6991
5476 4923
3714 1453
1090 6686
2365 1370
534 2267
4025 5287
2520 5445
6969 3250
2366 4978
1686 5219
5354 2459
872 2262
3297 5487
3520 806
4528 6288
6773 6694
3132 6359
4156 4430
3693 2454
3970 1042
1045 877
5879 5663
6146 3563
1863 6959
2660 887
3842 1796
506 599
5117 2896
3074 6354
25 4433
6372 2563
727 1507
3354 2207
4623 5744
6951 5653
6928 3949
6711 5412
5108 2783
660 3668
4187 6345
2933 3116
3334 4214
1592 1396
3555 2870
2242 5450
1024 1878
5361 5858
4637 165
3616 6529
849 6950
5419 3584
4791 4015
2432 2541
4615 1315
6066 951
470 3921
621 4090
2090 2023
5230 4062
1271 5892
6742 187
1709 3085
5009 2373
1433 3187
3544 4559
6402 3502
772 1226
4013 3317
233 6610
2662 909
6273 4031
1631 6585
3718 3399
41 3407
4960 4359
3556 4569
457 3285
5309 2261
3380 6787
321 5676
4746 3841
1100 3162
2882 2346
4680 5473
1760 5652
5922 17
3437 124
4645 2
1661 4892
1071 1643
4734 5709
4923 1444
102 1781
905 6077
1562 4132
3983 822
3355 499
347 831
2155 5400
3418 4985
658 3167
5045 6510
4825 2040
3980 6186
4707 3482
1734 6309
5758 5628
491 960
4653 5905
3849 4390
1140 4789
276 2469
1943 6833
6309 3637
6551 3170
2251 3953
3154 3949
485 3747
1624 1576
779 3470
1843 3569
2531 3943
6509 6327
504 4928
3243 5869
4604 2579
283 2485
2246 3959
6967 4172
2273 6536
6476 902
588 88
1543 1772
5976 6214
4541 4859
1296 5278
117 3886
5277 1517
5715 5126
4068 1414
3995 6793
1479 4581
5302 5896
885 432
2616 1583
6299 4773
848 550
1135 3990
6751 1672
6360 2016
1090 6499
6009 1035
3201 1455
1344 1131
1753 6254
2553 4617
2152 4273
6779 687
1641 1125
4263 1481
5756 3972
558 4359
6724 6615
3859 6501
241 2208
1674 6900
2773 6054
4103 6861
2391 2754
1009 1033
4154 3416
6530 333
5659 3258
5036 4033
2388 2456
953 1101
822 4590
3372 3380
2060 6562
234 1387
3522 3324
3963 34
3464 2565
5365 3161
6206 3777
4401 3643
215 6248
6168 1041
4857 4448
4831 3227
816 4371
4768 2124
4202 3433
1340 3590
1113 4365
4855 4752
459 5827
6945 1083
3227 5254
708 115
6967 2562
1981 388
4751 3648
3412 5007
1051 6870
3138 3684
865 3482
3687 516
6152 6550
5689 5328
6620 2454
6117 4085
2256 5696
3591 3437
6111 3516
5183 5907
329 3852
2693 5670
5683 3978
1062 239
1512 1199
5480 3649
6008 6020
6070 482
1281 5238
1353 388
2129 609
5083 3424
1993 748
4238 1154
5800 2284
3856 5024
1832 5526
3200 3407
399 834
4946 6344
5970 251
99 1296
4566 461
992 2102
5639 4810
2955 3576
3146 6554
3459 4799
1714 5470
5917 6252
5826 472
2291 563
3163 6908
2612 3587
5002 210
2288 265
6150 5672
5988 6842
4498 1616
5305 1150
2135 6816
3995 995
5643 391
326 5782
6391 4980
1043 1636
1258 3510
3770 1816
6509 2757
6359 6196
4122 5651
564 1409
5729 5800
6512 22
4058 1694
6945 5539
6107 2188
1613 476
2556 4752
1739 2278
6511 6186
2989 1601
1801 6539
5034 4605
2236 6467
3294 5620
6002 4996
6435 4097
3964 1658
5371 965
209 255
6243 894
6926 4334
6807 2922
2103 3844
1891 5651
1390 1693
6108 4641
1453 5425
5858 3712
5674 1905
2497 6400
2616 1396
6624 212
4982 3260
2685 3418
1589 1529
5756 6818
6229 3066
4818 2105
3424 3757
4637 3979
2209 6872
2307 991
3446 5236
2329 4722
6596 1547
1864 6837
2922 5990
4603 1362
3388 4477
5903 48
4877 6068
3881 2131
6502 4514
4061 786
2662 1340
2569 5313
1889 4800
5024 2331
5050 1300
5518 3620
6433 213
5371 6576
1047 6965
6825 2723
5455 2517
6151 6916
6180 5402
3026 5939
6629 2784
5075 6433
3113 1397
5862 3780
247 4064
756 6385
4168 6668
5663 5822
4503 6392
1526 6037
4162 6099
1182 2063
2266 185
5158 4374
3076 5652
6567 2256
531 790
154 5004
4039 4945
6967 2375
6380 5813
3419 5237
2734 5134
272 2781
5062 879
3849 4821
6311 758
5817 223
6689 6568
1142 6047
3571 2598
1641 6899
1502 3357
2541 2460
4117 2542
6744 3242
2606 2855
4063 5689
6417 403
1188 5641
4832 4739
2163 2285
4485 4631
935 4414
5448 3924
914 3537
3777 6988
2311 6320
4264 2188
5735 948
3640 109
5542 3559
5537 3215
5258 3800
4707 6141
6318 3026
6846 3145
3668 5540
1561 4287
6447 2847
6215 3278
437 350
2395 1480
4358 2954
5318 4982
4354 5464
2518 6017
5560 4515
6967 1570
6960 399
1141 2388
3453 4016
4093 6628
4038 505
4866 162
1861 4929
1789 2609
6579 1461
6647 5537
766 5894
2010 2019
3125 952
3849 983
6858 3505
3186 4611
230 5133
6178 3746
4270 2733
6233 4207
6109 1697
6043 3329
1853 6916
6203 5496
5986 543
2529 3523
5170 3929
1312 3559
6379 245
6224 3340
5787 2585
3949 59
2617 2589
1526 1044
29 1063
3864 1641
2797 1244
1059 2332
5042 5814
274 5031
1430 4719
3228 3682
5566 4279
1340 1793
1123 3256
5411 958
6741 1765
1077 2911
5256 3299
2757 5228
5496 2005
448 3117
1076 2686
6987 4423
4119 4792
2537 6393
6952 5368
1042 823
1045 4504
474 1305
6702 5193
1573 459
6084 6312
2376 4755
4453 881
2847 4340
1715 2794
1195 4448
2783 6799
1780 937
2554 6747
6508 5327
4801 1564
6239 6600
4701 4366
17 6664
2438 2600
1378 3374
6483 544
3303 1358
5579 1077
6981 4204
2776 2595
5954 954
6635 3567
6731 4029
778 2066
1898 2097
6478 3583
3584 4983
4329 5891
5631 4650
4289 2328
2763 1609
5691 5455
1276 64
4973 2960
1200 1008
2010 6475
2545 2847
6115 4470
4533 6071
176 6320
6279 2592
6807 4963
2017 449
6060 3982
5243 1508
554 3462
3262 5090
3914 6965
2689 5228
1034 2409
1142 3632
1887 4540
517 3580
4990 281
1812 1922
3625 6081
6581 5559
5948 5646
6333 6211
4309 6713
880 4571
2098 5891
3363 2139
2063 2672
3455 5111
313 2245
1056 6490
3953 2355
3922 790
5689 4604
6635 2762
3364 1960
771 6506
4484 1991
2247 2200
4050 5671
776 1188
2491 2560
151 5300
5791 1848
2926 1734
6348 2705
2055 5413
6708 796
765 275
5165 2325
1665 1471
925 907
954 6563
3659 2258
4371 6436
2726 4305
976 3878
420 5875
4212 5625
3090 5521
6056 3435
2477 568
1601 897
1630 5799
2065 5727
3059 6585
3398 6805
2531 804
1691 3042
1438 2596
3798 508
6002 5077
5694 760
6470 981
5415 1345
6186 1222
5172 2341
1187 2196
6949 427
2830 4254
1085 4171
1339 5219
5661 1751
3133 5194
488 3134
4569 2987
6931 1726
895 5178
6829 1449
3069 6872
2040 6205
4678 678
1577 4983
3786 2726
988 4588
907 5188
1202 2073
538 2847
3160 3203
2630 5
6231 3193
1281 676
5455 720
3113 2633
3336 4368
5227 4276
1689 5574
1613 6518
1253 2011
6871 520
3925 1730
3634 4964
5450 2978
4297 6971
190 5897
1059 2145
273 1236
3363 3912
3974 1622
1054 1801
906 1149
6747 2147
6072 2732
2820 6144
337 2160
5313 3646
6467 2507
796 230
5446 2455
2669 5194
6236 6546
4751 1664
6709 2794
6807 5581
947 399
3505 3214
3868 822
1543 4594
2439 5671
3031 3331
3508 6114
4272 4820
6448 6587
6639 3903
1930 4481
3120 5251
5321 3887
6893 4951
3531 4785
4574 2152
126 785
6698 4483
6605 2040
5509 6567
5597 2250
3993 6536
1209 934
2616 4405
2050 1550
2681 5554
1580 3321
4386 6238
5979 1763
3644 4847
2015 3249
932 5729
6505 1055
2014 3024
6501 4319
2208 6273
3194 3106
592 2628
4133 5011
6461 4920
2944 2931
3135 247
511 3228
6309 1116
5753 3113
3623 3219
6802 4432
3290 6951
6523 5017
6652 701
4506 6690
3854 2563
2225 211
3343 3579
607 6319
5614 2954
1942 4060
4877 2661
2915 4795
3784 1043
1279 5436
1100 3219
170 3285
6008 6264
2465 802
6720 1774
6262 896
3457 1587
2557 3774
5019 1963
4826 2322
5329 6326
2805 6505
4667 757
1838 3306
5107 1029
1769 5421
967 3979
6060 2640
6378 5393
3573 5330
1176 1120
2671 1028
2614 494
833 4918
1363 946
5406 4479
198 4178
2042 3486
323 2372
5309 4546
670 6617
823 2695
2664 3240
2478 4016
3037 5700
3469 1947
2668 3359
6928 5429
3657 4627
2960 3009
5582 3365
1499 2685
3240 5278
4468 6532
757 6212
5480 3088
3145 2008
6605 3463
3967 2574
2871 685
353 4816
188 2305
475 6499
4711 3257
5454 1086
4922 1225
5135 2272
959 5565
4039 383
5420 4885
4604 6019
4692 1702
5228 1682
6367 5927
5123 4140
3999 6619
4751 2282
5566 1677
4587 1127
3043 5464
6209 1554
550 792
4898 4961
39 1808
2687 3385
1632 4503
1701 6552
1270 3333
3383 1368
416 1731
4798 4730
1126 2830
2755 5182
3966 4577
67 42
3668 978
6417 2607
3146 1805
1996 6069
5661 3792
4756 1471
2741 3971
4518 2057
6075 2843
3821 439
4261 4875
6160 4644
840 3348
1203 956
3763 434
2106 6614
525 2024
647 2953
6596 5174
3473 6522
5894 2458
6341 3901
4837 6913
3813 3180
2161 3288
6808 5996
5751 6287
2477 1804
1412 1480
5388 1539
859 1496
3130 6533
565 1049
1655 2369
4671 1898
2033 1009
6329 2736
188 3728
6910 1735
182 3913
505 2846
5983 5482
586 1522
4544 2473
5325 3038
6192 2623
1020 1979
5068 5856
6742 6473
4018 148
2449 2765
6432 6247
5124 2001
1674 6152
454 2507
237 3970
980 1799
1477 2605
864 4068
2624 4459
5580 3937
6273 3901
6333 2454
3931 4316
5586 719
5090 3521
885 1912
1501 4130
2408 6497
2425 3468
2182 3710
4489 4994
532 1235
905 5947
4764 6919
2868 1005
6911 4538
2398 2022
4173 4199
5386 257
6258 6602
6408 3163
243 4515
146 418
3969 5897
4227 4435
1642 6590
4627 6806
3251 3402
1802 4593
5711 4928
2729 4229
1206 3027
4403 5600
3847 1181
5552 4117
4134 457
4151 4598
6902 638
4032 6596
4490 1812
2946 6149
702 4433
6884 4970
1235 4896
1225 4208
6856 3676
6448 1407
787 3982
5417 4831
1163 6713
4368 2731
249 6558
851 4906
383 3340
5827 6392
3115 3110
1377 4198
1902 636
6542 2173
652 6948
5154 6299
2055 851
3227 318
1019 5429
4904 5370
2646 4702
5137 2131
951 3982
5624 1495
1104 4978
5966 5396
4722 3609
5555 3610
6067 5448
4433 3506
2765 5333
4964 3142
6865 2984
5311 217
5330 4431
4342 6771
3817 4671
6821 6849
5485 5473
1939 2746
2216 1334
3993 3584
2274 4722
2900 1212
6040 3251
948 4034
4778 104
3095 1653
5480 2096
5010 5365
1684 4856
441 5923
866 5163
680 1775
3928 5037
1311 5025
6502 4221
2209 6929
3054 2029
681 4629
2400 3491
4454 4329
896 87
2057 119
6809 2651
3848 2829
6351 1019
329 4177
3474 6560
5936 2497
394 2320
4346 73
1822 252
3444 1433
3480 1090
2327 5083
5133 3836
5627 5125
923 1883
336 2315
613 903
2629 5421
2360 6694
6550 855
4303 376
6556 4807
1607 5144
1407 4332
1665 2870
6259 4062
1104 4523
5051 1932
2752 509
5548 1984
3748 2194
4791 315
4236 5166
6502 33
847 6560
6408 3781
2545 5319
2987 2
2357 6022
2675 4611
1682 6607
4258 202
242 744
271 5646
245 4425
522 3013
5312 1865
1611 4862
5802 2631
6151 2785
1982 833
4929 2477
2506 5714
3070 1326
4622 1014
1434 1967
4250 5572
3837 3713
4807 13
5356 1009
8 4081
3026 5191
6131 3257
1473 5278
1750 3866
5549 4787
554 4779
868 5878
1310 6977
5405 4284
804 1921
1242 5530
3329 2344
4165 2616
4970 3575
5751 4140
4600 2544
3170 3785
5994 1646
701 4425
3232 5417
3111 172
1516 3820
298 1002
3284 1820
3217 598
3998 1163
6023 3515
3566 1506
5214 902
2499 4519
5933 589
6743 6056
2875 834
297 6412
3628 5767
753 4965
5429 1995
3213 75
2958 5972
4269 2565
2505 5438
4747 5573
5853 1010
2742 4627
5178 1595
4364 5054
1873 1963
524 1880
5575 5203
3920 1630
246 6073
4575 3776
2861 5258
4733 4362
4229 2385
4876 506
3454 5772
5720 4803
1114 2096
2244 6979
5448 143
5601 1139
2424 5634
1046 1403
2510 1244
5216 6209
5278 671
496 6598
3371 6676
5501 154
3014 5850
2311 1034
6142 6374
2436 5644
6861 6061
13 2465
4958 2386
4400 4310
2662 5398
4369 2745
6953 2617
5927 5631
4057 938
2346 6101
5512 2945
3368 3345
3022 2708
4142 2739
4178 2396
2182 4946
6268 5143
5609 6261
5143 4768
2533 5927
1750 5289
413 305
2116 162
1 5464
1116 5151
4672 2150
1404 5783
2025 4181
1027 5833
3914 6672
1242 537
2513 737
1857 5536
6841 6883
4107 4034
4559 933
2441 2554
1671 5531
6797 4332
3748 1657
761 614
4964 2150
3842 1292
5676 4076
1980 624
1783 3493
6198 6632
2784 5522
4424 1647
3307 1133
4719 4948
1593 1117
507 6332
5359 6062
3277 3176
3127 5861
1651 4505
2408 512
3032 2591
5916 503
5237 3598
2579 1333
6567 5159
3738 6954
464 2471
6231 5210
5660 6175
6968 5503
2452 2689
4418 3680
1586 296
718 6902
651 5680
5493 3968
3323 5399
6024 3604
6531 5098
4090 1370
3009 513
2011 2165
3320 5101
5058 1007
6778 5729
861 3423
1788 3813
3242 2966
1256 6204
5406 1690
3654 1190
4744 2510
976 902
594 4772
1653 6779
6541 6166
1654 3217
5081 2280
4893 2983
2732 770
3358 266
6307 2737
6260 2891
5415 4785
3574 4994
1146 5635
1385 1487
4473 2582
3234 5303
1799 6954
672 5752
2487 4322
6090 1167
3662 4060
6998 3759
4374 6740
678 282
1949 6898
1851 3357
5304 5893
1660 6795
72 4444
1570 3869
1795 15
4243 26
2125 1647
48 3269
6551 2666
3896 6334
386 3264
2895 1299
4338 263
744 528
3028 6524
3995 4061
1094 4290
6672 4124
5796 6705
3237 4419
1083 3377
1645 4578
5542 2624
2739 3388
3735 5827
5005 2419
1925 1185
4979 1198
4940 1243
2362 4569
4127 5304
6737 4145
4942 4699
1759 6750
3034 3686
2808 1653
47 6026
2375 1771
6485 6526
4370 5412
1357 5400
5459 3878
3114 2110
1226 6637
2618 4158
2284 5036
3953 6063
5481 1193
1434 170
3966 4016
279 4090
3 1940
6381 2389
4426 5694
4641 6814
2332 5457
3920 638
1986 4066
3755 2291
3577 3682
3009 4164
1925 380
5937 2348
5947 3036
1544 688
1824 2957
6996 2103
5869 901
6400 537
4655 6870
4120 3328
4150 5422
260 2885
6638 3334
3527 6197
1071 4790
3741 3682
1778 2962
1621 2224
1564 1690
5764 3709
4919 1439
698 5713
3083 6156
6856 1692
626 3393
6945 6645
2181 1100
1902 1685
1339 2511
5353 1142
2457 5879
812 3748
6261 728
311 5452
6722 1877
1708 4071
2169 2968
2045 458
6062 2770
3292 264
4632 2513
5413 2324
958 6202
643 714
6711 6599
1422 4616
3313 4524
4414 341
1580 5956
3822 429
4348 6137
4028 6721
984 4390
1951 1927
3434 5982
6030 953
4689 5649
1702 4606
425 6089
3868 5685
5934 3874
3291 2641
6770 4146
1605 4673
4337 4443
465 1731
3333 1362
1039 5201
2493 4354
6411 271
731 884
1123 3394
3934 6655
2155 1326
2769 2717
6636 2052
1734 2235
4535 644
1024 3765
4658 2929
2519 2919
2228 2743
6993 2474
3378 4114
4245 3699
2887 5008
5965 5415
4869 6532
6431 492
5777 6118
4001 6722
109 3358
6420 6749
1480 4920
6447 4408
4468 2401
6674 1381
6791 1966
2273 2112
287 5350
6760 2653
2009 3729
484 5864
3896 6147
1633 4381
2841 4259
5353 2565
5640 6005
6318 4937
2744 6578
6481 6621
4198 3479
6231 6446
4290 6451
2762 4905
3949 6158
4640 3797
2372 1687
2453 1117
2544 481
4691 4516
5938 5820
3572 923
495 3370
6123 2567
5813 3839
4662 2243
4065 4239
2234 5136
6969 3527
5214 2756
3156 4428
4498 3340
5365 2925
5251 6021
2386 5907
3584 933
3038 4372
3691 4937
1506 5336
4992 1596
5463 6843
3956 6174
5076 6205
2185 4870
4986 3279
4989 544
135 4905
5732 4789
3984 1025
4207 6924
12 6003
6783 519
6668 5642
3827 4424
5723 3922
1798 4582
5874 4091
2703 487
1932 1364
120 59
2078 435
5001 3937
3129 2581
6458 1109
6060 6698
2077 964
6244 6253
2662 3869
6965 2603
5210 1832
6149 2983
5161 5323
3141 3315
2945 3403
1453 3766
3941 1678
3158 4450
2163 5619
607 6189
2379 3931
2840 5080
3970 3547
4469 1016
5988 4728
1989 743
3171 1652
510 5475
6567 1402
5295 3983
2561 380
6358 474
1370 3889
6499 6371
2797 2350
2792 2006
527 3577
1795 96
5628 6263
5344 6504
5633 191
2207 2484
3998 4440
3390 6247
5338 6689
1076 3792
5403 668
1172 4254
5525 2351
6616 890
4181 6776
5898 4811
4033 462
3129 5159
835 4080
6926 5253
2936 1354
4403 2624
2135 6930
2873 6667
5982 725
882 893
999 2232
4295 4030
790 1304
4078 6247
2063 4583
4619 6571
650 543
2960 6262
2425 2720
1098 5594
2733 621
5353 150
158 4218
5008 6531
4657 5550
2614 2592
6652 5027
3765 1936
2648 1422
3605 3933
5900 3702
3859 817
2207 1679
889 3161
1701 3039
980 3279
6059 1480
2974 4066
1981 5308
1358 6083
4123 2583
1762 6698
3505 3702
3319 6730
6330 6669
6678 6598
6086 270
3894 5914
2285 3440
3561 3230
6732 418
1911 755
257 6452
2550 3896
4205 299
5829 2307
2740 3239
4137 6022
1186 6888
2265 3912
5169 3200
2614 4820
2799 1567
6527 6028
5247 1578
1730 3753
6776 6732
4746 4036
6153 1091
2882 2541
4442 6254
1631 3747
4783 131
3749 2126
2606 391
2826 2609
6398 141
6623 2703
4001 2347
5033 4443
1502 4276
1471 2711
1102 370
6611 4571
758 560
5642 4709
1530 3291
3930 602
876 4753
131 3845
325 678
5984 1440
6261 4192
3021 4955
6331 5685
4645 547
4371 1476
6169 5357
5085 819
5639 2159
4204 3056
4302 3591
5910 6594
2747 3605
350 5811
5687 4078
3085 2846
1454 4585
5903 2390
146 1093
5999 2852
5648 1871
1296 212
5879 1215
2911 6638
4623 4329
4134 1132
166 5128
1723 5160
2998 2850
606 5400
1141 6690
2939 5653
6867 2258
2698 2558
5802 2688
4749 3879
5867 3083
1636 6669
1361 4744
3377 2846
2749 3277
660 5636
6641 225
1216 633
1935 320
1969 5566
1600 3225
5986 1462
6664 1148
4807 70
5984 635
5607 4849
4461 3597
2616 6316
2468 2
1907 1655
1308 6988
2524 1065
968 3887
6997 3428
6415 6456
519 5781
2792 1819
6532 5543
4197 4463
2237 254
5623 5732
4726 1020
4657 3135
6028 6949
5443 4044
1645 5977
2364 5664
2686 1019
4596 2078
1299 2307
4085 3848
4969 1128
4501 5224
1970 4986
2567 2990
6765 3428
1784 5762
4621 3828
3432 1748
5056 3756
6510 2909
1226 1270
2812 6204
5789 143
5135 1605
1121 2974
5337 2463
6225 2925
6478 1119
5294 5799
6228 6606
3361 6419
4701 2252
1179 4083
6251 1113
4113 4711
3943 6774
4913 3074
4422 6220
2242 6963
1273 6347
1424 6516
3623 4325
5154 3136
1299 4535
5241 1600
2844 3806
894 6701
951 819
2723 5731
1593 5012
4815 2889
5775 4917
1379 3740
3841 2683
6339 529
3061 4972
2063 6624
6581 6478
286 2122
4062 1339
6194 3588
1290 4422
4141 5604
414 587
3919 1061
1938 4643
3686 1991
3526 4742
4729 112
2492 5983
4367 5358
3359 5568
881 2682
1585 583
3775 1282
3152 2057
5511 3531
3807 3449
1956 2970
722 1871
806 6480
6441 432
1874 4069
6499 4574
903 1128
4970 5055
5156 2027
1799 2205
2365 4306
6470 3055
5711 6221
1764 3150
6750 5324
4384 2679
4747 6703
5714 3486
3288 790
4260 923
2329 1616
1918 584
799 3407
1817 5413
389 1065
4155 6010
1822 3505
6199 6160
5648 2839
2105 6045
4834 6298
2571 4532
4961 1909
5768 689
5482 6519
6084 5621
6980 3692
6351 6150
2521 3664
4243 2043
3524 3110
4702 6529
2708 3490
5881 1505
2830 5173
213 5161
313 2359
3929 4327
6656 3753
1714 6015
4443 2104
270 2662
4253 6144
55 1919
822 6558
2659 3197
5408 4826
2508 6411
3212 148
3525 4809
4077 3070
1745 6425
5057 812
5043 2634
5165 4317
1653 6836
3668 5467
1331 1308
3731 2783
6907 315
3538 3142
5005 6664
265 1513
4442 1074
336 3608
2048 1299
3068 3378
4770 381
4129 6212
3105 6643
5211 3507
3406 3373
2944 5005
6490 1316
2156 1017
5433 5771
5177 1644
6677 1142
3862 1145
1004 2202
904 5004
3180 4723
4484 6561
2780 817
5830 5592
5722 2117
6570 3904
4228 5817
1740 2243
1213 2726
5946 290
244 2864
3317 2927
1054 1915
6553 5428
6289 629
4541 1029
4231 6465
114 539
239 5903
2639 3214
3664 4139
6621 6471
960 4882
6232 2754
1579 955
3879 5232
6150 4607
4144 6469
670 5308
2693 6833
1886 5047
6635 3144
2588 2875
2624 2532
4241 3369
3613 3046
3652 2974
6546 1574
1186 3131
1936 1377
2373 2132
2586 3179
4922 2949
644 5965
1552 1387
1120 5894
836 6135
6032 5675
3508 1690
4381 5227
1669 6109
3689 947
210 196
4540 3005
1784 3615
5937 5788
6210 6886
5052 4119
850 6191
5681 4290
6550 538
41 3578
201 1581
5521 2877
3621 5889
5605 5234
285 3938
5486 3822
1913 2655
4301 2615
1150 6079
2301 1259
57 4461
690 2122
4647 6635
6197 5496
5884 835
6094 2365
6479 2176
2525 4350
94 1310
3762 4966
4636 1558
839 1464
4228 4207
2177 634
3364 1887
5884 4218
1698 6823
3348 2882
3759 4668
5626 3428
1742 6341
765 6618
1140 1577
5195 6625
4223 830
4312 5783
924 4396
4152 2118
4713 465
75 5390
2172 2892
608 5853
6210 6081
5002 3951
6545 5805
5529 6097
2993 5515
1320 6998
5642 3530
5236 2842
5509 1688
383 3641
4731 640
4382 486
1219 3913
5197 6297
1690 2744
4419 3751
6592 1837
4006 1138
1497 3103
2579 6814
1770 4201
347 197
2864 3011
4569 5947
2396 1445
3643 6913
3920 5501
1047 1362
2664 2199
124 1845
4539 820
2517 2903
5218 1108
832 619
5030 1811
5926 2134
4744 1225
3255 3017
3594 2483
3850 194
6733 5051
2779 6471
2715 4766
2557 1928
6865 252
228 1794
164 4253
606 1188
3982 5224
4491 1129
5420 3844
6385 554
3124 6856
805 4057
2372 4777
4416 4927
775 5346
4264 1123
5718 4440
3973 4357
4845 5040
5013 6314
3573 6867
4268 1996
4512 2356
6403 1510
840 3462
2860 4716
2017 4027
4627 2114
5028 3212
6339 6221
4544 6775
4599 4984
6803 4635
4965 2109
3881 2489
5338 5323
515 4079
3311 2144
1790 1769
2096 5259
950 4007
6836 3994
6858 5473
2159 2575
3501 5651
5562 3496
1096 3832
4614 4511
3936 5579
2805 471
1344 147
1290 4048
2584 5198
5705 3023
5361 2459
3776 4543
2623 4372
1281 6214
1410 1898
4147 2766
7 5716
1934 363
1435 3648
6853 1315
2956 4023
2116 6261
6536 5580
805 3252
5284 3932
2175 3458
3713 30
933 5881
6526 1859
6935 6982
2816 4393
4598 2823
2454 3223
1384 2555
4878 5092
4940 6724
5680 118
461 3792
213 5942
2469 3531
4442 5693
1359 4942
2140 4753
5185 3522
2198 2479
1444 6743
6210 283
4255 2834
3990 1627
3656 2505
727 686
6417 761
782 4557
5615 73
6203 243
3455 1468
1032 4705
2116 2073
4115 3204
3554 693
6479 5022
930 4428
909 3551
3273 5369
4522 1084
2151 4511
4520 4421
4707 6499
4764 617
5631 6618
4315 3265
6231 4893
2272 5969
4827 5103
4507 3435
1282 5230
1327 4249
4761 319
4969 1022
6505 6593
4193 4184
6922 4437
6460 6069
2754 6093
3306 6606
2569 4061
444 3757
2383 673
485 348
3054 2598
5110 6515
1748 6349
2310 1134
1281 1221
3925 5308
6552 6008
4310 5873
2963 201
4766 3672
72 5282
2314 2007
2178 2900
2372 5395
4330 109
2678 971
6666 4043
4445 4785
6165 6501
5941 6793
8 6960
2575 2721
2771 381
3855 755
3858 4436
2674 448
1273 6591
3391 5724
3138 5278
4535 3897
674 6262
6594 5079
4944 1850
4774 3913
3698 3400
5455 110
606 651
1103 1457
6835 5141
4185 2737
3526 1603
5394 5469
5764 5002
6411 2369
2061 3789
3993 3698
5519 4417
1350 2465
2408 1618
5453 6049
5011 5704
2399 3784
5012 6306
6197 6732
3823 4226
5887 5752
3645 5617
4698 3672
185 1910
157 6278
2208 3435
2115 992
4453 1589
4198 316
3107 1777
115 390
844 11
307 560
88 1196
1022 2003
795 3532
5903 219
4898 700
6114 6855
2953 4693
1004 673
1702 5899
4658 5377
5561 6871
4219 1543
5905 265
5332 403
3657 5977
443 1545
3832 4288
2531 1967
5449 5125
509 3296
2307 7
3437 726
5894 2735
3156 4648
3987 4576
124 6114
3732 4057
6794 3931
2574 1290
588 4528
1894 1531
1 4960
1061 776
5531 3622
2246 5366
2427 1994
6284 2139
3605 5413
5069 5254
4699 4223
4883 6784
5822 3771
1211 720
5261 5424
6154 6230
3795 4756
2229 6890
5219 5198
6738 3248
6428 2268
5003 3853
454 2434
165 2331
4688 2529
1637 6197
3786 3889
1570 4975
546 4652
2757 3976
5458 4433
5967 6754
418 5406
4869 4792
690 1398
6015 3792
3845 4469
4891 6271
3034 5947
5420 5080
95 3440
1991 3692
3333 1850
1476 5690
6077 1637
442 1269
3983 3652
3171 1522
994 1782
4364 5973
3120 4186
5326 3166
5787 3561
33 5945
3708 4356
5139 6723
4798 6430
1082 848
2360 1465
1450 2964
216 1865
5042 6790
2945 2118
3449 6347
5124 4156
6120 6595
1706 4058
5498 3808
1379 1219
4126 2775
3169 4428
2012 4515
608 5479
947 4945
6246 5364
6301 5071
6850 6067
3462 516
6180 6996
5480 5861
2899 5506
1758 434
1443 5526
2680 6142
2314 1820
4549 5702
564 1393
3986 6528
6656 5420
2965 6476
837 239
1771 4052
4362 2843
5346 3013
5351 3357
4284 2960
3733 5301
4636 379
1613 3843
4250 6759
6681 4137
4814 2371
3516 3731
5063 3829
4065 4727
1797 3371
897 1394
3593 5671
4056 477
3694 6477
738 6999
6142 6488
5648 3701
784 2456
3717 230
4061 4958
3335 4100
632 2816
5828 2356
6022 4851
5668 4353
2839 486
3682 1929
5550 5795
4301 3664
851 645
4932 498
1465 2036
2208 6281
4770 170
1623 3376
4983 1217
1999 6107
3556 6139
2033 4937
4726 5533
1219 2734
25 6726
6936 6884
6540 6884
5754 5975
219 553
4135 2813
1733 511
4176 5066
5690 2018
435 6035
3828 1350
5507 3065
3346 1606
18 6686
4197 2910
4911 1499
854 6958
6871 3456
4410 3957
3321 3239
3541 1293
1583 163
4041 5780
3819 6899
1197 127
3134 6796
59 5906
4218 754
4774 2921
1045 487
3999 5554
6045 2367
5952 6340
3505 2767
480 1240
2040 4953
1195 431
2432 1801
415 3474
60 5003
3308 4855
5760 6520
1028 5394
6933 3179
3524 3167
1519 1467
2805 6863
3576 6740
2743 5985
3323 2130
3507 4691
3918 3471
2299 2561
4040 5154
6410 3754
1603 3797
3781 6391
6055 5283
3851 5632
513 5860
3816 2413
5655 2131
4837 5848
2698 2428
3312 3819
1318 780
4458 2819
3537 6381
2405 4835
3305 396
3497 6982
1214 430
997 1893
823 20
2394 4676
1282 4506
3338 6171
4360 5667
375 5522
6610 4165
4981 5196
4855 6777
1144 1539
3611 4990
5545 808
557 1971
1395 5322
4543 4970
1952 3927
5467 925
1585 2413
4438 1012
4664 6428
6361 3087
1827 1946
2818 6293
6338 1383
5314 1814
6050 4134
1948 3404
3536 5755
1100 1617
2476 5775
3555 3553
6361 6470
5455 541
5463 4566
5363 952
606 1082
359 4588
3530 5186
2821 525
1386 1422
4689 5145
3096 2450
3720 5283
3090 4887
935 210
279 5009
4355 4518
1184 914
5110 3108
2612 5262
3494 5879
2424 5211
5103 1937
1804 6257
3048 1628
5935 3221
4413 4873
4779 6916
1339 4585
1606 2485
3502 2737
4730 3991
5840 3334
5528 1527
4683 3421
4810 5448
5923 2056
6373 3016
3183 890
1567 3661
6494 4474
3676 4206
2442 3107
1722 3949
2312 782
3339 4786
4175 5058
5212 2580
2404 3754
1309 5473
4552 4227
4385 5053
3483 6413
3602 2163
2072 3954
483 4384
455 2336
5971 1292
6432 6605
3476 711
5277 3355
6218 1169
4654 4130
1479 3036
80 4344
6771 3038
6172 4207
3431 6603
1946 1721
638 1639
2563 6793
1078 1911
5369 3294
3934 4191
5085 3535
4247 2436
2564 3231
5298 4582
809 3214
1497 6998
1717 5052
1748 4365
1900 972
4568 3955
6321 1647
3914 2411
4796 3782
6160 6425
5004 4485
5534 513
3044 2528
243 4873
2975 4643
611 2825
4260 3021
4819 4705
3544 599
304 1362
4075 6651
713 6485
2446 5053
2107 5587
4433 4669
2258 5002
6893 6195
916 428
4195 5255
4183 3740
1423 1922
3976 6645
43 6690
2608 6512
702 1408
5187 6040
5742 3818
565 2830
1129 4858
6165 6395
1041 2005
2104 1502
1781 2569
5110 343
5772 3660
5756 4655
1158 6727
2149 3904
531 5848
5261 3895
4817 471
4517 6595
6377 20
4207 5615
2773 3704
3661 4166
3103 5336
2702 4992
6618 6498
6496 5569
580 2707
5747 755
4064 2304
5032 4193
6802 6026
3779 4572
1757 6655
6774 3978
4847 2161
451 3236
2882 614
853 4936
786 3714
1009 5449
5835 3958
5761 811
5894 3784
2721 6523
4615 5194
4359 1067
4770 601
255 264
3990 3644
3484 5004
4160 857
1002 4628
6568 2947
5381 1694
1303 1358
1807 3335
955 4058
5483 5354
3981 2777
2084 5306
6458 2028
1516 5788
6024 4954
6466 6053
833 96
1211 5152
1149 4274
1082 3052
1636 4392
3819 914
5956 4261
5961 4605
6468 6099
2757 5025
4565 4676
1882 4798
4031 2490
5607 2572
722 1204
5302 1936
2716 1991
4398 3223
2908 2161
5200 1659
1029 5296
5604 2274
2278 1765
4046 2017
601 6512
4739 6899
2375 5081
28 234
2896 4029
2048 2242
2245 2756
6510 5170
2212 6780
407 230
871 5060
3110 4897
670 4023
1009 3489
5310 5560
4405 3239
2326 4034
578 4434
1175 2438
3685 4081
1131 1385
4407 1033
4173 637
6798 6926
4556 6791
6951 1506
328 472
1792 1067
4958 1321
5768 372
3925 6170
2247 1647
5239 782
4148 5653
4950 679
4270 920
4891 3482
4832 2121
1116 703
6172 4370
1843 4415
2856 6077
4643 2599
4884 5694
4791 3251
2167 2068
367 2278
5661 2353
5974 598
3042 5678
2481 3167
3250 6381
485 55
1271 5128
4382 1511
5596 1177
49 656
3622 5206
1357 3367
2071 1956
5309 4530
4598 5458
5020 263
5775 6023
1506 6873
1038 4553
4501 5525
5826 2578
2161 1849
6385 4262
5831 670
6107 5449
123 4927
603 2346
883 4615
5100 2851
6789 5254
6794 5598
5134 2435
2152 1736
2869 6258
1069 6468
2155 1253
4763 3431
5845 726
5289 2723
2295 6925
2420 5873
997 1869
4570 6419
5258 6793
6713 6548
4432 69
2950 5284
5627 6101
6083 6152
1293 1638
2845 1326
3980 2389
233 1658
3440 4919
826 2926
6423 2810
6170 2364
6773 4320
4376 6526
3717 474
751 308
4985 1157
1130 6720
4960 2790
3422 556
4046 2635
2406 848
6693 4741
1676 1002
1679 6935
564 832
5423 1733
2486 53
2494 4078
4607 2113
5663 6855
4359 4263
4543 408
743 6432
2388 2147
2926 2954
5472 4254
4973 3375
6425 5865
2920 3139
3157 4580
6015 1271
4621 2169
6054 6861
2819 1552
3590 1429
1599 4323
3304 5007
1731 4442
482 1557
845 6335
751 5919
3559 3247
4400 3863
3529 6788
2278 1578
5079 3397
5760 6764
1596 5156
5114 5835
2251 2384
4670 2411
2054 5253
5545 1857
3461 2308
6309 563
5875 3489
1183 5926
4887 3577
4510 3627
375 6921
3787 788
6063 507
526 674
4070 6738
1955 1460
1513 5279
1255 325
272 3009
2416 357
5967 3428
3575 5978
1142 6275
1388 3298
2353 5670
4805 3925
4595 143
3093 6234
6833 3542
2944 6111
1941 6665
4181 4475
4026 3406
4057 2719
4437 2186
6952 4173
3996 4695
1465 3703
42 453
3875 6620
5492 1041
778 521
695 5182
1687 5967
3981 630
2921 650
68 2805
6255 5938
2520 6722
3607 4361
6503 3788
3302 3725
678 6706
4353 5871
5504 1051
4110 6113
3982 6867
2836 1451
2552 1692
6592 5708
2180 6250
6805 6755
5305 841
6984 2556
6583 1458
1180 4823
5280 2474
1517 1210
4349 5348
3941 3833
4467 3125
4971 5102
4348 5877
2478 430
5093 6031
4966 4758
2602 2159
4830 4116
1980 5788
5523 2582
5886 6606
1476 1559
4404 5405
3155 3274
6887 2973
13 408
753 5136
4359 1498
2096 486
6418 3434
1368 3719
6349 5549
1006 2549
2236 6158
400 6711
6004 1350
1188 2031
4947 5805
2583 3987
2946 1595
1808 6620
2240 615
4886 1365
1863 665
4046 3603
4636 6852
1049 1872
3972 1210
1229 6943
1612 6681
6311 2409
5736 5857
4994 4466
6195 3927
2098 3541
4030 4948
3123 5964
6007 3876
2185 5415
2964 5153
5447 2721
2145 2606
5675 4800
4584 3255
3325 436
3925 4373
1468 6528
3851 6144
6514 2337
4355 3957
4981 447
4208 4661
3301 5677
4946 1392
553 6148
6845 1161
88 4099
396 2000
6872 2984
2978 5209
1061 4834
5373 6340
3291 3454
5567 3173
3536 1006
174 86
6782 3441
1598 1282
5278 37
4440 3856
5485 1269
5245 1028
288 4510
4390 2234
317 2996
5071 5601
6168 3928
874 1601
6448 6197
61 2252
1879 6755
3860 3173
6731 6485
1645 6359
277 6980
5232 3425
2902 6853
6469 4041
6782 2286
1147 6082
3416 4630
6897 546
6623 1475
6444 12
2431 4235
4250 1823
4224 602
4783 2286
5497 1629
1147 3049
2950 6520
2040 3855
6429 1609
5744 1506
5338 818
458 5456
5654 4996
4995 6114
5864 6526
2851 6514
3562 1422
6487 5751
1445 5897
2135 4092
6367 4114
3748 1023
4591 2466
5556 5592
5582 397
3474 2706
2385 4240
6857 716
5262 4364
5453 926
4770 1650
1719 5318
5394 3729
4401 5725
5950 1732
5200 480
6044 5531
2771 3902
2456 4830
1310 3578
4235 3743
6320 3894
740 981
6916 4679
5464 1465
952 4809
2201 524
2483 3620
6965 4571
3130 987
5781 6999
5621 4832
6252 2420
6713 6979
4380 310
429 6165
1303 2757
6029 3314
5549 233
3759 1131
5655 1383
889 673
2190 3748
784 3131
722 2253
4059 4806
764 5862
1659 325
3906 1558
1877 1716
2563 5427
311 3850
1400 2316
658 1679
5766 4782
4445 1085
2746 1347
6418 6630
3913 443
6034 3257
6839 1210
5624 4325
6532 4665
5035 4684
1413 2901
2753 4396
5158 2805
829 2850
956 4877
6178 2632
1515 145
522 1387
5455 6209
164 3399
476 4425
450 3204
660 570
202 3102
4433 270
2210 3595
6286 3104
3123 5777
3309 2749
6798 4942
4618 5685
5805 6938
2746 3575
6985 4768
254 2511
104 5950
6510 2031
1840 1783
5515 194
1248 4123
4109 6747
5317 6625
6215 1359
6495 3628
3513 2929
407 474
85 4395
6186 6256
1808 5628
1765 2548
1615 5987
5276 6974
2951 4330
1110 4539
1354 4899
459 3266
729 4847
3007 1229
4332 1692
5219 2653
2528 4412
2753 6974
4305 3252
5073 2077
6107 82
2189 1913
4639 5757
5009 4536
912 4150
1836 105
942 6244
3619 6307
62 4919
4847 2673
1976 2744
2884 5336
5783 4280
4407 122
5597 5056
55 4879
896 5495
6209 5620
1042 5320
4317 6995
4558 2920
3293 6672
5404 4634
662 2066
2253 1682
5673 5990
5852 1791
973 3621
6485 5087
6258 5862
90 2779
2927 845
4078 189
4487 4558
2209 4766
130 5561
3800 3628
1909 4474
1964 1929
1026 3632
5847 4049
54 89
1645 5367
5010 3552
5421 5338
2460 5516
1366 290
1400 3284
5411 4650
4234 4085
3729 1883
2757 2504
4787 5200
6965 4384
6409 6381
5354 6745
6312 6448
88 5685
3311 3063
1848 6076
2856 5866
1977 2514
74 1091
3444 6036
6116 5755
6975 1315
3680 2371
3523 3885
813 1430
1783 4900
5293 5718
382 2375
376 4812
508 4177
5663 3716
5572 1346
2736 472
1316 3155
5845 3198
6849 5498
2616 5251
1085 24
6566 6341
1580 4167
2633 2976
6812 3364
6225 6048
2242 3320
893 3237
1857 2755
1982 1703
4886 991
2085 2582
4452 4671
6840 4631
3015 2489
143 5368
303 3371
5218 6833
4562 5216
2504 472
2688 3033
1509 5805
537 2262
2694 6231
856 3705
6474 2214
3024 2201
5670 699
3279 3851
218 415
3717 3296
4450 6853
5100 1485
5509 192
2181 5272
4072 262
4910 1361
519 6944
1895 4686
1676 3824
6806 4242
3062 1530
3688 272
3756 2850
3131 2798
1254 344
2229 4158
6391 2687
2967 1643
3340 6355
3254 5083
5802 3046
5764 310
5172 2650
3938 1551
2059 4686
6398 3077
2678 4923
1222 4943
2029 313
5456 5038
1836 6334
6258 64
3122 5314
6919 5408
3146 3456
2461 3353
214 2120
3801 5602
6380 5130
6965 1619
2702 5667
2482 1197
1618 5293
147 4281
3704 4888
4230 4180
1735 2845
4785 1958
1079 1982
3123 3630
5998 2180
578 3686
5337 2471
2288 6966
3962 1921
3905 1387
4865 3415
5178 1660
3096 2938
6482 2000
2034 2885
4496 5238
382 2993
2255 1541
1689 2850
5300 6726
6446 4972
1897 3553
341 6375
3739 6952
1031 406
2278 6628
4515 6419
5115 4694
5764 2888
2888 4113
5513 4740
2232 2496
3985 188
3327 4914
5340 5751
5710 4530
3633 1988
3380 1542
4417 6234
2643 1249
1387 4363
2698 956
6743 5316
6242 604
3998 3806
25 1766
6434 774
4617 5541
2977 3754
6583 4280
2577 6264
3816 1291
3928 1532
2629 38
5332 1322
4425 2338
2413 5109
3060 2476
66 6678
5236 4997
2619 4985
4484 2918
6700 2586
5115 506
2307 926
1997 6362
5385 2087
1933 4657
5787 5285
5544 6281
1277 3040
4088 6301
4740 4012
4140 75
2863 2312
6066 1667
1773 4375
6532 908
6741 4465
3138 1204
521 1192
242 1777
3033 3662
6188 6733
18 6987
4259 4089
1518 6485
2268 1321
2388 5587
4809 1523
6684 898
5959 3648
4457 1071
1943 1938
5241 1153
3343 4238
6832 6431
6421 5399
2712 988
1192 3467
6608 5225
44 2142
2275 3616
6224 1852
3338 861
1027 5093
2780 2785
6044 164
1649 4093
2055 5535
6480 2946
2022 891
3476 44
5758 2961
6587 6226
2927 2431
4847 71
2636 5665
2517 4253
1509 4463
6469 1252
4623 1117
6679 2782
235 3965
804 6337
5959 5876
5933 4655
2008 5315
5402 1986
3838 29
4337 1662
4500 3346
1599 3575
3999 5050
699 5762
518 3472
1011 372
326 269
1276 1609
3249 3771
11 5361
413 2143
3892 3648
6946 4415
2027 3463
3453 6984
3735 3664
3325 5486
25 2034
2796 5142
4847 2299
6815 4117
6285 1673
1030 4936
4447 4809
6056 5785
113 1100
4999 6076
2542 1061
3877 2966
1829 5326
4881 5266
6870 791
5089 5969
2422 178
2009 3981
1520 1538
197 6840
1890 317
2346 368
2843 1174
2228 6728
1199 1897
3129 5143
1007 5110
4250 1612
6325 3327
5143 2418
2870 718
34 1342
5183 5200
4526 729
648 1235
1341 1199
5482 5267
3899 4014
6721 1048
2963 128
5599 190
3112 3634
6470 648
4195 3783
6096 4379
2925 775
3140 4901
6686 1212
1149 1379
1951 569
1272 3664
6771 761
647 3612
184 2390
2476 1888
3635 6011
3434 1591
5739 6212
5677 5334
6262 1823
1845 2021
788 6476
356 3813
2285 41
6142 186
4650 4713
3473 4148
3179 3701
1754 6040
4464 2079
3836 2510
97 5804
1038 3618
3300 5159
6383 6664
6479 6372
1102 4542
4617 5704
2026 497
2647 3813
4825 6407
6291 659
95 1944
131 1601
6067 951
4350 3670
6445 4509
805 3797
3024 2982
2236 5410
548 5861
5787 2065
3235 950
654 595
3644 5319
5695 2476
2918 5215
1648 2207
578 1539
4284 2269
216 6785
1070 2001
4127 1531
5964 6838
1828 862
4529 5483
6955 1763
6516 5099
6987 6936
2942 324
6930 4150
4972 3020
3434 786
2943 3932
2160 6704
3381 6787
4835 5940
441 1426
4436 7
1349 4018
4236 4857
5731 4765
2491 5528
3335 3409
2805 211
1750 1329
6165 4468
341 1195
4045 5262
6105 3636
4953 4067
4015 3518
524 498
4264 6474
6809 4920
1544 3331
4443 2275
747 2233
5964 2650
2956 730
5375 2255
1082 4963
6705 3816
4716 1121
4664 931
6620 5398
522 3054
4443 5658
755 5507
1608 1222
3650 6961
3070 4400
3068 1321
6299 2724
5862 2723
5790 1157
1758 1166
722 6498
4800 418
5553 4597
6854 1256
3094 5925
1007 2695
6924 1995
2956 5991
3933 3462
6822 1718
215 1971
2274 3153
3707 1429
6353 6343
718 5975
5221 4797
3476 5468
3851 4591
6967 1318
3911 4642
3506 6808
2200 4143
82 5764
4562 2882
1384 4523
2762 3092
6903 2996
2323 6428
5991 3668
583 273
3721 1485
3134 1917
3879 2825
305 4466
2346 181
2189 6613
2543 1449
4532 1138
5640 6070
4064 5988
6085 6686
3804 207
6137 460
5643 3335
5371 1681
6773 4808
1725 1002
2909 2738
3251 223
4906 3042
754 4477
3185 1855
661 2034
915 5334
5022 4156
4387 3416
539 6740
5140 1933
3402 3021
64 997
2139 2712
5968 1563
1921 540
6506 2370
2399 1296
6098 5019
5449 6825
2634 6074
4168 5156
2480 5607
6766 230
6220 2915
1796 1942
3963 6629
6950 5420
6984 5004
6855 2150
3866 280
5366 6948
3282 983
6195 3797
4649 5055
4807 1477
1650 4749
1213 1742
2969 5367
6756 4773
5911 1005
2342 2990
4606 1194
1089 3369
6966 5522
925 1460
3607 2621
3703 2329
2736 3294
5996 5435
777 4945
4879 3423
3721 2908
2208 6558
6654 4846
3935 4557
1755 5300
5404 5496
6524 2521
825 4612
2783 5742
3557 5136
1105 465
4646 3602
6542 3100
4649 867
951 6414
3926 6696
935 1747
4044 1467
5226 2376
1308 4207
5940 1719
1781 455
716 131
5606 2597
2087 3945
903 6373
6846 478
5667 6256
474 3981
5658 2006
3264 1477
6366 780
6288 5785
6868 1930
1212 4849
3018 1421
19 5279
1982 337
6689 3096
3105 4049
799 5619
6800 3866
3190 5850
3281 5214
4119 6313
4000 4901
6051 2058
6517 6961
297 3688
1231 5249
5837 786
3989 3988
6456 3275
5706 2023
2812 3423
6490 2105
6860 884
4365 6719
2844 2180
5137 5286
223 2426
2585 3417
3682 6662
4138 6713
6414 6432
1223 820
2714 3238
5037 2803
3211 4044
3476 5281
2206 1519
6101 5154
1459 538
5786 3830
3446 6570
2926 4060
3387 5209
3511 549
1582 5075
6131 6494
2733 4419
4999 5702
5498 6581
6437 2070
3665 4399
6068 6145
5440 6576
1385 1528
2534 6461
5306 3378
3232 5271
3062 6580
5364 1104
4312 5149
4346 4733
3534 2603
2901 4942
2472 2550
5772 6002
1353 5373
5076 822
1099 5456
197 6816
1778 1580
5539 6181
4766 3225
2030 1801
4354 4220
216 3833
1706 2643
6506 2183
1771 3792
4200 3753
3789 2721
3195 4234
2290 6077
430 2072
4786 3850
3752 2839
2258 6539
4193 5965
1008 4937
5927 5135
2257 652
5653 6818
5460 6423
6924 6264
6850 1619
4021 4168
6010 3857
2027 1129
5018 3045
6045 6295
813 682
5110 5263
5824 4606
559 3017
5700 2850
6008 751
4700 669
5130 6669
3089 3784
5443 4914
1427 5456
6253 3965
4947 1300
4637 6736
4661 714
810 3767
306 5954
3707 6048
5844 2225
2514 6478
6556 741
5217 6264
6158 4078
1485 149
3854 2311
1042 5995
4939 3287
4132 2255
1515 2243
3776 176
3225 3271
6432 6532
921 1504
2158 2120
914 333
4090 2029
3004 828
2632 5386
3413 5951
5247 4571
5961 3914
539 4593
1411 4522
4649 680
3735 6941
3797 1403
5576 316
6427 1620
6417 932
5357 1706
6511 6983
3927 695
4388 1844
4238 4529
5974 6778
5573 6434
5382 2702
2899 3636
1956 4995
6013 290
844 4825
27 2351
6341 5259
6351 5947
5402 1075
1153 3301
91 6658
5026 1727
6068 6763
4186 3965
5719 193
1111 3075
6221 589
4717 3601
4906 90
1728 2485
6399 3335
1915 1557
84 2454
3594 3272
6488 1872
636 715
1042 2157
4053 1342
6396 2283
3614 4678
4887 4951
6607 2503
3054 2769
5144 6270
2126 5914
10 1192
3547 6839
4272 3308
5566 4458
3334 2759
839 3676
5166 6968
3454 2861
4507 5834
2420 2604
6714 3504
4697 5177
6650 5963
5657 789
1799 3425
584 6540
5787 81
6716 6960
701 709
3013 85
4713 2677
3909 408
6639 4269
4557 5547
2291 100
6857 5660
2411 5120
4154 4376
6368 3217
3066 6512
1380 4380
3651 3001
5079 933
503 6736
2502 3703
3180 1137
628 5684
4334 6414
2675 5351
968 2342
3270 3282
4887 1113
2712 2200
2963 5983
3792 5084
86 4354
1658 6172
4131 2298
3613 615
218 4473
505 3749
777 1993
3757 6029
1493 1409
4254 6835
2759 1265
584 2352
4106 4685
4266 1934
4386 6954
2543 6336
4697 4372
3487 1415
3747 2308
4292 122
6028 2371
5534 5246
3596 1358
4869 2385
1505 4802
6 1742
4992 4670
4644 3206
6550 1140
6390 3891
6952 5092
6391 6745
288 4811
1215 4447
2927 2138
4735 5953
2457 3155
6080 2130
2023 419
5044 1046
4041 1600
5849 5415
2528 5250
2523 4906
554 5869
6686 2879
5951 2659
5512 5995
4793 646
283 4063
2386 1410
6033 4943
3514 6220
3946 1713
2325 4140
279 911
3851 2607
2105 5305
1291 2348
1578 5788
5677 585
5802 5949
1129 2020
5153 1339
2496 1928
5899 2849
5605 1648
1069 434
3244 101
6447 5872
3028 4418
4900 4276
2410 5537
5175 6201
6763 1382
1749 3576
1069 3817
601 2251
2831 871
4615 128
3395 2899
6853 3527
915 3350
4296 2068
5231 67
4699 6622
6595 6120
5917 3024
6908 5119
6182 4261
1022 214
84 1917
1682 2704
5526 2644
5340 6426
2666 3628
5744 4035
5097 252
5723 3158
496 4305
1552 6795
47 537
6860 160
488 3663
5710 2172
44 6655
5549 6950
2794 5476
3503 3721
3374 867
5590 535
2407 1832
2663 5959
2293 764
4986 1360
6180 3784
1854 4100
3182 4080
4214 2012
5365 1356
6922 1388
3300 6021
2467 6020
874 3325
1624 4577
4952 2880
6791 6008
6533 1054
3955 970
931 6461
3579 1622
5501 89
5822 5365
6779 1460
6495 1701
2352 970
4875 6982
642 3325
2689 2992
4554 1679
6450 1177
3939 63
363 877
5296 5699
5234 4821
4334 2844
4365 2157
4808 6110
3373 591
821 5892
5146 6105
3021 5801
1598 2551
4583 6931
1089 230
4058 4077
4979 515
6388 649
3924 1633
5918 4672
2180 4404
5626 1265
1152 929
4223 5083
6191 485
5313 6403
6089 2460
5000 1742
1476 2746
5443 5695
3101 1192
4056 2876
3575 6710
4157 3682
6115 4812
6330 2522
5903 6619
5764 3831
607 3465
6586 233
2102 2619
5803 3005
460 6421
6276 5669
2000 4594
3383 3507
4004 6069
5950 5684
1468 5487
5518 3775
1600 688
5363 6116
2185 1341
6295 6850
885 2628
3392 4000
2394 5652
5204 4524
5199 4180
3864 23
1706 4497
5343 926
4981 6172
6882 6768
1493 6833
6311 563
3198 3353
4378 1183
3450 4328
4757 3431
5245 6403
2507 6064
3381 2656
5528 6691
671 201
72 5534
6520 5224
2905 6110
5923 804
2344 2101
6335 5444
1323 2049
6416 4120
6603 3946
498 4595
628 3887
1903 823
3978 2538
522 1956
2273 3739
621 6099
4762 3751
4132 4109
1735 5561
6277 6563
2923 4006
1784 5453
1257 2526
6585 1431
5921 2205
893 4693
6770 6846
636 6757
1751 28
44 3435
6797 3007
6200 5003
1157 1541
4715 121
1812 3687
5105 5968
3059 2739
807 1916
4177 6861
2983 3683
3117 465
159 160
2800 4730
3242 5829
90 2275
3538 2215
4668 2934
6442 1503
6600 2843
6598 2016
557 4370
5416 1107
5161 6250
3831 2437
837 6639
2386 2646
1401 2251
828 3143
1048 443
651 972
5312 3386
3013 6127
2693 295
3596 1789
1010 1090
5309 6498
6119 5549
3836 5413
3029 3627
6766 3670
6759 2499
630 5006
4582 6169
1662 2938
3584 1405
294 2805
4487 2899
4394 6872
6634 6934
2969 2041
1441 6911
5496 5543
5393 2412
3053 988
6790 1031
126 4160
74 3970
6607 1324
4862 6159
598 183
1333 403
1590 968
2832 2682
2610 3801
5382 718
3 2225
6837 1227
3015 5018
2666 4864
1580 3663
771 1050
888 2389
6584 6416
5739 1894
6150 3680
6531 6001
5924 893
2916 5389
4000 5763
2813 4510
3260 5199
1004 6886
730 1399
1695 4525
2588 5331
5791 4686
5768 730
873 926
1838 3298
2903 3622
5202 5076
2428 4295
592 4848
5702 2362
189 1425
6450 535
1315 4654
1955 850
1559 5014
6466 4451
841 2519
2453 3012
1981 3202
5090 5928
4417 924
6502 3327
6522 4733
5221 5822
2881 4398
608 2698
1917 4880
950 5845
1299 5999
1998 4310
451 4212
5065 4528
6584 2578
2214 2622
3908 5369
3562 4732
6665 6889
5617 2008
6639 5668
2379 3598
288 3632
6198 5925
374 2652
2961 6205
5814 2552
6872 951
409 5090
3890 252
5101 6817
5441 2721
1893 3331
2242 4239
1669 4377
4219 2413
2820 3721
1920 1744
2264 1554
6037 1254
340 4172
5500 3301
1336 1693
271 1369
5933 150
3782 5795
3818 5452
3684 2254
2384 2787
3287 5035
4899 4774
5246 6767
5648 4303
2162 1627
5140 4836
2714 2140
5768 2153
1936 5256
5733 5350
6848 5037
4303 5093
473 2607
2954 5010
4734 1115
1220 2807
4694 3968
5286 1628
6103 1850
6318 5222
6562 5582
6495 4360
4315 5103
2078 4558
3115 2834
2198 3162
2979 3727
305 3181
2865 2659
5320 3841
1793 5328
6583 3426
6655 5746
5560 6711
2635 2382
6957 5330
1950 2279
4880 536
73 579
5442 2491
6400 1440
2035 1828
3972 4333
6952 1953
4500 4452
2879 6125
6210 1316
5124 115
1915 6607
5492 5237
2104 3096
1096 4060
2283 5313
2692 4020
5082 643
1436 6380
5830 4478
5271 542
2654 530
5326 1003
3834 1366
995 6637
5109 2466
1277 5569
1807 2351
5510 2810
2522 4548
6357 5126
5133 6243
811 1043
4109 258
4640 6310
5161 5258
5247 4278
863 452
3889 5587
269 6883
1829 6432
986 4989
6371 5182
5939 2519
5614 2759
1675 5965
147 2167
792 5123
1239 6566
826 4707
640 5483
4862 4817
1515 5683
820 4138
4777 2235
2566 659
6702 973
3224 2322
4831 2471
5884 526
4485 1834
4464 957
2318 6946
4672 906
3705 1871
3870 218
1091 6294
122 5678
4635 1778
2303 2127
5092 3185
1836 3415
6106 6173
4850 619
5691 1235
1697 3256
5444 3987
5093 3006
2323 500
6115 6666
332 3394
53 3979
4341 1681
5497 1369
108 4440
3716 1629
1350 3148
109 878
2411 5982
6420 4269
971 119
1010 5709
2292 4570
5184 6507
5931 1072
6046 1584
6431 1395
1383 2507
6231 6999
1355 459
4803 2651
5737 3458
6102 1893
2748 1588
4057 2272
4730 860
6706 6703
321 5083
6417 184
1339 4837
1083 710
1998 4473
31 5509
3890 6481
4036 6306
469 2702
2427 3832
4880 4187
6786 5127
2460 5443
1333 1989
1789 2040
5438 6400
3108 3412
4009 4833
893 936
4602 5347
3224 362
1044 1105
2320 5059
68 4236
1810 3267
1839 1753
3456 2590
6601 4973
3779 1523
5388 2499
6358 5215
2803 4654
2395 3139
3403 2929
3176 3704
2096 6455
1745 5474
434 1711
2299 6814
4757 1097
2883 3078
1869 4197
5004 5892
5661 3947
2397 152
6246 436
2662 1389
5220 6456
862 1599
56 3421
5811 3891
5496 4819
921 2179
3715 2827
2283 1743
4430 5024
2224 4546
4521 5142
3652 2478
5279 4003
6519 1884
915 829
6390 3948
2718 5054
6512 4877
2372 3663
4001 6015
503 5988
5135 3500
3001 4588
6007 3429
3708 2006
2144 4967
6977 483
5824 4476
6376 4989
4698 6128
6002 6468
1401 4105
1650 1399
4723 1462
5191 3782
3487 3700
3974 3818
5906 2973
6990 3347
4452 410
1417 1605
1267 5044
6532 217
6438 6217
2238 4952
3482 323
6113 41
5128 6062
771 4059
6829 2840
1359 4983
3847 2141
170 2903
946 2370
5925 4127
1074 4999
1463 4582
1258 1144
3338 3203
6915 1079
2063 2103
5521 2731
2713 3151
4728 4815
503 5183
2810 6467
5704 5067
3173 4829
1834 3182
2357 5209
6094 5252
2026 5604
5885 5078
871 856
5029 1895
6066 6587
3012 4322
1324 609
1859 1899
3512 4645
1456 728
2323 313
273 6010
5345 3794
2413 2458
2660 2335
141 2858
1937 5912
3654 3947
6424 4201
6983 5885
4175 2895
5509 4575
3363 4148
2365 5046
59 3206
3263 534
5014 3815
3949 3491
1093 1211
4696 5226
3047 4851
5602 3985
5951 4139
2054 431
5450 6597
3358 3023
1278 964
5223 956
5720 1762
2113 1011
6627 4129
3196 5324
209 117
1263 5944
4910 3061
366 1232
2721 5970
202 77
2160 1207
4703 5242
6769 3431
1418 6986
1413 6642
5683 2230
1127 6056
2001 6812
5308 3107
6452 1280
318 3443
2033 4815
1906 6925
1025 2746
6689 3852
5300 5848
4822 2840
529 4794
3335 1295
3364 6197
4388 104
561 1299
2261 3891
2388 5164
2114 3841
4285 1854
1417 2223
5470 6444
6155 885
401 2515
3324 6017
3510 2989
738 6072
6660 5716
3756 12
1698 1684
6188 6660
3346 1834
6985 588
4987 59
2380 1489
6296 2995
3247 1074
2417 4000
5550 4868
856 6478
605 2695
1391 3604
758 3691
4030 931
2156 2912
4452 6289
3836 1819
2834 5227
1399 6878
3825 3158
2242 1905
3243 3934
5328 6337
2054 1854
2243 4759
4550 3791
1766 5359
6876 2873
5630 4423
5881 1790
3453 4683
2204 1798
5509 6348
2522 1141
779 1885
2238 1382
63 2469
3446 1260
1897 5253
1326 2054
6095 5691
5324 6568
2332 5181
1495 6936
5320 2662
4713 3970
860 6196
1765 2101
6434 2124
6957 4151
815 37
4849 6460
4785 2503
5710 6230
4270 367
2659 3482
4873 1569
5551 5419
1686 6130
3867 2579
5978 3951
4142 4504
4515 6964
2428 3734
685 314
3204 3955
1705 895
6135 902
3205 393
4320 80
4825 4911
6033 625
4412 3052
337 6397
1918 5325
152 4365
923 78
4751 5901
2979 1743
5248 291
239 6993
5774 5999
2849 5834
6216 6344
6918 4172
25 2311
5622 6359
2281 6316
3662 4402
3062 465
513 5283
4954 3227
769 2994
2560 4950
1230 1137
3561 563
6663 6282
6288 743
68 1634
2686 4500
6571 277
308 340
2460 4719
3802 625
3955 3873
6656 2078
6100 4075
5453 292
2371 2395
1029 3483
5237 5363
456 3621
1428 3754
5067 6672
3355 2565
3009 1928
6412 2849
4196 3935
6532 1453
5806 595
2767 5778
3796 29
1454 6106
5905 574
3787 2195
2419 2062
2789 3093
3103 4946
5628 5369
5998 4148
4465 2258
6951 5759
3501 2740
5144 4798
5839 3337
3101 5250
145 5772
2443 2806
3465 6466
6582 6801
6114 4481
4829 441
2342 6137
250 2563
6413 5302
6387 4081
4135 2504
879 2734
6627 2787
5326 4630
1742 665
2953 814
1051 747
3115 2273
1233 6645
2296 5388
6439 457
5878 2110
6998 2141
5353 5672
4128 1683
6655 5185
4344 6411
6744 3722
5432 6904
6024 4564
5339 4461
4095 2674
1419 5465
4929 6283
6049 6314
722 3847
4314 6919
6895 858
420 6892
1659 1919
346 4499
320 3278
4280 5056
6634 6186
4982 2130
6195 3106
71 5957
1566 5111
5110 4759
1815 5815
5547 5514
8 4854
490 4628
4951 3948
5300 4856
3799 5133
2794 5614
810 3263
3284 2243
6842 823
5849 2065
1883 2724
4691 52
4761 791
1958 2309
4160 3045
4500 6119
1847 4198
3753 4384
386 3874
4809 6874
2094 4075
1595 2442
6765 761
5762 2069
1594 2971
1778 5532
5484 3256
6731 5314
4360 2325
442 4156
4301 5128
1505 647
5113 5006
4449 5026
6071 6207
4863 4077
1656 816
2960 3408
5627 2783
2953 2237
6103 2712
3145 2407
805 5147
6621 4241
5295 3707
407 2068
2604 4712
6532 2071
4171 6186
4828 4241
840 1169
1327 533
1795 2853
5043 6115
5375 4410
1858 6585
4654 2398
4254 4908
2855 5462
5159 813
3903 3927
2444 4430
859 2350
3851 1485
518 2057
1442 2176
695 6857
2011 4548
4590 4076
2195 693
4187 653
5548 3025
6430 4396
5060 3436
6180 3467
1044 4732
1228 6539
5700 6802
3688 2403
4557 2815
3614 4174
402 569
5045 1623
3899 371
2500 925
3157 6150
5074 109
3203 1607
5758 741
5577 2615
2143 129
1000 4810
2110 4153
5009 3097
1153 1642
6900 2251
4671 6485
366 508
5880 5807
2169 4733
4006 618
5809 679
6779 1143
5445 2846
2327 2286
3595 5221
5209 5787
169 6760
6836 896
5052 1639
6638 911
5306 2687
4086 5458
1417 3004
195 4948
2533 5545
1507 5149
1287 679
137 4943
4402 6603
6267 5290
1633 6951
152 5251
3333 3127
1657 5847
4202 3539
4580 2933
2888 5894
6666 5938
832 1977
3667 5632
6496 3837
6134 2667
3661 5817
2618 1280
6945 4572
3979 4406
3700 4991
1047 3070
2733 5956
455 5410
637 4892
6991 783
3254 4904
728 4256
1791 3753
3778 3369
1021 5232
6422 1040
1480 3302
141 3907
382 586
5645 1348
5927 4444
5366 2687
4903 711
3683 3482
1508 4569
1685 2953
1344 2660
4484 4699
5081 2703
4360 2943
504 5652
3548 813
571 458
5664 2529
3554 4011
6952 4588
185 6838
1346 454
1335 2547
6880 6405
5815 6081
3208 4505
5541 594
5102 3930
6628 4649
5910 6318
5688 3273
4821 1436
1082 1320
3425 2261
4036 4135
920 6654
2422 3569
6066 415
6245 2632
4005 4822
1735 6049
6061 71
6864 4367
2201 1126
274 63
5069 4921
337 3795
4124 3201
1354 695
206 5032
323 5617
3186 4904
1955 1070
730 3497
1227 4303
1078 4180
8 3512
4586 1919
2153 4468
2125 2420
5043 5578
4301 4941
1314 3898
3026 1589
3394 5957
6952 3783
2331 44
6611 3490
2614 2584
6320 308
585 2742
6872 821
6471 477
2183 3529
4296 1564
1340 2086
5546 6549
3382 1409
1866 1378
2430 3406
6602 2623
1826 1979
29 1706
3410 6840
4566 6528
448 6793
3280 4515
164 618
728 2646
2973 3052
3403 2636
2842 4289
1541 1968
6367 6139
815 5274
6833 5380
4118 4833
6831 4553
4801 1857
4799 5194
6762 252
1965 983
6173 6273
1660 347
6756 1935
156 3359
6079 6611
3154 6446
910 4730
5234 2089
5597 6113
2121 4125
5010 2381
6634 4389
3404 5840
2005 6394
5942 3115
3987 5666
3268 317
4427 5938
6760 6191
1896 4946
2171 1209
5748 3249
6995 4553
312 4222
3173 6846
4032 1652
1793 5198
6965 180
3477 841
3074 6086
3162 5933
958 1364
5436 4825
4875 62
88 1481
3538 2248
3632 1129
6979 1017
1815 5896
1068 4915
6773 6776
4583 6077
1694 1405
1723 6307
2804 748
3559 6508
4764 1170
574 4757
3924 4162
5008 1530
4610 703
2082 4146
3021 5297
1247 312
4507 955
5190 231
5382 6817
6039 5626
4348 6560
3066 1283
5189 760
3043 6749
2293 1333
6090 5591
5353 5298
6988 325
5563 2664
1141 266
6808 5053
5056 4553
445 1502
300 5285
6807 1418
5427 6186
229 6573
2528 826
4804 545
5210 1987
1197 6210
5152 1228
1812 4793
1688 785
1629 5840
5416 5246
6722 1495
3031 2551
1842 471
2274 128
2251 4840
1680 5805
3216 1550
2466 298
2438 4666
1817 2104
2159 5251
1466 1123
3047 5713
1125 4994
4599 6155
4243 4800
127 230
1025 1380
2324 2874
736 1277
5099 62
619 3321
490 1221
1677 2474
3129 4964
2296 4209
1016 513
296 3607
4313 5919
5779 171
5429 2044
267 2088
3715 1274
6369 387
2498 2064
6171 6064
1386 1894
13 3669
3936 684
5460 4740
4961 3861
2595 5380
5893 3841
5009 145
1161 2715
3528 1798
1527 4758
1721 1591
2177 5806
687 580
5203 6777
2431 2690
2302 4754
6510 6634
4860 3405
3855 3886
338 6061
3540 2562
5317 4812
5902 1301
554 4373
2290 6622
829 6298
6216 2400
4103 4365
5809 4493
5589 23
1294 1150
4647 4236
1376 3434
5894 3288
5710 1481
4526 6161
6924 393
35 1714
1812 6216
2903 1345
2627 5611
5853 6670
3833 4662
409 3618
1940 2429
5897 6942
2683 6674
4675 6634
6979 1985
6034 2517
4301 3949
5664 732
1159 5247
1185 52
3890 2163
6666 6369
367 6775
463 67
3763 109
4816 2328
6096 362
6944 2149
1235 2798
125 4209
1051 991
1059 5016
400 6134
519 1130
4562 4663
4477 2081
1102 6591
5503 5860
3590 4503
5990 5978
4002 6891
2507 567
2321 4349
4781 6629
1202 756
3617 5545
2349 3364
2130 4000
2316 972
3002 3929
3871 177
4709 1276
5514 6399
1844 1162
1152 6304
3399 1121
2719 1362
3307 1532
5144 4587
1687 6813
4552 511
3511 4745
1002 6710
3979 649
4507 768
2275 567
3828 3863
5008 1693
2673 1367
2425 1265
3848 5269
5164 2206
3691 367
4712 3802
6336 5810
5610 5706
1666 1398
4962 1698
256 1793
6947 6903
4309 6014
968 309
135 3718
6449 6626
625 3353
657 5520
3399 6732
3086 2071
2468 3190
5130 2221
5293 3905
5969 6174
1464 4273
3916 1774
2856 2548
906 5443
397 3876
2231 6660
1517 901
5444 6703
4682 4690
1149 2168
2942 4951
5373 1575
4251 1471
1324 6895
6964 1191
4061 5511
5191 6230
5427 1811
3472 5116
6741 2839
4779 4973
5687 6811
4118 5264
391 3657
6180 3711
3341 5572
595 6870
4793 1646
6489 5220
4775 4450
5386 2160
6141 1504
4711 2745
4402 4619
6260 2135
6532 4543
3139 4310
521 4827
4535 3458
5009 6724
305 3482
2137 5439
1886 1656
1954 6486
6087 6529
6340 4723
302 178
3939 3023
4961 2519
2626 5603
5184 2002
6995 5334
2630 5722
1852 3176
4206 4306
5990 3563
3741 1503
2657 1883
1258 2437
6571 2562
108 6701
5550 2510
4180 2304
1496 5234
6948 1731
3954 5933
2557 1652
464 6521
6290 4205
2890 2801
1744 1549
2922 5722
241 1753
934 5881
2240 2884
3752 5425
6522 2269
921 4895
4945 4214
616 4259
5098 4456
2073 677
669 887
5901 2336
5335 3645
2485 5317
3010 1755
4161 1099
6487 6597
6179 2280
4164 616
5093 1079
6429 5838
1011 4007
2090 1031
75 6537
4964 2362
6540 2444
1722 6462
1409 1801
6261 777
4681 5457
4604 3547
2527 1005
6290 6433
2592 5564
130 3211
1873 215
5613 6191
6200 3507
1711 1385
5510 2306
5477 6330
3216 1981
5393 1721
5284 6689
4632 2562
5984 1408
2928 4732
4112 52
1524 4942
414 6353
4643 6104
4133 929
5450 1474
4383 4487
3330 16
3364 5262
1489 225
1050 2807
5121 1972
936 1739
3509 1479
747 5250
3066 909
2009 1200
651 2509
804 2751
3099 2520
368 5604
3627 2639
4007 2860
6896 362
3198 6663
2389 4804
4034 519
5333 2767
3779 5662
2403 2258
2468 2653
1038 1642
1444 3084
4713 807
5678 3179
6239 1526
5898 5397
4654 3610
2006 2033
6075 371
218 5286
3184 5452
6288 1418
2122 5399
5260 4359
5009 576
2185 463
1407 6585
3709 5273
2246 4122
6851 6604
1211 5892
5160 4128
3203 5852
780 6837
1926 5837
5658 1372
2141 3547
5343 6464
857 2361
3258 274
1353 5194
3502 3640
4780 4257
5310 1039
5530 3257
2510 2074
4955 2568
3464 3533
97 3023
5396 5694
2187 5770
4713 6418
5984 5864
6571 3180
941 904
4420 2409
4614 5658
6887 5860
3711 4164
5834 2887
2246 6350
314 4943
4574 6259
2750 1911
384 5682
852 1586
2678 6761
4114 4554
3020 3492
4397 4088
5445 2553
1338 1479
4853 4893
4261 4981
3012 2850
2798 3830
1456 5672
5470 3549
6817 553
3042 4190
4601 1639
5447 6763
6058 4473
215 1150
549 272
899 1782
3954 6901
5439 5367
5465 172
4389 6829
3379 6966
4258 1650
3965 4057
1017 2188
974 5524
1724 6776
4831 6423
2682 5725
5930 5577
3908 6906
2131 2404
1100 910
1279 3127
5983 2205
418 6740
2032 1644
750 3537
3530 4479
3029 6937
510 3296
154 5354
4230 4863
1800 4677
2892 6824
3761 3072
1302 4400
6560 4818
3738 1368
5309 5270
4476 5269
2953 4067
1585 3934
1332 5740
2517 4668
3570 2723
5251 5265
3782 916
946 5704
1297 1023
359 2726
2203 6198
5924 820
48 1521
6390 61
4862 4931
2938 2631
5230 2883
5214 2350
4433 2539
6575 5476
759 6228
3407 1389
4778 5203
537 1685
2689 5310
5640 4444
532 1341
3114 4550
3489 3673
3248 578
4514 6850
4201 2189
746 5242
4615 6902
2647 5838
5974 6949
5729 702
6510 1267
240 3569
6751 6991
1424 4524
1140 4765
3920 6461
1795 6911
2225 5741
50 6828
4776 969
5125 6041
5839 4630
1443 5705
5653 1996
3647 3858
6678 4419
6831 5415
2034 6146
5740 3870
1199 2312
4616 687
827 454
192 6130
1506 742
5926 61
6633 1643
719 6778
3303 5896
774 69
6348 4665
1900 3298
749 1702
897 4606
429 2286
57 6844
6901 6534
932 4038
3317 317
593 408
4414 5814
1993 6872
4697 5348
5523 4932
5128 1370
1107 1568
6239 3567
1321 3971
3010 6374
1921 1492
6883 4800
888 4089
671 5552
4952 2083
6736 4723
4771 6586
2328 2031
2522 5280
1498 4957
6909 6371
2427 6174
3697 2766
3477 3931
1550 2114
4910 2207
1799 5824
4765 5990
6090 6453
949 958
993 6892
5255 3373
1731 4377
2548 435
6772 6258
2883 6575
2938 6282
918 5028
5371 323
1542 4855
5711 391
227 4356
5865 4241
3473 6791
2788 6688
2533 5415
2163 220
4902 1915
4217 1058
6349 4061
3701 2484
5767 673
466 3591
1030 5619
4824 6196
1155 4567
1834 4101
6534 6443
6969 5617
4422 4846
5375 5703
4785 2454
4745 3055
1293 6379
2224 3505
2595 5892
6810 1773
5869 3959
1201 374
6746 4232
2448 6596
2190 1642
4498 5780
1534 25
2750 6180
2884 2962
3739 1032
2216 6246
173 6698
1348 6436
6986 6321
3249 616
3376 6053
4574 1079
1196 6796
2772 6878
783 4937
1024 862
874 4301
745 1447
6204 6285
1030 4814
319 3490
566 3367
776 733
210 2042
5662 4955
6032 4488
5099 6535
4127 6402
5073 5314
6563 4124
768 5753
3077 1448
3947 6966
5468 5843
5706 1470
4343 4687
4087 560
4183 268
5492 3204
5643 6783
2604 5550
6176 3082
1627 1663
4703 6161
4809 6557
265 5482
974 3727
6700 6465
4704 2599
6579 1974
4823 3230
4112 1906
6507 3037
2680 6484
1343 2254
1561 3645
3429 1849
1925 4861
927 5759
6472 3201
5130 5043
866 6237
6179 6362
2509 1125
1769 1315
4630 3939
4418 5746
984 3260
2006 504
982 3187
1448 1674
1016 6181
4471 3128
1260 2377
2540 3821
2220 4405
6239 3380
3688 5119
608 1633
947 1099
6580 640
3715 6942
5174 6439
6824 3252
3971 5407
5024 3462
6242 4028
4057 4427
1313 2388
3625 4016
4491 747
4337 6696
6784 3853
4805 2600
2909 2348
1316 2659
1651 2383
1716 2778
2210 4067
4111 4663
966 2280
2151 2706
444 3107
6486 3607
6999 4946
4845 4658
1377 6695
1487 447
3008 4986
6184 2518
6432 368
3037 3472
6927 347
2957 1234
1952 5879
6941 1154
1640 4072
3259 5736
4969 2600
6897 5019
1086 6115
5315 6620
3877 1584
1408 1470
5461 6445
4654 4659
1569 2327
4303 3678
2879 5865
408 5678
2495 2492
4016 3621
5917 3463
6199 6559
4093 5531
6944 1051
6634 71
629 5088
4555 866
6852 1462
1900 4534
3108 4412
3892 4494
1769 5771
2930 5803
3978 3514
5225 3320
6035 4623
1362 694
336 4462
6318 4157
3725 3041
5683 3417
1586 3785
5590 974
1576 2343
927 4149
5531 3777
2112 3077
5772 456
5159 1919
921 4334
1232 1752
337 4283
3281 2246
758 6033
5183 5696
6580 2063
2437 1332
4866 1293
2999 2533
6170 3885
444 1147
2350 2087
5635 343
6209 3059
719 3826
1221 4222
6162 3243
6022 6616
3312 4161
3713 5259
2087 172
1521 1481
4335 4259
1470 4899
6570 1725
2735 1147
3232 1953
4519 404
4760 3499
2824 3848
5516 5697
4451 5373
6851 6848
3262 3293
2672 44
2864 214
1109 5859
5156 466
6069 6812
5289 3439
3733 6261
4504 6138
2823 3596
889 608
4724 1186
5034 5549
1657 187
478 2959
2441 4433
5736 3377
4270 2709
70 1444
1293 2354
5708 1329
173 2323
6112 5354
981 6963
764 2764
1338 4756
2458 4787
5353 6241
2680 6297
6321 216
5352 6770
4175 6205
3793 2905
4049 616
4823 6426
2390 6723
4190 97
4379 3002
1870 4213
5633 5477
6065 5888
2398 4332
2147 2801
4127 5410
988 563
26 1872
6753 2475
1664 3586
1543 4757
5555 309
1102 850
761 4721
6513 2264
6884 3897
3157 5296
3124 2904
3752 221
1259 2719
171 691
1413 6569
5181 1007
5525 1571
3679 682
6012 935
2187 5209
6638 4595
6077 6248
6908 6176
3052 4721
5705 226
3394 1452
4791 4235
6883 1393
754 3900
4054 3942
3245 1329
1650 4977
905 4069
6354 1803
564 3776
3957 4009
6013 1510
4604 1376
120 6768
1550 4773
1526 6631
3211 5882
4567 1494
4474 5467
6473 2434
6929 6649
1547 4475
6099 3913
4884 612
2444 6154
1759 6051
2566 667
5129 3826
1581 272
3405 5374
2546 3398
6675 5951
4443 6504
233 3797
6649 4730
479 820
5369 3286
6112 361
5618 3990
5807 6895
3555 5318
2280 4218
387 1231
4427 1083
447 2036
5710 6962
2806 3510
2933 2531
2372 20
6138 4965
1783 6795
749 5784
4641 2732
4331 4758
3340 411
4419 4605
5709 2573
2379 4574
6572 5422
6603 4735
125 2924
715 3921
2184 4106
4290 5134
3359 1592
4696 160
5444 3995
6719 1685
5922 587
4821 4770
220 3161
5817 3045
5944 2820
1460 1042
4761 3938
6026 186
520 6836
592 1986
4785 2080
1831 3429
6457 6788
5870 3056
3843 4041
4851 3831
4844 2660
45 6728
6213 3395
1101 2802
2135 807
3191 5549
4096 1454
6044 1896
1981 6756
6698 6069
3952 1705
2597 1777
3547 3871
2523 3548
6010 2662
4759 6120
1937 3424
2718 3989
1968 2737
6856 4376
2279 155
2365 5591
555 949
4290 4329
28 2186
678 3234
4664 6233
5533 2481
959 2695
5317 5300
336 3470
6375 4453
5902 1789
4668 690
1113 6545
3102 2824
4160 5387
6493 1476
3721 4559
2448 2034
1290 1519
1269 642
1415 6129
6520 4053
2499 4251
1038 3927
3911 1650
112 729
1169 6827
5338 6527
4839 4894
4299 1008
3275 1439
5771 4874
4468 5890
2596 4534
3517 972
3967 1932
1754 283
128 1612
374 5051
162 442
2834 161
6421 3643
2111 3738
5946 152
722 5734
929 2829
3733 4919
674 2310
5319 4191
3884 5088
5883 6219
5014 3555
2247 6982
1963 807
2928 3179
2890 6859
5970 2431
5187 1039
2609 4365
2848 217
898 3866
1514 6084
5869 5008
2911 4703
1258 1957
4569 5541
5066 6347
1291 3568
21 560
5831 5655
3563 3545
4187 6378
4521 5500
4824 3057
536 5355
262 622
6074 1626
4859 4741
2094 2579
6328 3428
2472 1973
2005 2507
1028 2784
5458 2791
2368 869
4228 4874
931 5103
6235 5866
4451 6609
1521 6100
4721 1774
3167 5423
6974 6205
2296 1932
1678 3051
5656 6189
4164 136
5781 5137
1679 243
4690 5844
2078 3924
6534 3654
1119 4750
613 6864
5878 2037
6709 1965
1726 3472
5924 3910
707 3493
2161 2646
1113 4935
2066 5792
4091 1728
1381 5689
1420 4863
4868 4803
425 3780
757 6993
2715 3205
3692 1430
540 2040
4399 3012
3504 1379
1658 1244
2683 2169
5083 3644
969 3651
4427 4279
5989 5409
6820 4583
2969 1220
3637 218
5759 5132
3615 5532
1872 6276
2791 1887
1863 5032
4072 2775
4631 4459
5441 3510
3476 6127
5338 379
2385 418
4601 86
5807 5553
6899 3536
4531 4228
5193 6791
1513 1620
668 5766
3438 6020
205 4544
5688 354
5430 318
2436 3766
2534 891
6651 6817
104 705
1005 5536
3314 1231
3961 5014
2528 322
6789 5246
2241 6681
2712 6266
1556 162
12 4499
2829 435
6235 873
1803 39
3021 605
5877 2885
567 2277
2864 2873
4949 5276
2170 4936
3481 2283
114 1019
5256 3706
6408 5904
4450 5528
3132 594
704 1235
5153 6210
2233 6389
2419 2607
4993 1791
3408 6127
3138 2294
1041 1005
3473 1237
1076 3443
200 6024
319 1774
6547 4908
4892 1335
4861 2022
6423 3152
1507 5881
5234 5236
1187 4213
877 5485
4728 180
5483 1776
5292 2208
885 3848
2683 559
1222 235
6566 6089
5759 139
3147 5389
5883 2649
3990 416
462 3930
6697 1819
5112 6155
431 2365
5188 4487
1583 399
1017 1708
2830 6621
4886 4122
669 4408
4566 2454
2893 3937
524 1775
1427 3269
4125 4963
4942 4431
3199 1765
5928 2018
864 4849
6679 3872
607 6913
2890 3639
5350 5919
3282 6903
4352 401
1007 3622
816 4054
6332 3010
2696 3773
4706 929
1965 3325
4520 1705
138 4341
5950 6099
4026 4553
2211 2977
3152 1545
5168 6063
6598 658
1690 996
6186 5817
1707 5137
4021 1176
5874 4010
2897 3655
4850 4441
4418 4030
5605 3031
4726 1931
3115 5046
1861 2571
963 1421
6071 4524
2898 847
5131 3148
5666 274
3544 4405
1765 5492
4874 1802
1171 4753
3536 3763
4995 3260
3634 4298
865 6898
1574 5897
1541 3505
6670 5233
1040 5209
486 1617
3404 611
922 4399
2806 3136
6398 6208
3657 2188
6754 1147
4169 3302
2558 6417
6947 4171
4294 2250
4328 1080
2456 1976
6253 6234
4854 372
640 929
3888 27
645 1273
2668 2798
2924 4673
5599 4663
14 1406
1892 6714
4810 3456
3416 4354
1635 2362
3347 53
205 4357
1726 2480
3651 6880
1133 4595
484 6401
1847 3938
2165 2527
3281 5068
6369 6917
3861 1213
4339 4221
4088 438
1993 6392
1212 6581
1153 5220
4570 2841
4599 2081
4053 4766
6097 752
4789 1424
5358 3796
5881 3571
3854 6808
2729 17
2419 5453
2830 823
6159 5013
5249 2348
1581 1321
6611 5295
2576 6541
2349 900
2199 3585
1906 6746
1725 3702
4347 4058
3459 2872
1196 1860
79 1346
6755 5424
1261 2255
4991 1127
5951 3155
6486 281
5574 953
4359 4068
4923 6096
5515 3756
1592 5243
1346 1804
6007 4218
6475 122
119 3404
6755 2391
6624 3628
4041 2446
5813 188
6284 6189
124 715
3486 1635
800 3738
1462 2137
51 5340
4724 2853
238 1002
1260 4662
4219 1405
5306 5460
3255 1887
6126 5199
1324 5586
2594 6342
4686 5752
3184 3175
5247 1847
1131 5191
6709 5779
2781 2004
1604 1439
4842 4013
6550 4214
824 2230
5650 2237
6025 2114
2375 4699
787 2348
1776 3616
2058 2548
6392 595
2278 4766
5569 6220
378 1362
118 6161
5417 6580
3832 4500
5571 6266
2297 1783
6383 6144
3329 3125
2078 6583
872 1116
428 4108
1646 6926
5322 6693
4140 5784
5654 4988
5814 739
2267 39
5462 1785
171 5391
52 1727
1476 2169
605 5094
1474 1342
5529 6390
2565 635
233 3236
1229 5675
1907 4607
5828 795
6633 5164
6609 606
2563 3191
4712 883
6823 5261
221 5104
1938 3139
5197 174
4732 4541
6509 6791
6875 2418
5013 996
2299 1805
5038 2746
1891 5952
3424 2180
714 5387
3081 5224
5877 6699
3762 1421
90 275
5537 3598
1425 2180
4004 954
1769 1990
5103 108
6526 4112
6068 3234
6775 4816
6064 5744
6527 1304
792 732
797 1076
2939 4767
5683 6052
6839 5740
3408 3525
538 3067
6083 509
539 6675
2622 5999
2630 3608
5553 694
133 2200
5539 3270
1991 6132
4704 5852
6170 104
282 5706
2419 1883
1617 1195
2339 6061
6627 3763
4299 1602
4147 4214
1270 2585
4974 6652
3634 2151
2080 1636
5476 5550
4905 2351
1369 312
6226 6802
6525 6869
6150 1330
4811 1935
5676 4857
6431 6453
925 5933
3718 4481
6651 2255
4371 5046
5374 4492
704 4244
2230 4963
3180 641
5738 5708
5187 1633
5392 2065
6116 2096
1973 1365
5804 6705
3934 2012
5023 478
3526 4661
2686 6899
504 6815
6020 5771
6390 4550
1094 3648
4227 2264
2655 4553
568 1323
5955 3841
1067 2202
5475 760
4516 5750
4941 4236
3232 6816
2024 3932
6496 4195
6594 566
2798 3326
4157 3373
5036 309
3097 4147
4786 3517
2534 1940
698 2493
6856 4888
6685 6696
5586 1126
1513 6052
852 6343
4613 4528
4150 2552
4809 1434
450 5774
6799 1321
4150 5935
387 4671
4016 3491
913 3963
254 5081
1811 5867
6407 716
3368 5899
3798 4729
6821 6183
6291 2985
5109 2076
3734 3024
3115 1289
150 3977
3051 3748
6042 5664
2386 4297
6436 2585
6785 3493
1086 4830
6005 5782
1609 4605
5788 1583
6681 2389
6213 69
2018 3312
4697 38
4098 5371
4535 1962
2042 3706
1274 1848
6871 5896
4003 2101
919 3377
3066 4406
5122 1907
5127 3005
4468 3369
1003 5734
4120 6069
1417 4785
4500 6290
2969 309
2186 3835
3553 3743
3152 3399
1971 5344
727 3557
290 6966
4927 4822
3934 6818
6375 4160
2000 797
3767 4611
1716 1038
5073 1614
4515 6948
1308 3687
678 3291
6598 2862
2665 2907
3076 4693
4982 4879
118 2136
4841 5428
4039 3986
2643 4811
3577 5618
4322 110
461 2475
5991 383
1538 5088
5249 6162
6053 2015
109 3521
2757 2846
6213 2647
1576 4791
1853 3379
3902 3873
5953 1030
2252 1398
5022 3904
3745 6141
3103 2702
414 1124
1544 6007
4366 2287
1255 5904
1888 5817
4030 2338
1906 761
5496 3006
5805 4515
4492 4089
6660 2585
6219 2842
5785 5768
4696 1640
6879 4578
5537 2256
5597 6471
399 6104
3448 2363
2766 5941
4488 4320
2107 643
6289 6964
2464 4822
1559 6665
2392 3256
520 1900
3078 6213
5814 1975
2364 1208
5559 702
1393 4683
4127 5280
5371 3657
6023 5532
4226 5259
2700 4540
5124 6409
3624 495
2858 5880
1826 1532
2980 393
1890 2456
2105 166
797 6500
1907 5843
5388 1759
3784 1881
6490 6846
4429 2585
4680 6368
3628 4751
5956 4660
5992 153
4335 2169
2494 6542
2776 5474
2372 695
3374 6332
6010 4142
6703 4860
5757 6702
6049 4070
3805 2354
6945 4393
5949 456
5761 6821
2645 3678
4109 3519
1394 720
2519 4505
4513 1128
5227 6887
1951 5741
867 1203
5078 6764
499 6634
275 6926
5161 5486
6525 5877
3698 2083
2540 5732
2139 5388
5085 14
5310 2576
4690 2868
4716 1837
144 5130
5801 5065
3874 4002
5827 4034
4870 5687
2822 1631
2287 5259
3837 4120
4587 3120
5368 2931
5576 3634
6971 5590
813 3195
816 460
3388 2981
6142 5708
968 4237
6412 873
679 4134
216 2158
5116 5312
1895 3873
4634 4814
1272 4648
1308 4305
6062 2746
4357 6226
1239 2256
4482 5174
5010 1129
1775 2236
3887 800
275 6121
5507 5318
1894 1369
3938 3771
4874 1241
3103 6353
49 4088
1606 4120
3911 2325
5802 2233
3312 3494
4675 1031
3786 6760
5121 2249
3412 4829
4403 6170
4434 1319
6648 6576
6072 3033
4310 5979
2474 3526
2876 1062
136 6312
3708 3844
2715 5840
721 2801
4737 2259
2612 2709
5039 1843
3048 5491
183 5377
3144 5199
6031 6792
936 3894
771 5547
4909 6688
5569 2008
653 5491
2195 327
5464 4466
491 6661
3139 1822
866 6538
1551 6641
4481 734
2147 256
1729 4469
6536 4426
1450 2802
5469 1777
1921 4639
2793 4568
489 2801
1814 4018
831 6702
3878 5544
1947 6991
6047 6894
5584 5672
2463 1431
4085 360
1492 4906
1688 2566
5177 4759
4246 1217
5211 3589
5390 5806
837 6143
100 5850
2371 5225
1368 117
781 2801
1125 359
6474 6557
1871 4121
6755 6018
5325 843
5879 2183
394 2540
265 440
3413 88
769 1636
6144 387
2596 3249
3680 1371
3719 6961
3685 1715
2757 1854
5652 3308
6488 3580
1013 5379
1130 5964
4430 5252
4404 4031
4110 3584
4089 2707
5742 5453
4173 1654
1725 108
3709 207
6345 269
3433 6725
4600 186
4758 1526
2361 3732
2027 4610
2674 1977
5824 4704
3324 5277
337 4234
4485 6063
2947 3075
5280 3328
5378 453
120 35
5751 5165
3607 5565
5593 1573
2080 6873
4286 5853
5623 3667
1104 3588
2757 4082
3001 6694
2605 6694
1920 6591
4406 2922
2904 345
3150 3784
2692 2906
5183 5997
1262 1895
1193 6262
785 3993
5060 4843
851 5744
159 4470
1876 253
1165 1181
6576 1841
5382 5833
1906 2347
6479 1908
5888 1440
5322 2749
6805 388
2892 2563
5724 285
1732 5385
715 6987
5275 2179
5252 6891
2024 2753
4375 202
5721 5649
1480 2131
6218 6455
1080 4641
2195 4328
5400 6762
1880 3004
735 442
4938 6142
3185 2034
4969 1291
1416 3809
6583 1857
3338 2276
3165 4011
1780 2019
1532 4923
4656 6429
205 1381
4959 3986
1070 4303
233 6058
5832 353
1990 2768
128 2100
100 6468
1339 1495
274 1925
1676 5052
2149 546
602 1202
1464 443
2656 2040
679 3142
3413 3739
1778 2296
3232 1449
4918 3581
4479 501
535 3363
3603 3082
4917 4110
5225 2011
1276 4529
390 6422
1078 6042
2141 3287
2139 6624
5126 1251
1022 6110
5537 3037
3376 824
4970 6373
1192 4077
3905 6803
3936 6116
3413 4089
116 4318
292 2100
6743 5471
2378 5859
3751 4084
3242 1763
2968 2692
544 823
2340 3123
6830 1683
4490 4423
5269 4161
1258 2795
5236 1769
1590 1090
1815 3652
3527 1343
1629 1018
189 5735
39 2004
663 4837
6219 2468
105 6007
4300 512
2361 4350
4790 6563
6168 5132
5034 6923
239 2065
1918 3780
3922 5255
5479 1123
1576 3262
2075 731
6598 1683
1834 1800
6813 2803
5213 6107
4220 1687
5744 5743
453 2933
52 2589
740 6373
2287 2307
640 2759
4776 2319
1675 6624
2374 4181
302 6147
10 2363
4873 5635
4185 1851
4307 528
14 3236
5205 2432
4096 5943
471 479
1721 6218
2955 901
1072 5772
6752 995
3283 178
5738 2114
2221 4289
939 5428
6696 1063
6904 1766
1561 5182
1833 3426
4737 6878
1530 3617
1368 5541
5913 3054
2582 2201
6555 831
4820 5600
6313 3927
3424 6425
6469 4440
5657 2310
2424 4244
1137 5793
6314 1119
3721 5665
5285 6868
3253 3345
1644 871
3659 2535
2886 1831
6367 4163
5959 2648
2168 5752
3187 3479
1509 4618
2284 6866
3151 35
4023 6380
4709 3675
2625 4126
2276 3191
5020 4476
3272 4876
1092 5619
4972 1052
216 1784
5973 3835
2179 3258
4197 4439
4947 3439
5671 2716
1208 6733
5317 2218
6440 1766
466 6096
3952 2356
5122 996
25 2189
5632 6925
4849 5533
6315 3949
6088 560
6270 6458
3608 1011
5494 575
1139 1651
3687 6030
958 2771
6087 1089
5956 2326
6864 4164
6807 3630
6181 724
6917 792
3472 5287
3651 6750
1908 4084
762 2832
4776 709
4843 2685
4492 950
4399 4923
2839 1210
6942 2542
3189 1966
4679 776
890 1297
3614 1206
1716 127
3500 138
5917 5000
2778 4317
1506 6898
3889 98
5814 5252
1860 256
4614 2983
5385 2860
466 1908
4949 4959
5761 4837
80 1872
5126 4097
5511 4662
1433 4326
4682 673
4230 2993
6093 6515
5785 6362
5090 1407
5998 993
2285 6262
974 2499
1729 4095
2546 4317
573 2155
4287 6910
6749 5099
4616 5688
6712 336
1603 5676
5622 2399
5302 2229
2509 4435
5954 694
5778 2158
5962 4719
890 3525
3304 2454
4773 2639
2500 6601
2650 3916
3876 4343
5863 3959
5204 5077
4593 951
3588 5596
6821 3662
2311 1417
6514 2199
561 990
4632 155
657 698
3153 4887
3327 6760
2331 2069
1873 1191
3428 6812
2453 3752
431 5081
2994 4076
5702 3452
5635 2230
1614 2428
124 3618
3236 3609
6901 2086
2202 3352
496 2443
205 2267
5929 1172
120 3849
6617 5710
6097 3200
6154 3734
4287 2722
496 5826
326 3725
6427 4832
5804 5607
5159 2651
1539 3947
3247 4148
5525 530
800 575
5533 4555
4005 3009
6266 942
1264 5405
384 4080
5745 6131
6268 988
798 3131
512 6709
5266 5150
340 1529
1783 6909
5766 3221
3092 423
6359 4489
6882 100
188 6770
3886 1223
3175 5561
6163 3796
55 4928
1588 402
3642 4246
2988 3456
4375 633
2924 5161
6219 4859
4598 2368
3285 2696
6366 1122
5932 4048
2909 3348
2167 2711
1645 3538
3754 4837
2128 6166
2565 505
703 6253
5087 5915
2592 4580
6150 3160
5742 891
2373 3718
6762 1472
5208 957
1064 1
2027 6464
1430 2044
58 6673
4335 4186
4519 6747
2515 3020
92 6257
622 3039
2024 5412
3726 2415
343 3624
1706 407
3056 3344
1769 4893
2698 1192
5189 2785
3578 5900
6338 1302
1300 3102
1476 4267
5120 4119
1944 171
2575 3421
5901 3930
5751 953
1788 3041
4269 5444
845 4400
3064 3585
359 1474
4686 4012
5276 5763
2602 5217
16 4518
2093 644
1002 1351
5365 4300
6074 2545
476 5442
5925 3176
2897 1378
1723 4494
627 5611
689 73
3325 4299
537 6849
1375 778
5019 630
5193 1749
5346 2745
4707 5239
1243 4796
964 5381
5888 6677
1774 4432
6960 2530
3257 2071
6527 3402
2850 1158
6210 1251
4100 6897
6203 4244
6428 6806
4530 6481
5313 703
6207 5117
1131 5679
2029 1167
1378 6310
6361 2551
6925 4579
5459 3911
3150 1800
5832 2207
5168 2981
3743 2314
3330 6871
2461 4207
811 978
3178 3067
571 1491
621 854
4306 707
4454 605
2489 5474
1558 1932
5973 5071
2241 5372
2122 3960
4204 430
807 1209
5664 529
805 382
3518 6518
1930 4921
3320 2369
654 3596
592 2718
3859 6030
4788 77
3563 2504
2845 6425
4216 3823
4149 2601
2946 815
2223 4392
5898 2803
1784 6974
4685 2581
5865 411
5643 1530
2620 830
378 695
723 3359
2091 1240
1788 1431
4023 395
3622 51
3503 5055
2257 6605
4575 1662
605 2549
6861 2069
2162 3335
3339 3900
1472 2134
2214 3525
6663 1330
508 2616
1783 306
2710 6358
2314 6358
6194 5955
4055 2535
3052 3843
4883 2946
4609 3875
5763 2736
5596 4316
2764 178
3211 1621
1461 1194
4050 5574
1115 557
2381 3823
6288 2557
6310 6288
140 126
4193 4347
4281 30
1144 2426
3976 148
555 2031
1513 1734
6678 1207
4811 195
3381 5600
4100 5287
2593 4618
4121 6164
4128 919
84 5829
5624 2927
6584 5709
5529 6073
3497 6714
4087 4301
3624 2325
389 3432
5735 3697
1791 6559
4675 4471
2686 1776
3364 708
4083 395
3988 3541
13 4084
5421 1817
5414 4810
42 3324
2435 3628
7 4269
3670 1165
1146 2098
1927 2663
1464 687
5881 489
1899 615
402 4798
4662 6114
5193 5750
5635 6849
3882 2741
5638 6366
5342 2840
3045 2998
577 6492
109 8
2357 1843
6149 1593
2389 600
3156 2233
4935 1900
2996 4984
6201 1002
3754 3845
5373 4755
3463 663
5825 1654
3275 1366
2736 6750
2273 5528
6113 2286
2555 4460
3494 5611
2775 262
5240 2132
3270 241
6661 5309
3462 6827
615 1657
6127 3123
5822 4739
6065 2245
4855 5704
4542 1043
6568 6249
1618 3732
4228 2573
5568 4822
4066 4497
5688 4924
6536 6711
5864 1208
5867 725
3198 4687
4975 6937
457 667
2884 6971
269 1370
5903 3765
1269 6180
5090 4416
5615 854
6888 1127
6167 1367
198 6041
2461 637
6416 2071
2216 806
3926 4086
1345 3731
4810 5530
2690 6324
2659 4759
1682 118
446 2356
2751 6977
6633 3237
5206 2497
1961 2916
510 3280
5324 6690
6346 3180
2767 4477
926 4686
4661 3902
2147 4769
6820 2282
2109 2033
4886 48
3260 1377
6164 665
6555 1075
1331 5903
6589 6321
338 1483
3826 4232
3815 6325
5348 1799
4289 5427
2952 6859
1113 1479
3415 2419
6682 5731
1861 6068
675 1253
6652 604
4807 3323
2216 3034
46 3711
2899 58
5180 6537
1652 3635
192 503
6177 4633
3920 2712
3030 5587
941 5694
4045 1660
1772 5622
4738 5788
6506 6794
4980 6075
680 6858
4071 6264
3021 4720
6244 2098
1061 3517
3076 5181
6025 3488
6656 322
2325 294
1734 3236
397 1258
6558 918
1883 2578
5651 1934
2503 5669
1008 99
6794 2134
1102 5396
686 4020
3373 4771
1439 2537
6726 1441
3515 690
559 1212
727 3240
5574 1872
840 673
4257 4710
805 1618
1183 4422
1866 4452
5407 6835
1582 4693
6475 4424
6129 3787
4823 368
403 1049
3973 1918
1247 5346
1304 6634
3508 6285
203 237
6966 6913
2512 2348
4005 675
4530 3529
2878 3637
6033 6708
3106 5716
5996 6826
2032 1896
2756 1927
3439 5367
1660 38
667 2034
6324 6133
2134 5556
3213 2580
3992 2318
3961 753
6662 6128
631 5006
1126 2733
1962 3005
1779 4052
1658 5977
6918 806
3889 5953
5260 3351
24 248
3365 291
4163 4243
3664 6774
6341 6837
4264 4295
5873 5271
2320 619
3324 2919
5929 1416
4788 508
2720 1492
209 2630
2547 3227
3381 420
392 4966
1075 2744
3129 3582
1042 352
4333 1806
945 419
5771 426
5427 616
6695 1299
4924 2247
3523 6138
1189 6414
2615 1267
5822 364
378 1476
1780 3849
1610 1748
4488 6231
2055 2364
255 2574
6227 1581
3481 3633
5566 6036
1808 5116
3570 2170
3673 3803
6813 5088
6407 4400
1706 4839
1711 5183
6100 2937
4099 5897
4725 2387
5726 252
6249 6443
4100 2335
1514 1636
4002 5964
706 2631
3939 4861
4149 2227
3063 1026
2689 4757
4029 590
44 1199
3378 5733
1279 5152
4328 657
1941 3551
5086 5934
4613 4024
4917 4435
4454 2459
6417 3933
2895 5764
4273 4333
6904 4051
307 4992
5570 5754
6416 4462
3274 1596
2930 1786
1240 1410
2604 1801
1745 579
3204 4240
962 3351
57 1030
6654 89
3735 3876
3738 3393
6620 4642
2762 6524
1143 5614
5773 5709
711 2951
6363 2542
2543 1498
5494 632
6679 5222
1913 1102
1269 1000
2850 5590
6233 971
1789 6139
299 913
632 6980
978 1201
4269 2655
3861 1140
2723 6919
2926 108
653 4824
2306 5318
6853 5910
3608 6329
2493 980
5972 1731
6013 2486
6321 387
6446 4997
2480 5656
157 3839
3077 3660
6036 6819
4725 3810
6502 1896
3501 2675
5180 4390
4882 761
3882 5750
4930 3461
2103 421
3192 5303
3596 5164
2013 3911
5301 5848
1949 6370
4838 4626
5741 6120
4678 207
2857 1792
696 6749
815 1745
3691 5401
6955 2780
4878 238
2385 2736
5895 3554
6110 1264
3994 2958
2066 3922
2501 3850
6792 5233
3643 5360
4422 5098
6170 2446
3398 5529
3427 4015
290 5657
5801 105
6448 3888
4328 2430
6043 6054
6286 3560
4887 4114
5217 6500
3516 5935
5104 6034
1771 6606
517 3377
4484 6326
453 5836
1148 965
5224 6890
4661 1300
3508 5293
2986 6874
3418 115
2377 5103
5377 4099
5616 6367
3412 2552
6982 3421
953 874
3620 2501
3907 279
6300 6999
111 3039
665 4379
6953 1902
1058 4081
1156 452
3329 2702
2582 1721
4830 5808
3362 4313
6827 6112
70 3388
808 119
3948 2158
6405 3
3956 6183
2211 6100
6559 3853
3630 6952
555 5308
2172 6145
5257 1307
481 663
3041 141
4257 6296
1456 4477
4565 33
1335 6402
6332 1595
4866 927
5309 4880
739 4836
1632 5642
980 1515
5625 3396
4283 4484
2536 2076
6077 4459
3845 4258
2976 1594
6233 4972
1687 2316
2461 5874
1222 4431
6041 1015
4117 5885
1810 4601
6455 66
653 5442
5916 6204
4106 5726
3058 845
1370 3548
5360 1785
4601 5705
3701 1476
3975 5428
6597 5784
5542 486
5401 281
172 5519
712 2989
3108 6974
6961 3967
4869 393
6775 4743
5273 4418
4344 1703
4352 1564
5615 1903
1795 105
420 5217
1279 777
602 535
1916 1563
3277 4689
5292 5599
2150 3487
2588 680
4836 4767
2155 798
5916 5399
6974 3798
3149 1656
4238 122
989 3805
3162 6055
2704 5177
3944 3058
4534 6307
3634 2078
4035 3176
4871 3448
3565 29
1483 526
4618 2221
3594 1898
2011 645
6732 3110
322 3877
4771 5846
1877 830
2933 3320
1847 2873
6630 6216
465 6814
1222 2821
1432 187
2598 6979
4869 6354
4976 6251
2679 5655
6947 5334
2246 5773
159 2543
5921 4938
6477 2941
4228 5045
3178 6507
6414 1838
5034 6606
2613 4254
6749 3814
4724 5626
3103 3889
4820 6088
2418 3786
6212 4363
2705 810
3161 1615
5038 1063
5411 6529
6337 2557
516 3719
3876 3058
543 1378
4660 888
6840 899
5501 5668
3338 3382
1318 1374
5271 6145
5923 4610
4858 4286
1979 302
4203 5523
2986 2149
5611 6186
1647 6918
840 1722
1280 5404
6405 6232
6061 6422
1799 4279
5761 6130
2325 3571
1428 5275
6657 791
4346 2017
6968 2373
6689 2958
2014 2366
1143 6045
4250 4938
3469 5127
2137 487
3780 6709
855 2380
3974 3542
1295 2652
3246 6021
4374 4415
821 517
3069 4604
3036 2212
3714 5308
37 6070
6728 4764
1686 2658
2118 2315
6075 412
5381 2475
5575 5724
1626 5236
4976 4641
2216 2823
5103 5914
4389 909
4941 5586
5481 3056
6102 5618
431 3341
2399 5159
4383 340
2265 1961
6375 1054
306 1360
1013 5948
1018 6292
6926 1342
5778 5679
2142 6442
1330 4312
4437 3959
946 939
1009 5425
5620 2060
3681 5144
5835 3934
1814 4132
4804 2440
943 641
3095 5020
1412 5815
1011 5471
2534 257
727 5712
3272 3404
2253 4179
4899 4929
1997 52
6040 3585
6728 3959
1821 4522
5109 43
604 4558
750 4383
6667 3683
774 2525
6436 6968
1959 2951
2803 4996
587 6082
1965 4651
2173 4600
210 3880
6598 5017
2985 314
2952 4338
4736 4349
5825 2061
6446 4623
6984 1296
6586 6885
1853 2151
614 708
3984 5653
3907 3743
6207 1604
5615 3944
358 6380
5468 4648
454 426
6517 5213
450 2936
3844 6023
128 441
98 1730
1044 642
1123 4907
3437 946
3798 1891
1212 1946
1469 2511
6378 2775
3303 1131
6104 3704
3489 4519
1613 5673
219 155
5136 6696
3111 4344
5203 2256
4848 3785
5717 33
2549 6526
589 5323
6339 5449
5444 1564
4410 3559
6549 563
707 94
1796 812
3012 5469
3507 5448
511 155
6113 383
5712 39
610 6550
5529 332
4863 4443
1786 6890
4305 6367
2557 351
6672 5450
4241 2410
3246 573
1126 1367
2580 520
558 2603
3510 4591
6409 3535
1932 3682
3236 5520
2763 3610
6259 558
309 4528
4022 13
3984 3693
899 6279
3741 3935
6188 1846
2762 3385
3326 5413
3544 6804
5913 2550
1042 5052
6558 4008
3822 332
2354 5253
5835 1169
3252 6403
4374 845
1328 4857
1519 1419
5774 3145
1350 6336
1661 3754
2166 2169
382 2912
4430 6789
562 1567
2067 2163
3531 6168
1501 3472
2440 4623
2094 3986
5270 1518
6416 518
6450 5764
4270 6507
650 633
5575 5537
1425 1383
6132 4142
492 3430
4736 4967
557 1573
5161 3453
5787 6359
4204 5106
3951 496
2798 4489
5749 3623
840 4113
5592 5891
2574 3283
6316 3670
2419 5624
4528 6923
5596 6764
3315 285
6052 4563
5680 4957
1017 5880
1201 2025
3343 4962
2629 6373
1016 6409
4151 3940
6613 6293
4873 6554
295 233
102 6254
107 6598
5057 2699
1607 6096
3403 2734
5459 4399
6851 1920
1539 5403
1718 450
4209 4295
5986 6545
3732 4895
6782 3254
6968 226
1431 393
2835 183
6795 1961
2772 5496
6903 4712
318 752
1775 3586
5849 6432
6278 6545
113 2979
4975 6807
4120 3849
6762 5611
2438 1836
6512 4682
6276 2685
2132 1729
5800 6139
2022 3843
6335 3265
1280 2452
6787 3574
2247 5624
91 3755
5480 1438
89 1430
3144 6549
4235 1678
6377 4615
5565 3239
1220 5003
5599 2069
4606 4065
1466 2026
3517 3347
2018 6703
557 6379
4349 6129
4478 2567
6522 4969
61 2765
5595 1546
6956 4672
2224 3546
5491 6858
3054 3249
1357 928
1978 3490
5517 5046
6427 1295
4093 1571
4492 5252
3771 5492
39 3541
5073 5005
5639 1444
3020 4769
928 1195
3491 6606
3357 3408
6163 6325
2154 1622
1707 933
3854 4214
5783 442
6315 3713
5225 5776
521 2534
2233 225
5075 2799
2671 3834
3225 5174
6036 1265
4640 2090
5132 2552
4731 1454
1269 4090
6023 6695
2265 5775
4182 488
6115 3251
294 3659
6271 3764
6985 2353
2124 5543
6854 3590
735 6785
3228 5041
539 3463
2409 1740
2249 3737
1512 3444
1792 6467
1653 2925
4180 6427
914 5969
5393 233
4391 4395
2493 4070
3155 6633
5753 3959
1219 3572
1126 375
5608 1326
5823 2446
121 856
6349 2492
5597 413
3164 2962
6627 3934
682 6750
2239 2618
6346 1440
2330 2736
4200 1013
3606 6690
2489 6930
5564 1404
1950 5898
983 447
5840 521
6082 6470
5997 3888
443 2196
766 5293
4465 2600
4339 6433
4525 2651
781 2191
5182 1460
4888 1013
6861 3175
970 2090
4777 3626
6169 6065
4083 5689
3897 49
6996 2087
4366 5223
5763 3842
3975 679
5170 6711
5468 3924
2639 5719
1985 4929
4750 675
1955 2054
2946 4149
6156 6927
3916 449
3355 2102
1163 1330
2883 3046
887 5596
3564 6413
1477 3183
5718 4449
3409 2338
3624 6464
5150 4931
1416 5159
1535 155
2073 962
6866 5747
753 6535
3308 1505
694 2922
661 6946
3519 5889
4111 3549
5169 1948
6082 2632
4513 331
5643 5214
3623 3960
3705 5490
2306 382
6719 4946
2371 777
4011 2564
4298 342
4845 511
5975 1230
2931 5315
3418 5433
1716 2014
18 2531
2180 6844
3923 3848
6313 471
4981 3001
6466 1467
743 5416
862 412
5158 4391
3167 5033
6651 6882
6250 6538
4046 1969
4378 4428
832 1701
5501 1724
2230 3174
5869 6846
3187 23
1946 4169
986 1387
5652 1893
243 2060
2078 3534
6858 944
4256 2718
1423 5525
40 196
3561 4556
5680 127
1973 6342
5946 4218
3487 5546
1721 5340
3860 2344
4228 296
871 474
315 2471
3727 2754
3239 2411
5911 2884
4753 6533
1031 1106
1026 762
6461 318
2642 1374
1606 6706
4999 2775
4588 989
5663 2001
828 4160
6705 6313
3945 4495
912 2353
4401 4546
3162 851
1969 1281
1824 5064
5608 789
6831 1699
3503 6779
3431 5213
6581 770
6610 6426
6135 2935
5765 1904
484 6198
138 5561
1845 2908
5181 1853
1028 434
157 3359
6853 2397
3312 14
2992 4762
1560 3678
5106 6405
994 823
3270 6958
3012 6168
3712 887
2733 6753
3679 4911
5235 2089
288 6259
1334 891
4515 2931
3262 5562
5822 5040
5660 4712
4047 7000
5659 6739
3161 2477
2271 5352
1664 244
6705 2125
5132 1560
4442 6775
6278 560
5808 3829
2749 1220
1888 4833
4708 5204
1449 1753
5267 6888
4804 4912
1385 4212
2603 4778
4005 3741
6739 4338
2966 2386
6801 5216
1001 839
4208 4100
3000 1970
1637 4433
6914 2649
348 2903
4439 3444
5544 2443
1220 5084
5824 4712
1966 178
1623 3222
6258 4415
1724 4028
4257 205
160 573
3827 4758
3703 2248
673 4541
6342 6745
2235 5671
3642 4978
6042 6453
3795 5220
27 3612
6066 4595
4321 4512
6434 2547
59 2369
2444 2812
2382 1934
3362 5338
4723 2048
6901 5396
2381 1709
5748 2973
211 3140
2035 1072
5185 3799
1575 5783
3163 5128
1511 1826
487 2257
6335 5924
2321 877
5922 3311
5149 1109
6947 4236
5367 6664
5260 1879
2863 4085
4953 6832
3437 6801
3520 2140
4392 2069
2564 231
1805 1899
6311 238
6901 4241
5318 2234
3490 396
6907 1023
4751 6324
5568 6546
2729 1237
559 2668
5473 3276
619 6883
3193 6067
3733 3537
3640 1094
2081 4399
6023 710
300 4659
5162 4323
6093 1449
5966 176
5346 4632
1889 442
5378 3389
1694 6390
2819 6765
5868 6434
75 5480
4746 6330
2659 3100
4870 1670
6306 5879
2910 467
6795 2660
3992 3424
1714 1380
6920 1608
6605 6700
3248 6124
5925 6941
5274 5668
2834 4040
1039 5348
509 2150
4332 1213
2305 4450
2814 6771
562 5194
5130 5165
1274 3710
2060 2367
5821 2804
4854 3015
1965 5513
6476 4196
96 2920
1550 6237
122 1889
1930 6458
5445 3456
3144 5370
4629 3836
5253 6669
1268 6524
2388 6555
6275 3159
3637 3024
6906 747
679 467
574 2171
3825 5704
1382 395
143 3116
50 2925
3725 2090
5213 4237
4714 2604
2919 3158
2250 3588
2011 1320
4531 3651
3471 1419
2590 3656
4219 6008
2841 1023
5821 5032
2677 5503
2930 3697
220 1242
913 5370
2483 5637
2982 3106
6411 2996
5313 6696
3637 5252
5189 4940
242 1940
5758 896
1054 1818
5006 5987
2301 3122
6250 1358
6752 2508
372 1232
4565 1326
3109 6264
6896 4916
4403 998
4341 120
1832 1331
5681 1615
3845 2168
3917 4488
6551 1471
1170 6315
6175 2123
1873 6997
5364 3601
816 4282
5062 2482
255 2525
1617 6253
1381 3502
3153 1244
5269 3714
5885 5932
4240 3047
6234 6086
4701 4196
3297 4406
819 1520
654 3173
4580 6121
2808 1963
6342 3175
1813 2378
4738 291
2652 669
5379 6511
2791 2733
6877 2930
6151 2826
3453 1886
2479 1680
2451 6048
6281 2118
240 4472
524 4231
1145 377
1613 2697
4092 5027
2669 1023
6467 1719
5087 3077
3998 2359
4347 2513
6890 132
2103 5715
4179 3868
5514 5773
3062 1856
4987 6256
1692 896
3651 4880
3594 4346
5638 6748
3496 1559
1011 3918
1591 6479
3683 3637
5763 5696
1403 6428
2647 2553
4797 3099
3042 2328
906 2589
875 1024
5321 6482
5104 1529
3108 4079
5420 5707
3925 137
2891 6296
2268 2907
3920 6209
1870 5490
3042 5711
5714 5430
1789 6090
5567 1970
1634 2769
2074 3041
202 931
4467 3345
334 3302
3689 6461
415 1978
3589 2847
3654 3996
1670 1645
2508 2744
2169 3278
572 5345
2938 1574
419 2851
629 217
4216 2945
1382 4396
2225 5839
348 4139
413 4534
2340 4099
5089 6482
4485 891
5928 4019
4833 4984
4079 2832
774 3200
2869 6291
5851 574
5174 4496
3765 5116
6621 226
3921 4875
2646 1523
5977 124
3019 573
1331 1024
2769 6060
1857 316
1645 2123
4544 1067
5927 5672
705 1501
1233 1620
4942 5277
2191 2821
6924 6801
582 347
4656 5445
3259 410
2443 3042
3687 5583
3093 4844
5242 2536
1221 2734
6047 3495
2468 4792
2103 4105
2972 353
317 4021
1232 614
198 357
3470 4013
1813 6029
5863 4317
5789 6088
2535 2981
2127 5630
317 988
5542 5430
1366 2307
2358 840
2702 650
752 3545
1148 4299
6509 5596
4417 2022
597 224
2894 820
2708 1596
1426 3489
4664 1899
1166 1872
3662 6061
703 650
1086 6050
2576 5614
5501 2773
5568 4749
3217 2412
4645 344
3717 2735
1785 1328
5527 961
5985 2593
1791 4526
4810 2074
6207 4857
2351 3402
603 3802
6277 5596
2098 2956
4589 6047
131 3992
5805 6540
659 6363
6452 3907
3708 1868
3210 1591
1532 3484
5916 894
2991 729
3113 1658
2738 2535
1523 5650
1282 2555
4332 5832
4265 4610
741 5614
5254 960
1990 1329
4080 4830
5966 3640
1798 4542
6001 6078
6894 468
6964 5371
3729 62
3292 4225
5229 6730
5403 1433
4656 6868
4945 555
291 840
3780 781
1949 1678
3494 195
388 4156
3127 5097
3557 4681
1576 6011
4814 4421
5857 2542
2063 1965
4933 171
1409 1175
6137 4811
4671 4143
1849 1447
5553 4760
3846 6348
1379 2464
4047 1283
5449 4410
6077 1727
5204 3825
6916 1516
5579 2948
4108 1936
307 5106
4861 453
2182 3727
6941 2512
4725 1346
5227 2496
2980 1263
2485 6919
3442 3014
556 5029
5121 4729
6180 320
361 1555
5502 1388
3973 6033
1232 4265
5890 746
5179 5838
2658 5534
4559 6130
5617 4529
4244 4806
4304 4857
2592 750
1408 3178
229 2540
860 5790
915 5497
2622 2844
1156 2176
354 734
6355 5397
223 1971
4271 5848
811 2141
6607 5618
654 4409
4418 2111
2176 1976
1126 6848
663 5626
6348 1193
2490 823
6967 676
3008 2506
1237 1202
2427 6890
584 6272
2800 5186
4841 1655
613 4758
6373 6326
3125 58
2445 299
3076 4303
524 2434
6837 2488
4190 3765
1796 5488
2723 5878
2353 4093
6198 1225
5862 1276
2529 6012
5452 3098
3370 212
5758 172
5104 5798
787 3194
775 1679
5515 6830
1432 488
6375 5998
5325 6706
4735 3457
6388 3951
4048 6691
399 2331
679 5354
4607 1959
2296 5437
2903 4883
6874 6096
3414 2389
6970 142
2323 1598
6093 2498
2351 2865
2767 1989
6707 4643
919 1027
5719 4731
6582 2662
5592 1923
2789 2687
4585 5741
6486 5583
3719 342
2805 6603
1256 4180
1688 4591
3765 2969
1373 5519
809 3491
780 1218
6110 3956
635 5001
2795 2882
2578 4345
3861 6060
1864 5756
1368 2142
3522 178
6539 3315
5192 4059
4908 4300
2542 1655
2363 192
3515 2390
2856 3508
4640 2765
6622 2037
2637 1892
4070 168
4629 1852
3476 6599
3476 183
3622 5670
3575 5824
1784 3144
6610 3905
4994 5922
4218 6455
918 751
3440 3155
4087 1276
4804 3546
4921 4885
5920 6087
5485 497
4208 2734
4151 2200
3523 1877
2931 4217
562 2055
2286 1261
856 2502
6635 1868
5955 2109
1714 5007
4670 4485
4513 5999
4955 682
6140 5272
4636 4120
910 6121
3042 1954
5137 5799
6844 3146
3943 1123
2177 6579
5284 6226
5160 4470
2954 3238
5650 3351
4750 5538
1882 2497
1052 5423
2415 2960
3375 4988
3318 4454
1081 3909
2382 568
2729 4059
3408 6599
4215 6133
4091 3623
2164 2560
1035 531
6816 724
7 3472
4088 3325
5712 5333
1156 1989
2245 455
3647 3582
625 5736
4859 5831
5697 514
3090 1944
5941 3126
6285 3690
3484 5281
1689 5835
5758 4173
6283 611
2489 34
519 1553
4194 718
406 1087
3104 2027
3988 61
154 6501
2487 338
1833 1800
419 1322
4099 831
1053 4843
950 958
1576 3864
4434 2807
2137 2211
3606 144
2945 4599
6484 6909
150 5978
3471 3891
2693 3597
112 3242
573 2139
5901 3296
1598 5316
3315 3351
6699 832
5075 3742
3872 1956
1661 2632
6795 1294
3782 5446
1970 4141
2405 3315
4107 318
6070 1792
4024 4979
3716 662
5392 2106
6166 1500
4025 1417
3428 3413
64 6584
2371 1452
5172 4025
4272 2048
6125 4882
6940 4277
1182 2755
2354 2976
6717 5925
3536 3885
4017 4158
6159 679
1388 379
5940 6233
6742 505
3237 785
5933 5062
4873 5082
5403 1864
5408 2208
652 2940
5833 1448
4251 3049
385 5070
2780 2037
6701 3887
240 1683
5395 1222
3323 3188
362 3366
2843 5769
5302 4441
6239 5519
3257 4820
2008 2689
3909 2531
1256 610
4275 4574
3678 154
94 1107
2559 2977
6423 5047
728 1622
3827 3660
700 5990
289 4958
3675 6272
4986 2865
6698 556
3778 735
5550 4893
5674 987
500 5178
6345 2912
758 3716
2525 1114
1964 2767
1833 6256
5730 3548
565 4075
6287 2153
808 46
3331 6058
5279 2336
678 4137
3236 2788
550 4891
3788 3301
1008 107
484 107
2412 2526
4184 6684
2384 6894
2871 596
2540 5155
3228 5529
4374 4529
3866 5062
3558 745
5865 6193
3334 5955
5775 3267
4638 1377
6329 4607
1338 2089
4450 2080
6485 5120
196 3962
1932 6211
2866 602
2828 4282
4457 6634
842 1104
5575 5838
1485 1735
3797 1111
4253 1916
498 4677
1341 1956
586 360
5632 3339
5821 6244
1859 1387
4689 4698
3450 3255
5219 726
5276 2014
6903 2785
1799 6971
987 4841
5904 4966
1544 5698
367 5133
4529 3662
2098 622
81 2295
1977 2547
2691 1136
602 3495
4988 1732
3243 1649
1413 3902
5867 2051
4862 6696
4464 5869
1630 5068
4760 2255
910 1746
5017 568
5662 3524
3418 6726
4390 3853
118 1022
4754 5069
4410 1095
3790 5551
3076 546
1520 3368
5226 1092
1984 1782
3197 2004
3813 58
1357 5067
5408 6209
1014 1695
6836 4141
2254 330
6051 424
4055 2974
2811 1187
1608 5817
3957 187
4862 2508
2248 6177
6333 3520
6386 6564
4964 6168
3558 5551
1122 2167
4203 6255
416 1187
4836 506
2064 583
5815 332
2303 2851
4083 5372
1562 5068
6466 4988
6536 5727
3676 4459
1238 6664
2611 4135
2208 2964
6002 3541
1174 4959
1857 1983
4601 4022
4260 3729
1082 5370
6815 2109
991 3000
3948 6086
1644 4319
333 1310
2537 5125
4290 2817
2733 2785
28 674
3936 1538
2167 3313
5090 399
606 5791
5926 671
2660 6629
4983 6194
5306 5127
2529 1450
3284 40
3595 4628
4030 3802
3679 2821
1346 316
884 1948
2429 6881
2281 4731
3640 614
2246 1512
3989 4932
3304 4829
2590 5486
1623 2287
4572 594
3803 2298
5349 3669
2178 819
5538 158
5345 517
1389 5274
931 4396
2271 6645
955 2538
4974 1513
1703 711
2735 5059
6307 339
1458 880
898 5387
4126 3109
4553 2422
5616 1919
2691 1754
2624 532
4587 2006
4896 2761
1036 3816
4747 2638
260 2097
6641 6227
6517 3717
1847 4223
1871 4617
1661 835
3464 4306
1814 1831
1752 953
2529 4028
163 1383
5939 478
6981 5514
25 1449
6320 3553
4735 1473
4769 6719
1834 5866
4953 2864
5251 77
2988 5481
4620 6626
862 5706
1364 6856
4129 2602
2539 6594
6522 3660
1329 1385
2350 656
4621 6447
5017 31
6584 1505
6816 350
2471 2114
3248 5189
6985 5232
1221 6174
4423 4927
6875 930
1659 3367
2158 836
5862 4903
2588 420
752 219
6514 2614
6404 4728
1366 2364
5763 4143
842 6528
345 60
5629 1699
4600 1032
4820 3250
863 989
95 5547
4890 4743
5914 2060
3290 877
4881 493
4654 1268
4108 3953
1204 4665
4005 3074
3477 703
3351 2284
3879 4655
6439 4133
2697 3746
670 4731
4223 2213
5157 5272
6745 5371
240 5147
5382 1418
2111 616
4654 4651
1070 5604
3043 1350
6178 2291
1572 338
5749 6315
1327 6169
6335 6412
578 2109
227 1128
1419 2725
6228 5037
2376 4455
279 537
6041 2178
1090 2442
6721 6074
2020 6513
3554 4841
22 5984
316 15
4299 3497
2859 4050
6248 2629
2551 3116
710 3325
5130 6808
2513 380
1924 6401
1143 6590
515 6267
4940 6684
6619 1983
1753 4075
3248 3229
2291 4882
5930 4390
4898 42
2728 5637
5458 4580
1696 6924
2904 6802
4425 761
562 2299
3394 21
668 3449
3904 5196
602 5081
3312 1120
845 2587
4389 4487
3491 3337
444 1489
1398 5954
2714 3645
4386 1937
6528 4874
6958 4458
1555 653
245 6914
4230 643
6496 6090
1673 4846
4787 5664
5821 259
182 149
1491 2331
5567 1840
3290 2650
3505 4524
2569 638
5713 5048
4500 2574
3748 495
6272 316
1535 5262
2371 5534
1841 2336
5977 6060
2780 4241
6295 5403
190 6052
1193 5498
5818 5249
307 975
5353 3200
5984 6450
243 3434
31 5241
6261 2786
5227 4781
5921 6101
892 847
988 555
5356 3848
1839 6023
6820 3689
6650 5752
622 2649
2982 561
3002 1213
956 5154
6861 2939
5379 1738
2041 6130
4842 1533
4907 2682
6025 6050
6946 2488
390 3430
3184 4078
6828 3930
3399 1788
6582 491
3433 618
2727 6054
752 3065
4776 132
5168 3396
6671 6575
2614 1454
473 5535
189 5776
4707 1466
6949 2355
2558 1522
6479 3372
3272 111
433 1972
1032 3055
577 5134
895 3723
4592 6619
989 3358
1333 916
142 4425
2456 464
6752 2191
3357 5295
3283 2902
1674 428
2637 6137
1008 4539
2138 5258
5183 3273
2669 4894
5157 2052
725 1218
288 1217
695 2507
2252 3293
2933 5906
3870 6984
195 1403
5042 789
1413 2723
1941 4340
1745 1018
5826 871
3185 465
5017 2422
1397 3718
2584 4971
283 6885
309 1690
2427 4987
904 3785
5971 471
2777 1579
4386 2555
3388 3453
6903 451
3202 819
4738 6390
4609 4290
3761 2503
4072 6337
4537 1970
118 6259
5968 173
4194 5768
5016 2170
1243 218
3788 162
1652 4587
3696 6989
2946 6491
6504 4317
4603 3721
2569 4289
5540 4799
6438 5949
6032 5261
3286 2395
2050 4633
801 2502
3478 2565
4805 445
2643 5901
978 1640
2093 1327
2041 1137
3687 6876
2360 2580
5553 1247
3810 2745
3592 6989
4019 6302
5820 2530
1594 6460
3901 1328
570 475
998 4894
4735 4937
5695 6965
4353 2391
5037 3023
147 6973
5632 200
186 6147
2043 809
4694 1903
5289 3244
4040 1113
5134 6339
2367 2596
4041 3967
4967 749
5291 3290
1299 1974
3508 6887
4977 4820
3131 4685
2133 6337
4034 6179
1142 1990
1045 2057
262 1419
2569 6867
2443 3530
2068 2155
3095 1995
1563 707
3332 4567
133 5331
6695 6089
4017 1637
2491 918
4977 3665
5686 2664
4827 688
3552 3752
460 249
6776 3984
3795 6139
3738 5605
3981 3111
4972 288
4473 5071
873 6245
3473 3644
1267 3166
988 3751
2268 1785
740 3649
5067 6941
828 86
2168 3833
177 5229
4005 6888
5187 1381
6645 4817
544 3710
6767 84
201 2590
3119 5748
4332 5970
1541 4839
6543 376
6006 925
2308 56
5797 6413
4460 4435
2681 5522
4084 5087
6799 2224
2057 6072
6503 5114
372 6794
2733 2679
1349 5019
3041 580
2330 1508
1208 4814
5227 3789
5197 5078
2544 3157
2619 4994
214 169
6279 2373
998 6667
5938 2080
331 1508
5358 5935
6187 2784
3009 4425
6149 48
4872 2285
2881 5179
4849 581
5843 6357
824 1791
3193 3953
6052 3498
4627 5083
3748 1731
5902 6937
816 395
6545 6814
2467 816
2222 6647
3000 1279
4214 191
4307 382
3297 519
4520 1429
6817 2025
6762 2318
879 1848
6877 2076
5989 2368
2995 3564
2157 3219
5132 2747
5892 2435
2771 4610
5858 6234
402 5831
180 2786
156 2392
4879 5684
6776 2374
3078 1505
3751 5011
6872 2082
3167 4960
1477 5338
761 2916
2297 5077
2380 416
6156 6049
6984 6460
1848 6971
728 6940
17 1452
41 6010
1297 3650
4162 3010
2574 1413
2228 776
768 3306
6073 3570
510 4768
3653 4072
2657 135
6485 1794
2060 2131
5148 3226
6134 813
1507 3645
1414 1202
4296 4703
6453 6420
4932 1881
4051 4118
6725 4664
3686 3431
6979 6466
3333 1623
3147 3153
5346 208
5767 2682
2372 5786
6130 290
987 4548
6690 4828
346 3963
277 6078
1058 6643
5139 6496
6405 5598
6226 4135
1172 514
1483 4348
1447 2439
2176 2814
1849 6391
5956 5213
2315 4878
2848 1177
330 5308
1538 5186
170 1643
1911 4236
1252 5354
6479 3453
1014 5940
6761 2385
5894 548
1537 1551
3713 4072
1369 2906
1936 2199
382 5848
6134 3391
4236 6476
3517 1127
6416 71
2768 5735
5915 1775
3917 4252
2544 3775
5855 943
2049 3015
5313 394
2102 6059
1271 469
4256 685
2296 2892
6277 5547
4498 218
2665 2200
5614 507
3435 4104
2351 320
3166 6131
3190 4273
415 669
1165 1921
568 3917
2790 6783
4280 5593
2938 6681
6945 4141
4807 1323
3427 6845
590 2363
34 196
5512 2832
4951 4485
5023 6805
2298 2564
1286 346
5173 3366
1993 1928
1098 1049
520 843
846 3457
743 2578
2336 2267
2298 5947
1393 3626
6941 585
6163 4455
1746 4653
2644 5803
3852 5681
3575 2929
6844 1406
2575 1502
1921 2964
2697 3185
5943 5620
4524 4798
3968 6795
3281 5865
1390 295
6493 3054
2205 6106
894 2343
385 4940
5997 5856
2040 1343
4679 5086
1286 5607
5300 4238
348 5058
5293 815
850 6208
1665 5603
3277 6096
2959 337
2773 4119
4304 2930
782 4761
3055 799
3363 5116
3709 5753
1721 2502
5424 2961
3051 3309
4646 415
3207 3822
872 6906
3962 3166
4614 877
4445 5794
338 556
3491 548
6779 2485
5626 6478
712 6624
2202 5434
4127 3418
271 1963
2444 4967
1081 1014
5556 4958
834 4520
5306 4029
2632 1231
5837 3665
5625 6226
2108 1985
4997 241
1597 3001
6870 4451
4933 2700
172 3088
5177 5312
791 4823
2718 6640
5108 1011
5713 5292
5806 5483
6231 559
2807 2925
782 573
5331 2746
633 6866
5268 1643
5390 3326
6357 109
5178 5133
6607 5919
2922 404
315 5244
1497 6153
5005 6144
2711 3567
3764 1622
4046 554
736 578
1248 2416
1339 1780
6569 150
6589 1556
4507 2834
1146 5522
5499 3619
6839 5114
2515 6257
5629 2911
2045 3110
1207 2765
708 5296
4163 2243
6623 3769
4944 2054
1286 614
174 4608
1270 81
6244 4904
5236 1704
4585 6847
691 404
5140 4625
4212 4764
3336 929
2317 1704
1725 4044
6911 2896
5949 4205
5039 786
1131 3305
3676 1751
6286 592
2125 4917
6967 3205
1210 1908
4016 4825
750 4367
1710 6395
3694 2330
6911 6279
4858 6043
723 5173
1618 390
3175 422
5847 3147
3546 5061
3480 4441
6995 1439
992 867
2979 6899
90 2227
1630 400
1643 5523
1641 4696
5523 956
698 6055
1598 1616
765 5025
5625 4616
3564 355
6549 4735
1222 2268
1132 5758
762 4727
1032 2144
4705 3892
3378 6766
3960 3738
2833 2536
1281 2848
1494 3895
3638 1243
1688 4892
3672 73
5989 2799
2555 313
784 5425
5939 1958
4421 1854
616 364
2024 6689
6496 6952
4968 4652
5040 6972
3178 6304
5317 3308
6031 1897
453 2063
6471 2169
1232 1801
3642 4718
3668 3687
2823 1417
4282 5078
2950 6854
1541 3310
1391 5995
639 4670
241 1591
1574 2669
1823 3373
3383 2922
2688 2131
2655 6155
3995 1988
1789 756
5837 4633
3244 3517
4615 6577
1248 6067
4706 6695
6258 6383
6012 2944
1836 6237
1380 6186
2684 1608
5814 2959
6820 1168
3186 2758
4323 3924
718 6252
6845 2918
6788 6548
5699 1666
6936 2282
924 3876
4198 1943
1431 5370
4259 5602
5340 43
6938 76
6057 2313
6308 6096
4061 5617
6590 5028
1573 1289
3515 1886
3221 1439
3537 5617
1675 4949
2953 6320
4476 1106
4593 1691
6484 1599
6518 6845
1446 2645
6557 6019
6676 1769
6397 2354
3405 967
4402 1342
4338 3801
5484 2801
6784 1487
1309 3286
2869 2835
6503 6163
5288 2862
744 1033
6540 4510
4448 936
4140 783
310 4713
4112 5151
5033 1589
2486 818
6228 451
772 2300
1713 4278
1594 2866
2260 4447
4911 5541
5314 1050
5281 5074
1461 3276
458 3830
3582 5336
6096 4469
3665 675
5256 6707
3668 5110
6319 6204
4879 4505
175 1263
6131 6153
3390 2133
2951 5469
4071 5500
6471 6975
6906 6903
5865 4721
6061 2381
2814 1973
6556 2360
2351 751
4431 2810
6924 312
2970 234
146 3127
3410 506
5547 3099
4549 4751
4332 6214
2527 1916
3998 676
4431 6193
2003 418
6416 2730
3549 1789
4824 3643
2530 2564
4894 4382
6229 6287
310 3908
1306 1429
4549 5101
5098 1179
4697 835
3355 1923
306 6418
901 3595
5658 6471
4228 5460
4849 3858
2982 2846
6554 4542
5095 881
4780 5973
6218 4593
5261 6246
244 2507
5218 3166
2322 3739
6641 754
5123 6312
665 4257
6802 1611
4997 1477
4594 6722
4785 3284
888 5992
333 5181
2188 4678
2162 3457
4275 1492
6181 2432
4682 3536
5580 4686
5734 4372
5553 5492
782 5192
6200 3613
4431 5388
1312 1974
1367 1681
2562 1297
5760 6724
5265 5964
4267 6862
2108 2066
3612 2437
4443 2365
5074 5615
3419 2042
359 2214
2941 3171
570 182
5900 2166
6555 4312
767 696
1756 1210
6680 2506
5799 4743
1496 6763
1530 5593
1592 55
2753 87
6638 3034
2123 6107
3465 5019
3832 117
939 4371
817 3442
478 3976
2433 671
1158 3735
6298 5595
2592 4865
5947 4614
4276 6924
2335 3519
3052 6543
1648 6753
1834 2971
4022 2843
3081 5029
5452 1602
2559 5856
1840 507
3581 3100
6900 6602
905 5891
3475 1169
6245 2177
4166 2972
5095 5687
3916 2043
2104 738
197 6743
1539 5655
3225 2125
2982 4619
6762 602
2348 4481
252 3417
2471 2602
2777 6092
1032 347
5820 1782
3896 6652
5856 1439
1838 1908
4398 1386
2640 1098
1530 1755
1363 2581
4888 5185
1223 292
1705 66
774 2940
6663 192
2678 801
5161 1987
652 476
1137 3931
3511 6437
5849 618
5747 6757
5007 2783
6141 268
958 5097
1011 4731
1413 15
3508 3106
537 2596
103 5522
1655 5964
605 256
5920 1208
3406 2829
5395 5524
2222 1093
2680 1971
1938 1334
2631 6216
1721 3551
2743 41
635 2350
6695 1958
1906 6714
3823 673
505 25
166 559
5448 5535
651 6266
565 4994
4023 4868
4138 5380
2462 930
4938 3743
5603 6577
6837 1260
2697 46
4689 6422
6848 4802
3722 6633
5652 5715
4690 2860
6400 3888
5151 1757
1205 1540
5090 3733
1642 1541
4061 3820
6898 1132
1733 3911
4969 5658
733 1730
1323 5733
5716 223
2601 6350
4745 3698
4652 3507
6985 3760
1133 2603
1795 1756
2225 586
6829 6630
387 4476
3214 1854
3556 5001
4397 5617
3769 6048
2289 1510
3932 1316
4116 3877
6568 1378
933 5174
5570 3030
2612 473
2711 4616
2740 5354
4758 4283
2736 5612
6447 6686
3546 6915
4446 2476
2426 468
4666 4694
2269 6900
3666 5519
2764 463
5477 6599
1420 724
5227 6424
5494 4324
3787 561
3379 5462
5347 4274
6899 552
579 3491
4063 5340
364 119
5959 5592
2356 6495
1885 494
1485 3004
5905 2323
19 2336
5831 4094
454 2264
4848 6778
6517 635
3724 2841
4811 6896
4061 6398
3084 1757
6425 1800
3653 4129
5802 2575
4888 2420
3747 1512
6799 3704
756 5231
6508 6938
1718 1670
1962 4282
384 3373
5914 6199
3830 2486
6414 6522
5225 2190
1405 392
1811 1834
6379 1051
281 3625
6726 5296
463 4605
6868 1215
1048 4477
4594 1542
327 2465
2049 844
2352 4817
3262 3318
6271 6594
2981 1578
5930 6301
2540 1081
4436 1333
2844 4498
1942 5858
5684 6245
1530 4601
6206 1631
2283 3118
3248 5490
6825 1114
3931 3268
285 2589
6383 769
1183 3739
5758 717
937 1054
2932 531
5657 3294
3425 3847
686 654
4316 1574
83 4333
463 3800
4785 6748
1172 2799
5623 1431
4031 2344
3604 3031
987 767
6656 2217
4880 6985
5219 6451
1456 5941
4097 6347
4746 4541
3906 6779
3787 5367
3782 5023
1328 6695
5440 5861
3840 1995
4626 2904
4784 4244
2134 1840
2910 2061
4214 3899
955 4612
4687 4311
81 1604
6337 370
1230 121
5987 2997
5858 143
6546 4681
1343 3970
4586 472
3151 1369
4147 6060
650 2471
6032 5399
3989 5851
2179 1209
436 1953
5396 5158
2614 1137
4073 4798
4983 1047
2309 501
2489 5572
2618 1256
2556 378
6935 3860
56 5869
4698 3315
2516 979
6564 4856
6003 6509
5315 2725
1082 5484
679 2061
589 5551
5997 2530
6561 4558
1979 6409
4056 2535
353 2076
953 3761
5765 6344
5899 3126
161 5289
3619 5917
4082 723
1480 6661
1814 5783
2750 3253
293 5408
4116 6723
5795 2022
253 1845
4745 6894
5087 6631
2682 1806
1808 1050
1534 6897
5849 1504
353 2426
4171 3397
4229 369
4444 2243
6417 4405
2083 6358
5854 5985
429 6393
4132 1190
1344 2986
4546 5903
2666 522
2577 6866
5874 221
1462 763
1020 4582
3771 2874
4172 6601
6896 6510
1726 2529
1046 2770
177 106
6675 4821
1226 1425
2199 1406
1540 2524
4680 4563
4898 5954
3432 5286
5341 3491
785 6563
1402 5973
2935 1447
5108 4451
6567 3948
4120 6037
5450 3434
756 5044
2709 5830
1353 3048
3370 1375
317 1964
563 5403
1929 1703
4117 5739
1930 3059
3981 216
2327 5913
1551 6446
439 6276
2053 1180
6626 741
3642 6385
4172 2413
669 2042
2606 4547
51 3161
1355 5753
2912 5785
2948 2032
6535 4760
2665 2875
6088 6700
4679 6566
4226 6032
952 1549
2970 6894
2063 3746
5984 5596
2400 133
3936 6458
569 5194
6295 1516
6290 1172
2678 6493
5926 5591
2776 2864
3242 2105
5606 3923
1753 6149
4236 2963
5631 4919
5799 6947
6852 5756
4445 858
4880 32
3558 3250
4704 2250
3300 2460
6629 988
5419 4447
395 5953
4662 2024
3237 4363
3390 4605
799 3562
2149 6499
1394 1493
3142 5257
4692 4118
1201 1098
5619 3754
6966 3010
175 702
5407 6315
5653 3338
6488 3385
6765 1973
3093 827
706 3721
1873 3598
3132 1
1747 5179
2882 6242
4033 5586
266 6832
5954 6834
6071 1003
6697 3909
2189 2491
4331 2018
131 4163
5738 5489
6201 295
12 2751
6760 1979
4081 5253
2144 5000
5072 2430
5108 2841
5970 4334
4700 572
968 1627
2251 2588
1489 6991
2358 3239
4075 520
6074 1651
861 252
183 3572
4572 1326
5418 6450
5048 1255
3052 4559
4876 2491
2644 2290
684 5251
622 4373
6874 5649
6458 4273
6988 301
797 1930
1074 4682
1459 5247
2970 4934
2357 6397
4902 679
2006 5416
6961 1861
6472 5080
1742 617
2444 2609
212 2408
520 1063
6301 2754
5924 6968
3842 4082
1478 2264
4494 1793
4502 6572
3444 1003
3129 6095
4583 5248
4858 757
4799 3560
6490 2626
3279 6039
5741 4982
533 3927
4332 4848
3022 4693
4323 598
317 2582
3023 1131
4836 6044
3640 541
4755 228
1897 1285
2588 5340
678 494
2274 6870
6935 2868
2798 5335
5687 3591
269 5924
1607 6592
325 2069
5784 491
5906 5584
4662 3797
4218 2625
3502 957
3369 613
6232 4064
2937 5120
2181 6305
326 2644
3691 6491
3588 3360
2660 5751
6483 4814
5568 1805
757 2830
3716 1825
3931 3699
6393 1888
5266 686
3523 1430
1677 1295
4765 3144
3206 6449
4264 4848
336 5991
2712 2908
6967 3880
4730 4089
3918 1959
5998 4018
440 4062
6974 4270
563 2183
3049 4930
3173 1024
3699 6732
2326 2091
177 2147
4631 6712
1013 2419
5350 6399
3378 675
6174 2904
1361 3102
3818 5111
136 4775
1142 1486
5904 4706
3411 34
1599 5145
4926 594
6822 92
717 1495
3430 1215
1630 1425
4092 368
904 1321
344 5828
3706 6748
132 1973
1276 6562
756 4052
2797 521
5226 6898
6327 2715
5510 241
2739 6178
3861 620
6598 1488
4007 445
2525 5660
6436 6822
58 2209
1209 1553
2831 2734
2924 2925
1355 1378
6043 6339
2230 824
4532 5928
1259 5053
2950 1113
3015 2262
4557 1262
2604 476
6797 1324
833 6342
3010 1918
3102 4890
393 5289
4896 4111
6017 6996
4955 4691
204 5767
4493 6323
5768 1007
2208 2354
4985 369
2089 5106
5568 6611
633 5126
6939 4009
5328 6370
3735 4429
476 978
4080 1431
4567 795
28 64
4981 6262
1485 2898
6163 755
3260 4321
4201 2889
6741 237
333 4083
5622 3814
312 3206
3106 3854
5714 6032
1550 4424
6159 6648
6844 1089
1414 1153
6126 4256
1699 3766
3569 2797
6549 417
6156 6350
3565 5307
6866 1787
197 4572
4154 2669
4644 2304
4112 2443
1154 6302
3934 3834
3112 1016
4116 3316
6824 4944
6982 6284
3615 5020
6812 1177
3341 6703
5258 662
4418 2900
3110 3572
3478 1524
5565 5508
1831 2730
2269 6339
428 6548
1947 3844
768 2452
3944 4148
577 3638
4775 4076
5305 858
213 1641
1672 5302
2283 3012
4526 339
112 4218
6022 2347
3066 617
6866 982
4392 524
6324 433
2220 5292
4271 2449
3035 4687
418 4675
2472 6267
473 2884
1151 1816
4700 1808
508 4568
1927 5420
5015 6515
874 195
4268 5534
5225 1629
4160 1305
3856 4277
6435 3805
2455 4004
5032 6869
5500 2773
5710 4303
2547 560
1511 5892
2822 2485
1764 4086
3789 22
6495 4987
2919 5801
703 4635
4872 171
1921 1037
200 5512
601 6610
3064 6155
222 1329
6677 3688
6763 2708
6663 5510
3204 5411
2056 3332
6761 5264
4879 3220
3234 335
436 2197
4135 5920
1179 6442
310 3778
6853 1820
1562 5426
6404 4468
60 2849
4824 6896
5947 28
6146 2897
6314 4925
3539 1321
5271 6080
5114 1932
661 221
103 1391
760 6616
1109 4518
204 2197
6709 2421
1100 268
642 5806
2399 2516
3123 1793
2624 5078
4515 4232
6790 3349
389 1196
6861 5444
6706 1369
4679 2354
5911 3380
219 5888
2081 894
255 2135
6566 4772
5473 3154
3544 6926
2178 4210
1873 3574
3951 4806
3827 798
905 6566
399 1510
2520 4324
3131 2034
2552 2327
3287 2547
5403 4263
4226 3698
3763 2476
5776 3313
5026 2061
5210 4622
240 4082
6023 938
4653 6394
5157 4207
1790 3697
4059 2245
700 5006
172 3389
3687 387
2376 3040
1264 1372
4526 4340
603 5827
6 653
797 1906
4281 3755
5885 4387
6019 415
5838 4541
1626 5171
535 216
5977 189
3931 4130
1035 4703
4514 6208
1907 4632
61 4497
4608 2837
1091 5766
3140 2096
3386 5535
342 3204
2484 6895
3395 5998
2743 1871
1561 962
928 1049
4599 2724
6333 4146
3843 3155
2227 5926
6256 5589
1702 3826
2662 5854
1046 2209
6775 1458
882 6716
5778 5964
109 350
5993 3674
3837 2559
2154 3354
2687 3817
1063 2563
385 3631
2835 305
668 5417
4558 5702
5818 1606
1659 342
3954 111
4141 6353
1272 3087
5208 6723
4453 5127
2488 2826
752 577
6106 1457
306 490
2047 3083
4923 6739
6874 6698
6781 4255
6724 3721
3572 4331
616 4853
5772 4994
240 5505
2074 4879
1544 1681
921 2456
6740 1221
4539 333
1509 2626
3821 4254
6672 6190
2596 265
1500 4792
5617 138
460 6942
3153 1122
489 5428
350 2640
3283 6830
1840 1450
2686 6574
4202 189
3905 6584
4738 169
1884 4351
2314 3935
2235 5362
4053 3449
2545 2555
6194 6915
4730 2910
5905 2648
6066 1253
4476 5245
4691 703
5773 3660
3016 5523
3565 2355
280 4099
3917 6944
5402 5410
4557 888
3575 6426
74 2718
614 188
1077 2164
4003 2931
5374 6745
4361 195
2163 5994
6203 3594
4959 1807
6645 3939
5363 5832
6956 2111
227 681
4108 5384
5297 1048
4760 3849
5546 4004
5102 6996
632 1898
255 1948
3297 6862
1877 6539
6562 679
619 3541
6835 5914
5866 6052
893 1831
3188 5764
4277 4230
2138 810
5529 5878
1689 2704
1291 1877
3275 1976
19 2206
3689 273
1887 6826
2909 3316
4583 4687
2491 1113
1506 718
1528 4449
1709 1077
3085 4481
2410 5066
1968 2469
2214 5908
748 1076
4058 5216
2339 6354
3960 2429
1938 6010
3588 6987
3019 451
5854 1854
2216 5954
900 1847
3300 3322
5318 4503
2620 3563
2484 6708
1240 4167
6942 95
5008 3523
868 2309
6007 5479
1730 1550
129 5353
3512 734
5287 2157
5691 520
1768 1253
28 2268
5778 2394
1891 5790
6960 3303
6425 515
1387 4567
1227 148
1791 2176
2001 3706
2071 4445
5586 5607
5031 4796
979 3429
695 3670
3721 4641
2071 1412
3033 5021
851 4183
4686 597
1288 4938
4767 6443
6016 2158
2339 2166
5270 4031
2622 2454
6512 2739
6345 4319
3012 2639
5200 5921
5133 535
5260 310
2836 3322
3858 6982
4975 326
5938 2625
5822 4894
729 2099
3786 1629
2408 3814
3386 4893
2655 3691
5903 6953
5896 5782
5646 5607
4834 3477
1628 3070
1499 970
1600 1022
2942 4098
1071 5596
4674 2441
1902 5524
3619 3559
3803 6120
4863 5346
3332 119
3144 68
2053 5693
6232 6081
4245 6465
4427 1783
2185 5058
4450 3487
2458 6910
5226 6337
4 2166
3336 3621
3818 3395
736 5498
1391 2726
2800 608
188 940
4443 2666
5494 4812
800 6422
3141 6536
1039 2274
232 488
4313 341
2035 3959
806 3204
3944 2164
1115 4713
3911 6188
2934 2301
5805 5613
6700 830
6894 4079
3599 4381
512 6140
4239 1331
725 771
811 6207
2101 4929
2440 2143
3462 1639
2087 6751
6354 3576
4903 3940
6952 4434
6357 841
166 2470
5882 3766
2031 403
2862 331
1342 3564
5170 5223
1987 6520
5729 6907
2460 2768
1782 3082
1245 5883
4165 2698
1691 3718
1938 3595
3824 2405
51 453
2086 4247
1437 6053
4507 183
4109 5772
2650 6275
3395 6429
2110 2389
2801 6444
4506 2210
4762 4085
3979 3447
5806 5060
4565 2790
4224 6661
5649 912
4631 4541
6527 4793
3313 4525
49 730
5804 1200
3963 1409
5835 1267
102 3774
4711 5998
6705 6785
2001 1291
378 2891
5493 749
4860 3088
4056 4983
5510 4136
451 895
4733 4444
2279 6116
6104 1842
2771 162
4194 4166
3263 624
2213 1332
3607 434
6853 2869
4604 5727
5662 4126
5817 1785
1806 419
3794 3643
1891 2220
337 5869
2885 3832
4031 2832
5102 6354
5532 5938
3347 5583
4190 610
5098 2448
1478 3744
5432 1570
3754 3463
1323 423
1424 6891
20 685
3752 384
5400 2786
4118 4679
1936 1589
4835 533
3273 157
6299 4538
5643 2921
5364 4260
3428 6861
3676 4711
2800 876
5924 2382
2896 1338
6791 1967
4707 4670
4356 3689
2114 6964
5018 590
1835 1887
6948 5334
1952 2472
317 1029
6633 4010
3362 5460
5250 5851
31 4607
5969 4784
5411 6708
6567 6396
2742 4254
5913 688
6560 5225
6568 2834
6845 1422
2602 3493
587 5993
4319 4938
2147 5542
2008 2754
1987 1877
3317 2684
1517 2894
5808 6529
2909 1169
5956 765
3280 3556
4997 1591
2225 3920
5958 6473
3506 2556
5335 832
6856 1961
818 3832
6895 1135
6614 5057
5026 3460
5831 2167
344 1697
4922 2356
5199 944
30 3981
2779 5610
193 4911
3581 636
5857 6771
1027 5110
4169 806
6164 6699
2458 307
5660 3224
4823 4979
2428 1596
6969 2373
2196 1246
1602 6923
301 4602
989 2724
137 3447
357 5665
737 5132
4932 1889
1759 2376
2010 6159
3531 118
1072 1446
6232 4739
1419 4937
5058 1439
2697 6308
5731 781
1384 5882
2475 1011
2308 1837
6490 2496
5270 5267
4184 4066
5077 4872
1756 4707
3611 4958
4522 4061
3858 4835
1404 4255
3854 929
2840 2048
6166 305
4724 4195
2883 4404
2575 87
1215 6985
6654 3277
6970 1793
4718 216
5877 3585
4139 509
1610 1098
6278 4683
1735 5708
6181 586
2442 3880
5685 6798
3414 1007
6029 192
2794 2053
3154 144
5518 1962
5846 1239
3260 540
3938 226
1321 4378
297 6307
767 3038
5987 720
5219 4524
5646 427
4128 3733
3402 2875
1475 1812
3247 5970
5494 787
6392 1937
4926 1269
2030 1842
662 1709
968 5953
4557 3092
231 2654
4804 2969
2813 6617
3388 1664
2281 6756
1257 3023
627 2627
6661 2512
5637 2943
5224 1084
1001 2279
1245 4891
5347 2615
271 3931
6152 1322
3550 3096
2666 5816
5033 4899
3262 5847
4685 3435
5215 217
5380 1974
3322 4400
1197 4096
6424 2949
6300 1193
2948 1715
5090 4652
4870 182
4273 2178
4157 4447
1519 3558
6428 3822
4690 746
3276 268
1385 1114
1476 478
1421 771
5054 6126
6518 5967
5676 5126
3985 1896
4298 895
5612 3421
1777 591
2372 4184
5107 1973
6664 2759
3209 5812
3836 5910
1608 1694
3977 1604
3822 4699
2476 4133
2132 4323
5122 2631
5029 188
6930 784
5436 4484
6991 4443
5428 3842
3592 4395
2697 6926
6950 4819
415 222
2751 6408
628 1269
1197 3641
2276 3671
2255 2794
2625 1573
6104 3078
510 2711
6329 5640
4791 3406
5730 6809
5237 6876
4640 2456
5132 2918
5820 6702
4139 4160
6997 851
259 2311
1441 3220
345 2085
1344 3287
2891 3385
6318 3946
4787 2883
6251 2724
898 5452
2832 2024
3454 1024
4323 1436
3915 6337
2858 4376
1887 3687
6610 563
5457 4556
4407 3766
6869 1955
3780 635
5149 3622
4342 1836
4806 250
4178 681
5637 178
1251 6105
5024 1641
4807 3104
1631 6326
4014 5942
1099 6465
2279 6547
5693 1241
3461 1040
6267 3957
808 5535
3741 3309
1566 4396
4706 6435
2153 1712
377 64
2646 5028
5256 3869
645 818
58 3502
2948 5366
3727 2852
4327 373
4346 4587
5774 2519
3702 4485
3007 5946
3320 4191
6178 6544
5369 4685
2798 5018
6019 5733
2359 1938
6485 810
299 6947
2386 3761
2591 783
4215 2791
1911 1024
350 3502
971 6064
6557 5759
1848 6337
2538 1122
1607 3242
2991 1656
3806 1051
1008 2913
5044 5275
6735 1335
6322 5892
3423 532
4463 2489
1779 1255
280 4611
4865 6441
4165 4552
4325 2555
684 2974
2052 101
5883 6195
1621 1046
5977 2824
963 5772
1393 4602
4913 6108
21 3569
1361 5818
301 5838
5411 4106
5194 5569
4653 1458
3503 5722
2228 2370
3630 5497
1689 1338
3528 302
4299 179
4555 4306
3903 179
3004 5220
3868 1124
6204 894
5796 5795
6885 4261
3000 2068
4703 1925
525 4391
6046 3691
879 2637
4508 703
5391 4928
577 1548
6189 2464
2135 4434
4910 1622
705 13
5058 1520
3160 1195
5687 4697
4319 4564
1356 3915
3914 6730
4002 3167
4103 3219
5567 3060
3129 3013
5594 5637
6029 4811
2789 5574
5869 1146
4998 4071
3773 82
6267 1192
76 6985
1294 3387
6891 3271
2254 6169
4641 2521
4921 5544
3775 128
2058 2093
3459 1612
6631 2408
6228 4647
6722 1772
6329 5453
4679 2224
5071 5488
6843 3230
2159 5528
678 3828
2656 6334
6440 2059
210 2262
495 4875
2867 4302
4326 3799
1840 1052
3883 3229
767 6502
4098 5103
2453 2972
209 1256
2912 6704
3077 5051
2946 6288
4780 4908
2296 1453
4555 5729
5095 3199
5520 2439
3653 673
4843 6361
6015 6582
2966 3907
5948 4606
3177 4127
4858 253
5396 3312
4059 5498
6638 2774
5167 1008
4052 2075
5798 5012
4676 4154
4110 5463
2434 4019
2515 2695
4242 1418
1931 2644
2824 3450
2796 1402
6187 808
1610 3757
2050 3275
739 266
6124 6875
5504 751
739 3649
5193 5962
3091 1700
5007 3328
1974 1186
6112 1573
1534 5051
3585 2208
2936 4014
3311 3137
3345 1967
255 45
509 1093
6916 6444
2630 3153
3841 3302
3366 6227
5859 4483
625 2207
281 2397
4988 5156
6827 4120
3551 2974
5421 4257
815 5714
3203 1510
5130 1075
6377 2379
6193 572
2762 1767
5281 1244
6373 5643
2641 3692
6966 6157
4015 4771
5505 3581
3442 4909
1298 1145
6965 6686
112 2746
4876 6793
6829 409
1426 3774
5096 2595
6407 5604
2389 6073
2697 3974
3845 2266
4304 6752
3600 2435
2838 6084
5613 3272
6167 4612
4580 5869
5574 311
4058 280
4180 1963
500 2454
5417 6743
219 6376
3711 6588
3360 5607
2155 2994
6596 938
2370 4868
4013 6172
3550 4950
6934 933
3288 254
4597 3190
3327 182
5097 1261
2855 372
5136 6851
3469 2517
5519 5865
450 1936
4156 6830
1941 3600
2438 4406
4184 927
6272 1349
6948 3618
2249 4884
3020 4761
4489 4946
4357 2575
4613 1040
4174 3622
2868 957
3155 4397
1844 634
6916 4834
1374 4657
3425 1814
4738 5650
278 2768
2711 973
1284 5895
6626 4506
401 889
1182 1454
3391 6367
1247 6013
5729 6964
6691 3403
1615 4719
1995 4186
6852 4260
1456 3908
62 4806
5413 5415
2734 4525
5838 491
4662 528
171 4749
1924 2441
6210 5732
3355 4054
2820 1266
6589 5728
5995 4989
6570 790
4308 2632
4091 4095
6668 544
355 1244
2024 1517
1494 5489
1688 6486
5425 1611
3876 5604
3465 4572
2369 2683
1498 5608
6045 4702
1246 2354
1218 306
1491 1404
6260 5795
3698 3238
2431 6163
3699 6846
6717 786
2228 5834
2073 1759
4874 168
2071 932
5787 6514
508 331
6053 4943
1877 1066
2467 5069
5798 3670
6956 21
5180 4789
2441 3848
4906 5718
727 5330
226 618
6363 2136
1876 1595
6855 2598
6514 2305
3928 1606
1374 6080
2093 3515
9 6218
1222 6440
415 4654
2800 933
1088 3242
5234 1992
36 1625
4019 5107
411 748
4724 5862
64 640
6524 2619
5870 4081
2179 5137
6627 88
5947 329
6310 4353
5162 2274
3631 1211
6569 5745
6681 6740
3038 4080
3659 6642
5350 5708
3220 5060
3748 5179
565 814
6860 5170
6547 509
6666 1921
6416 1746
4034 4984
1911 6261
729 5352
452 348
6396 3723
6484 160
138 4130
2220 600
408 5711
4551 6442
4083 4876
3486 456
2651 3038
3021 1817
4358 385
808 6584
505 2611
5660 6314
2864 4085
2311 4101
659 6461
6784 48
5287 67
1159 4532
2212 3341
3614 6468
1233 2791
744 6010
1241 400
3078 4953
4374 1268
3642 1319
1395 86
4600 268
577 4557
1640 3300
6174 4441
3188 6252
2109 2058
6987 3009
2847 5959
20 2165
6962 4642
2064 2315
2535 4152
4596 6161
6241 2630
1377 1385
1891 4050
4708 740
2101 1416
4895 6982
5182 6258
4988 3009
5829 3625
2594 2480
192 178
6767 5305
3496 4503
1120 1170
5722 6387
3676 3158
6816 5197
2125 6324
5410 4580
6473 4077
3837 4015
6716 4212
6382 5090
2454 2069
5759 1701
4785 1495
1113 6765
2825 4456
4415 464
5530 151
3287 2043
4312 2214
2422 6668
1887 3126
5366 4631
3618 4277
1417 4143
5591 23
4467 3256
2321 2829
1429 4153
591 3054
6707 6701
1215 5887
413 4445
6860 527
6036 3298
2433 37
1161 2618
3088 2183
2675 5986
1020 3167
2711 6397
6776 829
1896 5467
6621 3170
927 5605
2525 6392
4380 5889
1856 406
121 1011
2330 5924
4109 4837
3854 3564
1144 1109
1051 5082
2546 4236
1448 1520
1133 6612
1444 4784
606 3685
5673 4535
5657 4002
5738 5684
6930 5029
6605 5269
830 6022
3817 1403
1009 1823
5021 3791
5606 280
3620 3518
134 1596
3644 1660
359 4158
4743 814
99 2541
5572 4079
5361 3078
1500 5443
4487 70
5082 4417
4674 6312
6278 2780
4077 1892
1680 4098
6511 5203
4732 6290
341 5457
6967 3002
1585 828
4391 3745
6616 2021
1490 3974
4327 2040
4845 1471
746 6674
1575 5775
4164 3739
169 2906
1361 5257
5874 4767
3004 4309
5502 2909
2073 767
4101 2636
4476 2513
1668 2933
3773 6742
3964 4058
1285 2414
3460 2081
2291 5541
1357 4734
5493 2042
5326 3622
4339 2400
4886 2569
2926 4776
1410 4745
2363 6356
6219 1395
1797 1249
5539 1636
2519 3863
6416 1909
3701 5526
1371 2538
1054 6803
2714 4304
1086 4806
5387 6877
5877 4260
6395 5943
1789 3236
1851 4114
6940 3757
5180 2642
18 2686
618 207
1633 1942
1113 4350
3250 527
416 2732
1606 1250
479 48
6485 5055
6736 2422
4988 2822
4515 158
1161 6269
2345 1589
2909 3617
3238 2395
1295 3051
4965 1118
6295 2679
1038 5115
1279 1794
3436 6517
6597 2263
1065 3528
731 4406
3436 101
538 4011
3143 2508
1685 5865
5602 4563
3852 4136
4827 1534
2014 1610
6189 1098
2168 1296
1361 6680
4136 862
5743 1011
2787 1533
5441 6308
6057 2110
551 4596
1451 157
2853 3284
2937 1477
3623 5188
204 3734
3814 1750
2222 4915
1575 1132
3163 6893
1594 5346
2354 5034
2220 1836
3839 3500
5355 3531
1158 5947
3157 2914
3186 1400
6582 1150
104 3503
3177 3566
4294 4080
3063 6662
6503 2577
5668 5159
1091 1692
6094 837
1333 1225
5207 3229
5503 6031
3703 6241
740 3340
1423 3370
5170 4101
6127 196
2398 4178
1830 5414
5684 1878
4660 1555
6222 2685
3269 6888
929 3212
3565 3274
3878 1519
5065 2772
5552 2890
6778 4071
3158 2361
5279 1011
6578 6669
2593 3114
4592 4245
180 4787
109 6075
5333 1247
2098 6518
4490 3968
2411 4763
1752 5881
3068 2818
1225 6364
449 6897
4016 4085
6449 1536
4523 5579
4301 6698
6075 5267
5333 4630
1152 6825
4889 6868
1749 4829
4643 3429
1753 5702
4487 6299
5256 5349
4232 5780
6061 4056
837 2468
5262 2885
6657 4841
5315 5929
1495 4131
714 3566
800 3340
5471 6442
2357 3372
2737 3593
6149 3122
6252 591
6128 2245
3291 15
2145 5933
5187 267
1897 5831
2792 3300
2972 1955
1399 1390
3546 4671
4281 4137
5473 4236
2794 3346
3167 5806
1297 1113
1008 1010
2186 4429
2108 3018
1659 4912
1010 6718
2096 1503
4460 3321
3661 6314
1748 4203
3682 775
1352 4203
4366 653
2067 6400
1095 6267
2246 1447
692 5096
6258 3415
6643 3980
1440 3269
5576 6993
2718 4640
2312 3198
4449 5791
4055 2454
4827 5185
6262 4288
3495 1299
4479 1469
3085 2367
6452 3631
2961 611
2928 4635
591 4640
1116 1078
6374 1496
5259 1809
6963 5274
3420 2064
4817 4847
1145 2947
5943 1660
4933 5961
4881 5771
552 5816
366 2428
6868 5387
5875 6629
175 5866
734 1134
11 4711
2292 4774
826 4106
6387 2081
3284 2553
1104 3296
4960 587
3086 4820
2988 2033
6324 978
6692 5346
164 1920
6881 1835
318 1606
1658 3855
4020 2594
2112 1581
2497 1392
6377 3241
2544 1238
6195 5644
3736 6218
4378 3241
1427 4107
5100 193
5246 6434
1211 2762
2293 57
3664 1619
1895 3394
2136 6489
4849 2045
5367 1476
3692 2886
6457 2796
1851 89
6639 4530
1408 5935
4188 3467
635 5985
1280 6689
6359 5644
2601 4724
3467 1455
5478 1465
5149 2687
567 4538
5238 5388
1165 6150
5699 121
1120 6407
2393 2516
5287 1116
3800 5987
3580 1517
6389 3951
252 181
3925 4935
3175 3683
1740 5334
1986 1603
1841 5386
6750 5650
5622 1594
996 864
1638 5057
6032 3155
5225 1369
3413 6480
6405 1451
2575 5381
1207 1838
2334 2286
6990 4356
6119 5029
1334 859
1678 669
5185 4222
6903 5111
3978 4946
5556 6609
4389 6732
958 1511
4657 5234
5875 1636
5123 6727
835 2609
4911 2118
1413 2845
1191 3964
2562 1362
2572 2050
1825 6731
6863 3433
2687 5972
1567 279
6606 1333
5174 5911
3035 6655
5575 593
939 5591
543 5591
4702 439
5421 6542
5421 126
6634 348
3300 1476
3045 957
5799 2930
997 3317
4489 2775
5270 3340
2242 2296
5265 2996
6037 5727
6775 2458
1795 4236
62 5668
2772 1707
6309 938
4075 4074
5682 4223
4510 4002
5641 1189
3034 6029
4935 209
2684 1486
3499 881
2533 4700
1936 280
1498 6470
3432 3042
4074 65
2835 5038
4891 287
3867 2970
1595 3370
2987 5809
3075 1492
4507 6713
1513 4499
5556 1616
4108 5661
5156 4126
5469 2371
5555 1391
6556 6426
6052 2197
3034 1841
5711 1904
826 6952
895 2585
6366 4050
1722 5023
77 2138
2133 393
2747 1784
984 4505
5606 1329
10 4299
2535 6974
1881 6184
5952 5349
5890 4471
1186 1229
220 5048
1932 2739
6293 4861
1522 4561
4949 5122
2521 5763
5979 6391
3947 2868
2462 2150
6094 4651
1513 3694
4566 6488
1455 2935
1605 250
1756 6081
1632 4325
5085 4609
2227 5666
6833 1957
4429 2992
1564 2878
2839 568
5032 4194
6589 4980
6386 3897
3965 1545
4242 133
4873 3383
4061 2007
749 450
3462 3176
754 794
435 2734
3215 2895
3208 5888
5536 1633
5064 2577
380 4875
3326 3665
3830 1478
3303 1961
3377 220
4013 3814
4975 253
6439 848
2641 6945
1392 4814
549 3371
84 568
1949 5671
1727 6790
607 343
2446 61
1420 5327
3715 2844
392 1852
1696 4444
2498 3634
4559 1479
5793 2578
510 6045
1344 3238
778 4547
1972 1309
2524 1822
2651 3095
3093 4194
3045 770
3767 5636
601 3130
5011 1761
3046 3624
5566 5955
2550 10
3587 3948
6842 4247
3669 6232
2425 4445
6095 2512
2960 1571
157 2335
152 1991
465 6652
781 5168
3885 4544
2918 1345
6310 3605
4973 5791
336 1519
6626 5531
1984 3921
2352 6037
707 3152
3745 750
5990 5320
5675 6248
2320 83
3841 1212
2562 6786
318 5070
4096 5114
5392 675
1529 5219
3965 6351
4426 1084
5706 2528
2865 3562
6910 752
6765 4535
2097 950
2116 5164
1314 4476
6171 3796
5820 2815
3141 1925
3681 3559
3294 2921
4142 4708
3698 6946
2681 4384
5847 1228
2887 2008
2300 4692
3322 1936
4328 4309
2739 4739
1008 2864
1510 3260
3972 2203
2888 1829
1200 3034
2098 4184
976 3326
1229 1520
143 6735
4253 5828
5184 2954
3088 1890
4660 2954
1697 6469
4185 217
945 5144
4398 1264
1065 6000
4936 2071
1994 47
5300 3287
6255 4971
7000 2873
3498 6834
1334 940
3047 1485
1808 42
1431 4256
6293 4674
6904 132
6356 1990
3544 5674
2949 2081
3205 6208
309 365
1145 4801
2536 3605
4103 4325
2823 2881
82 5277
6959 6605
302 6741
6436 4578
6671 2940
2939 3995
800 4739
547 129
5655 3986
1476 592
4678 3509
543 2639
6799 2159
3411 6434
6384 2883
513 4682
1535 1172
1626 536
1120 2650
5679 5511
6794 4444
2367 3954
6924 3736
3953 3226
873 1992
4773 2965
1375 136
3326 6511
631 5088
55 5709
1746 4775
903 1080
5328 743
1734 1008
2838 6922
5011 5762
1427 5961
6871 3351
4849 516
4382 5968
712 1485
1235 2758
5681 1046
1822 74
5569 805
3193 3888
1928 1224
2335 5520
6841 3859
1952 2749
5185 815
6706 1190
6334 5748
1847 5207
4457 4048
6112 451
759 3179
4985 3
599 5930
1163 1542
2505 454
447 2126
5603 2267
4422 4212
6392 441
662 6629
6639 6734
3769 6276
6169 2089
3886 1199
1685 311
5071 5789
4665 937
4797 6718
962 3888
337 3836
373 3493
1336 5792
149 4539
3165 4068
2246 2041
4942 6318
2300 2277
3659 2324
1425 6214
4162 6328
3904 1374
3575 2596
2188 531
4803 6132
5964 6164
5610 5666
12 1393
788 1614
2935 4895
5237 5835
4774 2361
4858 6970
68 2456
138 3195
3247 3669
5513 4952
3543 55
4184 3993
2592 4906
4982 1529
1835 3237
2832 4366
4040 4244
1738 3304
2333 481
6660 3773
5065 251
3485 2679
2604 4916
6649 2860
1934 5845
4596 4876
5599 4322
3106 6066
3718 5132
6868 1443
2597 712
4190 1155
1134 4479
17 3965
6268 2387
2849 5851
387 2744
292 5890
6178 3625
6740 5580
2905 1996
2119 1841
5701 4225
2247 306
6706 2963
2124 5568
3748 6822
6470 6658
3648 3208
1843 3074
1005 1975
1187 1457
872 2385
438 6065
4672 6160
6656 2095
3134 3926
6933 4847
305 6475
804 938
4016 5297
2211 4409
738 3324
1772 1329
5538 2110
6185 5893
748 4012
5937 6545
2644 3510
5121 509
4343 215
363 414
2233 5861
2945 1371
1761 6051
3318 6837
6608 5437
4997 2136
1814 3433
2667 5564
5561 4164
4059 3839
5807 1187
2402 3603
2006 3603
5249 2357
4865 5400
6429 187
3127 6488
1293 1452
1231 6990
6635 6479
6208 4914
6043 2403
1258 2397
5554 6376
5119 32
845 538
4339 3075
4184 5416
910 933
292 2052
6611 5304
4025 4605
3614 3573
5073 3070
4206 1233
3457 5841
1879 4178
5883 2121
807 1185
3109 2125
6321 5730
2862 4877
4037 4615
1590 1042
5876 4333
4666 5540
5404 5277
6674 6033
2864 4923
6689 649
4602 3835
1174 5301
4567 4780
737 2294
3261 2115
2693 2597
3438 499
4399 6135
3869 2937
6044 2604
1164 826
1482 169
1912 5415
766 4163
2412 3486
4122 350
6460 947
937 5738
5610 3251
4 1369
2034 4065
3457 1653
6486 5551
1999 5010
6445 3298
5507 5001
2284 1207
1224 1981
648 2602
785 4563
6069 3950
5136 5997
3336 6207
1956 5313
5471 2311
1437 6411
5377 6059
4694 2619
2266 3260
2199 1284
1956 2280
891 1956
6708 4058
3788 73
4789 2856
3533 5970
5188 6537
4185 3681
3564 5283
4343 5021
1674 2567
1908 4491
4555 5843
6766 5167
1320 6950
4236 613
2565 3677
3518 4534
1656 3866
1160 252
2130 2968
5702 4664
4611 6125
3744 4288
2928 6920
1369 3809
412 5462
3368 4940
4858 3750
4137 3990
4104 1598
6930 5167
5818 2745
3641 3005
5403 59
4219 2487
5179 5269
1822 4693
6221 3135
1699 5791
861 2440
3323 1383
1955 3502
2191 6253
50 6170
2352 4858
4931 4386
6517 2904
3716 1085
6644 4931
6960 6857
5145 1871
3032 3836
2839 4195
478 6058
1901 3646
6913 625
89 2341
4863 6322
1840 5622
436 5832
3574 628
6827 4234
621 4831
6417 6056
6040 3854
744 700
1960 6855
4510 1481
2772 2569
4609 5624
2758 4391
213 6699
3229 3976
1383 3841
6338 6702
5070 357
3416 6054
1733 1187
2256 208
3288 4556
2300 6896
1519 6331
6901 2843
1722 6690
1582 4401
2136 5741
1014 4883
1661 2250
4744 3755
6306 4131
1351 1270
3469 403
4690 486
2557 1075
1342 4190
6858 2392
3778 1158
2997 593
5552 6143
3122 5957
541 5602
1912 3000
1156 4185
221 3153
344 5438
810 6931
1772 3370
1341 6567
3917 162
4507 1159
3765 6938
3799 5768
3486 1107
1742 3878
6522 2042
5066 2062
3970 6589
2048 5870
3096 3581
5095 548
6313 1114
1162 1347
492 2276
4160 3680
2977 5552
1048 2908
2724 5106
5148 6975
5955 2345
1621 2046
1383 3386
1916 6101
1849 4879
2563 3468
4392 1744
1436 2266
1224 4827
2344 2606
4450 5886
3956 2345
5322 5815
1903 4361
5979 3870
1660 5357
4115 6539
5385 3885
2649 5871
2773 4217
1523 1861
3414 1015
1127 1861
4384 4485
4888 6462
4673 4588
3140 2698
1638 121
2577 3524
5008 4312
5784 369
3795 4090
2389 4227
429 6434
4507 354
1580 5778
482 3062
2383 3658
1755 4089
5280 5939
4036 4152
3098 5855
355 1008
1418 4669
6368 770
1041 1713
1887 3427
4461 6021
5172 1683
44 6973
5393 6755
4557 67
4457 2869
5525 2710
4176 2627
3431 2473
6452 2346
4712 6771
162 963
4802 2500
1244 4674
3181 4927
399 152
3172 677
5696 498
6871 4400
1489 2226
2485 6163
3427 5333
5134 2680
6378 4467
6037 4174
989 1122
2883 3957
2888 4301
2599 4198
899 2360
5658 1145
1055 2119
797 3581
3476 5225
6800 2655
6465 6314
3812 3639
4901 2105
1793 2987
203 563
1507 2401
5234 1756
3370 6677
3752 555
5491 2321
3034 4476
5921 1905
1010 4978
3744 6329
10 3551
6939 1659
4136 2423
2088 5537
4247 3917
1060 1308
6481 3410
1343 1596
1116 2371
6974 310
2739 6406
1337 1027
1361 2175
6054 6756
2353 6370
452 112
154 2899
6088 5586
3567 3784
3164 2613
5657 115
5839 6013
142 4767
3755 6464
2781 2094
5885 2224
1261 4573
3969 4703
6209 4011
1510 5277
5529 4252
1477 3639
5152 2050
6050 3200
6393 3539
3246 4493
4889 135
2511 139
5162 1233
5439 3985
1466 1945
5571 6356
3851 2388
4301 3348
4382 2024
4049 5756
3139 3091
2578 4744
6101 6521
2884 2572
4012 6628
1509 1268
5187 6366
4996 382
3483 6284
496 5241
6468 5002
6301 5828
5150 4232
2841 2121
6932 3416
110 5205
1471 1915
2539 1756
954 3840
5302 839
4892 2661
2593 1992
297 4250
6047 5130
1224 4640
2375 3984
3557 4893
4775 5459
6007 5731
1941 494
6607 3252
2493 1761
4368 382
342 236
149 595
6847 460
3726 2635
2555 6022
5604 1527
3699 4195
4346 1562
835 6935
866 586
217 2392
2861 6479
5354 3981
6310 2857
1133 1115
2762 3467
3003 2398
4782 1311
5706 1430
4718 3770
3133 5854
829 4087
3310 6490
5089 6157
5982 547
5804 1184
4173 2923
6022 2575
5736 6907
1746 2254
1059 5488
6076 2811
6009 1589
527 5627
5974 2534
5917 2000
3871 5187
6846 2463
2398 1096
5412 6968
4225 5715
6526 6430
6784 4968
3700 6244
3048 2117
4340 6604
6649 2299
936 6936
1981 5130
496 248
3290 1650
45 2069
1972 1634
4561 6014
4471 3088
1849 2732
6372 2930
166 3527
5121 4136
2068 4725
4031 6199
1757 110
6069 1616
1996 2378
1040 6885
2279 1912
1868 880
5916 4757
4909 2159
5545 5753
4487 184
189 2548
3707 3227
646 6207
3101 973
2144 2626
6626 2823
246 2301
3350 1677
2424 4895
6927 307
5003 4423
6622 6087
4528 5850
5997 6035
1833 4427
362 3415
5002 4952
2165 470
3536 4284
6616 5518
5182 3607
6713 2418
2133 1686
5273 2971
3755 6277
5080 3330
1477 69
1886 4438
35 3959
1629 3092
6732 5851
6173 1915
312 5930
2588 5649
3046 111
1277 1886
3775 486
2373 1523
3186 6507
1803 1178
3611 5747
5512 5589
4237 2237
1069 4566
4350 6086
3727 6861
1903 1759
862 6747
5695 1509
4979 6257
6099 6288
968 1481
2854 291
4569 3915
1233 2718
403 5644
5623 3326
6645 6232
1151 3817
5782 1104
1081 1543
4808 898
231 3093
6435 2423
4274 6626
3350 4255
5253 1514
2161 2175
4341 2186
2870 1174
853 2847
4299 1960
937 1794
1048 2534
3006 3664
5487 6821
6942 6576
4332 1319
5959 2844
3368 1801
2241 599
5575 5887
6043 1037
2896 2745
4670 1314
970 3782
2714 6646
4364 2705
875 512
3397 3670
5699 4610
4639 5384
5697 1531
3145 2668
1206 5752
6023 6427
235 2811
3292 3095
4260 5738
5287 2572
4279 3536
4602 2469
4929 4584
642 4074
1855 4296
3591 2381
2003 784
4625 1140
6170 6073
3291 2089
209 4192
3409 4030
6766 4606
2428 2653
1841 5337
79 1867
6020 6479
158 470
2501 1411
3702 6534
2592 775
441 6420
5078 4276
4142 390
2364 4331
3243 5431
4819 6267
1899 30
3855 333
3012 3054
6752 2614
437 5897
4513 5406
5628 5093
4195 401
3484 5493
2356 1437
3847 3101
1517 6529
2331 3070
1235 3433
3721 518
2451 3926
2759 1827
2635 5733
5685 2594
3916 4369
1053 1672
5592 2403
2049 3357
303 420
6950 2225
3254 2937
2934 3521
5499 3343
6366 2928
3224 62
448 3403
6609 5315
1217 2453
1227 3141
437 4742
478 5497
1558 1965
5660 443
1628 452
5360 151
5167 6172
2371 4697
248 5974
4515 2045
616 3926
4203 6654
1716 5934
4942 6993
6742 367
5630 5115
3610 3107
1495 4245
3317 5514
2176 1196
175 3402
1259 1524
4562 4493
1888 3947
5716 3354
4465 4560
5363 5710
1913 5697
3912 6828
3693 5212
4674 1701
6301 3226
3376 3061
4902 4534
1163 1412
4745 3796
4096 5602
5705 2414
4363 3502
4593 6408
2336 4487
4837 6768
2588 5462
2347 2367
4759 6885
6849 3970
1969 6356
1742 2967
3201 6628
2683 5699
1769 5544
683 4343
1433 5595
3391 6725
5626 3437
488 3875
5660 3021
5247 6824
3886 4452
3791 1182
4278 546
4350 2866
5059 1111
957 381
265 5523
767 6673
5497 4720
1693 3455
946 1720
271 2305
6959 1482
6986 5557
4431 761
5372 2739
14 5123
3534 6629
6426 4402
2381 4206
3592 6607
1474 1058
5653 2200
5488 3853
1909 986
2258 5304
4958 655
3875 6141
5437 6517
5740 4074
1287 2363
6734 5686
5676 117
6605 3586
4707 2507
6830 6148
2219 3097
815 3307
4459 3159
340 6986
5479 5238
940 4507
6754 676
5107 3380
4758 3226
1208 3009
4738 5203
4459 6542
6004 5059
6971 1842
5140 2739
2616 2918
5407 639
2523 475
1311 3107
6168 3181
6223 636
1708 299
5526 5434
1114 5976
4450 5675
4109 5382
6334 3658
4413 5793
5440 3381
6462 6287
6894 2534
3251 6290
6233 573
990 1187
1255 2424
4493 834
4152 4705
3068 167
1600 5088
1225 3713
5583 2154
2565 5962
4565 5783
3813 4458
1036 27
3738 1840
4075 4643
4507 5054
1747 3236
3061 5762
3123 224
1588 1671
148 2224
5442 5305
5693 6836
987 6931
5844 6251
4545 4757
5045 5080
1230 2902
739 6048
2383 2292
141 1403
5657 359
1969 6624
2315 845
3872 1631
5527 4450
5119 2935
6526 6406
5919 1298
3692 2195
4547 265
3647 2452
6802 5523
3965 1041
2458 372
5388 5045
3335 645
470 6947
5270 6487
2622 4910
442 5653
657 6773
2004 6029
3831 1226
217 58
1091 814
5566 6256
4544 2596
4848 3761
2272 3750
6284 5718
1802 5521
4479 5584
2165 3129
4563 3777
14 2358
4038 1677
743 2733
5189 1021
3633 3843
3843 4619
11 2060
6671 4851
6203 3285
2323 1436
6712 5606
3744 4613
1631 162
4428 4491
4677 1785
5554 2058
4208 6410
3621 2678
2895 5984
5794 4928
5390 903
2898 6255
570 4094
38 6485
1774 2318
6629 5729
5918 6657
6725 5437
6253 6381
4910 3834
4067 2391
5686 4055
6912 4482
5381 3419
2480 3648
4627 6929
5730 3573
6530 1936
3691 3043
3326 2356
359 4971
2723 6789
6835 5955
4414 3603
1169 4022
3999 4327
1356 3094
3216 3689
6239 4389
1015 2801
2101 4002
4521 467
6854 720
4746 3029
3710 1191
6356 1941
6922 4796
2653 5646
1185 4151
3642 2750
2871 621
2212 1739
384 6317
5823 2609
5785 6289
5208 3999
160 5111
6096 4461
3083 2197
6663 3754
4192 3567
4290 4102
177 5465
6340 1788
529 2884
3545 3167
6067 5571
981 6199
4288 242
6745 3005
4028 5795
4065 1890
481 2843
5429 4533
6175 6043
5989 3409
4627 6474
2129 2212
2750 4774
6859 259
601 666
5239 5540
1228 6426
1254 5395
2250 3670
1565 3567
6904 2661
1026 2535
2521 1689
4422 2285
4914 2747
65 6698
4759 5088
6003 459
1932 2048
2763 1976
6880 1486
4051 3281
273 985
5689 2743
5133 576
4570 5566
1867 118
4630 6371
3914 3949
1085 6498
3917 4220
5280 1003
2413 816
2845 473
363 6513
4071 1654
451 2196
3133 1105
2498 6781
6245 1096
2635 2326
3001 4369
2595 3681
602 5748
2402 3286
6643 1142
6201 43
2589 5364
421 1206
3211 5118
5602 2343
4619 5027
1560 2418
1652 4636
3512 5231
5938 1511
1466 2002
1402 4461
4358 3939
4504 3764
2453 191
4044 5469
3361 2029
6568 5290
1267 1792
52 4907
6124 1866
5229 233
580 862
2383 4333
777 1376
2229 3866
5679 469
1694 324
1568 1905
1172 1905
5253 1758
4274 6870
5776 3785
604 2387
6705 4248
850 5826
3152 350
6326 1219
2222 6078
5279 6362
2523 6972
6451 167
811 2865
3431 3148
36 6252
4112 5761
447 1622
1381 2429
3029 2579
5732 3863
1814 5694
6542 2914
5138 3124
4924 4858
246 585
2529 1475
5227 2415
3370 2091
6787 6128
5978 4269
6255 2857
5634 295
5847 1342
4694 5335
5255 1430
5160 4576
4953 311
1647 6870
2392 1362
1451 3548
4787 2493
4167 2785
6689 5943
1020 4493
6617 4377
3253 2630
144 658
1321 1223
2881 772
2844 1644
6701 5953
980 4313
5925 6486
4182 814
2755 5736
1661 510
2096 438
6416 6723
6879 1529
2247 607
2462 1727
5390 6327
6911 286
3645 6244
4711 3006
3959 4310
3859 696
1242 4848
1641 5119
6622 533
28 5155
3629 1173
5867 4572
5179 4952
5503 6739
2012 3719
3688 1753
4216 1872
4468 2093
6863 3978
3747 81
2651 444
1400 1650
4247 404
6924 467
6394 4439
6542 4337
1647 1527
504 6962
2586 3432
2775 6337
1715 6357
5478 1205
3919 4510
2155 213
257 3298
4013 3391
4194 19
5795 323
4637 3972
1237 316
3332 4161
2554 861
1823 413
5126 3382
2664 1029
3973 959
2980 2955
4351 6769
922 4627
89 2374
3630 4757
2047 2750
952 6721
2701 6923
2973 5167
4093 5198
2995 6646
2348 2863
6584 375
5157 5297
1573 6250
4250 6313
1545 4202
1230 2878
1564 2000
719 4648
2563 3956
6290 3311
2655 6928
4603 6616
4637 6200
2056 5845
2159 2560
27 6003
2678 5599
5045 6934
3545 1020
2086 1523
4947 4147
2078 6543
3456 5112
1794 6784
2334 4254
839 5100
2705 6641
2817 466
3825 256
6158 509
4635 5723
994 6142
3420 2422
4698 3039
1665 1651
6616 4770
3880 3346
50 860
4527 713
4375 1073
760 2713
3814 2726
386 4192
3901 1190
4300 4871
2278 6954
6832 2301
2496 1929
4421 667
1191 6282
64 5080
2304 5142
526 2667
4923 4446
5078 2105
6607 6505
5539 1002
4570 6802
1296 2319
4749 2603
1361 3468
5248 72
1264 3535
2580 472
5467 4317
2014 1781
5651 4626
4539 4456
2631 3443
3947 380
5864 5673
3792 3475
6648 5755
6834 1973
5719 3040
2629 364
4043 842
6651 3020
4743 1253
6706 2727
2850 5436
4715 6375
5488 6325
143 6662
6929 2210
3837 5877
3802 6822
6324 3564
5514 1480
2408 5441
63 3673
5106 6381
4051 329
4918 6330
2117 4511
3949 6468
427 1883
2739 3511
6815 3020
280 4839
1962 3819
4381 6098
2333 6206
671 1462
2362 4692
5839 3118
266 3628
6403 5146
5488 2137
517 995
6864 6295
4870 3256
2392 6786
6802 5417
1984 5271
265 4157
3751 417
5497 3354
633 2109
4972 500
5032 6967
920 5549
3449 5714
3884 5642
548 3691
5586 1891
949 4789
6734 3970
71 6543
5675 1182
5704 6084
164 318
5114 2835
1787 4353
3711 237
913 1345
326 4783
106 313
3929 1628
1780 930
2365 3835
2313 4399
5417 3775
1628 3542
3803 3209
3806 6890
3056 1474
6483 537
533 5261
6130 5145
965 754
5574 726
4077 4909
4013 3204
71 477
1986 4189
3698 1880
1707 5528
4707 4524
280 4034
6567 2867
4065 361
3134 3235
4639 3831
5194 1609
5373 3072
1147 586
3501 1716
4254 6649
1577 170
4371 818
1876 6653
2816 4996
6176 4335
4865 1326
787 5154
5670 33
2807 746
3376 3118
1540 3671
6263 547
5459 3196
6080 1594
5087 3590
2253 2789
2554 5935
5212 1784
1561 1515
6752 711
788 5729
776 4214
3587 305
2742 2953
2050 925
369 3301
847 6309
2392 4826
1650 4189
3854 1588
3052 900
6687 6328
3423 2533
121 2418
3070 725
2762 572
6029 3884
2827 1721
6753 3915
3950 5433
115 2603
1825 5129
5001 6825
25 6093
1302 3856
5658 5634
551 5385
2196 1100
3883 6840
6247 2242
794 1356
2313 5822
5236 2908
530 3003
1309 6905
5581 3320
6202 1718
2408 6059
4920 3611
3702 793
1876 6198
2621 690
3832 6501
28 5236
6036 3900
3305 6984
2149 880
499 4821
2391 6829
3702 4176
1233 4816
6654 6164
269 5298
1466 823
3419 855
2577 3020
2104 356
5352 4372
2195 474
1582 1937
1458 181
1449 2347
5839 703
3993 568
2599 1466
985 900
388 2896
4027 5814
4206 1615
143 6475
205 3943
2975 4197
1015 2240
1158 2548
5151 6718
1044 1480
1949 3801
2466 5259
3857 3309
5391 2391
2213 4032
804 3898
4802 1996
5917 1683
776 2604
1362 1947
3038 4145
6064 4362
2795 4387
3573 517
3447 2098
3641 5347
145 1983
3207 2611
526 5058
5096 5856
6149 3911
5906 4153
5283 764
5679 1518
3913 6974
2413 1060
5897 2909
6174 5661
5713 348
2533 5326
1891 1887
3505 3207
6922 3080
6803 1668
5280 4630
6144 534
457 4140
787 5772
1038 3139
5365 6431
4897 4111
4496 3767
640 6476
272 4360
444 2400
6575 6355
4610 4054
730 2205
1993 1790
1721 136
1432 33
6232 2983
6039 5594
1870 2888
1738 1271
2589 2575
4829 6801
39 1533
5512 6077
1147 6465
1656 2370
3327 60
3172 2401
1274 2076
1468 3073
5451 5801
269 305
864 3898
5941 5436
6094 6432
552 6255
813 4310
5039 380
4036 1688
4820 5934
2382 1723
5716 6257
2488 2119
5038 909
2388 4921
4002 6241
2691 2478
2233 1600
853 6368
2040 1205
460 5885
5221 3245
5195 4276
1163 4315
884 4900
6737 243
73 6378
6831 6294
4744 3064
6987 6807
3343 539
5330 155
6102 2886
4150 5708
3918 6139
2118 6349
1738 466
1500 1052
6166 3810
4578 2213
3451 1011
777 465
4581 1730
3576 6375
2743 5620
3292 200
336 722
1433 5465
3386 6251
5289 504
91 137
6937 2906
6660 4318
3205 955
6434 1531
6848 6998
1258 3397
5117 4369
1825 4942
5216 4348
4311 6191
3005 3526
1066 6610
2726 4111
6621 4740
2807 2787
1072 4146
2073 6175
4184 3383
6961 1398
3119 3813
3649 595
6104 1777
4808 3964
5429 2362
1064 2750
5171 1572
1031 6774
6273 6659
2968 611
4520 299
4363 2567
4762 6248
722 2986
1 6636
2843 5046
6291 4986
4054 5195
465 5050
4673 6930
1029 662
4198 1187
1216 488
6811 299
300 260
4890 2434
2925 4297
6805 6146
6619 3512
4291 1351
5247 5889
6236 741
6180 3061
6762 33
2102 6889
3377 4579
6522 6962
3227 848
6618 6670
5775 5227
2561 4959
1200 2587
2108 4425
47 164
1077 3685
2285 3563
6772 4104
1688 5559
1013 6144
1622 775
4560 5309
5054 6598
2805 4538
6069 1917
4859 5376
2686 874
3092 1562
2582 6186
6417 2600
278 4419
4025 5150
6061 1275
2774 6356
3333 3876
2741 3964
4790 294
2577 5061
3723 4061
120 800
3110 5524
4822 3215
6462 5002
4571 5848
2604 6884
1895 2223
737 5872
304 5990
3728 1372
216 3891
361 108
4318 4621
3564 6633
6267 1501
3598 5463
1915 6258
6268 4355
1655 5395
1849 2228
3970 4288
5558 223
4895 1599
2369 951
5016 5309
2184 1171
625 4476
2270 191
537 2377
3424 6222
6756 1261
1546 4297
2487 2111
1303 375
1000 566
2884 5719
2242 2280
2147 4672
82 3675
3352 4252
1244 145
6624 6410
865 3532
5239 254
889 1674
4277 1563
173 6
4844 3108
1914 2599
1081 1844
6611 506
1174 5041
6172 3842
506 6073
3749 4827
1882 3815
6612 1862
6729 2447
853 3148
1654 201
5945 1584
5053 3632
5881 4043
3957 2497
4423 3236
2026 5442
104 4723
2408 74
384 6992
2616 23
5324 2405
5601 5157
5609 5018
5696 1230
1310 741
1833 2768
2583 1768
1296 2563
2199 4057
2763 6839
497 1392
6555 6589
4913 969
2110 2487
1447 6115
3637 6814
6840 6169
54 4205
2698 1876
2373 6280
3870 2097
2789 1240
3961 1461
3033 2354
2312 1840
1911 1496
908 2050
789 638
4273 6651
312 1238
778 6141
406 4283
2904 2883
2018 4776
4796 5645
1131 752
4133 2857
1933 5577
3697 3458
6315 6324
5560 564
3318 429
2330 2769
5258 199
5657 3880
1452 2271
5624 1488
4034 5480
5744 6508
6093 246
5587 2360
3684 5101
2445 3658
6932 4953
2510 4807
512 4278
1283 4155
5529 1601
5173 276
5121 4250
1790 5649
6671 3111
6946 5790
41 1660
874 2415
2651 501
763 5028
3891 5552
6389 3398
164 3945
3309 6328
5448 5584
6239 421
124 6798
5301 6288
623 2015
3142 1492
4759 1575
3368 492
4667 1986
3901 3207
2678 45
3982 1883
1093 3627
1344 994
5971 4578
2734 2606
523 1784
1237 373
5318 226
2668 4238
6725 3697
2200 2672
1589 4962
6283 3352
2547 6163
6591 1253
2110 3910
5343 1976
960 1004
3288 913
2978 2185
20 6044
4058 2817
4224 1766
3508 2350
927 1995
5655 6385
5705 5748
5576 642
3776 852
1348 3745
3965 3757
6396 381
4964 5713
6297 6791
442 1953
6729 32
5433 4471
130 146
5952 340
2891 3320
1466 4905
4914 4845
681 434
1961 2632
5106 5015
6257 4359
4426 5256
6123 1161
4010 3126
2526 1098
1241 3474
1650 4433
3701 5754
6194 3256
5446 4302
4541 6145
5752 5540
5437 6468
4909 4851
5059 1412
1261 3345
6400 99
5175 2526
86 6990
1970 5727
4336 1956
4396 2007
5705 4943
6677 2070
786 1739
538 3889
2630 1047
385 1395
5558 5647
5147 3861
1907 4624
3459 4312
3392 3090
4341 5683
2428 3572
4898 6540
6794 6038
1505 4055
5418 1880
3934 606
4235 3752
3558 1258
593 3946
6004 5360
121 4890
2110 5333
611 2273
1242 5523
3984 319
3767 1782
2886 4019
2819 2797
2239 236
1637 1888
2237 3573
978 754
525 6636
5153 6658
208 4485
643 3659
5717 2270
6328 4144
289 3161
3198 2793
6587 5536
5326 1890
418 4480
3811 4713
4964 720
8 6302
3210 2803
2649 4456
388 107
5990 4499
2155 3921
6329 3965
4584 3882
3529 5000
4306 1659
435 3336
1472 858
6 190
4610 2070
1238 1216
4417 2429
745 6945
4509 5401
6379 3678
1248 5287
2708 5386
2763 5847
6094 4448
3327 1459
6460 1573
4259 1439
6062 4910
4656 5047
399 6658
4408 4945
2314 544
2128 1320
2532 6099
6243 757
4431 5868
3383 987
3373 299
704 4261
6167 1701
6634 3796
2618 4338
2437 6212
1566 2721
4527 2543
6421 6132
4451 3487
3016 2132
1118 1807
2957 771
5763 3688
3862 3846
3665 5961
1650 5051
3727 1177
3114 2640
3857 6131
6694 4197
3912 176
3946 5422
3638 5269
333 1473
4477 5058
1646 4528
757 488
73 3239
4405 6875
2227 1275
1767 5986
3541 4555
3037 6742
4864 4945
175 6899
6359 4099
2501 5981
3334 320
1224 1802
6981 3099
2590 2266
4620 5716
1091 6376
99 4810
6942 892
5985 2545
2153 5648
2712 916
1182 4959
4673 1563
2586 2497
6732 2745
2546 5350
5880 4222
5231 3776
4603 3453
5281 3139
4331 1799
1220 4662
6304 3237
6415 3977
1830 649
358 1664
6053 2837
1352 3276
1784 2933
5488 7000
4722 1805
4498 2097
3901 4093
4059 5433
4661 3781
6643 3053
5655 5393
920 3996
1935 69
5577 3258
2218 1855
1729 5828
380 5745
2708 5654
2966 4192
2002 4674
1441 2163
510 5037
6787 2428
5978 6985
1465 305
1305 3056
1589 2815
3890 3530
92 6217
5541 3197
3354 2769
4727 994
1112 6044
2325 2856
5718 2335
3142 3078
3610 4644
114 1280
953 5233
3917 5326
429 5987
1955 290
957 6106
5558 4305
1168 6326
953 2200
2104 3796
3589 2262
6577 6913
1410 5859
6613 154
4154 1482
6203 1976
4088 3114
2751 4546
75 1675
3657 4059
5825 1801
2458 1291
6816 3896
2877 686
2022 1892
5012 200
6228 6355
6632 6970
2719 2729
2270 4623
4732 3566
5790 6883
1929 4330
6000 3495
2048 80
907 5588
960 4468
2087 5670
2243 6183
4755 2237
2296 2811
6864 2782
5659 6585
2046 2636
6526 6170
3169 6348
5121 6909
5558 3500
5085 836
5119 6082
108 6295
5519 6955
142 5125
5863 6765
1138 6810
603 4022
3383 800
749 3093
1597 4880
5738 5538
5734 1632
3003 4716
4644 3695
4916 6103
3866 6811
6418 2264
5012 5811
1533 6558
5664 3522
3079 6431
3452 4727
2175 6964
6447 4133
1708 1836
6216 1002
5624 3342
858 3386
3320 2329
3786 816
5401 4990
2352 3069
3945 5764
1491 266
4058 2443
2786 5024
269 712
1604 4115
2812 3993
368 6353
6924 5411
3868 67
6975 6130
920 4614
6734 3035
4094 5483
2774 4640
2280 4105
3035 2695
3302 595
4489 1848
576 4023
3432 6303
4994 263
5515 5627
4897 6746
3362 4029
2956 3341
1156 3551
1749 4065
1279 5836
152 4634
3853 5020
4751 6170
5881 4637
3202 3747
924 949
4480 4364
1245 6225
6992 6834
2828 5226
59 1410
4963 576
644 2063
1578 5122
3004 6391
6958 4971
3072 4805
1110 6939
2634 4579
4733 4436
6666 783
2464 5107
3684 84
4609 6063
3205 6273
4697 1746
2179 5877
653 5158
1145 4866
90 5984
5689 279
3584 6269
655 4450
6094 1496
4825 1342
4156 1772
6313 5741
6225 3642
2646 4939
2887 1618
2164 5195
3762 1064
1176 365
5431 2091
2949 5879
6268 5217
2204 807
5084 1229
1290 1406
3566 1125
6241 4525
4840 4252
2803 4549
3439 2481
1842 5302
701 4394
3122 6746
4677 6705
6881 4104
255 143
5853 629
440 3306
1842 2269
3138 4246
6904 2775
3832 5566
6530 90
1702 5672
3021 6290
2661 1059
6709 5690
3758 6556
2393 5940
3262 2188
1825 6
5051 1819
5379 1096
2041 5488
6965 6784
298 6232
232 1448
1192 3476
2389 6171
4904 5152
1778 3573
1031 1838
1062 1151
1905 2594
3677 336
5819 4027
3403 2019
3367 110
1883 4498
1369 1833
2117 6422
4483 2651
2528 5202
5893 5639
1875 3856
3210 5007
2272 6710
365 6299
2235 5330
2233 4503
5903 2570
2073 84
2740 5997
4662 4464
5443 5029
2303 2990
240 4318
4101 1953
1673 2594
6100 3084
1647 1373
1026 5227
6060 6691
4322 1363
6280 1739
6237 5075
4943 3925
2818 4375
1259 1264
4815 4679
3600 1378
5577 306
5208 4381
511 58
6543 5532
5311 5260
667 571
94 709
2561 3406
6585 2725
1905 1789
3933 3658
4014 3088
497 1099
1011 3764
4526 4926
4454 2606
2895 5911
2248 2128
973 1028
374 6361
7000 3906
6041 4732
1426 4945
2527 762
3664 1928
3293 2924
3971 2610
4129 3196
4067 2318
2630 136
147 1070
556 2029
6490 4716
3997 798
1175 1512
1108 290
5533 6369
925 6999
3124 644
4399 1744
5333 5557
2910 126
1784 5942
6261 5795
3972 5814
3776 5902
6761 6118
6921 1869
3213 6728
4431 3884
6580 1576
5699 3813
6850 3157
1898 6229
4769 3125
5421 1590
254 536
6919 4425
4013 4310
744 4335
5642 246
6722 878
436 3401
3951 399
742 6891
1554 2605
6535 4435
4718 2786
6531 6945
2512 2308
4041 292
1606 6178
4254 1339
2294 3546
52 3411
4620 3382
2130 4643
3663 117
2352 1272
5595 26
793 413
1419 3319
5306 6339
6618 6540
166 3698
4193 6698
2495 45
6478 3527
4096 6765
5953 673
853 1595
470 1076
103 5978
5767 1422
4881 3315
6908 78
2952 671
1584 1292
431 5285
1145 3874
3853 6256
6475 6612
4194 6549
5074 6339
1270 5074
2247 3299
3238 4640
1581 6656
2276 1785
5784 1776
3513 149
3757 2761
1166 1718
1453 994
3072 2658
6064 4045
5730 4923
401 5793
2297 6045
4444 658
1481 9
238 1076
6189 6376
1074 5512
3407 1601
327 4531
948 2929
6791 4000
4867 2454
6799 4615
3626 4348
324 4233
637 2478
5386 575
4054 3105
4902 4892
2244 1873
783 2303
1474 5604
3432 318
3220 2125
6859 5797
1522 2642
3423 2484
713 29
4763 4733
2741 6062
5389 1223
5043 586
2641 2448
2983 5595
2484 4716
1713 2587
5221 2578
3010 4008
1807 2222
3830 3747
6841 2932
1977 189
994 2873
6441 3190
4478 2470
2764 3952
3062 1165
4968 1351
1580 6380
2349 5430
5031 5837
4902 3737
6825 5058
6486 1428
2568 3259
944 2005
6303 6639
6709 1665
6263 3076
454 5753
1388 6560
109 1554
5854 2090
4300 4985
2247 1339
4435 4621
5519 2743
3991 1197
1398 5743
6288 1793
6502 5694
6466 3785
6937 5622
1144 1662
6916 4745
6524 757
6446 5762
2945 2054
1269 610
5943 977
2677 6935
2982 1155
6285 4878
6958 1214
6271 284
4340 977
6986 1727
487 3957
6333 4545
5364 4683
2468 5256
2566 5791
78 2217
2196 596
3772 5596
4123 161
2244 3296
4804 2774
5363 4458
600 4019
6582 4468
4177 397
2466 5560
6320 6188
4486 1152
2531 6709
726 5821
4489 669
3267 361
5787 2692
4703 3072
1186 1083
3672 1578
2791 3815
4632 4360
6321 347
3707 4016
1057 1612
80 1889
3287 986
4935 1136
929 114
3604 6520
6061 2113
4817 326
2943 4559
1165 2084
1411 5523
5399 2179
5244 5274
1064 4661
3651 5962
6235 5834
6138 5901
5233 3580
744 6376
4985 4232
465 6961
2063 3584
3928 1517
4857 4986
2364 314
1808 2311
4239 6105
1780 4427
940 3255
5231 4638
2043 5591
2605 6792
4764 5172
6810 1985
6815 2329
2916 1958
5875 953
367 6776
1138 5899
2452 6927
671 771
1770 6341
419 3933
2284 4118
2008 2722
922 1521
175 6956
361 3174
3566 6362
3083 3010
5142 4192
4459 752
5644 5342
2437 2081
1065 1048
5413 2211
1130 5607
2804 6978
1751 1753
1221 4971
5075 6353
1874 6290
1745 4190
3837 1348
3887 711
1430 2866
1314 5135
558 6320
4419 1703
1580 2810
4510 3319
4384 4900
3102 377
2381 4027
1794 6711
28 6505
5035 3140
424 89
2484 4879
4838 6009
5779 3823
2259 5700
6858 4230
5428 6225
163 4636
6166 2956
6611 3572
4797 5604
3209 4007
1743 3339
3429 2061
5853 1678
3886 3468
1839 6430
3016 579
6720 4646
3361 3997
6501 6036
2261 5372
3906 1087
3133 5301
4346 1359
6689 2300
555 4463
1517 902
6340 2146
4067 1944
1298 2292
5625 5584
5028 1164
6364 5923
1173 311
4497 4911
1388 2185
1102 1599
2461 1646
1657 131
3497 6113
5321 4799
2833 471
5794 293
4742 5092
1939 6610
6292 3953
1743 2534
220 1332
6544 4928
4512 5569
5037 2007
4885 3865
1182 3406
6230 42
1763 6569
3043 4603
3418 3726
5943 6401
1425 4295
1264 2657
2325 5491
6673 2490
2788 297
6148 4554
2480 5779
4526 2592
4402 82
2502 3094
5704 6011
5425 6596
5513 3033
6012 3912
6393 6987
383 5244
722 4710
4545 3773
529 4315
6759 2614
5078 72
6669 6104
4078 5061
5033 329
586 1816
2201 1826
1211 1087
6097 6063
1854 1718
2917 5379
4076 4584
1387 3006
4599 4359
1982 4347
4838 6627
512 6189
6078 4508
2168 6200
2531 4562
2407 6216
3460 5025
5428 6843
6178 5089
1916 2946
6761 751
3717 5590
2160 3306
2660 3629
2772 3870
1750 964
5767 3276
5457 2296
4459 3948
880 4491
5505 4996
97 1601
5704 2173
188 3217
2278 4466
4174 3964
241 599
5194 6797
3611 5544
624 3747
3086 2690
2861 128
6006 259
770 3572
584 938
1311 3896
3789 1120
2791 2018
3850 4025
6061 3349
92 3859
2229 6452
4789 5930
4095 1577
1362 3834
2004 857
5371 2121
5175 2209
4366 6012
1479 2167
4335 283
3719 2229
477 6329
6482 2066
3474 2398
6208 2995
3775 5544
6263 2702
6137 4283
6507 3062
4831 1618
6448 1701
4335 3666
1661 868
5112 6741
6516 4279
4613 3610
2431 2772
339 3362
1629 2084
4830 4776
630 3511
36 2772
2820 3486
2615 48
3148 2763
1701 6309
3829 6130
3326 4755
5165 4473
2949 2553
739 6837
488 3054
3062 6402
2974 4303
1356 5493
5528 5464
1264 6658
3284 1496
4409 1871
4679 3452
4829 767
4675 6716
3747 6855
318 549
6913 3699
818 5036
4610 4786
3703 5802
5518 5126
1426 6612
3358 2357
1031 3050
556 6729
3543 5520
6440 3637
2955 2317
5627 2036
2788 3143
4689 3739
2046 2506
1915 2989
4057 264
4590 2979
5751 3011
2219 4154
3031 6284
6119 5127
4126 1532
5617 3196
4593 3627
5985 6066
782 5355
4273 1959
6007 3381
4520 1836
1378 6140
1908 2922
3085 2733
158 2495
2897 3436
2830 2214
6388 40
5333 1158
3963 6614
4020 732
2843 167
3216 5633
6827 6503
1425 2953
5394 1811
3520 6044
3611 6162
1866 6079
3695 4355
6933 513
5107 1754
654 43
2610 346
5004 2006
1583 6141
3011 4073
609 5935
733 1275
676 741
6767 1914
77 6074
2221 12
6274 1981
1095 5828
5840 5661
5024 1877
578 1337
5865 6657
6069 3454
5638 6651
1939 1430
1004 6814
3614 5655
5393 4568
3079 2113
2528 4454
3581 3263
5917 3033
903 2975
1297 2902
5536 3341
4543 5337
6804 4024
6649 6365
1795 6562
4162 5645
6994 3367
110 4278
6407 3799
4838 2252
2950 6025
5932 308
2107 5336
2105 4509
4536 5297
202 834
3559 1410
1726 5644
492 4545
2789 4387
4315 3608
698 4421
699 5023
5150 3655
5174 4049
2868 6373
2038 2883
440 598
2380 6784
4431 3941
415 2231
5574 1889
5689 6565
1150 5080
6284 3742
3271 1478
1337 4906
4418 5584
472 5367
2738 4398
2860 5327
2948 1764
432 5968
714 4900
6838 2049
4379 3377
4568 6282
2173 2145
2579 3587
4189 3253
1099 4741
577 6322
5750 4158
4054 584
5280 5175
3561 6313
1412 2205
4686 272
4342 462
6 5752
231 1898
1747 2683
3860 718
2371 4762
5509 3722
5641 6093
2903 1590
2409 4465
1989 5599
1278 111
4048 365
6475 6669
4419 2752
6246 6617
360 214
270 3704
4418 4779
1921 3371
6928 6
173 3771
1611 2391
5090 3896
85 1672
6952 1531
551 6548
5432 4010
112 2714
1872 3105
4863 5021
508 6097
5515 2732
6055 202
3901 2166
3680 4641
96 676
2212 3146
1964 3044
6193 5801
3653 5447
4890 401
1779 3264
409 3058
4879 5904
1050 6272
2416 3326
1583 2571
4447 2460
6685 5859
1728 2925
5778 459
3006 3542
2407 2459
5493 1229
1379 5400
4180 3809
2437 4553
3101 3779
570 3541
6261 6470
421 3418
1247 2248
6768 1548
3709 5355
6176 3888
3805 899
3399 211
4576 776
2494 2054
2495 4908
1318 4343
5048 3215
817 385
1335 2068
5880 6751
4421 838
4137 1079
2926 4313
1522 5277
6842 6573
5665 6008
25 5296
1733 5497
2204 4328
4752 2291
2575 6715
6863 4417
6843 6394
4498 4626
4995 5432
3474 5057
48 6596
6372 3776
923 380
6453 2452
5116 474
5460 4448
5799 3914
2659 2629
5484 2590
2471 2578
2600 5432
3123 289
1974 1772
1132 3937
5617 1399
311 3973
1818 5396
4493 4632
6812 6707
1127 560
741 6940
2711 3169
971 3430
1270 5749
1712 6848
2149 6849
4725 444
5690 2816
1053 1550
5936 6255
1517 3374
4502 4344
2570 2183
550 175
2229 1890
4451 4756
4625 6629
2254 3640
5595 2929
6987 1204
5213 6799
5987 6193
6119 5558
334 2213
2194 6218
6681 1097
845 473
3367 3631
476 4548
5514 496
1154 1228
2098 3477
1165 5524
4250 686
3837 5243
12 3101
2863 5037
6887 2104
4798 4463
6350 4151
5106 2364
1831 4072
2769 1588
3514 244
6998 2093
1855 5597
5315 2888
3037 6506
1433 212
1961 6747
1921 3184
3380 6845
6528 6493
979 5145
113 2752
2377 5120
2540 6050
350 1941
4144 2518
6241 20
3648 4566
5026 3135
4126 1158
260 3179
6928 169
2007 2554
3154 5162
4424 1754
6010 6688
6784 6082
6331 5548
4893 512
1658 1619
2210 6296
4641 2920
1613 1876
442 5263
6820 4958
6753 3736
5788 1364
4043 1281
6777 1878
1219 1922
6064 6143
51 4129
621 3693
3291 2585
5290 3716
2883 5234
4939 2735
2542 4941
3440 6091
6926 2351
3419 5214
6831 5497
4651 6240
5688 3762
2296 4885
5563 2535
4087 1179
1029 670
6199 5405
4180 589
1341 1696
2657 3551
2687 4891
3650 774
345 1142
4668 6944
3100 5999
6317 3532
2955 3366
2757 2627
2509 4777
6435 1309
2073 5378
2912 2915
6334 3886
5343 293
2724 3618
2264 1913
3260 3598
6827 786
5988 6632
5979 2382
5172 1350
2847 5122
4265 2366
5271 4739
3552 6631
2492 6651
4990 5251
2963 6236
4494 883
2930 3844
3675 4752
6445 5006
2300 3448
6632 668
3542 2156
118 1112
3791 5866
2397 6764
5625 4486
5759 514
4011 914
6915 202
6965 6735
157 286
6352 1782
151 6887
3661 3541
6288 4241
3172 344
3380 1047
4808 5395
3729 1201
6160 4995
4630 6786
6399 5011
4682 560
4726 6494
5246 2588
4599 5221
1832 1478
1012 1739
3845 2315
1854 5963
2609 4553
1976 4640
6874 6967
694 6533
6955 5643
1872 3536
1626 97
6020 5365
4769 1653
5990 238
6697 4072
6984 1850
6283 2742
125 347
4338 5981
4087 2952
6938 4134
4797 4051
2710 821
2741 134
4353 627
5858 469
932 2510
6436 6367
6 5728
926 4947
2180 1006
1058 5066
2517 4563
2209 246
2580 1879
4774 5760
2138 1534
5529 186
2131 4527
6341 64
869 1380
2753 3527
171 5953
5527 6906
1160 805
3897 5083
2842 6201
822 4193
4929 3015
5519 6264
6 4573
4827 4990
1291 2951
6487 6655
4051 4769
2996 3635
4059 3132
1535 3311
5697 1840
3243 3512
6856 1799
6694 2969
2406 6021
2088 1016
6907 4016
4574 1511
1750 4404
5668 321
3360 1818
899 6483
6000 1999
709 5605
2082 3830
748 5533
6782 5418
5836 844
550 4794
5032 4991
2320 5873
1203 6113
2318 5800
4085 946
4623 4005
2374 6109
3506 1239
4678 1460
4989 5294
6240 2590
3492 3061
515 2706
4376 1095
4737 2040
110 4872
43 3650
1280 4266
817 3044
6789 2051
599 5036
527 2716
3364 782
4549 6126
590 786
4803 3010
4513 2682
5783 28
6476 4156
1114 2634
6618 6491
7000 369
2881 32
3378 838
2147 3420
6280 3463
5218 1158
5844 4064
2234 6048
393 6257
3812 541
1915 818
3773 4750
5138 1579
3302 2132
2770 2271
2775 3369
4010 906
2523 5777
3767 3400
1864 479
2949 1455
5225 1174
835 5447
5940 3371
6900 5399
3576 1553
805 1074
461 1264
1524 7
4745 722
5367 6892
2049 6244
6583 215
2639 3077
4475 2524
4688 3571
85 5299
228 689
3283 146
2283 5135
46 4590
879 5345
6634 6569
4022 6901
4648 3391
6272 5399
5678 4660
4830 2873
5800 6343
3016 4905
3298 3837
96 920
3206 5002
618 3476
4983 836
1875 3970
588 4765
4602 3396
6446 6868
3115 1851
3547 2262
6871 6108
868 618
5415 6128
655 2954
640 1922
1245 6957
6689 3593
6901 1786
4688 5799
550 5412
5309 1945
4789 6605
1426 2831
4531 1651
1301 850
6189 2489
3377 6173
5923 1057
1074 5008
5577 420
5122 2469
2627 4140
1909 1645
4705 3120
4307 6457
3617 1846
1657 4807
5578 241
5144 3921
1006 3534
4084 3941
4760 6964
3576 2976
2084 3339
5232 2987
5225 5980
4977 1714
6410 6406
6071 524
6687 2742
3383 1800
5594 1124
3104 6549
549 1753
4222 6507
1230 4366
2541 1713
3635 523
2327 6857
768 5998
3328 5476
6618 4076
5985 4163
3533 2498
3286 5250
4874 1185
478 8
3812 4542
6300 2454
3277 1754
3122 4095
2402 4937
5702 4225
2995 5451
2186 3592
4082 3090
658 2046
625 6070
6196 4733
1158 6533
6843 2100
5291 2412
2402 1904
3021 3639
2367 5101
497 408
3979 5594
3671 1277
4612 3255
5847 3798
4259 1447
1060 2211
52 3175
5358 601
375 2108
6006 5740
1667 933
4070 1925
6052 1197
6502 2157
5334 5118
2173 2202
6681 4374
4535 3947
4724 3846
2666 6272
6553 2876
4534 3722
6435 4318
2080 5394
912 1939
411 3643
2508 1899
290 5568
383 2349
6954 187
1713 3156
5271 982
4651 2028
3087 4235
449 4100
2159 6626
4057 1289
4554 2095
1875 1205
2556 3818
5701 3949
2564 1427
2621 2715
2182 5297
4398 801
4018 580
6010 4704
4138 5600
6347 4097
373 1257
3575 10
6997 5145
6073 2774
708 3987
2884 6508
1431 3793
741 3346
1711 6062
4502 3783
3139 3994
2449 3547
1482 348
5406 5879
1020 6144
6952 1588
1637 636
2227 1633
2380 4881
5921 848
2569 5534
4933 936
3131 6735
822 4624
199 5399
3932 1536
6533 2543
350 2535
3765 83
6838 146
4705 4088
6035 1485
2451 2438
6470 5577
1735 16
4350 6371
6000 2430
5850 5869
859 3351
3381 5755
1700 3967
3782 437
1328 2109
710 3228
672 6908
5653 2322
2294 5083
3376 2378
6994 1009
6268 151
5769 3436
132 6405
5149 3728
486 4651
3314 4883
4372 4036
2500 1926
6571 1091
4807 3210
5139 6423
970 3717
6761 434
3741 3415
4183 4514
1212 4004
1932 6545
2868 4015
698 5446
70 5877
2049 714
3210 746
6694 2595
1651 4051
6322 737
2748 2378
933 1556
2975 879
2579 879
6410 6219
1649 6607
493 503
3752 3954
6367 3139
2542 997
4467 6151
2724 6895
1893 551
1211 6381
4465 3072
3857 4879
6646 5937
302 4318
6116 2739
326 5466
4369 6747
3350 6768
4374 675
5191 3149
5714 2170
793 1145
3809 674
1326 1608
2162 1880
6 6427
2157 1536
6792 2729
5959 1974
4276 2769
3992 3010
2970 4268
1029 6525
1724 1654
4924 3744
4516 6393
4053 4417
4796 2246
2611 1891
2903 2265
2025 1767
2312 5207
5067 265
3575 628
2300 3692
4956 2878
4545 1846
987 4020
4266 2431
1150 4950
5782 2462
1616 27
1117 3312
2206 1024
86 1818
2639 6541
3733 5351
4936 721
5562 3627
1387 4112
3541 2148
5432 1302
4659 5516
2885 531
3750 5705
2749 1424
240 2635
4185 5633
2062 494
1762 202
2758 1887
4802 4289
6772 518
2912 5737
763 1629
1040 217
6730 292
4147 6280
5014 5865
1942 2240
4542 6809
6823 6872
285 2004
6534 6769
4763 5465
62 5904
3137 378
1846 5161
6497 471
5784 4736
3363 6548
1271 2974
2833 3350
4691 866
4534 2380
5122 2550
800 356
521 941
550 5843
3748 4854
833 6131
5504 2817
2321 4114
4528 5948
1911 5936
3445 4264
3368 2354
4123 1698
4250 2971
1010 3734
1791 4299
793 5951
5554 5563
3119 5033
4681 5409
137 4334
629 4796
1847 5362
4987 231
3392 3879
1411 1799
3923 3515
4181 2053
4458 641
3145 3221
5289 569
4423 3838
5173 2838
5479 6328
3115 4510
3362 4387
432 3878
965 6593
2333 4474
5387 323
5354 4347
2763 4058
1374 5300
3821 2457
4077 4332
5381 508
6506 883
3600 768
6282 5339
4756 456
1987 804
5684 3700
6267 3526
5835 1617
5518 5882
2109 5116
1106 8
3494 6384
6651 3866
1472 1297
1666 4546
5300 3710
6179 4810
2662 6985
2031 2981
3586 2940
2154 1102
4995 6457
3625 5497
4119 6786
2215 5892
3397 6801
1595 6184
4322 6364
1395 5372
1297 2585
906 2175
2766 6934
6993 5858
6160 5857
3044 1960
4569 3208
2239 6636
4099 4979
3063 3141
3374 6975
4752 5544
6180 3476
5779 3132
5743 1223
319 5239
6117 3127
5396 2613
3555 6986
5513 3952
6578 1270
3030 4132
1065 2585
6020 3194
1151 1605
3561 3768
4358 4866
2159 641
2365 4681
6663 3071
4328 6155
3402 2957
5520 2090
4773 355
1430 4403
1378 4213
122 4321
1705 6328
6127 58
2169 4742
1890 5327
4044 3363
6095 520
2420 2109
4533 144
2058 939
3393 2090
2243 6354
6058 1392
6933 5002
5651 479
293 2863
6376 3364
3193 4661
2355 3562
3317 1
4833 32
1854 6020
3757 6689
4624 6274
6298 3481
4622 5447
4995 4497
3837 1730
1719 3351
726 4593
2474 1941
6851 4596
6202 6402
2434 5548
2936 6698
4801 4631
4902 5437
439 4536
4135 2326
4241 3476
6075 2096
6701 5002
6510 2024
5116 2922
6878 6392
5505 5915
5635 5207
3241 6930
841 3203
4504 853
3237 3778
243 5728
3293 4087
3878 6992
2456 6596
457 3213
6494 3369
547 5358
6674 6188
5614 6208
3131 2978
550 2623
1854 5215
4774 2784
3965 6587
5455 5397
4376 1957
2812 4164
795 6591
3183 135
5015 4344
218 2823
2778 2301
3091 546
475 4142
3675 6232
6569 4078
2240 4877
4542 5817
6978 2785
6751 3560
5347 3770
5937 1357
2019 2434
4412 3492
3890 4319
6500 3160
2606 5385
4264 6223
1544 3080
799 2172
5059 4242
1428 5349
1664 1684
276 5780
3659 5325
6708 830
49 893
4940 6213
1294 5534
3878 3154
46 6257
538 6719
1355 6941
3929 6125
1446 6305
6454 6548
3030 4750
4711 3128
5881 270
3745 6947
4459 6290
5827 3417
715 2824
1530 2219
6827 1811
1275 946
6003 4582
1407 3317
3 3527
6163 2585
3234 4930
6699 2565
4352 4134
4171 6008
1650 6458
334 2351
6896 2355
6716 667
6618 132
5902 4880
3453 6896
4563 5485
2634 3595
5813 4808
3093 1665
5214 3725
2232 3026
6205 1656
5551 866
1512 6120
6729 4285
545 669
4619 5767
4399 1297
1883 2091
3223 4340
1160 5668
883 664
3431 5043
3209 6162
5702 3664
5977 5589
4177 6553
5729 2077
3932 5968
214 3723
374 1726
2640 757
5506 3725
3233 1271
259 6849
182 4939
6775 6508
5763 4290
658 4868
2119 5192
613 961
5289 2155
521 1372
3516 6440
1768 6840
4750 1123
6131 5625
5228 4131
1208 5685
5931 2561
6989 1714
643 5684
5521 219
1291 6659
6145 46
1132 5848
6832 195
3253 1492
2322 4366
1348 4160
1188 6911
5985 6180
3560 6338
2306 3863
5609 2668
5392 1879
832 1799
5638 4537
3616 6620
3580 3957
3017 5537
6131 1437
2363 583
207 5130
1590 4043
1855 5280
1545 6552
1731 3524
1521 6158
2044 1769
3794 2196
3888 1077
2957 3951
2828 6015
4903 3566
3315 1969
2635 1456
5508 5595
4868 4511
3445 507
5281 708
2760 404
2481 989
3162 2104
1500 3776
3437 6281
3163 4958
5770 118
1220 726
3054 3510
5889 4913
1966 2236
6037 1401
558 5710
4336 5754
3615 5240
2803 3110
1306 3129
2907 3433
901 5295
6761 4061
3270 1795
4796 262
1243 2780
5133 5317
5596 877
1714 2365
6530 1684
5356 4800
4260 5917
4723 723
533 4310
6350 6412
674 3791
1453 2775
6933 6238
6931 5411
1740 553
3352 6708
4224 6637
4909 1078
3849 1098
5936 4328
428 3735
3695 631
6711 160
1420 3766
5739 781
4028 6698
426 6291
6205 5657
5078 4455
570 3037
5766 1823
3247 3100
3522 5025
3895 3321
5051 3763
5297 32
2690 1462
6508 6597
3500 6929
3672 4969
2588 1185
5234 6099
4601 2022
6849 6109
1371 1221
1393 4952
3335 5549
4378 2916
2110 1560
1552 2730
3324 472
3475 641
1978 4824
3346 2705
5808 894
2224 1847
899 5548
2975 3701
4716 6294
5153 2885
4406 1150
3721 1047
4718 6340
1824 1324
3242 4984
4957 2192
2536 4004
5516 3876
2355 960
541 2992
6754 5848
4343 4184
6518 3097
4300 6766
3374 3568
907 5035
4520 2568
4365 5663
3220 3101
1253 4891
6382 6619
2177 5010
1781 5010
3145 1237
1027 2858
3394 1941
6372 5150
1031 2977
2480 1786
6652 1003
1837 5292
4201 694
5531 1501
5279 499
4563 4493
673 1956
1822 6889
2360 3532
2849 4477
1295 3962
4063 3389
4156 4334
3101 4698
3937 4970
4310 4020
5447 5186
5266 2142
634 5384
3117 2198
1059 3870
1188 308
976 2115
6482 383
6949 4730
4552 6936
311 2664
5102 4370
4265 4627
906 3224
3446 1326
2213 3081
5004 4966
5873 1214
3297 1203
2459 104
5726 3416
2946 6638
5444 4484
3627 2835
2887 3025
6744 3170
1890 1115
5773 229
5962 3134
3312 730
1820 5257
5901 5110
6216 4182
3714 2430
5548 1050
4801 6485
6645 3541
3894 1085
1230 5391
1626 5391
3584 105
1968 2876
466 2551
6911 4222
1030 4579
4280 4504
5983 4361
6162 6578
229 6745
6253 5942
4632 1953
5602 4669
4521 4566
4982 4961
412 2665
4858 953
3235 2553
5014 1466
6468 619
3733 6213
3513 1743
144 6822
1271 1608
6659 6980
1950 3394
1679 2342
3128 1151
1703 6900
3188 5366
5831 183
4882 1697
6238 4479
3882 6686
5114 6958
916 104
4866 6856
1817 771
4965 6835
5650 522
1823 2471
2943 2502
5861 4906
2903 5355
764 6099
5821 2097
3749 4063
5602 6897
5506 773
6505 1975
5073 891
2399 4509
4639 4571
3023 6588
4582 1031
2550 4678
2808 3216
177 5026
3669 4484
3108 6137
5231 5614
2949 5326
2579 131
1894 6444
3728 5064
2267 4740
6343 4249
2822 2518
3073 6301
4909 6502
115 4498
2658 1363
4964 3176
769 2255
2780 6429
3750 2729
2618 1183
5980 2103
575 2389
6224 2463
3646 1625
2997 1179
6290 4214
6658 2166
3433 3961
1403 1265
1833 849
871 2158
3245 4664
1774 3652
6437 477
5452 6498
4721 5296
1080 5715
6412 2110
6720 11
2556 655
3670 6533
1229 2805
3732 1749
3135 3745
4475 5240
1706 5588
1362 1614
956 926
2296 2421
5090 3823
4193 5527
5972 4440
1454 2334
3164 5614
3162 2535
285 906
4560 4008
5486 790
415 6614
5174 5399
2538 6091
4463 4075
3644 774
792 5783
2313 6912
6330 2808
4926 3018
1994 1682
3267 1955
2926 1662
5572 6576
1742 6342
3089 3346
2580 1025
685 4381
331 3883
2584 1898
6433 2182
2386 1159
1489 3617
1484 3273
3292 672
3598 4162
4258 6652
6620 5391
6518 950
3283 2057
3756 2469
4938 3378
5831 4184
6576 4338
4898 6231
5808 2480
414 5207
5095 6745
4185 4080
6102 2203
5515 4887
1344 2108
2932 4459
2469 6647
220 5341
5490 858
1027 711
5791 4004
5230 5657
3422 1842
4402 5246
5484 6705
1445 6297
5485 3897
1958 1220
2018 5435
4292 4327
3428 2007
2619 148
6337 915
5915 6110
5220 1155
2386 354
1794 2694
2986 5045
5441 6227
6962 186
618 5737
4166 2875
5874 3076
5775 2316
2566 2392
3722 2080
2125 4901
4747 5257
5872 5632
5831 3379
2345 703
4862 3517
6579 1552
6483 4473
1774 887
3274 6801
1935 5908
6942 2543
2310 867
123 4603
4615 5488
159 96
4510 1530
2919 5297
5197 5843
5073 4087
364 4665
527 5595
3755 3317
6284 3482
6898 4873
3458 3296
6717 331
206 6708
1083 6981
3533 4409
5193 5320
6803 4986
5337 4318
5125 4627
168 939
5395 2044
5890 6187
6831 4001
3935 2322
2384 5488
1629 482
321 6816
4079 1320
295 6349
5680 1624
2404 6894
3588 2214
907 4661
1595 4281
1834 4297
6412 4956
4424 5869
3713 6797
3235 3789
2674 5442
1717 2931
3952 6813
1335 6801
2110 6797
587 5595
962 4718
6402 6870
2393 2167
2572 4384
4726 2420
4848 4103
3439 3969
3449 4657
108 5368
1298 3886
2475 4451
1384 2906
86 4266
4401 6043
2135 4760
2978 2039
1944 1782
5717 3734
4872 5628
1854 5272
6018 464
2381 1783
6489 6465
5765 18
238 873
4343 6038
1752 4995
5277 6845
2120 2947
6072 700
3157 1223
5356 4694
6140 2524
567 3034
2585 4215
2874 2066
2125 6674
4212 3488
1024 4441
3706 5602
6066 3514
6040 2293
5226 5752
6475 2221
1241 6361
4140 5305
4384 1501
1798 802
2584 1711
332 6550
3447 3806
6494 5654
5193 6743
6621 4675
3880 2907
5748 5275
605 4615
5770 2590
6052 5686
5092 3658
5152 3709
1296 2
1876 2563
1005 5488
3787 3847
5272 2313
6834 2689
5676 6338
3901 751
3305 3349
1787 2491
3031 5032
1976 3144
1415 633
3275 5392
6262 19
5554 4628
6485 1754
3467 5562
1440 2383
1882 3482
220 5154
2868 315
667 6597
5449 670
5010 3252
5708 2062
6852 6651
1220 3548
1003 2759
3885 6260
3391 5725
4664 5998
4022 2559
4397 1682
6718 6836
4419 3915
5873 3068
1678 1393
833 4041
1368 1167
2270 2436
6931 4850
4166 2688
6086 6744
2632 6989
5865 5055
5906 5056
6281 769
5646 6445
735 3102
5205 6702
4737 4382
4005 4433
6895 5543
5108 353
3521 3862
5510 3551
3839 6615
1248 1408
6569 5558
6610 6313
5540 5645
5762 4526
5877 2032
2453 988
2518 1383
5906 518
2404 4479
4823 6004
1363 2297
4707 1857
3883 4628
5538 1785
2087 5711
3016 6174
5817 4583
2921 2904
4636 112
5498 5769
179 1665
4310 881
4535 3443
1013 5274
6797 4984
6919 5913
2633 3376
3722 1088
914 4514
1439 952
4780 241
3811 6795
1796 5131
5605 6016
6298 6734
4464 1698
4493 184
4525 2351
3240 563
1877 774
6882 3752
4917 5615
2085 1477
3026 45
1398 547
348 6173
1220 1938
3137 61
4353 6970
2858 1400
3828 4116
1667 2657
4380 4629
4168 774
1076 1435
3290 6692
738 5577
547 1845
917 624
4251 5912
1355 4233
4999 4085
6052 6304
5147 3983
4037 4640
6585 2603
5234 195
5089 3978
2945 3624
1231 5860
3256 1796
2380 4377
3927 3721
2256 6031
5923 1171
1824 6374
1377 4931
72 2868
1588 2899
4203 2084
1591 3170
2866 4270
3764 5420
3932 1032
1062 6990
3312 1324
991 1862
2620 4214
6813 4308
6689 2552
216 5249
4980 2880
1148 5983
6879 6059
3598 405
6939 448
5385 4097
6500 3030
6995 3009
3471 1761
1141 5943
1167 748
3787 277
5805 1458
5146 6740
5177 1889
6646 6238
4378 4128
4849 5965
1565 794
6024 3451
5872 6063
6765 6869
5390 6319
3345 5944
3092 5498
5650 4149
3243 5667
5011 6673
5425 4970
1808 3531
6882 2142
2620 3409
4485 4348
1658 6970
210 1246
5946 3918
4383 3317
5725 2229
4288 6463
1960 4302
4751 2023
1671 35
5881 490
6089 3445
1237 1463
6276 3271
5371 950
2389 251
4003 817
3569 4497
4006 4498
5057 2480
3536 2105
3598 6366
580 6010
4703 5365
5492 5791
3751 946
884 6421
6825 3863
5741 79
4218 5293
1500 2223
1816 739
1434 3855
3521 3675
1155 5194
969 1806
5323 6921
747 6308
6413 2579
1764 3208
6717 2990
4728 295
2949 1382
4364 4714
5842 2009
2113 6745
5408 5689
5568 1440
5402 5874
3382 3866
4068 6823
4593 3261
4100 3328
3811 3225
4191 2692
4344 3688
4781 279
478 1545
6918 2872
3313 2948
1379 6376
916 5154
3906 3462
5795 2543
4890 222
4280 5366
3680 1429
6691 614
2157 227
4715 5294
5706 219
2127 1516
3610 5571
5325 2779
5172 285
2400 2614
5851 2071
4010 6444
6250 6506
364 6519
123 3424
3244 1249
4861 1332
3762 2178
1246 720
1182 5431
5597 2154
5715 6347
372 3347
4785 5659
308 5806
6746 4054
2071 5714
6740 6491
114 5940
1852 4852
5312 2143
2165 3097
570 6745
4708 716
19 2670
3940 4520
5115 5012
1285 1772
1983 6998
5543 763
2192 4139
2694 5289
4231 3945
5956 6759
472 5806
2425 6592
3547 1034
5443 532
5601 1872
3823 5813
125 5698
1653 828
4791 6204
6009 2606
1370 3923
619 3200
2709 6701
2912 6306
1926 3057
1389 5104
5995 1395
520 3194
6370 518
802 2126
1884 5083
3560 865
1323 1074
6457 3146
6866 4105
2263 5079
295 4015
6776 5343
2108 1758
2758 2806
3744 393
4585 1009
2291 4094
6243 1847
2150 479
2910 6583
4483 732
3330 4725
6803 6385
2743 993
382 2856
5609 3961
5910 4855
2121 4622
2341 424
3552 6989
1095 1974
4044 281
5327 1996
6374 236
6809 6580
1991 6434
4663 6153
4195 3833
738 6813
4690 3812
1925 1650
3513 995
1701 6106
2886 6532
2131 5690
1540 4468
2099 6152
6834 4543
948 392
1323 269
366 1168
1013 5705
5366 3802
3715 6764
1793 6045
4687 4645
5026 4111
1161 4822
2692 4387
6577 6580
1945 2652
5429 4501
6296 4086
1280 3201
755 1101
510 6932
619 1240
911 1614
4541 282
2180 4397
6683 3973
1211 4535
4543 328
3854 2735
5005 2079
5714 324
4649 754
3198 1118
3039 307
3130 6087
4439 2607
5182 436
1567 6240
3217 2299
538 1409
985 2852
5330 334
350 2112
5522 504
6578 2994
2280 1194
3806 6077
3276 2879
2689 5563
3530 3927
6422 1700
5207 4815
2210 3084
1998 5645
6576 5550
5300 4979
658 363
2213 5984
1210 876
6437 6145
6153 6386
2540 1683
1863 2195
5008 1572
4853 503
677 3796
6988 6433
4820 2275
3005 3705
3481 3634
6893 3163
2481 3705
4439 4835
492 1764
113 5151
1140 1985
1950 1036
4928 4999
3684 206
3441 3454
5490 3948
1383 2874
1911 5245
5340 971
5513 4871
5449 914
4861 3373
3082 4460
3209 4235
962 3002
5695 6982
1739 6077
4392 1582
5295 3830
2122 5815
1902 1345
5942 1197
6661 6546
3416 549
5415 1680
5594 3897
5623 2383
3107 3177
3661 4517
2637 4194
1978 5312
5099 3137
6255 2825
5875 2604
5164 1280
2706 5462
1631 5204
5831 53
5283 1911
5216 689
3478 1777
4490 4749
1759 1417
4625 4385
3059 5765
3554 5744
789 3582
259 384
4868 6772
4607 2301
3455 3486
878 4004
2521 5308
747 323
845 1612
6380 618
1342 2418
3047 4600
3766 4287
870 2608
5653 6705
775 5754
5293 6362
4142 602
778 3019
5527 1116
2638 3614
5752 3678
4656 4795
3505 3199
2075 4440
3945 3471
6467 5875
1892 5487
4719 2111
2425 5950
3509 3318
238 4768
766 4887
5064 3277
2727 5534
4692 1419
6643 1378
1192 565
6305 4766
2129 1643
1578 3984
1511 2762
2877 6232
5807 4489
3488 1690
2338 5200
5886 2338
5481 4504
479 1797
252 2572
4044 2322
697 3188
310 6714
6763 5994
6078 5891
992 6519
6723 2431
5603 3154
343 1909
1329 2906
5420 3447
6690 39
6592 3668
1595 1305
1361 1663
2949 1008
6164 4130
5686 1876
1458 4979
6088 5074
1425 335
6084 1922
27 3743
1734 1090
925 4893
2812 895
2841 5797
633 4492
4719 4689
5278 6373
2945 3868
1321 2614
421 637
2840 2162
6078 4736
2341 4693
3244 6941
5458 5028
131 6725
5050 1261
2622 4154
3214 1814
6415 6758
2065 6680
972 4308
56 1828
4825 5465
3820 5946
3825 6290
5850 2226
2510 5791
4325 4361
3172 1938
2740 2281
2661 2954
3781 2985
2910 6664
6222 1051
401 1459
1351 2799
4881 5747
4535 5110
2319 3190
2009 4462
5617 1651
2728 1897
4902 3591
6022 2868
4179 6414
2257 5695
5762 2005
4688 2319
5806 5687
4142 870
2961 2815
4771 1041
5351 3602
373 5453
6799 3664
3948 1004
5828 723
5544 964
3892 3324
3028 1004
2176 2481
627 6474
3079 1723
3201 2652
4757 5465
273 2189
364 2307
5133 1780
988 4386
6184 3926
1860 4315
1175 4212
4375 6302
1362 6290
6491 1602
733 80
5984 5743
3938 3268
1758 3257
2250 3719
916 3170
5952 4707
3462 306
874 2944
2904 5640
939 3339
132 2307
1842 5587
2685 614
5047 5769
2091 6291
5534 5133
3452 2247
2213 804
5539 6231
1996 3021
6635 950
4766 3275
4699 2053
1454 2472
965 1527
5698 4009
2274 2211
1713 3864
3583 5147
3270 486
4163 1292
2353 60
5974 2372
3293 4819
1230 6147
1173 5613
3573 672
4636 169
6336 6925
1513 6435
2626 5295
205 2943
977 4920
2505 804
6958 263
3661 492
543 2184
1159 4402
5056 2448
6088 6042
3218 6338
5900 329
3965 4286
5178 344
4951 1119
465 3432
4893 1114
6794 956
1338 6969
4325 1596
4452 3623
5228 3090
128 4012
2117 291
2953 6979
6279 5236
1406 5383
861 399
866 1497
644 2616
2803 996
1249 481
1032 2698
626 1256
1051 496
2238 1749
1730 6446
5159 2172
2419 1006
1980 178
2076 6302
1792 881
1330 5923
6739 6510
4502 303
3986 975
3893 4948
288 860
2679 4501
4329 1314
540 5245
2525 4034
37 460
5073 1997
971 1267
5570 2803
3174 1447
5075 6207
5352 4795
4414 6498
962 6816
860 2375
6415 6921
708 2735
5555 1367
6088 4082
5622 3343
3388 6479
3810 2038
4477 781
451 635
4497 2187
1319 3828
2234 6837
5964 5709
4740 4574
4088 447
5266 3866
980 1329
6042 4087
5672 3056
3096 3045
1692 3255
1821 1945
5988 818
4527 494
2347 1237
3486 5482
196 6882
1808 6621
6359 3205
1061 5640
2680 134
4201 1263
4175 6458
5789 608
2893 1181
1561 3711
2922 421
4568 6160
6481 1101
3802 4375
239 6205
806 1334
439 6236
6365 2646
337 5959
2039 2962
2259 1016
2983 4457
6801 5428
22 4635
2632 3476
5278 4226
6209 1352
4156 1870
6303 5151
3913 4364
4529 6582
2409 960
6956 54
1314 2679
97 2715
6669 6413
3749 6592
5796 6259
2682 3189
2563 1777
567 4327
3583 4610
1162 6
1747 2911
1091 1294
354 247
5675 5151
2148 6638
837 2875
3302 5499
6186 3411
3240 4621
1528 514
3357 5206
5661 6973
1676 1166
5349 5166
6936 3909
2330 1956
4511 2569
4098 6372
1770 47
627 5482
1264 2161
2485 2244
4200 3616
5320 3647
924 2470
2386 5648
6467 5501
799 6905
4350 4314
1347 4266
1101 827
890 6242
3063 2076
4778 5700
2748 3004
6198 3771
4645 3858
3683 1003
5298 5177
527 4123
2361 3497
6569 4623
4943 6706
1842 4595
2078 176
1964 3272
4202 255
2400 6054
6225 1780
4045 2523
4979 3330
182 4061
2828 2559
5663 6214
4944 111
5555 1985
3998 1953
2292 1798
991 2887
6934 4162
3844 4869
1483 2568
5590 1390
2558 2856
6647 6734
3741 6619
2972 1907
4023 3299
6385 5044
4981 5254
2775 4776
373 5884
2253 5603
5978 4131
6186 4834
2643 1624
566 3246
5258 809
6132 1565
1925 5545
3370 5336
1994 1178
6787 2957
1398 6028
5192 6605
4760 6948
6317 6980
4908 6846
187 217
4510 6019
6726 5687
2913 6588
5165 1749
5409 2109
6398 1842
5247 246
4844 5491
6957 3526
2912 3330
2535 3380
4627 538
3942 6851
6826 4763
3772 2498
2226 6008
3938 3699
4774 1719
5486 5897
5321 1888
2096 3683
2523 2996
4238 204
1657 603
1774 1188
1159 5988
4619 3279
1348 2477
5973 2982
5035 4685
85 2168
6186 4029
6036 298
4733 1314
2553 2057
6412 3029
6374 293
280 5238
810 2020
4064 5127
6428 529
6221 2680
4667 6329
3602 343
5560 719
699 3909
6425 6647
112 177
6769 41
1357 5572
2725 2699
6548 4768
3411 6410
3597 3382
2041 6204
5306 21
6799 5518
6264 1976
2955 4854
2394 6507
1532 850
6503 1992
2767 4803
2526 1708
2084 1363
2803 4460
4919 2766
5263 324
307 6660
5047 5395
6028 1884
3240 4434
988 2857
1306 1446
561 1292
27 604
5352 2998
4946 1556
5653 6144
6527 2736
1649 1785
95 5434
6936 689
368 6532
5251 5575
5867 3629
731 4894
1488 4311
1918 3895
3762 3203
2904 728
238 4207
2762 1776
4539 6278
6112 427
6239 2454
943 5716
6048 2886
6542 11
2837 2889
4715 1781
6829 6834
850 6656
3470 6185
3926 6990
3678 6888
1097 6533
2222 6908
4484 2033
3419 1709
5564 2665
6849 1043
5906 5812
3819 2582
4261 3681
3015 1067
90 902
1525 5
5038 6756
2361 277
2545 2084
2324 395
3881 1181
6954 1244
4634 5360
1019 7000
2912 565
3256 1129
1881 6241
5222 6284
5838 4338
2908 3829
1201 66
6519 535
2498 5651
3654 1175
4882 2429
670 3813
6148 6449
5776 6843
6519 3918
2899 2962
5646 4518
4868 1218
6987 3205
248 1087
4952 165
2037 688
3114 4055
5829 438
5418 5068
1505 827
6639 5905
3545 6493
102 4645
3519 5272
3211 955
4942 2106
5627 2963
2552 1319
4852 5596
475 3695
3630 6042
6258 3180
3230 2136
3660 966
4790 1685
3066 6643
462 5338
3258 6813
5741 217
4132 4159
3781 2424
5627 3313
3944 4108
4121 5498
3283 4399
521 5918
395 1083
923 3454
5868 2621
1289 4743
4682 4976
2944 1900
2572 6458
3040 1608
4987 1825
138 2366
3051 5180
5046 2405
6161 2092
844 6729
123 4717
1613 3527
4913 2815
6504 2431
119 811
1122 257
5659 161
775 5811
4784 4098
5570 5007
3385 4652
4880 3806
5627 5541
6772 6568
3945 3528
1209 5514
5029 896
6410 5398
3165 5817
6990 1543
1756 5683
1678 4272
2198 366
6864 3124
2289 1982
3758 669
5406 6481
4255 721
3589 4832
5612 6357
4616 2420
2040 2409
970 1741
4120 4468
3996 2712
973 2012
4428 2369
6241 866
2065 4159
1884 1115
3677 3898
695 3199
1290 1130
445 3024
6 5606
1277 5806
3028 2671
5318 6260
1128 5683
5755 2851
6596 1215
4858 2303
4734 6963
1373 3235
1738 1670
3267 6070
2952 582
3320 5704
4359 4053
2107 3230
6186 4
821 1217
4876 6265
5748 6194
10 1941
548 2748
794 2023
4875 6040
18 304
5126 3407
3875 6865
3064 1927
2904 3924
1104 4134
6367 4896
3993 2390
3146 3457
694 5956
4312 3833
5366 6250
727 1151
1312 1804
2330 3810
5571 5901
5165 5213
1959 4806
5419 6261
6844 512
6257 944
4292 5059
3915 2857
1668 1624
2638 5094
4904 3371
521 3153
3415 1753
6649 6837
4696 6805
2762 3817
5902 5856
515 2584
6400 3100
4805 6748
4631 4875
3879 3550
1138 5192
6026 6831
2998 5787
5995 5266
2124 2779
4810 676
6325 482
6053 2992
3126 2000
3628 3150
2465 6455
3378 2221
3707 999
74 5443
198 1537
1156 2738
5597 682
2840 4797
6095 4342
680 6192
4857 91
6820 811
1374 1096
433 3282
6933 2408
1554 6167
4193 3494
6127 4230
6120 3059
5846 3988
6188 1473
6644 1524
1602 5834
6769 472
3570 1236
2250 393
3398 5855
561 1373
10 3714
4581 3202
102 270
3954 71
4234 3094
4917 118
1405 2637
4543 3849
6403 1438
2053 3612
5136 4363
3021 3249
5636 2434
4075 4912
5782 2259
1828 4433
4221 4737
4935 4080
4966 3393
2230 1215
1984 4946
2979 744
1948 5666
1043 3345
3345 4285
6089 6324
3102 5281
6018 1196
3786 5159
4526 5723
2000 5075
1014 1826
3867 425
1167 2822
2875 3023
1352 1821
2064 3747
467 152
2795 61
1425 6271
535 4982
244 1800
6281 1956
3925 4163
6119 874
463 6045
4505 308
4109 308
3295 3767
2954 1222
2792 3146
4566 1715
4939 6427
6936 315
3722 47
5473 4082
2735 5995
416 3196
2480 4722
2094 4686
4494 1997
5798 2337
261 2504
920 1386
4314 6725
6725 1973
5699 1577
568 3186
716 3084
5891 1747
6202 5581
5354 3794
2685 2094
2585 4142
4851 3173
1396 6226
6910 4355
5000 263
6290 3149
5727 3975
2303 2177
5603 2219
1797 4291
1838 128
6155 2732
2851 5954
2758 2757
803 6062
4628 1788
2262 5559
5536 3626
4008 2080
980 1036
5191 6597
3479 2490
3909 1320
1318 277
2844 1750
421 2735
3786 6582
6582 4647
4381 4513
350 4023
1250 6000
1664 5051
1729 5446
3126 1813
5361 777
6639 2148
6986 5639
5176 5161
3206 3270
1179 4255
3831 5951
3041 1890
1647 2788
2767 2819
526 5538
4002 1110
5634 2979
59 410
3543 6423
1173 6288
4249 4370
2793 4390
6160 5654
6341 1528
5429 4452
4591 1101
4680 6808
2639 3923
6925 4962
502 606
6821 3858
606 929
728 6022
6146 4443
3376 1183
5014 2897
6452 1517
6020 6024
4146 3087
6642 5024
5233 726
4541 3616
1433 334
903 1300
2866 2774
1961 453
4822 3077
4975 3319
6124 2590
6070 5737
1423 3029
2853 1788
5848 440
5574 1369
5500 5392
3389 1768
4905 1799
4812 5772
2581 2763
1548 5360
4559 4545
264 3420
4896 932
6078 1841
6740 994
6590 3679
6494 3971
2069 6937
3272 2307
3459 2133
1162 2291
821 1998
6633 3002
4714 1800
2343 5227
1469 2219
5853 6045
560 2408
5319 6111
3586 1127
5411 2667
2331 4843
6911 2165
5378 275
935 5668
1303 3620
5132 219
2448 3149
2888 2667
1047 2876
519 505
5307 4946
3731 4110
5408 4998
6681 6025
2290 5192
5959 6040
3163 1559
4591 5907
2815 95
3684 507
3957 2359
4404 3048
4082 6969
1873 2810
1783 6300
5771 2956
4546 5383
4644 2508
6041 4537
3926 13
1412 880
3394 6568
6011 6580
4639 5547
1313 4284
377 6814
3424 2246
5607 5184
3422 5583
929 911
5918 3356
3984 6784
3084 2555
3705 5117
3149 2950
346 4468
2361 6132
3512 1312
3939 625
4572 538
3226 4890
2536 4443
6956 3762
5901 4126
3964 2375
1209 147
2363 6178
3626 5763
3378 1497
2918 3956
6767 4240
4900 3228
4246 4690
6142 4188
258 864
1409 208
4717 3521
5837 3552
3127 1097
3316 4002
4312 5687
1905 789
631 2543
724 3488
70 4950
5850 754
5892 4363
5037 5569
6592 4774
2027 2822
1309 6743
1082 3354
1648 6209
1056 2133
5562 6888
4628 3829
1491 1307
5636 2865
6245 4666
2072 5224
2175 1939
1774 1595
733 5829
3018 3382
4682 4065
2763 2863
6935 2080
1603 5685
1422 6805
5985 6432
1270 3001
6394 975
5936 3507
487 111
3971 1960
4186 3080
5471 1458
2720 2412
6015 2110
4968 6499
3836 5707
3502 6585
4586 3953
4806 2007
5088 5103
319 1466
1879 1015
4680 3588
475 1979
2940 3849
3267 5964
352 825
61 6311
5792 2223
4835 3876
465 3920
6227 2151
4021 1673
5485 5678
2801 4444
3176 3567
6694 4246
1739 1385
5357 6432
1522 3602
2742 831
1714 3772
1855 2499
3833 5005
3234 3922
1013 4664
617 3910
6742 3913
6690 3723
3913 6462
214 487
3634 4795
6115 1536
3842 1334
5194 5098
3437 3500
6887 4267
1439 3725
5623 4457
1258 4845
4095 2911
2720 1607
6424 5674
6228 1598
572 6769
3867 6467
699 6544
3335 6606
3617 5538
3180 3285
5239 4467
3176 5795
2775 5451
4702 98
6076 1177
6071 833
3679 3383
5699 5391
6602 6885
4516 5011
4225 4081
5608 2994
3755 5098
716 3865
6225 1650
6612 4570
4473 396
886 1832
1990 1330
6377 4673
1360 934
4933 6238
768 6657
1236 2561
5993 4683
4243 4256
377 6277
2999 2469
320 5743
5614 5818
506 2715
6691 2769
3740 3635
2587 1212
4493 2152
656 4911
4618 1100
807 2828
5 1386
2995 6110
4293 3969
4823 751
1146 5677
308 4578
2359 1735
5781 6870
1586 5949
3914 5104
6001 4924
3232 5272
3351 268
3199 2880
3230 2193
4919 4596
3663 540
3850 6782
6188 1717
6988 5742
3748 6505
706 1591
1519 4323
1675 4836
285 2500
3600 3574
6823 952
4679 598
5238 2282
1385 5262
1841 5313
4924 6818
2252 4847
4456 4498
4394 1368
1377 3866
6382 3838
4881 705
3914 916
5445 2733
3482 1259
5099 2096
159 267
742 93
5638 5757
2455 638
3539 5176
6410 2072
2164 4626
5338 5495
6809 91
6458 5526
869 5503
6067 5116
3629 905
143 2393
4821 250
3627 4242
4530 6490
2300 700
5719 2154
4279 2707
739 3178
6553 5763
1513 320
2383 5838
3374 3015
4117 844
6768 6102
4368 4627
3836 5520
1511 2876
3056 1393
2212 6895
1563 6449
5890 3325
5329 814
5570 3909
1433 6376
4430 5855
6223 2222
6412 5127
4098 2672
3700 1845
1205 1264
1953 5853
3254 1758
5590 1528
4074 1497
3578 4299
522 453
6026 4310
1325 2497
5652 5789
4105 29
4134 4931
2914 1286
2594 6034
2064 2836
3127 2333
1783 3348
4281 1194
4002 6697
224 237
4551 2775
6982 6569
4210 2482
6638 343
2477 4668
3783 917
2969 4376
4956 3992
1666 5392
3557 5300
4770 5522
2807 4048
5422 3233
6754 1457
2779 2000
260 3277
1093 5530
2684 5146
3366 1568
2395 5043
4387 5003
2814 4438
3363 5434
5918 404
4077 4023
849 6301
4584 5517
3206 1286
3297 650
3701 5429
3396 4793
1374 1958
646 5191
1577 2317
4331 5044
5873 4044
2418 2933
3235 3155
207 1357
4422 4408
1332 1732
5248 3992
4375 3838
2262 5803
2976 4392
178 6254
6150 6015
4126 6517
1442 3031
5187 2935
173 2877
4937 6170
5620 6200
6150 2982
4958 631
6582 4891
3973 6652
3397 3109
1418 1856
5299 6559
5090 6385
2714 3052
2903 5957
374 5792
6392 5898
2242 3996
5568 2253
2899 6215
2591 1898
1748 6871
5788 307
5724 2766
89 6562
3213 898
3737 6533
5320 1370
1464 4079
6323 816
2295 4007
3260 6379
2270 5640
1611 6758
6494 1637
5506 1725
5499 6970
6810 3563
5442 20
1739 2971
4939 5061
2480 6389
5928 6329
6210 5261
5711 1376
2259 4700
5065 6863
1569 3499
6643 2110
4401 1221
2278 2498
5304 2715
1352 5716
6706 5842
15 732
6458 6494
6764 3568
5611 1145
2092 2493
5485 2726
4272 2504
2439 6738
3335 4809
2368 1610
5138 1864
3398 2879
163 3986
4050 590
321 4572
4449 4271
317 1420
5291 2079
6318 5329
893 6491
4289 6241
1610 3099
1054 5096
2518 4937
6463 5683
5030 991
3190 4054
6829 6972
5316 6458
4587 421
2945 1217
5622 2034
1673 3798
1596 1888
6926 3872
491 2889
4770 2757
5967 4698
2913 2433
1726 1180
604 322
3618 3188
2229 5184
6138 5519
1785 1760
6291 99
6074 1562
3364 5523
3985 1669
5791 5411
4208 4158
101 3084
3931 5570
1687 3854
2996 4538
2676 5122
3727 852
5848 2912
4948 935
273 6759
741 2663
4099 6093
2579 2156
5383 4246
462 215
1821 2514
4405 6550
2077 4389
2254 5779
5471 3312
361 2792
10 1811
3714 5878
2695 6653
5460 2399
1886 4040
2975 2506
4085 1849
4874 2275
5891 4837
6132 1516
1931 6442
3056 6817
1165 1247
599 2556
783 5117
1681 6267
3157 1207
4234 4574
5535 479
5395 4606
3607 1443
6160 6166
1495 6262
4893 6839
4580 2178
2713 412
2794 2094
6715 3944
5470 1932
2426 6771
5093 6146
1084 2197
177 3213
5507 5197
5242 3236
3155 6
5840 4848
5644 772
6798 6049
549 2038
5156 1183
1572 2136
4309 2250
4622 495
2409 5262
3739 6823
2593 1407
6486 1209
6239 4715
1530 5293
4673 6849
3430 5664
364 1884
2929 1706
1580 1623
117 472
526 212
1185 4477
2642 895
6912 3653
4476 269
5816 1764
5728 6081
2483 6500
988 930
4472 2779
308 1171
924 3389
4072 5289
5831 2826
4781 4288
4657 5942
2317 4518
4817 3945
5835 3699
1537 1145
6826 876
2934 3928
1198 1679
4775 3719
4709 5351
2627 2465
3877 5952
1917 3995
725 2398
950 4960
1597 2327
2288 6382
2940 4093
5736 6322
2305 3353
187 4974
4920 2538
4276 2436
2218 4108
4429 3432
1055 997
375 1238
3678 4961
1372 115
6220 2355
6158 1477
2825 6213
6371 2524
2355 3066
4698 4007
677 4959
324 899
4160 4331
545 5971
3527 254
4693 630
3628 1060
383 1479
1143 1167
663 3748
5675 727
6184 3048
4969 6163
2975 3124
1313 4796
1067 1357
200 1772
4313 4546
1944 2384
2348 6409
1202 993
3427 23
455 12
2845 799
5990 3182
5670 3766
2779 2431
2717 1553
5301 5589
263 3225
1254 4566
5206 2319
1470 5884
463 2532
2030 4006
189 1963
4413 3622
1281 6362
5006 4890
1432 6531
5164 5476
6910 1997
5783 1549
3109 5167
2863 1728
2758 3432
237 3882
519 6978
2296 5064
4851 4198
2540 5424
5840 5466
3474 2821
6860 1129
1318 952
208 2363
2725 4423
3589 6743
1324 4904
3936 4572
3535 3474
3349 840
5618 3552
326 3523
3407 1195
6614 4456
107 1907
2803 6184
3240 2775
3804 4803
4611 173
4605 6020
4292 1359
1365 367
186 3139
6684 2192
1651 4336
4785 1642
4723 764
3314 630
6404 3306
4067 5563
2484 4310
2257 5085
5557 4373
3162 990
6398 4989
4098 4876
985 1250
4694 5661
3032 917
1067 2780
3226 1914
4831 1236
1534 5629
6489 2074
4097 4624
6836 5565
2313 5367
4623 3916
3059 6123
2309 1461
5557 4723
2069 5384
2799 5260
2145 306
2427 3402
2210 4865
4517 6149
5642 6524
3027 923
5050 6612
2089 374
4606 5440
5256 6488
4146 729
4612 6386
5358 3732
6626 3661
2519 2587
4976 1186
4379 3182
1588 5461
1424 6558
806 1261
3390 5297
866 6230
616 5301
4501 1078
6027 6715
3372 3967
207 3561
983 3782
1162 5999
1858 3228
1572 1144
2310 127
1718 215
6614 5879
1533 435
2310 3510
5799 3451
4398 3932
4233 5585
3514 236
2650 4332
5100 5170
6003 248
3890 2213
1684 1735
5295 5611
6129 2804
1588 4656
2761 4321
4158 6350
3129 6437
6186 6721
5219 2768
2695 3701
1979 3531
1984 4629
3849 2562
6273 4431
4284 2490
6057 834
5610 145
262 3217
3841 1920
1946 5276
726 877
4743 3189
5020 1777
3344 4497
6042 5437
412 3161
6697 6829
4806 1259
575 4845
71 2868
2614 487
3302 4271
6392 531
3183 607
158 5496
4821 1567
5199 961
3172 1946
4388 2439
351 2104
6036 1835
277 3875
5965 3123
1219 5297
3289 6668
3012 1664
6067 6783
3476 6494
2791 5637
1495 3660
6965 2271
2264 2710
2763 4343
5252 4355
6738 6429
6686 6239
6707 700
6495 6671
1168 4204
1477 5713
2404 5349
1292 2927
6180 4566
4895 6942
3692 992
6450 6147
5082 2604
665 550
1993 6946
1308 6843
6072 310
6574 5624
4700 2687
3019 899
3208 798
4362 6829
4696 5951
871 3809
4785 4488
5346 583
6999 3329
3862 5725
1952 879
2327 2
3626 2250
90 211
3564 1372
5444 6753
4157 1886
2978 6910
5683 2605
2606 5052
4915 747
4812 4032
4189 643
581 2700
3034 1557
3880 2517
1299 2162
2349 1454
5310 1276
1946 283
5315 1620
2782 4719
6830 2180
6386 4418
327 6166
12 678
5260 408
1686 2049
1128 3219
3993 1081
3991 254
823 2583
443 3116
696 1310
842 381
1344 1531
845 4816
941 4524
3737 2589
5602 6938
2739 3487
5829 6163
2307 1578
5256 6301
6064 4525
5107 6178
1396 5104
773 1715
439 2593
2203 474
3918 1846
3274 3996
924 6048
215 1387
151 3846
6811 3227
801 730
1549 5319
1144 1069
3472 978
3463 3144
5591 2211
4779 835
3975 4982
6243 676
4164 1471
1082 3574
6206 794
6328 6641
44 5827
5830 1446
262 802
4171 1137
1872 3878
6015 5363
6595 754
605 6803
5581 1873
531 4410
1811 6608
5569 358
6169 2797
6172 2314
1812 3046
6905 5117
783 3133
726 1845
4427 2231
6354 1796
1151 1085
6543 3947
655 3133
4979 492
6775 2792
3695 1558
4440 214
2772 2041
6060 6984
4981 538
3415 2672
1176 5464
6893 3952
2173 4341
4468 4110
6746 4656
3162 5609
5374 3623
4374 2196
4711 835
3183 3453
4495 3654
5765 246
4030 851
1934 6203
5143 3875
2834 1764
2624 5152
2894 2569
6142 5831
6946 1684
5010 4285
4019 692
2155 5613
3117 2052
5472 6036
2607 260
2641 5506
3606 1462
3800 4711
5106 1714
2456 5726
2611 379
4142 2196
4132 1508
6219 4738
6315 4446
6912 4702
2072 6517
4262 46
1151 3663
1428 2251
82 6603
2909 3227
3351 4326
1135 4658
2224 3124
6517 416
5682 3752
1511 973
6203 2700
17 4673
397 4894
581 6701
2465 3186
5828 544
3250 3870
2028 5814
3406 4383
3645 235
720 70
1802 3781
4670 1160
1996 614
4482 1109
2907 6133
2088 3586
4827 4527
6496 5554
708 1938
1960 1334
2700 1898
1961 4942
5034 5005
3673 2633
3007 2580
1238 2103
3442 5918
1611 6815
1143 5249
2449 1498
4380 3434
3480 5621
894 758
5305 745
3842 6010
3353 3567
767 2868
5547 6694
2554 918
4579 3270
320 4808
5573 4882
1536 4547
6226 6201
5075 4605
5978 6099
4983 5016
1994 3146
4731 3260
4509 5133
1682 1339
2735 6564
4037 5323
6356 1706
3883 4856
330 958
6720 670
4101 6247
2790 3238
4531 5831
2426 5405
1244 4496
5900 6566
1232 2981
4871 6653
5559 4021
6672 2881
1761 5954
1319 5609
4409 1115
4399 427
4457 4569
1636 4727
6235 5509
5516 6576
4340 6613
5954 3769
4987 3980
2119 939
3218 93
2115 3449
4217 1295
1779 3500
1772 77
4743 587
2248 6
6131 1372
6625 2661
2810 1207
3643 1962
1748 5318
5638 1439
2670 4610
4984 649
5748 5771
4447 2696
3105 4538
5259 2574
4853 4138
4975 2815
958 503
1929 411
2540 2285
1213 5159
1053 3746
96 4645
712 1201
3697 5581
1362 4501
1178 1940
4879 74
2642 5945
6876 6794
983 5636
4410 6951
6518 4642
5934 4591
4771 1480
1099 6750
2539 2033
6240 6583
1412 831
116 3018
2222 6298
2129 3855
4966 6085
4400 3230
4467 4452
3715 2373
5060 4966
3059 756
2501 2680
6235 1671
595 5123
5049 4026
1209 98
1713 2075
1333 2608
6382 2098
3421 2276
676 3018
4660 2938
4782 4621
5062 6890
616 6350
4312 5638
5683 3036
917 3080
385 3973
5783 4371
4897 5510
5644 829
1053 6324
6772 4885
2042 422
5058 4115
6178 4146
2995 5443
1376 4533
2255 1469
3313 4786
6711 445
5147 3406
2096 658
6022 2852
6541 5891
402 1294
3280 5777
4732 4103
2645 5037
5472 1661
535 6519
6452 5819
1211 2372
4980 5336
6287 4439
2992 5495
6867 584
3771 5233
865 5118
3358 3374
4593 911
949 1813
3292 2754
2667 2702
76 1659
3823 2390
6025 6132
6149 1472
5089 2246
1381 689
44 2875
107 191
4298 4376
1531 633
5982 6435
4779 4649
5328 727
4736 3821
6644 4834
5696 2816
1587 915
2244 3134
1810 6814
6031 2540
5628 1369
1335 4077
6880 1519
6498 471
4419 6184
2516 4761
1580 875
5822 1585
304 5966
4910 2257
6801 1411
1450 4966
2601 146
6625 3629
2167 3826
1983 1265
5711 3474
4532 6246
3847 6143
3188 845
6964 6478
703 952
2599 450
849 6439
357 315
5687 2299
2248 5885
3032 5967
1134 3390
5060 5584
1127 2219
5772 1848
2494 6291
6334 3049
3034 3761
1038 6311
260 3765
2722 1954
6161 4060
445 2764
3805 2103
1623 6183
3046 3771
3049 3288
3553 5265
2576 1378
628 5100
3609 6328
5839 4948
997 244
2573 326
5378 3772
4781 5768
6708 4579
5531 4014
151 2667
302 2082
3604 5203
4066 6954
5153 4593
230 6151
2623 39
6859 1715
138 146
5119 1976
255 1485
3684 621
1824 3032
5270 2145
4838 6652
1321 2411
3114 1030
3026 5347
2007 5368
5825 6339
686 1671
2597 2201
2241 876
5329 2725
3082 1492
3147 6805
3605 1267
6323 4337
6483 5750
4258 2586
402 5295
1964 5671
6781 2182
2586 5425
4045 4922
2949 3033
2763 6815
768 5803
4837 1889
3914 2372
4748 2571
1606 3869
6363 5991
3849 1196
1011 5911
2028 2057
4094 4410
2850 2623
6052 5540
6768 792
2623 5650
919 6322
2939 1914
6705 6859
4525 6848
2720 6714
5394 3096
1844 2879
2871 6883
5760 5139
5882 6068
151 3740
5419 4846
474 2673
1276 4115
4449 1376
2284 3151
164 1693
3018 3146
1831 1893
1648 2940
629 3715
4977 714
3798 3486
1406 6790
3815 1211
81 4849
3890 42
4382 6920
5446 2855
757 4839
4258 2131
832 3670
3688 1786
1858 3285
6767 3549
6667 6351
160 3802
6928 4406
908 1221
4705 1315
5827 5556
3246 5201
4674 3133
744 3449
5534 1547
814 4942
2803 4631
6285 6407
153 2981
342 5132
3365 170
6350 4550
4726 2542
2265 791
6057 541
1301 1273
3040 3039
684 6000
3299 5185
147 5795
582 5723
1358 5190
6430 2974
888 2797
4043 5868
5934 5022
2288 5097
4442 3133
5619 3698
478 4619
1200 1571
2406 2874
4362 925
6682 6578
6326 5253
5175 3657
3093 771
296 5487
384 1170
6320 4684
4916 5648
905 6534
5048 849
215 6087
586 1304
2771 1659
2363 144
3768 6952
5757 3231
5266 5623
1899 5113
6785 3673
4440 6069
747 5544
6998 4720
952 2566
3921 6413
1201 3270
2300 2424
6498 2862
4096 4724
6749 229
1332 5416
551 5605
3722 6203
2576 1541
1671 4882
5936 5044
3624 5668
2850 3241
768 355
3870 6074
1155 3275
604 5616
5122 5470
3768 5797
5480 3488
5865 3299
1407 3496
751 1879
2055 4471
6547 3104
6048 5635
6700 4100
1893 3389
535 534
4358 6013
280 5677
1899 925
6663 4218
3392 3416
1771 1679
6623 655
4797 6060
2304 2142
2431 3415
1337 2353
3453 659
4511 3976
3205 557
2823 263
3612 4853
3013 3770
3947 6829
3252 6038
332 6217
4470 6604
2913 156
3699 1065
392 6268
82 6042
4815 3606
3659 1666
5871 6096
6554 3120
5988 265
4472 234
1134 4626
3741 2415
853 5515
4575 362
6486 892
3551 39
2744 505
1498 2055
2962 6814
3394 2307
1933 1983
3609 4181
2771 3082
4452 1460
6907 2642
89 2675
2177 2343
3801 4351
3295 1547
6626 148
3986 3350
3105 5587
1238 4575
5663 4238
1150 1722
3664 855
6531 6677
2522 2728
4038 2759
836 4006
1761 2815
5037 2463
4777 3098
3846 5972
6843 5451
1234 4052
3259 6404
14 6823
2517 5767
5676 4850
6149 1098
5283 4367
4774 6964
230 971
6988 5051
5066 168
3313 224
3963 3524
1048 4047
102 5889
3531 1615
3185 978
5583 1626
5698 6302
3834 4807
4457 1780
5702 6421
6442 6985
4924 6127
5891 2910
6476 5815
2801 988
311 6413
6450 4594
288 5463
2272 644
909 1609
5356 2751
2266 829
3885 1739
2479 1876
2422 1342
4724 5692
3669 6810
467 3893
4049 6277
408 6696
2237 4972
4350 3761
766 3960
6528 6355
88 864
3109 5655
5325 405
2913 1579
5807 179
5846 5769
4540 3104
2391 2406
4499 97
1448 3765
1259 1614
3975 851
2473 4690
766 927
456 6363
5907 760
2784 2108
5807 3562
6120 1807
1703 2005
2107 6784
6618 5467
4963 1894
231 768
6635 2438
5091 6775
3304 1585
2351 6363
4271 4003
720 932
5322 6149
6879 6181
2708 3402
1746 547
4103 5358
6607 740
4606 3700
4769 4630
1237 5773
994 2605
1364 1384
6345 3214
249 1697
2632 1313
2709 3977
4598 2304
866 1107
1208 4254
6276 4548
1988 6846
1321 1687
1546 4249
2327 4060
5188 6684
269 6486
6299 2465
6388 1756
5732 6555
167 4674
1254 61
4449 1807
6888 3210
4455 5759
1633 2309
1960 4424
475 296
602 1569
4709 6807
6070 3517
5349 3003
901 1636
6656 2860
5324 5390
5045 5975
4016 6062
1086 635
4268 6283
1682 5584
2195 507
6781 5191
3839 3167
4260 5641
1940 2617
1270 3546
16 1071
5738 6319
1321 4265
1697 6242
782 3233
4266 5082
4553 2106
2464 4465
403 204
4088 57
1840 5769
3896 3270
4796 5247
6816 839
1222 472
6444 1233
1029 77
4883 1459
6562 2420
2773 2941
1269 5953
4693 581
6971 1127
59 2996
2043 3095
1557 5831
6127 6629
5217 3964
6029 5340
4594 575
2259 3659
6443 4391
1775 806
6935 4853
5629 2188
2728 6581
5653 330
5245 4477
3409 2778
6337 6624
2603 4600
46 4639
4435 2393
1324 6010
2542 6576
1850 5302
697 2879
1354 5852
1507 1930
6082 3072
5927 5413
2847 4179
4332 2645
4989 700
4679 6136
1043 6899
3345 1423
2309 6755
6194 6696
478 5400
1247 3696
2579 1920
4084 1762
4454 6957
4299 3636
5830 4699
6138 2600
5634 1377
2327 4328
4947 4611
2276 1330
1966 6766
5669 809
953 216
6971 6738
4545 4042
4011 3354
1480 3116
298 2207
4692 305
5960 234
2360 2906
5469 3380
5025 6372
4808 1419
4343 5786
1012 4179
4250 2589
5241 6936
4181 4704
4936 6300
2907 6458
1857 5668
102 4897
4403 6968
3242 520
2598 2670
3436 3769
1781 196
950 268
3465 2255
36 113
2340 1880
3952 2373
4084 3990
4044 4591
4708 4571
382 4133
1991 945
4730 1886
6815 4289
6311 60
6947 4408
6190 1985
2179 3625
4667 783
1434 2717
5035 5905
1924 2352
6998 963
2121 2866
4700 142
5063 4920
4378 4063
6835 2662
2979 5371
6812 5122
921 627
5654 4607
6187 5070
1139 2018
3346 3852
2785 1341
5092 6789
3910 5880
1047 2429
3070 3954
2826 1342
4811 6547
6117 3550
2662 6603
5870 6302
2852 5946
4215 3483
4096 1317
6790 5521
2786 1162
4584 4289
2304 1418
2911 110
5664 4921
1994 438
6758 3731
2618 2517
4206 2616
5575 5603
4417 2836
6761 6631
2016 1136
1188 5643
4015 2267
6558 6302
6434 3792
4944 4982
5911 2519
721 6177
551 4076
828 6828
3323 993
5979 179
4107 5239
3254 3108
4451 5049
4411 5650
366 1290
3103 2158
6332 6898
1294 4534
5253 3458
2326 2466
1825 4170
6951 2971
920 6013
5440 3284
3103 5541
2969 2343
1569 43
5869 2643
1419 449
909 5073
7 17
6512 5903
846 3970
228 5089
2052 3021
6382 3578
3894 4
5043 4937
3670 296
1552 1917
4733 3957
1982 1501
3384 4628
1680 4546
5656 441
6319 2448
4910 2314
6718 6129
1195 3750
6090 144
3975 1282
267 479
5592 2119
6177 5024
4535 6574
2221 4119
5001 5061
2071 388
5206 2083
6667 2407
3719 538
3903 3099
1102 526
2277 4428
1327 3088
5240 913
5365 6277
2132 1795
4372 1857
2407 3720
3933 4439
4057 533
2503 4182
3184 6795
6761 4671
5357 5635
1255 4905
200 5269
6441 3003
3363 2596
3650 1872
3775 820
186 675
2835 5860
2303 5999
720 4746
2616 4244
4605 523
1893 1405
5033 3444
4035 5096
3771 297
2026 6630
4915 4886
1553 4720
3227 5337
2148 6061
240 4294
6150 3177
2450 5645
6937 6940
6438 3055
4566 1699
4848 631
4371 6893
3951 2335
888 2236
5272 6062
5676 3671
3440 6734
6730 5334
3650 4100
3060 851
1530 2642
6552 309
6511 308
6987 237
2441 2499
6885 6376
629 1194
2437 5009
40 799
3493 1083
5728 47
5136 2387
3121 5641
3701 1786
5478 6288
1237 2016
631 486
1462 6830
218 2791
4705 3332
6291 2604
5016 1504
4484 1643
3200 6873
5717 5523
6185 673
4256 5199
3485 3070
744 5466
527 6929
3535 2433
6936 2527
4878 4199
5184 6191
323 2211
6527 1541
331 6990
603 5234
5054 3866
2657 6072
764 6091
4716 838
13 6866
4342 4569
980 4403
6608 3600
4777 4497
4995 5888
826 3936
5327 1931
3990 4117
4112 5046
569 6000
6567 6982
3750 3876
1283 5343
2269 2176
3456 3429
4796 5678
3151 2793
6374 171
6881 1665
1282 954
3801 4595
3954 673
5767 5586
4389 601
2959 6006
650 3895
987 1036
768 1672
3724 1150
3321 4143
6569 3241
4035 3486
951 4008
5158 6417
6553 6121
2969 2156
2749 4856
641 749
3096 1931
73 1231
164 595
6237 6824
1380 1088
2216 1360
5213 839
600 3377
6331 6459
6510 2260
5233 3743
1009 2084
1093 6693
1401 4594
2877 288
6048 886
3890 5360
1006 1786
3585 5478
5445 5319
2019 6858
3824 576
6074 5490
105 6000
6067 4319
4613 5920
5845 6192
2839 935
4386 279
1526 6925
619 1525
3454 5180
1678 3532
871 2500
3844 5365
5186 4277
208 6128
588 5595
306 6663
459 3495
2735 3214
2296 5796
3416 5827
245 2223
6408 4962
3111 5191
6306 6937
368 344
196 1580
3931 4960
1627 3193
419 1063
5859 3215
5031 6968
2027 4066
6385 2507
1187 6304
4364 6690
665 1469
3407 1927
6256 3036
6569 1281
996 5955
4853 438
6347 6537
5137 3580
1266 4503
3908 2101
4809 6932
5406 4936
5246 1271
6715 1456
27 6443
2384 674
4404 2682
6955 4326
1733 155
4966 2385
3290 187
3880 3436
1848 4077
2360 5915
1223 4025
6959 5199
476 3044
1474 1392
2685 1541
6611 3735
3208 562
4489 1450
1373 4723
6051 2580
6538 1944
4461 3566
4526 4715
4793 2615
1935 3672
5672 3715
606 5719
6004 2010
3982 3339
444 4637
3739 4335
4888 2852
2623 6675
4882 4535
2669 2886
6072 3807
5354 6974
1237 5212
3580 6153
1981 5895
6122 6553
303 1372
4726 4372
1980 2260
5216 4007
4089 6969
5620 2370
4811 6173
3837 5967
5492 3124
6294 1560
4714 6240
5452 3725
6326 317
6427 6785
1257 2804
570 6038
916 259
659 4575
5588 6215
4107 4515
884 721
4461 2761
3986 6440
445 4057
615 2024
342 5807
3236 4407
187 2486
531 2296
1214 74
5847 6856
369 1968
305 6679
2361 1928
4565 1579
1824 3975
5339 5137
2734 224
1920 4437
6813 3414
4005 424
2236 6363
703 4473
2981 855
6116 1796
2974 3848
4789 4670
670 2081
6838 5164
3951 3571
1177 3575
6093 92
6404 2428
6369 5625
4535 589
4215 5337
4743 538
5956 1514
758 1147
4469 2221
5374 4542
5470 4250
5921 4711
4149 553
1607 5788
1884 4376
3154 5886
5981 2510
2999 4063
1569 3052
3403 2426
4425 5332
161 6526
2783 466
4672 5209
5231 1231
1585 552
5299 5307
3119 6050
5480 1935
3577 512
4977 2812
4638 3346
3617 3294
4548 420
1812 3160
2521 1405
3605 5943
2894 6871
2019 255
6662 6227
881 6034
5438 5092
1578 6147
2894 3838
5592 4778
6927 267
490 2621
4344 3249
2286 4921
2289 4438
6864 5580
6618 2141
1355 1379
2101 5141
4742 3295
6839 797
3255 1750
5094 1468
1534 6979
97 4797
3397 4085
3187 1057
3961 6113
819 4001
5831 5144
2247 1933
2190 5563
1285 2488
4678 2721
3838 795
3210 1226
4030 965
4765 1185
3803 2494
5365 2870
2655 6831
5197 842
1521 2206
1023 4181
3803 5877
5011 1591
4846 3244
3918 3383
3393 529
3727 405
3766 5995
4472 559
1526 5933
2238 4449
4294 6114
311 2632
6064 3029
3793 1402
1962 2299
5632 1120
6587 2804
6251 2855
869 681
208 5136
2037 3412
6992 4021
4526 4178
3908 5297
3474 2561
179 3617
1416 4233
4253 6463
6768 1280
1904 789
3182 1406
5274 5734
6852 227
6358 3102
3204 3639
5198 262
3833 6062
4337 1623
283 5845
3488 6781
5728 6089
6781 4898
4009 1565
6126 6135
2945 1843
2800 5626
591 713
5009 4123
6086 320
5137 2588
51 6626
5839 3826
1551 6878
1262 6775
1231 1046
4658 6525
6614 6074
699 1185
2013 4465
1385 4896
2109 4173
3353 6714
3070 3393
3720 5195
4085 3630
3658 3563
5055 6346
3625 1171
4743 4539
2348 1156
2843 1135
6575 834
3612 185
6982 5130
6728 1049
744 3937
1652 5775
497 3279
2302 1161
4886 1033
3365 658
3454 5611
2739 6797
6777 3570
63 3926
5754 6855
6021 4755
1766 3783
6618 2759
1917 3198
3875 4328
3758 3743
4346 3913
2109 3368
4936 746
5087 915
233 4522
6869 3509
5934 2477
2896 745
667 4979
2931 2429
5892 3005
5949 3539
5785 1630
6725 6389
5297 2041
1894 1874
6837 968
5916 4530
2764 976
6470 5870
119 3080
3706 6562
2954 4483
3394 4755
1088 6325
4409 74
56 2731
264 2680
4720 2410
5320 6347
2605 3548
6337 2493
6185 5105
1207 1294
2017 6761
5868 702
1191 6453
573 1156
4647 6254
3184 2851
3311 4878
2900 3092
4211 439
1219 1304
6048 2740
1915 2697
1972 3985
5138 75
6478 2324
2629 2040
5616 3083
944 2762
5543 1292
911 370
4899 3442
6470 1682
1619 5560
1743 900
4759 429
867 3481
3303 449
686 5355
5290 6481
428 6817
2960 4247
1088 2137
3540 392
3488 4366
6941 6148
2829 4730
1712 4970
6501 214
5601 2401
143 417
707 2445
1457 3697
5003 8
6534 5989
2573 6238
3036 1798
3044 5823
6492 5763
432 3903
4853 6830
2231 4222
5149 3216
5772 189
3196 178
3996 793
730 6751
670 284
4718 4161
3247 3149
3399 6172
510 1500
4483 4294
6647 3018
2616 2528
720 3030
6945 2483
2371 2697
788 1444
137 6587
1591 5740
3277 2210
1250 3195
785 6808
1038 5002
6723 569
2309 5202
556 1094
6631 1734
6075 3731
2391 6732
1622 2020
4672 6795
6938 5826
3414 6830
6972 5410
2139 3478
831 6402
2292 310
1017 2620
4263 5809
1333 5300
4874 3519
6646 5425
4975 1319
1606 6398
1148 5520
6745 3152
6996 6935
5580 5630
2386 6738
1199 1321
4277 230
787 6480
6262 5435
3872 2396
6618 344
6148 2115
3180 1122
5153 3284
1404 5890
3093 1877
2225 2067
6475 3449
4859 5466
4580 389
2876 6723
6351 4322
5105 5872
4050 574
5344 1724
2587 3587
2704 4926
1962 3535
1824 3601
4635 6862
1428 3601
2072 1451
5970 2351
1854 5695
4443 3659
5315 3588
6841 4307
1765 3371
4993 1093
5182 3998
855 706
5743 6509
2594 220
2929 2950
5329 261
6392 3922
5707 3065
411 6327
6600 4625
4593 6986
288 1763
2156 3377
2706 3063
1966 3253
4074 944
6097 2469
4232 2284
216 2826
711 6969
2835 2884
5975 4923
6935 6951
6961 1756
1336 6240
2705 6975
3663 1760
2357 3259
2233 1503
5430 4076
6651 4159
4748 3490
111 5634
3946 2048
3471 2721
4818 1977
5334 6997
6798 6838
4155 5605
4649 478
4683 5724
1631 122
359 2703
3874 3865
507 2601
3776 324
6836 6541
2070 6585
2934 2489
604 5917
537 4695
2435 856
3064 1781
4246 2690
6641 3821
5791 1207
5078 5472
5546 622
1059 81
4261 2998
5981 4714
6815 4159
1860 1298
870 559
6190 1855
5534 6654
3452 3768
6716 1147
6315 803
4916 2111
3362 842
3608 4281
3446 3953
6845 3220
5991 864
6767 1085
227 2560
2909 2967
2138 3844
791 4588
455 4639
6795 2352
117 1611
3849 1310
4649 6089
2562 2859
3866 4697
2011 5200
1629 4906
6362 6634
3404 6329
6725 4242
5701 4673
2471 6124
477 3085
811 2207
1432 1359
2125 5487
5957 2384
1626 1602
5885 818
2004 996
4010 4826
3743 510
2928 6750
3706 1382
1720 4620
4136 6628
4876 776
4697 4975
3852 6869
4447 4046
6500 2030
1618 4343
5164 654
6062 1804
5633 5828
4632 1547
3921 1721
996 1556
6314 2779
1615 4045
5156 12
1639 2187
6553 2795
106 297
3600 2834
894 6914
5557 3739
6930 1964
3126 699
1634 5226
3129 4380
3222 6823
1071 6052
4407 5751
5331 1706
5055 5972
4050 6453
5244 2461
939 2900
6613 3196
2339 5200
5357 6310
3206 5539
6418 2728
5891 3211
1376 622
6570 3499
4832 423
4517 5515
4512 5171
897 395
587 5831
3610 6531
2182 2183
926 5297
218 1238
6477 6691
340 2921
1400 2147
3076 181
1341 786
4357 4479
2974 6320
394 2403
1822 6751
4411 4715
4075 4766
1301 4770
6831 3432
852 3254
3407 1634
6521 2452
5153 5325
6643 4135
855 519
908 3563
2444 3472
1200 1685
1630 515
3565 6357
3025 2471
4981 2774
5144 4458
3673 3446
2711 4755
4767 2256
5476 501
3452 1003
3108 1193
5604 5382
5009 1789
1313 1747
6101 6188
972 1454
1220 1556
2811 1172
5636 1133
1935 1501
2251 5679
3089 6778
6291 3279
584 1345
5850 5788
6230 5255
1576 5540
6775 2345
703 6140
6155 3391
6802 758
1609 4899
520 771
2039 4483
1639 6993
2950 3586
2329 1024
584 1695
451 1351
477 320
222 6217
2097 674
3119 4334
2281 983
6962 4773
3970 3386
6365 4517
4741 3263
3285 3283
1478 2322
2777 3816
5883 609
4000 5480
5693 4649
1683 2727
2108 4596
4073 481
3166 3749
313 5150
1707 4252
4953 6687
770 6557
765 6213
2666 6809
512 1603
1575 1100
5002 6579
2194 6999
4322 6820
4186 6959
6859 3870
200 3179
3319 4341
1659 424
6325 3182
544 1491
783 3759
6767 4281
5743 4712
287 5807
6677 1355
4435 466
1560 6834
3031 1430
2654 4890
720 2656
2344 4664
1881 2688
4864 579
4614 6066
5548 6873
505 4165
2642 6758
6842 2361
5854 4701
121 792
2922 3365
2454 1045
2141 2800
2796 4192
55 6588
4260 4787
834 6326
953 1322
5008 6370
2349 470
6471 324
3565 209
1729 762
672 5217
3538 5933
3564 738
5783 6339
1387 998
4475 6257
3754 6497
6486 6267
4058 6908
4650 4568
4591 955
3584 4773
3377 1262
3864 626
4185 5902
4775 6899
1031 5685
3371 693
1838 1055
2739 5886
5201 2577
1526 6795
5218 2931
641 5880
6556 4353
1953 6081
6805 5057
420 3437
1736 1128
5246 1946
2608 1057
1784 3828
4308 3649
1606 5219
5503 2511
3658 5230
2548 6641
3599 1617
3306 4778
3158 1874
5321 26
2531 1749
6698 622
2035 1545
2062 6374
5861 125
1098 6856
1489 96
1179 5532
5888 4954
4114 6385
3742 4527
6235 2029
1146 3140
4117 3650
6572 5586
5257 4333
6377 4364
5749 4795
1836 554
3329 3045
2451 5553
5880 1279
1888 6379
3137 6258
6520 1639
145 707
2139 1494
1330 5297
2204 1889
241 1169
2261 3177
5831 4046
2948 3326
6396 2512
3342 6663
847 1918
1729 2535
1887 3875
4265 3147
1718 1622
6637 2574
5305 5104
3440 1
4861 3178
4868 4349
325 6128
3765 2043
2966 4282
533 415
5818 2656
5508 3928
5040 2362
3326 1592
4569 6160
548 4106
2547 1073
1858 3480
2068 5010
5810 5397
557 5323
5687 6495
300 3977
2860 2701
2638 4574
1580 5421
3314 6843
1736 5934
4028 6186
3715 771
2386 6982
1109 2803
5982 3410
1231 4486
5173 797
4491 4375
6681 5074
2507 2024
5079 4545
5519 4817
5930 6603
3463 900
2777 2824
2932 483
535 2689
6132 6737
2374 5817
4291 6946
5390 6100
2465 5935
5791 28
1159 2516
4227 2989
5698 4001
3418 376
3856 3985
2087 5760
1208 2408
3259 5981
2651 1372
2326 1612
4849 1208
1733 4481
6492 1014
6213 1599
2264 4117
768 4738
4684 6998
5162 2836
1483 519
6987 4376
3786 2061
6883 1020
1292 4334
1386 3969
6916 2631
6298 3750
6324 2719
1778 817
3237 314
5854 326
1349 4841
2155 6402
2484 5180
5703 3540
2290 5314
829 4990
4065 321
116 2839
2640 6824
5136 3843
3109 5582
4716 4977
5435 4664
273 3954
5113 2169
3776 3601
5780 912
5379 568
391 1731
3712 5279
1781 6726
5549 1918
6796 970
3181 2610
6040 2155
1031 4693
1874 6136
4582 5512
196 1613
3792 3703
3021 1574
4397 5732
5538 224
6756 790
4832 5660
991 2261
5344 358
273 6182
6878 5856
4631 4623
5352 5137
5089 6255
5438 4157
1572 2014
4259 2765
3719 5295
770 572
4935 5788
2698 5243
2098 1306
5957 2278
1041 5007
3658 855
264 5315
701 1906
2186 372
2220 5618
1876 5808
1449 6495
4644 1825
325 2558
3243 5716
2317 2518
1873 5510
1713 1091
2960 3149
6358 2972
6480 4655
4479 445
3520 1271
2523 3525
6511 3187
5076 1832
3302 3263
2739 4089
1061 5982
6660 277
3477 1574
6467 6298
6713 3321
5099 2755
2332 3930
4474 6867
5781 6724
4594 1307
5533 2458
5127 1770
2262 1656
3783 2031
4409 4937
6333 821
4381 3643
3075 4388
3166 6758
833 4253
1327 624
5800 3741
6715 334
3594 2509
3170 6877
4862 3192
5803 1006
3478 4778
941 3971
6923 4420
259 3385
4023 5251
5520 1822
2502 712
6760 6119
1397 1743
5452 6791
4359 4419
6857 3019
3576 1529
2206 6985
2211 913
1609 2565
2176 4864
4881 559
1928 4762
3798 3039
3633 1282
1458 2369
1955 2421
4653 1109
6063 4851
3945 6472
6829 3630
3785 2053
1729 388
2973 2175
3633 4665
2014 749
1239 4136
4904 1859
262 249
3658 5661
641 6661
455 3273
3342 4866
1666 2668
2067 3766
4054 3382
105 5146
6977 6884
1261 4834
2653 857
1254 1411
409 6311
2556 3176
221 6260
4142 2448
5599 5282
4229 4322
6448 3507
4829 6761
2864 4460
531 4207
4538 5831
1582 6353
5983 5622
59 5151
439 4618
6378 6151
6906 2106
2974 5759
4691 3794
2392 2371
3810 6031
2640 221
6437 315
3655 1956
1602 3972
2037 3900
3157 3931
5674 329
823 3453
2478 4774
5274 2839
6953 4554
2013 2725
4623 1566
2027 179
2881 5164
1138 5908
5090 3661
2134 4183
3772 3645
1841 174
2689 1961
2056 2048
4549 304
99 4526
2081 3798
2678 1802
3304 4708
3359 4415
3512 1247
5630 3790
6103 38
1638 3228
3611 5390
2231 3742
5663 5401
1394 6251
1759 4686
2022 3568
3608 4338
838 1832
2209 5646
5752 1686
360 5240
4258 6140
6493 5104
5068 5191
6095 2025
3039 5349
5778 6290
1387 2047
4377 6771
5378 3138
108 1205
2847 2146
1283 5107
3745 3296
6854 3770
83 2838
4061 5976
6707 6726
2595 5308
6423 6967
1753 303
6489 2302
3187 6351
726 6098
5203 6705
1024 3311
2400 1053
5201 3626
3109 52
6264 3123
5438 2815
6573 3878
1993 140
6848 5803
1776 2357
5198 3328
5566 1280
5447 4032
3611 4585
774 103
746 4471
5414 1640
6785 5454
6563 6573
1740 6083
2141 11
1769 4569
1325 6807
5838 2907
210 1458
4279 6212
1760 6735
5786 465
6144 4145
5189 2461
5906 4731
4476 6726
3098 1741
2697 1397
5990 3678
5427 4504
1881 1777
1829 1587
3976 5622
2562 5144
3873 1737
1695 5559
6080 5823
801 4528
3967 1372
3401 2681
3590 5586
5928 6183
4801 4981
4954 5977
2779 6310
7 2977
602 6570
406 6658
4052 921
6507 2103
2778 423
2585 2280
6040 3391
1346 5001
4274 2431
2622 5545
2741 541
5851 6121
572 4826
4320 5058
1652 5458
4016 1614
1550 5181
6097 111
1176 2496
5107 5788
496 2737
3539 4843
1108 1803
2205 6546
6250 4490
2688 2758
6275 5486
857 1403
6017 532
1383 695
663 3789
2807 1137
6480 5891
513 812
2911 1460
5149 4859
1593 1444
6407 4100
1900 1372
3452 1060
1626 49
3678 814
775 4380
897 6063
4758 1446
310 6495
4735 6158
6062 3284
5592 891
5869 3643
6655 4552
1457 4185
531 987
4320 1220
1090 2671
2921 1774
6534 61
2482 5110
1172 4955
3820 116
1423 2322
3498 4037
1983 6860
1171 4730
256 1721
3258 1544
2193 4226
1766 2661
3132 5377
2816 1199
3648 3981
4178 763
2937 2657
2159 1609
6419 3679
975 4791
317 2347
5554 1888
6387 2643
2741 1964
6359 595
2343 1137
3021 4233
2219 3545
4796 6410
3791 475
6884 6078
4327 455
5693 1673
335 3303
6009 5851
1150 2698
6336 1550
4689 5008
5437 2427
4969 861
6187 1427
934 1353
299 613
6405 2818
6964 4502
3201 3238
331 3534
4004 1118
6621 1130
4260 5999
2975 1205
1638 3391
6863 1417
3869 4865
6921 4805
1043 4679
2750 2026
3787 6718
4594 2088
5621 5338
4310 2329
878 670
4313 6010
39 5762
6885 2115
751 4278
5735 3373
3553 3289
2299 814
2242 280
89 2846
2246 399
4507 5502
6480 1248
4947 5774
6781 4394
1094 1584
3394 5861
3045 5707
1654 6122
2671 3022
274 5228
6683 4990
3639 2659
3720 4341
1297 5326
4308 4511
3437 1020
2943 4649
5493 2685
4280 2463
3942 5851
3813 3751
368 1076
3281 3890
5390 5189
1219 2410
3471 981
4718 3039
1189 3699
2467 5070
4733 3347
4614 1935
5328 524
2582 2576
1312 5984
6045 3548
2086 5378
5319 3444
4209 4101
6480 3476
1406 5619
974 2956
4725 2705
1306 1251
3515 6164
3919 4527
5008 2239
2050 1934
742 2606
3331 570
6381 6099
4982 237
5562 2798
4469 1180
6926 3189
2268 1046
5752 6305
5222 3861
867 4937
795 3371
6997 5284
1944 1888
2169 4450
2387 5841
2069 82
3665 6458
1917 2694
2884 6647
3777 1037
6829 6639
3586 688
4023 689
4953 596
2900 6776
5572 6495
4328 4708
3273 5826
6814 1793
532 1806
721 3957
3209 1869
6165 1347
6235 2086
5165 2172
3415 1745
5450 4785
2831 1694
4078 1500
6282 5315
1117 1678
4224 571
4974 1823
3950 2254
6863 5068
4297 5745
6403 6773
1510 626
6269 4329
2817 6899
831 4475
3002 5898
6555 4134
3721 5585
5655 2157
4776 4467
1006 2786
5992 4960
3289 3676
3442 3918
1014 6811
5300 3686
972 6585
4336 1916
3589 181
5526 6850
2971 1300
1696 200
6916 4298
1092 5189
2993 5785
1754 4342
186 2643
1349 92
6302 6290
2713 6145
1787 2947
3024 4317
4053 1978
2616 6212
155 6713
6413 644
2087 6622
442 4491
5442 6371
2524 961
6782 1450
6529 1758
6260 3031
6377 3616
3915 5427
1618 4831
4044 1111
3605 4447
5343 3359
2795 5396
22 1838
5999 1943
6840 2559
6678 3729
5054 6639
4056 1121
2978 6951
640 4102
2319 5817
710 5595
1362 3306
6152 5568
5736 28
4378 6999
4526 3487
2786 3748
1594 2151
3772 5499
5678 5685
5355 336
6229 3344
6261 5511
827 3147
2966 151
6417 6024
6883 5265
4395 1691
3925 4960
6607 5367
4052 4735
6349 5331
4265 5782
4423 2204
3446 2481
6035 2697
2239 5457
6105 1938
3605 6675
351 3568
157 319
2793 381
6129 6496
6693 2108
96 2295
3133 1203
1157 5129
5402 6167
550 21
5808 439
4794 1558
5909 1245
549 6966
2015 1218
2044 6120
296 2356
2450 6808
1889 2045
6371 2996
417 3814
3715 23
2135 2451
1658 5303
701 6956
2157 520
1014 5201
505 2880
50 5683
1356 1932
4703 1820
948 417
540 3066
158 2772
3934 1989
2936 3641
1277 2578
3577 6855
5053 1795
3522 732
5662 2842
1959 2383
813 1131
3105 1383
2055 2845
4887 3977
4911 4371
5224 3370
6540 307
673 4534
5960 3438
1677 6834
6679 3125
6565 2057
5849 6051
978 2137
765 4473
4564 1230
5087 3257
2387 5654
6122 4870
2354 3262
5220 6230
2402 5962
5860 6590
1608 5135
2623 6870
3533 3873
3686 4115
4550 19
2898 3133
3925 6383
759 3123
1010 490
1626 2708
6514 4347
716 43
1965 2928
690 5238
3116 2272
4948 65
3514 2318
5888 4824
1456 3990
3775 373
6879 6165
895 5643
3270 5341
1933 357
147 4437
2552 2092
6525 4886
6566 4887
5941 4835
929 1440
4635 2170
4573 1292
5137 3320
4005 1774
1486 2297
672 6510
1603 3636
4340 1498
4661 6774
107 4257
6249 6119
1478 1655
1199 2240
6027 1576
5989 1092
478 228
6983 6114
1914 2185
5460 4912
5186 6595
2650 5259
2524 6840
3284 5774
5467 5302
2372 2282
973 3590
3151 6184
1871 4740
5856 1879
5771 5713
570 6583
3173 4253
5602 4214
5887 6827
2465 194
1095 5650
3956 1858
6074 237
4474 3541
4291 4588
4079 6395
1464 794
430 2789
5846 3793
1961 1600
1517 3838
5503 421
680 6347
771 5711
2944 4551
3164 6769
2701 4793
4912 4117
5354 298
3850 3310
6178 3219
491 409
5091 4799
4497 4814
238 5598
2222 1533
5171 4004
3500 2904
5578 1884
545 4028
5428 5323
2429 2011
6911 2962
2305 255
3994 406
3653 113
3610 3449
1738 2093
1275 117
6264 2562
3076 3515
1594 2314
4070 4373
1828 4238
990 3139
1867 3412
1681 4942
781 2965
6003 720
1233 4028
2136 5522
2514 4162
3531 1062
1731 1272
6218 1813
1051 1513
3346 5446
6028 5853
5873 2532
6143 6365
2067 440
4128 2449
6335 6535
131 789
581 1749
4750 1449
4332 5662
6548 1166
2188 1898
1069 4721
1100 4034
39 4583
6099 6443
844 5542
5292 4657
6570 6028
4328 5139
6544 643
3426 83
3832 1525
1029 2289
3052 4568
3267 5688
6443 3220
5419 3651
2979 2777
150 4572
3882 4271
5943 2116
5160 5642
2106 2623
5848 3010
6309 4159
4731 2496
3136 6144
5032 5642
795 2997
480 3925
4253 3625
2477 4229
6054 6269
171 5799
6993 1004
4961 4651
2502 5225
6060 3805
728 4404
6870 2102
5896 1896
5959 6382
446 4691
3001 3825
2182 6940
40 4003
2122 2725
6726 2353
444 1612
4960 1393
2690 5626
3929 653
2427 4492
6568 4396
3051 6571
2184 570
5320 5119
1053 2632
6278 4822
2857 2541
1730 5503
2043 4502
6869 4509
279 205
3254 3897
4312 2296
6365 280
5630 814
1925 5944
3757 1485
395 1319
3812 1192
6181 4108
4407 3287
3538 623
4589 4267
5370 4832
5150 362
4840 1634
6056 6291
4657 6845
1691 2515
1348 5559
2726 4128
2965 6396
3660 4935
628 6401
4670 664
160 4835
6209 5752
6975 5285
2549 1233
1659 4108
4639 4734
4983 2292
1528 1181
2677 6114
4052 5166
5129 1363
223 5534
4046 433
3824 1552
3948 4062
832 165
59 215
4883 2061
5416 4776
6464 2487
6658 3484
2518 2270
4264 5207
2508 4965
462 1736
4629 609
2693 3964
5931 6538
105 2438
1457 6202
3806 572
4738 6968
1078 3173
4127 2842
6044 3971
3776 1861
1752 3117
2373 5679
2412 4853
6693 1384
1567 1085
1434 741
3648 5998
3237 802
6826 4357
6449 2155
3775 1609
468 1150
2928 2676
2773 5771
4676 24
2799 4740
438 2439
4481 5972
5660 948
4198 6815
1648 2363
4105 208
2195 2532
2363 4560
3633 1152
6747 1970
1857 5920
6067 1457
2693 6192
5026 6445
2548 3559
2443 5263
516 4200
387 1346
6768 5476
3170 2559
1484 4591
5804 5958
6637 6713
1852 2543
52 2753
2629 5618
1719 2953
4303 6989
4308 917
6980 636
4208 3719
5703 2873
1437 3240
31 6787
2620 4751
5579 3746
6971 6185
2088 1480
2497 5849
4049 5537
4025 979
2206 2667
5939 5220
5049 4685
6529 2807
6868 2273
4316 6820
584 1459
4639 6507
4474 1744
2227 511
6495 6606
457 2815
2518 660
6716 5262
4161 466
5028 2303
2364 6609
3531 70
1827 6404
6056 6909
4497 6050
108 1880
2876 1307
264 5803
1201 6881
3474 2919
3436 6599
4310 3191
3319 5260
2963 3935
811 2939
4830 1914
876 4088
1 855
6169 4692
1783 39
3431 6605
6602 3039
4071 2801
748 1809
1245 2615
6059 5271
2511 5881
649 5213
6722 5026
6717 4682
1708 804
1453 5947
359 1475
3843 6734
331 3591
6482 4815
4749 6247
3252 6266
4897 1981
5494 739
6497 5847
4253 2633
6462 376
1011 2569
3179 4475
329 6147
6487 2126
566 5336
3750 477
5106 3259
2373 3264
2935 4465
464 4278
3919 5389
3733 2001
6035 2941
4636 3495
902 1471
4252 4286
6915 479
1127 4033
3453 3115
6806 5447
82 5115
2802 1842
6365 5704
5687 2608
329 4992
3921 1648
5719 5529
2233 2853
6314 2706
2355 3782
297 5454
3439 1904
4158 837
4220 2469
1706 3336
3476 5169
769 2231
146 3006
172 1975
6729 3887
2565 2279
5395 5590
5087 1273
479 1903
4612 1946
6816 99
850 4290
108 3653
5786 2213
4731 2577
5414 6771
4700 1012
6795 4857
6635 438
3426 514
2586 3506
3143 4363
3425 3295
4483 196
6845 1187
1205 4639
5726 4010
4754 4631
3425 262
1856 2879
3664 6694
5446 5124
5933 5242
6771 6341
1110 4752
6435 6392
6118 4241
6364 1264
961 4629
139 1811
708 4183
2943 3901
2377 5210
52 2566
668 620
5869 4668
3565 2901
2011 6550
3131 6581
2216 3572
4363 6853
5273 3102
4115 6751
4495 6972
5543 4683
3960 3430
1868 6272
4171 3650
2997 6766
5048 3923
6812 1804
540 2505
6784 6172
5239 1239
6411 1460
5798 2923
5642 1629
1810 2480
456 2053
6882 264
4036 4364
5324 6423
4352 2126
1114 3716
5817 3323
3606 1747
6061 3683
5462 4852
641 5189
3156 6
5623 3457
5567 5777
1106 41
2625 3753
947 5646
5933 1404
4488 1613
480 6934
3300 135
2775 4451
1658 3937
567 2392
6883 6127
135 483
1597 3661
3018 6838
1101 6463
5260 1311
3866 2209
1507 735
3869 5890
3676 6249
535 6991
3861 5248
56 4512
6255 2744
2485 6725
3235 5725
1671 3768
1893 397
6748 6060
1235 4369
1302 6345
1538 1926
1049 5899
2637 1080
5118 4237
2105 4225
2726 6787
697 6945
2942 5099
3100 6439
6512 5968
6615 3437
4208 4955
3676 5094
1219 3085
5859 4622
1497 2275
4702 4709
6636 1281
2377 6983
1064 2393
6475 3807
5024 4171
217 4214
1445 5468
6500 4803
4695 4669
4767 573
2454 972
6965 409
6063 1769
6868 6892
5450 3232
4970 5813
1988 5114
2945 1209
6997 2576
713 1762
2850 4355
3263 552
1456 6007
6740 1230
3419 311
1141 4683
2894 4627
3663 2923
4532 3335
6766 199
5127 1266
3876 3970
3413 6912
5058 2627
5810 4706
2943 4519
3060 5104
78 4405
6523 6076
6924 4
4091 2811
5283 4408
1415 5602
1420 5946
6556 5435
6277 6020
3676 4289
6459 5502
2433 5356
5953 6862
2527 4991
1715 2861
1536 644
254 2537
187 1315
1315 5371
281 5114
3925 4212
6537 3880
1148 6951
1001 1239
4232 2642
3392 4880
6336 2843
6716 2310
1919 3041
2956 1317
5261 5938
2603 3673
4502 3442
4717 4562
1945 1229
4195 6143
389 4051
1264 1999
6950 4584
3743 1323
4457 666
4661 4603
2807 3853
3284 6636
2907 6686
5760 3033
1935 891
1964 5793
977 4571
2622 1040
4117 194
1443 3812
1369 1419
6133 4712
4772 2340
6353 6930
2924 4788
4047 5090
6323 4809
2460 6347
3136 2200
1331 2066
4880 2058
3608 4639
745 5352
4439 4567
4948 6888
2727 460
3912 5804
5182 2396
3633 6389
457 2441
4992 20
6549 52
1581 2591
5300 3556
5454 990
2534 1169
691 4715
4772 4568
6876 4769
2399 4916
654 4833
2376 3212
5265 1468
160 2046
3403 800
2250 4793
4306 2294
1550 2904
815 3438
220 2097
6725 1567
312 5069
5324 2048
4319 5939
4575 4404
1247 2314
4638 1720
4698 1771
5042 6499
2231 3238
3910 4953
1360 6163
3261 343
5062 2987
4573 6960
141 5372
5817 2331
2440 379
464 5059
1553 3525
1260 5932
1800 3402
5002 6319
5991 6833
3441 2381
3349 2792
2289 2812
3099 1863
3992 2669
6537 1115
4188 329
4556 5451
3644 5369
31 1420
3960 1633
6668 3261
4431 3470
3798 2803
775 2103
1468 6985
2834 3285
4732 3583
126 5040
613 994
5033 4477
623 5846
2830 3516
1605 5943
2542 6267
3540 5369
3698 5955
5935 84
2354 6970
2631 5558
2111 796
5278 6910
2441 3182
6336 3811
3306 1940
4863 1972
6485 3153
1041 3511
1540 980
361 3752
6149 952
261 6554
6861 5884
5459 505
5558 6900
2406 3346
4144 6
4183 5596
1499 4362
6289 2460
2490 5703
2720 2193
1438 4086
502 6616
4022 3958
5149 5160
1372 5718
6038 2060
661 4394
2736 6109
1805 2567
688 2053
1581 2859
3950 5775
4736 6684
1677 3321
2616 4472
190 1776
4660 458
4947 4652
2705 3763
6282 5803
6898 3857
4074 4498
4444 3277
5039 6870
6966 2271
5927 916
2575 1438
3750 1176
2755 6509
1234 6134
2411 283
1646 4358
4838 171
3064 1602
6828 5720
2688 2254
1227 1930
6146 2882
845 5800
5234 3554
6791 3586
5511 2142
2816 4883
6825 2416
2222 6396
1183 5041
4328 1008
6757 3975
3488 4000
2640 2213
1626 2578
1061 3331
3611 2121
2033 458
6575 5624
5286 6346
7 5051
31 3193
2668 6109
4103 5212
746 5390
3943 1547
5911 3365
3325 2666
95 4117
5899 1850
331 452
4107 6085
2354 1977
4599 131
1823 5724
2141 4313
1924 5776
5938 4407
1697 135
4847 2862
3616 1310
104 3829
6453 2786
4894 1927
327 3312
5645 3781
160 4892
4482 670
1415 3805
2744 977
2310 4657
3024 4000
715 6053
5849 3961
3335 5582
181 5365
6406 5572
5726 5059
4966 3873
6101 4936
5193 2344
2579 6767
1170 217
4222 2409
803 5119
5044 2975
5376 5434
1833 2224
3760 1035
422 1263
3383 1085
5186 5310
3882 2718
6999 3053
4160 1908
5467 4017
2721 6069
1986 5849
2977 3780
3846 28
4159 4689
2411 5089
6714 3823
5929 5768
3219 3313
6954 6693
2291 3452
3375 1574
5212 6127
6826 1031
3803 331
4957 5608
6447 4418
5896 343
6008 1338
254 2968
1470 3461
6912 5686
6979 5410
6719 6045
3152 2441
3711 4125
2090 5798
3022 116
1647 5228
3300 5722
3171 3622
4375 1846
2508 834
1181 3708
1047 510
6157 4440
2783 2759
3098 4083
2660 3857
1853 2071
268 4155
4911 5209
663 6936
3681 876
6826 3259
3319 6122
638 2153
1166 2272
1257 4642
2721 2231
3617 2554
2008 6496
1662 5859
3180 301
4391 6112
6411 1704
5328 20
572 752
350 2625
4421 1790
1683 3703
3641 4079
5984 5020
5229 14
616 6716
2111 5870
461 3395
239 4514
4561 1046
185 1245
714 6470
2674 2011
6753 1037
1180 5711
4731 2366
2536 2077
3845 4259
2513 6789
6410 4081
2475 4053
4813 4650
1451 4484
1764 2729
2877 1589
3159 4685
3260 4737
793 2040
1448 3432
3688 3494
5209 1617
1418 5475
3190 3217
1168 4546
6478 5154
6698 3208
6111 3640
877 3616
6116 3984
316 5269
6546 3568
5292 339
4929 2731
2062 2544
61 4750
6539 2397
5833 1417
3116 1955
29 5212
3890 595
999 6430
4025 6647
5830 365
2896 3120
5344 3131
2269 6405
6699 6412
1920 2087
2704 6333
4918 4420
2358 5696
558 5906
4911 3249
3662 1118
5625 2592
4319 3337
4842 5364
2920 4645
5809 5153
3383 1703
3421 2187
515 2072
6767 4102
793 4268
6123 4000
1455 415
804 5558
3999 888
6425 4338
5401 4015
3479 5548
2155 799
482 6446
71 1250
3586 2412
2503 5646
409 1245
5047 6119
3796 3161
4771 3969
5941 3363
5041 1386
5165 3896
3241 1596
2773 30
1930 2751
1957 410
3199 2124
1249 5019
6215 5817
3732 2587
4662 5904
6491 4180
3354 2412
2043 3567
4847 4903
1891 5425
4558 4800
303 3828
4757 1977
3687 2063
2226 1739
4029 5210
4003 3989
2765 5400
1767 636
4406 4379
3773 4466
2436 5898
2754 5241
4399 956
230 1256
2711 2161
4056 4000
3424 3531
3393 1212
339 5363
6481 3061
5636 4955
6787 4299
104 6220
1069 2176
5973 2096
811 1386
3742 5503
2713 4836
277 1452
1120 2895
2026 3906
4414 4620
3268 3368
5596 5529
3663 5395
6939 5043
1431 3696
2360 6411
4936 6
4597 540
2857 801
3731 1557
6747 1840
1635 6909
5909 741
1204 1438
1006 3705
4496 84
6920 2707
4714 1475
1407 1016
3595 5052
345 5127
4118 663
2036 1941
974 5298
4386 5581
2987 6135
1397 3711
4229 679
3762 1967
4605 3410
162 2387
1683 3516
4169 4011
6594 3072
1885 3650
5436 6721
2925 5607
5373 5618
4535 5273
2453 6551
3659 5602
3165 4313
5713 5659
4304 5525
1071 1043
4801 6331
3306 761
5608 1701
3371 5320
6430 2267
632 4379
2350 5268
2240 966
4237 1270
4178 4073
977 4010
1471 5299
688 3907
564 2151
720 412
530 288
1340 5755
1242 2214
4750 2205
3640 3616
5025 4884
2115 5751
916 2983
1449 5698
148 6787
5320 1769
3064 3456
6020 2934
3413 1358
3029 4401
417 4733
1757 6982
1939 48
2004 443
6541 5265
4175 2620
2000 2953
6919 3905
5831 6795
2902 4976
5553 3818
5023 1374
4758 5829
2211 4304
5845 3468
4571 2970
3105 2302
436 6264
6408 5271
5699 610
6525 6610
1153 5124
5069 6630
3352 2179
6148 4408
4876 6989
5459 399
2456 1075
6240 964
2201 6218
4562 2103
6766 6672
3035 3411
3812 6486
2224 4889
892 1003
6494 1231
4720 6826
4376 2852
1101 4560
191 1895
2257 4248
3504 5552
127 4354
3750 2575
4808 5892
5921 4752
1031 2286
2989 3416
6672 6606
4122 1400
1622 6891
3236 3293
2501 3827
3993 3464
2740 6095
4488 3443
5921 1719
2559 799
5081 3957
2736 6353
3235 3822
31 4242
246 1952
5814 1098
3580 4234
1664 2579
5782 4943
4464 763
3168 2196
6399 4353
6266 4009
543 1542
4911 4835
166 5756
5964 3644
3216 4869
6420 2197
5148 4024
6141 2782
6980 6735
1342 434
3213 1565
4770 2351
3245 6738
5394 4430
3455 1852
2066 3094
471 6742
1894 4330
968 1132
2306 302
6225 1325
1303 75
1138 1728
2294 1416
2226 2975
422 5695
2953 271
3932 6513
3785 801
3592 3412
2620 3279
538 393
5142 6437
171 5295
5706 2049
2846 3033
3405 4717
3504 3942
3016 246
252 938
5761 5139
5071 4692
6607 6099
6786 1900
817 158
2116 1652
774 3494
5096 6442
3697 6996
4860 3691
3738 2833
5295 3619
2179 6138
4352 4224
4577 370
3983 6801
2135 2833
6009 5591
118 5260
2599 1247
6833 2096
5069 4215
3254 3393
6626 4247
6184 3902
55 4157
1106 2139
3002 1637
2536 898
6837 2969
6026 5945
572 1451
1017 6231
6148 5376
5962 1988
5618 2178
2192 5969
3369 118
3310 2921
6332 4150
201 6584
2587 3465
6169 6603
3860 4492
4913 2547
781 6112
1149 4064
2310 4096
1713 3840
2797 4214
6283 474
6556 1572
2428 6037
2736 3938
4904 4931
2178 5862
4069 5016
3358 5944
3919 2039
2267 4399
3327 4379
116 3628
862 5138
1385 749
5965 1481
276 4260
3557 5780
3161 5780
1356 4892
2633 3409
6979 4499
848 6179
4683 6757
6493 819
4836 3589
3099 1115
2899 4467
4019 4498
6665 5248
2768 1540
3461 5668
4724 5253
4414 863
4921 6521
6822 6363
1521 2865
2121 386
3138 3702
5947 6136
4235 2029
2084 1258
4653 3508
6303 321
1855 5370
5714 6342
6249 3468
831 1637
3539 1013
1295 6467
6954 4977
1140 2392
2917 5396
1143 6827
5558 5802
828 5503
3042 3590
6268 485
3964 3636
2790 2588
887 5329
3072 5684
2783 5581
706 3039
1914 2917
3194 197
6611 824
6181 1994
2409 2896
1015 3794
3061 607
2412 6577
6884 6086
1970 6232
1383 6664
5146 1512
3735 6967
3716 2753
3337 6140
3717 5607
3339 551
2225 3718
5637 4001
1864 2049
5953 5927
5974 388
184 3115
378 4112
1279 2527
6876 2411
6475 2067
1497 3918
3978 6321
6187 4818
3482 2707
5629 6742
6592 6035
1112 6736
2915 6797
3567 2256
1641 6299
3200 742
4321 3627
882 797
4125 6721
5563 5341
4997 6650
1607 3682
3835 6393
1450 3698
1937 6068
6518 3992
3896 3636
785 6499
1449 63
6611 19
782 566
542 1079
5795 1153
5801 4351
1930 6028
6849 2816
3743 3771
3089 5233
340 3604
5176 2047
2060 5320
6229 856
759 2245
6291 1734
5291 2559
1643 5971
3272 1153
1431 1362
5190 5136
1738 6208
3300 6584
6660 6677
3950 4222
6555 2719
6992 2720
5228 4839
390 3317
2733 4258
6564 3182
1325 562
2517 2913
330 1731
4375 6091
3315 6865
2857 5233
4158 1138
736 921
4718 6430
6273 5635
387 5648
4463 5157
4681 6548
2348 4043
202 3616
5429 4721
1752 3231
2216 1645
774 5535
1878 5033
562 926
4736 3976
4478 3186
4010 866
5140 1585
3977 4890
1181 3415
685 5463
2834 3155
566 1799
4642 1308
1237 3724
2825 6075
5600 2509
3210 5886
22 423
4824 790
400 6233
6446 1217
6659 2264
5594 2694
2861 4951
5807 3741
676 4596
4072 4346
6467 5477
963 2374
2673 5654
4939 3931
6190 473
3483 3951
3726 1457
6809 2962
367 808
5367 6852
5064 2879
267 3610
392 1804
359 166
1159 4191
4865 4921
1627 95
572 459
999 526
6392 6996
6979 4312
6015 4794
3592 1615
6331 2556
1777 39
2406 3216
2689 2750
5573 662
5116 2638
4361 1042
6005 5954
1963 6029
869 803
6285 2561
1436 6512
1961 2950
5435 4111
5822 585
6935 3609
2489 5321
5723 3989
331 1127
6220 4795
2908 3992
6839 6530
1118 4890
3441 291
1634 3494
2980 2525
1788 928
667 3678
326 3385
2480 1421
267 6188
1196 6651
6984 3851
4088 4424
5048 36
5612 2064
3464 4974
2218 2360
3955 1801
3208 4230
4670 1746
5635 4118
5408 729
4725 1453
342 6897
1173 6825
3730 370
5810 2429
4967 986
6374 4457
4277 539
2050 682
5777 37
2203 1678
682 1303
6659 654
434 3453
1513 1231
2196 507
3663 4029
5039 5935
2730 4578
1009 2637
1203 5886
4498 4830
4219 3163
3904 4091
3376 1720
1920 2494
1512 225
2035 6416
4435 3727
4523 164
662 1775
82 6384
2005 3541
4827 575
1439 5604
5585 3600
5366 4990
1068 6600
3117 678
6912 6361
6127 6808
6068 5447
6197 1131
1335 1467
2854 5179
3399 2993
4951 2681
2234 5471
4254 1063
2669 5399
6833 4755
6413 197
2822 5641
5284 2332
3303 5914
1555 6314
2835 4348
32 5112
3516 6961
266 620
6716 6799
830 2648
1422 308
4133 6371
5437 1793
1149 4845
6862 208
5929 2255
645 616
6455 1547
5894 3200
3540 2824
5890 6464
3684 5232
4085 6330
3281 4061
4905 6069
2405 6642
6889 2004
4554 5088
5402 6875
3408 6088
946 729
440 2843
1159 1776
5147 5602
3492 2029
3753 6500
4092 6720
1568 483
5551 3965
919 2289
4623 6356
4797 1059
2737 6822
3184 1095
3617 6612
3452 1849
2058 3501
1218 5739
2309 868
373 1217
2681 6109
6618 2076
1996 6006
331 1745
962 4995
2204 5955
3192 4369
6471 2780
3885 2081
4404 202
458 6401
1198 6965
2344 5965
699 3080
2507 6895
6490 6213
3842 4636
2259 3383
4305 196
3561 2142
6742 4182
285 996
6988 1205
1635 3933
795 6925
1662 2346
3131 6695
6739 3884
2868 1397
600 5703
3554 4354
6701 1148
5737 1630
1308 4477
1132 2531
2651 6243
2059 2167
2546 2285
190 4492
6375 5300
750 3368
6409 4130
810 3419
2121 12
5416 6126
3353 1038
3626 6300
3471 2225
5755 2559
886 5134
4225 4350
2642 2343
4254 2836
6628 5342
2695 6141
6774 5167
5339 3812
5640 542
5 4338
3492 3452
5178 2174
699 5658
2282 495
1098 5929
5611 5439
6762 4783
3064 4668
3341 3256
6548 101
2398 1609
1164 510
5948 5209
4482 4541
2455 1362
6264 3725
247 6473
6410 2796
4923 1251
343 519
4768 4346
2793 1357
6595 5959
2422 3107
364 2527
3602 937
4684 4648
4037 111
5718 2653
86 5966
5251 3941
4747 1964
858 2281
1940 5992
6523 6995
4935 5398
389 2742
4486 876
160 1192
4810 3417
5458 3638
2430 2594
2779 6912
6519 6472
6860 349
3527 5085
2550 1198
5612 1072
2255 1250
3045 5341
4366 2622
4892 1914
1530 1748
2500 4464
4422 5937
1805 3673
6218 1821
2931 6902
3086 4561
5942 6841
186 5392
310 1486
2607 2082
2354 3888
339 6388
2113 793
3983 6240
2916 2837
1584 5367
4996 4896
154 192
1057 1686
3698 6256
398 552
3034 614
2533 2318
5437 1606
3004 1903
1039 356
144 2887
3633 5080
2508 4705
6398 826
2289 5341
2225 1384
3400 5286
1098 936
1316 2327
6861 6185
6326 2643
1221 2467
6601 4568
5606 3485
1349 1686
3773 1303
4263 938
4884 3500
185 4766
6169 6042
3182 81
4550 4378
1807 5947
1929 6876
5136 3721
2545 2678
3857 2879
1147 424
2262 111
5257 5179
2822 4649
4256 117
2133 1394
856 2877
3972 358
4433 5671
5744 2264
3569 3351
6305 611
5902 3604
6931 3517
4911 1509
6210 3757
3873 3762
2130 342
4088 1472
5891 4943
2386 2217
5841 5580
2536 5948
4220 1591
445 5228
6590 6607
5768 3789
5432 3840
6817 5108
1562 4207
1044 3278
3222 5872
5949 6052
1534 661
3275 3254
3464 5405
6069 3902
6752 3932
4492 5847
4919 1750
5017 2285
5731 1628
27 2621
1470 2339
5947 2192
4176 888
6989 88
5975 1207
6319 1017
4227 1607
4411 3414
1300 615
3082 5461
3664 2433
1855 4809
6552 2716
1524 5204
6182 1685
2577 4013
3384 3547
206 5188
6990 6325
388 6922
4877 1874
460 2072
1596 6800
6981 2075
663 2431
2385 810
1946 4146
3317 4954
2312 5435
5920 2624
1198 2940
4935 2983
1602 6965
4768 3809
938 1323
506 5830
5674 3322
5446 6124
279 5824
4191 3889
3918 2326
4117 5919
843 1436
6065 6361
4012 1961
1625 4855
1718 5046
6529 4775
5417 2353
5761 2163
4885 4744
548 764
2671 241
3104 2752
2355 944
4972 956
2389 528
491 3613
5961 2224
1616 3988
2203 1304
1167 6636
3316 164
575 2560
4687 1726
3878 5529
3196 2691
5214 3872
6489 1562
4858 5930
3402 5950
3400 2871
5638 2106
3967 5170
497 3027
2830 3280
151 138
3896 6458
837 3095
379 2217
3325 1007
2278 6150
5284 4991
4642 1552
6524 2872
6374 6311
1370 2777
2974 3409
4875 3251
5219 3061
688 6355
3635 2337
5536 2179
2014 4010
235 5097
4851 2076
1797 6227
2793 3748
2573 1530
6647 4376
6457 2000
1073 5415
5839 3119
4342 3138
4490 3790
6730 3098
4715 2188
2874 5807
4775 6403
2748 3224
2746 6561
3460 5904
5213 3596
5481 4350
3712 6125
2778 3066
2318 1361
2722 5386
2029 1258
6672 6476
941 3394
1875 791
6068 885
4294 64
3949 2281
5501 1969
186 1017
1278 6170
1149 3316
712 1063
4416 4376
2981 6027
5464 2841
3541 4149
2636 5992
5158 4986
5368 5762
2613 4288
3749 4852
1083 6079
1296 710
4281 926
3813 5776
5114 1681
5277 3365
1077 2100
922 4441
4525 1286
509 2582
3838 6772
4717 1456
140 4405
1907 1803
2313 3245
288 893
2655 6392
167 2064
4962 5424
511 376
4986 5818
6144 6333
1464 1233
1904 1505
4366 3858
5861 3012
42 837
1279 5617
3397 3996
2934 2774
4245 5783
5974 445
6662 4983
5346 876
1063 4272
2830 1670
4516 4556
4729 5603
3325 5813
2179 397
436 1141
6974 5255
6067 6271
1306 6659
4252 5449
1577 5432
3194 5515
4537 5029
1727 5376
4148 1312
6398 2062
2296 1332
5276 6122
6526 4691
790 1265
4031 4110
1443 2584
5770 5876
223 5355
1601 3924
6761 3053
5205 4377
12 4354
4649 6374
222 5884
6483 4994
2185 6604
6944 6143
2568 6342
4111 2534
1802 423
129 1906
2679 696
5788 3422
5531 5486
5469 4608
4913 6605
3363 1328
837 680
3418 1035
1948 2877
3756 1030
3480 5296
560 1311
4230 132
6245 1796
3416 3591
3034 1045
2139 3576
6719 898
2569 3160
4372 2467
1107 4863
6931 1720
4961 6245
2256 1128
1977 2467
5079 1016
1441 952
2711 2462
4739 4331
561 4545
3236 3781
2372 1461
4297 6615
4168 4515
6322 2551
4047 6440
6258 5010
3885 5358
2861 1625
5600 2566
2398 3813
777 2076
4354 4116
2174 4859
4827 364
2045 2005
6871 514
6776 3660
5434 4748
2980 4
1328 3118
4098 3372
4693 549
2169 1482
1383 573
5754 3383
4030 4177
4400 3710
6461 5719
6707 4994
6185 5821
3821 4003
6216 5134
1293 1030
5553 2346
3600 2314
2380 5085
4560 4342
4149 3310
5429 590
2337 2005
1846 4397
6137 5780
2030 542
4337 5990
448 6307
3865 6934
883 6235
4517 4645
2598 3443
5320 2525
3742 1616
4831 82
1493 3720
4208 857
6298 3604
1393 106
1434 107
5446 4327
2917 4916
4474 4948
6002 78
3080 5846
93 4803
2889 2868
5131 3003
5222 3121
6185 4666
5784 4322
5541 4564
5963 123
5689 5216
1900 4983
6941 6864
3230 6544
955 3263
6025 4384
2038 3412
5995 5673
5243 4348
1640 333
2450 5800
382 6784
1600 3186
1044 5937
3599 4317
6462 1352
2007 5230
2786 4968
6456 3789
6482 2758
1279 2047
637 5024
6108 6489
4468 3948
6827 5422
4802 3070
2534 1714
4927 2018
2931 4568
815 600
4423 41
3982 6714
188 6137
4360 6108
1368 4721
3233 2654
4943 5934
6660 3969
2341 4702
6161 84
5259 1444
1936 6868
3708 4610
1580 5543
2959 6966
3792 3557
5595 612
115 2067
4662 407
6269 6972
6941 6059
2237 6981
6585 4734
3655 4225
6549 2825
3685 6319
2317 2022
6367 310
5436 3184
3681 2413
1260 61
4333 124
2440 4307
4398 1273
6605 3107
4607 2578
1064 5784
1093 4270
4302 1942
4155 4898
6135 3343
4294 1300
1620 754
6878 1172
1411 6996
5919 6162
2612 5703
6280 2943
3364 4375
1025 6960
6192 844
4824 1465
2525 42
4817 294
2395 4133
6712 6737
4537 654
3883 2116
5536 2610
732 6334
300 6677
1986 2393
4787 4966
3937 2352
6237 6629
4900 2399
2687 6412
20 621
5175 4324
2248 3332
1790 2454
2382 114
4467 2517
355 3351
4524 3051
5924 5351
5922 4524
4619 5540
729 3003
2625 2501
751 6734
412 852
542 6560
1306 4512
3 5528
2969 5694
5046 1820
4323 5397
1520 2751
4830 6891
5319 3672
3476 802
5700 6747
877 5503
1025 6155
6998 2354
1857 2521
2328 2106
3174 3066
2171 4374
4031 1963
3602 5987
1011 780
116 3311
336 5529
424 1212
2626 4954
6898 1369
821 4820
6531 6271
5711 116
5774 4602
3869 6516
4471 5618
1221 4939
5889 2108
5643 5085
6453 4136
314 6709
695 2614
3458 4703
1071 5345
3588 1743
821 5170
470 3435
1750 1469
2531 2034
592 5118
4396 6383
6879 3197
3385 6295
926 1207
5449 2159
5882 4670
4628 2195
2167 2696
5899 2395
4161 3483
2860 408
2041 4277
3140 3431
6987 2888
2138 1177
1073 853
770 1044
3654 1208
4958 794
1781 6043
473 6715
3150 362
4183 1148
1313 690
1693 911
3403 4191
2563 6429
2000 839
1062 6706
1525 2266
4764 3530
6321 4316
502 5551
1737 5340
620 3328
960 5648
3425 1856
6457 6082
1119 3426
6023 3346
2012 4232
3349 2800
1645 2718
3254 3694
575 2804
5210 3997
1297 6172
1008 6069
3729 5650
3908 1451
783 6890
6920 4244
2741 850
2622 5854
4554 5763
4523 34
6823 4311
6078 3403
3779 1980
3402 6194
3581 1995
3966 1806
2397 259
3592 6291
2713 2185
5352 6682
338 2460
6542 5200
5505 508
6065 5800
2043 6527
3355 5974
593 3329
2539 2944
1634 4787
1978 4597
178 4807
3574 4557
5876 5497
4842 4486
578 5680
4649 4845
2940 6671
4057 769
5156 6339
6729 488
1536 465
3372 666
4125 5599
1704 2493
4767 2622
4751 2089
2760 4983
2466 4536
69 6742
1533 6583
6012 847
1254 4916
2374 4947
1787 1215
665 5275
3497 2243
6236 3938
6169 2716
4178 5610
1412 5475
6190 6222
5510 6463
2497 6451
6279 5513
843 6486
5685 4774
3176 6739
559 311
2639 2370
1582 409
4099 3223
4730 6473
5090 400
5651 2911
2851 3946
4530 5661
1761 5255
1443 250
1086 5840
6654 4986
3445 898
2822 1673
831 5321
6519 4569
2935 5522
4473 1340
6302 370
3783 893
6018 611
6603 1264
1410 1241
5923 1505
5711 3312
4718 5308
4398 5892
2803 6534
2118 6431
4552 3326
789 2062
6006 227
6891 361
936 4741
5270 2788
1562 1231
2370 4373
2709 3839
765 163
3010 569
4412 3696
2238 1221
6708 4067
4758 1300
680 964
3324 5051
5003 6766
3688 6267
6026 6864
3442 576
890 1713
2698 5528
5341 345
4243 4045
3348 6576
2412 2690
605 1729
2809 6298
975 1262
1842 3099
2282 6781
2502 4835
4111 5811
251 450
6512 3724
3668 5241
2284 411
6658 3549
3428 5000
3901 1248
5298 4031
3302 6581
5692 3204
2984 1576
4702 2465
5657 4149
4485 4682
3086 5236
6773 1028
3225 1638
52 3623
1451 3069
4850 84
6561 6218
5162 356
6464 6285
5965 2400
617 5472
2539 529
426 2494
1888 5672
4097 4169
630 5707
3286 4893
2443 3450
5549 243
3840 6233
4050 3599
6543 1101
5404 4026
1911 4343
1467 6581
6262 5777
1599 2536
4840 4627
3983 5760
5330 2010
4012 4246
1304 2618
1938 5385
3089 4729
1523 447
5912 4617
6820 6455
5041 1126
4984 4756
3704 3312
4481 6387
2676 6253
3051 5376
5262 536
2335 5960
3970 987
6117 5022
6994 5295
1550 5653
6032 6604
1638 2090
2892 4565
3730 5664
2190 2603
6126 5485
1914 453
1265 2259
5434 1959
5706 203
5310 203
573 5149
6765 2210
1228 2377
6087 3278
4442 393
1538 1105
1668 6813
5835 24
6167 4735
6855 2103
4088 5530
5050 1969
6643 4664
4549 4427
5729 4509
1097 581
6818 2975
6236 3751
3268 2758
6222 1409
2891 556
3933 4838
5907 85
4769 5110
220 3691
6094 6327
6911 2385
5163 2785
5949 3694
1684 1280
1455 1228
2308 3359
2965 2168
723 1279
152 2244
6540 3381
1246 1054
6726 353
342 1587
3707 6188
3819 6429
216 3168
2570 4298
3038 3585
2198 5823
5899 6209
1327 2332
3228 2928
6395 374
820 4221
4655 635
696 2465
1004 366
3368 2184
1876 6711
3748 1651
73 3240
3467 6327
5172 2847
322 3163
3612 1763
6320 1139
5977 4183
1638 130
1455 423
3485 3119
4135 4921
3419 4751
4286 5090
3952 5968
2892 5988
5008 1288
6501 369
300 1310
1734 188
5464 5476
5617 1554
1544 6480
417 5278
2067 2091
5484 6128
5176 1811
5109 589
6146 5281
4124 6610
3780 384
3121 1502
6493 2356
1073 3862
6866 1406
536 3657
914 3051
4778 4367
157 628
2115 1758
1932 2805
5918 5804
5722 5892
6441 4825
5042 6133
1738 2939
2792 4602
2988 2262
4039 3654
4233 6903
6568 3819
305 3882
5750 4126
149 6752
2785 398
1109 2364
1269 367
6675 683
4381 6774
4438 892
6590 4517
3295 5573
3562 3473
983 3945
4496 4280
4212 4521
418 3944
6526 560
4690 1113
5748 4430
693 207
2036 6137
3748 3074
2292 3848
1160 2302
4515 5461
2384 6066
3649 3068
2071 1405
3270 39
5665 1170
451 6686
4111 4819
682 2677
6011 5190
223 1574
567 1384
3989 6519
157 3206
1024 2791
1650 2287
554 398
3050 2335
5944 935
3564 6528
3598 5358
6800 1859
1051 4587
5781 2634
4461 1037
3903 2961
4742 498
3126 3269
4368 4229
2286 5507
6018 1042
2382 5969
603 640
6012 6889
2027 1082
5022 6150
5863 6766
1185 2493
4268 3998
1990 1200
4180 1899
6697 3959
6009 175
4106 3670
6941 155
196 5362
2954 4101
4332 2670
5072 2480
6507 1583
1622 215
4476 1668
3077 2222
6217 4261
499 6302
1218 5235
1020 5250
2852 3043
1706 1791
2766 1771
6144 5853
2541 2592
3969 6940
5557 2121
4029 575
2604 6324
1792 784
763 6533
3717 5184
1795 4465
2165 3244
2096 1195
4742 6109
2099 4876
982 5116
6744 6757
5115 5159
190 3638
3180 2700
1196 349
5387 6032
2961 3336
880 1052
3050 375
971 1170
4954 4652
936 4367
2142 3418
6285 4903
2106 1509
3119 1643
6197 2050
1591 97
6968 1927
5445 725
2714 3809
6788 6655
1495 3018
5380 2959
6555 3451
1572 4958
5257 4057
3349 3044
6150 5617
6869 4550
582 4219
4467 6412
4816 4314
5587 27
5628 28
266 4922
4903 2778
5493 3775
6463 829
580 6775
6616 1071
5890 967
3663 1110
1908 1093
1001 2109
2814 6268
4865 3425
1252 5892
3614 4631
3609 4287
4734 4662
881 472
6010 2200
4523 3661
1622 1638
2146 6519
6189 3636
57 210
1459 3337
6722 4099
3645 6546
4108 1352
3327 1541
1900 6463
3667 3861
219 1669
3228 781
1727 1058
6654 6035
5677 2148
2379 2152
5710 1507
4490 4278
6854 6096
2442 6638
2036 5950
200 5749
1759 946
6585 953
2502 273
4644 3964
6459 2534
4864 6182
4895 5495
1311 1530
5294 5012
1003 1377
1717 2972
6202 434
6611 5557
751 375
5293 5541
1437 4086
1351 2060
6721 3473
3493 5751
1401 1423
786 6977
1090 3224
4481 2630
4450 1065
1518 6145
6530 3124
5747 5896
127 5062
2116 587
3487 4401
2675 2271
1677 3923
4982 3555
6863 2775
3819 6860
2270 4437
2046 5483
5033 4274
6179 5526
2421 4606
6776 3530
2379 4380
5999 3838
3351 2261
116 3368
6952 4695
2043 2933
4087 5335
200 1561
4646 603
3560 5818
1765 6372
1641 4616
4803 3970
918 1777
4925 2647
3397 1101
1483 6659
4589 2698
4484 5156
6698 3997
287 1156
6410 332
3123 5413
4482 5460
1844 4571
1462 4277
6598 3766
6966 1718
4299 91
6254 6585
1328 5216
6025 871
1950 4216
4161 3540
890 4990
4104 3006
6124 5014
3937 3832
455 2029
6432 6298
6925 3198
1130 4827
1684 6167
1498 2779
2848 5716
5666 5260
5050 790
3460 4782
1316 1018
5881 718
189 3980
6009 5599
314 2928
5443 492
840 4472
3959 4880
5697 1540
531 6346
3420 4602
2763 131
5137 2637
655 1686
6293 2325
144 3456
2575 80
4918 1021
4880 4701
2115 2539
871 752
2643 4910
1607 3072
6648 5707
433 6942
3224 3909
434 3380
1976 2380
3878 5830
6858 3450
612 5372
6928 4943
3757 1339
1790 3129
4892 1678
1442 5829
1139 1856
3878 2797
6170 3049
5557 4512
5206 3531
3812 4429
471 5140
2496 1076
3994 3911
5303 431
5201 6570
5113 4471
5753 667
2867 6092
6874 3552
6375 6837
4424 462
626 2395
2213 4521
871 6363
1869 4711
3541 5255
425 1358
5311 6334
335 2596
2045 5876
5462 6503
1735 4896
6644 996
1009 4792
5835 3301
518 1522
1289 645
950 1179
886 3638
1732 4598
5614 858
1723 348
3614 256
3684 5159
2846 4814
5332 1145
977 2221
6919 3271
5787 1725
506 4521
535 5259
3202 4634
10 6569
4857 1791
4074 4563
3384 4116
31 4413
124 440
2734 5697
4848 924
3017 5985
3917 3798
3046 4471
2161 2802
53 5111
6524 5751
2787 6462
6589 6900
3315 2417
6126 4924
4490 6319
4565 986
3620 5682
6488 3061
908 6564
6823 5791
4581 4902
2931 1673
4675 2285
3124 5451
194 4942
1901 2289
2038 4250
2090 4440
6037 1849
3115 1201
6687 2897
2031 827
1936 3973
5565 2793
437 913
4260 2982
2111 2284
5235 3790
1610 4742
4698 5837
252 5297
3542 3897
1307 769
5880 1084
1684 719
5935 4955
2728 1694
5092 3512
1762 1349
6963 5397
6185 4349
462 6046
6038 5053
5312 4949
6160 6736
2762 3907
4032 499
3999 4523
5088 2989
4974 1921
6488 5289
6517 3775
6044 1865
2948 6514
1632 2407
5625 6577
3507 1782
5711 5597
1356 257
5831 4201
5583 6351
4236 679
2400 1232
6491 5937
1322 4810
1847 1248
126 5723
6163 5879
3152 278
6729 2318
3900 4867
1658 3978
3652 4765
1561 4045
1900 3511
527 3034
317 2258
3978 2491
220 2325
4105 4518
1240 4404
1245 5502
3208 3970
5937 813
369 5831
2275 6017
715 52
5692 228
5069 1003
205 512
1079 1268
3004 5668
2510 5133
1202 5051
5589 6896
5783 3729
174 1576
5005 6845
6891 1491
4931 4452
1980 5318
292 5769
5526 5793
20 1109
4220 3128
6362 6065
1756 3358
3473 1393
6883 5013
5054 321
2533 6433
4680 4052
5650 6768
602 3716
5196 2656
3805 3071
1873 1664
4827 6731
4827 315
255 3608
5019 6901
2906 2450
690 530
1435 1438
6127 3165
686 3794
3430 5079
5049 2579
3984 2255
467 4430
2867 5905
3609 880
2267 4220
6788 2093
6750 5773
119 714
6349 5429
380 5185
5373 3642
5218 6737
2052 3477
4848 1542
307 4148
5749 6373
3140 4724
4167 1558
4258 1676
925 5658
1517 3318
954 4898
6742 1344
2162 612
1384 3728
2946 4858
3560 6249
955 1336
4905 2426
2410 3343
3561 2687
3499 1809
3659 3976
264 664
4802 4176
3587 875
2556 6551
63 2633
2654 670
3841 2677
6071 1297
4400 4361
1993 5125
6437 3340
5193 799
4327 4822
4348 3447
4299 6938
4165 3740
335 1254
5063 5644
2836 5787
4794 6917
832 2060
3198 541
6786 6877
2106 5941
676 766
6932 286
6366 1595
2291 4940
1833 4062
3533 238
919 3907
4697 3951
4625 2385
2071 6105
5775 3756
4782 5752
1948 4951
5580 1036
5263 5301
4215 1174
228 6618
1653 869
4741 466
2896 3185
313 2003
3021 1379
1990 639
6630 2176
3856 2180
6168 3808
4568 696
5939 1504
6966 1344
3597 4171
4130 6886
3755 4757
2082 6994
1614 4674
2041 577
6505 3578
4375 3684
333 3759
5040 6518
6556 6549
1645 3206
1798 4202
2537 4541
3492 6225
4992 6477
329 3236
2781 737
4874 1503
6416 503
2413 6168
999 5690
2308 1456
4116 6025
1289 2231
6876 1427
2254 5357
2096 4017
2400 4428
2307 1985
4077 3064
3234 1621
1773 2051
5601 1458
5948 4949
120 4940
4289 476
2360 4248
1894 3509
5259 940
6752 21
2827 681
5129 5031
924 3422
2548 1266
5533 5646
493 6619
2420 6184
4404 1365
5651 1171
6987 1766
6708 6515
5252 6535
3595 2889
2194 6780
6669 144
4587 1422
4993 2110
4642 1129
3623 1904
5925 2844
909 1959
4085 3655
6910 5868
5981 3153
6141 1156
6416 3081
5390 2685
3492 5770
351 6512
5575 1684
1709 3705
2961 5353
5848 6946
1770 194
1233 743
6933 1506
78 3909
1389 502
2566 1067
3971 4465
4915 5960
2417 944
3339 990
4214 6852
3555 5718
1129 3022
110 3043
6951 5468
10 5845
5335 1069
359 337
455 6461
3375 4030
6243 3661
3091 4271
1754 2293
3908 329
5202 1479
5761 3163
1592 1211
3087 365
1719 3238
4392 5811
624 4203
5202 4862
6881 6577
5451 5566
2151 2114
590 2340
3456 5308
3120 5359
2272 3572
2208 6031
1360 4244
4228 1623
5291 1120
3577 6766
3037 2880
1700 902
862 3967
146 4551
3043 6832
4820 2666
4037 1274
2509 6144
960 3721
301 4839
1889 4184
4072 3712
1354 1396
700 2104
6925 59
5772 4052
5495 1300
3690 1166
2131 4471
6207 3980
768 518
2382 1838
3006 3917
6958 5834
4933 3482
4401 5873
6333 5782
5275 213
6398 6177
1541 441
5885 4868
3364 4564
5079 5936
2221 3583
1875 2946
3083 2824
5576 326
5318 1788
378 713
2300 1432
5942 4621
2122 2823
4173 4144
5787 546
599 5785
6284 1352
119 1950
2204 4353
2276 6673
2954 3353
4552 6392
1462 3716
4643 5756
619 21
930 4609
4471 6992
4016 3379
4790 2019
6125 3924
2269 6633
5898 4699
837 4795
5068 1963
3096 2655
5938 1065
4439 4421
912 5908
3570 1757
2161 1623
5929 3231
6887 2934
3215 3286
950 5611
4928 4585
3687 63
1598 6586
903 5041
1508 3660
5548 506
2401 4466
4517 6182
465 4815
2751 5222
2144 6530
2242 3655
3269 6905
2460 5046
2907 5735
4803 5987
474 6032
2998 5853
6107 5573
4481 3492
4672 54
5260 978
1208 6027
4508 5315
1705 417
3733 2286
118 1674
1203 4902
2457 5125
2507 4488
210 4646
1791 5072
4162 1645
2759 5463
2697 4585
5496 5577
1878 1284
5985 106
6050 501
3443 6095
4870 3802
3712 3287
3942 6193
5983 2662
5952 1097
1879 1105
1652 1880
1910 418
3147 1788
2345 346
5048 1630
1906 3682
1652 5263
2500 634
1650 5190
1402 5088
3740 5685
6878 6897
1620 63
2014 3400
1155 2178
3421 455
3290 3944
1738 2004
5748 3145
5808 3196
5190 4315
4557 4402
4782 2800
1635 3754
169 3086
6464 1780
3573 445
6558 5579
1699 4678
923 5211
295 5642
5312 2965
5309 2694
40 4369
50 5057
5828 1569
1789 4571
6491 570
2033 767
6880 153
4216 4459
4708 4921
1356 4689
5798 6241
5079 138
1658 5027
1431 5802
6691 631
2501 54
1214 1603
4985 6892
5420 6066
1246 3770
246 4595
1992 1116
583 982
4669 1179
5383 6938
4607 4465
4667 4516
1429 6106
6809 1791
897 2835
3507 1676
5227 3392
523 4314
2579 1815
5504 1980
2706 3088
1672 2831
1146 6922
391 1162
1137 2672
920 4135
1784 39
1820 1948
201 1038
892 2841
3306 4022
5706 5497
2165 3114
5308 4670
1476 5521
5927 4153
5211 4737
3279 2576
6691 2859
3062 4793
6582 2135
3986 748
6983 227
534 3318
2812 3864
312 5191
1628 2128
702 5346
819 269
1587 5510
5971 2920
3104 6143
2328 6676
3598 709
2295 4284
1310 3889
5842 3449
3758 4654
205 756
929 4197
2854 2935
1730 5414
5930 3269
1195 1872
2449 5101
983 4433
1112 117
1444 5582
3352 179
4224 108
3806 4321
5311 4163
3439 2807
3372 1585
5369 1889
5641 133
3552 240
2600 2237
1380 5008
6662 3568
2752 5260
2962 374
3557 3967
3094 1991
6723 57
4171 5358
1556 6173
3949 61
437 2580
3326 836
3 6260
5256 6334
2589 543
5703 1361
5231 2305
4419 175
6124 3111
4236 6884
2708 5338
5874 2182
5282 4522
3355 2705
6211 4985
5411 960
5753 4107
3674 4902
1823 4423
4097 3315
5931 6099
3818 1648
886 6728
2753 1324
4124 5138
3250 2130
454 655
1274 6810
3275 3880
3029 441
5024 6334
1256 4726
1972 4896
4458 1227
2405 3243
6861 2973
1353 1626
6229 5914
945 4275
4434 52
6232 3179
2216 4475
3522 724
4387 5898
316 317
2690 3577
5324 6976
3397 5159
759 4270
5104 2506
5477 802
5357 6335
1897 2628
3674 714
1000 4332
5700 6674
2116 6873
3845 1535
3072 5749
1391 3207
1976 3860
742 2761
1585 4204
1363 5323
6829 6444
5406 2440
2887 3717
6056 4242
5345 5170
328 677
6988 4222
4345 2989
1312 1601
2008 6000
2378 4779
5079 2984
908 6621
6739 485
3658 5442
1967 2212
1879 113
6113 962
1655 5323
4425 1413
2432 1982
3495 1479
1831 6488
5857 218
848 2756
3176 2665
5015 1629
2090 1464
4387 2060
5472 3036
6806 6968
6868 2184
2239 4189
3409 1331
47 1165
4126 6607
4959 946
707 2901
6330 4760
856 2243
4505 6603
1850 3855
3689 567
2503 2922
851 5282
1785 6843
6477 4406
1783 6016
3342 459
878 1443
6721 4766
6853 6383
1776 2593
3524 2193
4274 439
2496 5134
5574 5541
6379 4248
5732 465
899 5703
6620 927
6129 4073
3259 3615
6218 2610
1549 5970
6494 1727
5744 475
5537 3380
3254 6654
1045 1741
4697 5618
5009 1009
743 1376
5445 3791
3100 6187
2190 3522
5166 4376
1114 3009
3776 2040
828 925
4240 454
573 6068
3506 3842
791 1043
923 3414
2597 4031
3564 1568
4863 3062
71 4137
320 4841
4401 4694
6020 6358
5260 254
5172 4571
4864 254
3188 2220
5729 5428
5139 2179
2506 1634
753 1690
5400 234
2898 4898
6666 3500
6535 6989
2645 4452
788 4128
5043 5100
2589 6772
3711 1214
1123 6104
2825 3107
285 2753
932 120
4753 5526
5170 4094
2854 4976
1465 6218
3446 2636
123 1644
1243 1675
2638 3631
6999 5753
4848 4982
3979 2318
3136 875
2842 428
4218 4586
5185 1369
6558 6010
5682 2175
6774 6574
2010 1029
2109 6670
4926 3360
5669 435
4299 6645
6427 5712
218 376
5147 2016
1405 1629
4873 2945
4400 1035
1652 1506
5079 569
3609 3165
680 1346
6375 2519
5550 5789
335 1311
5259 2607
3421 6497
6936 3495
6566 2464
1989 5413
6934 1170
1395 6926
6746 1119
2787 2949
113 2403
3692 1106
5997 5727
5746 1944
4658 4834
1289 2743
2658 3478
3667 6122
4068 50
5090 3710
50 4683
1762 2374
3868 3402
5578 6682
2130 326
3405 2180
6760 1175
4435 4947
4368 3725
5987 5389
1438 3216
3683 3622
4745 3675
784 4678
1009 824
4431 1795
904 3282
3063 1662
1533 5705
6581 2341
3057 4099
631 649
4141 1467
5514 6108
6229 1889
5284 6585
4229 533
3699 4505
3578 6430
3046 6569
1124 1686
2793 1959
928 1774
4544 5240
2416 6173
6566 1659
2823 4053
423 326
5252 4014
5195 3480
2695 2555
2791 2263
3911 2294
1514 4500
1693 6717
46 3005
3310 384
5827 3198
3877 6847
5799 1150
2621 3545
6952 6956
3334 2663
5981 4015
6268 3291
1959 6994
6816 4816
3980 5440
5538 2664
5096 67
5849 4246
3947 6431
3844 3300
2352 1411
2358 5363
4774 955
3631 5636
4094 442
4987 1248
4723 3619
2686 3916
6946 5986
5583 2033
3411 385
2628 3911
986 6959
4950 5503
4275 6088
2116 538
2527 2324
6345 1043
5541 5190
5264 186
1024 5938
2240 15
6565 2480
3547 6288
1233 3833
770 1857
6444 4405
1215 2473
3544 5236
5848 587
2073 4224
4263 4923
6925 3954
2546 472
3819 745
4810 5092
2014 611
4418 5211
5461 3332
3721 3593
2728 3337
5873 5720
4431 5446
6867 6578
1439 4059
4000 6391
4049 5529
3684 4842
2896 3860
1913 6544
6765 5520
5394 1706
5053 1413
2116 6149
3582 6817
1161 4465
1801 4825
2926 5200
3428 6350
1551 4650
615 764
1406 2017
907 4548
3178 6175
6137 2918
414 6867
6264 4945
409 107
958 349
813 4132
1183 2911
6723 2261
5446 4498
1050 3321
5105 1953
6970 2892
6337 2225
3577 407
581 3782
6030 1516
5808 2635
3478 6063
4003 2501
3509 5376
6900 4782
3562 5010
386 1062
2227 853
6490 2440
1925 6904
4465 4252
4432 1860
5144 376
2573 709
6107 6085
5455 1958
4684 2835
2230 3753
6179 1989
3787 4539
4377 1372
3004 895
6144 2934
5216 5325
3365 4846
3189 6310
5703 5443
6567 1347
2220 32
2715 6427
1753 1320
2806 129
5786 4165
6233 5608
4855 623
1432 2433
6062 2528
4109 2496
4518 6865
5191 6207
5948 5624
2452 2260
779 4497
2830 1654
2833 5335
5942 1645
173 2243
2146 4405
2110 2496
4539 4709
2116 5694
2565 3076
3905 4544
3683 5663
2349 5114
1819 1916
5024 4350
2686 1501
1528 986
5265 1029
5205 978
6369 6943
447 883
910 2105
2226 6212
1961 4251
906 4615
880 3394
190 2947
6850 76
3338 2595
4787 1404
6127 3653
2369 2733
4769 44
4265 2985
3712 4499
5748 624
6503 6384
5469 1209
5190 1794
4453 5665
4571 3442
6863 3694
1548 2742
3072 6798
5730 2647
3129 916
4598 1101
2643 4406
6771 4105
575 5390
215 5047
1829 1449
430 2757
4747 4607
2887 4766
1825 3959
4220 5844
2296 3544
5644 6286
4775 3622
2352 4607
5521 968
3835 2246
259 3060
5431 2206
6898 5728
1762 6993
1881 1989
1033 202
4126 2395
1874 818
6330 6964
2193 3015
6624 271
2463 4596
2559 4304
1215 5319
2394 295
4978 167
5697 3264
716 1434
3331 619
4072 4037
3630 1440
2401 685
5376 4377
2743 3832
802 6843
2426 1681
3068 2087
738 6269
2004 5371
266 6459
2886 5988
106 2794
1231 3169
4896 892
4648 3042
854 967
6306 3880
6141 6287
2902 3488
5385 1056
3585 1266
6138 5235
6570 5646
1745 4329
501 1788
5850 2324
3730 866
3404 1605
4493 6487
2456 2620
5438 1067
4768 1996
2144 4977
2273 1415
2548 5592
3327 3078
5820 580
1651 5044
5125 6205
3082 2493
4818 4742
2077 722
4532 1904
3133 3212
5068 2638
2571 6892
5059 4804
2483 4793
265 2800
5521 2391
6183 4954
5682 996
109 1506
133 6064
2473 1072
5733 3213
1693 4115
4678 2079
5576 3229
5648 5549
6135 749
2365 2478
842 1276
1432 5279
6253 2690
4122 3295
3645 3895
2057 1544
5008 678
6382 1757
1610 4238
6035 3901
4481 1134
465 5840
2206 2017
5227 2644
5877 3692
1887 6209
3162 893
4350 5754
1487 2303
6523 3840
3947 3829
6060 2618
6867 1398
6240 5437
5773 5971
45 3160
4401 4938
3336 4614
4894 1838
4829 4826
1985 5589
4581 6976
1873 5348
3178 4378
4202 1695
55 3474
146 5844
2792 4342
555 3797
3017 6904
4574 6936
3342 1776
2359 4460
611 4860
6024 2183
4757 5108
801 4203
3406 2700
3440 1530
5558 663
3228 4091
3166 3213
4878 150
6803 5304
3837 2105
3739 5734
6077 6331
5177 4354
4122 4718
3085 26
970 5328
2933 6802
4485 3080
1558 2088
5073 3250
3824 365
4897 4714
5326 1444
1743 5251
1588 1176
347 5322
4614 2147
5719 1146
4571 5483
1297 1000
4693 6412
4447 2973
2074 4075
3980 4261
4940 627
5401 5186
6934 1414
6743 4098
6192 23
5184 987
5194 1675
1078 5019
5660 916
3822 4806
3044 3758
6586 3333
5274 99
4897 3559
4305 6653
6488 3175
5932 5172
5713 146
2845 515
5544 5063
3954 1885
6163 382
3895 4688
4208 3687
5670 6865
5670 449
3679 3343
317 3177
5442 4005
3489 967
4046 1824
6338 2076
6692 322
2136 4148
212 1848
5969 3899
6843 491
621 6971
3728 6618
1882 67
2697 5878
5772 352
1303 360
4847 6424
5628 6989
1201 6499
2414 2557
6645 3135
6526 1723
3534 336
1641 355
5527 3150
513 6098
1561 3809
3304 813
382 6581
5055 4094
2751 2327
1904 4148
2184 6417
6267 681
3455 4365
6037 1158
1343 2768
2719 6926
5787 6645
4328 732
6685 1379
3670 4704
464 5051
6746 2786
1670 4102
5777 2924
2666 6541
5090 1994
3347 2738
2144 952
4279 3472
5285 5845
884 160
3227 1101
1047 1844
5312 4258
1346 1911
6087 4254
1823 5448
3463 819
763 5468
1666 6962
6291 1051
3304 8
6380 342
3809 675
693 3948
1756 6855
3585 5885
436 6012
2148 3703
28 4497
475 5940
6535 630
2920 6434
2061 4458
5602 6841
2861 5073
748 622
3635 2215
5381 5152
935 448
6468 2791
6122 2154
564 1444
4203 4362
1108 2096
1202 977
4433 3134
1519 6511
4563 1672
4532 107
5812 4557
1018 2553
142 5134
2547 6953
106 3225
1976 1502
1783 4113
6616 3039
4398 3298
3190 1168
6762 2864
2195 6501
5328 6615
3957 3555
6140 6493
3334 4330
691 3097
4648 6856
4829 3484
546 6126
5572 6975
5202 1780
4015 527
6635 56
4775 215
4613 2139
3171 6029
6142 123
6818 3146
3774 815
3989 2689
6260 4316
4952 4988
3801 3392
3543 4854
2741 3412
1719 506
380 1111
5874 4280
2362 6799
3792 1394
590 2641
6811 5358
2549 6625
2081 5059
2633 5572
5248 4757
5757 662
1027 2615
3351 5034
1988 1081
1296 3971
1912 2025
3937 4377
1110 1337
6526 2341
1359 2041
4000 2447
3279 6097
4062 3325
5279 6672
3245 70
1744 347
3674 5845
5638 3757
6980 6833
2892 5809
2584 1492
1131 5193
5696 1483
2805 6564
3949 4737
1681 3381
3350 3654
1591 6871
6125 842
531 475
2546 2139
6007 6448
28 6270
5723 6689
6279 4692
5002 513
5067 5072
1803 1277
4320 4091
3141 2699
5808 2074
5058 822
6845 6766
3652 959
3342 6395
169 1964
260 2082
5519 5354
2850 2900
5264 4081
3462 4218
917 3520
4895 242
2871 744
2191 985
594 1554
3897 4523
6569 78
2954 5882
2920 636
4542 1817
3927 6617
828 6861
895 1667
3852 3999
736 856
2322 1626
6618 3353
5811 1567
331 3022
1389 1421
986 250
1607 2812
203 3776
5836 3317
2040 6077
6212 6048
2972 395
2065 1411
3102 6103
2654 4435
4335 2813
3464 3486
1282 3402
4155 1125
4993 2224
323 1976
2038 5600
321 1149
4514 1997
6754 6223
1310 2417
534 2196
2892 4199
4915 5724
6221 1973
1372 6678
6754 3190
4393 889
1456 5625
5656 6890
3168 2562
2519 2116
2020 1237
4198 3831
5282 4205
239 5661
5877 5546
1395 1185
6963 331
2668 1458
1305 2423
5754 228
5372 4098
4587 6797
6832 6449
5457 5899
4304 3476
2514 4374
2998 811
145 2212
4985 427
1225 2844
1404 5061
1073 5456
1128 5163
5710 1060
3189 756
6943 4186
1478 6673
6137 6008
4487 2779
787 6001
5844 1999
1654 1422
5668 4217
591 5308
4070 397
1766 5800
3478 2737
6241 2574
714 3429
5840 2230
6621 2041
1206 3891
650 5888
6244 6255
1242 3548
4418 1080
1577 6278
5777 1127
398 2634
205 5245
3725 6751
296 4609
1206 858
4783 2898
640 2167
5650 4735
5490 1070
574 3799
2783 2296
3213 1126
503 5087
2354 6320
1325 5653
3720 3374
537 4671
2056 1967
225 2864
1278 1673
6047 5310
2315 3359
3435 3390
1783 88
281 3927
3491 6705
4663 510
4332 5069
2902 6310
6347 2569
3143 2989
1930 515
6319 521
405 4902
1367 1341
255 1925
1642 3266
6564 3735
5227 5921
3608 4257
5638 537
805 5775
3234 5736
242 185
2358 2655
5687 6845
4166 54
3217 844
4404 2097
1608 622
1353 5765
4350 5998
1759 4955
5150 3607
76 5750
6712 4737
3221 1717
5870 6148
5579 5218
761 2820
1002 1751
3286 5495
5583 6091
5578 5747
3088 5510
600 1182
6202 1410
2054 335
4113 1517
684 129
95 6150
697 4498
3956 1533
2371 5869
2555 2014
5294 2955
2178 6228
4819 6634
2930 1137
3133 1496
746 4390
1274 6761
1804 3543
3423 4453
1862 515
5310 455
2820 6634
3570 716
2914 5515
6279 3700
2413 1557
5382 5404
5501 400
5088 4957
1693 2399
514 1007
6574 615
1288 4565
2136 6352
3870 1358
410 4067
2846 1789
3128 721
4742 1287
3625 773
5891 6220
5640 2437
729 6264
2188 5761
2653 1394
6047 6733
2623 4935
4782 4069
3189 1374
712 1372
6351 4111
3206 2482
1879 4602
2314 4530
1394 1177
5012 3218
6815 2525
3308 6142
3668 4233
3516 6091
3134 3545
4856 1924
5589 5481
5602 3434
2486 291
2665 1754
4975 6719
2606 393
6031 2793
3670 6908
5649 2499
1289 3231
4468 4444
2937 3381
5614 3444
5860 467
132 4072
2635 2262
1718 2590
5861 3321
169 6583
2683 5716
4983 3577
5557 6293
4559 1529
3026 6055
722 4288
3466 5573
1415 2000
6986 663
3338 4075
2496 6240
3210 4829
32 6470
3934 4860
1928 6722
1143 3005
4145 2828
5043 3978
2954 4085
6789 499
6622 2079
4380 1190
5125 6262
1804 1933
6214 564
6692 566
56 2333
6183 4661
2382 1415
4904 3819
3233 6883
2481 640
1328 5387
3298 862
774 1795
2606 6004
1615 2411
1553 1533
1570 4920
4968 4743
3934 322
1759 5573
425 6522
4491 5343
3723 3485
5870 6766
2135 1134
2663 3505
2659 6769
4565 6955
3585 3551
1635 30
5174 1586
2694 2037
3836 4301
1898 3823
6010 2989
4764 6791
5449 1232
6698 3363
2004 4973
4550 6273
2274 138
4455 3003
3545 338
3225 5086
3020 1648
2545 4573
535 4007
1208 6759
5845 4615
4167 5754
430 49
6689 2496
51 6846
6974 5109
431 651
2485 3741
3049 5769
212 1287
3190 5250
6808 875
6744 5586
1450 3259
266 1523
1816 1138
5797 787
5246 3882
227 5732
2591 1134
5641 6663
1198 5640
1969 4763
138 5660
5955 1346
4176 2433
2870 3932
4771 3774
1689 5877
4108 986
4894 1895
6014 1926
1654 2658
3113 6319
4603 5129
6134 6946
4110 5196
6224 6839
3359 6725
1427 400
5912 5032
4735 4467
2479 6154
3568 3866
6465 2737
150 6020
4852 2019
4224 2450
5719 2358
555 821
5863 602
980 61
6611 5191
489 2453
2696 4287
440 5974
6023 6152
5108 3143
3086 6724
978 6781
345 2704
5613 3810
6055 4155
6642 1471
3620 3625
3962 1110
6634 829
350 6431
2614 4635
3395 4446
5566 6623
4506 227
2486 3137
4079 5078
5787 5279
4259 3733
2464 4287
2540 2619
6122 1593
1137 21
6207 1142
1482 3439
4663 5479
5905 23
3756 79
6729 2944
6302 3631
786 2423
1503 1283
4990 397
2306 3327
5578 6983
1008 4687
1223 1643
4647 408
2243 1443
5269 6578
2704 340
1339 6140
6496 90
2891 6582
1210 4040
3388 6634
5069 5012
3269 5222
4707 3842
1925 6237
5622 465
4376 4267
1984 6817
5439 758
3073 4529
2512 520
4468 69
5772 6825
1923 125
6085 906
1632 5611
3597 1496
4684 5551
5716 2729
3343 3077
4680 1645
4308 6203
2166 2512
767 3820
5994 2673
416 2839
4487 1250
1916 2337
3218 1850
6070 224
5887 6933
3934 485
5673 6415
1401 2830
1189 5391
1308 387
1488 5458
994 4923
1560 1362
2523 655
687 1208
6783 2725
1437 2460
2325 2922
709 4939
2619 3369
4635 1471
2013 1115
872 207
2618 3144
2639 4021
1835 6670
5844 4203
5976 6574
4720 1020
4783 4752
5679 5829
262 4600
4372 2939
4313 5742
1877 1604
4743 4572
1135 967
6111 2453
701 4647
1224 6674
3867 1491
2401 823
1695 6259
3002 5362
2001 1081
10 3975
5017 610
884 6983
1772 1029
4731 6440
3561 630
8 3148
2005 3452
446 6757
3522 4839
6965 271
5628 1703
6187 3387
652 217
6943 5585
93 6080
525 2327
2488 3047
934 6696
523 5664
2639 3216
2668 1702
3483 1097
2767 5845
3189 650
5002 5563
1239 4299
3693 2627
5764 1190
3470 111
4645 4013
3566 573
2105 249
4431 5747
6833 1633
3588 2052
1884 4222
4680 6451
5373 4163
2790 3735
786 8
3748 2684
6886 3896
2221 4746
2345 86
3408 5999
4925 6632
847 634
4042 2380
6683 6950
3766 230
4643 6919
6601 1633
4261 4373
6279 5554
6310 703
2015 6748
6867 5724
3047 3926
497 5890
2548 3047
6397 3331
619 4567
6154 3573
1959 2652
3012 5625
6405 940
804 3566
6924 5477
200 4391
1009 588
294 1774
3501 5035
3432 2986
1226 2508
1353 3781
477 4110
6258 139
4468 1037
4549 467
844 4843
6730 2578
3363 2068
2898 6435
5448 4471
40 1076
866 660
6566 1423
1490 2739
3150 4404
4953 3711
3544 3577
3048 6379
5438 750
558 6142
1145 2704
1396 6487
6219 1315
6905 4272
5853 2655
428 3817
5751 4630
5620 5867
300 4571
2880 4701
710 6132
2288 625
6064 6258
2040 523
3189 5456
5057 3660
4305 2335
1132 4320
3102 549
2216 2442
4626 4605
5529 6099
5961 94
3368 4640
5740 4067
5363 1865
3126 2074
1304 81
3860 2069
1869 4963
5793 4832
5910 5417
901 1539
4010 2013
7000 6737
1050 5045
6848 2933
2050 3439
4557 5565
2726 6462
4722 3912
2829 925
6270 6110
2517 6288
24 1616
2825 4189
6715 6726
4065 2070
3965 4872
640 801
454 4583
4093 3337
2312 1345
856 1365
4557 5915
6386 4191
3956 4005
1308 2428
4675 3692
1024 2669
915 1945
2209 3849
5046 5325
5230 1470
5569 936
1677 3988
2091 3039
6418 6331
4199 730
2177 2059
5480 5782
3238 4893
3546 5046
5217 484
5607 639
586 5826
1048 3413
895 919
1736 1535
6751 2195
6245 4309
1324 2530
3447 5417
6184 6285
1330 3476
4620 2830
4682 3708
3902 5997
201 2201
825 2028
1816 6375
2900 3743
6081 5783
301 2782
693 6046
2498 3928
2276 883
471 749
472 3603
2829 1998
4231 5125
5418 6378
6170 2041
3804 5812
5953 3504
3957 392
1627 3820
803 6591
2773 5072
4417 1316
4076 1023
3818 6649
2701 6135
3983 4996
2016 6032
3480 3621
3237 6869
6775 2565
1093 6515
3640 1624
5744 1825
5537 4730
5465 2410
6492 6414
5781 5090
4808 1322
3816 6172
4191 5295
6118 696
6235 1281
5679 4032
5118 5685
3194 3385
670 4318
5871 4202
4615 6562
5556 2878
4217 3483
4236 1281
4368 3652
760 47
1684 166
2114 5412
5476 6332
6668 1513
6231 1512
4765 844
5955 5778
4334 1789
1161 3774
3088 3339
1770 4821
1457 160
5920 307
6307 3227
5876 8
4418 3365
3862 6116
5011 4633
6656 348
3385 5962
2146 4519
1979 5345
6774 4541
3412 4375
5375 5095
5683 2996
2665 6804
1323 4482
6430 4731
710 5945
486 3985
4464 2959
3753 881
4302 1877
3004 3237
5591 374
5052 96
6984 5
6325 369
1839 2682
3807 4500
3668 1712
1591 2553
5851 3869
5259 3957
4292 758
3550 121
1834 2688
3969 5208
1358 6142
1741 5880
4974 3946
1266 6553
6397 1534
2009 6634
4500 1811
3008 6338
3748 6148
1979 1507
2170 5239
6574 4055
6887 2300
2998 4869
2817 5989
5429 1493
16 4170
5513 6856
2906 5280
664 4391
5769 2315
5729 5168
1123 2461
6295 1607
1617 3750
283 4699
5605 406
1867 3144
2490 117
6354 2187
5662 159
930 6203
6589 6965
3977 5045
2423 2278
1332 2985
14 2969
5070 6636
115 3775
4230 2458
4497 358
1673 6661
5840 6288
3476 4470
3068 2201
5456 2161
2914 1734
3098 4295
4409 888
101 2564
2685 2436
6919 2531
4154 369
2185 4742
1474 5670
6882 3403
5741 2495
3714 3480
2332 1759
4114 189
3794 4937
98 4895
2627 5060
5734 4707
6224 2090
938 6040
6134 5580
1929 3217
5843 2398
5693 5837
3174 2196
5779 693
5233 3378
6940 725
1297 3879
576 3365
4540 2633
6956 4641
6061 756
1047 2950
2418 6764
861 3726
2731 5009
2129 245
602 1553
1608 4680
5868 3744
6293 5236
2711 600
6138 1161
912 3664
4083 852
5395 1053
4835 5560
1614 4121
3525 5405
2343 4496
1097 6046
2854 2756
806 5116
4636 1186
1334 5235
6587 5309
5821 114
1244 2309
2646 5436
369 6246
5438 3759
3662 4363
5069 1418
2488 1063
6306 2034
3790 6992
5736 191
543 168
2692 5030
3497 2983
1270 3880
699 4845
6855 6413
544 1524
5184 3061
1137 2038
4934 2132
359 1744
6073 6377
6138 6772
2903 2217
4369 633
3909 4590
6504 2399
4143 98
6507 6080
1025 292
684 6415
2551 1011
3767 750
4794 4754
2733 493
409 1457
6006 5505
2150 4050
6723 3611
3884 5472
4448 1084
4231 6711
248 3983
2827 3511
4974 6792
3078 124
1702 3136
2452 1382
2730 3578
1176 6473
3439 1823
4127 5607
6613 2692
1678 1207
2509 1135
47 2946
3355 6259
1543 4954
5961 1948
5749 3755
6556 5541
6652 5249
3624 4205
6888 1584
298 3696
5334 5233
4209 694
518 1750
4112 761
2190 42
106 6909
997 472
6236 840
501 2520
3651 2995
3561 6485
4831 3831
306 6216
2959 1721
1338 4148
1274 2443
1522 293
6480 6835
3949 5843
6853 5131
3634 4519
4635 3138
115 6621
4700 1281
6818 414
6553 4869
985 5723
4484 6352
6186 3355
6647 3750
6905 2288
3319 2414
6989 1235
6121 1425
5488 1512
3220 1654
6766 2883
2359 3769
4847 927
915 6832
5249 4879
4404 6773
6527 6250
3993 5741
3716 2989
6396 6733
6761 1004
1974 6587
3132 2938
2783 2784
5672 1040
1998 5483
2249 2096
4363 3739
4686 2672
4280 1984
4027 1538
5727 4130
1752 5427
317 6324
5616 6743
3333 5853
2216 3841
5354 4299
4609 4145
2773 4698
2809 4355
3363 5695
4920 1563
1119 3979
3863 6018
5348 4484
5007 4191
2118 3683
2271 515
4314 2692
5193 3792
546 1084
802 5965
3851 5634
5726 6507
3980 3570
6681 2529
6130 4870
1848 597
2262 6064
772 838
4535 2102
1704 818
608 6099
52 1680
4752 3268
731 4220
4991 5536
3248 6280
5311 4952
5273 2216
5328 1923
1420 4442
811 2671
3438 3371
5955 2021
1308 3477
6975 2602
6042 4649
5486 6646
5424 5768
885 5037
2986 1557
4290 1143
850 5982
2863 6819
4017 5680
6417 739
5670 6174
1840 3688
3734 2359
4200 1600
4043 3868
6221 6462
5342 3110
3726 5881
4168 2816
6336 4722
1819 1306
2068 2010
1569 377
6204 1570
1763 1374
1792 2866
2938 1112
1236 4863
83 2440
1511 6788
6456 2545
3715 4187
5934 3372
2383 301
3069 4012
3768 1569
4487 502
359 1557
2245 367
1477 4925
6883 5241
1279 4186
6136 4260
2870 3802
4492 4229
2054 18
3401 3438
3270 6927
2737 4212
1997 3648
2955 5603
1115 2250
2708 1939
5256 6318
4203 1093
627 2661
5780 4783
2743 4377
6057 1119
86 4966
5499 3043
1648 6096
6034 169
3534 4906
5631 2408
5748 3747
6902 2608
1016 2621
3533 1271
6559 5652
3751 410
4874 6374
4771 2489
3126 358
5156 3054
6307 2398
2635 2750
1381 275
6890 4476
419 1584
6021 1812
4426 5460
1542 5296
2973 2745
196 5484
846 116
2819 2278
4170 4716
3861 6590
3611 6415
3327 240
4414 4295
123 660
279 1173
6461 1710
4100 5825
6844 1448
4841 6991
4815 1606
6346 6833
3698 5256
1709 3315
5276 503
1705 5825
4100 2792
5846 5729
5851 6073
5146 4594
6093 5606
4992 4127
3748 1586
3658 5076
6373 2213
3472 6606
4680 2320
6170 1130
4987 6412
5933 5324
608 3684
4209 6118
5341 1248
601 2513
1351 759
126 3186
5950 2295
5862 196
5958 6320
1536 6174
292 4387
3088 6616
4549 524
2492 5050
3046 6390
2521 3536
152 1374
1681 112
1710 5014
4614 4302
4384 1396
6778 5308
723 3792
5102 858
1115 640
4886 5929
6120 612
2419 226
6990 6130
2642 1961
6959 4565
4166 6771
6711 299
2824 1443
981 825
6996 1414
5657 2019
5032 1967
6064 6315
6016 2891
4273 3635
1294 2453
4023 2706
2472 6626
2992 1966
4065 6315
13 784
973 3566
6736 2399
5012 941
466 5455
4213 6186
5108 1403
5235 2676
1785 6827
5512 1264
1100 5970
4744 5822
5231 5940
6599 3067
2342 1268
687 4111
5793 4889
6507 3478
404 1544
5257 3374
2146 6991
3483 4805
5071 4904
6249 1907
4967 3800
1775 1571
2573 5523
6625 4638
4880 4555
916 6041
5431 5597
4681 181
3930 1710
917 5862
234 2422
3589 5581
4265 2188
5801 3595
6385 613
1691 2223
1772 899
4444 618
5264 6773
4290 6567
6096 3893
5442 5355
1990 5673
1706 5914
1766 6719
1181 3814
6260 2015
3975 4462
4727 125
4078 6095
4008 438
4169 5459
5685 5490
6901 5983
526 5051
4250 3354
6614 5172
3469 3543
6113 1214
6498 1025
2477 1977
4810 2230
2876 5658
1532 6673
5248 5839
3689 1974
1316 5328
2586 6084
4836 6834
6486 2893
5144 4735
2219 4570
6911 2133
6603 1980
5016 5489
5823 4269
566 1043
678 1284
693 3070
2245 2758
6598 855
27 11
5145 4556
534 1505
5608 116
4548 6552
5876 870
2617 1583
2703 603
2233 4626
6123 4911
6317 1744
6401 6353
6463 1569
4653 337
6645 297
234 462
2068 3246
3353 1624
6868 2786
6646 3905
1598 853
1515 5514
121 6412
5058 1554
475 6940
3465 5248
2066 5802
1753 1141
4154 6224
5454 4910
2591 5623
4454 2729
4053 2385
3986 1163
2835 1819
1750 4226
6998 3956
4644 2826
2159 2179
554 5139
1844 855
502 2697
1157 6341
1465 4242
2728 4581
4130 3544
5534 328
2263 1778
2170 5751
3109 1240
1175 4668
4416 6759
5187 2472
4502 2369
269 2876
2015 5813
4219 3212
853 5556
3136 2282
1541 5930
6918 1344
677 3610
2260 2611
4616 404
2654 1784
6892 123
5241 6091
4838 2668
1006 5771
6639 5312
3301 3288
785 3328
728 6958
4152 2340
3333 1291
3643 19
382 6321
535 3153
2770 6281
5449 3761
2025 1963
3552 4038
5037 2504
4460 5876
6659 2931
4639 1677
716 2410
3028 4038
5786 3531
5438 6231
221 1650
5140 2602
6754 3922
486 2887
1356 1989
6595 2357
6557 1873
531 6013
1235 3914
3573 4511
2045 2965
1856 814
5307 6687
2783 6866
4660 2150
1611 229
978 6732
3942 6071
2827 722
2595 1153
3009 5866
2694 378
3974 2576
760 4560
3227 841
3633 2283
6088 3465
1938 1563
3467 4465
1354 6430
1512 2852
540 3473
6267 2649
5458 6452
3798 2535
3462 3340
6700 5914
938 3519
3460 6677
540 6856
561 1317
3928 1827
631 2056
1488 953
2525 5645
5821 1781
5845 6339
3302 2304
2796 3664
6221 1900
3513 272
2580 2319
3734 1180
3326 3829
1099 4002
1694 1179
6336 3543
5336 4368
3870 3700
2698 3479
4967 6191
4900 4969
1391 589
5359 3039
4464 1406
5899 509
5403 2557
2502 2786
4656 1576
3216 2129
4890 3500
1122 1892
392 2016
10 5886
4836 6647
1821 3556
133 4007
1908 6184
2405 6236
6163 740
3487 3531
4855 1412
2960 4768
3576 6986
2487 2104
2234 3910
3581 914
1595 4152
5224 2972
6970 5909
4981 3214
3255 929
5383 750
1701 4578
1023 1482
6661 1367
584 4818
123 3669
2788 2217
2829 2218
900 6744
1115 4454
585 1256
6053 3204
4843 6663
2164 3521
5063 2465
493 1667
5778 3908
3505 2208
3522 5595
2042 1057
6460 3713
4929 2650
3530 3204
6916 4518
6854 1388
4858 3938
3938 4692
1906 5333
5672 3862
4669 252
4488 2126
1551 6862
6754 1157
4207 6048
1533 5502
3587 6340
1810 1838
6904 1101
6807 141
6902 274
2734 1176
2818 123
4970 3748
2635 6832
1830 6627
2291 606
1976 5698
2263 4974
5126 2009
2013 4799
4434 735
3806 1166
4864 319
2035 6278
5567 5135
6579 1691
6549 2980
1879 4984
1812 3762
690 652
160 4624
4955 3066
600 4142
3609 1002
625 5892
5570 1649
6454 3093
1991 2946
4616 6983
6445 5259
4795 2030
2718 6658
1095 5252
6451 2795
4892 5346
1678 914
1745 2890
2705 4918
843 4250
160 4974
6533 4325
6598 5474
1087 4610
4165 5017
2618 5673
2363 5154
5966 1999
3877 2106
6781 1394
2925 4103
5597 3822
3754 3204
729 5841
462 1525
2604 4462
5648 377
2726 6145
3846 6176
515 4569
5470 1014
5117 3370
6302 4550
6959 6769
5744 3468
3564 4211
4314 4709
1506 5883
3839 6136
3376 4160
1196 4903
2774 5812
2409 961
4831 6921
882 6433
4402 3775
2520 1731
648 375
6599 4921
6327 2513
2934 782
509 940
3955 6469
2644 2706
2835 22
3979 4611
412 1007
5577 5398
154 2469
6506 1697
5035 685
1301 4323
1032 6350
5628 1199
2820 2373
5106 2780
5717 490
6183 5393
3943 6085
3698 5500
4278 1645
5532 4874
4842 3673
3073 5448
6156 537
650 17
1075 5673
6436 6970
3530 439
3220 1711
23 4056
6344 3217
4586 2929
5052 4422
3431 6849
5177 3370
4497 3611
1154 489
815 1023
6277 5378
3686 4335
1100 3636
966 1192
6485 6081
131 3774
1380 6659
1091 6556
5707 2781
4637 2867
784 5093
6921 6611
5890 5871
850 6844
4828 5064
5969 3720
4986 6404
2490 2215
5506 2498
3085 5808
6963 5332
2804 4068
5754 5229
2454 5941
6781 2817
1495 6767
2732 5131
4220 3868
4849 6291
4937 6138
4591 5501
243 2086
1364 4971
4757 286
2412 2682
2391 1805
3905 1763
5343 4547
859 3523
5769 6641
6643 3233
540 4709
6828 2232
3428 4992
1471 5218
4950 6723
3401 4300
2501 2323
4082 6913
2000 4027
3340 6276
651 4698
4207 5861
4802 3038
3957 5686
5015 4085
1868 5793
4641 5564
6129 4301
6848 3234
425 5294
5282 5368
6316 4127
6660 3937
2740 4941
1259 3241
5397 3628
4875 4455
5090 2165
3075 4665
4410 2406
14 1229
4998 2576
5676 5672
6467 6925
3377 5003
5335 5379
2040 19
1095 4715
1597 5865
2929 4089
4644 1297
6299 1864
4236 3192
3215 3140
1632 1887
5049 2514
257 583
5709 4250
26 4622
5268 4507
2585 6127
2401 4320
381 6476
5505 3696
23 4324
2110 1138
3723 4485
495 347
3100 5260
1885 1959
3047 4845
4692 1314
5750 467
4132 6575
5412 3855
1554 5737
945 3966
5217 1135
1132 6044
4241 6518
880 2036
821 5593
5461 714
4236 2387
571 4664
6199 3861
1474 6158
4218 1781
3065 5774
5799 6371
5737 5493
2716 5620
6630 6299
2590 31
6296 761
6330 6761
5521 4148
2677 4911
4991 950
4788 6283
469 1354
338 4843
92 1404
2666 4752
6162 1700
6000 2870
5979 1993
6220 5088
5607 6551
5446 4913
1611 2083
3013 5210
1363 1981
4255 6170
3197 1355
461 4095
3914 3625
6154 3687
2720 1201
918 1338
1040 2267
5408 5560
603 14
4369 4959
6583 3046
1191 184
6588 3390
4831 2546
3253 883
3750 1689
5823 6741
5174 2131
6545 3693
4807 617
3964 4092
5834 4621
6328 5910
3489 601
4366 874
6692 6372
5606 5925
4021 3845
1029 1704
4387 5134
1462 805
5543 4822
5357 2188
1985 580
3318 1658
2677 1073
1488 3157
5352 5227
1453 6354
2451 5456
1023 1108
6589 5843
6778 2332
2477 261
1198 5835
2762 622
6406 474
1327 1519
4061 2870
3477 2819
3136 2526
3074 1648
2436 637
6372 4273
2007 4661
4118 2623
3768 2244
6266 90
1216 6791
2152 5015
231 6396
6972 5207
409 4978
6947 6840
6016 3298
4199 1649
6793 6373
998 1586
6072 197
1526 1705
2235 704
3389 5981
6259 23
3332 5447
2833 1562
56 4301
2301 3953
5006 6818
178 5230
5933 6454
4443 1228
4792 5546
4324 3980
6368 6382
3130 802
6134 4458
276 4984
3385 5458
5868 2272
6874 1235
6864 547
5344 3026
2073 2224
6486 6788
20 4240
5715 5413
5056 6531
942 4286
4030 5381
1914 1413
3839 6567
6239 3878
3751 4468
1227 483
6545 5116
4313 5669
6450 1846
6950 6333
381 2906
1912 3969
5510 470
6296 1379
2939 1557
7 6637
3555 3775
3080 6700
2371 2039
3299 1900
5752 3
1560 3517
3203 4821
4025 5387
4801 5608
2993 1793
899 1556
527 5360
250 3362
5138 1995
2461 1932
6256 1199
5695 2852
3427 1496
2479 2511
6038 3191
2984 926
2762 2045
2824 2923
358 3080
1669 427
5153 2276
170 3783
3750 5340
2631 2501
4116 967
6247 3715
4613 1773
6338 3833
4459 1306
1069 4754
2678 5730
909 1089
6167 1507
3778 1322
2584 5314
6259 4479
502 176
5703 60
4147 2882
3242 4725
2929 64
4508 3827
406 3097
6168 1328
5 2753
2364 63
5328 3566
6916 5917
5719 3976
6324 6005
2586 3108
4944 193
1179 3020
241 4723
277 4380
844 5925
2448 6557
2381 4581
3635 1394
2575 1414
5164 5794
551 2670
4560 203
3732 4710
3293 876
2290 2184
2601 6018
669 3857
5428 3396
3167 2457
1140 5694
6811 2309
484 4077
1824 6326
6991 964
2471 3693
1944 4930
946 5828
222 135
1787 6444
2687 2005
1699 4345
3562 2205
3216 1568
2772 3806
6698 338
6264 4018
6171 821
5168 2129
2091 4576
6199 6252
3104 3232
5007 491
623 829
4131 820
6006 6611
4315 3381
6102 6319
6336 1827
1989 1266
4449 2792
4569 3648
6778 2145
5189 323
5032 1837
6574 1591
3659 2114
5402 1370
3628 2801
2222 2184
6360 2571
5739 4173
1234 2272
2433 152
4585 4531
232 18
4402 4824
4486 1519
6688 5261
4365 3444
3706 4562
3864 5148
3308 3735
4457 6416
2745 2309
1504 6455
2733 794
2741 4819
4921 4830
5936 6565
925 6024
2396 1374
936 3904
6373 123
466 5675
5249 2602
6035 3511
6429 432
1200 5670
3853 1175
5651 4302
3158 6046
769 2451
1103 1573
3850 6539
6395 4985
3098 5214
3929 5142
484 2467
2805 1205
4274 5554
1788 2807
535 5438
6299 1490
2720 2787
717 4920
6166 1900
1873 4608
6016 5339
5677 5873
6982 4903
1368 3160
967 2062
2425 2088
2058 6990
5413 3733
118 4187
3793 2598
806 3807
1050 4167
3887 2233
3885 5570
2013 6466
5874 1849
6877 541
270 794
5001 1695
54 5865
5056 2156
6215 5525
2070 3967
4310 4029
6486 5796
2635 2433
2131 5374
4366 4338
3378 6678
2558 523
5680 1202
4281 1756
2189 2346
1911 6539
6639 3759
4454 3404
438 4700
2926 1858
2523 4851
503 2843
6069 1162
5702 6064
5358 2090
1562 4850
3269 2197
743 2303
1863 2334
622 4228
462 6225
3483 6098
5966 3666
5408 4836
2478 4327
2832 5579
1430 200
3324 5287
6000 2496
5849 5710
1054 852
770 1093
3502 1617
2729 5077
3228 2546
1395 6780
6545 2969
48 1108
3031 5415
5529 3261
5460 5376
6673 1434
6277 1434
2755 3265
4772 1592
1129 5348
3971 3758
5332 6130
1041 2495
1722 5862
505 1734
4832 5026
1945 1181
6040 4904
4 4192
3529 6042
513 97
2523 663
1029 4363
1939 1366
727 3998
753 2967
3547 4369
6506 3364
4913 669
2891 2752
3362 3835
871 744
6789 2898
2957 6001
1462 431
6288 5356
866 3783
4761 6664
4940 2465
4441 4996
3145 3019
5466 1757
1667 5000
3843 351
6871 2149
2110 2537
644 1869
81 2695
6218 49
5215 1357
2753 2414
6839 2611
6643 5705
5586 2990
199 472
2062 4748
2944 5365
4656 3056
1686 5400
4370 218
3150 2989
6037 418
3034 5258
5680 6008
6546 2739
6317 2687
1005 5416
5019 4047
3742 6284
6760 224
6326 3904
5082 2117
182 5379
6128 3165
6040 1066
5004 6398
6848 5706
4761 2476
3603 6125
2488 22
6419 3314
2553 5335
3205 3046
5784 2574
4636 495
250 760
3393 5726
4976 1317
889 3147
2470 2075
6771 4146
1198 4656
2779 2830
3061 1762
2882 299
6677 3730
6111 5039
1063 1987
2682 2897
2977 6952
4490 1050
422 1402
4993 5054
4590 3883
318 298
4609 1681
1314 2737
1627 982
4700 1045
3086 479
1871 3594
5453 5978
1212 2460
6635 471
1724 4298
4520 5773
3235 3985
2426 1372
2452 341
4640 6629
2486 6341
5199 1897
3045 1609
345 6258
4911 4648
4350 639
5137 4402
6159 892
3053 4853
2365 4479
3602 5849
3198 1070
3667 6244
4541 584
270 607
4502 629
5928 1898
5923 1554
2934 6100
4747 3843
798 6361
6418 1533
103 4816
4709 1107
1782 115
1479 306
1164 1234
6673 5435
2573 1368
2838 2605
5297 1277
5422 6641
2465 4309
3113 4530
2476 1435
6550 4281
1651 4735
651 5560
589 4682
3082 2184
5885 5584
711 3359
1337 6265
1717 2322
4606 578
5597 1919
6968 5733
4014 666
531 3923
6999 882
3705 2540
6938 606
1045 5864
4534 1641
673 4006
5590 4131
5194 4131
2732 5188
3203 609
3237 6609
6145 1909
1867 5649
150 1198
4904 3803
5533 6980
5306 1339
3630 4059
3434 6399
209 1778
5142 6600
1446 142
6611 369
2411 3268
1160 6726
6053 6457
1373 1357
6302 2997
5834 677
1355 4161
1904 993
6754 4060
2430 285
5542 6692
755 5859
6194 2151
5225 2289
6909 4348
1489 5854
6871 1612
4510 5727
3546 6209
3321 1395
3706 1960
1309 4166
6782 1540
622 3236
185 229
1427 1189
2772 3782
427 6178
742 1086
2359 1923
1232 721
6366 3547
244 809
6749 2531
3416 851
1788 6271
6702 2715
4592 1945
6827 909
6861 493
6305 2490
5388 2818
2036 3340
3089 1395
2626 173
3243 5245
1156 2015
3623 5466
727 6039
4302 5000
4887 1489
6669 673
623 2683
5323 4271
130 5002
2458 4911
2308 1180
334 1799
4127 2151
5061 5964
6688 5237
365 4495
5659 406
826 5644
5156 6201
5462 3275
4374 6165
4928 3341
5 2647
4158 4066
2537 6493
6670 6536
2903 4372
3873 4836
659 6820
346 2159
4246 3886
4578 6345
1286 502
2184 1652
5797 3349
558 3735
4981 6735
4329 2608
1454 1806
4420 1972
2861 1113
1336 3248
4600 627
4168 970
1513 2386
6316 5607
4855 5283
1737 6975
987 6477
3664 124
3755 5904
2387 2361
6024 4452
6244 6670
1015 6990
6237 5499
2546 6555
366 6544
552 3516
5161 5740
5032 2886
1204 1227
5653 6202
1081 2325
2793 16
816 364
167 2170
6648 4252
5543 4529
4125 1623
3034 78
482 4625
4300 5596
4398 2721
625 769
5952 3236
4145 2275
1474 5410
6132 1891
2064 6407
3174 1586
1721 6041
1344 3085
556 2103
2710 139
2113 2135
98 4635
67 5322
4831 2953
3417 2475
490 1483
1338 3270
4600 6238
4636 1731
6477 2276
6284 1881
1463 2218
2423 4246
5556 5114
2727 493
889 4383
5999 2651
4777 4595
3266 4908
5599 5161
3409 4462
3655 1485
4160 6316
5533 377
3604 4903
5490 3713
460 5374
2034 3131
5272 5705
6860 886
3558 771
1624 4953
1782 5539
2276 2664
6143 1999
5024 4822
6638 6142
2839 5221
5480 3375
6732 5023
4760 53
5346 3560
5449 1029
91 2659
3637 6140
343 3634
2578 6762
5066 510
2449 4662
2672 6397
2457 2271
518 1945
828 673
2677 6741
6612 6799
1070 6622
4091 6495
4409 5084
4089 3416
2786 6684
2972 3656
5064 814
3655 680
5869 5937
203 4004
3561 6680
165 1268
6897 6379
3628 2240
3165 264
3748 6506
3593 3185
1884 5011
4188 362
2097 6058
5521 1440
5395 3021
4958 14
911 1997
5515 871
219 4133
4479 6203
1435 4626
6567 209
3834 2466
6439 963
3075 3380
1903 3159
4133 2533
807 2024
3642 5679
459 6976
903 1732
2202 3980
3704 141
1682 1470
5658 3781
6026 1733
1671 2809
1327 2999
4035 3129
485 5164
4103 789
3434 1219
3077 6809
4414 5377
4655 1302
6241 6990
482 1860
4494 6080
2694 6290
3563 6702
2353 3745
3740 1676
1602 5274
4799 1431
2968 2328
6545 4368
4735 6142
3623 4474
5232 532
4115 4182
5137 3678
465 6767
2746 6830
5891 2797
2209 3215
2892 6655
6342 3258
4485 2934
4227 2144
6778 6040
85 4267
2268 3795
4360 953
4107 6923
2080 3744
6631 328
208 2388
2577 4550
4850 4752
4774 5696
4068 6214
2485 4961
4445 502
1764 2949
3815 106
922 4360
1851 4823
3478 6348
3817 6568
3010 4782
3220 1394
2043 5747
3779 3078
5921 353
2593 5433
2474 1015
822 4129
3253 753
6448 2499
1348 3421
1723 2544
1219 1321
5794 1709
6642 3496
1062 6999
4047 1553
4303 3428
2563 3689
4321 3253
5828 4676
5656 5158
6005 5312
2273 4115
3233 6143
246 936
4788 5348
5882 4158
1577 5351
405 5130
2146 1307
2149 4988
1547 6640
839 4833
6961 1155
579 3216
2819 3278
5768 5749
4338 574
3788 6523
4898 5866
1008 3329
6087 1530
6856 580
6047 4383
6 321
98 3293
3036 2165
2003 4762
5394 3414
3271 4691
6316 3460
6971 4852
2251 1077
5417 2085
3636 2345
2025 5460
2703 2140
6342 1648
5810 1787
1388 1641
997 1985
5443 6689
4765 3593
589 470
300 367
4226 2561
3789 6724
936 3961
5310 683
917 5439
5435 6047
5999 1659
2790 3987
207 553
1177 4023
3068 3177
1285 358
5180 1741
2496 507
3621 882
937 3812
2993 1313
1534 1816
4488 467
3337 1123
2649 749
1824 4773
542 250
4869 3542
2402 4255
1975 4942
2317 1673
199 3294
2747 1257
130 1245
4361 1823
5391 5344
6755 5735
6879 1075
4319 1597
3264 2715
5160 2967
5468 868
3081 3762
6314 1828
6508 2825
1707 6066
1743 5723
4966 3101
1793 5086
3420 6611
3826 5047
454 29
402 4003
3829 5318
1823 764
5933 5519
274 4757
6970 3795
6806 1886
1505 4804
6367 5222
3103 1427
2564 6811
47 2499
1767 6467
4059 6719
4898 4256
3026 2900
2804 4019
949 4522
5980 1551
1933 528
2781 2315
6860 5505
2619 4239
2404 113
1899 5081
1935 4738
3045 4081
6792 4812
4304 484
1969 3568
2649 3327
2327 832
845 385
2622 4887
1870 2808
2990 2839
4731 5432
5574 6875
2171 292
1735 6555
5386 1162
3576 684
4966 2296
2667 873
1961 6309
5065 1521
1049 6981
2539 1627
4505 366
2390 5668
6461 4833
172 3675
6309 1029
385 4722
2353 5786
5185 3508
6456 3708
5337 115
2286 1531
2465 3748
5212 4550
4713 1419
33 2735
4864 1588
1875 6134
3523 5530
627 6857
5916 6588
2468 232
3495 4236
2929 5545
6535 1907
6432 5192
2495 2055
3147 520
1151 3070
5604 4781
3830 6212
459 1796
3635 3492
3631 6002
4156 2440
5967 5772
2706 5658
5005 665
712 3373
1173 3768
203 1052
5626 3227
1957 1598
2470 2937
231 5729
1167 3953
6060 5936
1418 1320
3904 4067
6361 6830
4085 695
4186 747
5808 1928
4989 5043
4960 141
1783 5390
5957 5434
47 889
1217 283
878 817
3379 5350
4587 5228
3281 1809
1313 6407
4523 3523
3905 4642
5980 6357
3275 1994
255 811
5542 6131
4396 4879
5568 5100
4523 6906
1832 1495
4349 4309
5295 3221
2735 3743
3679 5238
837 412
4353 5182
5691 6604
3139 4735
5320 1184
5900 3745
4943 5398
5781 6497
5251 3299
898 1038
6591 5548
5567 1061
4913 6687
2195 207
147 6731
3965 1286
2192 5571
6526 3618
2316 1665
2197 6669
5373 1195
4153 3966
5808 1123
6479 3048
2201 6788
5269 845
6325 2581
6387 4213
3654 6470
2584 5802
3745 5834
6128 5450
4796 1564
6514 2453
2873 2872
4705 4829
3082 6429
1551 5366
5391 2124
3822 4741
2757 4417
4637 4136
115 376
5435 1672
5164 6282
4505 984
2227 4602
3078 5906
6490 6189
1581 3673
3040 3170
1727 3498
4342 2683
6575 5738
1013 1876
4096 2627
6231 5147
1527 6069
1312 1943
3930 645
126 3544
2992 6512
1784 4382
5380 56
6911 1873
3485 3412
5037 3854
1055 3226
4802 3957
3388 3479
623 1317
4117 3854
4007 5968
2615 1277
5068 2386
1145 3119
5792 1663
1590 3735
1206 6778
5129 3039
6500 6853
4005 2108
2979 5876
5966 503
3626 3243
1389 2698
4818 4840
5150 883
3658 1246
2355 2262
3033 6112
894 1938
2293 1384
4773 4316
6395 3245
1376 5095
4461 257
6412 6632
4112 5738
1120 4351
2676 748
3646 3464
2423 6718
2734 4136
6538 5401
5137 5882
3086 2309
6071 6689
4476 3921
2948 2375
2263 1518
936 4392
4386 5159
1167 383
2911 2493
994 2118
3733 3059
3754 3936
266 4597
481 6471
3122 461
1800 3679
4462 2710
5654 4307
2538 1164
6958 4647
2384 6359
1412 2816
3807 3947
502 4315
4270 5923
1188 1610
5279 2151
4907 6709
2877 4013
1853 3690
1006 5511
3468 1448
4560 5847
5799 874
1284 4701
4290 3542
4608 2131
4807 5724
2837 1581
4550 2126
2862 2577
3168 6067
1153 5157
3199 1970
927 2370
2879 2931
4226 2187
4312 1207
1855 3362
172 4911
541 5717
140 5373
3464 2803
2414 4265
642 107
738 6985
5702 6202
2875 3162
6961 3359
5048 1248
5056 6027
3647 5893
2623 1406
5957 4442
3862 6986
2554 6904
4010 468
3555 3271
1349 5045
4021 4764
3949 2444
251 2329
1839 1674
4012 6930
7000 2159
5035 612
2941 375
5879 4909
3291 3383
1111 4126
4667 5289
2076 82
1272 2731
80 1134
3796 2552
5258 5730
6399 4386
4840 2773
6614 1342
423 1473
113 2745
4882 6382
4125 4713
2886 2516
4443 3302
637 5374
2815 3804
3314 5437
6669 5186
2560 3285
416 3685
636 5149
4712 4658
3721 3317
2680 1135
4987 6583
2375 1253
5360 5633
2533 1839
4763 1213
5141 607
1622 6119
1252 924
4426 1793
2022 6992
3944 1295
3078 4564
1311 750
5779 3523
894 1401
935 2156
2733 5283
4192 4780
5436 151
4474 1460
3080 2358
4071 289
4353 3385
3976 3435
5127 2779
6159 6373
1756 4025
4192 1747
4840 1968
4757 6629
6232 4407
6612 4628
421 6257
801 5724
5612 4699
4058 1932
1821 2141
5083 2857
6024 671
3682 3338
5239 3370
6486 4674
4733 4730
4619 3662
1222 4441
90 2895
3395 2527
2870 4591
5043 2677
3453 6669
3885 6326
3859 941
1254 6608
1801 6777
4444 1594
557 4990
789 4559
4548 1917
5503 3601
3259 6803
1552 3040
3911 4514
344 910
5101 3786
4297 1517
5966 2544
670 5806
1926 2692
1399 6181
2703 5767
743 4564
3560 500
6371 3761
4005 1116
6276 6907
3322 1840
3191 4575
393 6437
4589 3796
3777 2420
232 2547
1603 6361
1376 720
6243 1482
5799 3720
5231 4956
1189 4277
99 6340
3526 5403
2645 1224
6982 5204
5299 5999
6230 3125
867 5165
903 4822
2424 5197
2241 6244
930 3235
5224 4135
3350 5362
2832 269
1452 5037
368 499
4452 4787
2413 4257
1790 5032
5931 2684
6686 4280
182 5412
1825 6716
4595 1308
3039 4130
6800 2315
5872 4706
1321 6624
5452 5840
6584 970
1324 6141
4648 3571
1718 3062
1573 6845
2060 6963
4245 148
5630 1416
4513 902
5012 2535
6443 6400
6916 2648
3867 727
5449 2509
4322 1307
316 6701
6775 5826
5942 5825
1489 4114
649 6352
2607 1066
215 3616
5812 3500
106 2168
6091 6298
6645 6884
860 3539
392 1219
115 3385
633 4314
5426 6847
450 5361
5713 6123
6773 6103
4777 2237
1312 4602
68 2815
358 5772
3648 4372
3097 1051
5948 2233
3876 35
2591 2411
3838 3715
445 1984
5425 5841
1724 6209
6170 4497
2314 3042
5697 1833
31 6316
4764 3880
2369 497
1364 978
3485 3038
651 5243
3791 866
4140 5184
186 188
3665 1693
673 306
6063 3095
521 2918
5564 5626
2761 2980
3301 4614
3413 4855
5474 2700
3050 831
3294 3443
3564 5024
1927 6918
511 5613
4936 5276
6969 5237
2609 5969
1814 1564
5523 5975
5996 1469
4406 5461
5218 5339
2360 2232
175 2631
4373 817
6355 2341
3003 2863
5515 4579
1566 681
1750 3242
3467 5441
1970 5460
1688 6528
5293 36
4396 1740
3 6496
5517 4625
3996 4250
4643 1617
5701 4934
4364 2202
2275 2309
874 6954
6533 1300
2240 4008
4146 4194
347 3273
529 2755
6439 1638
3204 6909
4073 3157
647 6948
2170 1734
4940 4994
5810 1844
4292 986
3514 4856
4433 467
1322 3330
1175 4034
392 2642
6032 4108
1111 2329
5125 5124
6749 2214
302 3880
1052 5132
1921 1380
3163 6504
1663 590
1630 4614
5119 6807
1105 1760
6265 5807
2877 6672
3598 6432
6118 2347
4868 6407
2967 149
5391 2018
938 6723
1015 2217
3904 473
3553 5908
2054 2848
748 183
2556 3998
2497 6801
2179 1796
6912 5776
5042 5247
2216 5061
3916 483
6125 5396
4795 1583
3577 1017
2525 5816
6842 2004
61 384
100 5974
1802 2977
3698 2475
1996 6226
3414 2716
5905 6561
5941 6218
2108 51
3331 961
3439 4466
4189 5718
6529 726
7000 5973
1057 1288
3409 5755
2103 3090
2323 5308
3166 2587
14 3197
955 1011
3291 781
889 2643
1505 4861
6731 6495
3092 571
5645 5294
5578 4072
3556 5401
1684 4045
6331 2589
4110 325
5214 6239
6042 2486
1666 2685
3430 566
5360 6064
2368 513
67 2427
3465 3004
2739 2146
934 2012
3458 1833
3298 3830
1927 770
3430 3949
591 5056
942 375
1680 3522
1244 6375
6528 5762
5850 2666
4738 6660
3642 1361
1146 6971
5504 5412
3983 5037
1703 1412
643 1432
82 3839
92 4527
3597 5001
1324 4799
3786 736
4340 2076
5594 5305
4185 1007
4475 1712
4582 1609
4308 3292
1140 5621
109 4881
5548 1173
6021 3837
6709 1959
4496 5972
1876 27
5153 4781
788 5169
2032 6956
1445 3224
982 2002
2785 5473
5865 291
6445 2852
3270 4764
2843 2445
4457 3765
5226 2061
3216 1495
3364 1393
5480 3863
442 1499
3241 2491
5015 1060
5383 6182
749 5591
2614 6530
4049 4879
1277 1546
2022 202
5874 6419
6691 225
3014 233
5846 4371
3506 695
4407 6280
482 6186
581 6165
3780 3149
4719 136
4934 2010
4091 567
481 6715
1981 6213
2253 4457
6329 3966
6960 800
6234 696
6681 2139
2352 2184
865 2891
3472 2215
6493 2088
6677 4649
6543 1451
3720 5700
4453 2087
4081 229
6384 4023
369 1936
811 2281
5303 3920
2148 849
5738 3848
3491 2615
2390 6798
4705 5691
6916 851
2391 3236
1023 6109
5140 5619
5885 4275
4830 4639
1957 500
5040 2005
5888 3792
153 3974
2983 4279
1245 1957
2354 1075
3878 5131
6121 2458
1283 936
6000 4383
5711 4280
4056 707
3228 1050
5308 3109
6333 4034
4676 6050
259 6248
484 2394
2432 2836
2287 6619
6356 4203
4771 6287
2806 4740
4581 6163
4648 969
2960 2174
255 63
2110 3724
3801 538
2574 2138
1519 2502
1985 1743
5001 1272
4517 5589
4657 1462
5534 1735
6432 3639
5898 2951
3948 6600
2704 4813
271 192
5128 266
1790 4658
463 6778
1165 4606
1486 460
359 6428
4689 6985
792 2523
4586 3100
2543 6558
6604 4281
1597 1230
2819 4921
1253 639
5231 3777
5229 2950
3644 4280
2656 6620
380 485
5608 2946
5448 4943
3863 2863
5343 985
2576 4412
3804 5666
6189 1945
6970 2510
2419 3674
6849 4435
2336 1919
250 2297
5475 6739
4477 1221
3914 6211
6361 4122
3076 5866
2484 1790
4036 1478
2038 3201
4650 2869
6081 4482
6924 1761
4121 3279
265 5988
3276 5173
1376 1769
4622 4204
596 4812
5186 6986
3027 1436
389 547
3242 3310
2156 2109
910 5911
5831 1274
3119 4408
3519 5281
943 5270
468 2533
1130 5096
4886 5189
5070 1334
2523 3973
1546 86
5348 6940
933 1549
4391 2177
1490 2406
2949 6067
5029 1710
6405 5868
6814 4575
5723 3030
3973 2603
6490 1253
867 148
2859 6524
206 4603
3967 5040
3122 518
6394 4928
875 2668
725 6107
2258 1581
1499 5501
6201 1500
3219 801
2930 698
4081 42
2217 4963
3707 3773
510 1200
5448 6366
5300 52
539 440
1318 3588
6721 977
587 3140
843 851
1963 882
1149 4341
125 4772
1997 3876
4287 3301
5288 6084
85 5373
4388 4107
236 5542
1079 569
6128 6475
4789 1418
5909 1449
5933 6007
2447 3331
2137 2351
1225 3023
5337 1408
4251 961
4712 5520
5734 5016
1934 3870
258 6590
1247 688
378 5194
1090 2956
3397 1988
1998 3296
3617 42
1220 2248
1717 3054
4317 1207
2883 2706
873 2140
2891 1069
2975 5678
4907 1423
6366 5084
573 1124
4160 3852
1887 4404
4225 5001
3478 3266
6305 644
6998 5526
6924 2379
2323 4934
5365 5684
3226 6428
4685 5925
3247 889
2233 2008
2730 2814
4282 2502
2716 4636
6895 860
417 3213
1845 1145
5640 4576
1851 2091
5206 1840
3279 23
6510 4432
4552 3302
379 3860
3235 6140
3610 5263
4778 2302
6352 59
2680 4575
5290 3416
6384 2226
5639 2072
2327 6931
1243 3147
6315 4341
5443 4412
284 3973
492 4676
4661 212
4286 5253
5483 778
6720 5558
6663 5024
1582 5996
1109 3332
6033 4628
4262 3324
4596 2446
1882 3255
3623 5848
4939 2785
5598 1667
3817 2681
85 730
919 6591
6590 2452
3591 6310
6702 3447
1359 4611
5580 337
1727 2563
5491 6681
1064 6191
4216 3329
981 4436
3772 6321
4023 2934
6118 6779
1810 1285
595 4400
3740 6783
6102 5522
964 5960
2435 556
35 3245
2645 2086
3834 2
869 2690
62 904
3090 2702
4415 3165
5096 116
3948 4453
3351 33
2953 5622
114 4477
4071 2574
1648 3559
5184 5598
5347 112
1582 5191
5532 6281
4689 4838
1175 4278
5399 5937
6027 4008
1476 1008
3346 6455
4657 3048
6028 6862
2382 6937
3163 332
4842 2047
607 1727
1541 5540
5526 2679
3750 3283
975 433
1286 4267
324 5576
4357 1251
6736 4855
5666 4187
5019 404
2927 3246
4799 2350
5451 6477
5703 1036
5861 1622
1613 3349
2151 6408
6633 4353
3071 3375
1642 5218
4138 2991
2832 326
707 4186
1027 192
1863 6880
1108 5284
6035 6097
5319 4429
6210 4408
888 6449
4040 3587
5315 523
2393 6291
1103 4159
6249 1330
213 618
3198 4998
4182 5922
6243 3767
171 392
6704 1910
4190 3531
4410 1585
1731 4859
6201 3541
3770 501
979 2780
6104 3608
6145 3609
6854 2608
6019 5190
5510 2869
4121 4865
1628 6609
6893 1782
5888 2263
5227 6718
6765 2536
3711 6687
6323 2191
536 5593
89 4904
1271 5813
3366 2488
6325 5647
5012 5975
3737 4875
3551 5651
1027 2420
5657 2515
5817 518
1061 1250
1985 1369
2122 4084
2953 4012
3041 3859
3920 795
6406 4296
685 1902
3550 2016
272 43
461 696
710 3652
5679 3967
1138 5819
670 4253
5131 3573
5393 1129
5768 252
5752 6135
2574 2114
5461 5959
1502 619
4967 2418
2384 1236
5889 1710
2993 3037
2225 6841
6358 468
1998 1954
5678 709
4088 4701
5270 5610
6017 175
6796 4077
5022 5508
6791 3733
2596 2812
46 4022
3064 5132
5418 5508
4674 1792
6726 2557
62 1522
2612 312
2020 2652
3866 2787
6481 1972
4320 513
2740 5193
5130 5980
4724 4538
6503 4205
1546 517
2640 5743
1611 912
6399 3101
1113 635
1147 5881
5968 6298
333 3678
6988 6125
3913 5235
3693 765
1640 2781
2607 318
3319 4496
6280 4318
3978 3378
356 1595
4315 519
1202 2555
1859 5528
5247 499
6177 6822
635 229
4062 5708
4256 2541
3088 5502
2312 5281
3750 3901
5699 781
2746 4984
1755 1391
3611 4496
3179 1833
3029 5272
6042 1120
6050 5145
2143 749
6850 3508
2115 5117
2643 1072
5662 4282
3454 2977
1367 3911
2051 6795
3696 2510
6163 5961
4518 3076
1805 1104
4069 5724
3475 821
154 656
6625 1296
6408 2759
3347 5739
4350 5185
3608 3794
611 2063
2386 3486
3974 5837
3964 5149
757 1888
4096 350
4908 228
5673 1788
3315 3922
5452 6515
5746 546
1288 4907
323 1781
670 6026
2559 4353
4333 2922
5052 2609
3173 82
261 4286
4394 4329
4330 2624
5011 5991
1024 2767
6130 5797
1128 3090
6006 1789
5689 6054
4049 3513
5935 3077
4544 3492
6593 4740
3539 1721
4915 5879
2668 4646
6782 475
892 3752
4182 2352
4166 1819
515 796
4692 1111
1951 3507
387 1550
6734 434
3377 612
6706 4802
538 1719
6434 6558
3877 5099
699 324
2751 335
4394 141
1133 6443
4777 6295
6828 3452
2284 1623
4806 4781
1382 2983
3922 1085
2024 6
4388 2578
5420 6172
1060 6904
5236 4365
6198 804
6786 3226
5418 3093
3236 3009
1615 5436
1472 2876
5104 5377
3581 4175
1270 1237
4508 3811
3818 3364
2825 5360
800 3008
4879 6198
6501 963
735 1078
671 3537
2887 3205
4602 6829
5523 3267
3787 1018
77 2798
4973 2800
2509 3030
427 4308
3448 4935
6516 4654
1576 2825
4626 1938
6701 3653
1663 5453
326 3475
262 5934
792 1962
1227 1890
1968 3056
4280 4684
65 1633
3088 3087
660 5980
3127 2261
2623 284
1136 5909
2786 1968
4209 5972
2869 3723
3333 2137
4736 2456
5195 6188
4393 5500
403 5011
3543 634
552 2101
2102 962
425 5709
3572 2503
4167 6096
1980 5668
1574 4980
6517 3320
4161 6281
2822 470
4255 5162
6151 5414
2228 6901
1445 5509
5550 3504
4213 5690
2124 5797
3937 3540
5823 2350
3803 1096
5050 148
1779 1598
435 361
4705 2365
6673 4183
3177 819
1095 2097
1721 1593
3328 988
3388 5203
6564 2735
3116 1297
3890 6353
6755 51
6789 5297
2893 4443
6853 6221
124 4791
3479 4540
1796 5335
5499 132
2823 2923
4189 6393
4252 1457
2598 3744
1789 5295
1660 3195
6085 2858
6455 1637
2625 5567
4751 2309
6208 5143
886 768
5702 87
3116 142
2848 4269
2087 5110
5977 5395
4141 5948
2307 912
2090 2375
2553 4351
5235 4758
4700 1216
6283 3223
5603 3464
71 3975
1566 3129
6012 1417
6726 760
4396 4188
3140 886
862 4504
2680 2591
1574 6403
3628 825
1356 1225
1299 691
6681 3619
3565 6138
2130 619
2066 3078
5371 3464
6458 5267
5861 93
1100 481
2906 4223
532 1717
4623 2258
294 2303
2505 3879
256 5983
3251 5389
1009 4500
3826 436
3738 589
5429 3819
3063 5338
6852 1407
1396 250
3219 5851
1813 5234
292 4859
5612 6155
6886 3620
5637 1489
6688 3635
1922 2925
3575 5671
5168 6114
5937 5164
1558 1682
6773 5436
1425 6256
2633 1970
5624 3132
3779 5851
2103 2155
4780 2218
136 3191
6951 4395
638 4341
5994 6048
3584 3131
390 4993
5648 5411
1608 1395
2563 3079
5744 5119
1260 4095
811 5989
2841 2269
4919 4255
2556 5291
5476 2860
6262 3769
37 152
4522 4030
2523 647
3858 4804
4859 6833
2648 1847
4542 5436
3153 6678
6231 1423
1026 4049
969 3515
3426 5524
3211 4404
5756 2096
3235 2546
3362 3819
5502 4431
2267 5538
6938 6388
5226 2281
4777 765
6000 1675
16 1153
3751 4533
6645 2379
1949 3916
6426 3769
1075 908
2718 2966
4862 314
5646 6812
5281 6125
4187 899
976 6564
5489 6074
1891 3157
6867 4643
3221 4718
5020 6535
106 4429
2007 4271
1816 1293
4266 2131
6011 5597
5039 1300
3934 3055
312 1272
6941 4750
6258 5474
4386 4118
5920 2446
2484 6303
6309 2029
3394 2552
5660 1583
3354 5405
3581 2378
5229 4780
6036 3560
1764 729
6688 2025
117 3433
3632 4595
1860 437
342 5995
1173 5923
5970 5946
5373 772
4789 1475
990 554
18 1175
1265 2479
5439 2523
3634 2389
58 3203
3468 407
5827 1881
285 1704
2201 3332
3676 1110
3738 1207
5109 2769
5484 1892
4711 1942
2925 6022
5325 3333
1782 4287
2771 5555
5259 2713
4144 3780
4817 2368
6076 5187
6819 3016
750 4076
6094 3514
5624 6783
51 5041
149 2166
2487 2763
2454 6787
207 5554
269 770
5098 4458
6557 3955
1672 335
1696 729
170 10
6343 3437
1883 6971
1920 3820
1018 5180
729 5077
1324 2254
1761 2255
5584 4324
5018 5633
1095 6366
4560 4001
5885 5218
4059 6459
5683 1297
1722 48
4922 2138
5763 2754
3555 5613
1060 6530
4983 3545
3245 469
5454 5382
1003 3744
1686 3774
2682 5459
590 1885
5843 1959
6813 4675
279 303
4573 1203
3583 6880
5906 5691
5844 4813
1771 5575
770 540
2079 3476
4699 753
5468 6219
1111 6468
2704 6911
3757 4966
5687 4048
711 310
386 550
1788 3677
3627 2641
2076 5807
3881 4443
4939 2842
1505 356
178 3230
5718 6744
2165 2846
2722 3703
2978 1414
1419 4719
6011 2832
6231 886
4935 3073
5432 3125
2409 2425
5573 2606
2720 4007
6388 2001
2095 3955
2747 2420
6073 677
4390 1472
3734 2107
4947 3083
1502 408
6975 2700
1736 2332
1720 1799
1436 2040
89 3538
2448 5012
2993 2826
1645 5597
1824 1398
5946 1252
1139 1295
922 2758
6001 1713
1292 1537
144 6628
6997 3398
2671 3714
4570 6893
3419 1133
2657 5536
2137 3026
2624 3144
421 2183
6044 1036
5997 1190
1945 6239
3717 3981
4710 2739
2595 1625
5580 6005
5831 3372
3656 4459
6421 6621
4241 948
980 834
324 5633
5735 6293
2443 6866
5848 3726
6973 4101
3865 4983
405 3528
1747 6604
692 6968
2247 6927
5635 6062
5656 523
1960 481
3515 440
3418 6923
4856 5543
6346 4353
4221 4803
2080 4720
5313 6950
1990 5958
5445 2905
1274 6542
6923 200
4249 3818
2447 3201
3073 6107
2874 2514
2297 224
4999 2037
6895 1535
3743 2145
6831 3994
1571 6913
1000 3714
6016 1566
1305 1317
5009 5384
1662 6250
936 5392
2025 3858
5597 5554
4635 2699
3484 1103
3425 6158
4979 257
2057 6025
601 6799
6172 5462
5255 5790
3510 5707
2116 189
1114 4351
2697 6358
6520 5421
4379 5338
2856 4136
1607 1251
239 1872
328 6825
4879 3409
6591 1100
333 1507
1919 6441
6432 6705
1924 369
5059 2064
4995 359
2340 1775
1505 4357
45 1225
3498 1509
6643 3892
1753 1426
3363 5256
1036 1785
346 1338
4016 159
3790 3788
811 354
1556 1262
5286 6550
3015 759
1177 4649
3135 5779
2710 123
5222 2593
624 3911
6157 6254
5431 6150
1699 35
2974 1889
5088 2778
6715 4303
397 4659
4895 3137
1959 5035
2479 1129
4557 6525
6344 5299
4278 694
1260 338
3166 1278
5308 4215
6798 3025
4470 864
676 287
669 3280
2632 4754
2061 1555
1670 1899
667 3207
4681 1084
5889 962
4767 858
4180 3542
5549 4277
4360 2197
3116 4574
5335 3005
5415 4462
4422 6458
4427 6802
5917 5612
432 5969
900 1873
5189 2429
3630 5734
4786 1258
5264 1260
3366 935
2201 3413
2299 4702
298 6908
4966 4077
4503 2101
5972 2286
1492 2916
4936 1202
4509 6053
2484 3701
151 1196
3418 4508
4282 6828
4758 6757
6212 5910
2914 2531
5183 1079
3753 68
2610 5503
5905 4447
2326 5744
6979 1881
2669 6083
6396 4684
2874 6515
1984 5980
3502 422
4866 6475
6012 1311
6103 1429
6116 5798
6331 3508
3213 2948
1449 5821
5699 33
3529 1464
377 2074
3620 828
2209 621
2641 278
4731 3025
2866 2840
1816 4302
3141 601
4414 1628
1812 6812
4176 2214
5377 921
4050 3795
807 5041
1920 3901
275 1016
3198 4518
4662 2107
4283 5494
2696 6751
2052 6649
1615 6648
2981 3702
2231 2450
5094 1737
1572 3568
5154 5952
3846 2460
3003 1017
1537 349
4940 1270
850 3583
4093 2337
2412 3959
1106 1294
4712 1820
3934 1526
6212 2072
4517 1352
3801 6100
3687 5032
1937 4605
5292 1348
5491 4941
6193 2769
3918 3652
877 1592
3339 4699
2456 6109
2141 4785
3271 3252
5664 3556
6911 5614
1240 2583
2637 5366
1049 3769
6276 4874
6370 1503
5974 1503
5654 2087
2548 6048
3068 1388
1012 3887
3823 732
4289 2225
3602 5459
6933 4060
3972 74
2416 644
5468 7000
3400 814
3410 2256
476 93
1534 3410
3497 4130
1470 1705
4188 1769
1998 1824
4866 4865
5702 5137
1755 2066
2868 926
5015 4207
2000 1116
1372 1547
6136 5594
1497 495
1022 3420
4759 3463
4475 3704
3666 1845
1902 1712
6809 1149
3672 2791
2366 126
2395 5028
6590 1785
927 3533
6009 6169
5068 1939
6274 990
6313 164
5556 4911
1228 3646
3850 4002
2661 6086
3242 5839
816 2389
4747 5681
1163 6634
4033 676
204 1044
6484 5122
749 4550
501 284
2182 2826
6098 5086
3312 3545
2120 1948
1968 2308
3688 6276
3365 927
2799 2236
6799 3413
4120 5933
3891 6635
1367 6814
3590 3489
5796 3967
9 3959
3049 1630
1337 1687
5664 4979
3554 6461
4208 5753
4850 2776
4454 2022
245 2923
2583 4274
2387 198
1803 6563
5719 2407
4442 3890
3788 5352
6930 1802
2821 6317
3227 589
5063 790
1854 3118
2848 3976
6843 2557
3763 1323
396 59
79 4324
2128 4818
5865 4861
5056 3002
5219 3932
5496 2520
3316 3263
983 758
6800 2860
1819 1030
5798 606
5046 4943
6599 1823
5635 2305
3587 4665
2740 6486
1964 4013
4703 5708
1709 3494
1246 1518
2994 1118
212 2759
929 5783
5936 2418
3447 5035
495 6430
3198 1298
4929 3203
3062 2191
3383 6713
2175 4583
3502 2463
3997 2442
4871 3198
851 6250
2754 1257
5954 3347
1408 4855
4147 2386
5463 3487
229 4217
1373 2390
1345 6758
4764 1042
2307 3197
2312 3541
2241 4829
1651 1580
3741 4327
3051 3880
4823 1622
4296 2859
552 5809
2556 3120
4700 468
4321 3855
3077 2068
6153 150
1094 3325
3107 4162
829 1364
3752 4866
2164 3269
3881 1304
6028 4585
3602 1889
3103 256
3194 6036
5845 5632
4909 1746
6954 4750
758 6035
290 3715
3380 6391
4027 3758
4156 196
3655 1900
1408 667
4439 1982
2410 2140
6369 1064
3339 3357
4555 3096
5670 2783
1633 2448
6676 5910
2467 6811
5516 2316
1376 5266
6450 3123
5911 2845
6886 5905
167 5163
5826 6679
938 5040
6227 607
3173 4758
5697 1573
2305 4948
4010 5632
1546 6616
1890 10
4073 3702
2354 4840
6091 4883
3955 5144
4998 2511
2453 2567
3907 1720
6023 3436
618 5974
3479 2182
4038 3866
4752 2455
2133 6534
822 2771
5586 6064
4688 4914
1751 3234
4492 838
4309 1885
3865 4877
5671 1449
2653 5257
4298 1726
2524 3157
316 1098
3719 2019
6360 2425
6076 2666
3316 848
4281 3220
5680 2666
1745 2638
933 508
315 1627
2522 5713
4571 6207
3607 6689
5756 4381
3793 2907
4711 6187
6998 6095
754 1674
6098 1866
6445 5357
1242 4646
5251 2933
2887 1115
364 4902
2010 4225
50 2268
549 3901
76 1237
6428 465
4347 6849
6427 2492
5193 5557
1477 729
4496 3939
296 2674
5714 4505
1571 3774
5215 3626
3403 2321
1254 1623
6020 2333
80 5493
450 108
5558 3965
1795 2701
3875 4760
4739 664
4181 5998
5960 4911
2741 135
6951 2842
2477 2506
2413 4965
2869 5016
4488 6680
1324 83
4919 2702
31 1063
4857 1824
2990 58
5130 670
5252 1599
6845 4294
4828 5967
4322 1665
6378 3330
2856 997
1519 2429
6694 1092
1543 571
2945 3698
3853 6290
2454 6844
4660 906
2325 4744
2361 4401
2918 5258
3532 6649
2288 4862
6053 537
3671 3775
211 68
2599 6444
2286 1783
4846 1261
835 2147
634 4897
1456 5463
1193 6581
4245 5767
6089 5829
2075 782
14 2937
287 4035
3315 5833
266 3158
2126 3753
1818 3600
2155 2239
257 5324
1759 6403
1265 5114
6795 3776
5215 6204
819 863
248 1828
889 5766
3584 773
4272 1147
4086 1923
2682 2133
4493 6219
1651 1393
1897 4832
2900 3524
6625 2052
3985 4500
1060 171
4236 1867
4017 3257
218 6500
5476 502
1964 3021
1654 4293
5508 4921
3980 3375
2359 5802
1870 2605
4757 6450
5559 5640
2737 2944
4249 5485
18 2655
4448 2662
3920 291
5551 4998
5194 4172
2603 3129
6985 6128
1269 4832
5968 3566
6995 400
5651 5579
2745 5464
3844 4618
4582 1349
1690 2795
317 5324
5616 5743
3374 4854
5637 204
1225 4910
509 5494
4107 1995
4549 3094
3688 6707
4368 50
1126 4150
2585 3647
6606 3449
2024 5300
95 3410
3302 6671
6036 852
3455 1251
148 38
2575 6342
2365 2560
1988 2610
4598 1451
5976 20
683 6963
3324 953
3172 1313
3626 5455
3199 6142
4448 1857
647 4273
1385 1758
4057 1477
2374 2272
773 6075
6145 1145
1513 4387
6140 801
4940 5702
551 1532
4770 595
2347 3832
4157 2058
4085 492
692 259
5120 4357
2907 1954
2439 388
5496 6334
3650 6199
5388 2859
2967 6923
2215 4844
3363 507
100 5982
5578 2202
3176 4064
1591 1984
4326 5435
4293 3043
2297 6347
523 5526
2575 5537
2267 1220
4610 2161
652 6845
960 4746
5289 2449
1643 2524
5754 3717
6344 6966
5470 3958
4737 431
977 5100
6574 3486
5493 2629
1606 6025
6730 3245
4493 3454
5606 6478
4714 2110
5024 6473
6385 3183
5234 1587
6171 1911
880 5517
4979 314
3053 4357
2487 5666
2361 831
1547 4290
6194 6998
3632 6693
1425 3361
3661 5933
1307 4803
4729 3522
4660 719
4156 3660
3378 2612
368 6281
709 158
3063 1288
2161 2648
4812 2244
4569 4738
3602 5703
6150 3666
4751 4220
2667 4671
6203 6710
4661 1294
2008 5789
3030 2279
3589 3963
2720 1299
6450 6587
1882 954
6388 5709
825 4655
5558 2973
3581 3321
103 4670
5490 1526
6517 4776
4679 2250
1248 6451
4553 3831
1941 4163
6753 6746
6810 864
127 6949
373 3218
5843 1829
1343 6688
4904 3307
1951 1848
4447 5283
4817 4816
4745 2496
2513 3049
1577 5579
5307 4451
6336 2112
4312 2614
4933 5930
1734 6694
4561 4072
15 1416
4877 1834
1689 2787
1176 1448
6449 2928
6335 1860
2006 1905
1531 4830
323 2700
600 1288
1715 975
6085 931
502 4917
4674 4134
6919 4540
1778 5461
6508 3508
752 4311
6392 5777
43 3814
2865 3100
2837 5216
779 6888
4542 1736
4361 2856
4294 1634
1967 4579
6377 3210
2053 4353
3266 411
5919 80
243 3875
5286 2419
867 5954
5476 5926
4421 628
1582 1735
2619 6427
4828 4170
4818 3482
4257 5135
6153 5387
3140 5375
1396 5894
4649 5366
3071 4457
1612 796
5156 444
4939 1907
2757 5987
5424 1198
4307 4848
1796 5986
1999 6345
2754 5689
3365 3399
6983 5440
4426 6233
2427 2850
1312 3163
5019 6747
2588 3707
3765 4272
2094 6582
2149 6289
1120 6376
5948 794
2959 5340
6042 429
5228 3888
1680 4498
1530 1521
939 6715
5323 4125
366 6853
1832 1105
3074 2819
431 5750
6742 4223
736 3353
2482 6290
1505 1649
6835 4387
2974 6752
639 5672
2855 4586
3225 4119
1105 4159
5279 793
1752 2280
4343 3323
5616 3596
6888 1015
1877 6890
2469 4550
2369 936
1885 5253
3941 2754
6021 4813
1914 3739
6 1972
3101 4992
5985 2904
1714 2927
1440 3856
3584 1204
4112 3575
4898 4484
5853 6168
6197 5978
1069 4852
3433 6670
1876 4386
4183 5670
4582 2935
525 4230
6380 2652
2278 1922
3427 6855
4707 4135
4167 249
6130 1723
221 6448
5573 4249
6282 2494
6039 5742
1423 2347
6688 3936
457 6166
3511 2015
4755 4556
5324 6928
2270 3909
3132 5402
5405 5604
145 4359
3450 4745
3100 983
5716 3022
6399 800
1977 654
77 2912
4805 886
3184 2559
145 1326
2507 6481
3710 1851
1293 372
1155 438
845 5874
4303 6502
6658 4070
6102 6067
1054 3015
4734 2524
6263 6924
2361 2872
6292 5410
1342 3647
6911 1483
278 6177
309 1326
1083 4884
2616 358
3863 2416
4037 3535
3111 337
3197 6527
6184 1154
3546 265
1576 1784
1144 2127
5810 2633
6314 446
2565 3052
6271 3782
2879 4151
4133 964
5303 358
2283 3339
2410 4612
3974 153
2778 1066
3937 271
3529 5172
6743 3188
6488 1915
2809 6014
3050 2693
1134 5172
3338 2571
6700 3491
6098 5143
4769 6436
5172 1945
5358 415
4645 2428
5166 3628
2986 4371
5577 3162
5415 4332
3737 6225
1870 4459
3298 2391
1765 6917
1309 450
4576 3762
2334 2873
4507 5877
5133 4619
2136 2888
3830 5635
5783 6421
5556 780
5499 246
6712 468
5600 298
891 876
180 1804
3758 1036
6714 514
3350 2931
1471 6820
4119 1981
4905 2890
3995 6641
5209 3301
5212 2818
5926 2161
5679 5667
5858 714
5770 5031
784 2857
5916 4856
4331 2776
558 824
2211 564
4358 4599
2835 3397
3697 2638
5947 3388
1840 2314
5391 5385
3614 883
2671 2242
3851 6488
2796 6852
380 4844
2884 3289
6182 5914
1366 2431
189 6030
5696 2988
3115 2633
739 5716
1243 1277
5319 786
3385 4214
890 5885
3660 6139
2142 5281
3632 4091
4845 5067
4477 5580
2939 3346
203 6086
6175 5093
6672 5899
1877 287
6675 3164
5489 4765
2349 3480
2935 2823
2245 2376
1221 2053
4648 3368
2998 893
4116 4261
3514 5913
1652 4491
1750 1616
2185 4954
2890 2299
6477 5781
5689 1793
2733 2315
219 3182
4916 6007
6225 1773
3458 5200
210 6102
148 4470
6646 3523
2945 3137
4975 5833
1078 4377
6936 6480
6905 4915
155 4860
5962 6274
6862 1835
1827 3152
6469 1352
4504 3969
5906 6342
1856 2392
5736 4241
4616 4210
1102 5902
83 6677
2719 6739
3498 4225
731 1236
2692 6047
567 5743
3182 4928
966 3762
3335 5924
3525 5267
1340 5666
3833 3168
5113 5366
529 6390
2241 4081
3493 4231
5418 2215
3572 2080
6593 2707
4351 1818
932 4528
3945 1130
5970 3482
239 400
930 4455
3616 2352
4471 422
2359 5241
5351 4376
3298 6392
4848 6007
6276 3939
2348 4328
1274 1232
6675 1204
3973 2774
1519 4446
4654 6141
2410 4425
1078 539
5183 4950
6047 854
821 3357
6957 6902
2587 6946
6238 1553
2862 2455
2089 253
4231 3190
4459 6023
6730 4644
1271 560
61 4019
3397 2964
708 1386
3710 1209
1781 5735
1518 437
869 2243
248 3845
1731 1484
3109 53
6182 116
1297 5164
3697 6639
1897 6849
2950 4904
4817 254
30 5837
2349 3748
4066 1783
6526 3309
3914 1389
4315 2487
5350 6352
4872 3344
5128 1055
706 909
2385 2624
6870 6502
3198 5356
3912 4699
5423 4386
760 1145
1593 1900
3375 4494
1315 5339
4434 6501
3369 6177
1445 4631
540 6474
5738 2677
6354 4895
1599 2065
6511 1846
6934 4423
5020 2811
3115 5479
6324 3151
2652 4257
3012 2348
2738 3277
4857 5264
65 3333
1278 145
5199 1995
3914 3617
6245 3797
2676 5782
6336 3161
3531 3852
2323 1722
3231 3560
5872 3966
1581 331
4571 5809
552 418
5958 2986
770 1809
3411 2215
178 4149
4751 4464
6332 2638
2068 3832
4562 4942
4311 1159
6852 4367
2784 2467
794 2553
5486 4280
1713 2328
2274 675
1124 4939
3617 2441
2218 2995
64 2707
654 5956
5378 6440
1427 5125
1991 1491
2010 5705
6350 6950
3563 1831
3129 5511
1644 629
4907 789
6777 5482
1755 1399
4401 2149
5149 6738
3132 1995
2716 619
4025 2801
6430 5374
910 2512
1280 1291
6923 2274
252 4232
6640 5369
5448 3772
497 4036
2369 3140
1801 3622
3769 5440
1900 3601
1036 1281
1184 1933
3076 4695
6902 3275
4388 4896
2300 1441
1475 4741
3916 2053
3720 5147
4840 4424
1953 1333
5583 2253
5529 5400
4862 241
2850 2258
632 6681
6764 3691
981 419
661 5167
5494 683
1323 4320
6669 421
4186 601
4272 2627
779 2944
3764 908
1589 1995
6229 3532
1251 5383
2063 1097
5915 5062
5144 5939
2611 1868
4641 4564
6909 258
5876 5107
4885 760
3797 3650
5347 2511
4481 6534
983 91
3233 5005
888 3237
1170 6333
578 2257
464 1189
2257 3972
3010 2489
3225 4363
269 4885
575 1959
5332 4081
4800 4974
111 6928
5460 6710
947 784
3283 6970
324 1559
3705 5939
4377 5780
3616 205
5758 3142
6045 6582
5884 4944
4131 5000
5669 818
3047 462
4636 5667
1869 6842
1143 6738
5749 2275
274 4074
2268 697
597 3007
5786 5540
2577 1452
5249 1171
6718 5520
2138 4788
433 1852
2143 2880
6473 5689
1576 6216
3159 1807
2321 708
1698 1483
1703 1827
4882 3040
2764 4661
4963 1716
6057 526
4622 1423
1393 4472
5833 1572
6053 3790
4340 5874
973 1200
2129 888
4023 3723
4928 2634
1941 837
1758 1884
750 2848
1061 6682
1873 6560
4080 4230
2516 6437
4295 5350
971 1504
6468 4190
1518 1673
5673 3919
2779 5319
4726 1372
674 759
622 569
899 3321
4226 6684
5726 6182
6313 3498
3918 115
564 6226
1079 1976
2990 2506
6215 711
2825 4913
1951 1905
2514 2577
6374 4905
954 6411
3729 2845
3342 6371
6955 3904
5716 2461
4097 1551
5923 310
213 2212
2099 1022
2324 3584
944 4942
5961 6429
4583 1444
6841 6219
6265 6840
3591 6294
733 935
79 2397
110 1710
1636 3183
4834 2194
4684 5633
6924 4941
1062 3096
6701 173
166 1992
2119 2778
3167 489
4753 6177
2671 3291
2495 4755
4386 4663
2149 4118
1803 3481
6381 4140
3449 2804
4980 2369
4228 6706
403 4564
5563 4447
5802 4463
4012 5361
2329 6156
1264 170
1040 462
916 2870
5341 2533
2096 2952
4749 2621
6989 2683
1390 1972
6483 4043
4616 3031
1849 6458
5547 157
6644 4900
6861 3437
1971 971
4283 6763
2248 3723
2726 315
6546 2113
1603 3019
6676 1405
3054 5284
2586 3718
4049 3334
5940 3242
752 3563
36 1895
1672 530
6511 5660
6752 2339
5405 3083
2426 1901
3448 5561
3443 5217
2603 1039
4326 2272
5061 2492
5967 1251
1196 951
2825 3303
4965 5413
6436 4173
2040 5248
985 6366
549 6967
2221 1095
5312 6625
358 202
4468 4957
290 5171
2437 2790
4672 1754
4794 3437
871 4924
2988 3832
3366 2472
6747 1190
5193 4085
2429 4777
994 12
3969 3704
1880 3811
954 613
699 5756
2225 6475
5879 4763
612 6511
2842 5885
5834 856
1983 3909
3743 4300
4026 6840
6946 4409
2971 4952
1575 5777
4113 2298
1434 5572
6740 3752
2903 6511
2179 64
2930 1918
2589 1625
4922 1878
4884 5558
1276 1953
2564 3258
6451 616
2239 3498
1220 4273
5873 410
155 3949
1583 1881
1249 2759
6779 5585
4021 430
1612 1121
4414 6548
6121 3141
687 4941
2886 4248
4471 666
5377 5841
6939 6971
4446 2299
2954 6826
5814 180
5194 472
4196 2124
806 5572
648 2734
1895 4038
5312 4665
4433 1313
4689 5440
1168 3709
1357 6614
1101 2487
2066 4859
276 5757
233 2677
1606 902
2481 6764
1222 3945
4406 5502
6080 457
5524 2454
166 4838
4956 2936
5632 5959
5884 6180
717 5880
5323 1417
6128 6540
742 6876
6690 1325
1595 2591
4133 6282
3947 2894
6037 4143
6684 1510
584 3257
4156 4953
6867 3846
2333 3459
215 5080
3441 1975
2067 4279
236 2924
1139 4418
3185 1231
2782 4224
4251 4409
5526 5509
3129 1299
5866 2167
4116 1740
6861 6633
6727 3435
3148 4732
5264 6448
5013 2665
6477 3260
6382 3400
67 3273
1027 6055
2429 2012
3456 6016
195 5902
5104 6166
1403 1616
2795 4055
5811 3584
1647 1976
6440 6761
3422 4153
3472 3516
4478 6643
1265 5065
4684 103
5532 1890
6872 3385
420 6959
1239 3844
855 471
4587 170
822 4495
6956 2332
5503 6033
1862 6452
1038 2807
2127 1273
5739 5751
4001 2675
2664 4861
4811 1726
1463 5430
3180 3465
6884 6778
3023 4979
108 6256
2118 406
872 4208
753 544
6355 772
6606 4555
4579 5540
6485 6480
4417 1048
5638 1131
5665 3708
6726 6542
6592 3344
2791 5760
1306 878
4687 6012
3412 4912
4661 627
1824 2561
2512 683
6744 6367
4996 6767
2236 4949
5963 140
1168 944
5090 6402
6807 4437
4596 2861
6564 4679
5367 2738
3777 6730
5898 2374
3248 6386
4373 4509
5147 3903
3557 1479
3371 2255
2311 3029
5210 1973
1065 415
4528 5551
6866 1984
2064 5781
887 5216
4746 6942
5546 6803
4671 941
4985 2794
5984 3996
2684 4708
5689 4078
3866 2584
339 4071
6096 1958
4640 1978
6531 1132
1498 3276
835 6904
3201 3133
3541 6207
2144 1172
2140 3682
5190 2795
3844 731
3415 4755
951 4985
4380 711
424 6222
6026 6450
5076 4386
2132 7
3959 3872
3651 3719
6920 4448
6488 1785
4900 188
6796 6102
1073 3635
5824 2559
1902 484
2428 6192
5917 1969
5304 3432
6753 2241
461 1566
65 812
2298 3867
4755 2466
1866 4210
6754 3597
1406 6669
558 4882
5002 2343
4389 3806
3911 798
5939 6831
2709 2620
5684 2148
4192 6675
656 4636
3421 4546
2640 4735
5759 979
4340 157
3471 3909
5370 3678
358 283
53 6063
5244 5259
6610 2313
3339 1511
1260 2306
4312 1492
4093 2882
3897 2970
5679 2154
1381 3764
2194 6496
2213 130
5024 3391
1409 2779
913 4827
4397 6676
2222 1347
4863 5917
6408 4434
6129 5773
1621 3601
1960 3067
5297 5620
4578 271
2140 1722
4672 5568
6558 5132
3459 3094
4044 5999
2107 84
3478 3144
145 1464
5573 4737
2087 2061
3448 5187
1151 4591
1992 5207
2950 4156
364 4211
1730 6927
2397 6424
6592 929
5527 605
1819 6218
1454 5531
4625 2719
2049 2708
4535 6209
4119 4079
1481 3190
6392 117
72 3056
4385 2478
6840 4414
4027 4490
3010 1928
6081 5328
769 4647
1345 3302
5789 4927
1446 1102
3749 5650
6139 2273
509 6413
1402 803
5235 6970
2556 6080
1374 5171
2530 4859
2463 3637
4214 6918
2984 2585
3359 1708
336 1008
3025 2586
561 3570
2649 3238
309 1814
3896 5296
1871 2944
4223 995
3049 6363
4723 1318
4480 1560
4504 6872
1137 5608
2797 3109
4504 456
839 1979
3323 2401
1785 167
6616 4682
766 188
5561 5800
6671 4389
6151 2633
4372 3720
2758 148
4406 2550
4253 56
3094 5732
2093 1451
6363 3455
5109 980
4307 2921
1628 2031
1600 6399
6602 2690
590 4284
3869 2695
3327 5152
5608 5215
6477 1463
2518 2539
2399 5291
5288 3547
5425 5508
5453 1140
1995 512
5917 5970
5943 775
36 6327
86 5690
3761 4855
1961 5065
6216 6037
6123 3594
6090 1202
4816 704
4752 5415
1992 3597
5311 683
450 3873
4593 4604
1456 7000
864 2924
4035 4276
4835 4137
1299 2098
296 3406
5495 6627
6328 966
3936 3516
2286 287
2900 1678
3588 6216
4300 3978
5585 6520
3092 1848
2870 3721
3812 4389
4077 5626
3029 1499
159 3293
2055 3545
3079 862
1960 3685
6512 3123
3019 6446
5564 4138
3361 3177
6496 4872
1807 6826
1807 410
2108 3556
590 6862
409 4572
6849 5899
2835 852
156 4126
4289 6421
997 4742
6847 2820
5997 206
207 6343
5835 6294
4222 2166
289 2211
3346 2495
1756 5733
481 2381
4281 1992
4742 889
6211 5238
1130 6210
4306 3742
5271 3862
4180 5323
37 4592
735 2648
6943 4406
5761 3497
2939 801
4427 5200
3269 2433
4301 6781
3396 2208
383 2196
6919 3231
1124 5614
5699 6002
742 2314
5384 4678
6636 664
531 1313
5691 5360
1274 5558
2831 5590
4877 2403
3982 4934
1546 1550
556 3063
1426 6329
3327 6925
5748 2861
6219 2446
1982 1299
2099 1884
5342 4802
3183 6
4939 3631
5713 3025
2418 4081
4990 6602
384 3895
1103 3582
2352 3461
3811 2958
3692 1546
6503 4083
6019 1230
6731 6162
1029 1566
4766 1609
592 1565
6846 3668
5612 2569
5134 315
6161 3565
3153 3897
3831 6993
4170 797
993 5292
6602 275
924 991
779 4774
2797 5955
2395 5386
4436 1855
6280 1163
3444 6705
2544 2476
5066 1470
3507 4775
6903 3771
5747 1831
423 3799
4241 4770
4965 4047
3688 6284
1565 1145
4747 6039
3426 1588
4983 2374
6238 2041
1291 5457
880 3671
1071 987
1902 915
4044 3852
5009 6978
4243 1029
6165 250
220 5318
4669 3123
94 6899
1085 4076
42 6709
1685 5761
3483 4724
6356 2447
305 703
2 894
1065 6807
3926 3015
3320 761
2353 972
6281 583
4629 691
6024 2647
1449 2259
5900 891
960 5478
2827 828
5774 2472
2971 3236
6276 3622
5527 5224
4772 218
2758 5572
485 6124
3030 3816
3532 4966
3618 3986
1166 6485
2661 5639
4117 1455
3893 249
735 3266
3061 2348
2715 1711
3749 470
321 1182
689 6304
1711 2794
3834 2271
5766 1426
3822 4920
2280 5920
2154 6747
1466 2963
3579 998
1872 1399
6823 1108
4545 4726
4266 5311
3211 6429
773 1464
4071 4843
6163 2001
6492 779
1330 69
1273 5951
3045 2195
1053 1454
2138 2430
6496 5035
5706 6636
1203 1398
2411 1276
4527 5244
5179 1457
4247 6358
2385 5690
5761 3310
5358 2139
1996 1973
2395 5654
6722 2530
4977 2447
2843 3535
4204 245
5573 980
4385 1754
6847 4861
6845 4034
5288 1750
396 4873
6779 3414
5256 2212
552 3134
2740 3006
863 552
4937 3398
3199 1076
2822 4536
4935 3325
919 3867
1984 4191
3761 6441
4028 4341
4616 4511
6450 3131
1443 80
6588 6448
286 921
5924 806
4838 6775
4370 4455
2123 3222
6082 2146
1684 6558
5357 4896
6909 4584
1317 5044
1568 2411
231 3843
4052 2833
3219 2078
1397 6501
4888 3105
5318 1935
4886 2278
5329 6231
4928 5887
1000 6276
4701 246
3297 456
3364 1678
3078 1092
6039 1668
6197 2254
4848 2925
3258 3911
6119 119
3326 2325
3603 913
1669 5095
4948 3506
371 6455
1983 6194
6240 2331
6403 3261
6618 971
6800 6869
4938 6201
4222 6785
2451 5481
975 4125
5641 6883
3380 5944
2000 6548
3445 6339
3841 677
2786 1041
5305 4682
3808 4701
4713 606
1817 1179
2370 3048
2626 759
3581 2443
1502 3238
5535 6083
4389 667
34 1743
1959 6897
2926 3680
6725 4601
2086 6672
1898 6621
2053 4280
5064 3465
241 2975
5499 3393
3577 1920
6495 5078
2823 6184
4134 2777
6124 6828
5004 381
3013 3275
2108 954
3469 4080
3909 3598
203 3622
3391 2669
1708 3464
1538 4773
1983 5389
2281 2602
3067 3511
59 3843
758 1400
5281 2352
5248 6376
6117 2624
4589 324
927 6282
3801 3506
4592 4759
5841 474
230 4664
3814 1459
1381 4008
3713 626
4339 3532
4699 1623
6426 6762
6137 6659
2842 1299
132 5260
4709 2311
2336 2659
6329 6829
4048 350
2155 369
6410 1341
4832 6848
6418 6120
3328 3444
2159 6904
5848 3523
4139 5349
187 1934
5132 4107
2456 6898
987 297
1919 277
5726 1059
339 2705
4871 3019
239 5507
736 6313
6780 470
1613 170
1389 6878
5004 5992
4407 1572
644 308
6559 5197
6777 172
5772 4817
455 3038
3533 4199
3154 5334
4809 1737
576 4496
5423 3882
4019 4092
5613 3225
878 2582
6860 2277
6258 3929
6454 1589
4991 6854
2751 376
4836 3533
3031 3399
2310 2885
5359 3308
3611 5960
4574 5253
599 6550
1846 1438
5 5811
4296 3030
4444 2928
1374 2382
2112 6283
5035 3369
4291 6069
867 4271
1455 4441
87 898
5063 2384
5804 5048
303 5626
137 3644
6093 2118
1012 838
4155 2394
1132 1694
6696 3350
156 4825
5271 2683
4607 3457
138 3465
4830 5192
5519 6168
877 3804
2401 2198
4194 4981
5355 5013
6597 5973
5250 1055
1451 134
4513 8
1581 5088
619 6397
1770 1577
4447 1640
4104 5438
4255 4853
5442 6860
2450 4719
6777 1595
5999 5465
3160 156
4037 6845
5706 1456
3192 3077
3472 5346
5640 3088
3776 5757
1317 669
6948 5799
6480 4233
5986 692
6829 2135
6543 1549
5166 172
5728 5537
5578 2560
939 3877
5848 4141
2673 6053
2824 3216
3911 855
6586 845
283 5643
4225 2708
6655 6277
698 3414
3972 1481
1417 95
6329 6292
5429 4315
4899 1117
1599 1829
1387 4390
539 2603
4646 1425
4062 1374
3957 3832
2346 6193
2284 5315
3148 1219
3399 5002
1633 4042
6291 523
1530 911
1443 1666
5049 5198
384 5294
5386 1585
4783 3012
6014 4537
4445 738
1267 2379
2706 3853
6288 6991
6899 4701
1395 844
6869 5990
1673 34
5990 2638
4845 4994
1579 6788
4776 2191
4101 2776
3346 1934
6864 2613
3290 4254
2502 2518
824 2159
6982 390
6457 1700
4991 3284
3931 1806
6233 2746
4674 5297
2848 6538
5639 2007
4928 2935
3142 599
1397 516
5581 1248
4074 579
4046 4947
3963 3192
658 3560
2826 1302
3266 1574
6189 5076
1524 5172
2603 2950
1641 95
966 4844
4851 621
6962 4245
5744 1427
2136 4238
4935 5984
3978 6883
3453 4783
4716 4368
6472 1577
5474 3229
3004 3644
5497 1900
5994 2706
672 583
5488 4066
2403 2488
4312 6355
5031 6042
4455 2499
4747 6283
5950 1653
5308 4630
6865 4662
2715 2760
4588 5472
259 1353
6112 3112
1747 4254
907 76
1218 3910
1901 1688
2871 4404
6407 27
4856 3193
4658 3208
2677 374
1340 2560
4819 4065
55 4182
1951 4434
6503 3872
1391 4777
5964 5092
4474 4030
2824 801
2395 4825
3660 1073
2577 6559
6648 5724
3097 2653
6131 6895
4402 929
4557 2752
6561 63
921 3515
6898 2866
2189 3444
3221 1376
268 5579
6431 4154
1601 6657
1250 5676
138 5506
5952 1675
1010 5435
4489 524
6509 2532
1122 14
6514 2876
1909 3777
1561 6477
4116 5611
5668 5299
3028 3583
4043 6072
4912 6484
4579 3800
1181 3977
3290 4522
5905 3707
153 6918
1648 6072
4411 5155
5474 4652
1042 3818
2764 2197
85 5471
3319 6391
6965 654
1380 3813
3103 5046
918 5445
3032 6334
1692 1833
1566 5666
986 3105
5613 273
5616 3954
1729 934
5989 3004
3315 6622
356 457
189 2037
6725 3072
4025 1305
4457 1716
410 693
3775 1130
3059 5124
2366 996
3649 2711
6233 6747
6942 4992
285 5128
2274 1407
6611 5387
4753 1485
6535 6331
315 806
5886 5885
6751 4643
2515 1469
3048 4184
2833 58
2829 2568
5131 3508
4043 2234
6221 4828
798 2653
6679 44
4939 6721
2818 4661
6429 5531
2040 1361
6900 5116
3574 443
2225 6776
2877 5241
5561 59
6249 3843
13 1565
3999 2312
5062 1809
2994 2793
3369 1916
1877 6443
5927 4731
636 1921
629 1504
3244 689
2891 3045
6667 2262
1808 1361
4798 6839
2243 1289
2582 4919
3146 6947
3542 531
2363 6309
3325 2748
6933 6353
1719 6207
375 6468
375 52
5132 2928
5763 6178
1773 6443
4562 331
3476 6300
1518 5170
6098 6656
1307 2576
512 5426
6589 2729
6869 4998
3314 4437
1261 37
6610 573
849 5196
3784 6803
4808 4120
1346 6002
3368 4673
3557 1162
1535 2491
4623 4340
5736 948
2157 2245
2871 834
6195 5434
5921 6363
1533 5047
5004 275
2770 3411
6293 5188
2155 4801
6539 2211
3356 3508
1520 4061
6592 5255
3426 1995
1148 2203
248 4390
3923 2801
2961 6362
2863 3575
865 5298
3296 424
5255 4408
4692 5234
342 6654
4501 1502
3508 3498
5254 19
1453 2435
1451 110
1600 5114
4714 5932
5144 5516
3093 1943
1906 690
6885 1693
1573 4422
3187 5742
436 2532
6908 6780
3551 6204
5977 2484
6142 831
166 4334
6504 5384
2125 1902
6514 6072
3424 4150
337 5155
712 5032
1436 4309
2217 4874
4722 6173
3576 4921
3731 1826
4443 6758
1559 6594
5232 4932
683 2759
6120 5394
1927 5300
1085 6711
1383 3924
1919 3904
2705 4813
4274 1472
2233 5757
2820 3073
5719 2017
1168 5433
2599 630
3087 3602
1077 3036
882 5978
1539 4787
5584 4983
6016 4640
71 3292
4835 6585
3152 1718
6595 560
4801 4722
3891 2057
4639 6646
2464 563
5852 452
1831 650
186 4181
6971 6674
3702 2535
6842 4574
3049 435
4528 5502
3788 774
4846 4091
1575 5541
519 799
3313 2201
2164 3684
3789 2130
6048 5652
1165 947
4716 1766
4843 3793
483 4525
1878 6481
6057 6869
1193 6378
4185 1349
3445 785
6480 5282
4496 2931
638 4813
1347 3812
507 6050
6881 2593
5012 1885
6911 1654
1398 6379
3695 6975
183 3078
4536 5339
429 101
4720 1484
2385 404
3473 5061
2229 3274
5923 6653
2096 3684
2756 6174
4222 426
5836 992
822 3186
46 2965
3747 1099
1632 2237
2313 5604
293 1344
2445 4969
317 1738
5521 5303
6476 6987
5149 3445
5858 1690
4958 3877
136 6241
5733 6125
3899 1089
6098 5314
3264 349
3735 6350
2357 1365
1873 5682
4481 3696
183 5306
6568 510
38 2673
593 6867
3487 5467
4170 3245
6529 4719
4340 458
3821 1556
1023 3418
3664 1572
1697 2608
112 6944
6022 5073
2254 4219
330 1919
2190 262
944 4064
3972 5108
3528 930
6167 5427
3710 412
96 4906
509 1103
5848 197
1054 4609
3278 4138
1181 220
1738 5241
2930 6838
3890 2450
4084 5699
3453 2449
6878 685
5973 2528
114 200
2452 797
5528 1131
6591 4792
5813 3744
4839 3538
5343 5515
3378 3214
1265 5179
2731 5847
3572 4211
4594 3707
86 1535
6686 865
5120 2999
5896 2466
6434 3273
758 652
4937 1040
4617 1624
2282 4708
3371 3174
6832 3319
6727 5777
1911 42
947 6940
1656 5185
3182 5904
5706 3473
5823 4058
1724 3599
6987 4361
3453 4677
1686 863
65 2536
2871 5453
2949 448
1957 5298
1962 5642
771 6899
5260 2605
5506 6044
2462 3713
3362 1526
5910 3653
156 6037
5839 4941
6721 6312
6036 5455
1772 6649
6285 2749
173 6391
2728 5525
2666 4647
5462 1958
5964 3108
4847 6758
5525 6444
5530 4536
5306 4828
2037 689
3253 6844
2451 6156
8 847
2573 669
2747 2542
916 1187
2070 48
4021 6423
1820 5535
6323 947
2651 5463
5361 1502
5079 2570
4666 711
4144 2292
2055 4651
1647 6546
6318 3232
5889 5004
1964 5664
3951 1116
561 3066
833 1310
339 4185
624 6798
6036 4650
681 6551
5220 1620
5502 4716
488 6910
180 2593
3131 1727
1109 3056
5677 3027
5897 1081
6805 667
418 4636
6428 4881
6120 6980
5714 5538
1684 2240
768 6146
97 3497
1659 3873
5016 285
2973 737
1810 4042
6944 2704
4301 1471
5978 107
565 2784
1717 818
4112 1949
5762 5178
3241 4874
1550 5808
5724 2442
1431 4396
5223 4146
2086 6542
2800 5131
966 95
1215 3051
6623 30
4066 4987
4071 5331
2359 1224
363 3774
2928 3596
3969 5054
1233 1378
1611 18
5334 1883
6402 1724
2422 2677
4751 5440
919 2127
945 1096
141 5243
392 2610
4520 2309
4963 6262
1355 2657
4889 3869
2972 3494
5109 6087
1255 5459
6475 3141
6578 4020
3088 4608
2002 3407
2530 5778
3650 5809
3337 1148
560 3133
5173 595
3896 2832
3977 1508
6634 4302
593 2492
5753 123
3480 4085
5133 6831
5436 4388
4823 5851
2948 814
5902 3629
5007 1996
3227 2858
6181 2263
6269 2110
6000 3383
5595 5549
6495 1110
6765 4943
5151 2125
2780 5552
5154 5806
4562 1730
2039 5517
4866 2141
2089 4880
506 3627
5521 6539
6860 5180
6352 51
6670 2804
2401 5906
5209 2480
133 3796
5207 1653
902 2846
6098 6550
1898 4531
6421 5483
184 351
6598 457
3368 6072
1613 5301
4427 1663
530 4371
6600 4667
2121 3233
1925 6327
4904 3722
6332 1654
2132 389
6404 3974
798 2092
6749 6638
3033 5974
1859 2674
4068 2669
355 1522
6965 5704
1509 4547
4150 4953
1318 815
3472 6021
4117 2561
696 5198
6740 6525
5391 26
814 2975
4518 6288
6636 5421
1908 1785
5414 5113
1721 5342
962 6256
6124 550
838 4500
6999 6412
6808 6844
717 6425
6011 6500
6123 6741
500 1472
2805 6093
1859 1519
3013 380
3207 3629
1392 2807
192 6954
2290 3957
1359 415
3069 3695
2513 5692
801 1585
5620 5339
2705 5862
4477 3604
1943 3095
5098 6166
4623 3429
1988 6221
5345 6797
765 3059
1890 3434
4712 6130
5889 279
5584 2649
2170 5703
5398 3425
1230 4327
3002 2069
189 2899
5046 2219
393 420
5417 4606
5112 6222
2617 5641
3801 961
3016 2906
4399 1819
6176 6321
5858 1316
159 3407
118 1154
4737 1814
251 6379
1686 5482
3637 5441
5447 3667
1801 2988
1558 6236
4600 4734
3289 1725
5658 3887
5011 104
3724 899
489 2006
5502 341
6739 957
3951 3507
3134 1033
367 4460
59 6559
4746 1526
4503 1768
2913 5760
5561 921
1827 4559
1483 585
113 379
395 3475
5056 5889
295 6277
5966 2138
2719 1730
3961 6854
4058 3754
6177 5741
1122 5682
68 986
4734 3744
5171 3745
2086 2167
6845 952
6566 5701
5791 2672
4359 834
3910 3482
2015 422
247 5051
4934 6434
1326 2829
2164 3928
6126 1615
5808 3026
5314 239
238 801
5520 115
5989 5289
2451 6587
3662 5982
4624 2421
756 5867
1718 2306
451 5231
3469 6341
1998 5329
1387 3455
3223 2902
5144 4150
5524 3617
1687 6376
6670 2617
6298 3011
4390 5408
2220 6839
4460 6901
6162 3904
384 976
2774 1763
4582 5578
1210 560
162 2095
4924 5315
628 1336
3952 5936
3202 520
4144 6106
9 5236
2955 4026
4973 5207
4763 1425
4952 4330
4702 3401
6756 4239
3136 5535
3292 3796
1917 4744
4105 2364
296 755
1488 100
3780 352
2792 2692
2501 1762
5493 897
3256 1106
5964 2734
823 2901
3748 814
5501 4922
1501 335
1852 1316
3066 4392
3382 2908
266 5427
1324 4580
5617 1872
37 6129
4307 5881
2156 5110
4608 2611
5896 4670
6426 1452
46 176
1502 156
5478 2467
1904 4108
5911 5732
5448 3756
928 823
5630 3238
4697 5285
4609 3186
3384 5613
5881 3988
3639 3099
6037 4501
593 695
6216 5964
1990 3478
1895 6624
2426 6260
3722 1821
334 2686
5993 3448
4343 973
1206 2615
6715 6816
551 1223
6426 6713
4721 3777
6832 985
1665 685
3621 988
1379 4263
2760 2349
105 6017
5955 4095
1507 2728
1407 5530
2902 4684
4578 466
233 2230
2427 6111
3870 5075
322 1521
3990 3679
4769 2663
2685 3868
3301 6086
2150 326
6162 2294
4758 2504
5229 4341
6452 5251
3885 2350
5725 4922
2544 630
5016 261
1401 5311
527 2303
5434 1740
6536 411
6278 6791
1822 645
3247 4695
4277 5964
1670 6640
5865 1145
5767 610
395 3288
6207 5046
6334 6319
5178 215
6463 2757
4811 5117
3383 769
1291 3611
2189 2509
4656 1796
2655 4002
3782 5204
1817 2903
2813 5342
4714 5184
3527 3931
6828 6827
221 6326
5450 1842
1532 3673
5859 6965
1002 475
4266 4270
30 1096
2929 40
3584 1432
5115 3249
2028 4254
1591 4253
316 147
369 3945
1900 5008
4701 1165
3765 3695
3758 2524
862 845
6715 4856
216 6332
6250 6971
5350 4994
2941 3433
4128 4686
3820 369
1325 5450
2758 3726
6053 3424
1571 2473
839 2524
2720 990
540 1733
742 2591
5272 6242
6211 977
5156 2095
6300 268
45 4356
346 1086
4461 3933
2372 6292
6161 109
4059 6370
33 6224
4355 2756
2082 302
2529 1745
1839 544
3215 4702
1185 2006
4946 6607
2267 5717
1623 5615
4288 4163
2206 5441
2832 4937
5819 3728
5659 1561
6271 627
1804 1462
6618 4118
3978 150
1260 3469
4255 2121
487 1267
1579 5666
2128 5908
6173 3852
6107 5484
4121 3060
3233 1874
3981 6463
6601 5992
2272 1873
1879 5554
4136 335
6777 741
3707 4359
3232 1622
3699 3717
5471 1459
3628 5005
3608 6982
3789 3610
577 5
1922 1844
1569 6452
2238 6776
1240 1258
1297 2546
4098 4365
822 5471
6491 4669
5185 2004
820 2392
3352 6238
1105 5005
4737 1090
1512 2885
440 6308
691 3675
1348 1730
1532 4291
1850 2880
6953 6393
5513 530
2648 6832
907 1987
3463 3975
510 4014
3270 170
467 934
224 1930
4515 2559
315 1294
6256 988
5597 6270
3952 4139
2794 3624
5189 4755
5569 4222
1648 2372
3053 5016
5753 367
1083 119
6289 347
4852 4581
772 1920
2769 2224
1236 6750
2884 6900
458 3450
267 472
960 4600
6800 5373
2414 720
819 4368
4654 4946
3781 4792
4994 850
591 4918
1338 237
6231 2220
30 909
915 1043
4420 1517
5612 3114
4382 5197
4079 1224
4540 2373
5665 6912
3182 2928
1463 2568
3515 2579
5538 4104
5779 783
4884 3314
6836 6127
5031 5993
5184 6989
5474 3530
569 32
5113 1861
88 3866
365 6618
2032 402
6364 4038
1703 1624
762 3810
2687 1794
3815 6604
420 3292
1031 1002
2933 2200
1558 3902
1183 1773
4426 1281
597 1649
717 253
5347 348
6343 5039
1002 2866
71 5740
3354 3169
3512 4509
530 3810
1234 1711
2481 3015
5256 4367
2114 5665
6596 6616
6314 3520
6097 4983
3633 5967
5932 220
2845 1979
608 2188
2698 4935
6557 5907
2639 1322
177 3133
3496 219
4600 6133
6462 385
5842 677
6155 6092
6523 4044
3997 4150
2813 6578
325 2250
6426 4111
5180 5661
3965 2360
99 217
1511 4032
2621 3375
5086 5245
2216 5541
1156 5561
1161 5905
5270 1390
533 6336
5520 5702
5689 61
167 1260
568 2358
2829 291
2767 5829
1306 5505
4668 9
5263 1350
471 2425
5476 2397
2246 3848
3829 5855
207 3318
4016 5681
6714 205
5311 3269
5536 5831
2886 3427
6580 390
1793 5973
702 6680
4472 2699
4840 651
1702 193
6648 5220
5996 339
4036 3300
4318 2232
5515 3449
3930 1369
6884 4184
6235 5990
5927 5837
4965 2982
1937 1938
821 2780
1244 439
4514 1770
4791 4522
1489 4407
1189 4115
5979 2213
4601 4398
6352 1263
3518 6878
3086 805
6966 2654
3946 5635
4295 3537
372 860
3694 2381
3976 1313
4465 1504
6333 6124
2539 5547
331 1990
5778 4559
1428 6733
3658 5353
6891 3419
3226 3444
1173 5460
6703 4122
2933 5851
3903 2905
2168 3510
2805 189
126 3463
633 4957
2410 3043
4368 4173
3114 1698
2620 4573
1128 4936
5012 2023
1286 6276
3779 3778
4015 6529
1095 6708
1752 5517
5135 144
4890 6729
905 6584
1378 2832
5079 212
2116 5979
4384 1673
5605 5920
712 527
741 5429
1152 45
5145 4215
6501 6997
5198 1597
2030 3926
5571 6309
2080 3289
2323 795
1698 743
4170 4538
6477 5822
6692 6942
4595 3024
6902 4308
6558 4498
4940 6442
5408 1592
2390 5400
4255 5585
1413 1513
3187 82
2513 3521
3031 5204
1582 6395
3937 3963
1423 5584
2691 5513
2039 1386
5053 88
6054 2871
2967 4630
2714 6436
4307 6125
3280 2875
3493 3922
4090 1926
1445 6282
6268 356
5299 6910
4366 289
4734 5411
1093 5076
4419 4087
6504 6490
6160 2516
2987 2249
2049 3952
1560 1509
2422 3002
682 1011
2865 539
680 184
3044 2002
4518 6695
4819 4179
891 4568
373 2885
1264 585
4586 1352
5525 5509
576 5846
4970 3944
1758 339
6737 5506
2427 6355
2815 5683
2684 6920
4551 1516
4919 222
1467 6956
4020 5263
1212 6437
1346 2465
5224 4241
2048 293
3553 135
1364 3044
5818 5357
775 2649
3889 3467
6716 91
6967 3874
303 3593
332 2079
3385 4873
6556 2061
2410 6694
5397 6239
3900 6258
2563 1274
3000 2029
102 5939
3495 2008
3689 2251
1600 4610
824 2891
3249 1952
4209 3980
4995 4889
3555 3190
2767 1454
506 1269
1872 3985
1371 6443
4824 6727
5409 3216
3700 5042
4455 4386
654 6802
2309 3959
5506 6532
5418 3679
1963 3322
6244 3263
4638 6722
6959 5460
5011 5772
3794 5808
3972 3636
5118 2636
735 1664
2915 1675
2197 5596
1732 6957
2842 6300
2351 3030
6073 1287
5828 1456
2968 1686
3656 6224
2713 6829
4406 306
879 1793
4932 6014
314 6710
5727 4033
1897 1547
3268 5361
3185 3606
6659 4013
4269 974
2275 187
5824 933
6999 671
3179 3037
1553 956
2673 987
749 2851
2459 6131
5293 4680
1247 6511
2696 5320
2539 1172
1634 3015
1055 3308
4133 4469
485 3717
5459 2124
3031 5017
4029 3365
6902 1088
5527 6200
2996 5962
2256 5398
4126 265
1442 3195
2601 2400
2754 3396
407 4965
2688 5028
3930 5988
626 2794
4358 2493
5101 322
1152 2086
4082 343
5671 5548
1562 3647
6503 6832
5753 1416
2236 3591
2604 1543
6597 5713
6623 518
6905 3614
3421 1765
437 239
5437 2119
5814 2823
2792 4977
5906 5041
6255 5949
1988 2708
4935 5106
4594 4813
831 3549
6464 3090
2166 4700
4652 1785
1386 1327
1728 5228
4686 3998
3000 6030
1625 562
2432 96
6891 5005
3739 6369
5050 2962
6762 653
838 182
5447 6570
5662 3526
502 4397
3867 4834
32 1250
5007 5517
22 3945
5003 1611
4695 1458
5378 1488
6873 642
6933 4857
2604 738
6365 5339
5558 143
6435 6832
6645 1192
6120 5508
4721 6062
6211 4872
2259 3709
426 1527
6049 380
6897 2167
3158 5461
4598 744
2449 800
3073 2879
831 2744
3575 4029
6801 5088
827 5254
4344 827
1286 3324
1312 2293
6076 1422
2944 4162
6726 3224
1373 5952
4078 1647
39 4649
3678 4157
5667 6852
2380 5517
1198 4608
5140 919
1284 3628
5895 6679
2159 3074
5444 1330
1985 1231
252 2663
30 4536
5438 1515
1936 4722
2772 4994
274 732
1301 3982
1961 56
4946 4436
1806 2397
6124 2193
2760 446
6249 6803
2044 5194
3821 3280
3637 1473
1204 1016
2064 5846
3719 3003
2003 2160
5800 2254
6679 3354
480 958
4081 1140
706 6374
4343 2803
3305 4302
6259 3707
3368 2372
2502 5641
1430 2648
1397 6672
3215 4759
3138 2849
4798 350
746 5399
715 3834
2950 2798
2800 6237
1967 5482
3234 2557
2984 2382
4730 5319
4503 6094
1586 6544
4227 4698
2167 5543
2265 6078
4753 3990
4448 5606
928 1848
1172 4460
4713 6843
2657 2926
3288 6176
6502 28
1263 3824
6116 6408
6460 6218
2009 1170
730 328
6265 3498
6392 5525
2188 6770
5837 3960
3430 5478
5797 4561
1010 5980
1316 3808
5946 3903
5507 823
4082 6572
5722 2697
2401 4784
3366 740
903 3083
4696 2301
5666 5017
4021 2886
6165 234
1772 4990
5750 3964
2090 3579
5602 1060
5497 3518
4671 3934
3569 4482
4133 6510
4625 6972
4255 1023
2292 303
6899 5864
4972 4047
4344 4478
6250 5418
4163 2188
4911 6023
5348 6778
5651 4335
16 3967
3347 2568
931 6976
3030 6833
4618 2768
2730 879
2281 2773
168 4738
2711 2357
4868 6326
6981 4361
1917 776
1600 5041
6139 110
4953 1711
3805 6048
5892 3616
2091 6032
606 1150
2275 1423
3560 3965
6289 54
5325 536
4418 1552
2496 833
6377 5536
2774 23
6092 6306
4268 1958
6945 2021
2241 2943
2425 5504
2200 2942
1520 3183
3113 2872
1732 622
3608 2851
76 3994
895 879
6117 1640
1742 4693
6332 6143
5905 6830
2376 1074
41 4158
6116 4798
1997 2209
1231 3430
2685 2583
2943 1121
410 3466
2189 2379
2404 89
4959 5639
3026 6259
6085 2452
3549 1116
3492 4746
606 6761
5443 4705
3547 5207
1623 2907
3548 1645
745 2409
4415 1230
1392 530
1956 2558
27 6330
2838 3175
4039 1882
4787 6471
2108 5581
52 1664
3197 4047
3114 2292
2049 1968
1648 1624
741 2640
395 2003
3299 1291
6401 6256
6153 492
1679 6572
6051 2467
4628 2627
1233 69
5395 850
4032 1061
5870 6970
2195 2143
6384 4747
4245 5491
6504 3351
3687 999
1713 5028
4030 7000
1026 4098
408 5217
5920 6683
6135 4393
2608 5880
5598 4188
6462 92
1220 4314
4611 3720
487 787
6500 6211
3855 4905
1896 3550
5561 2027
2949 6523
5626 6586
2908 106
428 6973
1980 2497
5371 1903
2040 296
5465 4948
4767 476
5959 2073
3001 5932
1280 3991
6923 4974
5669 1745
2157 5018
13 500
3430 5291
5326 5543
2805 5239
6702 3285
3525 1364
6176 6622
2367 5013
2520 6009
3392 5938
3402 6626
2992 2032
774 6455
6104 2023
469 5819
3079 4660
4698 1406
3659 805
5291 2674
2478 2750
174 983
4260 1934
3971 1831
4685 420
3785 2607
6565 6555
6661 6263
3819 1437
3659 4188
2749 1523
336 3196
2015 4911
2543 866
6433 1151
77 4433
4189 6605
5462 462
3433 620
322 4237
6175 5996
3651 6175
1378 311
1190 260
5543 2521
6790 4579
6661 1725
3237 681
1910 6965
413 568
6018 5231
376 1440
3022 6354
3483 6749
4507 4820
303 6065
1552 1780
6185 2146
5813 6704
930 6163
6596 1680
123 4377
1460 2191
6773 3070
2265 898
6962 5221
3102 4778
1199 3355
681 1672
4540 3398
6118 4307
1169 5398
5553 2054
3816 6750
4520 4651
5559 3754
3878 1212
5459 6556
880 1508
6396 464
3094 6765
6826 48
4646 791
6671 2389
6979 1044
1843 1555
1375 5651
5642 4728
4836 134
1875 312
3960 6879
5085 838
2024 3064
3452 996
1743 1324
311 5902
4614 4636
476 4249
1775 5743
6038 5078
1864 2782
5009 5165
1836 734
5747 1896
3974 6935
529 4260
6876 3144
3452 1346
6031 5038
5907 3282
3322 6191
6744 6408
1455 4425
2422 4214
4621 1269
5868 6737
3848 5483
5457 1541
5190 3641
5394 6854
953 6658
2501 5446
393 1339
5111 4287
3775 2911
1373 4773
900 2109
1433 4824
2519 3019
2902 2757
6828 5705
5978 839
6848 6357
5826 3451
3546 6242
2431 139
1345 6108
5041 5396
1462 6693
1441 5816
4951 6634
2792 1838
1521 5021
5504 4339
5757 2533
4380 6818
4070 5838
708 5672
6802 6362
4252 5320
6404 3283
2129 5816
983 4564
4656 2902
1621 4097
2568 5863
6515 3272
140 6504
3686 2815
6609 6317
4111 2055
1592 2578
2089 3384
6812 260
3517 1316
1744 5601
2005 3656
5637 6157
525 5564
3582 5094
1707 57
456 509
5813 906
3703 6552
5850 4171
6471 6733
1567 6843
3623 4344
3993 3123
5961 4941
2728 6875
5780 1897
5058 6076
3817 4560
3740 1896
424 2075
3316 6264
195 2023
1136 591
5341 2200
4656 2097
3689 2308
3309 2841
5885 2852
1438 4339
1309 2239
1317 6264
4483 3108
1123 2234
2175 818
5155 4854
4231 2483
4690 2805
3664 6573
3629 3354
6428 2848
2971 5074
4122 254
6396 3310
2408 238
3593 4828
4157 6856
3037 409
3066 5311
4592 6784
2557 3744
543 4934
6018 3889
1879 3277
4486 2601
2588 2276
1161 782
1340 2999
5329 3263
4851 255
6227 4413
1466 4801
4319 394
5134 6959
6340 6010
3115 1389
5622 3515
814 4057
2695 2523
3269 5239
2744 2385
611 2974
1392 3539
1061 3934
25 2850
302 4848
4756 3751
4283 1087
6440 5810
6208 6241
4618 3817
6030 1216
197 4273
1076 1209
4206 2560
4252 2905
3495 3488
6707 677
6886 2140
764 156
3837 219
597 982
4955 3587
6140 1761
1284 5295
7 1116
6077 1412
6044 5436
3890 230
748 4534
2403 5855
6909 4194
3645 399
2466 3171
4257 5127
6688 2505
4351 4762
1369 4063
58 300
3829 6343
4235 615
2327 3012
6626 4256
19 4509
5072 1489
3792 45
2856 2575
4465 2797
299 362
4934 1555
2198 4295
1022 6584
1509 6702
1793 45
4933 2084
695 3745
3124 6712
3501 246
3941 6934
3814 4907
5431 5744
6179 3917
2745 1431
21 1522
3894 6364
5299 2592
3466 410
6759 3445
1597 2735
4525 6581
5583 5734
2118 1683
63 3626
6756 2393
94 2939
2081 2555
3476 4511
1893 2504
1774 1092
2488 6097
645 3227
1116 2812
2143 6816
5006 6103
6930 1233
6969 407
4792 4831
6800 5324
826 5490
6492 1007
2696 3767
6899 5303
3483 1114
109 5849
4510 5118
6961 3148
6739 4267
1011 1456
700 251
4769 5005
2341 5646
3112 5523
3528 483
1905 6247
3390 549
1184 71
3577 6791
1273 5024
1474 3028
4353 596
6042 2999
3956 6787
3770 4153
5967 6797
3042 6632
1493 4209
3785 4461
1620 6236
2670 4774
2611 1161
5689 2322
4999 4127
3295 4045
4257 484
4940 514
1977 4029
5347 1804
2385 4763
5372 3554
448 2258
2760 3886
4085 5103
327 4183
3409 2080
46 3941
4339 1987
3250 1269
4220 4739
3093 3537
1940 1114
3908 2932
5670 6402
5737 1208
2709 164
224 6687
6509 3939
783 1955
1281 5615
1 1165
1367 4635
3051 6694
1528 5492
4952 874
939 5097
2835 5349
6006 285
6501 264
212 4768
5038 3277
31 226
4886 5889
1830 6961
4970 4082
4034 6612
2912 3502
3266 4754
3323 5288
2361 6597
3603 1141
6244 5711
4902 3389
4095 1603
4033 725
1137 5462
6992 3884
2231 4272
5715 6121
6548 2712
1983 6
1318 6971
3837 32
5485 6598
5108 4396
6355 5700
5297 131
813 5523
2435 288
2622 6530
2410 1921
6476 742
874 3897
3859 4113
6629 5121
4452 5381
6465 6218
6403 2334
434 2844
5940 1112
983 3840
2256 4113
3756 4365
4879 1661
6173 2811
4003 4242
832 638
1042 4420
4218 1952
3667 4293
6923 4063
5496 2569
1074 6587
6841 5162
12 6534
4938 2241
1908 370
1289 1264
1261 5632
2557 1947
5896 6825
2689 3564
5552 599
5209 3643
4768 6152
3083 4622
2367 4452
5847 3149
3853 110
776 2557
60 6551
1156 2024
6820 3130
1108 5016
3071 6490
1457 5170
5691 6019
3043 4442
6723 3197
2927 6711
6657 5583
699 3276
5781 5912
5776 1404
2235 3185
5753 3864
5870 4449
1668 6521
2917 2990
3275 6670
2812 4694
4935 4171
1855 6347
1908 5981
4647 6922
5712 830
1722 341
3592 1624
2124 4293
3893 2518
6241 3803
3705 2467
5900 3510
5227 34
5853 2940
1369 1916
6725 2869
3120 5197
2740 5730
307 6027
4395 635
436 1711
6222 4500
5762 6959
1218 5130
6261 1422
5223 5927
6006 903
710 1
5906 2951
2923 5033
4318 6989
5001 4013
3757 2226
4963 1277
1200 767
4417 4716
1645 629
776 5135
4260 6984
1361 1624
6987 6410
3976 809
4554 6707
5149 3884
4846 4075
3339 3406
6644 3038
2261 6984
2748 2184
5652 5636
4592 6410
6175 1247
4564 4362
4774 5892
3112 1148
1557 408
1314 1404
5173 2376
2809 558
5321 3028
1830 8
4487 2048
466 3000
6259 544
3671 5434
4595 5553
4199 5553
3953 2114
92 315
3421 2253
5038 3090
2493 5398
1927 291
3637 3571
645 1430
1245 6121
5655 4752
4343 1518
5308 3890
3907 2119
390 4294
5407 1617
887 4346
4500 2633
3691 6436
5582 6344
3438 5990
193 6409
2753 5887
4367 3043
6330 4517
3844 1016
3314 4234
3460 4059
4921 4383
5292 6016
3611 4228
3440 6036
5789 406
4527 3675
1864 1066
2674 6533
6349 5698
1748 3335
6104 5113
5691 3254
1527 1646
3927 3121
5472 1638
1867 3966
427 2267
6688 2131
2949 5425
1803 9
6658 3420
6565 3229
6071 6104
3165 5989
2518 2206
5818 5658
4882 4024
2454 4665
3576 5523
6520 3486
708 1728
6802 2418
4279 6205
1980 4782
5748 4138
2890 1031
2688 3556
6236 694
2934 579
327 5419
2326 2386
4458 4635
3121 6821
889 204
4311 5339
4180 2412
6511 1838
1072 3294
3876 4630
406 235
2002 6611
71 3894
4429 6499
5570 991
2459 3854
251 2549
3981 5585
6720 6526
5913 576
4788 201
3337 1319
5047 2347
434 4885
5451 6372
5198 2516
5532 1638
3541 4532
779 6051
1113 5173
3451 5770
6873 6741
4385 2413
5844 6074
5689 2753
897 3828
5878 5658
3843 1864
5621 3558
3413 6417
6343 510
2224 4337
701 3135
5833 5134
6860 1968
6832 6336
225 6589
1343 3541
381 4850
2277 4348
6671 2446
4176 4117
2958 1299
4805 5042
3484 591
3184 6715
171 6703
5851 1926
2582 1951
5207 1824
4708 5109
4015 227
3423 2567
6726 6290
1551 1211
740 1935
2703 3409
877 4650
805 3084
4886 2937
3241 52
1064 4476
6160 6818
4223 4313
766 6539
2724 1253
4296 3071
6472 4838
4442 2142
5402 4924
125 292
6434 2102
1955 1422
3534 3687
2751 2295
2562 144
4900 741
5865 3113
5213 5402
2379 437
4722 2132
5987 1763
5207 4052
6301 2862
4840 2538
566 3044
6383 5146
6481 1517
4891 3257
6234 5023
2086 3948
5785 6917
2932 4908
100 770
3272 4976
3205 3754
2367 2655
151 1489
6718 4089
1016 247
6119 3006
2180 6212
6655 3740
6001 5202
6157 2709
897 2218
5035 2605
2017 2249
2325 6566
4904 3088
6764 3683
2567 6099
6154 2411
206 1546
3595 6541
6494 5485
909 2228
1406 3034
4117 1927
3430 5161
4023 5675
4892 1923
418 1587
3840 6722
525 2238
6282 3535
4857 5874
1839 2512
3544 5448
4335 6701
1253 2388
5752 3720
466 2008
4633 881
5166 3596
4311 4802
517 4225
4412 5608
4904 5316
6001 4397
2474 5130
6064 1713
2692 859
4317 5721
4585 6475
2718 5463
1231 3918
532 5637
1569 3159
2534 6285
2441 3842
1441 3913
3031 675
1436 3569
3296 1912
871 2070
4766 2699
5638 4880
2646 3493
3329 6933
4979 3746
3699 2302
1708 5196
1966 3734
6717 2658
3516 2595
5608 6923
2327 4679
6251 6800
2120 1168
5469 6764
3635 1728
5813 158
4727 6127
3356 2313
6057 6934
6494 3525
1771 233
5367 6487
3380 455
3226 6404
1137 6511
4875 2992
5558 3022
3312 4643
6885 3531
2427 1476
785 4524
1294 6845
4302 97
850 3421
1122 1665
1037 3247
189 1460
5724 466
689 1783
2327 491
162 2266
6036 4902
628 1507
1989 4633
967 973
4327 1066
5354 4316
5098 189
2112 2754
3199 6809
465 3206
1717 5608
4752 2935
1357 6793
2606 2508
3315 1507
1976 6276
3062 1061
6489 2376
5007 1175
333 4191
5746 1514
6920 1781
5239 3403
1448 6507
1150 2154
2125 5968
3837 3659
5317 1781
5255 903
5198 369
712 2682
6539 5472
4020 5995
2807 3521
1088 4659
6418 981
4785 1139
342 116
5070 4506
2327 3069
4295 4887
2788 4218
6406 2849
6991 5754
3782 5830
6612 473
2503 4988
4505 5636
2628 3936
1826 2494
1609 3957
76 2067
3560 3916
2655 1595
1827 5348
5220 1417
6085 6591
3227 1232
6391 1413
3772 5492
1788 3141
1373 6871
5461 1479
5077 3768
5056 3645
4645 1859
4237 344
3609 775
3312 6416
3739 6483
6158 1592
2647 1303
2678 616
2733 6739
6809 6248
4981 4410
3300 6032
1987 2196
2446 266
2332 3362
1332 3433
181 1837
6862 6259
3942 2274
747 528
2639 3290
490 3346
6087 3230
3537 4440
1567 6713
1598 1862
1360 2448
5900 371
3809 6067
6429 3344
4746 4893
5522 4360
5417 6818
5148 1675
3307 1884
2803 4071
5368 3893
1347 4845
2274 4481
3650 2223
3552 5852
4985 4128
6762 6378
3837 2049
5418 6639
2271 4183
1932 4717
1746 1329
973 5543
1620 2910
5233 443
5498 1680
3894 5966
6308 731
673 4527
6443 6783
6598 4442
2208 6463
5940 6162
4471 1813
4573 5473
953 3763
5364 6002
923 1642
3836 4456
2514 6920
1038 5564
4407 1239
6397 6788
203 2484
3687 4333
972 780
2997 3132
5268 2507
4650 3626
4984 2748
1964 5729
4025 3574
5080 3210
4861 3846
477 4184
532 4645
3025 2147
3209 4708
5449 4770
4699 3518
3334 3656
4354 5735
2549 5601
6573 4920
2493 2259
1268 3932
4327 879
6415 6963
6379 5054
3454 725
5947 5397
1305 781
5839 1168
560 2125
1587 6129
1933 350
2361 3271
3675 6551
3973 3010
6156 2538
5261 5069
3733 3523
2568 6001
4347 4914
80 6591
3044 5930
675 3768
4557 28
4439 1470
20 5005
5993 1204
4398 4852
6886 5393
4122 6085
5982 4428
4110 2318
3518 4658
6006 2570
5101 6665
3948 4242
6852 3530
5417 2175
3044 4775
783 4590
3176 4894
5478 5834
1490 2008
6748 2426
6617 3663
901 1613
677 2659
1890 2881
5749 3853
6094 5019
3260 54
2098 551
3407 2733
4061 2025
3880 5397
3087 1065
6885 4767
3122 3503
3679 4360
4054 4237
4429 3360
5370 1174
1946 6546
5198 2410
3618 4084
784 6289
944 4292
6044 1118
5668 1770
5984 5948
2715 1809
2154 3462
1251 1968
4642 1374
2126 2168
738 6294
337 5196
4346 3483
1061 5227
1422 6172
3602 6183
2136 5515
6565 6051
770 5428
5278 430
5345 2406
2599 3704
2480 2292
2821 2585
3872 4731
4560 4351
6709 2797
537 2224
3625 3319
359 3615
985 6521
4034 2026
4934 4003
6824 5938
3206 1645
1342 4314
230 4144
3518 6081
3738 4135
2711 5049
1320 5464
5226 6282
3639 1123
4676 5815
2579 1897
5192 4419
498 6029
1952 5182
61 6028
3696 876
771 711
5478 4224
3159 1425
1949 4884
2334 4695
2138 1373
2475 4176
5436 3998
3939 1765
3994 1472
1201 3678
6963 6073
6180 4681
4535 2550
4431 1446
6387 5913
191 782
2128 281
4306 5881
6825 2352
1505 1056
5680 544
3276 5743
4114 2678
3031 5912
2121 2493
6295 3291
3277 2935
942 6019
5975 3875
1432 5654
1681 6358
179 6033
3947 471
6342 2356
5965 5816
5605 5473
5823 6864
4094 898
766 5978
4663 4024
6838 2937
640 1143
213 1830
638 316
6152 2609
4505 6067
1785 2924
1205 363
2796 5641
4379 1232
5905 1951
1512 6707
6901 4390
3869 5102
502 4592
4654 6540
2273 2863
98 3196
2185 10
5144 6175
5077 4199
5089 6468
290 3366
5116 4127
3308 312
1071 3931
1007 2226
4802 5657
5912 5000
6354 6099
318 4633
4599 5328
4368 2921
5075 5257
4576 3624
4476 6426
1833 5193
1238 1600
3925 2351
5477 2039
3204 6755
4577 62
3988 421
5533 5354
2326 2093
1605 6497
5820 2378
4972 591
622 2765
4127 2485
3633 1950
5876 5693
993 4398
6528 1152
1325 441
2472 5301
2888 4425
4213 1478
2633 3906
4247 308
4061 1838
3438 1859
1072 6384
6115 2676
4124 5570
2109 3906
4833 3815
5836 3261
3587 1201
820 2376
4022 1129
5682 2794
3029 873
5993 6628
3803 267
5117 6957
1975 4845
222 4901
2843 868
6661 1839
3462 3357
6690 325
3825 965
5416 6997
6372 5119
3665 6345
6091 3379
772 4937
5691 5889
273 1052
150 2150
6843 1671
2884 3501
4128 5288
6743 4473
1211 4984
547 5758
672 4706
1257 4578
6104 3210
4060 808
5400 5309
727 1380
226 3084
5145 4036
3834 1027
2096 2115
6788 3842
1153 3474
4425 4878
473 1463
1961 5862
1878 4107
2083 375
992 6000
4445 6284
3830 6920
5723 485
776 4655
184 579
5791 5315
5693 2528
5137 361
2117 3342
1587 144
6310 3436
6186 5844
2266 6848
6682 2261
5782 4448
4226 854
4833 5238
2228 1079
3004 546
6653 742
2410 2059
1350 581
4999 777
1671 5103
5274 2702
5375 2754
2337 1022
3560 1932
5339 845
2035 4067
627 3377
6203 6548
3622 6193
3498 4437
6853 3432
289 4513
5702 1836
1751 1275
586 3753
4018 5412
336 3578
5728 24
2051 786
4673 1142
3135 5324
3480 5736
5816 5506
458 1474
735 62
6800 6430
6091 1769
1080 1228
3217 3821
1274 4477
708 5786
3979 172
2141 4062
1329 1932
2953 6192
3598 6896
6736 1692
4463 5654
4996 6117
225 1653
3122 3934
5173 1091
479 2701
3218 4396
6172 3047
4308 5716
1030 3743
233 2645
1126 3451
2096 6921
152 3245
599 4688
3648 193
6512 6498
626 2347
3427 4920
2460 1721
4349 4212
3301 85
3669 4453
1303 1808
2177 2564
6371 6266
1354 2527
25 4574
4557 1882
1891 5361
525 2645
5093 1862
4279 6075
304 6618
2756 4873
3377 1019
2816 2672
1515 6767
3540 2703
5118 3612
5116 2785
3877 5506
2186 2276
4190 3751
102 2727
4439 6707
5204 1851
326 1654
6477 2878
5833 2776
1191 4576
6387 4116
1600 4781
165 4180
1591 1285
6047 261
92 4641
4426 2688
353 6860
1334 3349
3634 1210
3950 6142
6474 2957
6441 6981
560 3174
5665 1098
3196 984
181 4309
4073 2011
5943 2540
5222 6944
1831 1122
640 2379
6345 4240
3537 496
3886 5568
6993 4461
1539 721
3810 96
4043 2519
326 3882
816 6927
3526 3720
2311 6835
6051 6395
4406 3510
4337 5625
4578 2304
2722 4834
2314 3319
3675 29
5853 2623
3055 4485
2492 5311
5689 1468
1846 4382
3797 2089
963 4294
1176 4587
6752 4348
5009 5092
5410 5436
5654 1632
1330 2021
2703 246
5530 4040
1242 6338
2541 2170
3917 6328
6216 581
1274 5095
6866 4635
4655 3059
2418 3268
2449 2581
854 6229
4601 6960
1881 3063
5365 4912
3973 221
4866 1027
5218 5616
3093 6066
116 5711
944 1958
3898 4773
6076 3203
3306 697
2127 3469
5585 4097
6550 6469
889 4880
5139 6262
5679 3732
2373 3875
5922 6119
5943 580
5041 1940
1801 6867
6658 6941
1367 4131
2619 6533
4753 3193
4448 4809
3175 1530
1803 6913
2799 2936
6410 6058
1856 4295
2200 4105
4877 4168
3669 2038
1494 3125
429 2801
4228 3722
3944 3963
5995 1120
3792 6575
3343 2053
6899 6222
1670 4290
6085 3265
4472 3301
4680 4004
2808 2648
4179 5708
5932 3400
3716 4486
6548 2208
5247 3297
3686 5775
4493 1145
4266 1920
4078 2623
2746 4399
2524 6272
695 826
1275 3387
664 1513
5273 1485
6228 3169
3769 4497
1625 733
5582 2994
5045 5041
5570 1479
2182 5754
4511 2855
252 3639
6663 64
6804 5961
6747 5427
4193 2731
1610 51
6752 2738
3667 406
6958 362
3561 2639
6527 3559
1940 5066
2571 1900
3598 5904
2287 2895
4116 1171
2037 1966
191 1831
1839 1227
1028 2705
1974 863
1680 416
5265 3071
4931 3949
822 2048
4151 6992
187 1308
152 2253
2607 4189
525 1303
750 3865
1335 6770
6627 6018
6345 670
6914 3042
5883 2302
5255 2733
3513 6331
6505 1302
6252 3862
3974 1064
6305 490
4906 1044
5563 6269
3622 6274
547 5384
6979 434
5246 1866
1519 2511
571 3526
6175 4581
3186 2711
3680 4000
600 2012
3683 3517
2757 4483
2941 628
511 442
3589 849
1688 1007
1402 421
4521 1583
1904 1571
1967 5303
3834 653
3832 3990
2058 5421
2710 3132
1965 2978
411 5873
630 1073
778 971
3766 5622
2367 6176
3057 961
5663 2312
1365 3922
2576 4071
833 4815
6130 4407
1517 4693
3702 5048
5840 4833
4620 1188
511 5703
177 165
2761 37
2967 4077
4692 6137
1698 3923
4898 6013
4060 2662
4810 3914
3318 2025
3368 1388
107 1274
1597 84
165 5416
4432 1487
4826 1414
101 1459
2833 1229
3022 4134
441 3779
976 905
2394 4565
6640 2011
341 165
2531 864
1588 5633
4862 4454
3109 346
4237 4402
1491 1536
3958 4987
1463 4406
2366 5900
5501 6841
2030 5951
3264 634
4040 855
2106 4283
5633 2796
2680 6999
6849 3289
1933 6018
5660 5373
5037 6148
4235 542
1670 720
6556 5696
3013 234
5129 1950
1209 2954
4621 3237
2446 4324
703 5068
3166 6865
1413 6921
222 1762
2004 6608
2195 3924
3809 326
6334 749
6640 4239
4524 271
2256 4577
167 520
5539 2760
227 5489
6667 6816
2221 2112
1658 2938
4982 368
2515 1835
6050 4373
6222 5419
2531 6475
2330 2055
2708 4859
5700 584
5729 5486
3606 6009
5947 461
1554 5217
6965 6631
3195 4196
1428 382
6717 113
454 176
1207 5109
5806 3639
5460 3002
5305 6097
2915 5310
4379 2899
5150 2022
6896 4959
2976 5963
853 824
635 5068
6731 6585
2944 763
1354 2503
6486 6000
1342 988
5371 651
3750 2324
2413 4510
5025 4178
5584 1698
6384 5723
6675 237
2836 2169
4558 4712
95 4565
2058 6039
3018 1651
4358 3900
461 192
1319 2667
4767 2607
3120 5311
1749 1497
1835 1271
4701 4239
4973 2483
3481 594
2400 6153
3732 4377
6104 3804
3633 3617
2019 45
6219 2064
4009 6348
1676 3843
5039 6863
4387 2736
6741 3866
825 1004
1420 4597
3187 6913
4035 2284
2130 6450
5210 2022
6519 4204
3537 3505
4402 2263
4242 5014
1733 6979
3190 3397
4959 1622
2340 4947
1691 6753
5230 6057
4175 759
3686 3978
6909 1356
2652 5973
5826 6842
719 4341
2049 984
5376 2849
2213 5522
5692 611
2484 4295
3542 442
5663 5508
6269 622
57 1374
3037 5410
5592 380
4909 1104
2291 867
1205 6836
11 4412
5835 1269
4713 411
2658 5764
5330 5483
1347 2755
1228 589
6142 1197
4280 6945
200 3530
2940 1663
3988 128
6849 2752
3060 267
6971 1429
2120 5307
6201 5160
4486 1536
6256 4867
1117 199
6282 3836
3140 1724
1999 816
6438 4349
567 5394
1064 6200
5887 274
4918 6828
991 4409
5222 1577
4136 376
4996 5206
4794 2039
3041 2095
1769 4676
4790 4549
6715 3287
2477 5702
5803 3959
1888 5307
6546 1788
4304 899
2073 2054
4559 5555
6579 1147
6269 167
4894 1115
1028 3136
1781 1653
134 5111
6378 6526
4989 1352
1622 842
352 4250
4710 2691
2139 2300
5939 6075
1051 1026
4201 3753
395 5825
1859 3414
3142 5129
5325 3903
4439 5796
896 334
4253 910
1608 5266
2552 6761
6284 6460
1554 1997
4746 4226
5907 4258
4967 2882
3716 6340
3747 5653
3604 6099
6307 5131
4784 3929
1565 5569
1066 1684
200 4953
6332 6127
418 6344
105 1683
542 2438
5466 3734
6765 5228
4838 4165
2319 4688
484 1679
2365 145
1499 4168
5575 3677
4365 4884
5301 2354
3551 1927
414 6575
3267 2168
3263 5432
5131 2882
2080 134
6655 1276
6937 208
3609 3036
1649 1079
4507 4186
2571 6787
3199 694
3357 1280
5875 532
3256 4611
415 2639
3288 6778
1478 2136
3945 5587
6947 6938
2418 6895
2537 1891
100 6950
3749 4894
4619 3996
3738 6233
5049 3580
4273 1107
6076 414
5706 5799
2996 3344
2676 3928
5599 1014
6663 1113
6785 2796
3297 3457
1210 227
6215 6615
4606 6393
3037 1840
3143 2990
6407 369
3394 357
364 2650
4945 2826
2194 3780
4152 4910
3246 2364
4177 244
1076 3795
3598 6953
704 1937
2192 6336
3749 706
6118 2868
6925 2402
3181 1188
1632 5181
1004 5612
6241 5153
3456 6496
4325 2744
6976 1586
943 4555
6031 6282
4458 5717
4396 4839
1314 6942
6099 4696
3179 4875
3798 6610
6153 4932
5258 3299
6665 6770
705 4390
3563 327
1295 1223
6317 3054
2418 4935
4878 6461
5537 6097
2036 2389
1301 2169
6392 4167
3667 4033
5985 3254
6611 1996
2660 1435
227 1732
2441 6989
4559 5368
5058 6247
3710 3356
852 1003
2772 5059
5924 2197
1130 6609
2527 5228
5225 3916
2957 4058
2313 4710
1895 1753
3082 3006
3235 4002
3116 6754
1084 3231
3386 4171
2704 1333
3294 4582
54 5345
2201 2210
4792 1001
1741 4669
3236 3823
1016 5167
2511 4321
3593 1616
3505 5933
4312 549
6244 6874
1877 6435
6710 1951
6560 5390
2102 2581
863 1138
4934 303
1854 5485
2995 3387
285 932
5111 1693
6735 2947
4488 2468
6018 677
3056 630
509 6275
2307 2986
4110 41
716 6753
4983 3578
4174 965
3432 6744
2336 4855
2957 3253
3893 5641
2497 5712
1929 6194
3180 3490
4200 5569
5322 11
962 743
6903 437
1927 3869
2421 6656
5530 714
2114 2941
4134 785
6407 987
2045 892
1611 4572
3760 2264
3722 5944
5157 883
1170 4829
342 4418
774 4829
2561 2879
2786 1277
3541 621
3625 5230
475 3257
5650 1166
5640 478
536 3910
6 712
2628 1822
1100 5938
5732 3450
6012 5719
687 4079
3285 6293
6767 5063
6079 1279
5984 3671
2909 6945
4960 4102
5233 5200
2800 5497
1657 4516
685 219
5891 4611
6720 1460
4791 5986
3645 570
3922 3322
2483 6729
4888 2886
2553 5970
5189 6032
4917 1372
1617 2084
1307 3356
6863 987
1109 2617
1573 1031
1860 4471
2295 4399
4783 1557
956 5758
3038 2228
770 6534
5247 6387
2162 4809
3652 3619
639 3607
2227 2952
4183 3255
6234 412
3584 2172
6178 480
3308 3028
5235 1839
6699 1680
3774 1515
3490 1756
4734 4297
4584 566
3653 3440
573 6370
5708 1470
4483 3897
3325 1130
1566 3593
6695 6075
5578 5561
4921 1090
313 3972
6476 6711
905 1632
2448 4240
496 6308
1277 6873
1986 5118
2020 4702
3971 4661
4418 5350
6092 6721
3143 1998
2826 6263
3473 3630
2765 1823
4384 3487
1972 4661
234 1585
6213 1763
111 6847
4502 1264
5271 3724
2062 6806
4407 2158
5396 4924
4245 3328
6048 383
3472 1126
2412 1146
6538 18
4280 5766
440 2592
1594 1453
6174 2939
1659 6012
2207 3373
3017 2424
1282 3029
2891 4005
6786 470
380 4389
3952 6839
2985 2886
3572 6618
3785 1249
1176 5262
3330 4052
5441 1260
1293 185
5095 623
1538 3399
6623 5552
398 6099
2444 2912
1797 5545
3135 551
3534 4232
6242 5860
3351 5279
5963 783
4397 2163
4660 1045
4025 6721
2662 1270
6800 1657
1228 5021
5951 1897
5175 178
283 3301
1382 2455
6019 4475
224 6858
5800 5865
1745 817
344 4708
2121 2794
3086 5920
560 5272
6508 4639
3734 6141
630 4513
2803 347
3701 2251
4069 6619
6944 1005
6712 1436
3410 1321
2957 33
5591 3432
6716 1555
836 5520
547 1253
5130 6420
5118 4905
6236 1857
945 5463
5797 4439
3192 280
382 6289
3687 259
5956 2971
6757 24
315 2034
6077 4429
6514 266
4519 8
217 4882
4207 2365
4733 1657
407 1973
5694 877
5690 3387
5350 6702
6222 6631
1616 3924
4782 768
2481 2682
3417 5070
3441 5464
110 3857
6951 6282
325 1567
4591 4583
4801 1949
661 4899
6739 5056
1404 2728
3907 1672
6013 4952
1008 2728
4399 1380
2965 5885
1563 506
351 3138
5086 1529
449 4427
3083 1410
4022 4813
4612 5810
2148 378
2275 1651
2280 2749
4802 5153
497 6346
5195 4855
6064 1103
584 2558
1334 804
1857 2831
5604 3562
6502 4712
4193 2601
5526 1427
1166 2159
3629 3956
6435 6873
3588 1703
6614 1920
6987 970
894 3134
2477 5141
4065 4486
5596 6303
6093 6355
6107 3809
4840 6734
377 4335
1653 4879
2281 2196
6787 535
529 942
873 1506
1709 5942
788 3088
2061 3361
2921 1775
1866 2893
1243 3668
465 368
4076 4244
6481 6063
308 2636
3420 2627
3850 1457
6475 6248
1934 3936
1697 4023
6212 950
5367 2844
3720 6302
6660 5247
421 3452
5710 3183
338 1697
5030 3424
2695 6508
675 4500
6029 4626
702 2159
2569 1673
232 3930
2071 2894
2353 5990
4209 2679
6948 3620
3904 2043
6700 4272
6108 196
4824 5426
5610 6335
3867 2915
4237 1694
6755 946
91 6327
4697 2618
4368 3840
4677 5349
3829 3562
6196 2645
2954 6745
684 4562
6025 319
6374 4637
2878 1273
618 6194
6649 146
5711 1849
3264 4692
2099 754
961 6533
5242 6474
3072 1489
2664 6390
5315 5232
174 5399
4677 811
2851 6216
1033 959
2942 5580
4375 3856
2900 5354
1602 6714
3092 5524
659 1657
2185 6540
6693 2296
1438 5559
1911 1807
151 692
4175 11
5988 4170
2490 4143
3885 6099
3797 4000
4977 4082
3050 3019
1938 2849
5448 3667
2203 4086
281 3367
563 2299
2141 3208
1024 6858
6537 2133
6411 3714
6184 325
375 2248
347 6616
6194 5177
1860 714
3355 6284
6593 5448
1762 179
4327 1
1269 6662
1515 3685
5682 2558
4405 4795
3598 3009
2970 3440
1695 2340
6462 2898
1073 5969
4564 2573
194 2617
1255 5451
3865 4292
1015 5210
5389 1932
4284 3687
4019 1726
2532 181
6100 223
5554 3662
4742 1532
6982 1594
4146 6382
5674 2266
2496 3907
6448 906
1965 1238
2056 602
5201 2985
805 4060
6259 2138
6661 5336
4572 5443
6496 1327
3538 5186
1229 3075
1741 4913
6593 4643
1054 1731
6587 4074
3378 6402
2447 2860
1979 540
2724 5612
3381 3667
5031 480
291 1745
3035 3030
6421 2092
3088 6828
2718 1633
3103 1444
5123 3452
285 1176
4120 4006
2119 550
6107 3622
6736 6799
1406 4815
855 740
698 3008
3215 5068
794 2716
4545 6629
4920 1588
6415 742
5448 1707
6098 3509
5038 3529
3921 3015
6202 3078
5641 5485
4180 5161
5358 2164
4239 5741
4814 788
1204 6936
1333 3374
1677 3184
6847 1503
3509 5141
1639 448
5527 6322
2201 1649
3438 6429
2080 3574
5913 3325
1114 977
6000 5953
5339 3992
1349 93
1109 4016
3370 4955
667 3671
6102 2473
1504 381
444 4565
1846 3528
2027 156
1777 5643
6949 625
717 6417
5834 938
1030 4662
161 1998
5756 5219
5448 902
40 3923
2154 4812
726 464
3838 455
1436 2317
2396 5099
1277 1506
5343 327
2791 4874
1524 1383
4326 6810
3659 1651
2891 6209
52 900
4229 6877
580 3271
2226 2594
3877 6425
4242 696
976 6654
602 3969
5153 553
855 2163
5760 4937
3585 6024
6864 4435
6955 3799
1592 5839
1416 3893
6762 4158
3983 6070
5304 3351
5225 4778
4956 6051
218 1727
6257 2710
3094 5383
3366 3627
2055 618
470 1948
5568 5117
5640 267
5884 2879
719 3406
562 4920
5579 2243
6622 364
2609 4587
3608 6543
2209 1435
208 3641
2355 6922
4098 3926
4750 1637
405 4155
1854 2964
429 2297
5475 5276
2256 3910
678 3001
1053 5130
5559 1217
4189 3263
3220 2647
6554 5683
317 551
2906 4931
1385 4556
6951 2875
2226 5172
3517 389
1505 2406
779 2302
1575 3899
500 2887
4488 6713
6678 242
4274 5441
3954 6025
2710 4238
1629 4135
5149 5641
101 6753
1648 1933
2491 3376
1333 609
1768 6199
2055 6229
4484 6190
3018 5522
3923 1427
3916 6672
585 1655
4067 425
2241 5830
3700 5327
3640 5276
3010 4880
5030 472
5962 452
2259 6409
5339 1227
5662 160
4282 5682
990 6255
2456 507
4311 4168
491 2370
422 6737
3595 4752
3166 2360
609 6563
1082 2811
4494 2340
232 4361
6357 4364
5961 4364
758 3653
4803 3849
6833 4293
448 2673
4147 2232
2655 343
2030 291
4686 5893
2246 5019
4951 714
2177 718
1683 183
778 1272
2928 4824
254 2026
37 4243
6560 909
1584 3587
961 198
1059 733
1279 2951
219 2971
4546 6263
2947 6005
2518 3613
3042 6242
3066 4384
1104 6518
4469 6955
54 1564
3820 6509
2633 5256
4974 5370
4491 2018
4002 5991
6148 2
232 3556
3568 2501
5650 1223
6923 2250
6551 6808
6916 1079
4216 3476
5484 3405
1246 5820
6540 1731
2990 1514
5636 6428
5887 3795
6043 4308
661 6298
6263 6526
6347 5473
249 877
6252 2203
4607 3482
5543 952
957 6067
5121 1259
3605 1228
965 5928
1395 5512
2233 6611
4592 1669
5029 1670
4944 5504
3948 1567
212 4378
2476 2582
5215 4277
6583 1404
4313 5637
5330 1783
104 6538
5775 2399
4565 5858
2449 1890
6903 6455
954 2736
6172 6007
6892 6296
111 4676
6921 4782
3065 3327
606 4655
4832 725
5047 2599
277 5153
411 1181
5896 824
3654 689
5882 2646
4732 494
372 1226
626 2274
2145 324
491 6021
6931 932
4673 6680
1958 3881
3293 5032
6896 1877
1087 4554
3568 6957
6433 655
3974 1983
5865 1137
4538 4011
1520 3655
2477 2002
2349 6920
50 5497
117 303
4709 4832
1008 5200
5650 2646
2570 5576
5123 3883
1195 4272
2597 3235
2413 1428
1480 1223
4558 1630
3930 4313
3030 84
2586 3076
2369 4539
3083 3882
782 5796
6138 2585
5291 4406
1686 4482
5258 2014
2584 5632
5204 5161
3122 6439
539 6011
749 6787
5376 3955
2087 1793
2343 5920
277 1315
5781 5172
3177 3113
465 3995
3107 1593
4962 5254
6338 2996
4717 4669
6240 209
3538 1779
6702 4212
3811 2877
175 3640
4750 4028
1665 2450
5175 3268
1874 6007
4582 5383
3491 6844
5296 4726
5304 4587
5261 1507
5008 1061
4302 6497
1253 412
447 2234
6013 553
276 5570
1150 6326
2764 3482
1864 5669
5666 6107
3672 3068
6215 687
4728 5558
844 2055
736 4996
1953 1927
889 4457
2754 3144
5128 5650
1171 1137
1821 5191
2005 582
2109 5069
6335 1893
1111 6721
5834 3597
2759 6871
5514 1929
4347 2052
4151 5146
3313 1795
166 5001
4020 5629
2817 3843
3617 4458
3904 1482
2840 4766
5108 4624
1534 6265
4206 5984
2535 4130
6190 1165
1375 4700
6235 4291
4826 4911
5442 2965
2646 4900
557 5007
1426 1255
2983 1287
6011 3085
340 808
152 757
6041 4425
2010 4689
1676 5567
1987 2985
6053 1806
4850 6436
4134 6266
452 4432
6938 6104
6969 1253
5833 2971
198 6767
5595 3557
4401 1133
574 2328
3218 753
1574 1476
483 6347
6890 5282
6611 5867
1105 5347
1969 1251
4431 194
4334 6677
6010 1705
6168 5297
1409 96
3265 2447
2859 1759
4398 1185
6132 6771
2791 312
5036 718
4846 4758
5466 3685
4153 3259
5551 3234
1191 3966
4969 6262
3221 6662
1693 5116
2510 1174
5898 309
1727 3946
822 1625
1593 1502
140 5203
4426 2078
164 3345
4178 1976
389 1743
3679 343
3276 3336
480 1861
6072 1401
4396 3367
6727 2793
2993 769
658 3853
6950 2276
2062 3643
6819 5765
3832 4722
403 2580
2085 1560
2670 4465
4677 6211
4568 4763
2701 2997
6994 1043
464 3206
304 5203
6806 992
6369 991
1490 6985
3849 2043
4286 2798
836 6195
4649 6822
5748 5976
6674 2758
356 2360
1981 806
854 6774
5828 1017
506 3058
1235 2679
5707 2188
3000 4168
3153 246
324 6959
4004 5714
138 3571
6081 1840
1626 5718
2443 1776
2094 1622
1805 1519
3611 5261
2193 1601
3779 6535
529 6610
5197 3779
4512 3676
3794 1181
2250 5518
3771 5893
593 1118
6314 3512
2334 3711
1711 4486
1126 1581
28 6035
408 5502
4073 3979
3008 3655
3104 3363
2985 1951
772 6718
6436 5572
622 3741
3167 1433
2179 3773
648 2710
2230 5990
3761 5555
6782 5428
6457 3416
3690 6843
4748 5996
1567 1704
3626 2886
5090 2727
1718 1119
6552 5905
6208 6095
480 3284
1039 4968
5901 4632
2030 2145
4528 4909
3036 5272
5453 3718
1413 4620
3190 2706
5022 4663
5767 5571
2023 2105
3045 5765
2515 2567
5880 3004
2435 6745
943 4856
1399 5661
408 1314
2462 2152
5287 5119
6629 1779
1087 1602
2026 5005
4638 4673
402 1499
741 965
4481 6941
2478 6068
1608 6185
4311 5217
4508 5731
3099 1433
2101 3085
3844 89
4470 2995
860 4979
4716 6434
361 1094
6892 2539
1888 5421
2346 3266
1441 945
697 3645
1005 1546
695 6982
3579 730
5208 3082
2493 6699
2159 407
5511 639
654 565
1409 6325
2987 818
3466 6680
4638 485
6625 6517
2922 6058
3639 1912
1142 6920
1988 1464
3946 2594
4856 5259
5095 1111
1475 155
110 5955
1041 3081
2355 6361
144 5539
827 4815
5094 1640
5997 3134
4469 1588
1949 2640
662 3435
6639 3540
6465 2421
6241 6877
1931 556
4551 85
5583 4433
1280 5699
5232 3452
4246 203
1120 2034
4361 4125
6267 5065
5613 6527
4961 2400
2714 1167
4049 2318
3051 3970
4176 4345
3985 4777
5764 4444
1901 5982
1374 2301
6627 2375
1644 3882
6439 3078
6382 5954
3049 6526
4128 4304
3921 6455
779 2091
4879 6158
1057 3533
3946 1789
3579 6691
5069 5501
6831 2555
6019 425
1729 2650
5937 2278
326 6468
1322 1737
2230 3575
1110 4298
5471 6420
5263 4993
4865 4166
2866 783
1651 3898
415 6136
819 6751
2689 5028
1691 6680
4585 5280
3673 5952
5116 4916
2341 1312
190 541
4075 2734
2433 4284
1425 5248
4518 6687
3116 2062
2796 1892
5540 3931
3057 701
4633 4947
2107 5053
3762 1456
837 1291
5386 3464
1437 5982
3044 5377
1363 583
3264 1179
1643 3606
2446 1486
2738 5270
1575 4411
6902 462
2729 1020
330 2399
421 2517
326 5663
83 5905
200 74
5114 682
3692 6702
2588 788
3739 132
6297 5199
1216 3165
3459 492
2281 6872
727 6357
6381 6775
6973 4435
1594 5942
4416 2222
5357 790
4304 1981
255 885
5260 857
5667 5153
206 3652
6628 3619
6186 1022
2362 1734
4153 3690
216 1307
3602 369
3717 127
5305 6642
6177 2407
5645 2546
5739 6345
3122 6333
1315 5372
231 4998
2034 5059
5989 6493
6168 1540
6546 5098
2532 51
5245 2023
5300 2484
1036 2924
1719 702
318 6845
5330 1572
6352 1068
6754 2768
1778 1282
6809 2475
5410 3029
3137 6991
988 2883
6848 1649
1839 1935
1837 1862
5763 4056
4694 6996
2447 5763
6926 27
4823 2680
432 1847
4007 3814
6097 6561
4631 5893
2860 4589
2845 3557
489 1600
1912 5604
854 789
5721 797
3877 1489
504 2662
6199 3081
6023 5299
6295 3543
1914 3398
2781 5235
2774 1812
2896 3495
6488 6567
3775 431
4267 139
98 4603
4983 309
259 5460
405 5285
4173 4641
4517 4451
6654 628
1117 1549
246 4474
1208 913
3083 6704
5077 2573
4547 6545
6696 4237
1672 5743
3239 6463
2776 5241
5598 1521
5453 5304
3946 4635
5107 4667
3261 4532
2736 5842
4453 3877
1963 5892
1557 4450
2326 3500
5166 5247
5947 5812
3384 401
1150 3537
4794 3389
5902 6069
3125 1638
5160 5432
1770 2464
2073 21
6899 782
6892 3775
2759 3732
1329 2721
4469 596
1969 5333
4964 4739
4651 78
4703 268
4708 612
6519 3944
225 2442
4614 6612
5299 299
4270 6802
2723 1042
6011 2979
6510 448
1011 3351
229 3315
881 1026
6661 3246
257 1576
2086 606
5974 6480
5232 5843
836 4666
4485 4862
806 1791
1401 3132
2511 2475
6005 5012
4016 3071
2168 1355
4728 4997
4291 4996
3453 3897
4628 1383
2729 833
884 3552
2871 3168
1592 2326
1191 1982
6292 3914
3647 6772
2752 5139
3719 1922
2881 823
171 4784
3839 6942
6891 1964
6972 1394
6287 537
46 2803
588 2628
2334 5565
1707 3188
4263 5176
736 6663
6663 6651
4910 2543
3115 3097
493 2741
2294 3133
2891 1891
6688 1985
798 6760
1421 3733
1139 637
6115 2123
674 2752
3571 869
773 1977
4495 988
1924 1321
3039 1008
6621 3392
6456 1635
3875 1280
1664 6874
5150 2380
3503 5838
6674 774
5813 4387
5995 3869
5768 4644
4715 2425
1887 5697
5898 3936
6421 5963
263 3568
6354 4741
3692 5710
3993 188
2554 3595
4522 5413
2376 4986
1686 4539
3393 1132
6639 4321
4920 5459
2854 854
4478 2862
3084 3760
4018 403
1217 2748
5415 3186
4761 4648
2493 3292
905 941
3544 4684
3738 1517
1460 5135
6647 6841
1881 469
5222 512
1631 6710
4067 3678
2658 3544
581 1002
242 1536
5964 368
6924 2396
4661 1384
5621 3412
1440 6361
886 2769
2601 6393
6677 5902
2071 3195
2754 973
6577 2288
2905 6804
1317 5207
195 4349
814 422
4299 2873
2683 5644
3619 3114
3992 1410
2963 1497
6253 97
2739 1789
4789 5891
2325 6875
2953 28
869 6895
2827 1609
1146 3231
1703 4088
1894 1404
6878 2751
1078 4036
5056 758
4474 1534
5996 4763
3482 6384
485 489
923 4098
1821 5248
2098 1584
146 4406
516 3185
5516 5065
49 4473
2690 4879
546 4525
6143 5163
2709 2677
1563 1425
1248 2353
1289 2354
5112 3669
3118 630
3245 2657
5323 1637
3513 1159
529 6049
3834 6435
1440 5906
2426 2739
1738 3119
3107 6106
4454 2356
2401 5126
5295 3726
4512 6498
3822 6051
3111 6225
120 2030
5376 5785
5808 1278
5345 56
1704 6137
2547 1164
6618 329
3445 2314
5715 5251
5248 6539
3001 5306
6185 6863
4833 847
3496 3033
1472 3535
2903 1738
764 2482
3558 3130
6739 5170
499 521
1784 2309
6009 1160
692 3545
6792 5935
247 2148
4729 847
224 5362
2397 3448
5852 4559
2612 5322
6375 170
1273 5927
1930 2484
3456 3203
956 4530
3077 6590
305 3257
3538 5487
2180 1878
396 2621
6713 2794
856 3545
5532 5493
916 2098
4811 4979
4708 1848
3187 1473
80 5209
1878 4172
4550 3891
725 1749
5520 945
4809 5283
4181 5714
1934 317
6488 582
6419 4949
982 3068
6634 6823
2785 123
1436 6456
385 2812
3373 6709
5115 3111
3578 3731
6010 957
5980 5252
4542 216
2463 1011
6353 1296
723 1272
4603 869
6807 1274
3538 1299
1710 5877
5132 6848
5189 966
6974 3077
4947 4816
5835 5278
608 9
1729 2894
423 4393
2687 1843
3246 3527
5214 5345
2788 2649
1229 5954
3438 3697
609 6246
6710 1691
3991 1402
2165 6807
665 893
1186 2093
4704 6936
3742 4081
6018 3800
6388 2579
4798 6571
6735 6070
4858 4370
4612 931
5704 5330
5047 859
5288 3954
2020 2669
3613 2358
2551 2305
687 4974
4849 5755
3693 3815
2803 6690
3302 4159
1153 51
432 3701
2612 3712
2729 4297
4890 6510
867 3629
6722 2051
6187 4925
3914 2471
6001 2291
2756 2710
1023 4142
2850 5755
1979 2264
3001 5924
2939 5046
2422 6971
5311 4473
6672 1183
543 3690
3354 6951
5245 6105
4443 5417
4376 4195
3810 5504
2042 3717
2627 206
4490 2230
2134 6689
5644 1091
5895 4874
1972 6361
4766 593
4117 2399
280 5158
6572 4335
4829 5079
273 1735
971 6961
6568 6845
5758 1378
6043 3991
5298 3837
4242 1347
370 5051
1495 5426
5946 4058
6218 2302
6068 5741
6130 203
283 5806
4348 5156
2851 5175
4816 306
3358 6669
5600 388
643 3116
5101 3673
92 6211
5970 6337
6185 3293
6895 5146
1019 5847
2700 1973
6621 3823
3381 4586
2316 5016
6798 5213
3226 1265
6426 3355
540 3368
6856 2939
3440 5166
6766 4177
4274 2359
1497 5098
2040 6249
564 729
4712 5968
2214 1706
1821 1223
5954 1266
3834 2060
5042 1938
6850 5753
6048 4311
2347 515
5332 4895
2276 1803
4265 2246
3576 4653
303 3024
4205 660
6099 4249
6925 3833
5507 173
144 2213
5133 3904
2882 5935
2543 53
177 1572
5769 1112
3168 2734
3944 2955
3130 6414
2812 1409
3667 203
5277 4033
1920 4211
1442 1203
5215 3155
1104 4591
3060 4894
937 6171
6668 2083
1594 4226
1126 1906
1840 1249
728 5243
1318 2076
1220 1541
4740 3047
6783 343
4396 3237
5359 3284
5491 4901
4961 2457
3669 2908
6943 975
3056 4371
5917 579
6034 1918
4306 3694
3704 5346
841 6059
2023 552
4299 6687
3139 3093
59 1859
4911 835
5687 1056
6869 1965
1707 2009
143 4216
2893 3037
1026 2025
5527 6436
556 6048
4319 4306
6277 1272
2607 953
3350 4444
3844 1569
4554 3422
1816 5335
1917 5387
3990 4777
4895 682
569 244
937 5366
5044 24
2370 3642
1907 1666
5768 3465
3058 1010
3084 2231
4023 3382
1470 1665
5203 4218
3967 6456
4772 5163
4522 4234
2115 5752
1036 1558
3245 55
3054 487
2209 5387
3885 6831
342 3621
6813 4261
6221 185
5536 6498
362 5027
3502 650
2447 1014
360 1948
2333 4110
3073 3920
6875 2860
5593 3999
6993 6299
2566 5809
1948 6928
3748 302
6432 2290
1764 5121
518 2507
4157 5425
1674 2195
5249 3408
3248 5614
5392 2962
2226 2708
6398 1925
1848 6697
141 2934
3503 3854
5454 3813
817 5957
6364 62
6662 3691
4303 2217
1792 3355
5400 6960
4576 3315
2220 5522
169 1949
1724 1908
602 1050
6142 4564
5165 677
3833 2453
5010 3018
2300 563
4074 5548
2406 1713
4287 179
644 3935
2113 4120
497 6891
1834 2453
2114 4722
808 2057
6033 6499
1267 6543
931 178
4914 3660
366 4341
3250 2253
732 6384
202 3186
4586 596
4061 4912
420 4577
6125 6438
5301 2793
5743 3892
5146 5888
6739 1413
853 1426
2190 6410
2434 2606
6919 6484
1284 3864
1839 1642
4244 4215
6699 1233
2365 934
1594 1811
1310 2052
3736 4748
6002 3779
2891 980
6667 6613
5550 6099
3637 4742
1904 6174
6935 951
1804 2560
4796 1695
3765 955
6034 5919
2794 6682
6505 4750
1863 3140
1925 4018
3858 6781
150 5224
2823 2135
2632 2567
5930 1782
3091 637
4379 2696
5000 5258
1505 4748
3119 1904
2635 5467
5016 5010
6728 2701
3459 1972
2246 1750
654 2663
5891 2204
1968 3691
4946 6900
2838 2793
5262 5416
5950 2784
993 5512
6910 4812
341 1385
6528 2266
3458 1720
2018 21
5534 4037
3791 1371
88 6574
5126 2522
6096 5992
5556 2106
5344 3913
6968 5921
836 2495
1980 2920
1990 1356
4189 1417
5056 1002
5157 1054
5280 3339
1393 6735
6429 1856
3903 1962
914 6508
4897 2820
4005 5622
1756 1310
5183 2625
4183 1198
3622 2851
3904 1783
4520 4001
6850 573
4420 387
4724 798
1007 2885
3961 5700
6698 152
4707 3046
177 5841
2460 2567
2140 145
1835 6679
1114 6165
4569 3112
3700 448
434 6406
1590 6094
5224 5258
4135 4540
580 6231
3632 5417
4136 978
982 3767
1789 2547
4370 2902
56 4733
106 4096
1354 6756
2042 6376
4284 849
4565 5972
1203 5806
4751 2944
3536 6059
4744 1773
1327 1146
4737 4766
1564 335
817 5770
2775 6900
3155 6367
6085 6876
1505 3138
5056 6963
1276 3840
5799 4038
5826 2451
5738 352
6040 4100
1083 6828
6656 2154
4761 5510
282 2578
2835 885
3945 228
5763 4731
1995 3123
689 6874
6274 2991
580 5426
5936 6379
50 2228
6743 1749
6500 1991
4437 3319
6333 3571
5054 2729
6867 6888
3658 2800
922 5540
609 879
1729 910
4678 3381
2933 3298
5856 6800
420 1357
2001 6701
3900 6470
5548 5866
63 2813
591 2178
508 423
6855 5723
5107 1959
1306 4375
6103 4398
5855 132
554 3050
3539 1014
2587 3011
1116 1999
3891 5603
5073 6512
2079 4298
1903 5762
1741 1270
1209 1409
1403 4658
864 4380
2359 3534
3071 6214
1476 2692
925 5033
5146 1513
6522 5671
4621 5075
5589 5466
3008 5111
5117 5656
3711 5793
4081 4572
4204 2693
4140 5152
3889 1369
5984 4460
4212 302
1476 3042
3274 2005
95 792
5946 1724
539 1937
3581 6851
4319 3582
2431 3945
1521 5444
688 4689
4451 5953
743 5150
2269 3617
5445 1149
4445 6138
1895 932
5191 3484
6961 4563
6149 2433
5906 2675
6661 4271
2196 1045
6184 4871
5618 6180
5623 108
1392 3694
4568 1226
2419 528
2754 3258
913 2713
1102 5618
1503 300
4276 6487
482 3658
2595 2447
728 681
5451 3973
5304 6929
631 3000
1092 1897
3094 2545
1752 4387
5427 2798
1165 655
4047 4156
2495 1462
1660 4798
2121 5193
1033 1667
5415 4666
5754 4132
4021 6318
6877 1428
5483 3080
528 219
4268 6195
3805 4219
5013 4097
2582 1057
2794 1502
5753 4661
5386 3147
2511 2345
5229 5415
1856 4336
6902 145
331 6471
2576 6877
4278 3126
2233 3505
2875 528
2283 2868
6617 915
5614 1469
698 788
44 6414
3103 2607
5336 5662
6265 6125
6423 3301
5865 2219
3062 3737
4583 4112
4395 4815
5544 3332
1908 4095
1963 3802
2644 6415
877 2601
5801 3897
2155 3972
4724 6222
6821 4478
4264 4517
2614 2042
650 6759
2823 5599
6092 3322
6995 4816
5412 3563
1606 5635
3096 4445
2982 3377
2765 4840
1485 1144
826 2262
2352 729
5371 6945
2673 6005
3351 2685
5240 1012
5491 4795
4720 3420
6667 5889
4960 2126
4782 3517
5799 6079
2370 4691
6454 1809
2314 595
196 2216
6916 5812
6316 1875
870 1406
4237 2670
3464 6130
2800 6904
310 6667
936 5409
3174 2392
6133 5551
4786 2885
5264 2887
3199 4142
3023 5606
1143 225
838 6005
1586 4178
1760 5297
2116 206
2945 3471
6625 2980
1243 806
4841 3723
3194 11
1831 976
4625 2378
5086 2773
6617 2338
571 184
3753 5078
613 3793
6275 1820
5031 33
6357 4104
378 3926
1902 1566
3125 2476
5083 3606
6019 1076
2459 2423
1495 2905
4886 2311
2799 3245
3337 6304
1001 118
2336 1269
3808 5889
4677 2137
3951 1279
2930 5391
4570 762
2145 1674
1833 6283
28 6149
553 1833
1893 4082
2796 5576
4997 48
2762 3713
3916 2574
5652 4823
6650 3925
1703 925
6708 897
4674 711
3904 4442
6170 3473
910 2228
5 4071
6794 5552
6517 6964
318 4568
1594 2860
2867 3133
5115 1558
473 3358
3026 1665
1123 242
5667 2071
156 1207
2210 2045
1891 5483
4112 5495
1247 5381
2334 3020
1305 3107
5157 2908
1356 5324
1922 1763
2789 3600
5179 5141
1297 2465
3188 1619
3110 6624
4934 4556
3665 4402
2717 5417
4687 1646
3247 2199
6772 4049
6651 5974
173 1911
109 206
725 2424
255 6447
6203 5060
3242 5238
2058 3502
1187 4175
6082 569
3869 4582
5204 2323
2303 300
3082 6454
6635 3936
6798 5620
341 2434
721 1901
2644 6228
5951 271
5913 3951
2458 1342
4163 4278
4333 6379
6664 143
626 2014
5655 3134
1732 3867
2055 3554
2819 1506
1673 254
336 2440
1420 2060
675 1906
710 4344
139 5309
6178 5538
271 6926
385 2332
6956 2422
6527 30
5553 5486
5365 6189
5000 5502
4499 790
1101 967
3804 2251
2444 6897
3378 3540
4672 4690
1569 5916
6760 5112
5289 4100
4893 4100
1911 3401
5729 4372
3800 1728
6169 2392
2060 6907
5324 122
1843 1954
3455 2447
874 2092
5540 4850
2183 5028
4917 5625
1959 5320
4361 1206
5966 6944
116 2450
1828 141
6874 2366
5322 426
1736 6968
6192 5944
1452 793
6627 5872
3816 2611
1921 5967
1945 4109
1082 5397
1106 3539
3933 163
1075 1974
3969 574
25 3436
2592 4859
44 1234
4338 1380
2500 5270
5986 1530
6235 4486
113 2502
5770 6601
1004 6645
6678 2023
2335 480
6237 2280
4632 5240
4337 5292
32 5731
6761 745
4118 6682
4698 2073
2798 5085
4484 1555
2483 3761
179 2748
5139 3701
6001 5194
4568 502
3172 4737
4918 1258
5657 1597
3671 5589
856 4838
608 5490
4589 975
2378 6569
265 2118
5344 319
5595 4102
1178 4300
884 3853
454 5023
5254 3809
4081 10
4316 3260
1356 6292
3314 1006
2524 3361
1567 5014
5734 6139
3741 5954
6296 5088
5952 5278
2715 5558
1024 76
39 6097
774 6317
1985 5712
2580 2889
1835 2735
6320 6613
5004 3260
2777 3403
3771 5015
5010 42
3449 2520
987 4331
4311 1761
178 1718
3168 26
272 1353
2137 5702
363 717
5000 2737
5096 3199
925 6082
3685 2238
1360 6010
6019 5345
396 76
3460 3059
3162 3594
3835 2182
1448 5076
598 6626
758 4629
2031 4902
2679 5877
4900 5889
2030 1267
6512 5628
6166 4991
5581 2086
4767 6299
4891 1639
997 3864
2709 1555
5673 5058
4269 5268
2053 6354
3930 1638
408 3469
652 6081
5206 6346
5810 633
4299 946
2857 672
620 5045
1709 3511
2175 4250
96 5045
210 451
5246 1988
1326 2992
6348 659
861 4353
2454 632
577 5348
4661 4718
3625 2880
4905 5078
11 5876
1193 6785
828 6098
2882 2772
4532 2995
4362 894
506 3603
5267 3215
6237 5931
4934 6947
2307 6247
6507 1096
3838 894
3561 2306
6088 5808
5804 6049
4457 1131
5176 64
6320 4653
3589 1321
3220 5396
151 2099
5701 6301
2671 4430
594 6052
2839 6458
4396 6490
1065 1473
1273 1422
1190 6083
2983 2450
1271 5513
4818 4678
1399 3978
6657 4396
6473 1835
523 4307
4683 2009
5027 1819
672 3649
6773 5510
1231 5333
2945 3097
6953 4165
3787 905
146 1324
1228 4281
2945 6480
4060 6167
1474 1304
3848 2312
1009 3419
4521 900
4646 6264
6764 4643
6306 3011
4936 2805
1507 663
354 4656
170 2849
1603 1125
6758 4074
1625 4856
6051 5875
5418 5208
5110 891
3264 756
4955 3986
6135 4068
4511 6978
5383 2743
6422 1092
904 6227
1435 5863
4112 5926
5129 2072
3200 6598
4943 5854
6593 2667
3976 2655
3205 6942
627 6858
3236 2091
5593 486
6969 4644
3263 4668
4851 6265
5343 6727
5541 296
6339 4248
3264 1106
2054 4565
110 889
4072 5746
6894 2780
6957 6512
3913 4935
4443 1717
4288 4058
1265 3358
6153 2745
2543 4729
919 2721
3128 1218
2885 1460
1789 5987
4554 2487
5278 1764
4208 1850
1014 2958
6117 6471
2528 6326
3958 921
5243 3463
1903 6274
2880 4499
5681 6318
4268 5284
2740 3738
5921 5778
5255 3473
5038 4936
4074 5418
5313 445
2981 3800
2743 4386
1838 2065
2619 2630
4296 1266
6844 5645
906 4714
5598 6441
3416 6357
6974 4183
2017 1249
5589 2945
5004 40
3796 162
1571 6824
3169 3447
5588 4972
2847 952
5314 4403
3903 3442
6298 409
2810 1070
1383 4494
5213 564
5115 29
1937 1670
2866 2133
5183 4105
749 192
4518 4654
4055 3432
2843 3812
2029 1609
819 5068
5843 2838
6001 14
1701 4961
2826 5336
345 2933
4481 2493
620 4858
1924 280
6148 6857
3512 2631
2612 4818
494 23
6062 667
402 6850
555 2928
3101 4228
458 2995
3686 717
6251 539
3574 476
6147 5851
5030 3839
484 1183
2093 2159
4097 5886
3280 3412
2755 558
3381 3464
2325 1728
5516 5984
3718 605
2216 280
3752 5851
108 2589
1128 4668
2123 3499
5572 6293
5145 6980
5978 1319
5606 5877
1155 829
6471 4635
3109 4469
6665 1468
3523 2766
2613 101
689 4971
3960 3521
6012 3532
1802 1579
3794 1539
1609 1184
801 2179
6938 3697
121 2420
2263 5357
3261 4459
4818 4491
501 1887
6648 6375
464 2759
1766 2272
4999 338
6623 1592
5656 2557
1456 1292
5279 2607
1955 4423
5191 6924
2758 6467
5153 4188
1863 5588
6304 3532
2782 5363
3353 4398
5803 5236
1362 876
3623 5979
1907 4382
3223 2073
1196 3058
2438 4018
5767 2546
887 4932
2618 2673
5799 4713
3079 1570
1215 6491
747 4171
1626 5271
196 850
1378 1759
6918 5273
6662 1146
3800 6965
4516 719
4796 2988
5162 113
2388 6533
5910 2450
5667 5698
3575 1370
4889 2398
5560 4323
6690 5042
155 6861
2180 2797
4190 4117
5243 2926
4415 6679
5936 638
5593 3682
1013 2950
2721 3151
1979 1760
787 163
1134 4408
1082 4218
1794 6144
5299 2454
2322 2099
4712 2886
6952 2948
539 6450
4453 4877
5991 695
1743 2422
5569 1002
2556 990
1835 5394
3891 2895
3746 6678
4711 2634
5420 879
1903 3054
5265 3974
335 2109
1706 5923
1207 5044
4882 3455
2738 3855
5976 2265
4859 5915
4472 5277
1712 3459
2894 4368
6471 6408
6559 2091
1638 5230
4041 6222
4354 4467
5381 2055
5632 5838
2726 5723
2628 2936
1917 3110
4573 3050
1827 4348
4962 6043
3687 4943
2386 6032
2133 2176
4461 1331
1854 2761
328 1288
3184 3568
6150 4488
2537 6201
2941 4564
4183 5524
3412 6401
5962 4437
1230 3311
2006 3532
380 697
3993 3148
2742 6606
3334 4266
422 4306
3490 4025
790 6422
2407 843
6101 6474
5012 5756
1555 1566
378 1755
1183 6124
1560 2664
3528 3728
1558 1837
5723 4047
336 1529
4329 5699
411 6776
4817 2255
4758 5058
486 1473
6150 3333
1421 5888
4752 325
6648 577
767 934
1388 3496
4975 6224
1207 1206
3440 3507
5527 321
2595 6155
6144 6147
5870 660
4440 6819
5832 4340
5586 901
4249 3087
4092 5355
6733 3509
4248 2862
2756 3979
388 4671
4454 2738
1749 627
6234 5259
1685 3086
6636 2795
4296 5535
5829 1009
815 951
4202 2867
1621 2512
36 6848
5237 6732
2641 5345
6698 640
270 2356
2760 5976
2361 43
4066 2979
956 3034
2764 6849
5307 4468
1086 1572
3882 3801
5768 2611
5179 2970
2293 4231
5495 732
4595 2919
5333 2656
4393 1280
3811 2056
2818 4052
2257 5705
5079 1985
1254 6259
5480 3083
4215 6835
6104 5162
1599 3261
6441 1549
1748 6767
320 2419
1175 489
3795 6434
2370 6521
1372 1003
4326 6070
3426 1841
5193 5655
6246 4464
96 6094
122 5063
5884 3294
2274 3026
1553 3266
3793 6738
5505 4429
6563 3582
2296 341
5654 3771
4436 953
5122 3910
4555 1584
114 1388
3443 6332
3694 3699
3214 6280
4525 2873
5466 1441
602 196
879 2948
3902 3648
5495 6343
6398 1421
135 5648
1351 5387
4656 5773
5301 61
4856 5080
3927 2365
2619 5289
1521 6737
6748 1426
5165 173
4325 2411
3891 6091
4082 2653
3635 5347
1491 829
6129 6457
1014 1429
4945 4721
1428 6896
6087 6231
5218 3567
354 2322
3569 3946
3001 4428
4501 3926
6392 3834
3472 4013
633 5120
6397 4178
4970 2684
1376 2949
43 5254
664 3652
4895 4984
2307 3458
3493 5240
2992 6944
5850 5887
3675 558
459 5879
2836 5650
4598 2704
2948 229
370 3555
1053 3585
232 3621
3979 4352
6935 3830
667 3549
6871 6289
6675 2213
1730 40
2566 312
6733 6355
2032 378
4688 5980
1730 3423
383 757
1824 3058
845 2508
4370 4358
4929 6042
75 6239
3114 1056
137 701
4643 5456
5333 241
5183 2926
4891 3306
1907 1780
1680 2555
3180 2807
5539 4281
5167 1669
843 5064
4899 6550
1403 3186
2153 2186
3992 1150
2707 3526
4701 149
6504 3620
5790 5031
5263 5514
6435 1571
6524 4272
1050 2509
6158 6366
4501 1966
3159 3808
728 14
6340 5848
3697 4615
1792 3119
3659 1879
5503 1187
520 3448
797 1282
5022 4297
483 3566
2883 5041
1725 4526
6295 5324
1226 1395
5828 6612
2686 1494
1939 6929
1249 1564
1619 1097
2532 1027
2241 97
3243 5734
4014 5611
3711 1638
1146 1816
2276 2535
409 1523
5168 4472
3511 6488
3019 364
6732 1511
2682 971
3890 3101
620 5907
152 3587
6308 5155
3861 1582
3572 1479
3606 6725
3329 1721
2606 1134
3535 1597
3201 2475
3915 1818
6334 3343
2884 1078
2450 4004
247 3043
6713 3339
4683 643
168 4470
6800 5967
6926 1353
4741 1752
5202 2147
4796 1459
6076 5155
878 3290
4493 3902
6664 6079
5236 1731
2374 5298
3272 6448
6947 5613
6875 4047
4638 3502
4884 6941
4295 6546
2218 4004
4393 3671
995 842
5164 2794
5609 3410
4298 4565
5225 4201
5918 4919
6930 721
3645 2465
5264 3375
742 6031
747 6375
6714 5792
494 6683
5463 6244
838 77
4788 6829
1298 1001
3230 910
3037 6931
3042 859
4757 4483
800 724
485 1652
5249 4945
5686 5700
5798 5941
858 4112
5428 746
3222 5930
6550 850
1730 4041
3129 3487
1476 2993
753 154
5899 331
2093 2403
417 6621
6306 3873
6449 4181
3257 1952
5614 6763
409 5979
5889 2272
3547 4939
6544 254
919 4738
31 3552
2529 2152
1035 5852
4330 4796
5636 1045
6699 6958
6446 96
6480 6096
6346 2898
6683 6455
89 4661
6775 2257
985 4984
3693 4360
1926 546
2268 283
4785 2343
4745 2944
5710 6070
269 6699
5520 5946
2918 4714
2039 1362
6514 388
1539 6674
6983 3310
5333 3087
4624 1836
6924 1949
3994 1440
6640 2190
6296 2380
2003 5088
234 447
6132 1225
5992 5352
3556 1214
4048 1676
2716 4206
1558 3691
1625 4913
3239 5479
4457 6799
5116 1517
2927 4426
4262 5577
2395 4565
1930 264
6377 3658
3328 1737
4539 1132
6753 6389
5380 5912
6161 6477
6244 1816
275 2326
5132 2400
744 5248
85 6366
3352 3262
3285 2040
4289 4340
6428 1344
3656 4427
6242 4372
3762 4823
1763 1440
4562 3186
1795 197
1568 972
1141 5823
6578 1288
2073 5803
4246 4643
1474 556
3083 1532
5677 6256
3497 6245
4278 6810
5527 2525
4963 497
1475 1912
4460 2128
477 2810
624 5489
5450 6250
6510 6230
6940 5060
6608 349
6355 2155
6692 4958
6503 2807
5298 6610
2772 5962
5754 245
4494 4341
5630 2653
437 2630
6034 3268
4045 573
5972 1636
3857 6938
1025 3554
407 4673
1121 3262
1059 2384
3973 1636
2574 2944
2942 896
149 3102
56 659
4627 5809
4813 2781
5403 6030
892 931
6899 2376
2981 4207
3998 6769
6372 2859
300 6654
145 2579
3464 6081
5270 3407
5141 1307
106 6788
851 526
218 613
3373 3684
3898 122
2652 3924
6637 1063
1439 1450
5680 4968
6475 2987
2712 1723
1473 280
4613 2319
6698 4722
36 4514
1089 3323
5793 149
3704 2508
6329 6545
2681 5793
1177 2389
4420 5307
1022 4730
5509 3773
3549 1816
1615 5998
1961 219
436 2354
737 5500
4106 1175
4666 5713
5380 4302
2573 4166
3975 877
5150 4779
2562 4007
2317 3422
3874 4208
2948 1010
2659 907
5012 1812
3427 6148
3614 5974
2210 6184
967 835
1968 3618
5380 3147
2398 2448
6389 5791
2110 5953
1807 1980
487 1137
6592 3117
618 3283
5281 108
577 1030
1022 892
6996 1480
5838 965
929 4865
1972 2986
4654 3393
829 1251
4996 6540
2112 2966
4851 3907
672 3519
6871 5915
2268 3479
3744 4111
2037 348
2782 5420
1445 2688
4903 3316
4347 5313
3684 6689
6332 1850
1005 5799
292 3648
5211 4600
3740 3588
5918 2772
4956 3327
6673 1362
4827 1227
6696 6449
5796 4472
6605 669
4485 1463
1804 3910
4911 2803
4576 4210
6594 5391
3786 5811
6835 2070
5281 5719
176 1379
5408 576
2631 3315
3659 1505
5343 3564
4085 3599
387 2730
6977 1372
6603 2851
3707 3424
3187 5832
3526 5298
5198 5842
3582 1443
5072 253
4648 4621
4010 4364
6231 212
4603 4878
4494 4154
2154 6894
5043 5150
3851 3553
2894 1042
4102 920
5509 4391
4693 607
5453 6711
4203 4355
1920 4219
5540 2923
5774 4847
4569 2234
4725 6911
2791 3923
4040 6808
6958 3550
5684 5304
5560 6958
4182 2727
4180 1900
4209 386
5093 1830
5120 6659
411 6483
6698 1152
2128 4518
5586 5146
3439 1865
701 3778
1255 5118
381 2110
3206 5077
3429 6812
4329 2373
2558 1069
3578 3902
6327 5531
6697 4310
1284 6987
4789 3297
4135 2507
2462 3990
1366 5107
2424 1254
1178 5056
5413 6507
6836 6347
6554 999
2321 3758
4814 1260
5318 3237
6782 3078
4719 4406
6431 2097
428 1525
2857 3738
3349 4200
5465 5916
1695 4235
6653 4361
5741 5033
3310 1239
6465 5064
5061 5274
4777 5515
2284 843
4192 2610
3909 5705
721 6658
5606 2364
4489 1850
4838 6922
2594 2954
2680 4226
4063 3139
5727 3822
5171 5819
5918 6773
4987 6641
4674 1980
3141 2342
1460 3964
1051 2978
2608 3010
3041 6275
5621 2241
4215 126
6802 3679
6172 3283
3751 5095
1514 4550
4465 3684
1318 474
6519 358
3724 5901
4834 5244
3213 6917
202 1316
4684 2267
945 5561
5867 6030
478 6849
4018 4843
2683 1440
6824 1344
1179 4452
5537 2893
57 3594
4508 2226
5449 794
3682 3396
1987 2676
1672 1352
178 5052
6033 3474
4721 6656
6211 5466
1677 5079
6863 3931
6436 1612
1950 6177
5847 4223
3072 619
1893 3391
4250 4038
6337 852
1858 172
4566 6718
5213 4085
5149 2380
4094 6908
5873 6575
6269 159
4873 6646
4627 3207
3746 6198
6645 2136
878 151
5857 1154
2570 6235
2687 404
2530 2672
6329 3593
6487 4933
5916 1734
5978 2612
1475 1538
6263 5225
3312 6091
1135 4099
1400 5336
4633 3402
5262 6579
1186 654
2371 5244
2834 50
5198 2622
6812 3188
6068 1724
6906 2823
1684 2062
2704 4895
3819 3828
221 911
1799 2574
3918 1555
4107 4460
6748 4866
6805 5400
5277 3854
3164 5819
680 2364
5931 5775
2662 1636
4969 2920
1258 1846
2407 363
5333 4136
1441 18
1315 1599
6870 6145
4341 6734
6402 4579
3658 2540
3871 3587
1125 5639
3098 1385
4464 4855
4118 4218
5885 5780
1249 6614
1655 5804
3981 4886
1159 1436
467 6578
938 6163
4268 1129
3769 3660
3917 148
6434 2208
6060 6693
425 3319
1051 6979
4838 6385
2288 1179
5686 1756
385 4674
4528 5405
5469 3219
2224 3638
6000 2855
4847 6848
704 6117
4773 4455
4060 6468
944 5577
4271 272
105 4253
191 4027
4962 2075
4950 560
787 1806
3638 3742
1900 666
1650 6907
1397 6461
1553 558
2702 5491
6131 463
2526 6955
6162 530
88 2744
458 1523
4379 4127
2264 5265
1523 5230
4591 4949
4682 5067
1084 2150
3634 186
2505 5327
511 2288
772 6759
961 3248
2169 3126
4223 3964
4617 3137
5928 484
6731 4780
5862 2116
2880 1417
6354 2578
5235 5401
3834 5882
3094 5318
2151 261
4427 6396
4176 2613
1163 349
251 3273
1221 3737
911 5763
3394 2577
1804 6569
433 2755
1721 4814
4990 2537
1962 739
5045 2244
4331 3655
377 2823
2557 2834
1808 6688
127 2648
4390 1229
4942 1742
6652 5022
6721 1409
2920 3825
4408 1808
1760 231
6925 4622
5849 4109
2195 159
3781 5093
2487 3943
1086 3670
16 3756
1614 3789
1511 2910
4167 2096
353 143
1049 2290
1047 1463
5954 900
1263 6191
2970 3538
4439 3723
4830 3379
167 6554
2501 3999
3936 3102
2090 2213
2812 5581
5644 3303
907 1833
3054 5114
3002 4924
5074 2958
6292 3524
3711 3923
1278 6472
1128 2741
1224 3203
3891 2578
692 3342
3858 186
5035 751
3152 5622
2490 53
2030 4764
225 4630
6875 1071
1241 1305
5568 4597
5074 3308
5835 2497
4774 3046
2912 1624
5721 4058
2130 3840
6808 5861
3449 5212
5576 701
3657 5915
334 4923
1012 1603
5771 388
2663 1270
1250 4400
3619 6562
6177 5213
1161 4328
5256 1635
5233 6347
5424 3663
1000 6854
926 4461
5444 4315
4162 6208
2307 6711
6717 5342
6503 4824
4075 6963
343 1602
5625 6578
6998 4803
1272 2065
546 1207
2789 4950
3570 5515
896 2717
5228 6353
490 2029
2916 4725
1603 889
2733 5772
6809 5281
6592 6744
1544 3692
5812 3371
4959 1240
2937 2569
2885 2379
1362 1177
6465 4690
1632 2758
1950 1347
4242 1599
6642 3074
3956 5177
2973 1445
6703 6733
4148 5347
437 109
218 5663
3368 1974
6673 1606
539 4523
5945 4839
408 5006
4176 198
6191 1862
433 6756
4602 2292
3182 1969
188 6171
1332 4344
217 5411
6447 2956
4518 6728
4224 6281
4637 2478
5155 3407
2362 5613
5416 2216
4573 773
1514 3826
5755 1682
5526 5794
2520 537
5058 3474
765 6182
2544 5095
923 3358
6219 4260
3070 6639
4902 2934
5774 2863
4879 5394
3007 6290
5022 784
3664 2093
6377 4065
6833 2618
3462 454
3405 4084
1235 4761
690 531
514 5001
4970 3977
3556 3499
2346 542
4371 2894
3306 3324
6117 6585
4703 6107
1783 2122
6537 4727
3125 4444
5425 4557
228 2163
3431 2272
6786 1267
977 3190
838 402
3496 415
6199 1699
836 3739
1617 4304
3430 2047
5722 2299
3994 4075
1145 4494
2681 239
2803 5332
6191 1057
184 5247
225 5248
3324 116
471 2271
2274 5742
1269 6223
6446 4959
5410 3875
1246 2267
5258 71
6870 6226
1945 5459
6458 5723
4818 3182
6955 5775
2824 143
4131 6416
4352 908
768 1861
3724 1339
1019 5644
2903 4381
4907 5856
1776 927
6304 2223
6328 6781
3876 4362
41 1532
4265 1693
2623 4741
2747 835
2251 2883
4457 1863
319 1476
3706 3392
1252 5064
2284 2242
2554 3823
687 2811
5601 3419
6012 4451
907 5029
183 834
4919 2833
6371 5323
2386 5178
968 2272
3100 4521
5073 6683
4605 4363
6193 6714
5813 6493
6248 5
1513 5778
3111 1647
1523 50
1170 2406
2916 5343
211 3232
3671 523
1294 3381
2003 2380
5580 4420
643 2108
6675 6084
2698 6554
3800 4501
350 2236
6353 6972
5978 1433
5723 160
165 6620
561 6620
1779 3022
2159 2489
1302 3622
4540 2032
6128 1377
4476 4491
5257 4302
3755 1725
4694 5882
4947 4076
6781 2696
4986 3250
4535 5071
2768 1257
2174 6934
656 6076
5498 4364
240 3946
579 3412
3723 6324
4900 473
3633 3398
6484 5334
6179 4698
4431 934
169 2201
6990 6603
6517 3939
4373 4339
6172 6910
5539 581
289 4188
2250 4835
1443 3049
2752 5985
505 4752
3206 3711
5950 4996
4362 3399
4267 5791
6566 798
965 5676
2935 1905
6655 6505
4081 905
5595 109
6221 3015
3735 268
5691 571
4567 3050
6005 1670
3888 6145
4774 4282
837 1145
6155 2368
3689 6762
1144 1827
3379 1545
3568 1444
4598 4965
5152 6305
5805 1208
5614 1640
5216 813
4208 1777
6047 741
562 1098
5711 4956
6273 6157
3340 5350
6234 3950
1628 1243
155 5820
4917 6788
3824 4416
4256 663
5376 4858
3643 6290
5854 1450
2923 2968
1274 3347
4342 3066
3512 6746
3039 4082
5465 362
5869 5141
5812 4607
2003 2998
6712 168
6082 6188
3962 6982
4528 3421
6418 5356
3930 1028
6726 3257
6894 5285
3253 4950
3055 4965
2007 84
3017 2229
1900 1715
2774 2471
6733 1395
1879 838
6851 4834
4728 6111
2950 3636
6754 5655
4522 5454
4176 4817
1461 2018
5597 5742
1742 725
5040 4104
2793 2871
4223 1630
2763 4914
5070 6198
6026 4320
3872 4032
1050 582
6306 6589
2944 6423
3068 1763
3405 5320
6454 825
1347 576
3724 347
508 5668
3187 896
349 4857
6050 2812
2867 4109
2 4749
1313 1342
6509 882
5346 4187
6039 4905
6851 4029
5134 6748
4888 3309
6760 4665
6410 6538
3925 6645
3015 3980
6843 3387
2543 4924
3365 5490
1304 1229
6062 6205
4606 6979
1413 1172
710 6125
1197 5489
6364 127
1856 5125
1047 2512
393 3974
2172 2887
644 5505
5835 4701
2385 3934
3125 1492
6430 1878
6117 3633
5652 4994
1937 3020
2573 6614
5123 5404
6672 1411
4779 5594
3784 6763
3383 5665
2218 1727
2710 2189
5053 3130
4112 5316
4929 5538
4860 3489
811 5803
6219 3536
3927 3284
1272 536
1177 3682
3515 4279
1397 5900
2837 5347
4320 2986
3337 5670
720 3406
5047 6698
3227 614
4969 6815
5354 6626
1837 3139
3289 5629
2609 5116
121 1542
5969 2957
4281 5660
241 6562
733 6270
2168 1209
17 6854
6216 2834
1472 6609
6295 1437
5861 4363
5959 1488
4873 6703
3034 1323
1504 5366
6609 2536
2748 737
2872 3247
169 1209
3004 2612
6426 3583
4060 5102
3654 250
3996 3397
5789 6180
1630 4916
6759 3234
4026 5491
1091 4638
3954 3171
4582 488
5700 6862
6814 6324
847 1245
4269 5626
1339 953
5420 806
3238 4886
3706 790
6634 4636
490 6111
4101 2817
1859 430
2727 5121
4074 2125
4936 3618
6221 5406
767 1666
4693 3860
328 4248
5431 1345
2848 6579
2351 111
5463 3512
1113 5686
5024 2684
2844 3427
3618 6231
3038 4424
2498 6954
3711 3012
6680 443
6045 6119
1845 4854
1979 882
4522 4917
4333 2012
1193 727
977 5044
2216 825
3783 1545
6393 386
505 5988
701 3648
2752 805
539 5572
2344 3454
4541 6098
5707 6474
900 101
4050 2828
2460 6820
4454 437
2088 4962
6935 3594
6776 2783
1674 2878
4320 1376
3919 1032
2272 3736
278 697
6628 5514
558 3720
4283 1494
1829 3166
5556 2521
5406 5206
4468 6909
6004 6818
2258 2525
849 2391
3526 3208
6826 2496
6086 1932
45 876
4308 6627
3838 3480
4677 1771
883 5358
6674 6239
6414 6874
2782 2875
165 2863
2057 4871
1095 6180
2213 5384
2366 6380
3620 2439
406 2171
4883 2778
6600 813
2928 1165
2484 4157
2014 5174
3552 1746
4326 6802
5503 951
3173 5133
5074 4975
1672 5410
6632 2199
5811 2235
6993 3144
5341 6258
3197 6658
2426 365
5001 6567
2255 4455
5058 685
3134 5555
3989 3625
4878 1249
1767 4866
6060 2912
5246 4119
5805 1639
4492 1213
6522 4663
6859 1050
6544 1978
4059 2085
1817 1196
1755 4482
3892 2911
4181 762
3737 6006
3403 6884
2862 2773
4083 3610
6318 2574
1996 380
4324 289
4391 1511
5480 6393
4955 3539
4635 4123
3819 4503
3948 941
468 2217
4009 4600
5753 4458
4108 1573
4815 6161
636 2767
2485 3173
5121 983
1695 5528
3252 5560
5688 2528
2720 5699
4504 5710
6918 6891
6582 526
1389 4667
6107 1199
4369 3041
6053 5100
2221 1787
1598 2562
6362 5855
3900 3502
4531 6752
6008 1193
1317 6484
3462 3276
4869 6747
1184 478
1619 6822
2462 1095
34 3988
2517 1556
2768 5339
2615 2091
1276 3450
6128 2426
5732 2426
6262 5624
3987 2343
6824 409
5539 2785
2550 915
5227 978
1084 247
5786 2662
4509 4899
5906 6928
1861 3322
498 3533
2430 5694
527 2019
4942 994
933 3461
2103 2855
4355 4432
2767 2081
2552 207
2070 463
1603 1751
5710 573
522 894
3910 783
1678 6998
4149 3051
3058 1506
5776 4576
5523 4130
4463 4150
6240 738
5992 2888
1236 3620
6921 3351
4495 655
362 612
6955 2181
169 217
513 781
1168 2173
634 2239
4518 4207
2768 4534
1995 1578
3105 921
3173 5751
6406 3817
6683 6569
4969 1635
891 5463
3325 6522
2769 4355
6680 5517
2268 6813
3135 6398
306 5941
676 556
6159 3536
1856 5556
5426 9
6900 4702
4407 784
4618 1004
4057 2657
3558 1024
538 4005
5517 5008
5276 6831
5980 568
4314 3222
2504 2744
1502 6906
4298 2719
3272 1569
3805 4284
89 3620
622 6335
5393 4383
1835 141
1065 3872
750 2548
4239 4741
55 1003
1587 5674
2327 3232
1019 6156
1986 2939
4919 1467
934 1322
1113 3539
299 6998
5595 3736
2971 301
5350 3905
4815 6779
140 6187
2201 4032
3228 1620
6179 754
6738 2438
2670 6954
5647 893
506 1814
3534 2858
2880 4320
5457 769
6680 1679
4156 2612
1829 5557
2349 1651
4768 3176
2278 2939
1102 5228
6391 4959
5080 1950
9 3610
2371 2349
6543 1566
5705 1221
6975 1977
306 598
1253 2364
6933 1751
4269 6057
2125 2293
6123 6083
6093 3208
2108 3817
2041 2595
5100 2952
1788 2149
208 6829
6655 2911
4382 6873
4691 1966
2638 3982
604 3796
4124 5302
1541 4874
1722 748
6026 2336
5639 5862
6733 4672
2065 1087
5671 3865
4329 5707
411 368
4738 3660
2933 3526
4397 3367
3368 3454
2001 6929
4890 1021
3773 4671
3556 6134
3582 939
805 3678
153 5967
3642 1744
4363 1504
1720 271
1936 4999
1437 4120
3300 5390
246 5377
2240 6164
6065 1890
4174 1982
5626 4472
1610 5768
6221 1649
4941 4369
3270 3269
2052 6113
6561 4723
4388 221
5558 6031
1363 2104
5067 6171
5688 4569
1982 4593
3627 308
1679 620
5619 268
1599 4074
2827 6082
2947 3932
5316 6094
865 1046
5779 1654
1161 3848
1391 6754
323 6913
4936 211
101 2370
2915 5148
3930 6883
1533 2673
17 2642
6949 4431
4581 5123
2337 1909
4797 3435
6817 5443
1738 826
5817 6268
6220 1023
6727 2517
743 1995
813 6898
3337 6719
2303 5708
4142 5426
3292 6976
3579 6252
4730 5596
3486 3809
3665 5272
4035 4805
4384 4959
6745 844
5996 4698
3200 971
5347 4252
6149 5694
139 3951
2102 4671
861 6565
6962 4262
5403 1151
960 6544
1301 421
6796 6444
3126 1961
4311 135
4751 6823
6360 2881
1270 4491
4462 6720
1733 51
4778 4482
81 159
5588 3533
5433 212
572 2648
1907 4553
2036 991
2127 355
4150 1880
5674 274
166 5343
2088 6816
4512 17
2927 4353
134 6559
287 6801
593 3875
4631 648
1458 3387
6998 6901
778 622
437 6745
3104 6120
3825 2470
4620 489
2360 4656
3855 4564
4686 3738
4720 1070
5907 2323
1263 3296
3971 5678
4532 1019
2204 1110
3816 1603
4475 485
4688 1532
1006 1950
2530 6006
5876 6393
2688 930
2481 3081
1848 3168
454 4820
889 3994
3773 1906
5201 6254
3000 6120
701 4697
5959 5115
572 1843
1745 5672
6984 6040
6793 2308
3271 4139
6323 6331
2744 458
1221 3420
4022 1829
1842 2572
3640 5699
1959 3157
1090 493
2434 232
6816 979
2120 1762
2369 2466
344 114
4599 1840
891 283
211 6940
1080 3188
6317 2729
5252 2405
1802 6556
3103 4713
5188 4864
2108 3630
1542 4939
4847 4571
1891 5093
1514 2891
3728 1732
3697 167
3105 2507
5059 6147
694 119
1421 3831
1323 3296
4929 3822
1324 6150
1511 5976
1198 1315
6353 4264
4214 844
6084 6291
5484 1600
1877 849
2749 1532
5791 2282
2442 6485
6573 5701
5484 4983
6850 2037
1246 982
908 4370
5801 6353
1871 6669
2294 2076
6432 3217
3631 644
2744 3036
3921 3601
4050 39
5067 2601
2243 5494
3389 4494
2879 1948
119 130
3906 5952
4346 6224
6314 1626
3439 824
6424 5204
3874 752
3168 5434
1984 4452
3973 4141
5890 5270
4126 973
5717 589
5897 5660
3032 5546
2528 1317
1463 1747
1559 1455
6426 2217
4086 4957
6145 6139
6078 4917
5980 4382
5477 3007
6256 2745
6416 4912
6791 4035
2840 5726
3678 409
1871 5864
2082 3832
3174 1815
6247 1878
643 823
3320 1640
2855 3001
5410 2135
6125 4332
1421 5254
5707 1375
4869 1030
944 1690
5408 4691
417 2173
5422 2145
1566 690
198 1311
6202 4737
5089 215
4244 2109
3841 938
3736 2642
224 5915
1494 2507
291 721
5012 934
2615 3140
6913 1530
2346 4413
4359 5250
4612 3444
3485 2242
4214 2617
1155 6424
3457 948
5852 2079
6569 6601
2459 1846
6913 4913
1488 5321
2112 1738
766 5336
3670 4624
6101 2002
6285 4563
392 2651
5655 4167
6962 3270
2294 3849
269 2251
2657 2211
1010 4915
3002 4875
2756 2190
2066 989
3406 3238
5061 395
978 3879
3966 1360
6636 1006
3521 717
4706 5307
6695 5750
974 3356
1712 3093
6481 6730
2677 5465
3238 1560
3740 2710
2300 3263
3674 4342
802 3811
1079 6563
4847 1001
6538 4231
6598 5036
3853 3526
2084 5301
4188 5502
1788 1775
516 4356
2016 3854
5405 6597
4660 1525
2108 410
3226 3778
5254 5647
4939 4323
3709 6406
696 6394
3406 2433
2690 3017
1136 6666
573 5240
5805 273
3938 5677
1474 5907
70 6871
2372 641
5608 3142
61 2621
3679 498
1740 4336
6917 3072
6786 6561
6038 1972
3925 3937
6786 145
3885 4538
4671 5447
2641 2751
4141 2249
6727 2948
911 4454
4566 1489
5324 6766
6255 3892
406 6416
6559 4303
1280 3008
6285 5986
5449 5714
6842 4591
6436 3149
3442 935
2206 3173
3880 380
4317 1135
2696 2808
3320 5641
512 6061
4958 4349
4281 4107
6337 5772
6425 2209
4749 4175
3749 5000
2942 3214
5676 3811
5275 3467
2852 6704
610 6569
6116 4083
5242 1075
6016 6885
3523 2213
6329 5130
1009 3834
6575 2153
5078 2172
6893 742
224 6533
1351 6981
1569 1956
6631 5468
3649 4769
851 5877
4588 5920
3578 6057
5106 1187
4507 6520
1970 6437
5664 2646
2893 2167
3664 2044
4070 2732
145 3392
186 3393
4205 2368
4045 5119
6906 1327
5779 125
832 1289
2578 4226
6781 5762
4720 1501
6862 4438
5802 5212
263 4552
2639 1469
5901 4437
5552 4283
5798 1306
4488 1151
3989 3682
5052 3179
6480 1111
1440 2084
4965 3934
6018 2743
445 1001
3397 2989
4018 1387
5489 147
3500 458
4895 6578
6322 6537
5078 4750
3557 4375
3829 2619
1864 4482
6005 4386
2896 2414
1846 3122
5537 2820
960 5015
6789 2216
4420 54
1930 6233
6004 4915
3072 3579
3550 171
5279 1249
2765 2116
581 5369
5190 5341
5615 4581
4656 5407
4336 3739
3434 5099
2873 2588
3533 5078
1843 2450
977 5719
5979 2010
3224 536
3613 3529
3160 2995
2028 1449
164 4118
2891 4298
1466 5883
5389 2144
3838 5310
1371 6777
4136 2523
1035 6828
6780 6610
3953 3570
3423 372
162 6674
2280 5807
3603 5443
1141 838
5884 5506
5602 158
2329 4945
1646 1505
4077 2293
338 2177
6937 1282
6612 5686
3076 3647
1488 1296
4875 3212
885 5729
272 776
709 777
5952 163
19 330
1168 5263
5841 2776
3506 5860
1130 2527
390 2717
2152 6187
6895 4439
6047 2652
5522 3962
4739 3324
1193 597
4250 127
6203 913
4776 5835
4236 1949
5232 224
5617 35
1536 182
1192 372
5080 584
1869 6249
1817 6059
5205 5948
2464 3426
2739 5351
2216 4078
6789 3639
6321 2073
5887 4999
3134 5880
1433 6069
117 1962
2758 6532
5999 2961
961 597
5376 3736
610 6032
6843 842
520 854
1012 562
3914 3187
2536 5372
705 6269
729 4411
6680 2541
6577 1662
6821 2022
5334 6893
5828 4018
3493 686
4615 6425
353 2030
2834 4433
2030 2918
2038 6943
963 269
3208 4085
1460 321
5952 6124
66 1973
3763 4869
993 1609
6698 3470
2027 368
2049 4099
3766 2134
1113 213
3805 1308
6529 1971
5818 6309
2828 1585
3416 4007
1310 727
6002 2454
1896 6486
5998 4964
3109 1046
6966 1191
6522 4183
6313 3255
6657 3819
3821 2191
1204 6343
4776 3875
3253 2673
6424 4025
388 3313
11 1111
4677 3869
5114 3870
4770 4060
3407 107
4028 3423
1810 676
4430 205
6424 992
512 2036
6329 4138
4483 4003
2848 1806
1191 2324
4606 2124
3809 1026
6321 3496
5631 2295
6697 5473
4044 3552
152 188
1686 5686
6683 1633
4329 503
3388 1935
2791 3931
5287 1704
1586 2072
6744 4538
1527 4875
5845 3917
5439 2475
2567 1944
6751 2676
5841 11
1398 5404
3511 3439
1615 3941
3387 1683
5311 3229
4997 5513
1826 1909
5905 935
3410 6770
2653 4347
4437 3604
507 3920
2100 6615
5646 2926
1974 1026
4482 6006
2620 5338
1529 383
6231 2798
935 6060
2091 5748
5303 2937
410 954
1127 6230
4207 1048
6856 6233
5010 5344
4920 2418
4226 4481
834 5604
1183 3506
4290 3153
4417 5180
1919 164
4063 3147
6215 5274
945 3341
4155 6119
881 1636
6669 5252
5707 5807
1201 1052
5865 731
1138 6365
6699 176
2993 200
4147 5477
6260 3512
4453 299
1992 800
3677 3461
1958 5353
5566 2542
5791 5104
2957 139
6565 4498
1680 124
1585 3270
4787 6187
4009 5893
3567 2542
6619 4734
2696 5467
1682 6586
1789 67
3077 2126
372 15
3758 5493
603 2422
4747 6007
6149 2718
2064 5375
5801 1254
1415 765
4278 4216
6704 496
2657 6643
5207 515
1664 2223
5148 3318
5586 6927
975 4630
6852 6783
1379 2239
4954 4206
2712 3317
4959 4550
5549 1383
1592 3286
3142 2901
1062 88
260 5816
4265 6613
1653 529
1648 185
6138 4407
4390 4807
5381 2738
1241 5688
6760 4161
4852 2394
5633 2959
2087 232
3701 1552
6509 378
5729 3421
333 3069
1310 540
4223 3354
5438 3622
6559 6507
1480 1890
4594 4960
3503 3415
1851 3523
6421 157
6603 6055
3750 3292
2222 1746
2758 5890
512 1849
3875 5623
5888 6460
4429 547
4764 2523
6080 214
4332 614
1615 3404
3237 4585
5174 4084
936 83
6323 3355
4231 3191
6065 2565
5879 5593
6562 2617
939 3764
5096 2703
6785 5106
5343 2580
6802 2077
3543 2790
6910 3300
84 4189
2259 3856
4248 3545
6997 5928
5247 5501
6059 1215
3246 1291
4159 4227
4121 1491
3400 5141
726 4595
3931 5531
1880 1958
3960 4017
3779 973
4211 1384
1700 2522
967 4657
15 6654
750 6874
6574 3731
6197 3027
1909 6079
6856 2663
3303 4427
4268 1137
598 64
2222 4324
5135 722
5890 6482
2929 244
1597 2020
6968 6287
4353 686
3203 4196
1329 6177
6535 6405
2108 5915
6435 2791
456 6023
2515 1543
6240 6487
5340 4510
2136 4930
5185 435
1262 1922
2879 2005
3412 5474
1860 2780
2722 4273
3938 4766
4934 6451
271 3210
121 6649
1534 3549
6177 4603
6017 6600
6669 5065
979 1984
3095 6706
3778 3730
4996 4296
20 2810
507 2928
6544 3084
107 5438
4954 4824
6382 2002
1440 6516
3682 989
6421 1930
416 531
1961 5464
1376 2559
1126 1630
1867 5048
1345 6629
3009 142
2988 6435
6309 184
4538 5296
3896 1857
5844 1545
5035 6102
6506 698
2016 5521
1949 4299
2135 517
1608 4006
1026 4782
6494 2566
4997 6749
5346 4651
1115 4073
5991 1191
2381 923
765 3694
3192 3582
1201 60
5091 2597
3209 553
5237 2422
3864 1945
2188 501
880 6835
228 2708
4581 805
2246 3889
5699 4173
1473 1687
2438 4059
1122 706
1741 5824
1273 3504
6973 5021
2680 6975
842 4449
3951 759
5157 6226
6275 3178
3412 481
327 2313
5804 6976
4870 3917
3102 2884
3752 3932
4182 3516
2542 975
2967 6631
890 4089
6365 6454
4557 2639
6896 6090
1468 3571
4396 1001
3840 2998
156 337
4488 3973
5104 6191
2251 3428
1062 5512
1000 4634
5821 5051
4914 6067
2462 1396
4883 4502
4519 2505
2931 154
832 5989
2619 5517
2733 169
2175 1339
5351 3035
616 4644
2276 2145
5564 4082
3172 216
2136 5548
6372 2306
4875 6489
4284 6021
2856 1673
1708 6010
772 2124
18 4136
1857 3100
2788 226
3283 6621
549 3772
6650 5633
5316 6582
160 6471
695 2843
3972 1181
1878 944
6544 3702
1015 1478
2099 6016
2782 3794
6481 2599
6973 3061
3903 6679
6601 1203
4261 3943
3361 1966
2210 6786
3925 3994
4637 6674
1495 3808
2364 56
3207 1499
528 4773
6996 1732
1460 4753
2549 3219
3237 3593
2994 3835
6874 5684
1392 4060
221 6693
5130 6957
5660 3739
2444 2644
546 1565
3546 1315
6779 3545
394 1925
6151 6228
5619 6367
1075 5292
3535 402
3466 4769
6957 1373
3903 5524
6710 4879
6113 6875
5172 2645
1973 3409
4485 1715
3743 4488
4206 48
5083 6737
4023 6757
3547 1166
4395 2953
5112 1059
4890 2932
3897 1922
6784 5767
5232 6079
1094 5692
3057 750
4695 5874
5383 6248
2119 6617
5008 4119
4604 6510
2117 5790
6353 6712
6506 3544
5038 6213
380 3316
3350 248
4547 2943
5879 413
5127 5504
1644 6509
3953 2204
4476 4231
2239 3686
1993 4411
4787 5813
709 5477
5250 1373
4009 5519
893 1622
3787 222
3790 3903
278 6422
897 2495
3450 802
2481 6602
4969 4514
2316 2593
2660 2403
2725 546
1570 4466
5890 4335
2371 5683
4119 3031
1565 1089
4304 2030
6042 942
4298 2215
1498 2496
6916 917
4850 2728
2829 6911
2371 6033
781 3609
1485 1510
4540 967
3201 5736
54 3280
2614 2758
3101 2122
6090 959
88 5493
6332 6908
4646 4776
4991 1024
4065 1990
1231 4195
2530 5689
694 3990
4522 5649
5427 1554
1072 3384
3240 1126
5896 6728
2288 3123
3367 901
1901 233
3464 3463
6542 4624
308 3173
6161 4932
3919 4797
462 607
6224 3002
4937 3797
1148 4318
2979 3421
1774 808
1490 1049
3420 6547
4297 6820
1357 1459
1110 4965
4009 3909
6492 723
638 5155
2878 2965
5438 2443
1484 4617
4092 2631
2189 5372
6767 6031
6330 6030
2316 983
3816 481
6211 1612
225 263
5643 2094
4865 1800
3034 6861
2222 567
3091 979
1420 5541
1537 464
5332 3895
1533 2974
4141 5152
1257 1578
3717 3104
138 4401
3949 1949
2682 2622
309 5222
4755 4264
1778 3909
6745 1145
838 2533
1357 654
4347 5378
3755 5466
6396 5872
463 6039
988 2477
210 6347
2106 5845
3288 338
6252 6847
4944 6765
4965 1226
3067 5065
6460 380
6583 2665
850 5926
6460 3763
5865 170
4896 6724
2563 6471
854 6799
3521 2010
1659 4752
6573 1196
5399 4312
5914 62
1564 1482
1065 603
4401 5964
6409 41
4079 3469
1164 3992
2439 1682
1682 5675
3735 3659
1007 6260
4611 297
593 4176
1651 1077
1274 1127
3139 5476
4225 261
2924 1350
5162 585
4410 5676
807 6579
1738 3705
1149 5562
6660 4174
5189 3162
2202 2119
276 5408
6121 3142
4133 4055
4961 302
2156 4403
6770 6971
488 568
947 5054
5610 1879
4780 4805
5112 3100
5986 3856
1657 6907
3181 4547
2837 4737
6018 2613
2312 1883
4063 5164
3621 4819
5954 5072
1938 5614
2432 487
3858 4008
6571 3728
1751 6919
408 4372
2607 2181
2074 5101
6742 1516
1086 271
1430 4999
1987 5856
5843 895
6677 340
2317 1072
3447 5955
1231 625
2096 5799
6490 3897
6526 3554
6364 5478
165 830
4562 2609
3901 2900
5432 1711
4419 2331
4714 5632
4743 4118
3370 6647
3826 4446
6099 484
5383 1068
6375 6017
3548 2223
2431 1709
960 697
4069 1171
5204 2234
4397 448
1952 5646
4605 1151
4784 3368
6385 3672
6748 1280
2458 1253
1859 6586
2451 82
5656 6680
799 190
3887 2039
4312 6941
6435 2
2006 2849
2108 6509
396 2402
2354 3532
6247 3334
1908 5697
2097 1432
20 3054
6075 4570
3690 1875
4022 6586
603 3634
5928 5274
2432 1910
4390 2286
5482 6685
4398 2901
3283 3214
5580 1558
3367 6325
4932 6218
4511 4498
4645 526
5051 1968
340 1719
4892 403
843 5723
5855 2702
2920 1849
1775 5703
6692 3576
6253 6912
4758 1342
2984 2773
5131 6054
2949 3718
4666 1753
1421 2172
1574 5420
6622 2056
5598 1733
6131 4448
3504 3748
2599 5591
1116 1536
6021 146
6430 5269
898 5780
1356 242
43 6986
6273 367
5924 213
1825 5416
5407 2138
6267 6968
4154 2517
3316 1418
5375 2600
4558 126
3615 1485
3804 4390
1758 1161
2558 5940
1529 1863
966 6853
2430 6694
3177 1259
3493 3939
3054 6521
3057 6792
2687 5007
5421 2194
6257 6630
6876 1949
3025 5002
6509 6851
1609 3697
6600 6969
2677 3538
4972 1055
2521 6408
3080 1676
5716 1738
4327 3734
6187 1323
6493 4813
1985 3395
3351 449
4218 2286
6398 1543
6331 321
4027 2718
6931 2006
3098 2255
6429 856
1132 6899
4062 5156
5363 1061
6806 25
1541 5606
1231 4626
1415 17
3464 6927
1902 135
4276 2641
418 4523
1091 1613
6209 5404
6349 2031
3938 367
2341 6598
6768 672
6413 2955
1968 5269
6900 5702
1673 433
3569 685
3631 1563
212 109
3145 5053
3114 3488
4690 3570
4005 3467
1677 1306
3702 3658
2349 6839
2484 6475
1168 2368
1445 956
4504 2067
2859 5598
1851 5808
5745 3556
3508 3011
2104 3221
4967 6672
696 6695
6367 2556
5173 132
5582 5255
6397 4650
6330 3428
1719 377
1755 34
5646 6179
221 171
4290 2673
5673 1586
2273 5100
1309 5582
3673 984
5727 1822
1675 2707
3667 2667
5638 1750
6598 4532
6371 5307
1837 4920
6159 698
5721 6888
1516 5279
427 4561
2760 650
5243 4634
2481 1235
4057 6235
2195 5567
4870 2551
1857 2539
3414 2571
5422 3064
4590 5917
5173 5743
3580 3048
5923 4743
6210 4019
813 59
438 936
5054 2079
2709 311
2960 4094
565 711
3772 3972
4964 5569
5862 303
6198 252
98 1245
3330 2873
3525 2560
225 3272
5117 5811
2871 1770
27 2533
6260 6765
3859 5065
1304 4433
2928 1523
6632 5590
428 598
5448 1602
985 1455
3946 1277
5126 5523
2956 6954
2010 2380
1887 3478
1596 296
2387 1549
6428 2003
3835 133
4626 1386
5746 1417
1221 3802
2809 6153
1324 1271
1320 3781
3061 6374
4656 3480
3933 6303
5738 775
3652 4563
6821 5088
6853 3091
5640 617
2126 3063
3143 5625
6018 11
2580 35
2583 4470
4797 2557
1774 1857
681 5901
4574 4205
3631 5564
2578 339
2330 3243
3753 77
3414 611
5068 4713
197 6461
1554 6405
6776 4914
6645 5397
4757 5760
5614 4657
2001 708
2159 3546
3256 6791
2222 1616
6678 592
6795 1931
4718 3553
2538 4296
5492 2947
1758 6585
5480 5596
1039 1236
6390 1845
827 3043
1032 6481
1073 66
156 6810
3404 5908
2804 1971
3425 369
3093 2074
3117 6632
1560 184
3989 145
4200 6781
6380 6792
2620 2793
409 4223
5843 171
818 2176
6317 5689
4832 807
3335 4990
1083 3413
3361 6211
6623 2763
5030 822
3910 791
1518 3341
1702 5902
900 4460
6092 94
1479 6796
3970 4225
427 5179
2199 2921
5067 300
2658 991
667 4639
4493 3219
6898 5038
6425 3128
4522 1705
69 6410
4926 6484
4833 3287
5948 2974
2845 4200
1878 1001
1881 4682
3596 1890
6509 4704
3214 5760
4611 4379
2529 5657
3307 1787
3341 1371
841 6108
6223 1866
4822 2347
4140 5925
2999 853
5705 6572
2887 6304
6322 5228
3290 6694
3476 3666
1493 4169
4788 3113
180 333
5529 6531
1771 6365
5406 5377
1240 2942
6309 1209
3685 4190
1391 3111
2573 4020
4557 4119
135 3973
68 2751
1537 2936
6456 3888
2008 2521
3439 4134
5896 1979
476 3485
624 3383
4120 331
1964 5632
1322 2193
1666 2003
6943 219
6320 994
6447 3021
5328 5844
5858 2626
3122 5366
5543 1302
4103 1855
4822 1542
6327 1384
3665 1629
6751 399
4261 162
4378 747
5694 4854
1494 3589
1420 442
5599 1584
6399 6363
84 5482
4408 2841
3133 5905
3979 6865
1138 4893
3882 6932
6468 1215
3011 3441
888 4718
6273 6409
43 6612
3009 6778
1204 6644
209 1397
1391 2306
2623 2578
5183 2056
3273 4380
2789 1527
4427 3241
2343 3692
323 5848
6604 6364
4954 3889
2270 1901
6318 5778
1846 6269
3919 5659
428 2639
2585 6608
1616 6746
6012 5671
3703 3560
926 6299
3758 4021
1268 3030
681 5714
5160 732
1178 104
402 4801
1487 1613
4167 5357
6025 2873
2762 6096
2196 3241
169 4226
2093 110
2531 5971
1173 6526
855 1521
2880 3873
411 3759
3750 2975
2879 3648
4214 1389
1103 5006
666 1999
1402 5073
5454 24
5137 4289
5426 2140
1687 1270
104 17
5300 5973
5410 3135
3954 3155
1316 3020
3298 1538
3461 3222
5168 569
2676 5921
2415 1450
3796 5952
2979 3478
3758 3216
2173 4546
402 3996
2750 393
3782 4741
6203 677
485 4970
5161 6164
6622 72
6152 1089
286 4760
5215 6400
879 5274
5304 4937
4642 122
5151 2443
1777 8
6640 3280
45 5048
819 4442
4613 5019
1443 4269
5383 6923
5733 1263
427 3837
241 1203
4917 2397
1868 6892
3917 3222
1991 5013
4474 1827
864 3811
5599 2202
2452 3156
3016 5184
5010 1807
6345 3712
4380 1411
5058 4507
3602 5281
856 2415
2552 5989
16 5407
2643 6107
6580 2074
6277 4517
6739 6268
3501 1442
4497 6133
4843 354
4901 3742
5238 6545
5773 3671
5654 2259
1501 840
5397 5077
2630 1334
5739 1808
878 4998
630 732
1349 419
3553 4234
6171 684
4166 6154
804 5234
5410 1525
3369 5056
6747 93
5103 62
3489 3660
1209 35
3037 5256
3262 3654
2047 4517
1553 3982
3199 3305
2571 2982
5439 6777
6523 735
6965 1834
2189 436
4152 1910
3837 2838
5218 5088
4867 4107
3217 878
5827 6135
1236 5214
5641 3501
6926 5289
2630 3562
6241 5186
4219 6515
5644 766
784 394
1974 5328
5023 1587
6633 4663
335 5671
1369 266
6340 1408
154 3381
4230 2890
1331 3946
1871 1416
4511 6515
4933 1320
5070 4035
2078 1894
376 5645
3170 6293
4075 2198
6685 1039
3629 4363
1542 5297
6683 5130
3125 134
2851 1817
5194 2758
3343 1525
894 3541
6188 4370
4151 503
5954 3974
5993 3148
1134 749
3969 2152
1099 1694
639 6405
3929 5005
4027 5540
6477 2968
6635 3554
6821 526
3560 6828
2118 4302
4236 2681
1782 4353
4366 1973
2525 2182
5455 439
2640 6858
3336 4087
5633 4683
991 67
4700 4478
6371 2168
2735 2931
2239 4979
3385 3979
5482 1481
2 2936
4327 5401
5284 1496
4716 1978
3738 5006
6689 4140
5956 613
2874 1962
4618 4826
3511 2748
3869 6428
5149 4462
574 1068
1544 4538
2535 1715
3564 130
756 2802
6482 3288
4551 6233
578 1941
5084 6696
5175 6814
6021 1358
6133 1599
2036 1967
2461 6869
6485 6188
878 5616
4704 4196
6660 4499
963 1001
2714 4282
4326 4021
5663 2589
119 5749
5203 5048
6409 4099
5626 6871
3 1602
316 6263
1334 6017
5692 4458
4035 4976
1178 4723
6648 3334
5218 2323
608 2880
2194 1398
1724 5421
5552 4828
1352 3563
4318 3729
6825 5101
6603 6974
6052 2899
2165 6295
6420 1605
4173 372
3147 6392
6361 4408
1309 3866
508 5278
3397 3534
1618 4621
1409 4447
4303 3047
903 5807
1006 3276
3138 5525
