2000 100000
785 1349
1061 676
1831 1920
1746 108
1799 1018
1764 1509
1329 1664
902 192
1220 91
247 483
1499 4
1446 525
1801 530
1457 1879
203 889
1471 426
1012 1421
406 1194
468 611
840 1403
334 1036
1092 812
544 1015
262 589
873 594
947 759
1445 1628
1753 1208
1982 909
123 1611
943 989
1788 868
688 553
409 1080
546 93
552 849
953 1723
201 1214
630 509
1861 897
28 185
1370 940
503 473
1614 331
49 1474
53 538
823 1034
1109 257
1715 1220
798 1064
1464 152
1337 398
1189 1685
262 1588
1196 695
1696 1559
1672 1458
1701 478
1726 99
716 1996
977 1236
1163 1175
1096 1906
303 708
1481 1848
1601 203
570 1145
19 757
868 1034
944 618
1151 329
542 1251
590 375
782 658
1561 1465
1089 1636
639 1316
344 181
1273 219
973 1245
1895 1834
1531 543
1372 537
152 649
55 197
901 1425
871 103
1120 1745
1876 8
1470 889
1011 1652
1311 319
979 958
15 920
1723 1915
1818 129
619 1984
446 1596
485 26
268 1648
1197 213
1126 723
708 995
1487 1088
1796 1775
1381 793
1791 834
1076 1125
1789 800
1874 138
1256 589
1594 1
832 1670
783 1834
1101 283
1267 79
552 872
1449 1278
1899 1358
1608 177
1917 921
303 465
1354 1829
1428 44
1488 255
1623 1463
83 1423
1254 1618
1598 1471
492 339
1234 1906
1232 101
1912 1956
1805 1323
1720 553
1019 116
979 426
847 875
1826 1729
461 1115
580 1603
1046 1500
710 1788
746 1226
1945 1126
1465 876
1963 157
1582 1857
1553 1171
1571 1276
939 629
1538 1339
964 960
201 832
1435 1390
611 141
1254 1505
528 695
779 1117
1350 1867
1316 1804
256 1514
1037 1002
1919 1806
945 466
1658 1327
663 1530
1207 1194
1927 897
970 103
370 1031
1555 258
1133 786
490 448
1659 1634
222 923
464 1503
469 1238
1358 1228
1916 718
1863 849
62 947
249 648
512 616
620 905
318 1890
1201 1884
442 976
228 562
1775 1822
1611 1801
1872 1047
1745 1311
1996 1733
184 1464
901 1019
43 399
1332 1457
1477 200
1975 345
396 1269
1117 113
86 1271
384 57
257 301
1343 1001
1571 372
665 1234
1465 385
1179 1471
1031 438
275 321
187 1565
1847 48
775 1643
1653 833
1805 883
1141 1949
226 1408
1993 1340
1701 1499
111 1080
1482 1283
1457 1299
502 748
659 1969
1980 1961
1726 669
447 1087
1162 912
942 788
778 285
854 480
602 1941
1619 1366
736 1423
330 393
1289 1603
229 1426
603 1601
1266 51
1213 536
994 366
467 1028
138 670
468 889
1985 1744
94 215
1012 894
1325 1403
430 249
1590 265
1888 656
304 789
492 99
1705 1509
57 1475
1604 1473
696 258
294 868
1740 916
1078 1976
1350 1725
1610 1066
801 528
1534 1026
1889 1265
845 1083
921 603
1695 1879
706 751
1298 1879
510 1857
148 716
351 1351
1455 3
1646 882
1397 1959
1736 1158
1809 1778
673 1218
1900 187
179 563
440 881
1341 233
1638 1089
578 1067
204 1446
45 998
504 120
324 163
1246 190
628 369
1772 1718
462 49
1170 1398
1421 226
139 254
1725 948
927 1669
1467 940
1400 377
62 1086
927 254
32 1533
860 51
733 827
316 1105
991 1255
1273 1210
1459 689
1618 922
396 965
1673 1323
1844 1512
479 628
336 270
11 1586
1720 729
1389 1121
1580 1243
1963 1182
1200 926
1677 356
1610 857
891 461
1649 821
1306 1802
1102 1769
1716 1873
1937 1416
618 670
768 217
971 450
1090 1824
1388 1297
652 1355
855 844
124 186
1835 978
960 1964
553 998
1082 1325
1344 919
398 1739
1913 289
728 999
1587 1239
179 260
44 607
1961 1084
225 1478
386 1154
84 399
545 139
1940 494
1518 214
1746 461
1195 81
97 1488
337 1473
856 335
1637 949
1808 1171
1492 612
1902 43
1177 1530
1870 1393
415 519
50 1657
1067 808
690 66
276 1419
1240 356
541 385
1371 606
396 240
880 83
700 294
61 252
1078 1079
1323 903
674 1429
144 232
258 29
656 1167
1981 1622
282 106
1497 789
17 1755
74 200
1787 180
978 354
793 1458
1918 1122
1653 1699
1914 1893
939 1313
364 1649
899 262
1369 1861
679 1257
1261 1802
1664 834
147 1670
864 500
1341 894
684 679
1899 188
804 1580
785 556
628 452
1587 160
349 741
153 394
192 1696
435 687
1688 1126
143 1343
1086 797
425 1802
1347 543
1808 27
390 56
1132 1995
1630 862
676 1525
966 911
58 1964
1568 1431
1565 977
846 81
1625 1662
249 1087
1558 26
195 1877
751 220
1357 1703
1678 1103
1131 658
1078 959
1636 1021
1073 1821
1158 1369
282 1250
1924 1370
692 1961
1730 1689
334 388
588 1297
361 263
148 1378
1141 1399
952 1669
459 163
1418 178
890 389
463 1479
1171 342
1835 847
2 1787
1434 1773
1857 1881
87 1748
520 1624
546 1532
905 1922
472 133
1779 1122
1627 1930
349 1389
1368 1835
1419 930
755 1119
418 1958
1790 1493
556 1408
504 1573
1845 188
159 6
363 1942
344 238
784 1403
736 816
164 313
733 1848
406 74
330 1924
1282 1661
696 498
1554 1925
1088 84
758 112
82 1309
601 315
1023 116
880 206
1512 1263
940 616
1052 1874
781 1708
417 1118
1832 418
1887 68
1193 104
1712 1224
951 360
1218 1581
21 1727
1363 1452
1909 1713
1137 443
1031 1929
720 913
1076 1469
519 693
1660 561
1549 1592
1886 23
159 58
251 1101
1761 1458
1676 337
1217 412
1526 390
816 1860
507 1636
230 197
161 1986
665 83
1929 751
1136 1204
1779 623
737 1692
1659 1157
236 1213
1400 1668
1057 961
494 1661
614 46
672 1457
1246 1295
916 180
1485 1413
1626 1385
117 1517
994 1504
1151 1462
999 1157
247 1696
1833 1637
58 1587
1729 432
1895 227
1328 107
475 57
1074 579
523 203
1339 1996
638 642
348 1928
1023 972
1731 959
993 1321
1343 1561
1592 1131
527 304
859 192
1272 1491
1564 1937
1825 1687
1403 399
472 1404
743 1362
1744 449
1236 1457
1755 195
1759 1959
604 683
699 1141
572 1789
1411 1111
685 1978
1402 1596
1148 40
906 1557
1533 610
1306 297
984 1633
920 157
1457 946
1934 700
1627 186
1719 586
1910 1491
534 309
462 1411
1507 1669
273 178
811 976
1361 595
243 1532
1181 1768
404 1144
647 110
97 1447
1049 1422
272 1690
1681 909
1665 1775
376 330
991 1568
1827 1946
1782 279
521 541
1211 124
170 876
1632 1356
209 1154
1099 129
1023 249
1823 704
591 1585
1350 18
693 821
896 601
326 1002
257 145
372 92
827 1990
478 1068
939 1578
1660 708
920 1682
1411 328
1639 894
1521 85
1881 514
325 1832
894 475
571 1940
1055 174
444 822
1366 1061
1334 499
472 739
1897 315
1246 543
981 593
1600 332
1133 1867
1421 1665
1838 818
1114 520
1591 14
814 1498
482 1859
1997 1907
1870 451
1282 632
164 991
574 646
1901 1935
740 1795
257 1813
341 801
418 381
555 55
922 1246
373 624
1521 543
1408 957
1367 486
1887 1089
202 1608
439 1073
1350 1793
1059 1652
764 470
1797 462
787 153
1504 901
296 412
1822 915
478 1956
321 1023
1137 805
505 119
1990 618
1335 1328
1417 676
1324 1275
548 650
1893 486
680 1366
812 1063
1127 946
1828 1431
394 1012
665 563
73 1331
1175 1304
1715 619
408 788
1828 778
1134 1553
525 1815
193 342
1378 1257
1247 1810
624 990
1599 421
1913 1958
271 1727
948 246
278 233
1645 423
1096 1852
875 239
658 779
305 1521
755 1333
607 316
335 409
1442 1215
1264 1195
1109 710
609 1864
446 949
156 355
284 1036
903 1429
929 1173
535 1989
1416 1453
475 411
761 1682
131 695
1053 1748
1770 1094
302 1624
1099 826
1800 359
682 1050
1378 1903
1383 1814
121 496
89 1470
1191 1167
506 1338
358 1835
921 7
1527 803
579 222
106 1766
402 1524
1687 959
1372 404
1098 1636
1974 1997
173 1891
9 1794
985 869
233 8
16 546
717 358
532 1450
862 849
1567 1666
1545 34
124 358
1210 217
244 1214
1609 1729
1733 11
1841 1789
357 1548
164 664
1795 1000
197 655
716 689
1486 437
792 161
1723 852
151 1382
1972 1040
1421 1334
1834 1509
1707 1649
19 2000
1128 704
1162 1682
1078 370
309 1895
627 276
1623 786
1441 86
1314 476
1595 248
878 391
57 871
1971 1442
1092 857
1438 869
20 1810
1154 1316
838 1221
86 402
1052 1419
1550 1470
428 1389
891 1017
1670 195
368 1910
1894 1273
540 58
208 563
118 42
579 580
289 1090
565 409
731 897
865 631
1044 1641
1729 807
1323 722
1595 1867
1256 1679
1266 719
652 386
346 939
1696 7
133 1139
278 100
1295 1853
944 1204
1043 416
513 1789
1871 622
38 1200
183 953
886 376
1368 231
854 1078
690 47
1958 778
1428 1281
450 1236
323 1374
607 1871
1679 1992
1326 160
1720 701
482 741
1277 1498
182 226
1554 1634
1872 1297
276 1983
500 961
441 1408
283 877
1918 88
1929 1932
534 486
1364 305
907 1467
1901 1782
1117 7
1027 291
220 375
1285 1255
1403 934
485 117
1233 813
1095 865
360 481
1817 915
823 674
1178 863
1529 1261
1239 1812
1987 1779
763 1573
1014 1035
1369 1064
412 1779
572 1573
1609 1614
1380 1512
204 1645
172 935
1719 189
1104 1835
526 1557
288 1963
912 1398
1177 270
850 1266
98 1551
280 448
1700 734
616 1668
303 428
1834 1640
1580 116
109 397
1986 447
1838 580
556 716
1158 441
464 764
1188 1069
1884 258
452 1528
927 1335
784 1999
32 1700
1231 1381
759 1880
1199 1455
1434 953
320 774
980 1655
1166 1520
1535 1075
1067 105
290 779
1484 1779
1368 353
1198 1985
647 965
283 126
1763 945
1380 262
75 240
914 1888
591 1048
1698 828
1498 1786
1458 1893
1887 272
379 1606
1670 318
241 1397
932 1676
805 1690
773 640
1935 942
780 1692
1545 32
1705 1260
1621 277
865 268
1588 200
724 449
402 1837
1807 1980
1305 1460
1235 1291
1129 780
1849 1847
585 878
285 1096
432 1174
225 143
1043 557
123 808
432 1555
847 91
487 253
483 972
469 1185
153 1696
1536 1221
385 1852
1863 1020
1118 1869
1964 1153
1625 1727
885 438
922 416
1066 1605
1005 721
1985 1523
806 1270
1643 47
315 713
188 697
873 103
253 1713
1887 1704
1088 1951
1230 165
1749 1531
914 1103
1661 735
921 1817
1121 515
287 1304
873 1820
88 1132
492 714
1123 1412
1753 982
648 1486
1900 692
1937 1478
1095 986
1815 1873
387 452
1801 463
219 307
113 788
648 617
645 1519
1058 204
318 421
1076 1925
847 1686
590 1725
698 1743
1196 194
1588 716
1129 225
924 797
1519 1536
1394 199
1892 858
552 1160
273 1433
1878 669
1714 914
1880 1494
1940 48
1209 42
1619 627
1525 768
1169 149
704 1582
1877 1463
701 1706
763 618
1760 1351
1591 1769
344 429
588 112
719 1082
1572 746
122 238
1028 840
1703 1708
1964 1644
1325 1446
1624 1412
1673 6
1230 1501
700 376
1385 1056
1698 947
1539 1517
1080 390
414 1922
17 180
1981 1580
354 1475
1012 315
879 899
743 267
448 808
1889 737
1179 1879
240 650
39 1260
1575 1933
1095 199
1791 1850
865 209
1759 108
124 1524
404 971
469 689
496 604
1881 1014
800 1975
1279 395
124 927
1634 134
147 1872
331 771
702 1302
1954 1005
232 552
804 1558
1119 483
1029 1015
741 617
1858 1790
531 1319
639 1806
1679 1062
595 172
542 997
814 654
1794 152
468 1870
1390 1085
18 1133
1586 214
1554 1356
14 43
392 534
1775 1790
235 1078
1120 76
568 1105
1023 653
661 138
626 1385
760 843
1477 488
89 1565
965 1540
838 1298
1818 308
1433 850
294 508
633 1112
1677 463
598 1710
1264 1402
1836 176
1430 1569
1642 99
81 274
510 1193
1969 866
1275 743
1810 678
103 1046
1051 1846
331 1675
1348 648
45 1945
1954 1877
411 1093
1921 1482
1009 472
977 1366
1555 759
981 82
1834 1858
969 1619
1329 1162
821 1938
616 341
1151 1743
139 854
1259 1277
1958 291
196 1081
1642 1918
1234 1033
1643 788
1434 1171
1328 1458
973 356
1729 341
758 14
1293 273
1611 282
1117 1945
340 1903
1431 135
594 650
1148 1227
10 1031
1426 261
1723 1529
914 561
845 1307
56 1977
789 159
1615 1690
1589 400
840 613
503 967
565 1912
826 1592
473 1296
957 766
1077 1025
279 470
1577 457
1052 407
1268 924
1305 1678
989 141
1235 1569
1955 708
357 803
569 986
791 918
1344 1551
1913 82
538 1018
1043 835
324 67
1020 1824
77 309
8 772
1308 1317
1245 102
356 1916
1209 708
1080 1061
655 1470
1619 401
312 506
609 356
436 1472
828 962
1680 142
1725 1337
1118 1575
754 1770
770 1607
1713 197
723 353
523 133
1293 1433
1397 347
1543 542
1099 1494
1996 1112
449 980
297 1540
121 924
195 357
1318 1747
1389 1153
453 933
914 1465
624 1990
1255 600
711 510
252 481
74 1213
985 337
505 1311
1102 356
1969 543
99 511
1017 608
1476 939
1730 808
1464 417
1104 120
862 1944
956 1297
1994 1873
1016 1276
543 787
1906 5
730 310
271 508
405 1962
1126 1464
538 1969
905 402
483 1914
944 1528
1834 1993
69 1637
1301 937
784 1440
789 1669
860 1243
422 1626
1953 830
1889 1929
816 1041
1520 1012
761 1273
1293 134
246 1961
117 1378
675 755
1445 475
1749 13
1717 1299
1200 1094
481 216
1636 883
1463 1771
674 1141
1103 640
56 1220
649 1149
598 1096
409 20
706 770
1617 1136
1691 914
699 439
346 1941
519 736
1028 1251
316 1070
300 154
46 338
1999 235
1455 1289
539 1631
1415 1750
1533 325
1519 918
221 1039
1821 1160
1140 1653
832 1198
80 1731
1032 1498
1366 1523
1245 1886
1096 200
1668 569
38 716
273 1136
497 942
847 1978
190 411
490 1457
1852 317
517 626
426 229
2000 622
397 948
1081 1891
609 1182
1328 2000
1775 276
1611 1311
929 123
55 1065
327 324
880 1211
170 129
1414 430
1041 1486
1869 192
523 1955
227 193
540 1503
1675 1577
17 643
1875 704
522 1504
1331 542
1204 630
1847 574
1104 1672
39 647
978 881
46 1633
906 1742
1888 548
984 1590
1178 1894
832 470
1754 85
1569 1699
1574 1992
1740 416
1208 1349
1207 1981
1479 1976
550 96
69 1357
875 281
664 483
782 742
309 1488
1075 1805
1953 587
853 659
1139 1426
966 402
1858 328
302 1574
1812 1053
389 1081
1925 1306
1101 144
1546 1469
43 1670
1070 592
1661 1510
1777 1413
1165 1837
1135 1027
1624 36
997 730
1797 1249
1727 1884
950 1556
1363 41
1040 4
360 288
233 54
106 460
971 832
92 1903
825 1390
558 1952
1842 137
318 761
233 535
320 1378
431 826
1316 800
1210 1839
1780 317
1355 778
1768 1805
382 1760
1055 69
744 469
1682 753
192 1218
836 397
1922 128
1002 917
1562 939
1633 1865
1968 462
98 1742
151 1336
1968 1897
1525 1148
164 1169
803 930
425 407
369 1749
1188 1388
1939 1175
217 789
1319 310
1086 1543
1247 602
1434 760
1510 423
392 183
689 1927
1703 1528
1524 1195
1270 851
1604 87
1887 1197
297 1918
795 1003
599 1569
834 15
1041 1083
548 1249
1281 1780
1818 932
15 236
1817 1674
1272 1203
474 1934
914 1699
439 1116
1975 1469
319 570
1172 1802
1396 1052
305 518
900 439
252 1170
985 171
895 1000
227 1940
1584 1737
354 315
293 44
608 1684
793 1068
1538 1002
890 232
1393 291
1189 1718
1256 1721
1595 1108
588 11
45 1400
1541 900
1055 1334
151 416
1555 150
981 497
303 741
817 1069
494 1136
981 1814
1873 1076
1520 476
927 1932
254 444
37 410
1273 244
1326 366
846 1908
374 1185
523 1331
1042 865
969 1991
1360 1348
1328 638
1678 370
1872 1147
652 1044
1890 1004
1657 975
1616 773
1272 299
612 1120
1311 284
400 138
852 1751
1615 1858
896 377
642 149
808 1685
441 1568
1829 800
983 812
268 1559
985 1059
625 1092
1112 1886
427 1022
279 881
173 1678
1483 1929
346 194
821 998
1526 1853
721 1663
1669 1341
857 1930
1309 1726
1182 948
197 1547
1422 1991
45 1637
1252 414
804 1082
695 559
1359 580
538 1510
1562 1429
785 1427
1559 1631
1340 1815
1933 1114
614 1312
886 517
1771 541
464 310
1921 198
1819 1187
708 1468
1812 24
1081 18
55 1335
1985 1572
1805 1009
885 1604
1693 1003
31 497
986 1017
661 1107
1583 1740
1230 540
1745 267
428 1306
174 722
986 1372
1850 425
506 162
347 1258
257 646
805 1728
738 1573
586 1789
1937 1807
1762 1552
911 728
402 1804
1074 1661
136 660
154 1605
1923 937
1796 441
1304 766
1141 710
811 1837
1224 1262
485 1031
818 67
1189 80
1207 1163
1659 486
495 609
1936 443
1645 199
691 1612
1133 1011
158 627
1283 36
1601 33
1322 1602
1216 961
1398 505
132 1414
356 1416
1893 629
893 767
1391 1888
487 338
549 467
1965 1617
52 635
595 109
23 1004
1863 822
571 733
157 602
1605 1237
1081 1418
535 1701
1194 939
1273 1812
1471 873
1328 489
1012 66
403 1306
64 530
1060 48
1072 1248
919 1415
776 1007
119 665
301 940
820 684
1389 973
532 874
1656 1520
516 151
1949 1067
926 1820
134 1912
1004 2000
1942 156
565 1452
1769 428
646 947
1356 373
1796 1329
1072 91
383 477
890 650
1955 144
85 492
255 1128
70 359
1094 1759
1387 1379
1170 231
1310 1037
1910 1885
1714 968
538 1389
942 823
709 1256
356 256
393 282
1336 382
1209 240
1831 1615
755 1830
1799 193
30 592
323 1766
1213 569
1326 776
369 868
1201 965
1706 874
1427 391
1823 841
461 1265
1551 326
149 1055
647 880
599 1999
1921 1783
1724 794
702 1545
1484 195
43 1233
167 1679
1477 1414
997 1868
1027 1611
1723 1318
540 218
1684 1391
1557 1255
1665 1761
526 413
1543 1492
360 1454
1084 415
1031 1152
1734 1601
1381 1831
154 1736
106 789
712 1234
828 458
1010 1279
1249 1437
406 1610
1436 691
1 508
1482 81
1895 1848
20 532
917 258
1309 1024
977 1567
1475 808
66 1238
1002 506
430 899
1410 901
194 1514
310 469
183 89
1041 1086
1663 296
377 1316
1248 365
344 1283
19 1477
1447 1388
26 1515
422 1142
563 1152
83 1994
581 951
1960 218
987 352
1909 25
203 1329
1374 1780
729 51
991 1220
869 871
1667 1569
1812 958
765 171
1028 1133
1869 1511
36 1603
803 1827
248 1769
239 1924
142 607
623 1662
1804 185
439 695
1539 1672
579 1788
1596 827
231 1329
1603 1777
1769 281
1292 1288
918 1347
261 196
1027 38
584 1372
1879 309
99 316
75 1135
583 534
1189 1117
1429 942
110 1948
1247 1330
381 1562
1649 1396
1334 997
123 1895
1032 563
1966 1050
1569 380
1327 1636
847 1134
1686 1785
323 646
955 1049
1167 60
1778 29
291 605
1845 730
23 370
1833 577
1706 209
1305 1878
1212 1878
1590 615
871 1759
1830 182
1719 1600
1869 1684
1138 670
1154 1243
866 61
1804 1025
1629 872
838 63
1288 1652
1582 1146
678 1813
1458 232
1462 1076
1584 1898
1363 861
1861 1574
1861 1812
943 897
855 1237
110 1044
1879 1222
996 801
318 781
622 1887
1228 672
1323 1480
944 1968
1728 1720
186 131
1735 1454
502 1193
1511 1855
624 1871
1562 359
292 1343
552 272
478 768
329 1674
1806 618
1096 941
1873 651
127 1489
556 223
404 28
999 1841
1024 1545
217 1481
448 1408
1358 412
1055 806
664 136
1035 907
1012 1880
1264 765
228 207
1438 1544
1745 610
947 1071
1657 366
661 229
1328 325
1343 1717
1205 408
1334 330
1159 1679
845 473
813 1359
522 12
1684 362
1299 716
840 1703
1894 1659
1730 1784
732 24
478 1709
1040 592
1543 1978
679 1539
473 51
245 1662
458 901
717 880
1058 940
1874 714
147 799
1399 229
1457 1062
1677 248
1606 797
652 768
52 864
1821 1878
695 910
1507 156
850 1929
1726 1997
892 1413
736 1204
1400 1435
1453 1263
1909 148
1997 498
1220 1121
447 1854
1035 869
508 239
1826 1153
1053 427
1464 1512
726 1385
728 994
1099 53
1996 317
1106 1291
1982 376
1103 1393
1624 1416
1830 1736
1281 653
568 570
1642 1044
1211 701
1250 157
914 1177
7 326
1349 199
194 1355
671 1007
318 1053
1003 1815
129 476
1429 1963
1148 1223
938 1142
1509 1900
1369 1450
1859 1345
184 1879
1676 1947
244 1652
1934 1511
1279 1548
66 1568
905 1232
105 94
1500 123
584 1937
1486 130
538 850
8 1017
1790 332
232 1955
690 569
1015 1283
628 1537
1525 1341
127 1370
185 199
1049 1690
367 171
1593 1109
1499 162
1456 663
664 19
415 1114
1736 874
527 1980
751 902
1452 171
1950 446
1717 593
74 1501
29 16
1578 1061
1048 40
1894 331
1931 479
813 1476
933 715
248 922
264 927
1054 1880
891 240
95 521
15 1926
252 334
1942 573
1269 1483
1105 90
1345 491
116 1124
727 1732
526 842
1646 1695
692 118
1084 944
731 664
632 1135
1714 644
1423 1885
742 1336
1189 1911
1729 574
1010 1300
1429 696
698 1970
1821 70
804 590
864 1841
829 13
77 1384
164 1010
564 1586
815 78
900 472
335 1936
677 1917
1 664
898 1670
1174 1239
1912 1362
405 665
828 1559
266 1324
1990 1301
72 531
291 883
164 195
1358 1507
1771 1618
1916 409
719 1711
1992 1401
1328 1921
570 774
328 174
936 11
1413 519
991 559
1971 37
1311 1912
281 846
163 410
1286 1914
1092 1725
1313 1804
1075 991
68 261
536 1999
808 1876
1052 495
333 1959
1642 1435
1331 1696
427 1362
1045 1618
1084 56
619 1219
111 790
986 1160
1109 1584
187 238
685 35
5 1158
200 666
378 1407
237 1480
1609 216
1595 285
251 512
103 483
285 1650
218 1431
1929 949
1366 1092
1376 160
31 1751
621 1267
695 364
1968 312
197 1852
1163 230
770 1271
1294 1168
1209 932
342 411
1640 1408
1414 437
1732 432
367 828
687 1129
1008 754
1840 81
1067 1671
904 397
376 1148
1173 291
643 872
1082 1973
1551 1586
1198 1742
1793 510
1078 352
1392 935
1318 435
414 673
536 839
1788 861
612 210
460 295
900 1540
227 52
1539 1131
1919 1809
1744 283
1004 292
1915 1435
1179 584
354 1861
1490 651
1503 988
1698 57
434 217
558 742
703 475
431 132
185 1805
80 1115
1454 1679
1260 170
513 1857
109 524
995 1283
849 1245
1958 190
771 1625
272 1908
701 825
1162 1341
927 299
821 1844
1155 204
1314 644
689 866
162 1207
1392 1839
1742 1027
809 1893
1710 1801
954 262
769 1758
791 1366
929 738
1737 1409
1606 1174
50 1997
1345 1512
1822 1034
134 1595
1172 623
1854 699
685 920
946 1176
680 1576
532 1609
1526 1739
633 1351
857 1104
1733 1671
604 394
1399 732
1436 1354
1537 273
905 1482
1207 213
1064 1629
843 590
790 1099
1957 531
973 756
1297 1189
1228 1886
607 1550
1488 1800
517 786
1308 547
886 723
1760 1616
1428 1704
927 675
217 936
900 495
595 1087
1277 371
122 1015
373 1345
657 544
1322 1709
788 1930
1085 1164
1053 898
1839 531
410 1616
536 978
649 213
522 685
873 1091
1671 556
252 596
1963 180
492 75
296 230
794 1645
1363 1140
1317 383
1356 475
1875 1213
1621 417
219 1202
1879 1001
321 1458
1185 709
9 592
47 45
154 1547
1770 1785
1192 1767
1021 1145
1108 1792
830 1389
1115 693
550 320
701 5
610 55
1979 888
1541 450
1029 766
771 130
1693 647
370 643
1461 720
704 175
1442 1365
930 1569
863 207
916 1660
1801 1790
1478 967
563 1473
1757 1765
784 166
1384 1022
1895 347
1699 564
1770 1324
562 1895
108 1073
253 184
308 1455
721 654
1512 687
760 84
1650 1133
264 1037
1154 18
1850 1399
1320 790
1396 33
1142 709
633 1895
1716 668
799 1624
1066 1181
268 1788
1158 1733
1102 1547
971 1031
579 278
1923 1771
1229 336
1585 679
237 791
698 347
260 338
1906 391
601 258
1002 693
1783 2
1449 1138
1753 988
1377 1874
1394 1814
967 858
116 1214
1289 1578
393 1661
1718 969
1732 716
72 1084
1909 850
1434 920
1201 947
1293 1123
96 1125
993 1257
1166 814
119 1883
1205 972
486 634
305 955
1429 1129
224 465
156 1450
1629 659
619 988
1981 1720
1912 884
1935 911
448 188
925 934
1123 45
865 301
1787 18
261 1138
521 1769
1690 1009
519 960
666 345
1348 1033
1963 631
34 1567
1376 526
582 1729
242 1026
508 1003
1929 476
1177 1383
830 643
842 1915
1087 1089
1002 1599
741 517
1297 1543
1368 849
192 462
1760 595
512 1201
916 1927
609 115
1877 720
973 1502
1817 1447
1540 256
1579 1322
1086 1050
1543 325
807 1647
1067 1246
823 334
1600 1670
50 710
1798 695
1082 825
1311 494
1777 1042
1650 1504
1615 98
732 413
1272 1702
1825 1508
1970 1735
1826 1455
1981 965
275 437
1882 622
1335 1864
1166 456
1268 285
1109 799
1757 796
1418 20
99 742
46 1507
906 320
1032 1218
1099 807
1108 1333
797 234
1954 1761
894 1078
783 43
472 803
1961 1227
1839 850
977 1338
1055 1859
386 1211
324 1447
935 1729
441 1878
1892 1768
557 433
26 553
1905 323
284 225
1916 69
1805 1068
104 1880
1865 1281
726 781
69 518
76 1510
1286 611
1067 1368
1979 1729
1738 692
138 1153
1099 498
1371 585
1275 1097
1650 1551
1201 1838
725 188
1223 77
1684 673
1207 789
1970 498
1059 721
1900 1571
840 537
726 1795
964 1223
1981 210
826 1620
865 186
1988 1553
39 1165
1257 1577
1918 1099
1556 714
1016 1832
1229 1266
1501 845
862 281
99 1051
1535 327
943 1388
463 374
1537 1251
1906 1369
526 1100
730 1975
1304 1146
1037 1680
1528 836
520 553
875 815
1871 293
589 629
14 1376
1716 525
1184 1211
1790 655
335 985
469 1495
1100 1331
715 791
1679 1031
298 545
1623 1089
176 101
1794 123
1706 1951
1692 1630
766 78
1131 442
1187 30
1459 805
362 1295
327 575
163 934
1710 174
1546 1975
795 1385
738 1496
1576 335
1615 247
107 773
1818 279
1984 1587
169 1514
1299 662
1293 642
718 1410
863 703
21 558
1941 171
637 1586
653 1325
1810 1058
713 1026
141 1561
1483 1634
159 848
1123 971
99 403
1847 1434
1634 360
1224 326
180 1956
1962 476
1905 1049
571 1505
1595 1490
1404 1184
1002 1455
1726 412
790 744
1982 1846
63 1770
1368 1876
1958 1959
455 364
1042 590
1271 406
886 176
501 222
1439 1494
824 1485
1340 557
535 269
182 1119
1307 1632
1720 947
157 1095
1749 701
802 1896
1125 1170
290 1076
1957 795
979 1600
195 1105
1691 1975
1278 368
481 108
446 802
587 1788
414 1640
1723 1030
1617 639
1984 262
42 1367
245 364
928 1224
1204 1937
1543 1268
1854 975
1538 532
1918 1526
858 808
294 402
1432 759
71 881
532 1157
521 952
41 678
832 855
636 1893
673 725
274 1856
1494 1482
325 1994
1189 805
171 809
1302 708
95 1257
792 1433
963 380
84 627
1002 154
912 1710
1813 1868
1929 1171
437 1869
935 706
771 613
98 1479
1036 47
741 319
1834 1040
766 194
1248 77
1782 537
1785 1946
185 141
860 1967
886 1415
496 1146
171 430
1591 172
1067 1828
747 755
1319 553
1088 725
1699 87
1572 175
1476 1873
1028 1165
1996 1151
922 1136
1904 1074
1753 1108
951 1675
1382 757
1223 1715
409 1248
1935 1821
1232 270
1522 1748
812 610
706 253
872 141
1073 312
565 182
1907 1959
275 1636
1197 1189
278 1947
553 779
1810 636
348 1921
1189 1981
1883 562
110 96
1429 654
1196 911
1291 1457
1561 93
1348 594
198 1983
400 1754
98 79
31 641
909 1623
897 492
1216 591
418 1042
1903 1290
727 1033
1010 47
215 1877
588 701
125 898
330 157
1789 987
263 1603
1448 257
1194 301
184 698
719 330
1928 1137
993 1672
1939 1977
1459 131
1311 1954
1212 473
1329 1808
1717 1396
919 1797
1804 1889
309 572
529 843
801 942
700 1608
1377 1619
1677 914
231 770
1120 298
470 413
957 916
1098 1990
1704 927
318 1270
837 430
1780 1962
16 832
1879 1830
1399 1848
85 878
1669 1060
585 430
1482 1700
401 871
1267 1498
1786 374
702 1067
1295 1350
1903 477
430 750
324 277
112 1299
165 1815
1029 1218
584 722
1435 1687
1722 544
432 687
1315 493
1246 1411
487 856
164 1293
1790 1884
1992 1723
1285 380
892 1651
1711 1964
643 1209
1713 883
1018 319
152 380
1074 719
853 1596
661 1479
214 14
696 889
1618 16
751 989
1071 1166
961 363
227 1605
1798 1907
361 1755
859 372
845 313
760 1051
1511 1127
764 1791
907 986
506 427
1264 1935
1142 1692
328 1403
1451 153
900 161
1988 320
118 372
482 1545
1402 4
1748 1268
346 579
1432 1786
256 871
1842 1981
46 1920
1759 404
1464 203
1766 1520
1602 369
1874 1514
73 1306
1641 269
1148 1599
1922 916
783 394
430 1638
112 155
1680 944
882 627
956 1006
792 887
98 450
504 789
1368 1578
52 1307
1373 1563
1947 1876
847 372
556 1159
425 643
139 413
766 636
549 218
1068 958
1146 6
888 746
959 1451
535 1980
430 1895
1175 663
1039 1544
214 797
195 1351
1691 1693
170 1375
642 1111
940 879
966 1946
407 618
587 1506
1320 981
977 1432
1836 1029
1073 259
522 1563
1218 1836
1165 243
891 1896
764 730
176 83
1730 1255
1964 469
1144 872
738 713
608 1814
521 1077
653 1860
869 1773
1501 300
666 1006
1914 1515
1381 982
830 1956
291 693
1573 1052
546 359
16 1446
663 1386
401 732
1599 1028
419 535
223 517
705 1294
1701 646
160 1385
1184 1372
462 522
102 541
1481 610
1764 1467
1376 1223
549 1527
436 16
1834 909
62 78
959 196
1939 954
599 189
567 1271
1925 755
968 617
1360 411
758 1152
1710 591
991 183
758 1606
774 1755
246 362
368 154
1225 427
753 70
642 1129
368 420
1553 1885
61 927
1403 140
1313 228
287 1741
909 368
199 1009
1158 268
351 202
632 948
1225 1357
851 1170
1995 337
1859 82
94 85
1211 1198
286 1187
1784 1648
81 1471
226 32
1538 973
445 258
473 910
1729 862
1803 1523
190 1038
186 1518
117 442
1849 1681
1664 687
1406 1390
172 1229
1190 1841
1892 269
1601 1576
231 1781
1910 951
1885 708
1721 675
40 450
1845 514
1540 1900
1361 1849
58 682
1474 1272
1347 1402
1024 1207
927 454
175 557
606 771
1713 573
1471 773
657 104
1145 1703
1150 476
1438 1162
235 1883
1120 1695
682 1430
1325 320
580 265
174 478
107 585
1767 164
1237 1449
45 672
1018 1137
485 92
547 977
660 272
1559 393
851 423
1385 383
869 1938
1669 953
1856 848
957 1347
1217 1002
1588 1295
528 1389
1224 26
27 1110
894 730
105 1934
899 1494
350 628
133 914
889 1338
1260 863
156 564
843 565
1802 1792
1968 24
1587 1534
247 1412
1297 1352
923 1153
1813 896
697 88
1799 173
1928 1066
164 1083
849 1909
97 1032
65 774
1933 1776
687 1353
323 1626
1685 1938
1547 173
203 176
1536 1910
574 897
1307 1492
104 1687
816 1481
69 711
1012 809
774 1622
647 988
1019 1631
1385 871
1078 384
1560 191
216 180
656 1457
1731 1666
366 1258
511 967
1396 867
649 776
1949 1855
1276 265
1350 1536
1647 234
1495 617
1596 1204
787 918
540 166
579 728
1942 1847
1635 291
1451 1896
219 1241
793 1178
1261 1959
906 1947
256 1448
553 70
996 1066
705 259
636 1041
1097 1537
1348 1075
797 1363
1634 872
20 1440
50 280
640 1789
1246 13
432 1644
755 562
1525 90
229 1703
690 443
1958 926
1414 952
1626 1226
1162 1053
44 252
856 1290
1561 605
1081 1451
643 1664
44 1895
334 77
138 472
410 613
1231 362
527 1074
751 260
1357 1407
795 1110
1244 139
142 1459
1628 1077
1855 869
679 1784
773 1839
1755 1477
1897 1470
1172 335
1340 120
125 186
1556 732
965 39
960 1205
1497 1874
300 1754
1515 745
1817 7
275 1816
48 1913
240 1563
1305 347
658 593
1148 717
560 430
1664 1698
1157 703
1030 199
1302 568
255 1033
977 779
1922 589
1234 444
250 1419
1244 1331
165 438
426 1654
702 231
1025 1442
1532 50
123 20
909 1251
1831 1644
1968 1598
8 1898
494 429
1474 247
1757 696
72 1425
821 844
282 333
1946 1817
595 1823
581 1808
101 1478
1416 1887
1617 1457
795 222
442 1066
1883 383
728 235
156 876
586 831
1749 346
115 655
577 143
1698 936
997 1901
986 1410
1135 1611
17 195
1564 833
10 796
1240 38
28 453
1444 967
895 167
1896 1772
950 1452
1988 1156
806 921
1969 1108
1810 80
434 1491
1914 1808
293 1308
1030 1871
1968 634
996 861
1754 405
636 1188
1595 667
818 153
1980 983
1816 880
1786 34
663 259
578 1133
1147 612
942 206
472 1088
1562 499
1246 888
589 683
233 138
1216 187
441 1763
538 91
423 1775
494 1317
1315 801
337 1566
1693 1036
488 662
1612 1244
655 689
927 188
1612 629
567 69
55 273
761 1304
1625 1587
1678 551
1277 864
373 1918
341 580
493 393
1583 750
1272 96
334 1719
719 878
1071 1594
746 111
1650 1357
926 15
340 1240
1272 1787
808 1386
919 962
1436 774
354 672
1774 922
1495 143
1621 641
711 668
379 223
1889 1856
384 1501
1730 1348
1112 1043
1236 1753
1258 1608
289 1616
360 224
553 1099
205 1992
1058 56
27 1852
876 1539
856 1113
1276 376
592 74
320 397
617 425
1719 418
624 635
1043 1561
1940 1801
578 1912
151 1016
338 801
595 1986
393 416
324 1500
1209 414
1319 682
1783 668
1456 1437
5 339
1278 1116
824 1559
655 297
197 1290
258 1725
17 1180
853 480
1487 336
765 820
50 1595
456 1278
1180 15
1372 588
50 94
1763 142
1334 456
631 1456
22 216
336 1215
1862 582
1168 606
840 783
561 1822
1458 1636
562 720
700 1807
1043 305
1649 228
1595 155
96 120
1158 1224
1875 1574
1199 747
960 1555
1437 1055
427 566
946 1562
1142 597
641 668
420 1973
1439 184
1874 1982
1235 1544
800 1083
408 1988
705 1138
1772 388
230 1975
1094 152
1576 167
1096 1361
1043 810
552 271
1507 1061
1758 1582
335 628
600 828
967 1383
803 414
1499 1709
254 892
1414 674
595 800
1024 1768
708 1
344 1844
1946 251
152 443
507 305
1005 466
216 1026
516 1507
1233 1911
741 930
1992 450
287 569
428 623
688 1936
1742 144
1636 947
1329 1653
534 1179
123 1692
1502 969
132 471
1661 448
1080 525
1776 1306
805 1160
1419 2000
907 1156
579 163
1098 1169
1947 695
1886 1250
159 783
1522 49
950 526
1697 883
558 1519
1423 1833
1021 1531
371 1705
1641 206
1127 1135
371 1990
1994 1830
830 1578
1482 530
624 758
1009 428
882 690
192 1043
1297 687
1668 458
342 536
1947 1557
1246 1239
280 1317
367 1471
1151 1627
1499 1470
224 450
1162 546
703 793
1978 1344
638 1961
189 627
1657 1159
1752 409
991 667
64 426
1742 1288
1491 348
61 435
121 152
1654 179
1735 1706
958 1502
1695 1027
619 1746
764 1305
233 1659
1661 403
14 1473
865 1575
92 13
1030 1073
920 288
742 83
1337 1425
198 1277
1376 505
1523 293
728 1645
702 1041
1279 1581
670 1823
1424 815
572 1873
1394 757
1946 1652
1163 138
1456 400
1297 1948
335 761
899 1553
501 1249
785 1216
1216 1900
1525 1310
1566 540
164 1527
1273 577
1111 1421
72 1978
1540 683
1655 1264
1503 1127
1434 538
848 1571
1590 1605
661 395
848 398
154 1090
1989 445
214 1904
728 1748
781 886
48 961
1173 1620
1943 1072
1502 1076
326 1217
1952 749
1561 1542
958 86
1901 582
1495 405
1956 921
1463 1519
1135 114
56 448
593 367
1967 1147
319 1341
1015 48
653 525
125 1150
510 1448
950 901
386 1204
71 1700
406 743
99 115
1683 333
1076 1551
1065 1638
514 740
786 1
1084 208
1526 727
236 492
48 1374
744 651
1482 409
1043 1839
864 2000
1601 1769
1878 43
665 1077
370 1301
502 1642
568 66
639 1081
976 1981
886 80
1513 1258
2000 1984
277 461
1439 619
1630 378
1293 1645
1088 1869
297 528
500 41
1724 346
1005 1076
396 348
769 1698
631 1182
633 209
1276 829
997 1292
1612 500
1345 636
174 1716
176 909
1797 1160
1153 1909
863 1096
1999 1538
1981 1536
685 4
1330 1959
1672 1918
1171 1177
1914 1457
952 1249
1487 435
558 1929
1076 1306
1599 1230
255 1349
271 1504
1406 1756
1387 1684
1652 424
1810 1588
1341 1135
1486 104
259 1081
1993 1908
50 322
879 129
322 511
116 1415
1526 1426
143 44
1983 1766
1710 1191
1319 1970
1996 1375
1212 1326
1673 1796
1325 1322
1039 303
1332 1883
1205 211
873 602
1618 1568
656 1264
587 676
414 640
1272 1180
1502 1187
1364 1396
1477 1203
1811 303
414 1151
590 1117
863 448
354 1892
833 149
487 1869
268 736
1886 1492
1469 800
293 51
651 1208
1842 1126
1148 225
1273 615
452 1492
712 1925
1342 1965
1622 1656
1164 1761
1457 873
1934 453
779 837
1664 761
1369 101
1867 802
1812 1688
585 566
34 1812
730 1577
1207 1065
1196 1042
419 1906
112 192
1696 202
596 146
1115 1506
338 382
1721 361
1521 1935
345 1194
381 1288
425 566
676 185
1540 1686
1683 55
1176 1185
828 492
719 1553
523 1290
1150 1202
657 284
530 1570
1075 285
537 326
1325 1937
228 695
500 956
1756 1499
1618 680
1466 461
788 561
1159 610
870 1244
170 1288
1915 634
612 1097
1756 574
1223 603
107 643
1272 1967
1984 177
1073 374
1403 1003
630 1661
1792 1032
830 1376
238 330
960 1524
208 361
653 1967
1704 191
1084 1525
1501 375
1856 874
1160 61
1116 1798
1367 338
1595 183
1669 1220
103 693
585 1678
672 1315
1588 948
520 1087
1867 1239
905 1515
1376 1578
472 556
1940 1605
1892 610
935 87
405 1464
1603 838
995 440
526 1538
533 1088
455 242
1515 307
1400 995
1167 1993
1884 333
824 1867
1644 1185
904 215
576 1044
1206 1484
816 515
657 513
1421 421
654 1659
537 1115
1143 335
1680 915
541 143
1920 1954
1830 613
852 1328
1005 1686
1151 799
766 668
914 1839
348 816
1737 855
1080 174
1191 1662
1193 1009
1307 47
1896 176
1255 1911
1589 115
1773 1570
201 68
1635 1773
74 454
717 688
1622 1936
194 1155
1976 215
1171 823
92 742
1178 1561
1051 285
1768 793
223 1736
1425 1820
673 1111
1087 1193
894 1975
712 563
1795 1982
1032 254
1703 389
784 1352
1274 49
924 506
400 976
455 890
349 403
1202 133
1948 1536
930 1600
701 751
962 977
802 1362
897 954
807 1691
1692 1879
1351 1502
373 1599
569 994
1964 567
1800 592
944 1594
1357 1461
1876 411
1862 146
253 1790
73 1910
642 769
1677 231
418 760
1829 956
1741 1248
1635 613
758 851
1451 682
720 432
441 49
738 809
1697 1050
49 1312
1538 30
307 728
572 1108
1526 1953
876 1346
1062 1031
1602 892
1306 156
1867 1344
1719 227
1366 1929
1062 674
419 1168
165 508
1947 1020
1772 1091
1954 16
1212 12
766 1748
109 79
1089 625
1489 913
683 128
1806 1676
1146 1118
1386 577
1081 1349
487 1622
821 786
468 1518
64 1715
337 1783
1226 1145
76 1426
936 1715
788 1596
1127 753
1470 1892
1920 1853
693 1785
366 1215
626 1708
1375 1705
1472 1880
580 913
1477 1453
1223 185
1426 93
1857 263
1142 267
328 1990
921 547
21 1453
926 89
637 1201
1312 1888
1066 1643
1907 1501
1727 334
1861 1752
1310 1110
168 1854
943 871
1335 545
1729 126
1157 509
1676 675
1948 408
1291 1927
408 424
357 587
140 39
1906 558
255 1900
290 145
1115 1224
900 793
1096 1424
1631 128
1707 688
278 1496
423 1569
1013 769
464 1346
1333 1286
948 924
588 1163
860 1696
902 1681
242 1355
1294 1481
708 320
1992 1849
1540 487
196 124
1579 1291
1681 1547
1897 1916
1383 217
1131 456
530 1011
1703 1002
359 1649
640 508
1106 190
1546 1059
1230 1544
1201 43
1463 246
1945 115
347 134
1313 745
1797 1879
1306 1810
206 1322
1257 84
1295 739
1225 1858
136 1760
1759 1201
551 254
1639 351
1529 1076
1736 6
404 1173
636 486
514 1104
371 1159
1496 730
34 1357
783 8
1726 560
398 46
1304 289
390 1038
335 1197
1998 1936
1391 852
109 196
1640 1856
423 1490
1540 1407
1899 930
369 1000
1365 218
949 469
1300 619
1094 320
1012 713
993 1927
156 697
1117 1094
587 199
1862 636
580 772
561 1236
529 66
1299 1954
379 1425
1124 1369
354 1413
125 1554
1063 538
1310 279
1183 47
1976 1005
233 401
1443 1488
1178 371
1333 606
1860 1063
1976 1288
862 1461
744 1239
1376 696
147 1678
1436 1154
225 326
1016 55
502 1094
1848 1558
123 1123
1786 1554
1184 1242
229 137
658 1169
305 383
215 212
607 1206
291 316
662 285
701 1529
1259 307
1132 1987
1992 1956
1520 1265
1118 1658
807 385
290 1864
719 725
189 874
1600 1648
115 684
516 1301
1267 1087
933 1111
1008 1064
820 931
690 1345
1378 981
1989 1747
1218 1494
1492 111
447 136
199 375
533 371
678 1348
939 68
833 473
1697 1324
1538 1768
985 262
346 840
920 663
1148 429
1425 654
85 237
378 345
1116 174
659 50
1178 1102
914 523
331 1865
1664 45
1279 890
1795 1417
128 1961
1881 1991
762 818
1025 1346
875 497
432 1151
1006 441
40 832
280 1263
553 1068
1852 1760
676 1653
1561 1781
1409 864
775 1769
1801 38
1946 1081
846 1489
1554 278
1757 1853
1121 401
1724 1270
770 897
1125 1203
253 1806
295 926
82 1301
1837 790
1143 1587
954 1621
181 1263
1622 184
1470 693
940 608
1804 1165
135 902
1811 859
488 703
1389 443
1257 1003
1306 785
460 1341
831 798
1112 32
1225 839
416 1979
1063 911
953 644
992 238
823 1654
738 478
1010 1956
869 1300
438 1157
1856 222
453 156
1635 1818
1609 954
924 1886
1242 961
1542 1446
1708 954
1948 1865
832 1297
1380 1143
1999 300
306 1096
112 1159
77 247
1057 985
184 1386
1799 819
602 1961
277 1670
104 954
376 575
1152 1394
1139 242
359 957
76 256
1466 1427
1662 226
959 463
1590 1427
1883 1415
1978 165
1427 1945
675 1948
1618 124
751 105
555 178
1551 1872
64 1523
1952 1052
398 75
1830 809
1078 2
548 1033
693 32
892 201
474 1910
1857 1169
24 1977
301 1159
213 459
416 35
696 932
1894 1999
1896 260
1070 977
1936 1247
597 1665
586 1958
895 688
1335 1463
1144 1924
1271 1980
67 1511
1171 235
641 1076
198 307
825 427
223 1924
1684 97
1016 1082
285 737
1470 1572
875 362
1813 634
1619 1479
1880 709
1719 487
102 1593
363 1787
629 1025
937 1592
775 1524
719 1750
411 1665
874 433
468 290
1307 39
189 1292
1590 870
802 677
322 955
1622 311
43 1867
1078 1297
587 1302
620 463
368 1472
384 357
93 1005
1603 646
831 643
619 1657
1603 1251
510 238
1070 228
1787 594
1969 1697
1116 354
1298 915
1160 1180
1607 1704
1699 1338
1090 1297
1881 522
1976 1054
105 1909
1429 444
73 675
218 1468
186 386
546 1942
1954 1337
92 1098
52 495
513 107
695 263
882 266
1174 1972
621 623
766 1896
1121 367
455 1971
132 470
1376 1077
1296 1372
355 1499
783 279
1118 1388
1655 1183
846 947
1897 1731
376 1125
1695 1567
1159 1260
947 1324
18 380
1858 514
1473 544
1325 575
1470 1720
1793 405
248 1395
359 949
1318 392
340 1347
1014 97
1092 1457
315 1331
1899 1827
1840 1305
946 374
47 872
1048 1591
485 731
1285 226
1843 1672
187 1089
1077 64
597 1558
1338 1984
14 18
1923 1044
991 511
1257 1296
1529 1627
1847 1217
869 950
1630 1978
191 670
1923 753
161 991
1729 674
1747 1833
1641 494
1807 3
889 1977
140 371
1376 849
1631 1531
640 875
357 1311
440 1453
1966 928
416 734
1454 1652
1025 1108
672 316
744 863
677 1737
748 111
1246 506
1879 963
1068 1338
1036 1644
404 1419
1903 1468
1760 934
1965 864
512 1476
517 1185
1379 292
1273 297
1771 1766
1093 510
1933 1622
1997 1048
1920 210
567 971
235 354
1944 1388
1233 927
258 439
922 94
1902 1263
686 1795
1300 1839
415 670
608 887
96 91
1661 1448
686 158
725 1788
799 133
1389 677
1744 1468
1523 719
1030 1605
1428 1122
1793 1062
1596 88
1942 436
383 1001
519 411
745 220
194 586
162 1856
594 1027
1249 1952
539 1430
749 1050
1203 703
786 665
931 448
1175 1597
1892 1073
1567 239
684 248
956 1909
1348 23
1368 785
303 1934
1447 349
917 1714
1859 1497
1580 249
1631 1647
879 220
1287 197
1162 1690
1132 1436
32 1569
1982 427
309 1903
76 46
1189 462
1495 1073
853 1890
1293 1221
489 1079
1028 602
1278 1666
1586 1116
1837 1928
885 1457
207 677
852 1530
1237 1317
1484 27
555 1541
700 618
1931 732
1804 678
3 1438
248 665
598 137
1495 757
706 1859
1375 323
1433 1992
333 1056
441 1514
1660 1759
1370 833
1317 326
96 1428
1303 1687
844 664
1402 350
793 1262
1998 1533
1014 1852
641 798
585 1356
1930 1794
1948 223
406 1890
642 272
1648 681
652 442
924 1719
1482 377
105 1239
1821 1708
271 1800
1730 307
670 1298
1991 40
21 994
672 695
545 703
1394 1216
1489 1503
128 661
1216 948
1488 937
1753 83
999 51
512 1119
916 1637
1863 131
1992 1144
1478 423
1517 1475
1390 1843
1452 1330
1971 290
392 872
235 1848
216 1408
1985 1406
1673 620
532 1142
728 1504
1901 1774
827 1549
1564 450
1656 1443
1582 623
706 1454
1022 300
1383 365
1091 525
611 1527
60 1367
1016 1900
1937 577
1683 1189
1298 1277
1003 1665
1893 1920
480 1278
528 1356
1973 1332
251 769
532 88
73 853
133 1011
1841 1890
299 407
412 174
285 216
1228 1648
250 1319
1998 116
1468 1223
1507 571
1746 1825
1253 3
1714 535
847 1366
1270 1565
1573 1872
1940 181
469 1948
1637 1625
683 186
1075 844
619 1686
1442 1625
824 1824
1409 468
881 69
1840 848
1536 1877
888 1191
1081 76
1427 56
1784 525
809 881
18 1400
1383 779
1777 324
1830 462
108 1845
925 398
126 698
1636 393
655 1202
329 404
1576 1806
1418 1459
1915 210
1052 1558
1041 735
1684 775
1552 1425
1744 1476
911 1267
823 391
1911 420
1694 602
832 122
1134 1331
945 317
494 420
1980 867
1892 1623
495 935
1094 913
893 1308
1322 1540
476 48
847 35
1990 1923
909 956
1986 1154
1674 1472
97 318
1591 633
392 1144
344 1085
217 1329
1985 622
131 1429
922 424
228 919
1600 1727
947 1815
555 518
631 1843
1195 857
1862 199
428 352
455 1768
1908 897
506 1116
54 174
1021 655
695 633
1797 1821
132 797
1112 1127
1765 914
1773 1210
1930 769
1010 18
60 781
498 254
72 342
652 1461
1583 760
124 132
433 1385
1323 168
408 1349
1934 1016
1016 1006
375 53
343 1295
1002 705
1786 1229
236 1673
1907 538
723 1429
538 1199
1456 998
1961 847
2000 227
1831 1549
146 4
1806 1569
1054 458
1536 69
337 1527
782 137
450 654
1870 936
185 1911
1674 255
1547 327
97 579
1162 811
1012 1080
101 1511
18 989
1784 1432
25 1935
101 924
1480 1125
1629 1392
1099 461
714 690
529 1555
534 1560
1470 372
919 214
852 171
926 1238
598 403
1412 437
439 333
1949 762
49 275
507 1819
1614 1790
1558 127
826 1469
275 1201
351 1530
1437 1131
1185 966
913 763
1602 1841
77 125
1879 1139
460 1867
212 1731
1994 167
1846 1420
198 1514
1083 396
1355 483
695 1646
1696 293
1569 553
6 1005
797 1006
1961 1991
1209 1194
259 1719
1400 1595
1990 1918
1195 884
588 1264
369 1198
44 86
1178 932
784 421
489 417
1978 1729
1711 1785
1093 1563
1201 52
1630 1515
1953 1642
1775 1542
1005 574
336 427
834 678
100 1544
1869 974
587 802
1744 1053
181 61
1749 1032
612 375
439 757
1149 440
598 1702
1140 137
1744 632
220 1208
1158 1988
1130 263
1646 1863
1702 1152
74 981
551 165
1766 184
1237 1905
995 1658
982 35
1888 790
786 886
59 1196
520 1930
1846 147
1482 654
767 1944
451 1478
324 856
1366 500
1594 859
1119 708
1979 687
1910 753
755 1137
570 643
937 156
280 1209
1453 1212
846 1370
819 1116
1372 1804
143 730
701 220
1492 697
1593 146
1113 1624
397 1967
1579 1955
807 1252
18 848
537 960
1413 879
740 1241
1020 1842
1992 68
675 590
380 1240
1388 1333
1712 671
1237 220
1357 83
1165 1595
806 475
1375 802
241 1047
471 1356
1988 907
749 1901
88 466
1672 460
805 977
1687 625
1824 263
480 12
1040 278
925 1292
194 1334
1116 545
837 64
452 994
1411 497
293 1442
1911 690
332 648
1842 919
1256 1368
463 1762
1941 545
495 189
1627 1220
1242 1386
963 391
1358 1890
683 1832
203 812
1241 1734
1871 1834
1283 1333
930 1975
1651 1423
881 1271
1663 1716
224 734
722 181
1739 1260
1188 1662
51 405
1613 317
959 1564
655 539
270 575
1358 478
1503 1235
1093 1575
1953 1614
1238 688
885 648
1794 1610
1902 1691
1939 979
1717 526
1131 561
264 1463
555 1993
760 1401
1200 246
1419 340
1617 1915
1868 1513
660 848
1527 1904
939 235
579 128
851 999
1190 1632
895 762
865 819
388 1750
51 311
1455 516
1097 940
452 1245
1164 1946
684 1740
1076 254
1500 1326
1032 380
977 1083
1945 1368
923 1729
1373 1725
893 1843
1354 1319
81 1864
1308 8
558 1322
337 1241
483 645
1361 1262
1750 84
1492 844
1132 347
1001 751
1420 1293
784 771
1651 895
1946 553
606 54
664 1497
1554 1830
573 1891
1131 1721
1629 1114
1005 1184
88 1426
555 1105
22 118
1579 188
979 81
1610 1977
1318 1534
547 1769
1124 1465
984 1679
1034 897
660 1992
1052 346
958 1529
916 122
1516 1603
427 1319
1004 1391
402 1327
720 830
166 896
1370 1928
466 166
911 1874
1885 1129
1443 1584
1893 1372
1845 1699
244 471
1388 1812
1369 1508
510 1516
1487 1632
255 1777
112 833
1475 476
963 240
303 1103
273 1128
1619 1673
1290 939
1057 940
1133 1913
1089 1523
1526 1420
814 1448
482 1169
1540 650
1139 137
1711 1943
1782 685
145 1479
643 1344
150 1260
44 1447
1166 1068
1448 1053
322 1785
1964 61
221 1241
1678 1399
739 1400
1258 424
1041 1478
1408 975
1649 1902
1378 821
1749 802
1984 1330
1656 1999
1440 464
1935 1673
1262 419
568 139
1767 1154
826 719
639 476
791 1311
1614 295
1875 1125
1291 1112
784 1296
1130 1236
521 1924
350 4
703 404
1058 869
1556 228
590 1130
2 1555
477 819
560 1033
1595 1235
510 23
451 1212
1641 1905
440 1527
1362 914
589 1534
1029 1889
850 1726
1772 585
1398 1536
1500 772
1486 1491
1456 1186
1626 386
1121 586
969 293
1912 811
1328 1104
980 163
853 667
336 1396
1074 467
922 100
1996 502
1890 81
474 1211
1470 917
293 1563
688 1501
1262 1307
75 1057
1677 1232
471 1626
1949 857
667 585
1516 1334
1301 981
554 1169
238 1758
939 1609
261 621
1847 259
1515 794
1635 1289
1971 798
1171 1206
1888 1956
1999 68
420 1218
1639 989
1090 1466
811 1351
615 373
1443 214
1062 1852
862 1506
509 778
737 495
1733 57
119 1573
1574 1271
1115 1790
1613 595
1885 494
730 656
748 1193
310 1012
1936 1456
1608 1837
709 1510
266 358
432 578
697 186
1619 175
1566 1002
1790 2000
1428 1755
397 545
1711 1048
145 1340
224 1782
1681 1053
1625 1267
708 1329
541 1718
1962 896
50 1492
188 1975
276 529
1491 1406
1632 1596
749 1813
203 1849
213 1686
1698 621
1989 1144
1200 412
1901 668
1534 819
1045 524
1875 853
990 181
1363 1961
812 865
1331 1011
851 1277
53 579
92 1263
1130 1115
1370 1514
466 1544
1330 1397
1812 1462
786 471
828 21
825 1675
996 1160
1103 528
1849 1656
1664 728
172 1254
1115 614
343 803
1101 519
255 23
1362 777
497 1883
1405 1009
1871 952
400 68
146 1624
370 846
1036 1753
1732 1294
828 1896
1594 1055
65 1576
143 1157
1379 411
1823 848
23 851
1612 1423
1319 987
638 1762
1321 278
631 353
1964 1080
249 1345
820 1230
1624 1570
475 384
806 1321
334 1866
813 3
262 267
1592 364
1018 707
656 450
965 344
1262 1446
1431 1475
295 661
1767 191
24 428
117 1334
1924 1216
1142 1303
1031 282
816 452
1243 912
1116 386
1063 1669
431 1074
48 1628
281 605
1537 1782
1443 323
1496 814
931 439
117 1214
331 1495
1521 560
1333 1164
610 1393
1783 1092
974 1770
664 1139
672 1940
1441 1246
40 734
517 852
20 732
1329 1878
1181 237
224 1407
1771 533
1845 262
1513 293
1167 1838
51 510
1711 1197
277 896
1199 1529
1752 1222
1939 814
694 1267
966 1652
359 1264
664 1794
671 765
1092 766
11 1197
82 1175
361 1492
1357 718
700 567
1326 1509
1610 1486
340 198
1027 1478
1655 117
1770 1229
1864 1177
763 1273
1755 372
872 1655
1937 1799
1670 1739
985 1848
505 1862
625 353
1882 1573
120 663
1704 625
180 1457
855 1479
256 1473
124 565
629 282
975 1794
85 1404
1348 1220
1422 839
526 1128
147 1945
1267 940
1754 1674
1606 1691
889 54
709 483
1228 1365
52 1050
1843 305
575 1486
423 1613
367 1919
1594 1186
1315 927
457 819
614 1999
443 224
37 1417
1393 1148
1118 1891
1788 1849
1263 1150
76 646
1360 1463
44 1912
1201 1909
265 1617
1480 316
82 1823
1251 943
758 1497
1921 1993
580 133
1890 1438
1705 694
287 721
1451 1528
951 1902
121 1141
1352 197
1135 698
144 1228
1113 1217
1019 999
314 448
1660 1079
1144 1538
971 622
1072 83
521 467
890 658
601 621
1386 223
85 500
1574 882
1687 561
1489 126
1567 15
945 1048
296 1439
13 712
1913 1443
271 176
128 1698
1087 874
1907 531
723 1503
1184 603
1555 572
1368 1084
817 778
1336 262
1707 265
1322 825
1195 61
1456 1403
1605 634
1315 1200
247 166
1296 952
803 1508
1986 1959
1107 1074
1808 1151
1277 1610
138 697
1743 1089
1065 363
145 131
242 849
880 1620
650 1504
1622 1578
1590 480
696 1566
195 825
89 478
1106 1049
1788 425
227 360
234 1716
1135 1586
951 635
718 866
953 1526
1345 52
1649 70
851 1427
252 1456
1741 942
1153 1421
353 51
793 1294
1810 105
1388 125
191 995
1418 1374
477 146
408 391
1309 691
357 620
1016 1584
1563 1932
105 1527
1177 1313
1108 243
1115 1833
375 1368
391 215
158 742
694 26
1174 1590
1972 523
393 567
1591 1315
531 1273
1873 790
849 494
298 636
1111 1246
581 959
1852 729
1946 29
45 451
1471 538
613 494
874 1582
1939 1484
246 1437
966 1238
1427 1696
1371 1442
36 1611
1251 856
1491 1833
1438 352
490 117
1299 1198
202 1522
154 1287
1857 1384
654 1144
481 1193
794 938
137 357
743 1661
130 1254
678 1256
1988 37
745 1897
985 666
413 385
1759 1174
1123 924
1487 1434
1529 1493
251 97
1563 1076
532 184
1933 595
1719 341
1083 1387
931 1222
1043 1536
513 541
1380 107
1613 1815
134 1967
1686 1777
755 1979
1912 1604
405 630
259 338
1729 1843
26 619
759 239
501 267
542 1555
856 310
1428 109
1162 900
1554 386
1238 123
284 1674
1992 587
1600 1356
235 992
654 1836
1231 742
1565 2
1212 1902
518 1675
283 406
1205 659
435 339
700 477
1695 233
227 533
1737 1130
326 219
1642 1193
499 693
1649 243
28 625
1193 1697
1264 95
1762 1842
544 257
1899 1269
1748 257
572 118
1215 716
927 1004
890 1681
749 938
1432 682
1450 1503
1948 370
1609 558
186 1652
528 1887
546 520
818 357
288 1272
1302 179
1447 1470
694 754
393 167
160 1270
1786 1589
236 801
755 819
673 1742
1903 938
669 1931
893 897
655 1096
143 1380
951 165
1320 171
1706 1873
1916 1430
1120 41
1560 1846
94 792
1583 602
1699 1797
774 68
1742 185
965 1703
366 1784
760 1347
1698 291
1852 1376
1963 1551
1956 767
1723 220
395 1958
238 138
1769 142
1575 947
780 1255
1974 463
1423 383
839 288
233 522
810 1737
92 1371
1152 1692
652 1173
288 96
401 199
698 1591
518 319
1987 993
1256 117
673 1583
1956 988
80 343
1816 247
165 183
1050 1203
278 510
1423 577
868 458
1354 1261
310 1807
1734 1104
1435 848
1790 1532
45 1927
563 141
1428 1167
1960 1221
1340 979
1782 1812
1328 1311
784 829
657 65
1872 860
1657 1262
1822 957
777 1156
885 1963
631 731
373 199
1592 1919
1466 792
1691 1653
1219 1056
668 1322
1464 444
1943 1955
786 216
1269 198
1603 762
1419 563
1004 1313
1889 473
125 328
1462 1435
602 394
1176 1842
1704 978
1976 535
514 14
1261 1112
924 1213
1083 364
419 319
737 296
1744 190
1514 32
317 1476
190 1874
1304 670
1066 454
109 1186
1327 1154
1608 1644
524 473
639 1558
418 236
1663 1635
828 935
1513 121
804 564
468 1078
249 383
773 788
777 796
1699 21
1113 1216
235 1358
1300 424
947 1152
751 910
626 362
297 1703
1092 74
1931 1834
855 733
1777 1734
1410 1939
1943 1067
838 1066
1982 535
1876 1278
1725 1278
1610 666
1250 1053
900 252
630 535
1091 3
1956 1029
134 572
1476 463
321 91
982 1892
74 693
92 1454
830 196
1674 1366
472 1680
952 850
1599 1956
1399 118
1606 896
1867 640
1295 171
622 1409
158 1872
112 46
988 1031
437 775
225 1793
497 1636
995 997
483 1753
1813 1435
658 239
861 916
1174 1263
1693 949
868 1936
556 1234
224 1835
1368 504
563 22
1423 1603
909 62
1651 567
927 1845
1833 1478
37 323
1623 421
571 663
1340 1170
1081 582
1448 479
1568 1900
475 1639
537 736
163 1641
1473 1852
1170 1896
1019 1122
1060 756
638 472
507 1206
1046 931
239 631
294 1372
1862 321
1592 293
1498 1276
725 1544
1165 1819
1963 718
593 1422
1292 438
1018 1433
1080 1172
605 1671
1137 1737
863 1107
74 1549
560 1369
1222 1986
67 348
528 218
1462 893
993 1824
431 1523
680 421
906 811
274 1585
1175 1737
244 1991
1569 1414
1899 891
744 391
1366 1116
931 1681
303 1050
1359 781
1128 1217
1758 1321
1179 453
796 1257
1958 1411
1174 498
1513 486
57 1201
1833 1851
90 91
308 899
369 416
1978 1406
530 435
486 1837
1219 1143
1586 1480
57 771
308 1873
668 1431
587 469
668 293
1041 1129
269 430
965 1937
1818 931
642 1492
347 582
294 67
10 1562
1331 1312
1262 116
1152 1068
1123 1548
1984 802
1642 766
1215 1906
1538 1493
1185 1851
35 734
111 1067
1754 281
685 1800
950 1420
106 745
1744 1786
70 141
735 946
1599 1833
99 1632
1807 96
85 1597
34 1805
1334 1362
218 1965
705 1600
520 176
405 1682
1587 1886
1387 400
1668 201
610 1759
624 196
1898 1240
944 635
1241 251
1990 1784
1248 1705
1393 912
789 1645
1321 1895
1474 1191
314 1423
1471 1341
1240 1222
1405 1329
1231 321
290 1664
1932 932
1238 1191
1745 1028
1379 1703
1332 964
1745 1201
569 828
1092 1576
1000 1728
975 1494
1539 1003
1117 235
1027 159
1299 1378
1585 1689
808 1735
998 1728
1919 10
174 192
600 553
565 1269
554 1866
1769 597
1478 6
1527 1405
1734 917
920 1604
67 457
162 1891
452 373
1893 1596
1010 267
1676 22
477 1734
560 70
943 1869
1563 1400
412 1367
419 725
518 195
87 1564
829 1026
945 1369
193 1564
1980 1799
1562 972
935 430
1274 1198
1008 834
1831 1796
146 381
588 1790
708 907
602 146
1409 440
1194 1770
1503 1380
719 1301
1593 268
1166 1356
1517 284
1454 26
50 1884
1985 1610
1936 373
373 686
1756 1759
781 631
1592 759
1191 44
474 1571
188 341
1110 964
1970 1117
561 1465
986 1386
17 411
93 1616
953 1591
169 96
1363 1148
706 265
1476 1829
1766 642
1545 31
261 1269
1370 1415
1017 213
583 226
735 807
477 979
1224 1216
1664 621
1994 428
1279 698
1207 1109
899 1692
702 1543
1740 1571
1152 1052
1024 1680
1726 1562
1481 1972
1839 1881
734 1908
976 1476
556 1976
944 758
464 1504
962 1379
1139 606
1156 1475
1946 1529
1895 1966
1259 100
1720 402
1593 1668
270 953
1840 1783
12 294
766 61
1314 1538
82 1877
516 1088
1855 1181
297 1166
1240 1426
1952 1620
1148 784
1890 1492
693 616
801 1394
1473 1722
185 1006
169 1272
1516 1238
118 1205
600 692
144 1158
88 1992
257 1977
1603 1974
1031 321
720 457
60 1398
279 980
833 938
394 1946
124 712
920 938
1987 1752
339 1234
989 1044
571 1747
705 581
751 285
1094 1677
343 1691
250 1350
324 577
398 456
1507 600
1063 1332
829 572
1387 1022
1848 636
1972 1346
1241 1272
621 314
1979 422
879 1926
1764 1772
701 1870
1442 1656
601 853
482 1540
1282 829
1231 1986
722 1058
1808 1065
1624 1941
62 183
961 1746
43 997
1657 1826
1673 1541
131 378
1452 764
297 6
979 1970
108 1812
1046 1368
421 493
1989 1176
167 1785
1830 1940
428 1471
15 696
955 354
1664 1489
42 1637
1919 680
600 1927
1702 902
1137 224
1614 1618
307 379
1875 1486
81 49
148 829
235 1057
957 269
1156 934
1098 1762
1065 492
103 1673
724 685
666 417
1807 382
1867 35
1563 1990
470 1299
1599 760
218 1092
1140 1267
1129 1330
1475 858
1532 405
1961 1979
1020 1073
882 1858
1608 1312
222 535
1013 808
1405 1654
1914 1152
143 1445
298 1442
1167 1110
1905 1523
332 717
807 1639
936 596
1554 1328
1826 717
1480 401
1226 381
1604 618
1383 1621
631 1808
834 562
1332 1333
1324 105
725 1463
1124 1975
368 896
1656 1613
1862 1677
1956 318
134 1829
1045 249
1543 270
1179 1083
1630 1156
773 454
1967 670
1702 1170
1545 894
720 1967
1305 277
1602 1029
830 280
1694 1485
466 1047
481 1234
1849 720
48 592
452 1990
1687 924
1635 1101
223 216
1567 442
1175 1959
942 1525
1148 1815
370 1718
1133 1667
545 250
1961 680
1559 1335
1566 113
741 1338
71 1330
849 1580
1347 317
999 758
1259 1113
263 1000
803 1371
1520 1959
686 720
770 1500
1434 1143
613 556
1921 1883
765 654
1314 513
23 1123
1226 1525
770 547
1023 1465
682 343
1240 405
1939 1707
28 488
1099 490
228 35
495 1789
679 518
1071 768
1666 1824
1578 84
90 1776
471 1279
1490 1248
1315 1974
1137 285
632 1699
648 1672
830 656
1974 1437
1847 1665
1955 1223
1483 1426
1335 429
1010 800
1369 1779
1906 1466
1207 1443
1599 621
1341 877
409 1301
1380 981
497 1072
1469 1488
670 1639
391 2
1507 1270
665 101
1527 1838
1859 897
1329 958
1591 1358
893 983
1831 1247
487 554
607 1113
902 293
867 984
1591 979
1720 1704
1572 1673
270 659
1390 1508
348 451
1953 1746
1180 1378
581 1487
1187 6
869 321
929 266
841 582
1360 562
809 1228
1680 389
834 649
419 1375
688 1827
986 508
515 1810
813 1405
1557 1729
1350 1068
907 684
1835 1112
674 145
1654 1278
231 1172
845 1708
1875 467
1665 17
289 1554
141 1553
1886 817
1141 1382
1888 821
1814 1581
1122 1141
684 1592
1422 378
1083 1214
631 203
970 413
271 336
1596 606
1366 23
1260 1646
1096 1559
1 977
1947 1606
1799 473
1326 1109
374 92
543 913
620 1544
182 1111
902 1032
422 1990
1328 1353
1439 819
104 1995
1226 1400
606 170
1419 1183
1770 1917
1293 298
1459 62
686 1494
322 733
195 1113
1982 430
759 72
679 337
1788 1673
372 1639
42 528
690 1617
647 1227
347 1567
1038 369
28 670
863 1424
1607 229
300 254
1923 58
350 1952
1860 1713
172 1772
514 1707
198 1344
825 538
1267 1369
1841 1498
1721 892
1654 856
1336 1246
1839 1528
156 1127
1751 732
1181 1034
698 1995
1241 1831
659 1580
404 497
1162 1993
501 947
620 1403
1206 1300
1946 317
55 552
422 757
880 409
500 1417
1892 98
696 758
380 103
1586 1675
1512 888
190 739
1078 59
359 795
253 1908
986 67
1048 506
1604 1851
1288 1449
1120 697
563 377
884 1702
1382 749
729 97
384 1302
1767 1326
1324 302
1695 329
1437 73
1204 372
1312 1394
1762 1194
233 1469
911 934
1229 231
1777 657
1734 1100
1127 776
154 1231
1076 1658
813 603
609 1547
1021 1469
1344 750
592 131
779 794
767 1570
1475 1317
1751 1860
912 393
381 1056
916 797
243 1519
1405 1069
192 63
542 1843
1896 244
450 1531
1997 597
1833 1420
1618 1726
1851 1264
1545 1826
770 781
1023 1879
1826 1250
1452 1117
297 485
1198 1417
474 1362
654 427
661 1621
1431 49
1680 1635
114 1038
1698 756
100 1101
174 204
656 59
1615 1629
1691 101
1472 1941
1504 1763
773 1352
1204 1772
1596 318
1543 865
625 875
971 1347
1734 212
1937 886
1810 1788
505 981
1192 187
590 886
957 1073
645 1055
387 803
1501 1588
1187 1821
1708 582
772 890
1728 1872
1309 1933
1475 445
1406 1683
1644 1697
52 1552
38 743
734 1344
1174 1965
1758 1367
51 1132
1234 223
132 511
1474 1646
1531 1207
980 951
1688 968
512 117
789 1467
821 1122
775 1784
239 662
355 863
816 731
1390 789
170 1163
839 793
1897 71
993 1429
1205 128
569 1938
1460 465
1705 840
511 721
1804 516
522 788
1115 1071
1516 554
801 331
1781 1106
1730 1936
1896 408
1642 676
540 848
1312 1549
1646 1656
1317 568
383 1912
1033 241
1305 884
81 1082
1791 1514
731 1152
1065 1696
984 1565
1429 1307
1302 1051
1574 15
41 8
975 1557
984 120
1482 475
52 648
1007 1444
1468 1690
893 625
956 998
1772 936
538 1903
548 1917
1937 171
1089 476
451 758
513 1815
2000 291
1947 1836
349 203
614 601
374 678
390 1211
1580 1162
1428 1519
517 1864
1379 271
888 754
1554 25
263 1836
544 1998
1902 697
323 577
32 658
1935 655
897 658
1524 391
221 162
1473 1991
728 778
1300 1808
548 29
195 1359
1800 376
668 1226
940 871
1477 1944
681 517
1975 553
1476 1532
1654 1751
1670 1352
1153 1975
1709 494
678 1574
101 552
565 528
14 1294
1893 1762
1342 888
590 1021
1429 1683
1570 711
1254 420
318 640
1846 1460
945 874
16 1438
325 1196
1210 214
470 847
1872 1515
1911 1474
735 1873
1267 1583
1987 498
1235 377
426 289
193 1578
1613 628
1827 1969
1726 941
1111 980
1454 1392
151 1361
1133 1999
413 676
192 1074
1778 1264
1746 38
1785 1716
371 709
1806 1908
5 252
1294 648
892 1822
860 528
330 551
1416 566
888 1029
1307 1107
1921 1551
853 1865
1812 444
270 1871
1579 475
327 406
1212 1516
424 719
1346 1882
774 1747
1680 614
1901 1304
1555 482
1561 1234
481 659
1550 1455
645 840
764 346
1172 1841
1742 672
522 1342
1384 823
1755 472
1015 331
1248 1560
713 1449
35 693
1584 1760
1660 680
212 507
1923 517
1021 1095
1574 158
550 310
1913 1570
737 797
589 1300
1606 1551
1290 1865
1405 914
1521 1865
1 432
734 162
1287 1124
1760 810
1119 1657
676 255
549 375
291 91
662 958
1568 161
1453 993
1326 145
242 1123
1990 136
1884 1419
284 1200
784 72
638 1565
1916 1044
1932 785
1602 1553
1156 1234
1277 622
410 486
839 1111
1890 903
1143 1157
721 700
1307 511
1477 13
1811 741
566 1828
965 316
1919 481
1066 1227
162 41
953 274
42 531
780 1381
1476 986
1116 97
413 152
286 1950
950 417
1310 1965
226 1479
560 43
9 315
1941 481
1312 772
497 552
1987 383
186 645
617 191
1355 1529
1394 289
1055 1544
499 166
1398 1229
1435 1141
1780 1841
981 695
1278 951
1272 227
1685 1357
1947 1162
276 92
1467 1604
1933 1139
1202 1535
828 1050
1151 1056
1372 1631
1282 883
717 321
115 1956
1314 320
516 1794
1212 1127
1731 17
1276 1415
721 452
871 1998
1353 859
527 130
841 1679
693 1718
1505 880
239 1120
201 1552
1717 1699
24 1283
568 320
793 1836
351 1570
176 1513
1077 321
35 574
1759 1553
1250 791
275 1039
648 327
168 1905
321 1373
890 1958
712 1102
293 1695
364 321
1768 855
1418 1226
1860 1807
212 1569
1249 296
46 904
1376 592
1323 1083
1641 1092
1032 188
552 1958
651 1834
1726 1487
1766 41
545 1678
855 1758
1435 326
854 1202
690 435
999 447
1481 388
315 578
1485 1056
428 1528
1644 111
429 302
344 1062
1266 1253
171 1829
1558 1711
934 1237
1434 133
1307 689
108 1110
19 1827
1505 248
795 1070
1071 1721
633 421
746 140
1705 663
1161 881
1360 446
1200 985
1073 45
1255 829
626 780
1424 165
1255 1446
187 1619
685 688
1792 674
427 64
1243 842
1545 804
604 768
1856 547
1734 1296
629 1395
1715 1768
466 1101
3 993
615 1664
1003 894
140 1274
1987 232
1959 374
582 986
1050 1464
405 1167
74 817
1613 1923
1848 465
324 1105
1859 51
1790 1765
1273 1186
1866 1245
307 1053
1067 1858
888 795
687 895
654 1664
1819 638
221 665
1238 1706
805 1084
1680 844
138 1279
871 1603
87 1072
195 790
1389 1838
642 1867
1650 1789
561 1177
414 1939
1627 1268
533 1043
1843 1810
1516 1902
1476 1989
840 715
88 368
1022 727
1250 938
738 246
1529 225
1509 115
982 1013
16 12
1962 799
590 554
350 1635
212 1716
299 1443
1267 1803
1687 1891
1334 1225
1018 1598
311 1696
440 823
552 1809
1934 1780
1401 8
1936 269
691 1342
734 1940
1834 1658
274 559
1391 1554
1415 1284
132 843
263 143
1946 124
1895 51
1307 522
1478 1805
1812 613
1427 1729
1703 936
947 1931
1397 1907
221 1510
1873 1099
239 109
43 190
441 669
410 1111
1774 1031
1389 1051
1908 61
892 173
1788 731
1804 848
296 1158
47 655
907 358
1015 1497
287 1180
1942 962
1167 1794
351 261
729 91
1757 574
1639 413
353 1889
1254 1989
1152 1674
798 1467
671 1995
1796 1386
1464 263
590 1849
1987 85
465 1708
1482 663
306 1768
804 895
1940 1809
419 1499
1362 1217
552 1028
665 811
1917 381
1903 190
912 712
1354 1177
755 1944
704 1706
1605 1472
1295 899
542 1650
1079 825
512 1569
1379 963
1289 431
1199 1716
1720 901
544 114
689 1151
1446 1923
892 578
1300 553
1662 1081
650 1078
1597 1714
195 1155
1143 1660
442 476
1509 814
1149 1303
142 1813
7 1286
1864 942
1312 1528
851 1597
1004 1421
1868 378
692 767
111 545
1160 265
823 1571
540 1903
39 1136
756 1734
1576 1030
618 1847
512 1964
286 1483
1639 654
1948 337
1736 1399
560 964
1791 467
1828 303
1816 963
1049 763
85 1756
1954 1105
815 1489
1795 79
1940 1068
1410 243
1449 527
1926 1035
77 260
459 949
1400 1711
1594 1631
1294 1377
1813 447
1082 683
1651 1462
1520 916
1619 384
1658 358
1674 1219
723 1086
171 336
1386 101
898 595
466 1931
309 450
1789 1953
1699 393
1169 1142
410 839
486 1754
688 1786
1413 1635
1473 792
297 1563
269 1701
1191 690
1583 1180
368 608
760 1378
1413 1024
900 1781
1027 1038
144 1297
1580 1477
1338 341
257 1238
169 994
1015 951
1660 1281
307 876
1130 1910
477 1264
1664 1920
1653 1146
855 927
622 1022
1803 1727
862 1961
571 1356
1694 72
617 1566
905 1988
627 887
1816 214
571 1001
1468 1625
632 1355
1899 1895
1587 1961
483 1869
1101 1433
785 1995
930 788
1639 1401
835 881
342 1471
1651 651
344 180
1340 1010
609 1656
1107 1001
1951 1202
1220 1096
1143 1761
249 121
64 1991
218 679
1427 706
1300 700
203 1908
1238 1468
1986 1265
216 1821
456 268
1735 57
1629 726
1305 1362
1320 156
453 161
951 422
963 815
1735 1698
1949 1019
1059 569
487 170
1172 888
1280 1102
752 1400
452 126
549 274
223 1257
1330 335
525 687
1632 1035
433 1695
1323 1690
1196 1700
1468 449
1235 54
1129 1759
230 1754
66 1563
306 1034
1228 1813
1786 1755
1087 722
651 118
1294 1260
487 778
1912 1
1658 749
683 281
725 310
1393 1980
821 443
1743 948
1713 65
1737 1650
1019 382
1904 756
1300 79
1996 1244
124 1367
608 407
4 650
1198 1642
1702 1005
92 681
1466 1494
366 1574
1649 303
75 279
760 1261
439 1530
1137 333
1938 1480
1657 1191
1262 392
1299 382
1670 915
787 82
1912 821
1900 1062
625 433
1614 204
1324 1854
1342 435
1130 1277
466 1962
240 657
431 24
622 773
1148 1545
1627 240
357 1492
230 930
894 1669
1544 1692
1857 47
271 1648
1504 1457
151 30
644 730
1998 1060
1209 1720
708 1992
1979 940
1525 414
974 652
1732 684
944 1007
1420 1722
1708 1056
487 55
1393 772
715 272
1176 990
733 1991
886 1591
939 910
258 1951
32 620
1978 1247
1194 718
290 1324
1837 1128
1071 120
1632 1282
1258 1225
1427 1256
654 636
380 1503
1869 1879
1673 948
555 997
631 1174
1553 414
1738 846
568 876
515 295
794 498
1186 944
1038 657
714 1779
74 1829
1112 1732
738 535
648 1811
1107 681
1815 1548
1886 324
307 1482
420 1195
1556 1496
1076 1250
1406 41
452 1604
1959 1049
1457 1561
172 887
1500 1957
1998 860
292 1148
1177 510
1910 1656
1274 1082
1732 1572
1239 264
524 1651
1903 737
1151 588
1410 1824
363 833
1068 112
1790 1977
1245 331
1552 1090
298 956
962 327
482 1821
824 1992
344 1554
1434 745
429 1511
32 383
1390 238
1371 1890
516 1729
1844 535
562 771
686 965
340 1665
1426 1412
1523 1976
1331 1281
213 18
144 519
1745 1147
354 1916
1419 1278
519 1772
187 1167
1939 1227
1190 1891
1292 1901
710 1881
1584 1754
1109 273
353 256
1291 748
1222 528
505 189
1284 115
1872 1126
382 1353
498 1166
811 1603
1021 802
1687 1583
1853 259
31 1332
173 1947
684 822
1117 1629
1587 1727
1954 646
1732 1089
1372 815
1933 316
1573 789
1294 1870
1079 1432
1598 184
754 877
722 1699
761 63
542 1281
1282 1793
987 525
839 548
751 1960
1157 1793
96 1790
1042 1493
1939 1185
908 483
1265 1480
488 1400
1800 301
407 1507
633 358
686 216
1477 51
702 409
220 442
721 1359
1293 833
1400 453
42 601
194 908
1691 895
1310 598
1375 766
553 1287
1874 1559
978 1760
793 304
869 229
1577 1300
1828 200
1563 1369
110 251
1333 927
1860 185
1880 1844
815 1136
1541 1086
1605 1609
1559 1614
377 1131
1965 371
588 1565
1108 832
1536 317
1845 301
464 327
941 971
835 344
747 900
576 1132
355 63
228 311
765 632
1115 1636
1339 969
682 92
1371 344
453 1299
1564 1333
919 270
1338 1851
1276 475
1149 579
660 1498
654 234
1967 1817
1204 31
653 815
745 1302
268 275
985 1831
1508 693
978 616
1847 1944
46 1896
1367 1746
1849 343
876 79
1178 1633
1842 568
1129 841
869 1942
386 1670
1376 938
1659 489
850 449
391 373
832 1035
1880 409
614 441
1315 998
967 1195
535 1529
736 279
1008 1548
436 1069
867 707
1593 1701
874 237
1568 1681
55 430
888 1736
888 1901
1383 92
249 1333
211 906
177 484
396 578
1586 1805
1244 492
1950 1006
603 412
686 359
1592 986
248 1871
714 1912
711 1264
1970 1899
1134 633
1938 1057
1204 1431
1438 1602
373 596
805 1484
773 434
499 1755
166 1342
1702 1113
1312 1008
46 992
1192 582
322 1642
60 952
1494 631
1261 664
581 610
412 1545
1927 121
1032 1150
1164 1343
299 469
1493 1169
1355 1452
1910 1858
792 370
1751 202
391 1126
1573 1810
949 1544
930 448
178 1373
1880 876
704 1513
976 398
1898 1693
1296 849
344 488
620 1793
270 16
37 1803
1782 1083
574 98
443 1516
845 1692
1238 197
379 1022
793 1650
265 688
1142 1106
987 1259
214 1917
1745 151
1231 900
456 1061
1770 1634
1705 1018
1187 1058
834 262
1000 546
1318 252
587 66
1357 602
1624 1187
1313 476
1877 1265
1059 1232
252 774
951 530
787 1013
900 316
1900 1415
877 1882
1189 1268
563 1707
346 1278
1893 602
1072 820
1381 1846
18 307
321 1248
1185 523
1729 118
1588 1983
800 1906
1247 1462
433 35
1002 1556
218 1063
1754 1798
172 328
1991 355
504 392
1839 1667
8 1236
71 1452
501 1573
363 1304
178 1608
261 1676
1086 646
556 373
1740 533
973 1527
1895 1600
1572 1573
66 842
821 1655
270 743
765 1653
327 1086
23 1525
1678 629
1551 745
1865 82
599 678
1459 641
1427 1675
108 1155
1371 1373
1360 934
661 79
366 831
626 1324
315 527
1124 1622
114 191
167 907
460 1943
1970 1694
1350 1424
409 1527
319 92
1193 1115
55 1948
1642 38
780 1093
1665 485
136 1768
678 620
1197 1428
1766 207
1803 83
1127 515
57 835
583 545
1941 193
161 432
1687 957
1602 971
592 124
1032 1257
350 924
387 1938
956 1217
1701 917
1537 92
1144 1862
817 822
1544 2000
1500 1542
1887 983
112 1809
437 724
557 1047
1899 1060
1751 95
1608 471
243 669
1387 840
1336 250
95 121
1679 787
1845 7
1520 1990
1785 958
588 942
1358 1726
1840 649
277 641
1826 340
1314 544
175 38
973 697
1982 600
1505 1227
1662 1255
424 90
1219 613
1019 1719
1832 761
195 1229
493 1188
759 126
1512 1876
1788 277
1011 1071
1149 1389
1299 1962
1654 458
1124 1345
1142 158
1472 438
499 732
1040 1918
526 281
1280 781
1874 660
1250 119
240 704
1842 1471
1370 1136
1178 379
1122 1801
1164 314
1037 4
85 1149
617 1367
103 196
592 1391
1447 1425
737 138
1881 1429
705 1920
1983 81
211 287
1998 528
292 1288
342 927
1714 123
153 410
393 651
531 1389
476 1452
916 1841
976 1004
1056 736
139 1540
1593 1471
747 607
175 926
32 1176
1579 1276
436 670
429 542
1510 248
1794 1721
1019 575
569 764
1452 65
1236 1187
1470 1422
817 1351
177 1457
134 875
1571 26
372 718
1656 1776
1407 934
1137 1158
516 1930
1031 140
1324 410
1927 1550
882 1694
946 720
692 284
985 270
1171 1741
1310 1592
521 172
1399 63
597 409
855 977
311 887
859 1059
1779 362
1668 1921
737 1439
338 706
1885 1118
1381 1595
1109 1180
1216 555
1371 518
676 1661
1928 216
634 607
385 1232
1789 639
687 95
1572 987
765 1175
1270 444
740 1183
1428 1355
297 345
1166 235
283 282
1103 1376
1915 934
1943 1946
1262 707
1472 1
601 1731
939 964
1868 679
863 1521
41 130
823 1614
208 1717
1381 1056
940 1453
1017 277
1907 788
1950 1577
1044 1104
457 484
615 141
1134 903
373 93
1934 1300
723 340
1064 376
771 586
386 1780
494 1549
1085 1124
1845 1028
690 518
363 1038
40 1083
425 1767
1347 888
1296 426
966 874
733 533
1341 14
1206 1800
1441 348
1459 919
108 1001
594 661
913 937
221 1158
1950 335
1590 1860
940 480
1060 1861
1168 1539
634 1829
656 823
364 333
181 964
453 1135
536 237
760 1207
825 1829
1938 1534
1924 1725
547 559
1280 1792
1053 483
794 1280
918 1114
1776 994
155 326
526 891
1942 1097
565 159
383 1940
1257 1427
162 531
457 24
477 1307
615 772
1701 1130
452 1299
140 1869
92 810
1157 972
237 335
498 1489
1567 625
1860 1677
1601 186
1076 188
1514 1345
875 1785
1362 993
1327 365
349 1778
1083 1758
1658 734
1096 1953
335 1923
1871 864
458 1714
1054 638
335 484
1156 1947
639 362
655 1745
512 1345
132 1549
1986 1597
843 441
1506 435
97 151
1024 1432
1111 744
1706 472
362 341
706 950
733 354
643 6
1328 782
1805 276
1590 894
1305 1587
527 696
195 1443
1198 839
442 316
919 1826
407 526
15 875
1281 521
5 1845
1034 835
1158 901
24 660
1419 903
1112 179
1889 333
499 1807
339 394
287 142
5 1534
129 88
1455 1495
975 281
1849 1304
226 9
1881 1263
1380 1250
179 1919
861 1587
349 991
847 1600
637 1514
266 437
584 392
1393 1533
254 580
715 1490
1790 1895
955 547
224 535
171 112
634 1262
284 305
1598 1390
1139 71
203 931
131 1970
1618 491
454 624
1397 1048
1673 1274
1583 859
1092 966
1887 1201
827 1127
1752 88
1698 34
372 1060
245 1362
358 1107
492 225
1861 935
1762 1472
201 561
351 1256
1236 1007
81 1051
1275 67
1646 182
1704 1369
1791 1419
1332 900
1429 1340
359 365
1588 235
887 270
744 552
172 1073
946 1464
105 1106
1795 1255
1175 973
1082 209
252 1509
575 637
543 1703
755 1285
1640 297
1626 967
556 1118
1972 360
91 1940
489 87
803 1947
1891 120
1379 300
422 1291
1447 1198
874 300
49 177
145 630
537 660
721 1211
1883 1917
119 1252
696 1075
1940 1960
170 1318
1364 446
1440 1414
1138 1459
142 1152
626 671
492 1385
1825 1217
1649 617
1654 1590
1543 571
257 1755
932 689
1854 648
992 396
526 1493
1672 1243
420 1024
1729 1570
205 66
199 1162
1609 84
943 1204
962 747
673 912
712 106
433 1663
343 212
237 945
224 181
1733 251
1380 1301
1348 31
444 1113
963 59
211 958
430 1436
912 1515
1126 924
8 736
635 979
160 811
1573 328
1112 774
284 388
655 183
330 582
1088 786
171 1622
719 1340
777 29
1670 1490
1865 638
966 1595
1338 795
1411 498
322 1934
1233 132
152 1161
1643 1969
82 1250
1034 397
666 1971
1798 1729
328 1004
89 6
1470 74
1788 193
633 577
838 656
1951 1969
533 1818
1977 1555
28 214
465 18
106 1422
1875 1196
1102 640
1254 1487
798 1101
1224 782
752 1867
159 1789
1104 292
73 1704
1418 1126
1399 375
779 928
48 1718
299 1178
1242 446
1115 676
730 1738
158 1107
1071 795
1848 905
949 1473
1119 229
552 117
349 417
386 173
132 1497
669 1262
1649 838
1082 813
363 1497
1121 769
1960 1615
1723 475
789 473
1107 338
1898 715
1750 696
1681 103
139 1992
104 1419
1902 999
969 1929
657 1727
1565 749
1897 1061
922 301
1351 1288
1166 1608
1968 65
1265 1459
936 1389
1900 1438
308 1496
1272 369
813 69
82 465
559 545
1578 539
1887 1559
679 1564
1836 1367
1767 253
1073 465
1695 1436
395 325
141 857
1967 636
166 1268
579 297
1433 892
1515 597
1815 1772
1356 727
950 384
1284 1440
553 1466
859 329
1874 91
1994 525
1136 797
412 1731
1196 63
1037 1277
59 1438
767 1258
1228 1640
892 1644
861 1821
538 1312
847 1374
1848 613
524 1875
748 709
1707 1754
729 1467
1852 897
1912 1900
1054 71
542 379
104 259
1838 1267
535 982
1819 1145
759 1832
1400 1169
1307 1249
1735 1562
214 1867
606 473
5 1003
1012 784
276 1370
442 1102
507 1368
569 1733
57 1433
1783 327
1680 1435
900 1795
409 1832
1048 1301
1534 1016
1836 578
1250 1427
1476 1969
1739 864
713 1783
1545 80
1748 1577
166 539
1607 790
1067 317
286 748
325 138
989 1971
676 1089
1864 44
975 192
800 1868
1348 1050
1610 560
274 1055
1934 1608
1576 1944
1827 1484
1696 1279
31 201
658 613
861 106
1947 19
1400 484
693 1773
259 1586
504 1773
266 858
305 176
1400 339
425 1979
1644 78
242 1337
755 1711
708 370
1319 786
1107 1912
1125 719
1953 1980
461 958
1971 439
177 335
1800 525
336 296
428 344
142 1434
1517 368
1585 410
460 1865
1642 1545
688 44
446 1804
1924 1033
492 570
60 1250
1964 177
1529 1034
1526 1986
518 1895
1367 74
1664 1689
1616 606
496 878
1962 1638
73 1226
1599 1371
1937 981
352 1311
1719 262
1903 33
1795 718
1689 343
1267 383
1 1430
1947 923
1417 948
963 1418
717 771
1972 1534
1437 1790
305 1080
1968 1749
423 1340
1901 1334
1428 1975
676 1724
1838 1150
879 1993
687 796
1478 633
302 506
1155 1574
1859 71
1233 494
456 1178
96 1249
1060 1385
781 376
1618 1199
1890 456
1636 36
1357 517
239 778
642 1834
1963 1984
460 721
907 1062
1350 1750
619 856
1315 1189
732 665
568 746
536 1204
1285 1865
1981 1596
884 588
1550 255
1677 501
1776 318
173 1068
35 328
480 137
1254 1265
1116 934
352 1903
514 230
1928 139
1014 485
901 221
1994 175
1247 1517
659 908
1816 855
382 115
1304 1131
1037 1695
80 1485
520 570
474 1318
1 251
119 1950
1310 1512
1700 364
353 388
30 1554
1764 875
614 1796
1347 569
51 922
657 1953
881 927
875 1864
152 23
1510 54
392 518
726 1537
214 469
1870 1312
314 1967
1143 880
1346 1426
1198 371
1680 414
1975 73
177 1466
1656 1729
188 1895
1052 972
627 1130
1166 522
467 936
1135 909
1596 753
1582 324
630 847
1384 383
872 19
407 245
618 571
1317 789
964 451
1805 651
1914 947
293 701
480 1436
1207 1947
1148 383
1222 914
890 603
583 716
1563 1010
1927 1817
78 1068
387 1993
1754 843
1537 999
1959 392
490 605
98 1833
1721 243
8 1980
1790 1459
1347 433
1852 1330
450 541
804 644
671 1282
1416 118
1460 1611
1042 240
1150 1169
1685 618
177 1356
1586 1013
1012 622
461 1312
1939 1567
1187 1794
548 1736
1502 1725
653 846
100 1315
1223 977
1407 1632
1582 1468
1359 1019
794 251
646 1128
118 667
141 58
427 1186
17 1406
1543 1159
1774 131
950 1298
1018 112
448 1310
1847 1549
742 1616
677 1847
129 409
1999 1099
1881 851
1828 334
1846 1043
1302 125
1196 1552
737 221
1256 827
260 1844
651 1649
1940 1475
1608 1599
810 1042
259 1320
377 1147
1871 1842
104 1126
967 1340
455 1640
789 120
1220 444
1863 730
1111 1297
980 789
881 532
733 555
664 206
422 706
316 1345
1053 1176
1206 1862
207 1927
76 1941
1565 1489
163 546
1982 1039
1761 856
908 1036
488 489
1159 1733
787 1613
435 597
439 1350
1873 1215
121 1481
1186 49
379 1
750 112
808 791
100 1281
1503 1835
1190 1688
35 998
1171 1568
677 1699
1842 1815
645 1737
636 222
768 1876
1487 1439
274 401
1436 175
652 766
1295 100
1613 41
767 1589
1853 538
31 1087
571 1014
755 1491
695 964
552 1390
38 457
1752 1632
1327 439
1371 871
677 1970
621 176
697 544
1917 1225
1633 1371
1651 616
508 946
1506 393
1054 1155
902 1180
23 93
634 60
1208 259
1579 1812
839 799
1194 314
1125 1046
1963 1401
189 1498
1510 592
1150 699
1996 379
1265 1735
769 1294
679 775
328 1625
1345 728
561 329
1038 741
983 534
360 1226
1672 383
1245 945
1974 1692
1095 413
233 185
159 193
532 1401
237 1037
518 1340
1436 983
1330 366
876 1080
730 1214
2 1379
225 574
1195 1730
910 785
1998 816
1362 1794
1677 890
697 1688
1126 95
484 727
778 143
84 1930
469 1744
1580 432
476 1228
164 1310
1923 227
542 207
104 983
1100 717
892 1660
915 1975
150 1252
1195 1300
650 212
1187 775
87 359
1119 1783
1657 445
1092 904
1560 346
1046 1253
714 1394
655 1860
181 799
591 804
1698 504
296 1883
967 1166
1938 1579
1557 435
1215 1807
637 1483
798 529
1317 527
992 1374
1411 1530
71 1917
1127 916
1423 1691
445 124
1356 1678
1694 278
1129 560
133 463
652 625
357 1525
502 230
1835 1592
433 429
582 1434
483 1559
1594 637
57 1609
879 1437
386 108
259 134
1898 1175
174 1743
1591 1880
1121 578
747 1543
455 1230
1669 615
588 513
1486 309
1960 361
1743 1638
1655 954
740 1535
901 1405
1590 771
1099 868
820 1859
1837 558
251 658
1781 808
714 1633
414 339
485 1537
1836 1046
1306 57
1200 524
803 1423
42 1118
37 681
1172 674
201 503
1584 1494
918 818
872 636
279 780
1335 39
1192 335
1411 751
168 663
539 1464
9 405
1224 1888
124 328
622 1595
1959 1086
1620 1798
1489 268
485 1403
225 715
797 325
1295 1530
1376 1974
1064 1688
785 937
723 1233
1184 1357
243 283
1513 1867
1753 1257
65 952
1111 1599
1838 1330
693 1637
182 1573
1088 812
1895 1011
258 1101
576 1264
1206 1576
1738 1978
1030 1431
289 799
87 504
1618 404
608 1729
933 1316
1346 1907
304 1086
1869 101
1318 501
142 70
647 1247
1553 1900
239 1347
333 1001
407 358
100 1012
1811 340
1042 1045
951 869
1767 1071
1158 285
1854 1614
1864 1302
1112 603
134 885
299 1651
1370 927
1177 123
1335 1199
275 1389
551 1788
459 812
73 574
1136 1444
989 1780
41 156
1921 785
408 697
525 1906
218 812
737 756
1758 355
32 1227
734 203
1089 456
1732 1398
1151 286
363 1555
1831 578
1499 1277
644 1354
1086 399
491 1518
1644 397
1720 453
816 1847
1245 374
1517 1521
362 117
465 244
1492 1541
25 67
265 1708
1650 1415
1872 1131
1710 1875
1546 1232
581 1405
1353 1834
1024 300
757 1710
1463 816
1204 838
1116 410
895 1205
680 1774
989 636
629 533
1164 768
1058 287
943 1795
1425 1024
1097 355
945 766
251 851
237 860
735 1773
440 386
560 1711
1085 1801
1108 613
320 680
1242 1747
1659 1294
437 475
1968 105
1516 442
1271 1896
1721 1959
490 1179
35 1850
1663 1247
1453 1536
1421 822
1248 1402
1801 936
1543 321
330 691
145 1697
808 961
1757 1463
523 596
429 701
1611 1077
489 1490
1798 15
1713 1841
1858 826
456 1497
991 203
599 1866
389 907
1756 1693
1069 1234
928 1448
1583 1756
561 1531
107 1869
1407 1468
252 914
1857 355
1345 183
1665 1636
1995 221
125 1825
586 309
106 1339
510 1765
1482 1360
187 706
1109 71
67 888
596 973
1065 417
325 176
868 938
1305 1490
590 1348
896 259
560 1335
186 1378
59 1744
797 1346
1740 254
1814 605
659 1229
179 919
274 1237
657 1040
165 744
1696 124
575 861
815 1826
1479 763
217 479
420 670
879 1195
1732 1529
1663 343
1986 1360
164 1831
58 302
1806 1535
1719 218
139 1855
1884 1591
1420 1958
397 1531
1568 1712
1252 1465
1125 693
189 1145
1074 245
922 326
1584 356
447 289
707 1304
507 1562
1466 379
943 1570
612 1179
82 378
135 388
1431 1388
56 1397
1862 1616
1110 1301
1223 1038
1516 1044
1299 966
1894 356
141 900
114 493
1062 1472
480 560
1995 974
597 1035
1153 29
233 792
106 1558
768 61
1123 795
992 1911
1914 1266
1803 455
521 475
78 400
550 1716
1976 1937
1774 702
401 469
1641 1003
398 1583
1733 1819
331 1656
1253 1729
1493 1202
1726 684
552 1186
596 863
1366 335
709 1240
1368 1028
1442 279
160 11
1391 234
88 1476
1679 1007
563 447
284 164
1852 1521
793 1860
1561 1988
1785 978
535 573
1199 1546
1953 114
1238 228
68 1515
1685 427
638 280
235 879
525 1014
1710 854
801 1922
43 612
541 509
351 121
1876 1463
536 739
1737 997
619 914
870 1530
1781 728
231 1588
368 1606
199 750
542 1682
1495 1142
510 1936
971 1774
812 1706
261 956
869 1027
1976 777
191 1003
180 1036
1526 605
1284 840
1747 1434
666 483
1368 1178
1533 1665
1247 1431
1069 607
988 1574
1754 1817
1569 639
605 865
621 1668
1214 1207
1450 1149
709 1973
1718 1035
1386 1568
1958 538
1520 754
1467 989
143 1435
976 592
1093 139
355 1089
1301 1922
1282 458
1556 203
1328 276
1805 1822
1678 596
1351 1064
1904 935
253 391
1270 1432
1710 101
1604 424
1717 855
229 1117
1318 1794
1135 1458
623 1678
3 923
725 910
1568 588
932 772
1112 1028
1747 1888
1628 84
120 1698
194 249
88 620
1063 1963
1144 1685
346 940
830 474
673 13
1192 1035
1396 1483
705 65
237 70
244 1510
1094 1978
1797 213
303 1659
1341 1575
1638 1799
1087 7
1016 1150
1613 1807
190 855
345 1786
1783 655
1435 735
1626 198
1075 628
1739 1581
1510 1976
1905 261
342 1305
1711 579
277 674
775 1255
443 646
482 224
122 94
500 1897
892 571
493 544
461 1302
1293 503
1166 127
283 366
50 431
36 878
933 504
866 180
700 469
1844 1706
1862 599
1052 1806
838 47
932 1948
79 953
1352 1899
134 1226
238 1818
551 1823
833 1290
756 1775
1515 102
1065 155
498 1614
1411 1771
1076 573
744 1086
1563 1809
1768 1073
1406 1359
1786 166
1899 141
564 940
324 101
1645 1286
280 963
983 997
854 957
1518 1428
1958 657
1928 1476
1591 785
708 18
79 822
1049 122
1194 1141
650 407
541 1530
447 95
534 621
1039 960
1078 110
1864 15
505 729
1534 463
144 1322
533 1692
1031 237
907 1175
1792 939
1942 1501
1635 1885
434 479
583 1302
346 819
459 112
629 1140
1314 1417
844 626
48 1636
161 750
811 372
1701 827
357 1078
433 750
472 116
864 1206
1486 959
1454 1925
681 493
356 558
96 617
1410 1527
61 1735
697 750
1195 1819
879 1746
423 1052
26 454
727 1202
1905 434
1354 648
215 1950
72 664
127 242
1414 1081
595 1572
1916 278
1531 880
1368 49
228 1911
1706 52
1872 852
1397 871
1023 1760
1628 1495
1074 1674
1325 1206
182 468
417 813
1523 1093
207 1852
633 955
1629 717
1901 360
725 1931
1121 975
1124 1515
914 586
257 885
1550 31
141 475
334 275
667 1387
1528 1382
1049 1198
219 1323
1356 1109
604 274
27 697
717 1549
1487 89
1330 164
1130 535
712 915
585 491
343 495
1344 1444
1892 1826
654 582
225 500
497 1391
444 850
815 1357
767 1384
472 1351
197 614
1966 1988
1435 376
1848 995
1241 1889
1518 1571
729 1077
1195 524
1089 1025
588 1992
683 304
1013 1113
5 1988
1536 576
1294 880
999 1242
1653 1689
1688 955
1501 924
1568 1105
576 1855
1473 1063
871 712
214 181
880 1125
1378 1276
1678 1157
334 1470
22 1228
294 1569
389 71
156 374
1604 1913
1691 1374
1063 848
1011 618
296 1925
619 1389
118 1876
1908 1687
1744 400
840 1602
402 101
1070 1016
519 1554
155 295
7 1342
1349 1871
1769 1624
1134 1062
1766 912
1861 1160
1072 748
78 881
1076 1592
1690 1120
1337 248
1930 1587
1803 1283
237 304
73 1367
1510 1033
984 600
1134 1717
1006 1220
1295 179
1124 1476
1062 154
285 730
1689 1020
1267 744
1966 828
1214 33
1698 1278
557 1378
1800 476
70 995
1156 122
1799 1680
955 1798
349 184
1128 433
1125 1956
393 1094
1884 792
72 515
821 730
224 334
1808 1480
263 1785
1206 915
1743 1704
1200 1388
189 1317
922 50
1883 1729
638 448
1173 1467
195 1408
54 1477
1198 870
1915 720
167 1246
688 1295
561 1559
1993 1007
1285 1502
776 1102
333 1879
794 411
499 403
1080 1180
1755 1208
579 1207
983 1021
1868 633
367 431
1135 1172
1611 1825
79 1768
351 1898
28 1338
9 1958
158 80
768 865
1914 1454
590 944
1676 155
353 1399
1254 491
339 1988
636 1590
1966 180
1457 1776
1934 1090
331 1164
204 1942
1544 1432
1668 1478
271 884
1029 1036
755 17
204 313
810 1330
683 1984
377 859
616 1533
1151 599
994 514
1488 1933
1933 1419
955 576
849 69
1386 868
1111 1649
1914 1475
468 1217
358 315
129 132
1939 631
802 324
456 1304
1954 1257
1717 310
1812 1794
1901 1381
1068 406
216 945
453 1205
1677 1876
1844 1049
301 1877
619 742
764 261
1193 539
1444 1225
471 945
932 1445
1550 633
26 1365
1257 668
600 1721
805 470
1727 35
1584 307
1469 815
558 758
1918 986
1923 726
1316 1170
590 1159
99 1640
617 1823
1302 894
582 1487
1101 629
1754 1621
940 547
8 1554
702 1664
1576 1665
250 323
160 1575
146 1542
349 13
1859 550
494 1102
1202 799
1421 511
1460 411
977 457
294 1853
662 1005
1453 942
902 1980
1420 1637
217 1024
415 55
182 326
1452 1174
1590 980
731 1374
1005 952
1244 9
1484 775
1145 121
509 299
1343 1228
1592 696
1276 1185
1737 1457
799 98
1441 509
1924 671
453 418
845 992
188 1509
333 204
1496 1856
799 1735
1684 1827
231 749
678 1972
756 1864
1476 917
1847 166
768 1020
1687 676
1914 1333
71 1045
1418 1898
1148 1021
742 842
641 1999
1835 759
1519 134
931 489
401 662
508 1699
1821 952
1108 559
1595 1859
797 272
905 1530
1827 1871
875 1348
303 1975
20 1635
1140 248
1638 75
77 954
151 663
232 1673
1573 1780
501 1144
893 312
305 1847
273 749
1912 1792
1566 775
1753 1340
367 977
1326 1468
1808 459
65 835
337 742
676 1957
662 1264
535 866
443 1096
443 1354
687 551
874 1146
101 1558
1443 763
131 505
25 1182
1383 1199
1666 715
126 854
951 1071
336 1300
1073 1741
641 919
852 964
174 680
409 1980
1781 1433
1045 623
21 1047
939 636
812 774
1614 463
1621 433
865 416
1381 1640
1275 253
1937 402
9 576
855 1297
325 230
1835 383
1254 789
1090 810
705 328
800 1744
931 666
1966 598
278 23
815 1908
1668 36
949 1314
1246 72
1516 17
19 889
741 896
1241 328
1167 624
1570 347
1139 642
34 1494
1005 291
1088 68
1895 331
1609 295
265 1543
235 1809
359 1999
683 124
202 902
1643 131
22 1765
1788 1896
686 332
1041 1987
142 1518
414 115
914 1067
384 34
1110 1251
1970 1856
368 280
1956 435
402 698
1437 994
1211 1545
237 68
221 863
685 1506
406 1165
1694 1358
339 1242
103 825
438 1810
772 534
938 314
408 1313
495 1715
1369 758
1422 1640
543 641
1548 474
1253 44
1936 1352
1885 1899
130 751
285 1814
1958 1197
1764 1684
1008 1389
1605 680
828 1496
1326 1355
1760 1531
824 1735
1079 529
1282 821
1931 266
1771 1053
1328 1627
131 1673
617 1357
562 1183
807 1431
493 737
152 1139
246 59
961 1591
1392 765
57 1466
489 1506
827 682
1536 400
647 1535
633 751
1530 359
118 263
227 346
997 1826
1924 253
1875 957
1011 722
440 948
597 631
925 950
1465 1165
1522 594
1918 1228
318 1345
212 204
1542 614
491 895
200 1376
117 201
85 1247
744 1405
111 1978
198 1622
1599 736
520 942
465 745
963 1654
603 911
236 600
1126 473
1308 1550
976 1071
1591 1485
469 1362
342 1984
607 1964
312 1683
58 507
1771 1957
369 1226
1916 842
457 877
1902 781
1743 267
457 1291
1388 698
461 95
1390 764
540 1019
57 306
308 1282
479 527
871 1337
728 1081
764 1997
926 458
15 745
1924 885
1691 898
760 1418
1698 1658
1403 736
725 980
1956 294
637 40
492 537
932 974
1435 1496
1384 1747
480 901
134 376
28 1691
1349 1691
798 915
233 691
865 1090
1310 1882
1254 1800
996 104
46 1523
463 1141
16 1218
1542 1877
161 431
573 1582
735 397
1717 113
1380 1570
1094 1904
1461 19
1479 1326
91 987
988 1355
1271 1928
957 30
160 80
1917 470
215 570
1926 214
1525 753
1361 880
1687 1689
1456 726
1273 1116
496 1996
1421 534
1785 1108
1725 1736
1833 1154
1965 1241
789 1948
277 872
966 1804
1724 1132
50 485
527 853
1046 751
529 1780
1159 1092
642 1805
776 359
1078 1084
1610 1238
446 935
732 632
1963 394
24 1456
61 1672
1382 1766
1772 474
1967 1566
28 515
1997 407
720 1071
189 1561
865 202
521 1414
1842 1428
1483 1418
1335 421
431 1591
340 74
1010 856
1249 1520
1148 1046
1609 540
244 32
154 200
463 326
1913 502
1455 1594
956 453
1126 1833
1094 103
1991 1775
52 1794
822 314
1728 45
1703 174
1640 745
526 1053
8 1192
741 698
1903 900
1119 1941
1831 1239
1100 1315
1799 585
1928 526
1456 1208
1146 1761
1111 1213
1413 209
1688 762
378 843
1510 209
1992 336
1724 1919
1696 216
1028 67
1023 850
1286 326
262 926
195 457
1262 1813
167 23
870 1618
428 1778
713 661
1105 139
1582 359
1896 682
53 1896
206 1190
208 987
81 355
809 944
870 1399
1545 531
1769 1160
823 1529
406 919
615 1915
1761 1585
585 1852
1116 1469
1256 39
59 1221
1221 1367
1283 965
375 359
520 460
1327 451
868 292
338 731
1848 282
651 1302
393 490
949 1801
61 1712
423 1110
65 418
390 1481
1079 895
1711 542
722 1284
1855 1775
1365 94
1259 567
175 146
929 1245
929 1418
1819 905
1125 1154
1662 1147
1198 1290
1738 555
1039 1794
1592 1873
1742 1479
1823 854
596 60
1862 760
460 875
746 672
838 80
245 380
319 1733
144 1751
1045 1699
233 1712
1967 196
1236 50
332 1084
724 782
1058 1274
604 292
16 197
514 92
717 1603
605 186
484 506
818 454
124 577
44 433
218 1318
1881 1289
947 497
1387 1892
582 390
1265 1630
91 441
1839 1408
1150 1046
1993 4
192 1828
621 777
1481 888
1143 1353
1640 1231
476 1368
1489 866
574 1269
1718 438
1658 550
1600 273
1568 1067
1819 1585
523 210
1946 818
500 1425
1996 1135
880 1119
304 1335
841 1040
1389 1362
1041 205
347 415
1269 908
1350 1171
414 1359
1320 1986
144 1375
1889 1559
1896 277
1988 205
632 686
15 794
1635 1968
858 1968
1545 408
621 1675
562 133
823 1394
5 1397
791 580
1369 1587
798 1376
1749 1561
712 1749
1872 1410
237 358
888 481
99 1961
371 1932
186 1252
1537 861
1519 737
1247 1952
412 358
1207 1817
677 318
864 1819
917 783
1601 1366
38 488
497 1610
1152 1880
1700 1166
1170 497
250 130
1998 1179
771 326
1928 1585
556 1276
224 1917
178 118
1499 1524
969 321
1764 424
588 685
1568 403
1895 1138
1760 530
1905 1922
157 940
816 1056
987 869
1358 788
70 1918
290 1499
761 1916
848 1361
138 1963
11 683
507 1176
1597 1929
417 752
1570 1010
788 993
456 330
1357 1232
22 41
1825 518
1131 251
1629 536
1694 980
264 1905
1891 476
1749 1619
1984 481
1269 153
1735 1632
1642 1457
441 1855
302 1336
1635 776
1603 1266
896 352
1437 1326
120 149
812 247
1780 1978
1529 259
1455 1342
1425 1279
251 618
585 350
1687 463
1334 1949
438 1606
1069 1012
1037 1962
179 1894
1101 1571
912 1545
822 12
1009 1547
628 203
243 367
1753 736
1260 1220
1283 1415
1525 1240
609 546
1753 1149
1679 1389
1111 1611
1593 1208
892 1667
1751 1138
553 1685
544 606
1293 1375
1282 1220
1514 31
1067 266
846 50
1387 1823
1737 1168
149 1697
599 1629
1498 386
9 1568
1742 1953
1408 416
787 1783
1661 47
1234 949
1774 374
86 183
88 1468
1269 1398
1709 761
1202 72
311 1676
833 210
120 1037
173 1149
74 278
1197 1034
71 1890
60 325
943 386
1406 68
364 83
200 230
546 1039
1189 375
1007 1452
1398 1659
45 697
1064 1023
324 1648
822 787
1391 742
1163 1013
1400 1163
1421 437
464 1191
747 1764
785 1228
662 827
44 518
247 1033
355 1759
196 729
69 85
341 1936
415 121
606 900
1671 1174
348 908
964 1983
304 298
1408 1070
163 97
1159 551
1756 609
164 1483
107 716
1191 105
972 1352
1571 1548
1642 1316
467 1392
1172 577
628 1863
365 1649
1451 1530
1144 888
81 186
869 1565
1153 276
717 365
1602 1737
996 420
744 1865
894 351
1051 1246
311 1345
1535 967
1357 1654
1555 1970
1959 576
128 435
882 142
755 164
1417 617
1936 1431
796 1806
690 777
1283 1136
178 1141
1799 40
1167 1922
639 915
1245 1610
1194 1304
227 1687
919 1855
101 1756
966 1744
1671 387
1673 1870
1219 448
871 1869
262 1535
1041 1044
640 50
1642 30
1396 744
1071 580
1472 1160
1276 390
746 1161
997 1635
1495 740
1557 345
801 472
144 581
805 1644
1843 1540
1567 247
960 295
727 1788
1322 1390
1670 1591
434 178
1451 1775
812 1443
830 812
1847 1093
191 786
768 1049
268 857
103 1478
1302 1966
205 838
1609 1360
212 1958
48 1679
1207 1127
1726 45
1007 1329
1145 740
497 1916
1096 1184
640 1394
912 247
1020 1160
1283 392
1214 1468
849 1136
1972 484
192 285
1467 724
312 1874
1909 1435
754 943
289 1685
1035 1180
139 1955
853 969
1448 231
1360 1299
1971 213
1478 1555
1318 1571
1116 1740
1311 1672
654 645
1798 870
1586 1880
1233 1408
1484 876
827 83
22 307
130 448
428 254
264 1127
1811 749
474 332
1963 998
1716 694
1004 1964
840 85
1942 48
93 1355
365 1766
1324 255
551 1381
42 539
946 1141
1464 1246
39 250
703 851
1505 1303
251 880
1136 758
784 1920
799 1130
1040 726
1468 685
518 108
1919 1921
1454 616
525 1408
537 1543
1355 1521
677 709
949 1561
263 1265
1947 825
222 1878
836 1850
1133 1596
616 1693
1406 1181
197 1888
766 1683
722 749
1903 1869
747 1090
37 1880
171 1754
1056 1680
1365 906
1531 510
544 356
249 482
726 92
327 3
163 1122
152 1085
795 853
1915 1720
541 329
1777 331
1653 1135
232 142
536 631
61 36
926 1144
1154 775
1908 1082
1045 954
515 707
441 1382
1628 725
1264 320
1614 1632
1545 63
1469 15
1437 1797
81 1316
173 460
1962 912
1030 1984
1254 1022
1097 1585
230 278
470 1505
105 1363
59 154
1398 1869
465 679
1532 1335
31 208
1283 117
1214 1323
818 518
651 463
1114 1939
1968 1667
1576 1057
639 1948
312 1757
1658 84
37 720
556 448
1326 36
549 1817
694 338
362 987
1655 609
1492 1711
1365 1191
1383 98
1865 231
998 196
341 719
647 57
1498 619
1027 423
1723 1602
239 1669
1612 318
1052 786
1781 1537
88 1125
1112 1944
1363 492
194 837
1095 989
837 1021
325 378
971 519
240 1547
101 1908
1178 987
226 594
1399 1387
1203 1412
1479 1879
1888 140
1906 1917
1450 443
1726 77
1175 1850
1399 972
117 1004
525 1333
1959 366
1061 1287
1521 838
552 1153
829 671
723 1412
1758 1212
1481 1284
305 1047
824 1
1488 24
1057 1793
1013 1619
1074 941
752 119
1997 153
1928 480
881 193
902 1475
888 803
740 268
456 975
544 511
1902 110
1775 996
1685 460
1155 1585
415 576
1360 1905
917 846
1678 1727
334 944
559 1557
1281 1807
94 1788
1606 1362
1167 403
1237 70
1677 1193
559 174
15 1420
896 950
17 179
1767 890
1110 1627
1949 745
1363 1380
409 313
1670 1817
503 885
1022 735
1981 184
346 1200
1165 1348
1847 1875
671 710
1887 335
975 124
786 1279
218 1049
112 556
1751 1392
1719 1546
504 454
430 946
1336 1445
1947 135
1605 1755
981 1233
1442 581
1061 317
368 251
104 650
1001 156
72 1716
32 1099
362 846
738 1720
761 1320
1517 827
249 1148
1535 424
417 172
809 1250
1931 1629
1276 1300
1046 1992
269 1832
1749 1031
1419 426
1059 1923
907 670
713 707
1526 11
1292 1503
1225 1796
321 298
289 1632
14 1911
604 915
1856 1462
830 501
590 1047
887 1544
1021 1654
1574 197
1489 204
1601 198
945 1966
317 1627
894 1435
285 977
203 1143
123 1812
1786 1345
1953 686
1454 1817
836 1040
513 1235
1481 1457
935 1372
842 1405
1965 927
756 259
1233 1129
1326 1067
630 1930
849 577
779 1271
312 1403
143 725
752 1595
145 1908
701 203
1199 1724
295 1470
634 158
101 1403
1081 853
1226 1366
481 914
1823 1319
373 91
1258 967
87 1373
1549 1533
1484 389
342 1218
1343 578
1360 1774
1440 803
174 23
10 1052
1688 1938
1135 1772
1712 1035
40 1644
1080 1957
637 896
840 638
750 1249
1250 57
1838 388
1395 1024
833 1259
325 1339
1683 1727
1388 207
16 255
103 1889
1856 153
920 421
1388 1714
1261 1212
1369 1550
797 1037
271 1178
520 654
1327 653
45 141
1991 1690
391 929
1816 1446
1394 878
284 1103
437 1891
1382 1573
1686 959
1227 1926
30 1958
1002 965
457 718
1273 708
277 1851
1124 750
217 570
929 1608
1692 1531
267 1615
1492 1989
1625 1928
1606 1822
1593 918
249 1929
567 1971
1729 171
1466 52
435 1328
1699 1834
149 482
1915 1107
725 1183
1288 1435
347 425
1656 1845
1952 866
1908 1635
896 1556
1105 62
1430 1701
79 1387
662 5
1702 1421
713 1253
1462 1738
510 1325
240 305
293 265
353 1782
793 1873
1116 1341
1425 576
1777 743
1192 1365
124 1923
1021 1419
412 1877
237 412
889 1897
285 550
1064 1091
1267 636
317 117
1559 1071
1216 617
1013 794
1753 1846
1605 1341
1223 1359
1612 207
1863 1653
639 423
1121 684
1838 1913
754 635
849 929
298 1977
846 1051
1328 1334
500 1747
1964 1891
295 852
777 1197
424 131
1823 1192
639 1904
453 321
68 1806
202 280
1749 4
688 1203
1488 1340
1138 1227
598 929
801 1012
86 1918
656 472
1767 608
932 1830
649 1140
1838 172
499 487
598 1073
1919 805
1977 1062
912 1906
1338 616
822 277
1303 186
1527 1100
1877 650
632 1931
67 696
431 1303
1621 1472
368 1158
553 1557
157 1853
1612 1213
1348 1676
514 1612
1200 741
1323 1682
1256 847
705 1247
1627 832
225 533
1515 825
1366 1528
875 575
1940 1471
1732 1256
790 1360
1112 497
1587 642
1917 663
280 173
393 882
1871 1966
1566 524
1289 1492
941 729
1736 1199
1268 151
747 662
1246 1384
164 922
1086 1425
535 1141
606 1247
76 382
171 1966
1558 355
1005 311
454 711
1673 1167
1553 673
1138 1875
1473 1357
1855 308
326 1841
919 760
1472 1527
333 587
1755 1972
1426 1888
1137 1533
1412 943
1730 1982
990 695
873 836
743 805
1829 1850
35 890
1486 1872
477 1373
1109 1882
492 1056
1542 480
786 113
1429 745
1747 1890
550 1986
1934 334
1422 98
1295 144
140 438
1376 1180
440 1512
1786 603
1802 708
1910 1389
977 1095
1740 1868
905 534
1998 1068
575 1187
1308 140
1605 1186
923 214
393 1127
1151 508
1167 379
557 223
824 1341
701 981
924 742
694 1670
979 629
1657 1308
258 958
410 289
1117 1770
769 1714
1712 918
22 498
1149 1081
741 1820
1299 1790
605 27
1894 521
646 954
188 1393
795 732
1352 416
160 799
1762 247
1659 1496
238 1743
1160 551
1861 225
957 783
28 1305
1322 1037
445 1243
1886 332
1417 547
823 1002
1284 648
553 1666
560 226
1425 1186
412 1339
910 1070
1768 1798
147 490
1754 1369
1055 92
1514 254
1853 1427
1020 1591
356 99
148 1634
469 1868
1467 413
1340 1925
102 1254
1591 92
1259 1759
395 1589
1100 601
1540 782
171 1859
807 101
878 1967
1434 753
1206 1601
1820 1255
643 697
751 824
1657 1585
1378 1042
1622 1265
1438 808
1305 1821
527 459
566 615
1048 226
1502 1171
442 909
1276 88
137 1837
801 278
1320 1762
1025 205
1836 282
1142 1585
1755 490
579 905
1430 1002
1621 461
629 1839
798 1024
318 1614
615 1228
124 1705
585 1417
386 1046
571 1130
1881 161
684 1483
85 1510
1479 1844
1032 99
1182 1077
588 281
1555 145
1549 1040
160 1606
1480 656
1087 1912
1926 728
847 275
1903 1530
1651 873
736 404
860 1450
1568 115
1453 911
722 1691
374 1198
62 828
980 295
1245 365
657 268
1390 1902
839 540
934 1036
290 1723
517 894
1902 1201
1166 447
1480 642
195 1770
339 1293
413 143
933 1592
213 1629
1931 1505
1200 1397
1155 841
1363 1756
732 102
239 1978
1375 668
1977 824
266 1898
1299 804
971 1115
1072 1678
427 1017
401 338
1817 976
503 253
240 1866
1948 754
350 1079
67 1803
1369 1261
325 1103
622 431
1759 1050
1676 1616
539 905
1934 1192
230 1476
1652 3
1998 51
1573 1685
1421 1384
525 1689
1713 374
363 690
570 812
81 1817
1753 1309
425 283
97 1238
1421 781
1227 578
1372 1641
1446 672
1081 1644
1213 683
1179 961
1895 639
1662 862
1420 823
302 546
1427 245
87 612
454 809
1023 1192
1636 1360
1042 1794
979 1998
138 540
126 881
1389 1767
1505 838
1230 533
940 1271
1403 99
1901 800
561 1490
409 1949
1004 238
962 1963
1382 1439
960 332
278 1643
134 1017
1497 27
1444 566
1762 1561
1022 542
895 788
1451 1810
1727 245
572 345
1893 733
459 688
756 1466
618 1675
1542 714
1814 1071
438 1006
424 353
645 532
996 1036
832 37
1422 884
274 1258
1528 605
1514 592
564 1279
1819 1061
677 1592
785 290
1061 1881
1153 264
667 547
1608 1500
580 1456
524 905
192 418
1386 1858
1651 1266
916 1571
1075 1562
1442 203
1895 1991
1460 1056
1531 688
1404 1954
1547 1464
339 565
888 1909
719 975
1012 123
592 1594
689 40
1812 812
262 1576
1352 1331
1505 206
625 304
276 416
1219 1640
1680 246
336 379
633 507
686 367
1205 1669
1539 189
396 1181
986 1741
674 1563
1984 1820
1237 1044
522 363
593 1737
1774 869
118 1260
983 168
1603 1951
1843 1196
868 459
540 1371
1215 1337
942 598
1149 582
1888 1723
1197 1559
823 752
680 1890
212 875
320 1137
198 834
371 1290
1348 448
1016 937
1166 795
1305 771
1959 672
1777 312
665 1004
1917 54
1511 773
1895 1772
1442 268
1707 280
1619 948
941 1208
1943 737
657 1281
807 787
1623 117
1035 500
687 841
355 208
177 1124
1703 1769
10 1221
777 1633
276 1304
1071 1283
1187 1066
1925 1912
1705 1501
142 321
1286 1314
1749 688
368 180
668 1741
1200 1683
1253 515
1539 1454
1615 1243
1781 719
56 1649
130 264
1571 1025
907 1728
600 110
1137 185
1887 852
383 501
240 845
1787 195
1455 27
339 115
1888 1102
514 341
1154 978
1934 449
1879 1460
1236 1671
191 1431
27 734
1862 1400
917 761
1279 1897
1424 227
197 147
1772 1694
944 312
690 276
1481 103
1047 176
916 1974
955 152
44 153
772 1566
1630 971
853 809
512 715
1524 50
1492 1796
1118 329
1925 1264
788 479
421 1038
1117 814
529 1357
1894 174
1571 153
446 206
118 1147
674 53
1709 123
699 1002
1292 1297
175 1978
1130 474
120 1675
863 1665
286 1702
111 1659
992 982
99 311
281 806
1426 1630
1450 340
208 1178
117 903
578 443
27 419
1422 1750
857 368
303 1634
1184 967
524 1924
1278 671
1392 949
790 1136
127 1855
222 493
280 1140
1605 1534
1474 16
1151 1800
1852 1405
517 1586
1658 1724
627 952
1492 636
115 1228
1572 856
87 882
1503 28
1360 1830
682 318
1662 1263
207 377
1883 402
1120 1170
723 816
1484 383
1818 1131
700 462
1052 1930
1934 607
1938 20
1080 340
1262 956
711 1870
1797 991
1142 150
1158 651
1530 1952
593 1195
1693 1404
10 761
1758 264
1792 1777
1040 1910
605 1964
1868 292
858 1329
826 1543
1893 1015
1363 852
16 169
1082 1093
226 1994
938 1304
1415 1822
1691 465
48 1818
945 236
797 1091
1374 1555
470 705
1779 1121
1860 650
1696 379
405 90
462 1849
1907 1400
1562 284
1209 1260
1087 1307
847 1906
65 1214
1248 225
1216 1723
1566 1359
1838 48
1453 110
173 1895
1296 311
581 819
1409 1992
1517 1127
1155 764
58 1604
1671 1692
1752 672
1794 1713
302 1099
447 38
204 1484
1714 1627
1505 2000
1053 554
631 1602
1592 1272
1493 424
1763 1437
213 1841
1357 244
1876 1892
347 355
1111 635
121 1406
1193 1480
625 647
1280 1677
492 499
365 123
1031 132
275 111
499 1465
1988 185
261 64
579 221
360 773
1923 1838
1727 796
1033 480
388 1425
763 1945
159 1178
161 709
1639 1893
1344 842
1620 1299
539 488
585 78
673 1566
502 990
1500 1425
1970 84
1827 552
698 951
949 1898
822 1256
1731 1495
1449 274
40 816
1361 718
1128 239
1833 241
425 1018
827 25
1884 702
1580 1403
1986 1726
330 57
1252 304
1623 259
1558 1194
232 885
1805 407
500 376
728 27
1830 42
195 1086
1106 1296
329 112
1472 1726
142 1974
1172 1335
1631 354
257 876
901 1033
1377 156
1664 1205
924 1214
597 537
943 525
1907 796
1356 1070
913 554
443 362
830 1885
1388 1759
1224 1672
887 1184
1065 942
931 218
698 819
419 270
1304 1332
59 1015
1094 317
1848 1457
767 1395
451 97
1998 999
456 170
1486 187
310 164
651 88
1728 1804
782 1110
655 1484
1006 860
1558 1546
425 1775
662 1599
487 1433
217 589
966 866
379 527
973 62
1895 779
952 1236
4 1345
138 863
1459 927
782 1234
486 1671
968 898
1671 250
809 1410
334 1447
1756 482
417 1577
361 1599
234 823
1232 1650
1952 695
1971 499
1052 1157
926 1786
1223 1664
983 1739
623 288
976 987
39 921
871 955
1773 1374
1810 1512
604 691
1411 1103
611 377
1291 549
173 846
1814 1363
1729 549
909 408
1309 153
557 916
894 1403
1376 1238
162 1934
1891 966
38 267
829 500
84 189
63 836
1209 1678
861 899
755 1152
1235 428
1181 1776
26 370
944 977
1905 6
1321 653
1409 973
1146 162
1220 1261
1789 908
411 1681
64 1892
1446 1691
657 461
1345 190
1492 1942
1752 318
1293 248
1925 1735
573 322
739 1574
1825 551
1332 1221
1168 878
298 152
853 1756
1262 1366
1945 554
1373 326
1749 1652
1656 1181
3 397
1642 1424
1647 1173
1080 1157
1935 607
176 1015
28 840
840 350
88 1763
1712 1872
238 1557
678 1814
572 781
1257 1555
978 52
120 180
798 475
1116 370
1483 1105
359 1299
823 956
1090 1377
1415 1540
1367 547
1425 1240
1676 1700
161 1895
735 1688
2 1317
1620 1969
218 1420
1380 1258
1274 629
818 1923
1991 1978
1922 223
1101 452
1961 1635
1633 1806
1341 1077
313 1428
665 288
1645 1031
387 988
1520 876
1467 343
1986 701
1605 965
1474 1609
1513 501
835 1
1572 1998
487 1298
182 1640
1125 160
1351 930
562 1482
1565 1768
435 1488
1950 34
1844 545
959 495
1756 373
1414 411
1604 1781
1677 1835
1018 270
414 1045
713 936
365 357
296 372
1412 1604
1741 201
141 1876
1430 800
1996 1214
459 881
226 92
703 466
505 147
1122 1334
99 1651
1309 1006
1014 28
1134 1577
1242 307
753 1776
198 1797
752 650
1959 1908
419 1708
1081 1988
1682 411
778 1241
1101 1265
893 1026
310 1542
1068 1322
116 1745
1273 1692
1573 835
1994 1279
76 204
531 1948
291 1328
1688 1959
127 1011
588 583
897 1390
1146 41
787 416
1794 515
1393 1292
966 460
1028 351
1819 124
936 143
1815 1575
96 1728
101 613
65 546
415 1971
1005 975
1478 1529
1145 96
908 1648
1205 1990
1276 1178
1975 742
488 901
529 913
1262 1501
1655 763
951 94
61 1096
1716 514
749 1843
241 65
1211 458
284 307
685 927
1635 1359
1229 546
1197 1880
1450 1101
957 1535
1588 1387
9 471
1791 172
1076 1159
1350 1250
1888 389
913 1913
198 909
13 1907
1911 1467
1510 1838
371 1483
811 870
117 1267
1838 1170
564 566
451 1879
988 662
1547 99
792 185
1645 892
1278 851
1559 1560
1785 1629
1213 1244
782 1634
496 1727
639 944
1688 186
385 775
1757 1346
1099 463
1042 1547
1743 1329
50 1197
1478 1389
494 508
961 465
1756 1736
873 765
1798 1721
1705 1054
1154 1292
474 1616
1963 1746
114 715
1963 1600
1872 280
599 1707
819 1648
1345 228
1218 106
314 1128
1257 528
743 517
713 1650
238 1463
798 1973
1367 1596
154 1536
1616 232
16 381
267 1251
198 21
364 293
705 359
154 487
320 1923
230 698
1295 432
592 1963
1638 1320
1547 279
1020 889
1260 38
748 466
658 998
342 853
879 1124
370 648
1036 1687
458 1922
1845 627
1269 1326
432 299
1499 1083
1398 652
1089 1559
127 868
1682 1741
272 339
443 1590
1180 517
816 272
839 1068
50 600
947 1690
1964 601
1270 1776
1717 959
315 324
449 970
1794 1177
1374 518
1615 1808
1015 182
1945 316
633 1886
794 666
743 1677
1723 371
1670 1438
964 1914
1285 692
533 63
201 1598
111 39
1967 516
648 1147
134 26
49 1294
106 1765
1284 1448
1694 1367
758 379
185 1211
622 256
1178 1290
401 538
1302 604
578 762
1295 653
105 436
1407 1515
513 845
1839 960
109 1552
1417 823
1772 1125
151 515
280 472
391 1040
1405 344
1998 1571
1968 1618
1128 931
902 968
1990 875
1248 1336
1301 1314
1795 1106
1517 1595
1213 758
986 638
595 1859
83 919
138 764
468 859
530 170
1851 1600
1503 861
922 512
207 574
599 1800
567 1406
304 887
50 327
380 1986
880 442
1055 1534
1041 719
1811 31
732 1310
384 1838
1709 1476
554 838
1352 1971
780 1668
88 204
307 362
685 1537
1455 109
267 1948
1411 139
989 1931
1275 1674
666 350
1436 334
117 240
1648 852
797 1284
857 553
1341 199
80 1354
1606 1757
1417 1679
1147 664
1529 1942
535 309
1424 157
52 1952
1177 1019
1216 31
386 312
1790 537
556 1852
1421 192
1082 952
1778 685
1785 255
860 1738
976 675
1326 71
1757 353
323 796
643 1745
318 1943
1625 1687
334 188
816 139
138 491
1060 102
929 492
507 1752
417 304
1212 809
1286 480
1583 266
1855 1041
739 1506
760 1567
1498 586
746 215
163 1647
1431 1170
536 425
1412 1226
681 832
725 827
619 1224
1352 11
586 719
402 710
1694 573
1716 1907
1589 1515
1236 1669
1829 1468
1432 18
1584 1997
975 832
154 1506
1796 858
1443 434
1136 896
1210 395
1687 911
1487 1161
1934 1832
463 753
1808 1489
951 765
1906 259
285 829
31 1865
1232 637
91 1010
1486 743
1147 1965
1435 1191
1991 638
1025 1427
981 997
393 324
949 1963
310 1279
179 938
132 39
1819 1482
385 1129
1333 1606
249 264
1600 1335
751 1453
1085 1437
1678 1694
1770 1671
1293 388
1590 442
559 1578
1099 509
89 352
114 1013
289 1312
619 848
986 1141
234 1790
1744 1925
379 1531
536 1212
718 676
703 1206
519 1145
10 815
1839 522
448 816
227 1096
586 506
1522 734
1856 1666
540 1779
1861 1635
261 1022
1367 1482
731 1368
1363 850
811 1236
652 80
1136 179
1228 611
956 318
1809 234
465 381
1260 268
1228 1030
195 1435
822 339
70 468
1910 498
1968 597
77 424
1645 1363
1626 941
1241 1609
65 1268
1799 608
1663 1843
496 1224
676 1495
1561 667
1655 1499
878 1321
385 382
131 1294
1053 1051
1042 1120
1402 592
415 1298
1724 1872
359 1740
751 190
555 483
631 1684
1459 1209
135 1727
248 1591
566 225
873 1768
1103 314
1161 519
1385 1805
1011 850
1864 194
1776 1470
1945 1651
1896 1507
1031 190
1218 579
1490 988
939 110
176 1838
713 1049
985 732
1483 1645
510 1217
129 652
920 689
1879 395
1536 1076
1962 469
1639 1887
237 8
311 769
1322 1755
1256 48
59 1212
59 1797
1369 503
1387 1162
1482 702
864 1273
1929 1909
1878 304
903 1106
890 1564
1435 488
1442 492
1209 463
729 1685
517 392
116 1933
132 1962
229 1130
583 1555
1156 1957
1170 1387
397 58
1965 1125
37 19
727 272
1681 566
1259 590
1333 1739
544 169
1902 404
1266 1758
1558 1248
1745 431
664 1118
348 735
613 1093
373 60
82 1339
782 1393
1583 1960
1498 841
188 231
156 1209
1774 1853
1534 1306
1654 279
801 1267
1351 1506
863 1443
1621 967
1411 1796
1363 811
81 623
1574 659
251 1967
219 1017
1987 984
518 1465
1860 1100
1221 1782
1374 1988
1376 285
1429 269
1821 1051
1436 1087
6 840
702 1205
1279 1609
1700 1636
91 336
552 734
1972 804
464 1618
1685 1285
1453 409
171 425
694 7
1752 629
1206 1886
1277 166
1150 1932
165 78
454 683
450 1906
564 807
297 1660
1385 29
246 521
1311 813
1477 565
688 1967
216 588
518 1774
1073 1896
1843 892
926 1696
1776 1321
572 681
1534 521
623 234
257 1039
201 1117
541 1159
1183 628
427 399
1780 336
768 449
39 1764
1161 819
1660 318
1918 738
339 612
212 734
1563 839
1930 1614
1847 160
223 1982
1182 327
744 879
423 500
1544 1592
864 1908
1638 1660
1260 1199
1032 1706
1562 1924
1834 1953
236 74
1525 498
423 1058
1605 1310
1643 1009
1368 307
727 298
1778 194
1506 385
1273 506
1564 1213
1572 1080
1441 1578
1706 502
802 1252
1231 561
1565 337
141 879
1006 871
1263 896
548 1915
1693 1845
1858 1696
555 1089
1431 32
1240 1783
22 6
1832 335
1138 1258
15 1275
536 1938
1306 186
1158 939
958 1513
79 192
1476 1306
692 1321
53 1265
1112 1568
1552 717
166 944
1476 765
14 1456
16 841
1999 195
477 1590
463 1607
433 1712
1196 1667
1728 1857
702 1056
436 1663
317 1054
1260 634
640 1805
748 1830
1929 1303
1147 1348
349 1005
190 435
1294 1239
1410 1668
12 707
1013 1051
902 28
501 823
542 55
1671 1550
1757 192
1391 415
164 953
1671 1980
376 1087
643 813
947 675
656 852
1389 1502
951 1287
1011 552
460 226
1382 617
227 249
409 1124
1956 936
1797 492
1437 835
692 1697
990 662
1331 630
1792 228
1222 1041
434 276
1759 1994
383 1867
200 1053
117 300
1016 1439
659 1471
1267 678
1214 995
1182 1961
684 1853
875 257
160 1770
668 602
1507 1552
538 499
1417 1464
1241 176
1178 609
305 892
688 1445
164 49
1506 20
1857 883
1905 1558
1169 76
270 1129
765 1423
1840 1927
1565 422
1212 1586
1307 474
650 971
1325 1901
1851 537
1300 1793
417 612
1710 1740
1092 1763
1862 507
728 1430
979 1002
1975 696
361 455
700 1732
884 53
1112 336
1080 1114
932 355
940 1850
1070 73
208 461
591 670
756 1851
49 1615
798 268
1190 1074
233 46
731 1851
383 1124
1856 974
1023 1049
1715 1925
466 1392
344 1672
1664 1477
1888 479
433 1581
343 38
1323 1644
244 1805
1994 1515
1279 1383
66 1737
564 632
1848 1169
158 137
785 929
1362 1649
1470 1624
741 32
1260 1104
616 1595
669 1583
1246 1031
1465 65
1176 1981
494 144
1273 1535
734 606
210 1723
217 877
1081 1536
1983 311
574 787
1001 1849
569 113
643 662
853 1801
827 1708
1551 1600
1793 264
1818 1005
474 1638
1564 1177
22 672
951 1373
799 936
1908 1880
1179 518
625 1919
206 1836
478 49
1538 1606
600 1911
1719 735
946 351
978 846
1137 944
1635 1713
35 644
720 1420
293 196
1050 560
1243 1912
1577 520
800 248
731 1036
619 481
1639 1278
1487 637
1673 1601
1519 1100
1380 626
1899 1570
1320 1820
370 1243
1261 473
759 1794
1375 318
1740 750
1866 1800
845 1823
1561 1138
457 182
634 350
1132 177
544 1610
344 1484
1339 1757
242 535
719 91
1473 1603
1770 1259
265 644
1351 1338
871 172
235 1890
507 1945
1392 1949
1117 1600
954 200
758 1362
746 22
1578 585
732 69
1749 1364
1412 1929
1327 486
1193 1866
840 62
713 304
681 1150
200 943
713 1525
1510 1188
274 458
637 1893
1312 924
383 1513
1681 1977
1701 1647
876 1310
285 1689
1927 221
419 667
975 1178
387 1669
1627 695
1406 1946
45 1613
1652 98
345 275
236 1336
702 369
648 104
423 848
483 189
356 181
1336 395
1947 1213
1414 210
508 1507
1795 1131
1515 1592
298 1633
867 205
1212 488
265 300
892 293
255 300
1703 1557
1800 1356
1805 793
297 1987
1823 1616
866 1684
1653 1416
841 1694
534 1771
914 1918
1200 1543
940 1406
1901 769
372 1228
446 591
15 1314
1320 1612
914 229
125 1909
1218 439
446 1258
1741 809
1886 1298
505 1878
1033 1018
1861 1316
978 579
1817 1158
1487 966
1048 1407
832 4
191 1283
546 782
198 1573
147 1961
426 912
77 1988
670 808
1652 893
31 251
893 1378
236 555
1216 693
1917 1391
279 102
1133 1344
616 921
542 1441
305 102
178 1772
1795 1247
1986 1192
588 1319
1035 1248
337 277
544 1733
1706 1623
1909 108
710 334
1840 1709
1054 617
751 1882
1895 393
872 1273
768 1217
25 208
447 297
1371 1337
253 10
1360 770
1858 1025
149 191
479 728
813 232
449 925
1030 1301
1818 79
333 3
743 1784
1328 905
1767 1733
593 151
67 248
1635 1071
1298 1046
1581 1753
742 899
1076 1959
1669 1434
673 1092
1210 465
592 984
1934 790
225 981
1295 728
894 1269
677 593
271 128
38 149
1548 408
426 1679
48 1616
1366 327
504 1335
1594 42
513 1405
1559 1784
1820 1592
312 958
1287 469
1679 1015
298 369
1760 1465
1990 1180
1863 1190
754 294
182 1287
429 554
1590 1941
1811 623
1278 1995
221 648
922 605
1622 1594
1535 571
329 383
181 1478
2000 1877
1498 1391
746 1416
676 131
547 1069
416 569
1894 1473
1070 1499
938 1465
1250 1504
1907 1418
328 432
1268 1104
1861 1705
1312 314
1842 838
78 1775
1457 428
1806 1731
1537 1184
1941 882
931 965
1002 1663
1402 943
772 1479
1659 283
1410 109
1119 397
935 906
1290 663
1515 388
741 631
788 911
102 51
682 1142
1227 1636
411 1159
1409 1884
1086 1220
733 868
454 1807
1678 604
1113 1022
1600 1748
235 1096
1300 1698
1710 109
202 847
170 1973
348 99
707 230
1205 1643
126 1330
453 862
688 1311
301 1518
1223 1915
1331 1873
1649 1022
1534 328
1105 856
1384 273
946 884
160 1880
1284 1224
590 339
60 746
1842 1742
78 615
1289 960
515 222
1030 59
274 200
571 1442
1235 907
1279 1158
804 840
1043 1552
1601 1038
405 1795
523 1416
868 375
1278 702
898 1412
1912 1620
1928 1753
634 1760
1958 257
916 1120
867 134
761 399
1092 1577
1169 1936
1351 424
1840 1227
348 529
1699 1024
1145 1349
1016 171
1920 1639
1099 416
1392 438
841 432
957 1239
453 1750
149 593
1603 1240
1744 1834
513 176
1984 729
365 879
1403 1459
206 397
79 897
319 1686
1098 379
1045 1360
565 1894
35 295
554 1501
1522 1291
425 1921
833 1282
1882 1025
1063 1100
1298 760
1508 1096
867 832
975 488
726 1452
652 61
1708 936
659 1003
887 1823
73 346
723 496
1297 449
1675 1588
755 771
1184 1033
464 1676
774 390
1289 1078
1760 1991
1499 305
1561 302
1118 1605
379 637
1434 396
475 43
544 886
1775 1645
1360 1103
567 1962
493 261
942 1976
845 364
315 945
15 432
1375 1538
769 340
760 1363
522 36
1350 1126
1999 1977
358 832
268 1112
939 149
268 963
865 793
1529 1394
742 693
1533 662
1461 1861
1581 424
1097 1063
1016 1246
1954 1990
179 454
1929 1960
236 1945
1899 1910
1147 141
575 364
1489 714
1073 977
1573 1237
875 462
69 1658
989 525
400 376
1322 3
922 1917
312 596
1181 1884
822 1781
1739 1886
1778 184
72 640
1366 860
155 731
1206 1052
1738 1526
821 1074
1543 655
385 427
565 1344
1238 1453
1452 928
1173 1342
650 457
239 754
511 377
312 1561
1624 1632
1735 72
1018 911
326 838
1034 999
328 1547
169 1545
907 1815
1654 1799
231 1023
111 677
667 1379
1384 1167
480 481
194 1363
1494 1848
1990 660
1542 778
1914 1571
491 547
862 566
353 1522
168 606
1860 1529
1577 1585
463 1673
1867 399
1415 341
117 1530
1606 104
1115 1551
1991 1574
997 68
1009 1624
1327 1170
349 931
1790 356
1760 186
450 1574
1006 895
1732 293
973 1722
727 1879
1905 863
967 620
1390 1333
1909 459
1053 1339
1992 25
961 1859
1996 1197
1565 1652
1897 412
209 323
1777 1782
1041 1516
965 1820
1887 1045
534 1055
769 545
845 374
1989 1833
688 447
372 952
1850 253
1299 369
347 278
1937 1083
1222 1231
1197 1239
1882 1889
1109 507
1243 1977
869 594
1069 1553
1178 1796
1450 33
1641 306
1715 983
996 1407
939 404
444 1746
585 640
1253 112
218 759
391 1566
1594 587
930 920
405 677
1329 1426
1806 220
1573 767
18 1664
342 47
713 649
535 468
425 1341
1536 1323
1307 1931
317 1913
874 384
41 1825
1503 363
1270 98
761 1854
1805 301
921 1714
871 493
820 1949
68 1690
809 1744
814 576
769 1705
1830 1647
1165 1803
1502 288
1963 830
241 871
884 1023
1776 1921
1649 405
358 482
1889 358
1385 1614
322 1802
646 751
39 1385
7 35
1937 808
46 703
413 840
1335 241
1192 353
1435 1077
1217 722
317 286
147 121
1664 1055
1348 1560
1461 1319
1476 888
737 437
6 104
1237 1327
105 163
677 1005
912 1623
1262 472
1050 1893
222 1086
717 834
1297 1040
1573 1655
817 462
1283 1477
1873 485
1926 361
1068 129
736 1786
849 1981
701 1076
775 333
1460 747
248 1162
51 527
1319 272
412 19
436 83
18 1768
1093 1335
1752 1429
1699 142
1992 132
1667 1272
1798 198
954 515
922 1289
562 784
246 297
979 1196
488 1777
1818 947
1289 1624
1396 603
1443 712
1735 686
354 198
873 1486
1004 268
840 1525
990 843
333 1148
478 127
1011 743
1720 1300
1110 817
233 1260
1144 1086
148 1079
333 559
1381 1771
1736 502
450 288
1672 675
307 1742
1044 413
1563 615
293 1967
1874 1436
1058 920
1148 1677
27 995
818 810
1493 1902
1101 621
674 1005
151 386
1115 1517
1239 1507
1721 352
1405 983
1369 476
1020 1339
1507 1607
1783 230
377 1648
1866 1790
1979 1461
1852 1981
1598 137
1912 912
41 1545
1273 218
1326 332
867 553
411 1995
1042 895
1372 538
397 1332
341 1874
415 63
770 90
163 1666
1662 1711
1821 1864
79 1424
871 102
1226 115
1346 1132
1622 509
167 1355
121 425
1463 403
107 650
827 1697
515 419
427 1607
188 1533
1018 1084
287 1531
1160 955
1716 1092
208 370
7 148
597 1236
1219 458
964 73
1690 119
148 1730
399 286
1549 272
1275 1293
1127 228
1722 836
984 1206
433 1424
401 654
1627 577
850 739
525 1101
635 1391
1961 1481
868 899
704 932
1094 1095
192 1096
755 1066
305 1839
1273 1362
715 1971
30 651
1414 1655
691 770
1655 1985
1713 378
1895 598
794 1650
613 802
541 1873
657 520
235 548
1745 41
1618 313
878 446
1985 1626
119 1966
282 782
1173 1893
1225 1294
806 58
1523 1588
1011 1352
100 937
279 1738
891 942
801 410
1534 916
252 636
803 1760
1649 1847
360 709
805 67
1999 1179
745 898
1014 1903
911 1375
140 1554
1141 740
899 19
1455 1810
1242 409
158 1210
1606 1601
850 462
1772 857
1514 633
836 525
1064 808
1839 1897
1486 1731
734 1892
380 1143
356 1514
192 347
469 1237
1778 601
639 41
1100 1581
323 1303
1572 984
897 1476
722 1831
994 1600
1884 1601
341 1255
1358 680
1194 969
69 343
25 30
891 1358
562 1807
1837 710
1792 409
806 1154
50 1761
601 1448
1666 430
1943 1618
1744 1286
167 865
1509 1766
1345 1357
1647 1472
1868 1183
554 1953
1379 619
1303 588
950 1820
1589 1351
1734 880
155 790
1538 7
618 296
46 977
1770 1873
420 1490
60 937
617 670
1556 1767
299 1915
984 1025
1519 19
1768 1541
1569 1208
762 1146
640 440
513 686
1300 1054
898 992
538 1291
243 515
210 648
1961 787
1410 1083
490 828
1580 67
127 1949
1146 1111
482 1556
1079 617
1266 48
1176 312
1035 463
1201 987
1659 459
599 388
1978 757
80 1231
1671 698
638 1804
1904 1537
1332 42
591 1459
1375 1696
504 332
1975 1189
529 476
1887 361
884 544
1112 835
53 883
39 768
332 1806
1237 261
857 683
876 211
913 863
1911 405
168 146
636 1127
924 1657
1016 1546
13 310
783 822
592 1029
1118 1008
1954 897
52 1927
1373 183
785 438
1686 1480
1910 70
381 1561
1147 1218
370 606
810 771
602 1121
14 1212
1393 682
1361 1760
1909 1698
1069 1175
422 1108
1188 1687
637 97
1132 1873
980 550
1667 102
362 203
567 6
457 1331
878 1469
1953 1877
885 623
1902 1456
246 1467
315 60
1809 1355
152 508
253 469
1553 780
1852 1825
66 1274
68 990
1389 1120
845 130
1073 103
99 1076
907 291
130 1036
1896 551
1660 1196
1702 1189
745 1927
14 1962
1780 89
39 45
353 1838
793 1593
99 286
869 494
1014 1225
1669 1589
659 160
2 1893
1122 1166
1196 137
560 1927
45 1901
857 287
1064 1835
917 1533
128 1607
520 329
405 1225
575 429
1456 949
1972 1445
490 931
36 287
810 254
1903 1556
1786 115
941 1220
634 1718
1831 71
512 1644
397 422
1234 1117
272 1461
1771 1166
1162 1018
1681 666
295 1483
1720 960
581 1730
1113 1596
1253 1118
1703 1909
788 1720
1662 1268
1221 452
50 413
527 861
1046 743
1749 300
167 1890
649 999
409 1694
986 1108
371 143
983 1180
347 1426
681 406
522 1938
1112 974
1995 53
1738 27
1250 100
950 1406
1988 1226
1072 1200
597 763
339 231
1526 264
1799 1241
295 1681
968 475
894 166
105 1434
1302 153
1196 1652
1235 230
1108 88
1751 1334
1002 15
519 1131
292 1305
1114 1240
1391 1624
178 1996
1640 1100
916 1826
35 1857
58 22
955 268
1644 792
1649 538
1024 1579
1630 863
1446 1238
1983 1973
258 967
1206 1954
1293 557
1019 558
362 1383
638 788
1890 619
1198 410
1989 373
410 1169
264 1499
1445 1431
1463 882
1712 1830
919 784
612 262
24 1831
725 609
1495 93
706 1771
1400 8
1377 614
1822 190
1508 1588
1040 626
1937 1284
1222 1294
1211 1303
1084 1055
1856 1524
989 1001
1697 944
996 400
1261 913
267 1371
1814 1597
857 1551
952 33
703 1568
1295 1016
285 915
382 649
737 1422
956 744
829 342
538 1125
905 318
1260 1630
944 1300
1061 1399
1486 1064
1195 205
1566 492
8 1603
1605 1418
1474 924
1151 1668
1969 463
127 300
385 1223
708 1855
302 168
270 1398
1317 1790
135 301
1964 1710
1338 664
650 1264
1643 1513
1775 1344
599 1079
1258 1049
1817 1391
1117 1986
308 872
1717 1479
1788 1689
1154 723
838 72
808 11
1142 26
1967 1707
155 1636
1815 923
678 1648
1236 58
261 836
653 1602
194 1385
413 521
1797 719
841 635
1291 1716
223 1186
615 156
48 238
243 330
883 1992
509 17
1309 1800
381 1827
1044 1417
118 1054
1813 505
1707 1802
2000 1296
676 710
1341 46
916 181
1711 414
1013 1143
722 132
1513 151
563 1976
256 442
1100 881
150 1052
662 1852
1358 9
171 1907
316 1400
852 1885
157 1852
214 155
947 1114
1673 1116
677 20
979 1389
1790 1897
954 1369
202 1730
302 971
315 1441
1237 1946
794 858
1313 1018
849 94
1977 339
15 1952
896 1490
605 1088
1306 1125
932 1260
1102 1984
794 1329
1215 1699
118 449
1423 154
233 1453
992 1530
208 1449
1847 1399
763 13
1203 1240
378 229
431 93
1374 575
590 1998
1450 87
1484 1351
260 171
546 1392
1279 998
66 838
505 1076
1922 1001
843 2
437 989
520 127
702 1867
1922 1895
1500 864
1036 1474
1933 1612
5 522
1405 1085
930 1269
1121 750
1540 1646
1340 840
143 924
330 181
722 1651
284 1466
1150 1063
1799 6
32 535
214 1283
990 1522
537 574
1837 1069
1510 619
291 1908
739 1809
1790 1565
1288 465
1071 46
813 362
135 770
1186 1488
1763 1538
1534 1440
1375 996
453 1122
492 1415
248 726
1949 949
1449 1145
561 354
1557 1380
155 1777
1462 1340
294 174
1130 968
1476 732
1229 900
1044 1236
1930 1529
1969 341
244 262
1330 265
1828 24
848 33
811 900
1595 1944
502 1361
229 971
190 1847
572 1894
513 18
1839 1309
607 962
810 1376
1424 1336
651 940
1405 1957
690 906
12 738
1047 586
1808 1862
143 1556
1128 598
501 776
1568 1214
627 394
1047 1417
1199 1168
443 1155
392 195
675 1536
1618 504
661 477
1590 114
961 1613
1426 1355
555 1683
787 1791
1804 564
3 1324
1331 1530
1887 549
1534 727
1412 877
261 1235
225 1475
593 665
540 928
1257 690
427 1625
402 1645
763 1751
1395 604
1969 1501
1078 1782
1515 1635
911 1436
1616 918
1962 174
1870 829
200 1084
885 1418
299 816
31 1417
1267 647
495 640
1587 1912
1740 1938
1885 1367
709 730
524 1342
123 517
1347 1580
230 881
1525 344
367 1174
404 1420
266 689
1460 437
291 222
662 819
496 512
369 1302
115 1366
1863 17
687 356
736 1285
816 1875
954 842
1358 1003
1500 1413
1953 1177
96 1593
1775 1118
301 1039
214 805
1632 498
682 1051
933 1653
728 1397
559 655
1161 481
1770 1058
522 1587
1125 1647
840 210
1317 1952
141 691
201 408
510 402
296 1675
1363 222
1773 983
798 367
890 1300
1581 1488
825 1447
350 115
546 143
1062 1871
1948 1112
147 296
1267 1599
850 793
1016 721
1493 1089
1980 1897
1940 1664
822 147
400 1184
1783 1440
405 1413
995 1661
1984 933
944 1837
1739 774
1156 778
1359 1293
1174 599
715 1374
277 1431
323 457
1658 1105
1093 1250
1554 884
816 582
567 1247
175 11
454 1020
936 1931
1731 148
152 1210
1844 989
1675 543
488 1574
361 1336
726 1392
1832 908
92 377
1433 1991
333 1063
1070 1248
1257 575
1710 937
1298 1943
1727 134
823 1104
459 709
332 1613
237 1608
110 1454
1254 891
1609 1368
1203 395
1701 392
818 919
1482 382
730 1787
469 496
578 1387
1899 1539
1848 1859
875 91
621 1651
153 1831
1746 926
1271 985
224 1563
1170 1718
1912 997
1049 1895
1035 1172
1111 993
1540 191
489 198
1678 293
1950 1486
447 709
1597 171
1408 1969
1212 143
297 1188
1198 78
1880 1209
633 296
1131 473
746 9
1223 521
1389 801
107 561
199 1121
1186 641
1797 1967
1465 1614
1280 1514
1614 1301
971 1049
1716 1041
648 1092
1974 1881
863 1701
1515 612
1462 109
1145 1309
1584 899
219 441
975 998
466 1478
1648 1594
299 1845
1083 1001
1523 889
1948 1491
133 906
1867 1157
66 447
232 75
1779 977
603 76
1336 1807
1929 1578
1802 1848
1087 822
1947 817
243 589
689 887
1721 1992
748 726
310 1433
1234 441
741 1643
1181 222
229 1351
602 63
657 1366
330 730
1536 1886
385 907
1365 914
1826 388
657 947
1099 1854
1143 285
1770 1593
1033 1497
1159 1277
1677 1068
1938 1900
997 1808
1413 553
859 1039
1135 478
840 1237
1984 978
1949 364
1988 662
208 1034
558 990
1940 945
1849 409
749 657
168 220
812 1617
1809 1583
659 1266
589 1209
1475 884
1613 1158
1020 1051
1047 1752
1170 1325
12 187
254 98
1414 928
1273 58
1951 1755
1199 294
941 114
411 1259
228 1397
196 63
1665 1439
1088 481
1826 659
4 1958
101 358
1166 1732
410 637
1619 1835
1448 1717
87 1847
795 1086
1825 957
1830 1274
1737 1689
1466 1977
1117 923
1262 1244
1455 1570
1011 240
1956 272
1628 1621
1723 487
826 1790
289 70
565 1509
625 1210
1727 1155
1660 1126
780 1416
321 469
798 65
982 1782
123 555
85 1122
1581 1850
712 401
1375 1000
1687 614
749 1083
20 304
1696 1051
1569 1795
945 1065
465 1575
1544 1899
1089 279
1940 1950
165 430
1735 1612
1359 646
1327 1672
995 147
564 1928
335 1262
513 1374
1209 41
363 493
1873 114
734 524
1409 1717
1146 1440
271 1097
1282 1152
1852 1448
655 444
1393 405
1414 1687
1655 1761
853 115
7 1636
1579 49
182 845
936 353
1290 442
1238 1722
297 169
64 172
1258 856
23 1355
668 1587
688 1425
1078 1090
1350 1767
801 762
1473 1550
1045 855
932 1584
1052 117
1702 27
1303 1956
1395 1215
314 654
39 1263
357 889
279 348
1222 188
1388 76
325 14
1455 1650
1715 461
1300 1609
1791 350
84 1410
924 1926
1867 134
910 1745
1728 1556
331 770
792 1328
1242 1052
423 1703
906 1438
1255 50
1359 403
243 1963
1923 387
32 1519
215 273
1950 903
916 1908
1838 231
1183 1613
247 1632
929 1739
1506 1531
689 487
507 332
1244 1923
1673 1437
721 918
1952 1348
304 1518
1168 339
1662 470
1046 1984
68 779
1959 847
213 1902
975 284
1230 49
1095 673
799 1360
1919 1679
1755 1702
1102 1795
939 121
459 1651
320 1322
1303 1201
1766 129
353 1905
27 1796
325 763
1189 1046
1581 276
539 605
408 1225
1537 918
797 157
1387 1189
1631 1102
1468 1494
271 362
1009 479
1806 538
1152 1567
217 1509
1993 1349
785 1870
1686 1696
1240 1310
411 236
363 1987
844 1542
927 1068
784 1334
715 26
860 1089
1946 1988
385 1181
295 1462
687 912
500 1872
1685 601
1491 960
348 752
1932 730
758 15
302 1805
138 1810
580 1239
1724 596
527 1000
682 1879
1749 391
1643 652
940 1443
1830 1892
1516 110
860 1970
1945 786
593 1269
21 1668
540 404
1193 1778
1942 1761
1614 1858
251 642
1988 1383
1236 12
67 567
1923 212
180 894
1093 1532
1148 1147
890 270
1406 807
1853 252
735 1053
684 333
691 1435
1576 159
1827 1781
179 1199
1998 602
716 894
1659 1246
1147 1058
386 1595
1511 489
102 841
785 1075
178 1977
655 1465
185 883
614 1664
1004 1910
369 1826
447 1956
1259 481
1757 98
1001 497
1107 1537
1946 211
807 375
1434 495
1897 1947
1798 447
1408 1554
493 230
1106 1320
1240 1037
22 1896
246 550
114 123
1466 1619
169 705
54 441
1375 1213
623 1848
1571 960
926 1609
1495 40
907 515
414 1405
1280 1867
384 1328
402 969
1867 1064
1015 903
1063 245
473 100
947 1119
648 768
226 884
645 1752
1494 211
1014 1513
1874 22
1003 596
1464 418
749 104
1768 1581
825 360
1620 1361
560 1255
1528 1833
133 361
27 250
753 1756
1991 1306
52 863
1009 340
437 995
956 693
1152 1898
63 1657
524 1277
12 1321
342 544
1050 889
897 489
771 376
1047 1267
222 26
955 1243
1075 294
1979 1228
508 931
217 442
1379 124
425 1425
496 335
443 1183
295 1323
1042 116
1266 1834
378 638
1983 1309
1858 242
1510 495
1383 685
1939 1947
1812 1419
417 710
1876 786
1200 1095
1168 817
264 1699
598 674
1138 1219
1299 1661
983 1532
642 392
1052 323
512 656
1977 1070
568 1036
1022 1017
1769 844
1160 676
21 174
812 1903
558 127
1702 1704
321 1932
1704 929
551 722
1033 1111
1676 319
1570 790
168 573
1128 1487
863 1115
931 152
1747 242
1913 222
271 1399
1860 947
663 561
1965 1504
1631 556
63 874
1958 1319
450 1545
992 38
955 492
828 854
574 1366
1572 1945
718 1380
164 898
457 1176
446 184
1692 1350
574 717
841 1969
761 970
1785 1740
1853 792
1448 1046
569 467
163 702
1678 1388
1145 640
1206 1635
707 445
1000 433
1041 1485
838 1029
366 1590
453 1065
241 19
296 1900
1675 972
372 927
1889 1650
1536 1346
1142 1714
1824 1283
1773 1312
1594 1864
1084 895
1030 490
1250 595
1893 427
1499 773
629 1186
1374 130
466 1946
1774 266
622 789
590 1123
1122 1381
772 20
520 1721
1145 986
1906 905
1115 916
1844 938
677 145
255 485
1362 923
557 828
1417 298
1209 82
375 1248
522 850
1405 867
1394 1288
1633 1216
791 601
2000 195
1322 361
1174 1182
1488 625
1806 191
1826 1982
1891 53
715 256
272 1728
277 485
1365 326
355 1713
874 483
177 1605
122 890
101 562
1611 3
209 1332
1535 123
359 254
608 842
534 166
940 649
251 338
1473 1450
1742 842
674 1801
1124 1061
1218 187
1034 781
1810 1384
438 1358
738 551
1236 1818
445 1235
1211 1816
837 305
1759 718
1044 1185
372 272
1807 836
1533 217
546 325
1443 209
825 778
1948 1042
1599 1254
1182 421
663 970
1500 1973
1369 162
737 1907
1638 247
1968 463
278 1995
370 40
1057 544
463 1375
1170 769
1633 469
1283 1058
342 450
1799 986
254 654
937 738
494 249
404 1761
574 1501
941 582
1540 1014
196 1539
164 821
860 570
1953 351
1351 608
675 1783
548 847
737 536
954 546
1473 754
68 1492
555 1734
1182 1792
100 965
799 947
1331 1297
257 1288
1896 61
1382 1048
1988 469
1497 406
1670 1637
1484 1982
1324 1185
1999 1271
187 568
1095 1810
717 1096
989 1763
1122 1784
1526 906
705 212
1849 1655
382 788
1447 614
45 732
63 1175
521 1909
748 413
1938 1654
1322 476
1216 887
1036 1570
153 779
356 1286
616 823
512 1426
581 1613
1838 411
472 360
210 959
1531 575
157 708
1390 1910
1898 1398
719 66
613 1739
1947 187
1187 1716
1459 443
119 1186
638 150
993 282
1563 529
1950 851
170 1760
114 1310
29 571
1539 56
210 1335
965 351
757 1757
1629 821
1352 339
579 1801
1193 1873
1280 1316
1709 265
826 102
1324 809
1900 500
1312 885
173 1677
710 1468
180 735
1157 1139
1030 1283
1402 1064
226 1325
539 1316
636 1459
1367 378
1893 561
1595 223
1519 175
1987 409
663 863
225 823
670 105
775 1564
1638 98
1878 989
8 678
856 1924
1297 1390
356 158
689 1042
1633 354
909 1100
741 1617
1202 1061
1948 1712
1293 1575
1750 394
775 1928
44 1174
740 459
1757 1446
1572 554
588 1273
802 1778
1703 1644
795 1612
1528 1164
1964 300
690 173
1826 1761
461 1147
1650 137
555 1459
1272 1087
1205 1161
137 1986
142 1625
711 88
231 1682
1907 1360
130 653
1571 1180
1787 1573
300 1033
1868 54
1942 1813
1483 16
1031 1038
1123 505
1607 859
1370 1398
219 1427
752 1665
1563 465
256 1482
144 110
1747 1024
226 1592
1715 266
1648 743
1514 1253
412 913
1207 1162
843 415
1140 1119
1327 961
1025 883
1541 283
1246 19
1601 32
1449 819
418 1425
1880 105
95 1675
452 860
1845 693
1151 146
602 1277
323 1524
1891 299
1213 1835
5 1396
369 1142
292 219
104 561
1573 970
1441 1184
1139 619
1379 1976
1194 936
846 351
1201 1916
1187 289
1883 1036
841 893
36 473
308 1382
1431 698
573 686
813 255
873 428
126 1644
1431 1375
845 814
1540 1841
460 1804
99 1026
1149 352
409 634
1015 1390
1763 1543
1854 1529
1822 423
1130 95
600 1278
1937 1523
1395 81
420 1521
1697 591
1609 395
1704 1917
1134 494
320 1097
103 854
311 1145
889 1445
1913 1434
850 1180
1058 1272
1387 975
1926 50
1195 452
715 1726
577 1901
1474 149
1771 649
1100 383
1547 312
1252 2
1789 357
83 597
1169 1586
1454 53
454 156
1837 1711
1710 839
991 79
961 232
156 782
675 774
1890 1551
340 1967
435 193
1431 455
1502 1421
884 1196
1148 1195
997 1867
1066 236
384 1772
1730 23
1967 1970
413 1211
990 1659
785 562
74 101
1411 1644
918 472
891 1846
1370 1277
798 1890
265 835
911 1025
1443 1375
200 1415
1275 1864
356 1174
1425 1649
887 978
1337 1117
140 975
1708 1204
105 1294
1816 786
311 1866
91 1839
1696 504
792 1274
1422 1318
1922 500
1002 507
882 1685
538 121
116 109
1545 1210
796 1329
464 1322
1167 802
639 1907
860 1672
955 144
1434 1867
747 466
1713 773
936 547
385 291
50 657
1710 90
1251 851
1325 72
739 1031
1650 1323
1281 34
105 122
220 656
831 144
264 746
561 884
1299 578
268 1342
1105 887
1854 1124
1882 601
600 1353
120 1683
1646 1930
165 1936
1886 917
1861 917
553 1129
1697 964
1570 1092
786 1318
615 1823
1076 1875
1690 1287
913 1581
1347 407
110 1949
1468 901
244 1431
495 1645
673 1689
1980 1244
1507 274
1152 1577
190 932
545 171
817 910
345 1769
1780 557
1456 1535
116 1912
1528 117
759 22
616 256
1294 263
1561 1600
1220 1535
1434 1190
1328 1517
1826 356
1964 1484
839 239
1524 1813
1985 269
450 1762
576 813
1699 1131
101 974
979 1772
50 444
1361 1965
1198 573
442 562
739 312
1123 1329
264 1634
1103 576
914 484
1142 238
61 1697
1716 169
1384 690
1956 1656
1829 502
605 1956
298 642
1462 1077
201 26
1769 1037
1268 1484
659 219
1388 249
1619 1723
1962 696
200 1586
73 1796
1291 1624
1567 1027
763 1065
299 1478
1867 365
1374 1563
1959 1365
1197 1241
1627 1177
1885 833
981 1204
766 110
1499 1871
476 1468
1471 1261
634 996
948 1618
1409 1984
1081 1187
1674 604
1655 1433
1916 1525
885 725
392 460
1775 1620
765 63
1703 1031
1891 859
348 1813
1673 1520
424 829
597 1056
1258 224
1477 386
1938 916
965 1726
1287 84
1232 1791
372 734
1516 787
743 1529
1369 1026
692 1929
805 1174
678 1388
314 1747
1257 953
1762 1222
35 1059
275 1552
485 458
364 1497
39 327
9 944
1203 1196
673 393
1616 655
1602 686
509 1317
970 1801
260 7
525 1549
691 733
1555 1456
13 1017
343 1110
1795 1505
640 621
1892 955
995 115
568 1496
564 1704
1594 813
1541 866
668 638
1087 1596
463 575
813 1922
904 1605
782 934
1372 1986
937 1707
1485 1757
1083 1946
1035 148
1895 1046
411 1564
284 1286
226 524
90 1109
929 1443
1713 1447
631 706
1939 1637
1058 239
1592 1912
1408 1343
1763 29
809 1650
493 1033
453 1890
919 1977
188 165
1611 1313
404 1699
1887 164
1135 1859
347 1612
169 1552
1490 1830
467 1539
706 985
753 202
1469 380
1549 1624
1476 584
284 393
61 643
436 1460
1828 436
1316 96
1051 1441
1747 828
1319 243
1881 1394
117 1505
6 778
1936 29
505 1224
767 1403
1064 360
324 505
1214 1982
243 203
1424 1452
771 1047
517 551
1414 319
1506 692
153 1868
886 1486
1114 613
1188 1452
523 1870
1506 1243
1819 1558
1525 917
994 807
23 1811
1473 1110
1593 1009
874 1297
1166 1139
1572 481
1120 173
788 253
493 145
795 683
1343 1593
1787 1202
1389 1323
769 728
760 1223
29 1652
47 1023
557 1086
125 567
1730 1612
527 1720
809 606
1557 1549
1543 1582
434 419
383 1924
522 771
717 996
353 1617
466 2000
325 539
680 550
200 976
62 601
371 1909
1860 1789
652 692
931 1527
250 1814
1908 1847
905 452
1532 1741
1633 1182
701 452
966 1410
1523 1255
923 248
1908 962
1372 1109
821 713
1711 840
1035 1935
740 927
1423 1905
535 1872
566 573
1125 1104
1789 1065
1128 1114
96 1613
1643 1347
101 760
359 176
1787 1478
488 1447
753 1517
239 622
227 770
1647 760
1138 1068
547 1623
679 1382
1894 639
1306 252
612 859
1073 735
1345 658
1884 628
10 411
692 1519
858 1043
1584 1041
1927 1773
1734 39
920 1778
1995 1381
194 735
505 902
546 283
984 852
1447 1199
684 109
250 962
1299 93
190 1750
730 735
1652 330
732 480
917 1605
236 1040
1878 796
903 1654
232 1839
817 421
102 681
1813 175
1778 1164
1831 1946
1520 868
1174 507
254 628
517 940
1176 1648
425 1628
708 793
783 275
1637 508
37 1655
934 1743
203 851
1067 1670
1404 881
1420 1006
667 263
362 1968
1858 618
57 250
424 531
1440 1667
1230 860
1288 739
914 1622
61 819
227 55
1610 1286
1011 1522
1234 506
1201 743
1889 1477
1504 933
155 419
14 490
805 293
699 1838
1197 1123
1697 123
783 1773
1356 1732
1748 1947
491 408
364 170
550 1839
1715 587
500 390
412 720
833 1688
128 1159
230 539
972 1811
1260 171
84 72
335 1764
1500 730
165 1501
400 7
210 569
224 1711
1428 1438
52 667
1056 809
1630 263
874 284
1081 714
1671 1263
304 193
1173 575
1445 314
1830 1523
213 1504
1272 1937
1691 175
1504 1581
598 1321
1465 1762
692 1138
1294 1576
746 1485
1144 927
1395 1717
351 1931
1545 1091
1669 781
71 1060
629 586
1998 1133
1664 1411
1834 242
1464 917
518 200
1415 90
1376 1548
1675 174
109 1939
1933 618
291 1911
1771 598
1096 1315
962 224
32 1609
436 207
76 86
1921 1656
1169 1779
562 1145
1888 1414
765 606
1448 822
327 103
184 143
576 657
1897 157
1770 405
774 1698
686 1070
559 1316
852 1298
1597 1348
841 1747
1281 1566
142 8
1045 1294
336 1317
1420 164
333 931
1636 1873
1190 233
568 484
791 1510
1977 1571
1829 1538
877 1547
1368 1689
1854 431
865 407
1729 1466
521 1891
300 678
671 1457
583 229
855 1280
797 1286
595 273
795 244
1247 1767
470 1421
767 489
1631 1604
1747 743
1892 452
1696 39
1954 739
1885 525
912 206
1481 1971
1029 765
1174 1534
254 1659
349 433
1271 958
1790 922
1368 199
796 624
469 1084
30 1320
455 1529
1704 904
1008 1782
1273 1564
1220 963
1681 87
835 1639
344 1418
1870 1981
855 1071
1155 952
664 637
424 1558
309 1003
1857 79
998 96
638 203
108 1074
348 1601
933 1947
1855 1172
919 1624
1825 961
1313 1045
142 1311
1945 260
1730 990
1200 893
1530 1500
1571 350
1843 741
1490 1671
1252 95
547 998
374 674
586 576
1179 1449
800 557
833 789
1628 260
1995 1035
1153 474
1197 1733
491 1437
978 1405
205 231
943 1993
800 585
85 561
364 520
237 790
811 203
1934 837
1994 1232
905 1654
1980 1923
303 1835
1468 1263
1765 335
24 703
1918 1535
847 1326
356 331
837 32
1378 1899
337 610
468 1605
175 1618
1637 22
770 1102
1146 723
1583 63
1420 1172
1413 109
189 1867
96 1126
774 1561
262 1357
1371 511
1546 905
1103 1964
1666 1234
1149 574
1811 621
416 748
1306 549
1582 1210
1112 876
231 847
1370 684
1670 1669
1317 483
1999 1047
351 1851
890 1993
1298 464
876 228
1803 1205
110 1236
41 947
1567 1216
720 558
673 1474
894 1792
98 1200
708 376
829 1963
211 492
1500 416
949 678
455 777
367 1997
1906 1705
508 425
789 382
1086 764
1146 331
1808 954
422 1069
999 1649
1992 1819
420 1888
969 1574
448 755
860 37
70 1962
1012 1944
1971 391
1429 1556
530 913
1427 1381
933 1792
239 9
276 5
1622 764
1717 780
114 1790
688 1713
1466 1880
1887 1672
1135 1399
1585 394
1142 593
630 1381
598 1587
1684 1578
1352 51
1407 535
471 347
1179 1058
805 1111
510 679
1589 1523
1040 912
9 1620
565 859
768 243
1449 576
1549 1886
226 525
1443 442
1814 1695
659 139
1178 1433
1429 883
550 1348
1447 1742
518 434
1415 832
1733 1989
1397 1737
338 1294
702 190
1982 1823
1297 1422
1866 841
1707 327
1873 83
771 1635
127 1897
132 47
722 827
1421 997
1151 1914
62 1948
1079 917
91 1189
1838 1934
1681 689
2000 1313
1319 1583
1416 1814
152 1519
993 1893
1611 641
1724 992
253 729
529 1787
631 1508
1470 364
1381 1329
1080 422
1908 1268
808 169
1091 752
1924 924
1070 1301
10 727
1765 522
176 563
1889 513
1179 1847
473 747
1395 1180
399 1175
918 429
1437 1139
1381 1169
629 1756
745 643
208 594
1886 182
452 855
1030 1814
1567 1077
1367 871
212 1755
1542 1097
1083 404
767 135
1302 246
12 999
1994 1960
204 1075
1115 1895
232 520
324 56
1518 948
1839 1646
882 1790
755 884
1640 762
207 1125
1990 1894
33 730
1162 619
1725 831
1006 551
1931 1433
1056 714
563 1238
1178 928
1794 120
1524 87
846 127
1169 1226
1978 380
654 1094
1408 1638
788 444
493 338
534 680
312 310
823 754
1957 1154
1477 456
1869 1014
68 874
806 552
1691 526
132 481
1110 1530
354 619
1193 1534
819 1443
623 105
1582 340
1144 320
1988 107
1672 1388
1335 1756
1616 1374
1766 160
1602 1153
261 1747
800 863
484 728
1542 209
622 34
1148 1810
684 1601
352 1466
27 334
1115 239
1906 174
1064 1215
1196 1400
1587 1037
386 1295
1700 1300
981 114
1541 808
1246 1574
421 1310
400 459
476 638
494 755
491 1052
1075 442
924 927
962 1857
210 1242
967 1700
1831 979
1410 1130
784 1301
60 771
405 589
242 154
1471 1984
1630 1627
217 1771
1118 399
1482 913
152 334
417 1655
1085 975
75 902
993 415
442 399
919 115
886 756
732 1020
1951 870
718 571
1183 1155
1407 181
395 140
1543 1271
1031 1955
1999 1773
351 1095
187 46
1995 1570
1810 270
466 27
1944 1828
1374 337
1104 885
1639 735
883 406
964 562
703 1411
975 430
212 1390
546 602
193 994
1175 497
1267 1360
917 481
1037 1540
1059 1757
465 482
815 1414
462 1882
1674 473
513 188
1569 1814
1427 1534
771 612
702 728
1645 1472
1880 1812
95 1052
33 171
65 1113
33 343
909 718
602 1376
146 974
19 1700
1637 1944
1981 720
1111 1313
966 784
55 723
1895 245
1953 1622
246 1210
177 609
527 1857
878 219
1360 694
721 108
1198 1550
1131 537
1774 1213
181 894
1982 602
1553 1130
1421 835
206 583
1066 763
1836 11
169 819
21 946
632 671
1935 497
637 1350
1900 898
1852 1065
1856 1400
1215 47
1217 1330
41 1597
1095 1541
1134 85
1003 565
1302 1269
1496 978
1814 972
1196 1523
222 1694
1366 171
31 640
447 1358
1174 1058
810 497
704 1812
132 1797
1405 1044
65 302
1386 1228
1651 632
1997 604
185 1441
457 388
5 1270
1289 357
396 1592
1328 1229
1794 730
1667 600
1036 894
980 1668
627 1341
1339 1487
1858 213
1074 324
636 230
1939 1976
87 1423
180 1584
769 1310
631 1266
474 1604
739 1560
1331 593
1975 575
176 1277
506 1693
511 1872
808 1951
1285 1427
593 1091
1649 474
17 1499
1249 921
844 13
353 663
895 1935
378 1346
1639 848
521 804
406 1318
477 1550
408 43
1330 286
749 1334
1814 180
223 659
1754 1213
520 1472
1994 1885
762 1823
1655 1740
1376 1995
924 67
577 1710
531 188
370 212
651 903
1866 414
1246 1408
1079 1899
1216 1875
1891 1408
897 1958
30 467
549 1345
1685 1671
1782 693
1471 358
1662 79
1849 125
929 27
359 1522
878 102
1230 1443
493 60
366 442
1219 102
421 1691
82 917
1168 1944
656 844
668 1676
1288 557
1161 289
1011 560
1557 451
547 1458
257 1436
1880 1172
176 1228
1153 566
861 1595
1944 807
1411 1514
1729 1403
1275 941
1986 1871
1298 156
378 81
680 731
438 767
1775 1436
1309 828
1740 448
1782 175
1082 1754
382 904
1214 1003
1055 1453
1740 1899
1885 1358
462 1332
273 192
1354 1474
628 983
1285 1991
847 375
984 899
1972 130
1884 982
1076 571
1047 334
436 1798
1474 1378
1270 917
1505 544
784 998
454 1702
1858 424
885 194
541 790
158 1781
417 636
954 333
421 904
760 148
1737 1486
1868 140
363 1813
1285 1304
862 72
333 1809
1906 472
1829 859
49 218
1407 419
1465 1704
125 431
1907 1514
863 1153
275 616
551 1475
459 1067
279 796
1494 1265
1059 1165
1923 299
378 1225
1727 319
430 19
491 1370
1674 1929
1217 668
1588 1413
1807 136
1348 1630
641 1972
1906 1056
509 786
1929 1007
59 751
262 1078
1310 1025
1613 635
815 1180
767 1115
1968 1047
128 420
226 339
974 375
84 1837
607 1587
715 1449
280 1786
1474 490
782 469
1079 321
784 1902
1713 271
1341 38
777 251
122 954
1187 928
987 1522
1657 1754
1201 1176
1440 1768
1763 750
1154 1370
1982 844
1749 591
347 660
813 1251
1018 355
568 46
1932 612
1370 1996
1843 1591
134 869
427 1773
1575 84
1670 1604
1950 1765
720 1412
1469 873
100 1207
1049 1040
1349 723
618 1391
1443 1094
1729 861
469 643
133 700
818 1004
45 1368
161 1495
730 1760
430 1778
790 270
1417 496
903 549
1910 190
1820 82
1626 737
356 1317
880 843
782 589
1393 578
1912 974
1965 1596
1347 1405
737 950
1921 1470
784 81
892 1042
1362 357
1946 795
1503 1554
177 1941
228 590
1117 1624
1800 508
1318 1032
965 304
838 1990
1894 863
718 152
481 1455
598 1394
155 1534
86 582
1635 561
478 1324
738 861
1529 702
600 1106
9 1685
141 1188
233 899
219 80
364 1119
480 1232
1217 1001
463 1829
1595 252
1056 920
550 1415
419 643
260 1669
1841 1856
1221 946
1387 1494
1239 1577
179 1647
303 1917
271 7
1050 1578
1968 25
1899 1295
1147 1634
1128 1530
1885 2000
1532 184
229 905
1061 1002
729 1361
1489 935
298 242
501 521
1458 961
620 1245
69 1121
1231 1423
1771 1126
422 147
761 765
865 1756
265 340
961 1559
1099 1801
1233 287
1238 1796
96 944
1219 348
642 1277
1110 22
1666 1256
1615 1087
358 1443
1984 971
950 1043
1504 1157
1255 1724
1495 1165
925 1019
233 1051
506 1329
1144 1287
399 1492
187 722
629 1949
136 692
154 1701
855 1519
1033 1439
1427 1468
1879 1496
477 101
779 519
48 1547
1174 1674
1634 873
321 1893
1355 328
582 1788
147 1969
1638 1173
1696 396
405 361
1290 1269
959 1261
836 579
1853 1902
197 247
469 882
1486 1597
1626 943
1398 473
1329 710
335 153
363 1404
1965 1969
185 576
854 866
224 42
1826 901
263 29
1865 1625
1591 1407
1081 1450
1049 368
934 1234
1252 1449
1125 677
290 1641
1093 1899
1865 246
1777 546
108 1119
1270 1309
1286 1558
1378 1647
1325 52
1307 669
1680 205
1661 1168
1650 1495
1041 1925
529 681
414 181
485 1835
201 406
1894 202
3 798
965 278
1042 1270
1956 505
568 1612
1045 198
750 692
718 1730
1393 320
499 1672
60 1220
1628 465
1312 1071
671 484
1211 1615
307 529
1653 770
346 41
1914 1026
293 622
1157 1241
60 879
957 1751
54 575
890 682
1556 1701
1014 1212
1443 484
288 1890
1884 1870
509 572
1599 1341
1913 542
1537 48
1376 1388
324 1015
1966 1455
1802 180
1841 410
1435 1225
504 1343
1082 1806
1651 1875
628 1080
715 1631
828 1430
1831 144
897 1899
770 1051
759 1991
369 772
242 1546
1365 782
1662 748
1465 1619
429 546
1266 1561
1067 1020
1681 1960
1023 1530
1484 1912
885 1705
1325 1468
421 1850
283 485
1981 555
1636 30
1473 1305
1396 1015
294 679
1825 185
1080 496
1636 1969
1908 1214
1654 430
1444 1325
845 1532
56 1560
1735 1983
831 1081
939 1812
1225 614
231 201
551 1946
1893 619
1310 937
978 686
734 1345
1925 813
374 1707
1337 737
113 1047
366 1395
1609 601
1457 420
1239 404
1839 31
117 1768
969 1497
818 1597
543 1848
836 822
624 1780
472 1089
584 1691
708 872
1926 1445
386 477
116 76
393 559
669 1054
134 1855
1518 1305
1914 1173
1750 1448
814 884
1558 1571
897 120
1135 337
1916 1323
249 1139
1764 1081
170 1981
940 201
1169 1088
1000 1892
264 1390
1940 1786
794 843
368 1022
1735 1095
1949 1408
121 1178
828 781
1038 1185
1765 703
86 872
605 1208
750 451
1659 1428
533 295
1324 502
1218 529
1257 45
1310 33
1628 36
1773 1101
1646 1957
268 832
35 1111
1356 935
473 390
346 956
1914 905
92 1704
830 458
445 824
636 45
484 770
1616 755
989 1339
1051 1824
1108 1155
1867 1410
1493 1495
1282 614
829 259
1327 1540
185 1726
992 1850
1832 1437
1486 1183
273 905
683 834
1252 904
298 492
854 1605
1574 1456
1580 1503
1651 313
1393 25
1208 1719
164 501
662 604
309 1772
1416 80
277 690
44 867
904 900
814 395
1441 1763
468 67
177 1322
1158 1974
1233 513
1662 1078
276 1098
1150 1002
1258 980
1191 392
880 146
1961 1377
421 708
919 69
1774 1811
1636 1572
732 566
1712 1052
241 1141
1695 1945
939 920
1059 647
1829 1059
162 583
837 1545
1748 281
950 1336
823 1578
1821 1676
279 456
173 197
1556 672
233 362
1914 1700
1930 1153
527 1465
744 1070
1528 154
723 504
1016 110
762 1630
1373 78
106 1954
497 527
1308 1759
680 1920
1133 1058
1138 129
305 384
264 1987
1089 1156
1711 459
614 1689
1075 1369
1612 1104
1439 244
83 1655
1121 1579
1118 1613
1805 1510
1662 142
1260 644
265 1891
581 1044
802 74
1560 1806
1577 1195
1023 792
555 270
1145 610
1149 1670
1318 1705
91 1017
1887 1448
1052 1129
206 525
1316 1333
1935 1830
1534 511
416 223
1210 272
623 196
49 1190
1727 1408
1384 388
833 386
1183 422
141 1603
1483 456
275 1585
1305 556
1734 1027
1960 1334
1796 610
622 1015
364 931
1641 205
518 722
1348 517
543 805
1816 207
218 616
1507 188
1983 474
349 1710
1758 935
1596 1447
1998 1878
967 494
861 615
1968 1317
715 1861
1400 1467
1594 1379
669 608
803 1714
676 396
718 1181
588 880
1750 74
1265 256
422 992
1439 993
482 775
980 1651
1804 611
1643 1463
278 18
1883 1604
1597 1870
253 569
1106 1771
75 64
940 559
1610 1927
1578 141
1048 1168
1320 149
1004 678
1161 1431
1989 1103
630 1896
1091 1286
1956 1794
664 1614
1264 1010
1338 601
360 1252
1603 721
1450 127
1384 1271
1824 372
1837 583
1575 1165
618 179
1065 880
325 271
1411 284
1249 1735
1567 1365
223 1248
1994 959
1422 700
913 1128
161 1923
433 1894
401 924
147 1616
91 1554
244 1620
1924 1982
1279 1580
1115 1543
1848 1368
306 1043
525 1657
1246 595
91 511
898 411
1006 1512
259 1359
651 113
1594 1755
623 539
1156 978
1121 283
1006 775
1693 1813
1340 1635
1753 1082
1626 1320
150 679
464 90
210 1650
747 665
9 664
1674 738
258 796
613 48
424 1068
1441 269
726 497
765 341
106 668
1784 931
1678 1173
594 1695
1687 233
1353 1254
1650 628
1046 1219
1117 529
1048 8
366 1567
1433 594
481 987
1862 955
1031 854
958 1778
282 527
1183 555
1942 1144
1268 1921
1882 1897
18 592
1458 1889
1325 1433
1796 725
16 1646
1337 264
1210 518
1487 1338
1711 519
1187 1172
1228 102
1283 29
1839 454
225 1833
1327 274
973 841
543 1283
1133 31
912 455
432 1201
273 371
847 697
955 1359
981 1783
1114 1788
729 282
72 563
937 1649
1345 109
1075 1847
97 192
1789 933
835 1390
874 392
1088 1870
516 495
1837 1135
1383 313
1258 1230
1872 1306
1925 1312
1005 1075
1731 1105
366 663
202 668
474 1241
594 906
1553 421
1624 1779
1797 269
688 1343
1027 10
1004 537
914 817
845 539
1105 1218
174 1717
1225 901
1901 75
252 1657
1236 1795
1511 1283
558 499
1040 30
97 412
1192 361
1395 354
934 899
1487 434
793 162
212 1952
1556 1489
1849 1353
470 770
1051 1307
255 1348
289 599
1182 727
691 1176
762 1896
1740 100
52 422
1839 1235
400 1395
1714 308
847 1585
545 355
1421 1730
690 844
1185 693
639 1459
40 1397
1761 985
1658 617
1771 442
803 1232
1301 1585
323 282
784 1816
1517 1834
443 1217
424 1175
1593 671
1177 1078
1685 119
530 411
475 1360
1565 1729
1212 1327
329 1054
331 614
686 962
491 162
361 1677
368 415
1512 1676
1530 605
1477 1202
561 1332
1956 781
1066 283
1269 1328
1504 836
932 1493
1077 185
877 1655
692 217
1672 1015
731 629
1658 1843
1584 291
92 1033
1471 736
1955 1884
1923 710
1189 1692
224 284
274 673
1620 1104
1463 740
1701 453
320 111
1016 1532
622 1316
1980 540
382 1021
737 722
988 1890
1142 37
778 1248
1721 360
1573 1527
345 1193
552 217
476 273
596 1846
222 789
1997 700
451 1134
1321 1887
242 1118
1594 1220
1231 345
403 1147
1346 641
122 1183
246 1705
827 28
315 480
348 949
1793 1571
1975 735
827 1721
1011 472
985 1481
1031 308
111 588
1070 426
1988 1769
1824 1690
1674 1704
1900 397
1974 1932
162 1931
1321 1920
180 704
1669 878
148 1738
240 1883
425 1243
952 1901
445 740
1014 1023
1980 388
1588 949
1745 1134
117 1244
1098 1834
502 622
1954 1527
778 1912
105 272
804 1036
748 1086
234 189
589 126
38 972
1783 1126
1274 1222
497 174
581 172
1979 309
1227 1064
14 1063
1467 1561
291 1812
534 89
1329 1844
556 792
1898 1839
483 1008
229 1300
1386 731
62 1669
508 1485
468 1380
436 174
1046 1591
846 625
669 1135
1625 1054
581 2000
1865 527
101 1542
738 176
929 891
454 830
1964 325
1180 500
403 652
252 1555
668 128
1565 514
29 474
548 1406
1943 857
587 464
972 270
919 497
1848 1637
428 1324
1004 255
241 1465
56 1751
939 620
1458 468
1700 471
1974 564
1670 1769
1635 1772
731 974
863 1577
1160 86
1683 98
615 1360
911 1191
1464 1836
1030 1551
1588 45
1537 1529
1021 702
1853 415
1323 1276
1786 866
589 1222
596 1445
520 979
1058 1121
338 242
190 1299
783 1038
303 592
1029 734
1393 1026
1640 483
1806 958
1700 389
1883 204
1623 1092
2000 1207
1801 1566
272 1999
1823 435
1035 1234
1188 1812
1863 840
1409 1685
1952 1592
1893 651
1524 344
598 19
258 757
1770 1292
874 1881
834 1056
1535 376
380 750
1217 512
1680 135
1825 994
686 348
1117 72
340 792
1694 1377
1855 814
1103 21
220 310
660 1611
1011 37
1509 1774
1642 1749
907 430
704 160
485 182
88 1952
1190 879
1105 913
484 381
1695 966
286 1992
768 71
1639 165
1402 1956
168 935
1715 1709
1399 1452
1814 183
1577 1432
251 822
1083 187
984 1033
1906 1792
1030 242
1588 824
62 135
230 1088
1853 1196
1064 1960
1140 851
1214 510
38 891
1359 755
1936 1208
1913 248
1152 1783
1356 1342
1966 114
1319 650
1428 440
1926 75
222 375
1013 1672
1921 329
824 1751
1100 336
143 261
807 502
1772 325
1111 176
32 142
530 133
1094 345
558 1992
1212 1077
1510 1218
1950 1919
1219 755
209 794
108 1916
443 196
493 1334
736 1944
1448 541
442 660
43 1092
799 688
1059 1323
436 1502
287 492
1887 1684
368 1568
199 784
93 269
907 1747
750 1425
360 1464
106 1348
1031 1178
1893 593
226 257
1955 1138
1828 1228
731 1316
312 1187
1862 1710
1735 1204
779 618
525 66
1242 756
899 1633
133 1337
797 834
1493 421
672 905
640 1667
893 1477
1495 1823
1968 1009
1133 1507
1354 204
1428 587
1928 691
1213 1687
97 359
634 582
1960 228
1446 1107
1547 1540
1819 315
1503 1842
936 588
248 1580
1263 390
516 1187
1106 191
1604 578
871 1321
781 1025
407 1246
1154 1865
1749 1468
347 153
384 909
1553 1377
1299 1259
1642 1624
799 1453
47 712
1792 1311
395 1551
125 772
805 1096
347 288
960 1243
1861 351
176 1679
1098 1489
120 1660
1616 1218
699 1382
480 1072
1381 58
518 1846
1577 1029
103 930
1413 1614
1911 1662
550 1383
963 766
1376 1329
1726 561
1373 823
1517 1920
1659 638
665 872
596 708
1848 415
192 1366
1373 1436
485 402
1626 1820
1421 518
962 1837
1720 1453
1870 995
606 1720
496 103
888 873
1625 1392
249 305
1738 1073
645 1515
1484 1957
403 930
1113 225
711 789
548 1684
417 1022
511 38
1070 533
1191 1895
1850 681
1945 839
453 121
199 645
1730 387
460 1163
369 1773
1507 524
1028 1520
526 278
252 1317
964 1319
1896 1282
275 1254
791 182
1529 179
1847 1769
1577 413
35 1970
1487 1213
1231 368
1911 742
832 828
615 995
463 342
1537 1219
622 1861
1335 1779
1382 1924
670 1631
1366 1320
1885 888
1101 1833
1246 786
1966 1815
1470 1689
861 464
1033 417
1930 945
1903 916
1760 398
909 1180
937 1117
185 800
37 783
1663 1752
496 1263
1725 1509
1245 251
489 378
341 1529
1086 1185
554 289
242 866
1590 1285
1800 839
880 1492
22 1951
294 1680
1999 63
1975 190
714 1131
1604 1960
1855 580
165 427
1804 493
773 1742
214 1938
1426 572
1769 172
548 918
499 1448
540 594
611 1826
1697 1315
964 530
1866 1561
180 33
717 838
532 1930
604 1420
1044 209
703 1576
705 823
578 63
394 719
1519 1994
1521 181
419 1417
437 592
399 1891
386 1518
543 1472
1511 1026
1356 1058
893 1895
628 1240
291 1463
1456 1091
502 921
305 611
1520 1914
1446 86
1785 706
143 531
1711 558
1983 821
1179 898
385 1247
1932 1141
429 962
804 915
1565 181
1591 1000
461 1521
246 1821
559 1892
1120 1310
569 1032
1890 270
940 609
1352 1358
1337 175
1032 1028
358 1598
1161 1373
220 239
1655 507
49 465
74 1892
950 1741
208 1726
1072 1059
1969 1835
1440 139
1423 1130
855 1856
825 1173
830 1874
1090 667
945 104
1422 714
585 449
1461 1120
1355 549
1966 7
829 1750
1613 882
1416 223
1043 896
546 1363
917 1959
1580 855
487 967
1056 1983
150 765
1718 390
1169 955
747 723
196 1899
1909 281
1983 1574
643 1324
443 1038
961 1169
1448 1129
486 1684
1985 1158
1473 938
1770 64
1198 1577
122 1845
361 1614
1262 1968
336 1608
61 661
867 1026
1320 1970
1465 47
1762 815
596 425
681 1656
8 178
166 1700
743 1006
780 1908
1974 376
1598 823
1893 120
821 573
1882 1983
957 1868
671 1250
604 1031
143 545
1542 47
1157 963
1715 1001
1457 937
495 1890
48 1417
1779 494
968 1384
665 1090
1514 829
1576 1328
629 89
1726 1862
1232 849
1061 1508
400 165
1693 979
630 288
1753 1912
1355 1955
1314 1431
1132 733
729 288
948 582
445 281
897 1152
97 158
171 1267
1843 1939
411 1664
1743 1730
76 1068
96 659
758 196
1622 1961
1925 1750
1375 1084
1546 1481
54 1507
1661 1298
156 1131
1578 806
1723 1203
533 1407
24 653
1038 724
1956 1919
1015 1997
605 1701
1815 36
1896 1144
441 484
1497 1491
1986 1741
1704 127
923 1827
1462 915
731 1927
240 1946
223 1055
212 1040
1771 1534
1051 1365
286 1017
1528 122
1841 1663
748 580
797 673
391 848
931 1779
624 1103
38 527
723 1909
1144 1405
704 763
1421 1720
501 1211
1813 150
33 397
1912 79
1271 892
153 1216
52 540
1326 1551
1644 1575
1884 13
1446 1008
1674 351
1358 156
595 1436
576 1876
1515 1826
1675 465
527 1579
55 1134
1023 1144
456 1778
555 46
885 1323
733 306
1039 752
1777 1617
841 1933
213 1594
181 832
1677 1850
743 1278
1908 1852
1596 1358
1137 1463
471 923
1582 1929
1695 426
939 429
1096 1209
424 1888
526 255
1514 1650
981 409
200 1212
1930 377
666 1182
1243 1988
124 1644
140 1737
1565 1499
1157 72
862 198
1148 1631
705 25
1533 1043
1587 1856
709 706
513 1919
1813 1294
898 1843
1705 1636
40 55
1169 69
1435 88
1898 1254
1170 1595
817 1697
727 930
542 1174
550 731
1873 1272
97 43
429 44
1997 1047
1833 974
282 392
1987 1647
1953 1169
1074 410
297 586
138 1742
1480 605
486 54
809 1907
1484 745
1357 1141
1321 1641
668 1234
1624 1672
262 359
1647 884
1705 405
1137 793
1661 972
1345 518
880 170
1165 275
1889 193
1318 1512
413 235
1856 805
1570 751
498 469
1669 1161
749 1128
438 1965
1175 1596
935 824
557 261
1514 1848
942 1729
1885 471
1002 980
472 631
1184 1804
903 1410
151 1401
1133 1975
1573 1578
1866 548
1979 271
1746 14
1047 727
1329 1762
132 346
1877 1188
803 1159
1520 1683
75 685
1208 1333
966 353
1379 600
574 826
1471 8
265 456
562 1102
90 1571
1099 1213
1290 1054
1510 1933
1915 1855
304 973
1563 1108
1173 1843
769 985
1963 1765
233 1606
1571 692
1440 146
1737 668
1516 389
25 91
1596 1217
593 526
1112 522
1538 1350
1084 688
346 1462
420 145
1882 1673
685 1691
1217 1765
321 1448
1356 1616
1911 82
1381 1413
703 1995
38 1165
260 905
1083 1913
1228 838
1757 286
405 261
1025 800
379 1015
1541 488
1483 1161
810 714
976 1246
524 972
1979 1552
1361 1817
1379 464
1921 1439
355 1912
429 417
754 1346
76 858
1360 1283
1471 805
1554 1627
1590 1097
200 1768
1651 1086
1523 672
1035 692
1844 1200
1830 1351
1539 118
365 1409
269 1070
1191 1339
972 1523
667 651
47 1417
1924 1183
547 1009
289 961
238 284
1522 1805
871 840
279 950
1084 1347
855 327
180 669
1268 444
1639 159
648 743
558 292
1664 1335
299 1837
452 1917
1355 1150
984 1107
1175 1969
255 1444
1399 587
1415 998
1973 904
894 1169
1968 56
8 356
1758 1057
796 1937
1283 1261
1693 394
291 1227
1329 1951
1823 292
1499 831
277 953
595 1202
228 1765
1390 455
802 1588
1514 108
664 1913
707 1617
1560 159
1046 1470
986 952
1731 1634
827 1396
1523 1747
1144 1020
249 47
1495 521
662 507
1091 535
1451 495
1812 624
1773 1996
434 985
39 1624
1621 284
1861 1293
1310 1053
1017 64
1648 1466
604 1632
1136 1646
1020 862
274 577
617 1071
1634 776
1083 1778
767 101
1927 807
1007 1738
538 1617
875 972
1449 781
1968 811
1608 1282
847 34
1400 1969
229 1735
102 95
1391 1953
1525 1695
1990 111
856 1514
1169 271
1561 573
1682 720
316 1212
131 1428
302 1403
1632 742
1173 816
195 1565
1890 1219
1770 796
421 1091
264 1154
474 419
1836 1747
471 1833
1350 1367
485 225
1004 1815
1338 83
492 707
890 671
1494 1338
35 1227
992 1830
1268 263
1766 2
1570 505
1263 1367
1464 660
1189 1257
1010 1974
147 70
831 171
1415 859
705 752
508 1747
463 736
343 1294
1631 973
875 1108
1926 1681
204 188
702 135
868 235
1613 1963
616 1912
967 225
1965 538
1474 215
701 1697
393 1776
210 1148
1132 1163
1428 1960
1960 1446
1785 899
881 241
1358 1661
543 706
1865 1391
468 991
1263 1728
754 41
736 1703
1187 1168
1353 760
986 527
933 4
1818 1070
367 1301
1166 1086
1552 1915
446 925
1463 1940
877 423
130 450
42 1782
1974 852
1066 1541
1022 719
315 1143
1197 729
1824 141
1529 249
194 1440
205 608
1987 1368
1037 193
339 1618
1267 1807
1189 902
1344 1677
1007 1631
1733 729
792 1336
278 775
1094 13
1576 1820
1043 705
345 982
861 486
711 493
731 692
367 1593
1297 1674
923 719
1442 597
727 477
1612 601
70 1856
1156 1243
766 1640
937 1035
1414 535
443 418
1259 364
1498 429
1992 1903
549 1982
1485 738
1321 577
1416 1015
1916 1354
152 16
1865 28
609 819
219 1022
569 705
788 421
308 1711
1950 647
1717 696
580 71
264 1293
1389 1027
1931 246
1698 1751
354 576
1072 1637
170 1803
1534 403
1836 1825
1021 1772
351 381
1508 1638
289 1648
1635 1249
752 706
874 1847
399 1931
92 1679
852 738
1286 951
742 721
712 1540
161 258
894 1004
590 1809
1843 605
498 1305
1987 77
223 196
1733 1617
942 1126
1631 1206
346 750
552 1532
1732 1494
792 523
538 1075
389 887
734 355
254 1129
741 1421
976 1719
266 1525
374 114
1580 1470
1833 1317
127 286
588 796
1909 1106
1125 1485
1146 978
1757 1266
1049 513
108 185
807 1255
1125 1400
1023 1548
500 307
562 274
1353 613
1636 160
1159 1507
1251 386
453 1727
774 903
442 500
749 635
1313 1595
1223 984
986 1257
679 1086
1767 543
743 183
1204 1979
1617 1266
1429 624
1324 704
950 1307
1381 1261
1040 279
1658 729
1893 1494
1291 1638
528 1958
924 1809
1747 881
702 1162
1555 1654
815 1513
1728 66
416 810
1147 1082
1880 1853
1806 549
651 229
1513 1640
197 1319
693 1222
1603 7
994 1487
1711 1805
990 1604
994 850
1169 1118
643 947
461 1748
1146 1330
1952 1239
1459 1333
1149 1703
1887 1417
960 1649
786 82
940 1670
1698 362
100 215
1186 54
10 1851
358 795
1105 46
1586 853
1859 1960
1649 1449
1937 1191
78 1288
1109 543
1402 1547
666 1489
798 1310
1840 1742
1141 878
1874 653
1946 1987
673 2000
1369 371
502 16
285 566
1686 1995
571 1009
1267 588
1765 245
1140 273
98 165
1260 1923
875 423
363 203
628 885
381 1050
1271 29
828 1603
1301 944
1960 1180
937 1765
1909 1191
298 1961
888 585
1864 1209
1199 486
1266 1826
1032 405
1448 299
1713 1505
184 676
1240 141
726 1192
541 696
1703 502
548 1908
207 1773
1491 380
1592 337
100 1455
656 221
1012 1143
107 381
363 1832
384 432
1105 1206
1377 1609
1430 88
950 1686
1070 179
1847 393
1976 718
1483 1178
387 409
844 1360
360 1559
401 1296
244 464
433 1671
1355 648
237 633
701 108
811 950
1066 188
1899 983
278 553
1493 778
1853 1326
31 291
303 1102
1246 562
935 329
1751 691
1909 1569
1827 131
817 362
1852 310
574 1374
1167 1747
523 1932
1688 1002
323 142
620 1416
535 1157
1524 854
867 1613
1238 588
1074 549
392 309
64 1074
1081 263
1135 1322
696 867
55 1056
809 1476
880 1204
461 1865
922 1261
1823 1909
1650 919
527 342
1523 1799
1034 6
852 733
706 1923
213 421
231 1948
151 102
1864 1636
1695 476
1257 736
1225 1070
1077 21
1338 1815
71 1668
622 797
532 525
1768 3
744 1312
78 1343
759 1306
94 399
1980 1448
382 913
1447 997
1475 1200
211 1803
1119 61
1559 1200
1799 1761
1683 1844
110 833
1739 224
1591 1859
390 1241
1354 846
1907 1022
1561 1300
476 1984
1909 1324
1054 1031
1307 1888
210 832
284 1503
575 486
1690 536
897 688
915 1851
1805 326
309 911
638 275
696 1142
1643 874
1071 397
940 641
1429 1216
304 1983
1149 1225
1763 1633
1997 839
1200 533
61 1037
1642 1498
21 1958
1458 853
1133 971
1040 1682
1474 165
1109 1564
28 1385
1014 400
1780 1831
346 324
844 1739
1010 735
521 696
1148 921
244 347
1388 1928
1994 837
712 45
1675 1854
1544 524
1765 1266
1899 832
879 1219
271 933
1322 1257
278 1987
1587 543
1859 1282
1758 1504
923 1070
1151 612
1732 1489
1979 217
842 946
937 746
1732 503
298 916
1460 722
1296 595
72 1861
1446 549
1049 829
316 592
482 328
228 420
1139 1646
1427 1912
664 1976
537 1454
1622 1281
22 1034
1632 1597
248 1225
1480 660
679 172
647 1254
1989 1127
1677 1893
354 225
100 973
1744 218
402 299
738 1447
653 674
1337 1243
402 1678
1469 832
1654 1193
39 563
1879 789
1750 533
1515 1550
731 1087
583 54
325 834
638 176
560 1413
705 172
1295 373
622 1223
433 289
843 282
1659 100
705 1545
596 178
778 1155
875 141
1394 1207
1481 1984
1910 855
310 1752
843 1868
1013 23
1054 791
524 774
1866 1817
1294 1830
469 1129
1958 249
1540 1910
1977 974
1347 1156
1739 731
1884 1445
1111 819
1433 1086
1245 381
272 286
1088 56
1360 1341
1789 1376
1099 920
601 1054
1143 1191
202 546
795 1271
979 870
746 39
1048 965
181 488
1984 145
61 1154
430 580
1441 742
506 819
1137 1807
1490 439
1727 1992
971 1099
1112 1831
1273 957
261 465
28 1532
597 1277
1494 1125
1729 1788
749 1353
1455 1070
518 1583
1648 492
48 369
1994 712
1443 322
913 1843
1575 1498
910 1157
200 396
1948 1533
592 894
1696 850
357 1646
375 245
1089 1965
1507 740
898 836
903 1321
1608 217
1036 418
1923 289
598 1405
2000 931
916 288
1658 799
1329 1877
1400 515
1760 1567
1188 1048
1818 1506
1252 135
1172 452
171 1668
1080 341
544 334
392 43
468 798
1692 527
96 937
866 1669
1166 866
1883 156
1332 142
29 443
359 660
1046 1524
1191 245
435 124
933 197
1272 1095
668 1866
1801 1888
1908 939
877 360
333 1418
1352 1102
911 547
685 963
1268 1278
173 498
1494 1672
742 1261
1189 1570
1090 797
223 1576
212 1539
27 853
433 222
1207 1154
1267 943
589 1255
1475 934
1147 709
1608 849
1682 72
624 1618
1042 272
1802 1029
898 83
370 706
222 611
1202 165
545 1198
1188 144
363 1431
1852 239
1301 607
1400 278
1273 8
1916 742
1992 1198
1540 348
1770 1170
966 765
182 140
76 647
44 1584
867 1172
1932 230
25 199
530 1116
1865 221
1504 416
908 318
1800 624
1546 1116
517 613
421 1161
940 111
1176 1575
873 404
725 1499
1466 1943
986 1757
1027 321
642 993
681 797
1804 63
1382 23
1649 848
1135 709
1039 1781
1158 1668
1769 411
831 1928
441 81
851 538
1017 1798
1683 1275
1298 1063
1621 1151
1884 67
590 245
558 1219
518 1946
1367 391
1425 900
921 1635
1747 422
1344 1140
970 1031
1399 534
1907 226
1574 1310
1809 834
1493 1193
375 78
857 507
472 919
1032 945
762 568
1260 1359
531 999
1435 589
404 1927
759 405
941 1192
1248 1278
1561 1987
196 1377
1831 1871
1321 1306
1231 1339
1630 1079
1478 572
1812 180
32 173
1067 919
936 1683
880 1621
1346 66
1198 1059
43 623
1883 361
1777 302
1819 519
1636 598
1117 1233
418 1323
1982 79
1749 320
972 416
1364 1954
633 664
1530 406
1059 1224
1191 1683
605 578
1444 1334
533 1265
1382 1338
738 1713
1183 1131
1937 1651
1465 1214
1483 901
1582 659
201 917
111 1406
148 756
1914 355
611 862
756 1309
24 1919
134 939
855 1115
2 113
1256 1432
1134 1157
1091 1539
1422 979
325 1681
1164 1222
864 273
128 1323
663 501
352 101
903 298
338 72
1177 1486
1133 607
838 872
236 943
785 1660
923 537
1241 1542
1114 1852
1518 1286
1873 789
476 1569
1543 27
1289 1176
544 1345
948 1495
489 494
330 1066
807 1580
1524 2
537 56
23 1053
991 1231
1678 589
721 1503
1478 1827
235 1115
1371 1445
1890 655
334 1629
64 1434
1629 18
1474 352
1319 1857
612 698
1737 145
561 876
1331 1856
697 1879
88 1034
337 537
1179 1248
1031 3
1324 15
593 19
79 1080
1988 38
166 1501
1015 860
872 470
1017 1171
713 1110
9 51
636 6
1722 121
267 711
483 86
1517 1642
1495 433
924 163
430 1792
345 20
1728 777
1122 539
564 1837
854 151
1633 908
1686 1782
273 928
1764 1582
404 1802
1167 7
1477 801
916 1105
588 982
775 1262
853 470
1738 1104
1724 1027
1238 1543
424 50
1770 1729
541 633
871 1750
654 136
968 1935
488 1209
329 251
827 596
1124 966
1492 1644
1952 57
1592 16
725 1917
174 1005
1968 1784
1004 964
1417 14
1822 1426
351 703
1077 633
252 1348
932 8
625 522
971 1634
833 1329
1109 1864
1418 943
1185 936
1962 672
1766 1946
832 795
48 1802
1846 1110
1247 1299
624 477
1122 436
382 445
663 654
1290 1524
66 1954
543 180
1424 78
672 803
1500 249
1998 616
1834 521
737 1599
165 1086
1287 1505
584 138
762 1516
1392 647
955 293
701 1305
1980 1304
83 1630
1630 806
68 1213
1985 653
1035 898
115 433
1678 728
1939 1368
1039 1126
1448 1501
569 276
417 7
1304 509
1673 1528
403 212
1553 594
693 1563
135 1781
1585 604
195 406
71 912
1564 1910
1412 1531
884 1546
1766 1474
411 22
870 1645
1299 727
1504 663
516 118
402 1015
1382 778
351 424
1352 1431
637 1779
289 1755
1022 1111
837 1444
505 1388
1930 110
39 383
1570 217
830 94
99 464
1918 697
906 438
1349 512
982 117
103 1140
1247 427
1178 1198
518 747
811 383
1108 1279
352 1144
652 825
320 306
1376 1131
60 1271
1175 719
271 393
165 182
458 128
1608 378
1435 1526
1613 1675
815 204
524 1071
888 944
584 770
1029 6
1307 1676
19 465
423 1127
967 1642
1248 1924
747 1487
203 301
44 751
1024 1301
853 347
784 830
489 1608
1819 870
492 82
276 1222
1823 1218
1258 1120
1159 1294
181 1231
1735 91
979 154
1041 107
888 415
1191 1977
1945 685
930 1222
1034 1012
1571 1831
206 265
1527 525
174 1559
877 1068
1750 329
1451 1253
632 1893
916 1429
307 1123
1653 272
420 1794
240 1403
1097 142
1537 1977
1247 1156
412 1098
1959 1478
1768 1973
271 1281
1754 1256
1274 510
1809 281
1064 336
513 254
384 1731
737 1716
610 1210
38 691
273 1957
1936 1776
974 95
232 1964
462 371
531 526
602 1314
1234 51
1877 939
1167 1765
1259 396
62 1528
1794 433
323 184
620 1346
489 704
934 1608
1169 1025
1277 96
1226 942
1618 92
1151 488
933 1532
114 1834
1957 1481
1078 226
1173 1594
220 886
1931 470
327 1623
1428 1493
264 904
1223 1648
1135 100
1557 1866
1105 81
863 353
1255 1059
1292 1071
1125 633
780 1819
517 1874
586 1990
1796 1179
1303 1449
1500 621
1660 372
48 781
652 270
786 23
828 117
438 1314
970 1700
186 1175
684 1402
686 1598
158 1873
1500 1268
1267 739
1210 1376
225 1792
1802 262
1239 601
1511 1492
305 1436
607 147
1990 1282
210 1299
51 1837
549 22
175 1971
1637 759
404 699
1623 420
1681 869
719 1718
856 1640
265 847
694 1708
1782 335
55 1890
777 1072
1925 1335
527 656
820 1934
269 640
163 389
866 732
852 287
1938 366
488 522
986 1801
487 455
1124 1047
623 1192
93 973
1476 1344
1066 1448
1614 1130
554 1220
441 261
653 1808
641 412
346 394
1914 1447
1178 173
313 1559
1224 1827
887 1029
525 514
1044 534
1542 1151
438 1585
509 863
1069 965
1457 1791
1253 1940
465 153
317 1112
1488 837
677 1020
1947 512
850 1504
101 1086
709 1323
1594 343
930 148
1783 873
1757 215
1790 1951
1474 1625
411 745
508 1555
1873 9
145 601
657 674
1724 1588
1173 298
516 1763
163 1309
334 1026
442 1356
908 1397
1543 772
417 1462
1117 1437
700 1015
1396 596
442 995
294 64
264 51
372 1084
1776 1050
1262 117
1135 233
1631 1607
17 301
347 1058
1894 1818
1970 842
630 483
1589 916
906 710
907 1412
1850 1048
1741 249
731 620
625 33
971 61
459 865
1607 528
1842 1148
1291 718
445 462
775 886
1602 432
186 1050
1309 1022
673 1840
1242 259
45 1317
624 1014
695 1263
1827 1230
324 1607
755 1309
868 1028
886 453
1845 1022
727 835
1580 1105
72 903
993 800
1554 96
224 3
969 1844
69 38
1155 55
1655 840
1985 868
131 671
650 949
1957 1576
94 1254
1159 628
1971 1554
1915 596
776 855
1737 1613
78 39
1744 1436
1876 1693
937 1042
718 335
1624 194
1776 1805
144 1804
1942 84
1190 713
53 1408
998 212
1552 333
1310 386
851 475
1017 1991
9 1834
378 1035
855 1551
1914 1322
1642 1848
637 943
1973 1423
394 139
712 130
1646 956
1025 60
1779 813
1961 1496
292 1217
1456 144
139 776
1758 1429
981 731
70 1354
305 1854
1928 1150
1329 1795
1877 1093
1513 1662
397 651
58 1525
535 869
1707 1230
1805 1337
429 1402
726 240
947 1433
1125 1786
682 122
991 244
1678 1428
1950 153
43 684
1060 1131
262 1486
1763 556
1191 47
1431 1564
776 74
1403 77
10 1422
213 133
1320 1671
1193 927
990 967
1843 1653
202 1126
155 52
1937 1852
1137 106
413 1908
473 921
1879 992
251 1564
1687 294
1567 839
357 684
818 942
412 931
970 117
988 1774
684 971
723 791
672 727
292 765
584 1443
596 1698
1453 1349
1573 1016
1518 1217
1831 560
1678 830
1644 451
1386 479
532 1565
797 328
987 440
839 699
535 1654
1145 1888
1724 380
1150 287
998 24
447 738
1371 1250
644 1760
1987 1811
1488 618
339 1037
529 766
1288 1033
1200 885
319 181
1792 1213
1066 1154
1741 1270
1206 160
279 1798
141 1209
300 294
1243 806
1515 573
829 855
1669 1018
240 1711
1109 913
1381 156
1664 1302
452 1884
1316 521
1083 782
952 380
147 218
1528 1711
331 1469
1899 608
1682 1414
582 950
1087 863
1322 1289
1055 1985
356 371
1241 1279
1717 571
1926 96
254 1430
1329 1976
1626 1982
1877 1482
722 700
1241 596
65 199
337 602
687 1294
1079 536
1904 276
1446 261
1547 234
701 466
1916 1995
697 189
1630 1897
392 1920
961 1745
1736 977
475 1105
184 290
631 6
1680 792
304 871
1099 368
1046 1369
933 176
700 669
1963 1983
1989 1159
1305 1385
301 1606
107 251
1396 1285
220 1594
1105 1584
1571 1147
1486 288
706 669
872 1709
162 895
1896 1696
918 302
279 224
1243 1035
731 1503
641 971
1136 1677
865 1985
1948 1374
1732 1780
223 1607
80 991
1648 836
1906 516
583 1157
352 447
426 858
98 687
45 1012
706 1594
815 1776
1606 522
1893 128
476 16
1036 1850
540 593
944 354
796 707
989 942
930 1741
1997 957
789 134
443 310
941 75
227 1576
549 1834
1685 1248
881 778
1840 1635
878 1458
348 329
777 727
1897 1162
1745 1434
1479 1392
57 297
1198 252
1680 11
337 36
253 1641
1117 1012
815 1737
1320 650
1232 1974
1952 907
1345 1225
1843 630
10 32
358 528
1635 760
56 862
932 967
1324 65
1822 448
42 337
1967 665
1508 1682
851 753
1144 1624
1930 801
261 1878
477 1071
1374 1370
484 1520
1537 114
797 225
564 284
1228 267
1032 614
520 1940
236 1769
850 1089
98 1978
345 1727
1410 1215
1979 562
644 251
736 1292
1329 1077
563 461
1024 841
284 250
1688 480
1764 139
1086 1947
1568 630
1289 123
1805 1059
1572 818
500 1844
1476 375
50 1607
1252 1562
259 734
1219 647
396 194
1636 220
795 1784
813 527
118 361
407 962
1938 58
103 1164
533 1100
354 1531
1988 864
1628 1311
129 1179
724 1753
1810 1321
1490 57
1022 750
35 352
1603 1303
1430 337
1094 335
1999 1376
1345 1752
1697 1682
1100 157
1388 171
1690 589
784 1107
1948 261
1148 1055
311 1769
695 1614
1475 710
293 419
1652 526
1246 827
673 1862
77 344
638 140
1271 668
1626 957
1682 1810
1386 1618
168 1464
1439 65
1245 146
934 1931
1671 1350
327 1229
443 1900
1053 1259
523 32
367 948
362 1396
675 1917
1270 1066
1673 1446
1770 994
1523 1768
686 607
156 446
693 321
1788 514
884 476
1822 1744
1038 1123
743 1451
379 156
1767 1460
438 1299
206 1375
166 1542
653 1316
1635 1822
1171 1711
1621 1887
420 729
793 1717
99 410
1648 1863
1003 944
993 1852
1768 268
412 404
1196 1392
1362 1160
1050 1350
973 685
1271 1540
1241 1489
1156 306
1764 1947
796 161
1852 1754
1121 1344
927 1269
620 1545
291 571
1213 272
1909 1075
430 1611
1347 1794
1365 85
814 453
689 1408
1208 144
1139 1124
802 1889
1724 1256
1655 180
454 436
1383 593
11 569
511 1322
486 869
527 977
1800 67
1114 326
933 426
881 1157
421 646
1458 1575
732 1012
1342 731
845 1331
1709 1054
1218 1755
441 1961
1589 504
706 999
252 1681
1515 434
1451 1183
823 1640
332 1029
1017 379
890 1771
1791 1655
1483 1294
307 1069
180 805
1044 1970
1337 936
1033 1267
1157 1789
756 144
406 1699
154 852
711 1971
147 1541
737 229
1256 787
1182 575
193 1351
1101 1717
1839 1531
861 348
665 497
1608 1623
390 991
229 18
690 612
1559 212
1107 141
886 1436
1146 1645
62 1318
1001 474
784 1648
1674 561
1713 29
574 617
1826 980
1484 1372
573 1051
1491 1544
1060 1831
1252 1891
396 1376
1272 1477
1735 894
757 1247
206 591
100 246
467 717
319 852
1596 556
1444 1793
1317 1053
1483 939
671 1990
1727 1478
1864 1560
134 619
1635 1931
510 1404
680 1277
1824 586
39 298
1607 1489
666 1072
1918 530
1556 113
1425 529
1653 1075
1761 1717
1814 1465
738 254
1562 1655
862 1888
1821 403
1164 1978
1606 959
1973 72
894 1361
603 1540
353 68
1214 100
977 1051
1899 1836
222 1670
814 187
1532 1695
901 109
70 934
437 1441
697 568
796 820
1386 1076
856 87
531 1773
175 1925
1658 1964
1909 1208
1220 1159
443 865
1206 982
1379 1598
1819 781
1985 37
788 1095
1365 1663
1238 1511
276 1171
1939 1984
1039 1934
548 1899
1212 466
682 1189
1546 1502
239 568
151 323
760 273
700 1601
1032 612
409 1020
975 108
360 1826
281 1496
1497 1530
1974 1636
1261 1879
906 1531
535 130
1411 346
1911 999
1455 1329
99 824
1881 560
742 18
1496 1618
1350 1176
16 1316
749 1326
730 1174
1676 1913
255 1681
695 1876
1108 871
1380 1228
391 875
767 1502
303 1135
1813 1752
109 1868
810 1393
1260 1229
817 395
1718 1711
909 1403
420 992
916 41
789 805
441 229
759 539
595 618
292 816
337 814
104 975
676 1277
1124 653
1409 248
237 1030
164 937
881 681
145 1447
1808 1790
777 886
403 1819
563 688
694 1481
1343 1389
1597 760
1159 317
1444 239
1039 667
1248 504
248 1373
322 188
1389 1486
1815 1000
1387 53
1894 309
414 1075
1135 179
1617 208
1285 136
1762 1980
478 1978
1331 582
300 1274
173 1028
826 1026
1215 216
1381 1696
46 1929
1545 1977
1464 212
786 64
256 1243
590 1098
1526 790
811 1567
299 963
1726 191
737 647
151 1904
1182 1945
405 1639
98 475
1094 581
222 704
1758 748
335 1590
324 1545
584 1250
1174 1201
1467 1209
1811 1488
1778 361
450 1359
948 754
1047 326
164 33
1379 270
1679 1649
157 808
537 698
1365 1924
1639 821
1957 60
654 567
1357 1100
942 1890
226 1033
580 399
693 680
515 380
1631 330
591 9
1735 1500
794 301
667 553
1684 1902
1977 988
1098 223
778 1729
1741 1463
1377 908
918 986
86 1896
1508 1070
1702 1918
745 234
1646 1292
9 1808
1759 535
452 312
572 1293
1305 72
1874 1643
1570 708
935 559
1588 1421
281 432
1224 1944
288 1620
1892 1051
1108 746
2 1430
357 1562
1809 569
1376 1630
472 608
123 1788
252 86
878 337
810 1508
1700 805
1192 323
755 1592
1174 580
1176 1933
1933 1533
404 1672
595 759
287 1282
1336 52
1688 852
969 1274
1674 299
994 543
443 1295
1939 965
235 609
359 1183
920 134
184 225
1286 940
1826 1669
1622 1312
1767 1887
979 1138
1318 285
1191 97
1364 1707
776 1972
1571 671
1041 632
281 460
506 71
1048 605
953 1788
1854 1638
296 281
939 1849
1236 1209
1935 215
362 1333
1542 1730
1183 106
1646 35
1683 23
1171 1003
641 820
1127 1498
1348 1201
9 1888
889 1580
1726 42
1007 1320
1177 1071
889 73
762 185
1424 460
1297 82
672 1393
160 1653
236 672
1947 1976
467 1368
1202 209
1474 618
533 1521
393 1341
1114 1541
893 514
803 1894
1722 1808
1068 810
1566 1081
97 415
856 1672
1169 425
1997 1251
1390 1817
1851 1305
1358 615
454 1557
1916 1045
964 1941
1012 39
650 622
96 1701
1596 1800
1632 580
809 1927
1673 634
555 679
668 1118
760 39
283 1528
529 1319
1742 568
1262 1094
1523 322
384 101
1862 1997
1052 640
169 1189
561 155
1555 1159
985 1035
805 1296
720 516
861 1610
1660 1500
1529 582
1095 883
1759 1432
876 939
629 749
1014 1081
945 742
1941 480
899 1473
1007 416
1182 924
564 467
1025 71
1334 203
624 1358
1043 1290
1256 685
870 1688
1746 1847
276 877
741 197
232 1591
346 35
531 891
1947 1165
1820 1973
1047 1347
1176 1816
1877 1040
1326 1294
562 979
374 1793
590 198
252 71
175 1452
1086 1882
606 1920
496 191
1307 1455
69 718
235 730
1397 1296
1233 279
189 1817
449 152
1500 1820
488 1954
661 1147
866 203
646 9
591 1034
24 1284
333 774
673 138
1149 524
986 1284
1299 205
1269 1607
718 1015
328 1946
1896 143
522 1186
1218 391
21 1113
941 579
572 264
793 1377
1918 1203
281 1461
1616 141
1741 324
71 436
989 1873
938 1521
1973 1591
1016 1733
1247 1562
1334 1139
1344 1835
331 664
995 625
1295 1968
1758 454
165 1317
1910 13
1619 1872
1068 1082
95 1744
1181 1397
129 595
1778 659
1725 120
715 975
277 24
44 245
583 263
708 284
1794 819
1420 1870
1245 467
1674 845
1416 1109
1067 1155
846 390
316 1173
1950 1098
1420 497
122 1124
246 1382
802 824
1265 1294
456 228
1498 608
234 441
384 1008
598 1537
1204 1102
1617 1583
1264 1489
750 700
141 940
471 421
1875 147
780 323
1829 1426
28 1622
1575 754
263 711
895 1494
936 1976
180 265
1456 974
1583 802
1874 952
398 1543
518 480
244 1131
1528 1540
1606 515
320 523
942 1472
1334 838
52 114
1961 1272
843 857
1839 943
1359 689
1936 1158
243 713
635 219
1096 343
1654 916
1852 886
1859 50
1152 1712
690 1631
1439 1694
911 1389
1808 1119
740 261
1663 462
1743 1057
987 1232
696 163
327 1919
661 875
1690 888
1883 374
781 342
654 28
94 1781
1546 874
181 1494
336 1085
24 1423
1276 661
1458 1766
1401 789
252 845
1412 479
1083 635
1080 1555
1072 856
953 947
805 178
383 410
1403 227
989 936
1402 94
300 958
906 1079
604 1772
240 1287
2 80
705 407
1849 1970
1235 804
299 1442
1242 694
267 412
1866 933
1355 509
1747 975
1821 1452
1009 825
405 6
1134 1734
1991 296
1721 956
52 1869
345 1021
610 1971
1947 142
172 1298
1435 466
704 344
63 591
1061 308
1499 1835
1488 1300
1785 98
1289 1209
1499 436
1598 1920
1833 436
468 1848
765 1598
1978 330
1427 1728
1724 186
820 1412
1964 873
534 766
96 470
1350 636
1445 1068
89 1555
234 556
1251 1301
1984 1990
1232 1883
1237 1866
1539 1744
174 1172
623 59
990 1498
510 768
21 763
1529 856
1098 1043
503 73
159 653
1123 956
1914 913
1581 1982
645 1634
1847 1447
318 38
636 37
159 1254
855 773
1687 1002
952 92
274 56
1196 839
408 1274
1934 621
331 1693
1574 1716
1726 499
864 1219
1627 1910
6 1262
1036 879
536 1520
815 344
192 1428
1675 1500
1554 493
1089 911
13 190
1075 588
97 1321
1890 1560
1778 53
1213 486
1146 955
595 1971
620 422
87 803
1800 1554
57 756
689 539
998 1647
1060 1534
1168 1516
380 1202
1378 137
1491 474
1989 1447
227 565
1288 1564
1963 568
1656 950
1306 973
825 1671
884 753
1970 340
21 1395
928 1179
1665 1366
713 1999
512 1725
219 1318
39 1139
1349 826
858 839
752 1486
641 747
1268 910
1030 1203
666 78
135 1182
1227 1024
1722 1335
804 240
1821 1057
888 1107
1991 1693
190 1991
1002 73
472 1492
1703 349
310 24
1504 1030
974 51
1933 228
1995 1861
192 1767
1644 854
1822 528
1208 1106
606 1385
878 1682
1365 1448
874 1525
1775 1661
663 208
1085 1797
4 512
96 609
795 1335
1343 1757
1498 378
954 1436
1523 165
1184 441
1419 302
1724 1319
492 83
1412 573
1526 29
1165 1562
16 1200
1614 70
1950 1683
678 802
1411 1043
1257 1535
353 1789
906 425
1469 125
180 1658
894 864
1639 1978
237 419
832 1613
673 1999
1016 1262
889 1888
470 1799
730 292
165 87
1311 8
1064 695
203 511
658 88
377 1902
1151 1602
1259 1400
655 1669
948 433
1054 786
574 303
1259 741
687 20
249 120
1600 551
1503 470
1586 582
1792 1751
334 643
207 179
122 1933
961 939
908 246
1099 205
809 1627
1143 1520
511 361
649 726
428 1875
1165 1670
1389 636
859 1425
914 690
1377 1568
1716 795
799 1985
10 575
137 1418
653 279
17 1289
572 937
812 1912
1192 230
240 1069
1930 1340
1432 1002
560 880
1533 435
230 188
438 1669
73 759
1881 1371
699 360
1376 1821
1047 1702
271 763
1009 1608
1486 234
1036 141
1732 1970
909 1329
259 784
224 579
1513 89
542 237
104 1017
1079 414
90 180
1946 343
885 771
1206 1779
1865 797
1497 555
987 1547
415 1058
1120 324
1996 1245
573 1126
548 1096
1466 1495
1636 559
15 21
474 1833
1110 722
1949 1634
1047 75
1532 1185
1465 105
990 716
1824 1268
1755 24
1077 60
1937 1067
148 1212
1469 930
1141 1413
1824 671
1918 583
1570 1391
768 1985
1162 1135
1021 1287
1766 1319
1323 293
1934 327
1606 992
652 595
1835 1754
470 1170
1175 609
398 963
589 1492
1606 1359
723 542
691 1896
1297 787
335 1656
1435 793
324 1587
1778 1976
1036 1464
1679 422
139 590
1884 992
909 94
1227 47
1540 1556
1361 1137
1273 349
1536 1339
23 176
719 1687
442 8
429 249
302 121
69 146
765 1493
839 946
733 427
1819 208
1671 851
1360 1755
1770 1050
64 318
1318 676
661 1711
329 1934
22 507
1131 169
126 1867
1426 1661
1564 315
660 1861
297 878
1509 1532
757 327
1015 1971
1497 688
1596 132
1748 63
383 549
1824 1543
1381 1518
1995 1338
890 1483
895 1890
1817 834
383 1118
1729 414
1803 691
1487 442
558 1942
1857 1666
1567 1734
1828 70
1533 200
876 1101
82 44
470 794
1051 1299
899 1054
1913 858
1765 1241
832 1067
1537 508
1682 767
1334 394
1668 1470
324 331
695 324
370 57
397 1130
709 1579
1410 1825
1619 153
1986 748
1626 1671
1294 727
1725 1073
1561 16
1319 256
535 1265
1416 609
1524 706
777 169
424 1183
523 445
1865 650
373 1188
1685 127
1703 1482
809 600
57 803
1546 1539
1240 788
1915 1888
1592 1469
1597 1256
644 1946
1048 155
1604 1732
625 1144
1984 1447
1931 352
164 1612
799 962
1956 821
838 620
86 257
199 34
533 1998
1345 344
169 219
1557 1979
1476 1682
231 397
1783 993
1102 620
823 1045
1882 1732
558 526
1418 535
103 1411
1814 1177
1370 1638
1927 1434
1111 1400
439 561
615 632
1874 253
193 495
1959 1797
382 997
1128 1206
331 601
1350 1281
1115 1533
430 95
658 834
1195 1641
868 1083
259 1813
5 825
1845 991
266 635
909 211
1873 1082
1068 860
1711 1018
1326 348
422 1362
1865 1794
765 1386
1662 1759
885 357
96 1791
816 436
1920 1192
788 502
809 1869
1982 1594
721 617
1512 1292
1952 1785
776 886
1353 1800
529 610
711 1406
1502 415
1472 862
333 244
1165 341
245 536
907 45
735 1335
819 809
1317 1642
1767 1850
805 1350
261 322
1999 1950
1695 837
833 881
394 1847
420 1119
1930 726
521 524
1275 1309
666 1583
1921 994
808 611
85 597
1501 1747
622 420
13 1156
306 910
899 1677
1635 1058
1196 403
1860 186
520 1064
357 1653
1809 748
1356 513
1064 1573
1732 1704
59 604
393 99
893 448
2000 956
1831 1828
1783 963
1658 772
246 990
1024 66
1252 232
18 1615
171 1695
1471 78
189 330
248 1427
157 1472
392 52
689 1794
1390 122
1872 277
696 98
1397 1318
1678 774
1145 905
389 937
443 971
1578 1425
417 1260
1710 1092
329 552
1110 996
428 1316
175 1791
1994 635
605 740
231 1693
199 919
953 1623
630 345
49 554
1635 276
1683 1404
645 886
1529 1953
136 742
1494 353
339 993
1616 199
1761 1058
274 524
1987 544
1406 712
1062 436
1334 1417
745 252
1599 663
446 31
1841 1115
1327 48
889 28
942 22
551 141
1096 649
1481 497
1843 1381
1047 38
312 1824
1838 279
828 376
775 803
1188 1820
1720 434
512 633
694 401
418 1572
1307 714
1250 1937
228 547
1597 229
841 844
1577 1105
1085 433
736 26
1958 1412
29 703
801 1298
75 1825
1977 1950
1313 619
1684 1614
155 1437
1603 1942
1031 417
939 1865
1398 1138
911 295
958 95
1766 81
648 677
41 1191
1701 1482
1083 815
1186 162
59 1479
1055 333
1279 1143
271 90
38 883
935 195
1297 1514
1871 1280
909 1232
1820 1986
496 1657
1650 101
501 428
1612 412
227 1962
839 1804
145 1596
595 1904
1932 1863
602 888
959 943
711 12
885 1735
1622 1536
1357 422
108 1908
820 1738
806 1953
972 441
1092 1262
776 148
743 812
926 1194
1811 76
1603 814
1698 1306
630 212
441 1200
1384 984
1829 336
1084 393
625 500
1769 1175
1882 1502
629 1584
597 774
46 244
731 1340
71 611
1694 661
1037 142
1038 1303
1247 1457
573 1438
804 55
297 811
1893 442
829 1988
1366 661
63 1436
1795 399
1394 950
1246 175
1326 789
552 439
458 1386
1530 638
607 595
393 541
12 369
909 1021
1986 1221
164 1716
1107 404
1075 1438
1199 492
23 595
376 818
1506 1342
1547 1596
454 1845
152 195
650 334
1971 492
1902 1344
689 428
1438 1939
366 1231
50 670
1798 655
828 1303
1023 705
1118 603
1650 1336
1117 981
679 1886
1686 1161
439 673
121 1256
598 1642
257 1814
509 1107
1370 354
710 1207
1284 1250
1639 342
1758 934
793 1545
1458 1879
180 1849
1337 1988
1500 978
1924 1640
1092 622
117 958
1406 1898
230 1271
1134 1613
338 1257
34 1346
875 1042
82 1031
370 526
574 178
1185 10
1297 615
345 1688
109 187
1195 64
1536 4
374 33
263 1417
104 453
1409 738
1252 390
97 908
994 498
1308 41
1716 478
20 1253
1448 755
217 1707
145 22
1800 1628
1351 1847
707 1944
1703 142
68 1094
1191 506
464 886
1237 8
1830 1827
29 1025
713 1014
1502 100
241 1115
1698 1425
1059 761
28 619
946 34
840 545
1022 777
533 514
1109 1983
521 1470
205 1213
798 1790
1494 1931
891 724
1026 389
913 708
71 724
631 852
371 262
1261 1681
357 999
1056 282
1542 1056
1835 1078
67 47
11 1473
1447 1424
956 493
158 891
808 224
1765 778
1181 1173
1718 1956
160 651
1520 591
1006 718
185 808
1271 137
1668 1599
999 1795
1155 963
175 921
1706 1895
1321 643
828 1999
1752 729
410 778
1155 1360
802 24
1703 1046
1618 254
1872 835
1551 1238
43 228
1168 1673
835 1021
1281 430
308 192
700 1218
199 1797
215 1851
746 1792
372 719
414 1336
1868 1461
1307 144
1727 1394
208 963
1102 861
1584 111
1914 1002
318 155
16 1957
404 602
1157 838
1119 176
1747 1562
550 1546
59 1261
331 1856
887 35
1994 1813
1809 1091
1991 1375
1101 937
440 1696
1341 1690
128 1954
1254 1064
575 326
1025 1369
859 245
430 275
1834 1805
1580 793
1029 45
898 1569
693 1293
1467 1968
1792 252
1927 994
1513 914
958 348
620 1640
1358 1290
1898 1057
369 540
695 1363
115 1104
923 293
429 826
235 119
1023 1730
991 692
1473 221
1379 1685
1438 1293
979 1640
1800 98
1159 1313
1691 1647
993 432
1915 953
915 1826
1831 599
959 1785
467 1650
1755 961
1670 1094
1741 686
953 659
238 1927
1861 1977
1734 185
1113 309
1367 1036
1817 515
240 1255
351 1031
364 1749
1407 1996
1275 1089
498 1699
514 1675
1189 717
274 1360
898 86
260 1795
1339 1730
375 600
128 181
1926 1213
1772 1933
151 1131
1308 1404
33 264
729 987
803 380
40 1084
1986 815
1213 1465
1114 658
1167 1676
1024 1718
1132 1711
1072 723
1245 1864
860 490
643 1300
150 1040
1365 1283
1053 1345
467 1484
225 237
1427 1952
1618 117
1067 505
1106 417
1699 1944
668 580
1592 1148
1666 799
1996 570
820 831
269 1551
1191 792
753 372
336 1600
167 176
1110 680
757 1200
1832 1158
907 633
1484 15
808 750
1730 1661
1179 993
1218 777
1215 1747
1956 1263
176 1128
120 1946
1759 1942
1584 410
1861 1174
480 1758
1425 498
1664 1878
1003 522
749 34
1129 412
1606 926
924 418
1376 1247
1726 211
970 288
864 1827
91 1289
128 1853
1700 1190
875 357
437 1410
842 1618
1728 1678
1373 1957
969 377
1409 1012
1107 959
828 164
759 1392
523 1090
270 1229
1028 237
1956 1044
1654 1762
832 464
1053 1582
1800 237
456 354
511 452
1498 1250
264 1897
1691 69
906 863
1015 1989
1172 726
416 1871
1211 312
950 1616
1529 333
1497 1499
1411 699
1729 468
862 987
779 5
299 1599
894 456
1376 71
110 443
705 1385
1992 1885
1094 433
1802 1598
6 1789
478 1004
1760 172
1171 1184
531 642
1248 1008
1520 885
1390 1044
1400 811
1289 1286
1921 53
1520 1296
1598 1391
1706 1105
1801 719
309 225
566 594
908 1956
237 1440
103 1755
885 1331
276 589
573 1201
99 879
371 978
1624 792
1477 1248
598 11
943 50
234 1302
674 987
1868 1699
1656 425
1551 123
1981 1436
238 906
1864 1442
441 612
166 1867
342 1248
1338 1993
1197 1138
839 1883
261 1302
1204 873
99 209
1494 416
1648 1164
1044 503
1210 987
1141 949
382 1332
244 609
1874 260
502 297
1859 1209
1687 1760
274 1553
1853 728
1320 1174
1966 937
435 1093
1696 157
969 1304
1055 1418
1115 1463
836 700
1758 719
160 1561
768 989
341 1453
1271 852
95 475
817 1753
690 169
2000 1902
1089 1665
1547 807
973 1026
643 1423
1630 276
1441 1360
1920 484
1409 1582
270 1112
1872 604
1592 769
516 396
1821 583
25 431
500 79
834 1915
262 1776
696 1076
269 524
1982 1632
445 755
1957 1650
1313 1935
361 400
1541 1864
921 22
1647 1297
245 558
1765 638
611 1062
1582 164
1430 145
950 1967
939 1686
872 691
141 1096
1084 1472
604 26
1669 796
1395 257
1704 1613
742 168
929 105
431 899
1542 1665
735 1713
1599 1068
255 1339
371 1474
357 1595
1668 1387
424 786
1926 1959
1841 137
1030 371
259 1111
504 1104
893 278
729 1325
628 1289
1234 306
765 1437
602 184
657 1481
1838 1381
994 574
1012 1323
93 1143
1517 306
1535 1977
1597 942
475 1279
348 1383
1609 392
599 1790
283 244
1371 277
615 134
1585 1023
333 946
562 1393
1165 1171
743 1131
1066 444
326 325
354 1734
1112 530
1977 1554
17 1822
1356 421
81 1431
300 695
1017 195
1556 302
1807 1850
1157 293
274 706
1842 623
1484 1424
1483 1706
158 1104
1768 1447
1473 1678
1309 1487
225 1
1366 980
1260 47
709 319
250 436
1839 1859
697 883
879 1119
847 417
1806 972
335 253
266 980
33 807
1979 1576
909 1106
19 1268
1986 1284
1658 217
58 338
1771 1866
411 1134
1921 1431
249 741
948 1215
1833 163
470 1753
638 1597
754 1402
888 1848
1074 9
1169 1375
177 465
1673 667
901 912
149 91
1717 950
1078 752
1728 697
1034 634
1624 374
61 1220
1255 936
1186 657
1977 650
107 1162
471 49
926 571
1430 1836
699 786
1160 768
1874 840
88 765
383 1470
844 1980
1657 1576
978 1674
78 380
1533 40
1266 930
952 357
571 1741
117 895
1899 635
617 159
319 664
1101 245
1087 806
1856 1336
426 1771
1714 524
1717 422
1278 983
822 1349
1958 1155
1640 1672
418 468
1771 722
1167 1903
323 1570
1142 1706
1637 229
457 1652
897 1783
1644 1223
687 650
959 913
1590 1993
1517 167
362 1723
1036 1091
486 1069
1043 1543
55 1356
1964 490
1800 1307
1662 1319
1092 573
246 473
1099 331
968 1239
1466 1210
1749 765
336 1441
248 557
467 269
557 1147
1656 703
310 1163
130 327
238 668
1822 762
1776 388
1084 1113
653 921
88 197
1430 563
699 1575
173 308
1828 1214
752 1735
1065 506
1723 797
1930 1982
1010 1155
1879 1521
408 635
1097 1577
1574 53
1324 1862
13 284
1908 1906
128 1438
1514 642
942 107
836 938
1336 562
1119 361
1214 1219
437 1633
273 1536
570 1910
1047 1768
1434 990
1718 1127
967 1105
830 255
842 406
1090 1612
496 806
464 793
1259 235
523 1509
1561 517
929 1870
1711 1663
1321 476
1307 657
1662 447
1678 384
1770 1441
1533 548
820 1040
1784 297
389 305
1755 405
449 590
1938 740
1869 592
340 893
1299 1122
515 1715
1237 1254
919 256
1913 1251
1186 292
47 1306
743 1545
568 1651
877 1647
1543 288
985 1265
1123 1463
1255 1478
1292 1356
812 390
780 1464
1372 1859
775 92
823 518
1508 286
629 1363
975 891
337 1690
1669 1515
1485 1628
1641 956
1588 733
352 1296
1351 1020
917 1491
1050 1432
1290 395
1645 621
386 1193
443 645
1541 946
1306 654
868 1590
1273 1090
1294 322
1863 1911
482 1777
782 150
487 1972
217 176
1321 1364
1921 1905
959 538
1978 606
1413 225
1505 1152
246 84
119 1758
1173 1109
1337 413
94 1748
642 1835
1585 737
1788 488
1530 456
1975 1216
946 305
245 1968
1027 1776
711 1931
1193 152
1769 1147
368 1677
990 198
921 509
21 1295
319 1842
1098 263
1179 1830
74 175
997 1864
332 1899
1764 505
466 437
944 1100
713 428
1046 528
1622 1722
1765 1366
832 974
779 713
1348 1422
622 1947
910 1697
246 229
818 986
1809 241
635 1888
610 1874
98 1214
1057 1169
1188 89
1725 814
1619 279
1525 1516
1918 870
1414 527
556 291
1319 646
530 1198
1909 162
1379 1131
425 841
1056 1094
429 1896
302 1038
138 23
765 100
1028 1044
968 218
1212 933
1151 460
276 249
1364 600
1364 1841
746 339
1713 1482
515 1852
499 1290
1938 1342
1080 682
1977 412
715 1560
761 1971
130 1193
314 1558
611 1812
424 170
1762 1037
678 726
572 1869
353 1665
1842 1761
1791 710
823 1869
378 308
641 1356
1337 31
1429 1015
1196 806
1715 814
1401 1440
1701 847
1348 761
1991 1425
624 659
292 1611
165 195
405 1844
1327 1581
243 819
1954 265
1905 1605
1573 1137
771 1791
736 1264
810 155
1091 1685
602 281
175 1883
312 1299
1892 404
627 838
385 1261
1229 1027
1478 1013
122 386
90 1160
1586 1010
221 334
1365 1745
777 1880
424 240
448 842
1777 101
1830 233
497 1829
493 1102
555 1247
806 1665
1472 1691
1774 1850
1080 290
75 1330
573 1128
1052 216
1642 1256
1787 1921
1280 1718
1211 633
1436 655
1144 522
1506 241
1135 1886
1542 878
1141 409
1563 1734
1779 1071
698 894
1821 1026
50 840
520 678
93 75
1242 1395
1366 1397
1207 947
1408 1128
1029 875
1619 1543
1714 37
373 1485
1739 634
584 200
12 593
1248 191
1301 171
911 1950
298 674
1272 393
1990 329
210 470
1132 1633
969 1327
1231 1887
424 1416
302 917
177 624
878 200
1964 963
419 1103
38 502
1219 1804
410 1338
1836 1703
979 1351
889 191
1445 1394
587 598
1546 431
700 1199
1625 494
1887 874
506 274
1285 298
1324 320
646 348
1622 895
1204 670
1575 953
1944 77
1310 1618
1289 993
1095 1556
779 1738
673 323
1941 1952
520 1598
1076 199
818 723
1708 1744
1007 1029
589 1600
956 837
1871 1205
70 959
734 470
1693 993
556 1310
5 544
524 528
1905 123
215 1863
127 139
1162 714
1792 1981
1042 100
1266 1882
606 63
1270 454
759 1708
576 254
848 1395
1145 1411
562 385
1883 1725
283 672
108 1679
1705 1633
788 963
711 590
1610 1966
675 1717
932 1886
1557 1338
1040 1567
962 1215
858 1110
990 1815
674 1933
1660 687
920 1709
946 1449
1515 152
700 1697
1462 929
1621 1496
1450 1285
1987 1078
1369 1523
894 97
13 1979
1874 368
398 1231
695 1871
1934 1454
1016 288
1667 72
1177 81
458 1009
1174 1947
243 145
619 1971
1442 887
1651 1763
143 1582
1400 245
1114 559
210 1613
1169 870
1725 1245
711 995
1107 1690
878 1592
1471 369
1187 774
1645 1277
555 208
1666 439
698 88
479 136
1438 149
1000 417
873 949
947 602
1412 1324
620 176
1666 1295
137 216
118 1695
1135 154
689 466
787 114
1603 428
402 172
900 179
960 590
1861 1004
1956 1092
166 1152
713 1290
1356 228
826 1131
1123 755
1893 475
812 1098
1402 422
477 1445
1464 61
702 647
1235 1102
889 1934
1210 1092
894 1701
285 643
988 1990
437 888
1470 770
1608 547
1613 1474
391 1647
462 1317
1559 1224
737 1441
1359 1610
1174 1198
1202 947
642 530
1884 967
1912 820
609 1813
1075 1820
893 40
1883 615
1460 1826
959 1445
948 1150
1081 647
765 1526
1741 1166
1510 716
1441 971
689 814
1872 1521
1005 1036
417 611
1712 958
940 889
1168 156
227 840
1281 595
414 336
515 263
220 7
646 958
1864 740
1490 1623
1077 917
503 1212
1105 640
369 1976
1824 1574
957 791
1900 369
321 1769
87 43
106 317
346 332
219 246
71 1129
1178 239
1376 152
41 1454
996 390
1330 482
1224 1889
1701 1777
1973 1148
1571 130
1959 1081
862 1515
1323 1655
1362 19
1415 31
323 167
225 714
1260 1014
695 421
1910 1624
702 451
1573 1560
796 1832
1718 1619
215 832
272 871
1308 999
298 924
266 1922
1386 703
482 1853
1852 1252
1561 241
1266 857
164 805
1107 1319
369 97
258 1098
62 92
1932 308
1319 1866
567 1249
1713 1979
809 697
1673 1836
795 1018
541 18
1060 1062
1332 1795
609 613
1466 1405
89 211
1982 861
642 1431
760 1944
61 909
997 1601
1755 1897
1723 547
326 371
1888 216
826 859
519 1740
1015 381
739 601
1303 1632
1914 593
1842 1086
339 885
1849 234
1888 1344
553 495
666 662
1164 1721
1457 641
1261 1659
525 1905
307 958
1479 1820
1599 259
1468 1799
670 1217
317 935
1562 1687
1082 1501
38 1183
1640 351
538 383
829 1230
1903 377
1202 806
1075 12
1294 1838
363 701
30 1511
1960 1658
1086 396
934 649
1771 1668
1681 156
241 1909
1132 186
765 1291
839 516
878 1114
740 1379
1625 463
143 1831
1546 1233
774 476
707 523
1901 1563
1850 1195
1124 1880
1730 901
921 1961
1490 1738
619 1936
1755 1146
176 208
1512 930
1232 1631
322 1901
499 1582
648 1214
1847 239
466 905
1635 1469
895 1204
1930 713
480 1217
498 54
1567 1576
906 17
1360 1212
641 1584
1374 1058
585 1622
1779 1422
1122 919
1235 748
1348 437
230 1516
1025 126
767 1247
472 532
1009 1811
697 1969
1859 1655
658 1680
766 1738
935 1936
1353 1132
574 1012
789 550
559 1457
1326 1527
1421 821
1188 1024
634 1487
1901 1366
51 457
1340 1786
1139 358
1547 191
1840 899
990 734
1434 860
719 1226
1816 334
1111 212
961 1542
802 1538
1339 1001
704 1507
1201 1252
949 277
1717 244
1812 1612
1205 896
407 1617
195 951
308 766
315 1578
29 1816
598 235
409 1909
1792 60
471 1267
826 1006
764 1898
1670 1728
1762 1569
971 1908
1033 1009
1079 624
896 1198
890 1932
318 1773
191 865
982 596
452 679
1962 958
984 1821
1399 285
945 482
1846 1348
66 717
1560 513
772 1365
1468 1946
1309 1434
823 1206
1327 977
889 61
1613 1260
232 856
1521 1244
974 966
116 490
651 417
1972 393
673 343
1518 1155
344 757
937 1356
1474 1149
842 1366
1199 376
1046 1517
962 777
1250 1211
344 1104
69 1901
362 1017
1358 667
627 1935
422 919
1753 1660
1238 1149
424 1756
1300 1552
359 1556
1286 1575
812 898
1717 961
188 668
156 1686
711 1232
1655 390
1149 368
144 1221
819 1171
964 1960
1303 637
169 662
646 928
618 379
1003 1327
1549 726
1053 198
154 1441
1690 1664
712 331
1210 470
1599 1292
1267 1839
313 256
520 1906
896 1150
412 204
1779 116
1468 1189
363 249
109 1730
792 338
1608 76
1758 1218
621 507
930 480
476 814
1018 262
1181 121
1377 1119
1598 762
196 1385
1361 1449
1658 1345
1064 1493
496 3
973 527
214 1693
1272 964
1085 1370
1452 707
993 1826
1812 1751
1777 294
654 5
514 635
933 114
1092 1229
1677 1159
559 136
301 1672
10 1271
364 136
840 1082
1161 1612
1656 788
1582 1276
1550 778
918 1613
560 953
1499 1452
872 1771
1465 1222
1317 429
1483 957
990 1643
1031 1267
1324 1407
154 1405
996 1257
223 1863
1229 1078
855 1107
514 317
1807 121
260 657
1847 817
1945 969
1809 1730
772 1496
101 444
1274 236
723 94
1644 1630
905 941
1394 985
1813 1147
790 1708
462 97
1241 1550
1376 775
687 115
1006 610
868 1926
443 372
1591 927
323 970
1743 192
1506 1473
754 1626
348 271
901 1243
1590 1377
495 711
1542 723
1378 1491
922 1953
1343 1843
1168 381
1938 785
1318 1795
142 556
1781 351
1592 11
1948 30
1977 618
1015 1523
1377 538
939 35
1937 1368
1785 635
731 389
1653 902
234 1855
518 1801
13 1487
590 1831
311 962
1258 1132
419 904
1401 1518
818 1426
1064 1274
1998 285
1857 121
165 265
1751 127
317 478
190 852
651 1442
1959 1982
490 1010
1778 1639
372 631
810 193
1877 1297
1121 1525
298 1872
994 405
1757 1152
980 1888
1319 1509
59 351
936 262
1180 57
733 349
1039 246
1131 1393
1925 1989
1466 922
1138 655
435 346
1502 1768
774 949
1793 1139
529 26
107 50
1366 542
1232 615
1730 506
1292 641
1589 437
409 164
49 381
1596 471
1741 730
721 1057
1854 779
1748 266
351 1048
521 1503
466 94
742 1935
911 1946
1003 141
680 184
1450 1476
1258 1240
498 1615
1976 1328
48 1794
1537 1060
103 228
786 1040
1892 1720
223 995
578 1262
1290 1532
193 1204
762 1615
364 326
533 1303
472 1533
303 1303
1020 1803
1362 1986
1214 1059
697 1496
1820 572
1718 1927
33 668
782 1187
837 138
879 357
1909 1816
1400 52
1877 558
1326 1820
1685 992
450 319
1983 1168
892 1468
1655 1385
878 1787
1206 1949
1420 752
1812 722
1173 24
893 749
1484 1263
643 1985
853 1771
135 1773
95 1364
1876 1916
927 1539
591 740
725 1562
296 1051
301 1130
598 1792
1908 1549
1836 78
1142 1997
111 387
21 631
540 649
611 1867
134 446
1541 1670
360 893
1069 291
293 279
477 1254
597 441
281 907
325 646
1634 1256
1708 167
1754 997
1722 1579
1392 1870
1795 1489
677 322
147 1483
255 682
1132 206
847 1218
1555 861
524 1063
33 1540
363 253
1361 566
555 870
1831 905
1893 573
150 1836
1630 1565
1266 1808
214 1447
1804 1601
316 1703
55 425
149 1336
265 1127
1039 1915
968 1570
1244 1035
1318 774
1604 1039
963 461
647 1586
227 905
264 1693
1223 895
1117 408
1186 1192
1269 205
1838 171
1822 1281
174 1567
1458 12
1935 546
1063 935
402 1242
1937 954
1791 1589
505 521
251 1149
124 1253
458 1039
1030 1095
528 1987
851 349
1369 1465
1316 144
857 1357
401 931
382 336
1489 588
193 1281
670 1837
963 293
306 1120
783 1494
1689 1867
1084 1641
183 438
1290 902
1917 757
1790 381
1356 1478
102 802
822 1991
342 285
1006 884
1467 226
291 1649
1400 191
1146 1967
1909 30
482 1276
1506 1259
203 982
1916 1570
1510 279
1113 1231
410 1008
1028 1332
569 425
221 1254
4 668
1346 1715
1039 596
707 471
580 1903
527 352
1117 512
142 774
239 1286
325 345
997 386
446 408
15 1937
1465 80
513 775
241 1766
1345 506
918 1146
907 1027
1665 1839
1137 888
111 1961
971 184
240 142
1243 1952
67 1487
318 1825
7 141
48 773
604 1278
1501 1384
1189 1894
1450 38
571 1203
1380 1943
320 133
818 700
585 671
1228 119
592 1709
737 564
435 1139
850 1773
278 258
1940 692
236 504
1174 1252
1488 667
596 1948
1329 1433
5 603
1405 1262
817 1613
1024 541
1227 6
784 1478
897 1273
385 1421
258 1973
1593 1913
1422 1176
32 582
454 365
570 1075
435 1649
1131 1639
87 1605
1371 916
130 1417
126 181
809 1775
1286 1899
1855 1646
238 478
170 1427
1553 436
813 443
1318 1368
642 37
1624 127
1509 1475
1497 607
717 815
1854 573
74 1586
1029 1142
1542 1618
427 814
724 968
1515 847
339 426
1003 1651
1141 185
666 1857
615 294
751 249
1001 400
1542 1781
659 760
1487 1542
1499 177
1620 1993
133 737
1885 1563
1846 671
1335 1839
472 723
1834 1003
892 1595
1839 1218
1454 1316
1933 997
232 1823
1294 1121
342 424
420 1474
1089 1437
916 495
581 517
1016 526
1810 1946
1310 1991
1067 1782
385 513
1517 414
362 1952
1505 1282
283 1880
1827 267
968 1472
1578 1177
1262 1766
1998 35
462 1792
439 1121
1041 973
1647 37
223 1291
231 1987
1504 949
235 1349
579 939
75 1505
1773 1723
1893 310
166 273
1697 11
226 100
194 1850
1704 1337
1791 1451
1796 361
855 671
522 8
735 933
78 1368
975 1994
1425 1973
1809 1302
1634 537
784 1838
285 1326
1479 1878
1913 1622
1171 1866
1839 442
1401 682
778 1265
1700 1096
1336 827
1820 21
6 322
1308 1825
1543 461
404 982
277 320
1607 1219
1307 1807
376 5
196 272
1743 1596
1416 1405
599 1522
1872 1446
1408 1045
1143 1265
239 259
758 1297
1756 552
1041 1877
264 1971
1908 659
1781 139
1984 163
1412 1972
93 858
296 1508
379 629
1670 1291
257 1595
1112 1913
1905 634
980 955
756 1865
1040 154
24 1949
1096 1831
1171 1044
1669 893
41 1473
1134 697
641 1998
698 485
1267 1772
1860 835
956 1837
1853 1030
297 1973
1246 1815
545 495
1369 418
621 700
1958 1237
1926 493
916 370
1801 1528
1220 192
1873 1269
1237 1806
450 924
1960 663
69 1190
1916 1864
1296 1115
1277 258
1742 1949
541 1880
1572 562
1300 847
548 980
1413 488
1673 1927
1012 1005
1074 1184
297 1920
1198 1898
1438 949
840 436
918 1126
700 514
972 287
426 1356
591 1095
24 1783
725 433
642 1662
1767 917
1179 724
1822 878
1292 973
1936 1060
872 1578
895 886
1450 1125
423 603
812 1386
1842 1259
1185 724
880 1978
431 1816
952 625
1291 1820
371 1627
652 338
1973 1764
1115 644
857 692
1290 1800
317 1010
635 1659
1283 927
1500 573
158 1409
458 1484
1638 891
1721 1153
464 1497
941 1641
1227 300
969 12
1810 955
1946 933
1397 197
719 1001
1648 1084
728 596
1874 1799
1023 423
1818 1975
1146 1523
1592 964
714 1870
1781 16
824 194
354 849
554 1216
1193 1268
289 1018
130 1470
1621 552
1527 1481
72 1528
159 597
1803 432
1402 1941
1879 1669
498 99
350 1472
1369 1048
16 1096
472 1731
225 1388
77 696
1156 5
811 59
1129 68
1406 1988
1134 1718
748 1090
1913 1520
552 1261
310 749
1984 900
1424 1149
1573 1912
1278 1014
1061 1108
127 240
1213 1145
367 613
1241 604
1296 875
1983 494
1623 87
1056 1735
1743 1170
696 214
454 186
1897 1018
501 1545
562 515
1888 671
1300 1397
1798 1564
216 123
1117 1279
1502 1451
1071 902
1788 116
813 914
301 1726
1426 107
1656 734
1105 1576
794 1985
1919 595
1497 134
279 1879
147 33
351 1369
1574 1596
736 723
180 1111
988 1737
99 1409
1849 1895
1496 505
389 650
419 122
1140 1220
1214 583
1309 1061
1627 1494
338 118
1500 432
1020 1098
33 1072
1820 867
1880 14
259 1554
1912 1375
1241 468
102 118
1540 1267
1082 592
1163 909
291 389
164 1693
1877 751
1771 1956
1808 938
385 1900
1405 1331
104 598
980 543
512 749
79 854
1978 1890
1819 298
327 1104
25 866
901 1153
1590 1215
209 1713
567 1682
796 894
1784 328
1800 557
753 1084
626 1282
1145 274
293 1757
670 394
237 1547
264 708
1059 47
25 936
1419 1763
480 902
136 1778
1072 49
1549 513
1014 205
636 464
27 1912
1701 331
1835 988
1083 659
1051 1901
1122 1271
525 1406
1514 1661
338 1278
343 1319
1795 1326
303 1612
198 1738
1675 964
1772 1472
322 779
1366 401
1848 400
1394 1722
1834 1711
1831 1573
1783 704
229 1053
690 1633
941 1227
62 1932
803 1346
1079 997
1245 1437
1764 179
1347 1665
1180 1640
263 1348
377 1650
270 1504
182 828
1565 47
57 681
1470 592
1971 744
262 1192
253 745
1382 1363
749 30
474 1282
43 1143
407 646
1161 1703
1105 1957
745 1046
162 522
1672 105
1873 769
238 1889
1469 461
1823 1075
1217 1952
136 997
1293 228
1791 1994
1946 1348
106 191
1065 64
1893 1098
793 773
357 974
1247 1485
550 923
737 96
696 1092
1475 718
497 1071
1867 1776
1532 1265
644 627
1689 1540
1541 1579
1871 308
1527 1624
1802 1389
497 596
868 1453
259 1695
392 1391
139 117
363 1199
487 605
628 1873
254 824
291 270
37 798
955 247
1282 1840
708 453
1540 612
784 509
1690 363
770 1696
1360 1216
1074 978
544 841
530 884
638 1005
417 85
1397 1844
1145 415
1198 403
728 1925
407 1090
121 967
1265 738
1705 605
1864 123
476 958
773 1757
764 178
403 1137
379 148
1269 1179
201 1992
74 1946
519 1874
851 770
503 15
1190 1549
1171 1719
992 1128
240 461
1157 1416
597 399
1058 115
855 971
712 1579
666 776
975 1286
186 862
1182 304
1076 339
1369 463
317 1668
772 1888
868 293
1096 1536
616 1994
868 1880
1400 1398
729 74
1852 1746
743 1939
754 527
1492 737
874 728
1819 431
1510 1477
531 1251
269 1017
163 330
1378 75
1502 1693
1240 1860
1532 1285
776 403
1698 630
328 38
529 205
485 1335
144 109
1502 248
257 770
1382 1554
134 1404
1741 645
985 1708
837 1971
1603 1416
971 1473
1898 393
187 62
1855 947
1570 1327
1577 25
364 1774
560 899
1415 1709
786 1469
470 562
1397 1580
1998 901
160 1108
1005 1302
741 302
1610 46
669 1837
1834 1025
1778 1023
1852 346
487 982
254 935
1637 1928
1206 219
51 839
1624 1992
129 164
355 733
583 212
177 913
507 502
435 1385
534 567
631 497
1915 1048
294 1564
1830 831
227 1739
1445 1299
1699 329
806 471
715 806
1963 1422
241 183
1864 101
31 366
619 1446
870 1998
1264 1029
1626 1528
1695 304
1907 1974
1978 400
1229 158
717 970
780 1554
1704 1272
872 663
484 627
1766 1386
1302 1157
382 1430
223 1942
1431 878
977 694
797 1987
386 1731
624 813
1101 821
1096 1931
1096 860
1726 1879
38 1940
1947 1706
1965 861
8 1735
1674 594
501 1292
127 168
1547 357
701 905
1808 1411
1093 647
390 928
1844 174
9 1999
1338 1017
979 615
1510 624
901 1768
594 1386
834 1693
108 1774
1047 979
1023 243
1731 1194
626 1883
7 1448
580 524
68 312
1723 1186
144 472
1103 880
1433 412
93 923
1019 713
1967 546
1458 1017
1172 831
231 813
1886 1853
533 771
574 1155
1716 1340
1787 580
1976 757
1356 1411
1003 1965
1411 322
120 496
532 1305
1217 535
1090 1311
518 1308
1436 823
299 1750
622 1612
1862 1118
910 1434
237 594
1468 384
112 921
512 428
792 1653
1366 1059
391 867
345 529
1840 885
1910 1580
570 1718
8 607
923 906
1020 142
1082 497
531 621
1873 410
487 843
1986 859
1194 1524
1273 522
1199 886
210 1580
581 587
508 1789
1332 1633
897 388
1719 23
595 1423
1201 374
1113 1122
1105 774
1890 1175
1074 542
1844 579
1763 1439
157 1818
1371 179
1420 630
1463 853
914 1660
1013 1953
1073 1549
958 25
1908 1837
1781 1113
1172 1975
125 658
1579 711
826 759
973 1850
667 1721
1895 357
925 737
1847 622
1153 518
1905 991
1437 1594
1067 491
460 60
1630 540
243 436
274 356
1291 1117
1256 1822
1348 822
1668 1665
147 1195
218 697
695 1209
1802 671
578 1693
538 1908
1278 844
1909 587
38 1795
1195 1594
40 72
203 847
923 159
1386 1955
1863 1719
644 1447
638 102
1762 681
691 1007
97 26
443 1010
1630 317
323 584
235 372
455 251
751 1124
761 1672
581 1150
1131 1546
1872 1488
507 1812
1392 1802
1441 245
1505 493
954 349
1383 1816
1364 416
979 898
506 1328
1172 1071
604 1719
1684 1910
1835 965
1896 1268
1303 372
1236 1865
903 1346
434 1067
911 1551
1653 56
1137 729
219 215
1874 1635
406 1101
338 992
996 421
1683 935
636 1692
1348 1614
1464 1007
1133 1783
1747 44
550 1080
1567 249
811 888
1754 1296
1055 21
564 592
1643 1568
1228 1999
1020 1662
1140 131
1659 1429
287 1961
243 507
95 1402
1096 41
930 249
1846 199
1933 1525
1990 914
104 162
512 217
1946 1564
18 1562
973 262
1341 244
157 1549
1187 592
235 601
1043 1514
1339 637
1413 414
1106 672
1074 1174
774 1736
1470 1589
979 1146
1477 775
1705 1084
647 1789
1048 217
474 1662
1624 908
649 178
449 1632
746 1270
1919 1279
859 1981
568 62
845 1218
958 1571
441 1496
1988 548
1063 432
678 150
812 1436
756 1134
1577 608
895 597
1035 791
267 1221
1157 204
1911 93
509 1962
32 1762
1037 934
80 662
903 533
1424 452
1532 1469
944 1214
1880 461
1013 1008
404 1288
1718 1281
344 585
789 463
1545 1801
1249 1440
1847 1361
176 1312
180 262
1510 794
1667 1819
214 697
87 1701
1560 1469
1244 1726
94 1155
1378 1768
1952 1575
262 227
1281 777
1154 57
780 1930
1299 1472
202 1248
511 1150
1729 562
598 1410
10 235
776 119
475 1959
1617 1706
1190 810
533 29
1123 1301
441 237
1988 1815
1476 963
597 1190
67 103
964 255
1529 1259
1381 842
445 574
394 364
1062 1219
825 960
218 1668
80 121
405 620
1766 520
303 1805
1536 1647
395 1143
995 481
868 113
280 506
190 93
912 987
1283 1276
19 87
1677 1924
1181 197
1453 1632
708 553
508 1291
821 214
554 832
1506 1630
171 1757
1056 1681
256 378
1585 1823
1478 664
50 1854
1985 1556
809 775
4 39
1383 789
1844 857
668 222
11 1221
762 274
417 1198
1742 1720
682 1650
866 195
872 1583
1498 1776
1349 1059
1636 1854
1320 1572
967 1652
1836 596
499 903
1702 885
1045 1118
503 739
1033 786
60 108
1312 183
67 856
763 407
212 151
731 1505
712 1143
1803 1183
1874 1221
698 1078
1526 112
330 39
924 1588
1189 96
1948 1575
525 1835
716 1718
1417 1645
256 799
462 1566
748 359
1283 116
1926 1310
183 52
1756 1576
1594 1866
229 1750
1294 1684
51 1630
582 1480
1146 289
171 613
429 293
69 1870
922 422
567 1700
415 1739
1339 27
682 1290
626 1528
585 1311
216 920
278 133
1178 1552
347 66
1784 1387
24 31
1864 313
637 125
1276 738
837 1739
1854 1416
720 375
60 1236
335 1768
982 1791
510 1865
1160 1295
1856 572
1934 75
480 1147
588 394
1722 157
984 1487
1482 1394
1450 440
1927 1982
147 57
1235 534
1309 483
225 1021
1348 287
691 564
1387 1331
1334 862
1394 205
419 1369
406 4
1133 1712
1209 32
1707 353
1509 1160
1947 1310
153 1366
1951 618
796 504
1760 1345
390 1673
1175 893
508 1182
1928 481
622 1088
37 1996
272 1384
770 1515
150 1573
806 1728
694 1062
486 1201
163 1262
1085 1403
1473 437
1470 1839
872 1399
1777 199
1300 1474
569 1336
814 1662
965 1325
769 1234
1375 1750
1385 1086
1073 1452
248 417
1516 252
1154 923
565 1852
914 320
1857 216
3 99
354 1481
19 1156
1497 217
786 1953
863 1752
111 1447
399 1193
791 123
281 1546
911 1142
1464 1661
1556 1088
744 1171
1644 644
34 1657
624 377
112 557
610 292
1809 8
324 210
1246 873
1423 1257
1472 27
1821 751
77 390
445 1934
1354 310
215 280
344 1291
381 112
1047 249
277 1973
51 900
969 1673
1282 426
1579 1344
817 1898
330 1141
1565 1005
1916 1339
316 1056
114 1116
1707 1449
290 403
1673 1428
1915 1241
1920 455
1078 1011
1742 282
566 7
107 814
1034 381
1483 701
319 925
294 1862
187 1767
459 1658
1538 1836
1775 1923
1063 1867
807 465
111 1712
950 640
399 1978
1075 1539
1581 1974
1481 1754
1883 1881
615 1836
1653 1532
1814 1648
1581 283
1641 48
1164 1137
520 1948
1726 1114
497 713
472 201
1163 1567
868 367
317 511
303 188
243 1207
835 527
1661 1907
1764 104
881 1917
1231 1141
1750 207
1531 135
1441 1779
696 310
1119 1809
1085 1520
758 52
1150 794
1535 836
1041 471
1165 1545
86 1760
1730 477
328 1720
169 1780
441 1151
1160 540
605 1941
360 1129
413 1505
1871 269
1395 1027
1824 265
1876 1689
357 147
1095 322
1335 499
159 102
1044 1932
1803 901
1694 834
1164 249
1189 756
463 284
320 1542
899 1808
571 223
77 1092
1743 1646
186 179
331 902
1758 160
1652 675
1548 806
8 798
1266 1366
1903 978
65 1127
1246 1331
790 572
1799 759
1202 1933
973 1581
1169 512
657 1844
1978 1602
258 921
403 1632
157 1913
302 898
11 371
1978 217
1094 307
36 1798
1897 271
647 294
183 1697
503 1530
449 335
1938 999
841 1117
650 345
787 1591
813 1439
1970 1492
142 1520
1868 1531
713 847
365 68
1303 936
697 1473
611 1896
448 1712
1003 1266
1432 1802
1402 1784
1526 1218
1683 467
378 160
1044 159
34 628
509 1238
41 432
618 446
832 1605
1129 465
797 1817
1687 1304
1032 334
1710 66
746 1592
423 667
1555 890
1260 1932
1966 168
861 631
431 1027
1732 546
1474 814
1612 200
133 766
450 1414
927 1192
1568 366
1563 1991
295 1330
270 1280
1713 1520
1932 598
1662 1965
721 1938
170 936
998 1682
1535 969
1546 524
181 1064
1986 804
1276 955
1186 1455
86 1919
368 1420
365 972
1320 608
1949 1010
42 1521
743 59
1900 1836
692 1355
413 1398
1158 1332
1374 1124
1969 1901
46 328
1330 1825
1335 324
253 1435
634 865
1402 1303
1842 24
498 1765
408 197
1701 1875
320 1425
1962 1109
1814 146
1450 897
1069 937
716 1111
80 1741
6 229
1975 1935
1422 1259
1493 889
815 1389
324 456
160 1465
1910 1786
1783 1384
771 651
665 396
1390 1304
1792 1750
817 377
1967 1630
1119 1204
72 304
254 536
1928 1391
1658 754
1082 422
150 695
139 1534
1333 758
1409 142
694 944
609 1156
215 903
1416 766
595 1497
242 83
450 1617
1630 1235
1420 522
1767 1577
447 224
1067 455
1971 1181
1441 1025
1560 324
1191 990
1698 494
264 943
1647 1969
1919 1980
1723 897
845 1923
201 1064
1970 1006
1183 539
1942 1032
1022 1253
71 1687
1257 1388
1275 1015
1683 348
85 59
959 1776
694 224
1249 996
1641 298
1415 1477
1097 1348
193 362
622 1449
1376 1181
1163 1285
1991 251
1594 611
607 248
1587 406
8 1724
259 144
192 93
1460 496
1156 1725
930 295
1809 875
609 1804
662 886
1054 1044
574 1602
482 938
1478 244
270 1167
703 3
516 479
1270 74
207 12
11 785
1028 1542
1800 171
1717 1182
776 755
838 521
1326 1465
1034 770
1382 1906
1165 216
1684 1976
1190 629
1395 1817
1091 988
872 518
837 328
1759 705
1669 745
825 1380
1499 903
1254 395
645 1201
1436 860
906 1011
678 1567
452 1613
1210 1829
1811 1662
73 612
560 1982
892 1857
924 755
1544 1464
992 1151
303 1986
695 348
1284 246
898 766
1878 847
704 817
651 794
854 743
1294 1088
1391 452
164 1387
1181 390
97 1880
83 1309
1685 1762
1068 1901
775 1822
1434 766
1554 819
1333 1912
1699 1731
1383 1114
631 273
1470 1635
138 1328
449 81
1597 1248
1408 844
1251 1980
972 139
1512 1788
315 1672
167 491
757 1479
677 1100
598 53
928 33
1183 588
1407 1053
7 723
1403 1906
1980 1174
565 421
1152 1523
1395 1514
113 302
881 31
685 1888
1175 1053
528 549
1224 706
1030 1664
657 1306
502 363
984 22
1934 518
1620 763
914 1422
1055 1352
596 163
48 1046
1954 671
815 1923
944 1256
1595 1290
1799 1893
1790 830
1555 1812
1322 973
1778 458
602 879
747 1674
1764 649
451 615
496 638
242 1102
1111 802
1870 1889
802 1516
1113 650
864 1192
186 427
216 1532
488 1377
880 547
1796 520
96 18
114 1511
1661 1121
1920 779
1276 1217
1136 1278
1570 1604
352 1020
467 1222
1596 23
88 1829
1285 792
510 476
136 1531
1599 1969
1063 1687
505 828
1827 547
1464 1065
1930 734
920 7
313 1733
869 236
1533 85
1860 162
405 562
299 83
1779 786
430 1503
1961 1313
1032 791
400 1246
261 1284
817 611
1246 1168
12 971
1156 696
455 221
164 1054
1287 258
600 1368
1315 1817
104 215
1960 1398
1208 1531
892 1916
1056 1643
719 1277
1169 1740
1166 1332
567 1133
1125 1539
1796 356
424 365
1632 1721
1904 1982
1484 82
1963 1819
866 281
739 29
121 1878
1407 1414
1585 1446
1433 1937
1643 699
625 1994
354 1672
877 1756
100 722
551 1611
939 1081
1861 1346
1734 1744
1969 1156
925 1126
194 1168
1577 667
1780 1462
1229 1432
875 348
491 226
1844 104
1874 1275
1747 1147
793 524
1567 812
1415 1075
444 1920
767 446
1475 1063
1929 359
1130 1521
1193 1679
1827 1024
867 237
1961 22
1021 773
1968 886
349 482
132 1432
1993 645
941 1610
1082 1004
215 473
676 93
927 1547
609 22
556 507
1578 1768
1326 243
242 1221
1420 1976
1833 253
362 910
638 1663
1692 1696
290 1615
1471 867
740 1791
1473 1790
297 889
228 555
1438 1836
329 1704
207 1407
1952 1420
1454 1683
1390 1067
674 1560
536 277
471 1874
1110 1283
296 1358
1830 1834
163 1990
1617 1757
1264 1411
1211 140
667 1194
611 1084
1306 1470
1430 727
998 501
1192 591
1469 1489
491 1130
521 417
154 1366
1537 1649
1501 1952
1835 576
1602 845
1007 263
1037 1086
1754 560
1475 49
617 345
433 978
1961 1198
38 875
702 194
1405 257
912 768
432 1402
2000 815
1174 700
1880 305
1057 1886
1287 503
1054 390
1259 1988
1873 1692
508 1360
1266 88
574 107
1492 1514
295 1662
544 458
101 1467
1611 1208
1655 391
184 457
1505 1077
1201 1128
650 1534
758 375
933 1996
1878 1839
1168 1059
1560 805
339 982
590 1507
914 1939
1915 171
1952 159
1073 1434
781 1961
184 875
965 712
485 1086
983 1811
17 232
845 1058
747 1726
3 45
958 1795
441 1208
1552 1480
1702 990
1522 626
23 3
117 211
1310 1095
205 1024
1312 284
1116 786
159 1831
288 692
1676 588
389 1508
244 189
1754 424
636 1167
288 1119
1366 685
391 225
1572 1260
1532 800
944 313
1278 260
1536 921
1864 1730
1174 67
1361 1736
1801 1979
881 1414
614 1864
1508 1388
323 981
1833 362
1743 235
37 1071
1240 1711
44 1789
297 998
541 1179
1904 945
654 938
1996 1889
1212 976
1272 59
901 583
1823 208
1041 1560
417 1798
1323 721
450 1032
1299 1184
623 1648
1313 1801
354 647
998 317
1059 1996
1352 66
1942 785
1232 488
53 1731
1330 22
81 470
1476 227
1312 1156
1766 196
1402 1851
1291 830
9 2
641 1329
883 1346
698 1694
1496 683
640 283
1069 1890
24 670
1055 1811
905 169
1562 1253
435 814
1050 945
916 559
1917 1775
1832 1890
1590 140
254 1502
143 670
1568 685
1840 642
1199 1665
1471 1900
1321 1139
991 1878
452 1212
733 80
1870 1358
1558 796
1416 1829
1804 1630
661 974
1238 1780
1074 1645
721 1747
594 1123
389 651
1830 188
1798 1386
1445 146
126 616
1143 1673
1476 1365
442 555
633 788
1666 1816
1975 774
561 1275
245 1906
1320 324
700 1874
951 766
681 398
1735 1882
354 1426
1682 1308
1543 1107
895 13
210 1388
826 1540
971 1653
1882 1325
1664 1371
75 1168
1084 1983
1131 1865
509 1567
1217 494
1247 1199
1791 268
73 440
864 413
1682 835
116 1168
1786 1571
437 1832
606 1592
1398 713
222 1386
1933 210
1972 648
1020 391
605 1759
1559 120
824 746
1528 247
298 753
443 504
196 208
1978 1672
92 164
1503 1175
1803 612
1678 713
1001 1683
1565 861
567 1604
1724 1823
915 1011
456 1996
366 83
993 699
866 1195
686 646
131 1504
234 577
1583 1257
1818 327
1219 1272
1952 829
439 1330
1262 336
1781 1824
1596 688
384 1395
1727 1402
21 606
208 955
39 1829
1423 361
1356 828
572 1907
1375 1319
830 431
1555 706
1261 889
1464 485
1646 55
1178 1119
1235 886
520 1649
1906 193
1689 669
683 1897
1966 1183
1087 402
1627 1941
225 1658
942 583
1041 1459
882 1340
127 1699
1435 834
1054 760
148 1846
464 913
1990 1444
1491 1793
789 1857
1909 1052
1686 9
904 873
1259 535
1676 26
88 1997
878 1015
537 905
1953 1439
1737 1709
1584 1958
1583 1889
806 1731
315 164
188 174
1931 1411
1477 1910
1043 1052
1647 622
587 1676
801 961
1320 207
605 347
1735 1743
1716 821
1811 1287
1919 878
202 1450
565 1929
1006 1679
74 1940
1584 1263
978 446
1974 1728
618 1897
1976 521
1462 532
378 1518
1342 1134
1739 1791
1976 1444
1648 129
193 979
1941 618
1429 326
1948 1882
1786 275
1936 38
467 84
811 1125
1926 1205
1174 1998
702 747
1329 67
363 1017
1986 807
1414 324
1485 1452
759 639
1623 1162
1439 147
1979 133
30 439
1997 1765
1081 1831
1358 97
454 1047
1644 1374
295 17
1074 616
761 1031
1293 1482
765 443
1703 1155
1088 1248
1413 1669
1770 176
1512 832
447 1615
339 1241
213 1605
1712 121
1984 1790
1546 461
248 916
1647 1915
446 481
713 802
1034 1776
1377 1307
1716 1536
1476 473
750 1614
1211 1480
1462 1692
294 318
1411 1102
920 627
645 1802
378 253
198 288
1602 298
401 66
1948 962
1599 1974
1127 1221
1457 985
1574 1932
34 1124
1678 1195
1653 983
665 1106
596 482
338 558
1721 441
1726 1910
490 757
342 626
935 1471
1184 1673
1877 1554
356 1246
192 23
814 1756
363 1770
1651 553
512 1370
1986 1586
1379 170
1877 183
115 1445
247 1428
687 235
1169 152
966 86
348 793
1328 775
848 1329
96 1462
795 346
1632 1365
1480 962
1972 12
1636 529
906 378
1657 646
1021 353
1364 60
591 1544
707 723
799 259
1117 260
414 295
732 806
1797 712
1232 1382
1624 104
1255 186
1680 898
1038 676
1596 214
819 622
162 311
1854 522
1584 1050
314 106
653 1823
1423 975
1976 660
1298 896
1690 398
1949 1720
717 1688
883 208
1153 782
1291 329
763 1318
779 61
1888 267
91 1673
408 1781
80 1906
1380 1259
818 1920
762 1870
635 1076
1562 1331
988 796
1087 560
1827 73
1739 949
1813 166
1008 1105
5 1887
1771 484
1990 518
1132 1306
1992 1739
1446 992
1568 1222
203 858
1093 1365
235 1798
1001 1925
816 755
122 614
235 1485
454 617
1258 1663
534 877
901 38
22 1201
559 1418
248 1156
1996 677
1556 1395
696 1419
642 1474
453 1242
1200 472
884 1809
995 1951
245 1369
554 109
593 641
1557 1929
1900 1092
473 771
1999 816
844 278
491 1606
99 217
597 186
124 1660
161 1006
397 316
1700 1438
356 491
1595 1064
1638 1458
1417 404
665 1503
827 1789
1834 239
1050 542
596 1800
386 47
1241 233
1831 654
1725 135
548 1370
63 621
330 336
1905 1759
1025 1186
897 714
1524 495
1452 1192
604 1717
1293 1942
955 1017
246 1655
1957 453
654 542
1560 1297
396 314
1604 782
626 1265
1756 577
1592 674
561 1690
1281 925
124 11
1698 1862
385 1912
1292 59
10 263
55 1361
1243 330
289 836
632 108
1734 923
1725 1730
1349 439
1944 1641
855 1662
551 565
1879 903
92 1854
1402 1271
1455 1123
869 210
1648 439
1722 930
260 155
200 327
1620 1861
975 1230
1881 1091
1696 797
1406 1574
1740 770
564 567
815 1101
1631 711
292 1234
1444 1096
935 440
1209 815
87 1120
1013 1881
1467 1977
931 1478
1833 1974
1658 1129
1840 982
1554 860
152 567
1531 261
1420 874
122 1005
1131 1668
1081 470
1535 1953
454 996
1339 922
36 1129
152 1170
1678 1413
1325 675
1844 949
389 839
548 1360
396 1573
1792 304
167 1622
759 340
1149 912
120 1218
467 392
1048 1683
1698 848
1490 1284
72 1393
231 496
502 39
565 496
1602 822
1539 1356
680 1466
462 1424
186 1032
768 1273
1563 530
1284 17
918 1246
1874 1329
1014 232
924 1664
1279 692
1021 644
1228 886
1927 930
1045 1015
6 744
1050 643
1002 307
1839 1867
1163 654
1626 720
931 634
418 755
789 480
425 1077
1681 94
1921 1519
1206 659
657 1718
966 696
576 258
1611 1898
1258 1502
290 168
1837 740
239 383
1099 1763
1040 1177
417 1991
1117 110
188 113
1876 1553
1730 967
591 379
632 720
1776 1673
1193 1155
1211 70
1598 120
533 62
238 300
812 11
648 1148
1095 840
1545 967
551 942
1914 1198
1072 159
996 207
445 607
339 1220
1664 1287
1574 830
855 20
659 505
923 238
496 645
186 685
520 1157
1493 1262
910 682
1795 588
31 1991
1177 1765
1475 1748
278 1808
151 514
84 1767
967 860
803 903
183 1261
1593 1880
164 1099
1013 1710
5 73
1760 1493
542 352
687 1401
1121 1069
1013 75
1234 1796
1898 1239
576 1418
1473 281
1060 1263
1650 251
1117 1174
493 1372
1011 1527
1073 1360
559 510
1048 1310
674 765
1550 889
1684 1451
282 130
1609 658
1734 1656
1211 875
1250 975
1160 59
1861 1789
648 367
1570 1786
1254 1139
136 579
1648 1450
1944 1223
1653 1659
1469 1716
1930 1958
1275 1677
1127 1636
996 1018
1881 64
652 222
818 50
198 1644
1002 1987
564 1173
778 1520
324 1870
1910 100
1095 146
1917 1304
1400 1985
794 45
893 688
1484 622
595 58
242 1326
542 599
708 379
362 827
1696 462
415 88
1056 1475
258 622
131 1412
1325 1696
929 483
1028 1961
1925 1189
1798 701
751 308
1737 1713
1578 1399
107 914
220 723
1886 1952
794 622
1158 1405
1829 518
539 1852
1091 361
1098 1463
1324 1717
1584 806
399 22
1988 1444
307 815
552 476
1425 830
1097 681
1229 1904
16 1244
161 389
1639 1701
23 930
147 86
1235 567
532 728
299 371
179 297
1998 464
458 464
232 1417
483 127
1478 386
1410 1196
1736 569
215 556
19 257
1361 782
386 516
284 1241
1474 39
1536 86
626 1262
1460 118
62 1941
922 1539
1566 1762
1909 989
385 1128
1225 1019
1012 1033
62 304
249 271
620 266
1706 797
299 905
1535 1375
1194 73
1286 617
207 386
1738 650
1724 1001
1546 821
1342 1854
1945 1543
1931 1013
1684 667
1887 508
350 1947
1889 1123
773 620
1495 1079
907 1590
1900 1573
279 1987
1338 1406
1211 996
14 576
1603 1318
1395 1175
1967 421
812 1641
756 1371
1920 1103
251 1813
1563 248
1148 1032
938 1359
906 629
1261 1831
546 716
1560 1510
98 1114
255 1994
628 1008
1627 1114
1853 1556
677 1287
123 1100
1449 746
556 1684
1587 908
923 735
817 112
1119 1983
860 1886
224 852
846 1689
1104 967
807 490
1035 847
1238 842
1452 1545
726 1566
1911 964
1338 854
87 80
841 596
184 1713
1982 1161
461 1615
1470 1533
209 162
688 1845
1763 1094
1320 518
972 777
1857 1313
1758 8
301 1079
1160 926
1945 1650
1407 915
1868 1127
30 728
626 513
433 1812
279 1260
1112 1509
700 1304
837 834
1356 1014
378 1689
1284 1159
830 405
1127 609
890 608
1791 718
378 316
288 44
198 611
470 260
952 3
975 1321
117 593
1569 1952
1994 1987
1422 360
1486 627
1714 814
370 1595
1446 1232
335 1867
854 233
861 707
1732 926
1108 646
1774 1115
1903 1659
637 415
215 1994
397 57
1340 535
1674 1811
71 1070
701 235
745 460
193 1469
18 833
809 90
904 1486
1775 1314
1632 1044
410 55
1756 1834
322 715
216 1914
1657 583
795 1636
1058 456
439 1612
1908 1392
1712 1067
787 732
1179 46
206 452
1527 630
1059 596
134 1173
1797 1518
1691 897
932 118
1701 144
865 61
611 561
480 29
332 1046
1423 1036
225 1036
219 1016
1729 365
952 1531
78 1965
1987 1205
408 345
1976 542
1572 1835
190 428
1687 44
832 1340
1084 1381
1149 479
1613 856
1532 1149
325 1915
430 601
1998 946
1633 1614
1507 1141
697 1306
1183 1809
1156 1086
508 184
1006 683
1114 672
1386 77
708 81
1045 4
1100 851
1050 1568
1517 1041
1579 1050
309 42
559 1242
640 1871
1699 81
1166 1974
1978 248
1560 1917
1692 958
537 1700
1023 809
421 1389
1992 458
135 1587
1498 293
1389 1239
481 895
900 1757
1832 1208
1557 53
447 187
1654 1147
1670 1020
787 497
1767 1336
805 1880
1642 463
42 88
1015 111
1423 132
1280 190
286 1607
180 206
865 834
321 386
480 1312
78 805
1646 382
742 1404
27 1657
1888 946
198 478
553 765
1676 1119
1037 659
59 1096
578 88
1134 1769
375 274
1101 780
147 1289
128 1871
1878 460
1456 701
1405 758
430 364
1410 1462
956 1939
755 1229
1986 101
1170 1898
1121 716
323 1933
860 1212
1321 1718
521 265
904 734
980 41
1558 1148
934 1338
1416 1541
1805 449
127 1141
373 128
1904 388
968 1632
195 1492
126 328
1218 932
626 1840
1712 827
207 1789
1952 1802
746 829
269 1514
1426 481
485 1411
481 1676
870 202
907 1884
199 1671
289 517
1621 843
1490 319
7 503
745 396
318 1228
1780 1964
613 951
1914 1626
1127 7
1574 706
1669 1082
1941 709
1835 1486
1948 1255
255 1760
1383 1044
179 1808
250 992
160 1496
1362 1787
165 1901
1359 833
830 851
1917 695
1721 1684
335 681
266 480
1020 359
70 1178
2000 851
1525 1230
1234 237
1329 1619
1493 1280
384 1277
835 74
508 1750
1559 1162
1623 762
867 1661
316 749
544 584
1597 743
1339 731
1971 1274
573 1183
1343 1647
246 645
1046 1266
1412 1300
1661 5
764 1790
725 345
1031 935
1597 933
1070 827
118 370
637 1474
1370 17
1222 1276
1672 539
752 280
1893 451
611 431
1734 1993
1842 1923
1526 1464
1955 1760
286 937
1827 669
1316 1070
622 813
375 739
1249 1029
1175 1525
498 1075
1203 396
684 1328
1261 1790
1537 704
1461 664
1959 169
271 1624
610 252
1486 837
133 1963
426 1191
98 456
1511 1298
31 524
1536 1840
378 1973
1486 1312
1548 1387
771 477
455 604
1917 1092
614 687
981 1688
817 1679
247 734
1354 894
1693 1491
1687 1480
26 1891
1132 63
1566 122
1284 247
1390 1923
712 980
537 681
295 745
1441 963
235 1768
1420 176
1371 978
1742 1223
933 1619
988 1236
1223 694
732 243
943 373
884 54
1550 293
1822 1230
1460 65
1465 1703
1292 1936
738 719
1109 1580
521 1075
851 276
604 36
1067 1366
1208 1774
1879 1981
652 1778
924 1103
20 4
578 570
1631 649
1760 1980
829 875
1126 963
979 1966
1481 632
1651 1652
471 831
517 990
164 1162
1202 1110
298 900
835 183
487 1400
1008 545
399 1381
376 1227
341 147
1872 369
26 406
1023 1223
1678 1491
54 1958
562 987
1480 1322
97 726
559 1377
1901 1318
89 219
986 843
622 735
649 153
958 493
86 312
1172 1827
220 1770
1218 33
1384 201
851 1164
14 436
1769 1414
219 1910
717 715
1861 1470
205 1335
1847 1151
1058 521
1425 266
1923 535
1189 1709
1141 584
1255 850
1309 952
1496 161
1634 987
1069 1388
1184 462
483 1419
1656 721
490 405
882 1939
796 452
771 70
132 1524
1679 272
1993 569
192 311
1686 628
2000 1803
639 125
644 1331
8 1781
535 150
973 1253
853 575
1155 125
1298 99
1503 1557
295 610
1392 1950
1837 666
1159 946
769 1647
1825 774
1311 247
1629 280
1539 16
107 595
1778 284
536 1769
1894 932
492 1167
3 684
1755 1138
711 952
985 1082
402 518
1041 1255
480 702
1567 849
1928 91
160 582
565 659
186 1439
1411 579
648 705
793 280
1567 1552
1683 795
1070 490
1014 1070
673 882
452 1815
1374 1066
1948 1485
1380 1483
1809 709
889 1328
1500 1808
324 517
128 312
1752 1747
1880 1390
63 440
377 929
1980 762
33 253
1979 354
1488 199
1414 211
810 591
976 491
1474 358
277 1530
1513 276
1386 554
1301 1527
512 1869
934 436
182 1417
1035 411
316 1019
302 578
501 1936
650 1386
993 1197
1957 685
1666 650
1855 66
909 137
336 1491
649 774
1571 539
1078 1813
506 187
1752 302
808 353
257 749
190 1358
1238 1289
644 1438
1352 1150
1609 747
162 802
1256 1629
314 601
1646 927
318 1685
191 873
913 939
313 1019
1528 1506
1422 852
1682 1749
910 1640
698 690
292 135
705 1686
1253 1392
1514 688
1954 821
804 1870
1009 1080
1486 1594
1968 789
1169 29
243 1856
501 1720
33 898
909 865
450 1094
323 1516
1213 1843
662 59
955 47
1898 621
1326 18
23 1015
284 821
1155 998
1252 1442
1895 392
1932 150
1145 1834
1277 977
1476 1268
569 530
1013 1006
1085 490
954 92
1346 1322
993 946
776 904
693 433
612 551
1864 258
10 103
1135 725
1158 1908
1589 1456
166 1366
155 991
448 1859
1243 892
1738 893
1616 1062
1268 473
129 972
920 1009
1732 793
539 1177
528 1506
1076 1952
525 870
641 1669
1486 1658
401 460
1433 366
313 264
811 121
1454 733
617 314
34 1510
1043 1414
1394 162
292 1970
1910 1210
1475 1675
665 972
1184 620
1576 1214
923 1284
1961 868
146 43
1047 1479
1433 504
1273 1168
1750 1666
210 1954
1101 823
1393 491
517 1709
934 35
722 1245
846 1327
719 1063
397 1823
1558 928
788 1772
1106 931
417 1042
1106 1030
555 1300
1230 1472
1092 1077
1239 1033
248 394
1975 1170
1158 1512
566 1204
15 1462
287 445
1564 843
1894 1478
660 1301
1550 786
794 1795
1527 311
637 865
279 1941
1377 426
1246 831
1590 1118
827 1675
332 1877
1222 338
1780 1304
1542 545
437 1995
1305 1574
590 1496
1051 70
1768 724
1526 228
894 1906
1631 1919
440 809
1450 977
1126 1917
1954 968
1025 720
1500 374
822 366
490 143
165 1209
628 425
98 1164
494 1315
614 204
1223 1257
1294 1544
1686 798
609 460
233 1246
1093 114
1333 899
51 943
1446 1122
1319 752
272 628
627 224
1586 53
1492 1828
410 750
567 1744
334 1144
50 697
1650 1136
332 585
843 1997
1254 464
940 210
1438 337
932 690
85 1298
739 728
921 1675
52 1683
1018 1921
743 1644
1225 501
86 849
358 970
840 1877
1317 1325
506 1511
685 563
1735 912
1614 1000
473 445
1098 1685
1563 1031
1021 1644
659 217
1602 547
1122 1209
1599 1721
1399 891
8 985
698 182
1631 1128
1022 1605
837 763
441 1648
1880 1092
1424 1846
1382 1758
160 415
1653 17
1354 1175
400 398
1390 1513
1400 1321
1421 599
1760 1333
1990 1032
782 51
164 462
1358 1766
1369 955
740 665
835 1139
1314 600
1558 831
108 99
1692 357
1301 215
564 723
669 1020
726 1531
1187 1911
1777 75
1265 1983
417 1898
1505 648
774 941
22 198
739 336
1176 1668
1962 1656
1336 1024
56 1948
328 1665
918 1744
47 1930
28 578
819 377
895 34
402 1119
720 1006
1087 513
453 1603
1718 392
7 308
745 589
1063 1103
106 241
1136 1918
219 946
859 1701
1736 1353
263 444
1577 1867
1849 1070
913 1274
198 1292
622 213
1779 1089
1795 1764
1032 1956
1129 1632
1993 568
1772 398
1295 1209
232 438
841 876
158 834
822 485
292 1360
278 1287
116 38
1151 928
855 990
418 102
132 712
1808 99
634 1020
708 27
544 1516
362 731
1671 1788
1865 999
1590 1524
362 1214
1238 749
1371 1550
254 604
1106 5
461 1594
294 1699
873 894
688 1946
1445 1440
126 1214
838 1452
700 1273
263 1962
1237 1998
1530 824
1403 570
1981 15
827 1847
1945 1541
358 833
268 1113
1691 538
1730 1729
238 155
706 185
599 938
1974 476
1886 1272
378 1778
1999 571
92 1316
1810 568
67 1354
641 1519
1542 131
357 57
553 683
401 182
1768 178
560 1273
945 1841
617 1580
1991 1332
1511 589
1726 335
1164 1387
1880 1231
1721 77
1562 1099
600 911
531 269
273 13
868 1822
627 403
1283 1128
464 880
969 661
1054 1206
1093 724
104 1138
970 214
362 310
1300 686
1231 634
1524 1776
348 869
576 128
1005 1221
1408 1287
1505 261
308 807
1240 1794
919 1985
167 1116
1073 1197
29 1359
1154 666
1299 1631
1193 416
914 579
56 1831
1490 1806
47 1823
1552 336
88 1656
336 1630
1324 605
1490 373
1130 924
920 1919
798 1612
1955 1337
583 1786
1033 1077
1233 23
673 678
1221 1696
103 401
1676 1980
1069 832
1733 489
588 379
1740 1083
1576 44
1209 1433
1929 1244
882 423
1936 1760
95 1090
1133 1182
1617 1878
1760 200
1852 280
381 369
455 1550
116 1334
404 440
1402 1699
83 1787
980 875
784 1718
807 202
1713 87
1492 1074
131 1041
1510 271
1351 777
1459 1023
1427 1993
654 1183
359 1455
184 1937
1484 1434
933 1516
424 896
1770 147
1643 1699
1904 1121
396 1758
1943 1082
716 506
1887 1044
1677 1750
414 1422
107 1672
1071 704
1836 441
953 1836
1031 857
333 1222
314 1918
1236 1513
928 1834
1317 636
162 1518
1084 857
1923 1275
1171 1662
1651 19
1893 393
1570 124
1425 459
1690 1129
991 159
1284 282
1399 65
870 1911
463 869
801 1538
1062 147
1795 1090
20 1238
6 1505
497 1547
1611 1002
462 1531
33 1994
357 1279
33 1705
734 115
1799 1675
494 968
132 1739
425 839
1612 84
1439 1032
1156 1734
367 313
51 1853
1089 1773
874 689
316 431
1226 1622
182 448
475 1654
348 1016
1947 179
576 27
297 558
1823 1063
410 215
82 1624
507 1881
1005 1082
1869 1957
94 1387
79 1947
594 915
1343 1346
1920 937
248 43
561 1550
656 114
1349 422
1583 1025
1702 637
1439 1385
1776 1922
395 119
1608 701
1306 1707
130 1708
699 37
868 313
166 1050
1130 771
1312 732
1058 1968
763 954
1483 1137
505 926
1676 140
1969 158
514 1529
1007 208
1606 228
818 1955
963 150
1099 1507
1541 1863
1513 1912
1686 191
766 1976
602 1721
1992 1260
704 1205
849 1980
820 353
1176 35
973 339
1593 662
1042 1780
79 535
892 101
1798 199
1837 1891
4 783
207 768
933 950
352 613
1712 147
633 1500
1735 681
1610 1342
144 521
562 198
1984 819
625 1716
899 857
1755 388
279 1601
1741 233
1430 960
632 1299
830 864
645 2000
466 1583
281 1381
378 931
1888 658
92 917
1639 1203
408 844
636 1370
652 471
1514 1052
1021 784
1519 1041
1376 769
1966 976
1449 160
1689 1453
1940 967
1232 816
128 714
570 1031
1693 793
1605 1085
796 965
33 835
1047 412
1801 360
986 741
1932 1330
1902 512
398 911
1053 1692
1325 1943
228 649
1738 132
1060 872
1448 1942
1371 1145
1742 1048
631 1045
1553 25
1353 1823
1995 157
1117 250
1581 813
769 130
1444 621
735 969
1755 1036
1444 493
289 869
1303 442
1900 406
1838 1717
1104 1033
1010 312
558 1810
1291 483
1425 1077
1496 1891
160 1536
857 1967
862 1412
73 1016
1468 729
1164 1430
1595 1882
1207 316
31 1587
1029 1528
273 1407
423 133
766 1575
1816 578
871 1281
1292 710
879 1601
1220 1699
1434 874
157 1487
302 520
1632 375
1155 1816
1067 196
1739 183
336 882
1251 1840
75 15
668 1900
1364 1777
24 1791
1276 453
1458 1974
1744 127
1797 139
1984 910
471 1245
1158 447
1642 594
646 1763
540 98
236 1180
1974 573
1965 1705
1084 615
1342 187
1969 1171
445 339
1556 469
779 1119
378 822
452 593
1962 1004
786 369
1898 860
358 1547
1227 1326
387 454
705 327
1348 1279
1021 677
1323 1159
1007 1398
716 1601
635 1651
709 280
875 32
128 581
236 734
1968 847
1917 1188
1057 1423
483 923
1866 1890
1114 1999
337 1893
50 1686
754 1006
959 1165
1870 1941
1315 979
1551 534
998 8
1060 19
1371 1266
1360 829
1624 1587
1605 1400
827 400
901 1017
1219 1650
1092 396
1862 152
135 433
1974 1364
820 719
1504 1856
167 864
1530 1524
1382 125
1179 1948
706 1438
916 1646
1762 503
1179 1457
826 203
142 1060
360 57
14 1628
1254 138
1526 1967
67 1950
452 1868
913 1750
1634 1580
1708 491
398 1602
468 1163
225 930
942 1407
659 1971
105 404
1267 218
38 832
1961 786
803 932
927 430
175 725
1347 163
1718 982
1167 1876
423 376
1725 1866
1272 1677
362 76
1674 24
277 1002
1404 167
1703 1731
184 306
94 213
4 229
1643 1794
1680 776
156 808
1727 1006
880 474
555 1486
1124 181
1364 1924
188 505
301 132
29 1979
1975 1188
1053 1848
536 1041
794 1993
1636 1422
1792 400
851 1516
1995 187
204 950
863 1685
1727 320
1033 812
1824 33
1310 1132
11 1017
1222 264
1944 1062
1443 1185
1941 1442
1050 197
92 355
364 504
311 131
615 881
1496 449
1835 1868
1687 1831
1934 1584
797 841
1493 412
804 1979
874 12
1410 928
935 1023
1640 615
1732 1055
1511 8
1594 1804
854 1269
1739 365
30 1679
1997 941
842 433
1626 1181
860 47
1188 1680
1865 1547
948 1513
892 1275
1671 1341
1492 1774
461 86
415 1673
1657 198
435 1051
366 813
594 496
146 854
1168 303
330 1660
511 1185
326 1427
1804 148
333 493
121 1247
743 1574
1596 790
932 1015
678 1239
667 1886
833 586
985 695
1886 955
1906 1119
466 1028
763 1894
1021 1698
1687 943
77 201
73 1170
1140 191
578 337
1021 947
1555 1289
1922 540
1689 319
129 265
1143 1009
1 1486
1608 425
868 186
1758 895
944 1690
909 1876
400 440
1750 904
879 1562
1844 1044
102 1821
1024 857
1921 461
896 1947
1674 143
1321 1469
701 375
525 1168
1365 208
991 1913
2000 1317
64 1544
862 857
443 1897
1143 95
25 1663
246 143
707 1963
1650 401
195 1247
402 600
1844 1733
866 24
1168 530
986 356
1684 698
529 72
308 941
86 1687
912 1551
1739 393
1673 595
1865 1910
503 826
1558 119
1102 962
1257 1863
1418 901
300 884
1944 1969
771 708
256 1778
1602 1889
883 485
899 264
1976 1282
673 1383
103 214
1980 934
311 1785
1714 1570
1555 1562
1885 895
1699 1867
1645 1331
1880 1889
1308 1690
132 1183
1532 684
854 896
1204 1078
1707 1168
1627 528
782 1265
183 1616
1506 543
614 1756
26 1309
994 1387
23 727
814 710
157 321
1280 1614
517 1311
807 395
1662 333
1053 1275
541 1287
1039 1080
802 9
1694 1388
1023 837
848 1643
650 1913
739 1426
728 1933
156 398
227 1350
1265 666
1389 1236
1027 593
1507 126
813 1388
522 107
1134 549
264 887
1071 68
271 912
1670 864
750 397
1105 130
1582 364
1451 922
251 1394
1419 1940
21 581
314 1585
1882 458
1034 258
1815 1042
1284 1894
648 940
665 432
528 1154
1224 383
1044 202
443 1615
1487 1522
1948 608
1196 1021
477 537
938 29
1037 1343
620 117
1627 35
589 1641
818 161
603 1947
1500 1419
1380 241
6 1184
974 1894
1387 727
1696 1168
1101 1501
1394 1577
1 800
506 669
736 1175
847 625
849 1416
1903 1688
1513 929
1580 1421
1873 1437
1100 71
312 1338
1801 60
1909 1027
1681 534
1974 370
1351 86
189 637
221 423
71 1092
461 1528
1844 501
1632 1075
447 805
322 810
823 807
1023 118
1143 1589
1103 1170
22 171
919 1947
1624 1451
1149 1488
239 1484
1691 663
1306 791
369 1687
935 53
1504 126
1303 102
659 133
314 972
1437 1488
353 802
46 511
281 1873
1672 1591
590 760
334 1923
425 1151
1955 668
1374 1956
188 795
419 280
1754 1038
1290 1361
1514 455
1366 1452
1362 1895
273 1987
1619 1580
1714 508
1532 551
1739 531
1088 794
305 498
803 335
436 1464
1146 1661
1905 1172
468 1033
929 1545
733 515
1819 1544
664 54
775 1654
362 1259
638 640
1392 1380
25 1497
1205 266
1392 783
1408 36
1517 315
776 1678
1403 385
799 1170
47 985
1850 192
427 495
125 1466
1587 1210
1886 1197
537 1121
1508 979
406 571
671 1253
154 1244
1141 863
1803 1780
1676 1150
110 1685
650 1664
409 1095
331 1996
1722 1932
1115 832
161 1237
1795 1036
1909 832
861 1492
1606 1290
1497 1890
1719 1065
1576 1353
70 578
1689 1134
1633 892
400 174
1104 1263
1859 494
1273 1917
677 1931
727 1040
1979 1269
1340 841
881 1972
535 425
1992 1372
1685 807
1655 25
209 1152
1474 36
468 860
1103 1511
440 1356
1959 791
1138 1034
547 1721
914 748
1709 1923
554 647
919 456
900 943
773 1191
997 621
1889 307
503 1024
1190 568
275 1015
939 1580
1078 1907
194 765
394 1735
1729 475
364 1881
1549 80
1291 288
912 539
636 1537
887 1071
945 1004
588 922
913 1050
1966 139
484 1376
1253 1866
546 1948
1878 1958
472 741
525 1644
902 1440
1087 539
222 1125
1161 1893
1903 677
727 152
50 332
1651 1736
1418 431
1820 1215
1933 1400
1951 243
65 539
1460 574
198 95
217 704
1201 366
1572 331
1420 968
489 1216
966 1362
1535 1799
1357 1871
1699 1556
1904 1238
119 110
1205 159
1427 471
1876 1124
1433 540
139 875
282 1530
1433 1145
1550 652
773 916
1695 429
1257 689
1977 1908
1773 1769
1620 1040
1727 28
261 1317
226 946
798 1236
251 493
1538 1382
1235 1143
260 799
1221 1096
444 1720
1519 1243
1779 1650
1175 959
737 663
1528 646
1899 1673
278 239
444 195
1721 301
912 373
1548 1251
490 257
766 1278
359 326
280 1535
854 1465
1294 1930
1905 137
602 986
323 1239
937 1443
1107 571
897 1284
1132 30
1992 1479
1892 176
1263 1168
1194 649
1692 1944
1837 1185
1957 44
177 1393
1212 117
880 1014
1931 1461
612 1461
1920 894
428 124
1938 395
1223 663
1117 176
1154 442
213 1486
86 1076
1712 1520
667 569
1811 1028
1747 1202
1476 1517
358 340
1709 477
152 1405
1995 1264
823 811
1116 1858
673 902
1911 1453
1927 328
1146 132
1182 769
850 790
1279 1287
1387 1605
624 1219
695 386
400 1185
850 1405
1062 117
683 1646
1594 304
1278 825
2000 519
824 372
127 1117
494 176
5 235
501 668
962 158
1460 641
1626 375
1441 84
1851 1697
1703 1408
1897 163
733 284
841 1841
1763 518
361 1343
1818 973
622 41
45 799
1648 1673
1956 883
1045 572
623 544
1949 22
831 1339
1848 1148
1133 832
925 590
1045 1233
1462 1951
826 1177
219 1879
1969 1353
345 1277
1224 768
307 1636
1164 1616
186 1415
154 397
1310 1017
786 1930
1853 348
1341 40
1841 992
702 1634
1848 1860
1133 838
1089 442
1020 1153
254 1625
605 534
280 586
1594 1231
1903 1083
669 1308
842 240
1909 1634
1951 1617
775 740
846 1964
1598 1694
1833 178
1155 90
1028 468
182 224
1397 19
1492 1581
152 1843
1898 68
1869 1157
1230 1857
1385 708
601 1141
1901 1780
1313 1035
1186 1275
1240 1186
115 945
1105 1513
1534 118
1172 477
1854 1285
194 967
1058 1680
1192 386
1501 392
1128 706
364 1095
1999 1547
1330 560
1722 798
1316 995
1602 824
1768 1584
1968 803
1436 1784
492 1420
230 1415
1954 1609
1726 713
1336 1808
1322 1327
683 1755
232 1575
1778 1428
722 738
1903 1876
464 766
1386 525
1757 522
215 1303
662 1362
1798 936
994 674
1512 1476
1314 337
1812 208
1081 74
1978 824
507 801
751 514
493 782
421 1965
1249 1649
82 1127
1000 766
507 1354
534 1675
343 1205
1938 1901
1647 269
1463 1802
972 1767
441 1389
1977 1422
1444 629
141 84
844 533
519 308
51 363
756 1529
526 1573
315 1561
1616 381
267 1910
1602 160
237 1980
518 1261
1415 1137
1807 275
1701 316
1809 1582
1461 979
306 375
917 693
1802 945
520 897
1327 1022
581 11
483 1365
1631 76
1500 450
1940 807
1710 1917
1486 1557
19 983
243 1825
741 994
1013 845
1354 139
1806 1447
26 1628
1681 482
1188 1882
344 1079
881 880
1321 467
1953 1954
1059 217
1325 1719
1039 1401
1666 99
253 42
1858 1121
181 1737
1346 1293
919 1487
396 1116
1463 178
49 1971
1730 883
301 1369
1919 261
568 1636
492 708
1843 1261
1792 701
925 208
597 1075
46 811
1815 1875
666 575
113 778
590 292
1588 1131
548 763
894 638
1599 1365
255 1056
1415 866
578 359
1994 1061
1479 1371
116 776
243 729
778 756
944 1748
432 1336
178 1300
381 891
1785 1373
1733 209
280 1064
1845 507
941 1273
687 1525
450 692
1245 1451
736 1009
1750 328
546 1928
258 1295
1111 262
531 1493
1314 740
1911 847
177 1445
1153 1557
248 1701
1770 1709
1920 1740
359 350
417 1075
68 1049
1959 978
329 287
1140 1438
1699 139
174 913
1919 1437
587 1956
144 164
1828 129
681 67
1052 118
1292 549
1776 256
851 1603
1741 638
141 201
1691 1545
53 909
669 447
205 1218
1937 169
618 1969
1907 967
394 1299
399 778
680 20
1463 176
1661 750
509 1612
1466 78
230 442
1271 1126
1355 493
1631 1884
1499 368
494 1666
1659 315
1934 1733
578 1138
1422 1305
1394 1008
584 1715
1685 1535
1170 1249
898 153
1435 418
1331 1845
981 1240
1518 1329
1301 277
312 1649
1355 503
1181 831
224 845
1146 1724
1863 627
482 1421
231 1525
1725 1442
1997 1469
685 1417
1547 1650
807 509
1964 1526
1365 1075
726 1783
138 100
929 343
348 1865
403 1931
1764 1061
207 1158
1512 936
852 1829
926 100
68 884
1534 1997
1887 1399
665 484
1571 86
347 1117
997 177
1781 1949
1066 914
713 714
790 1195
720 218
794 1137
1112 1260
1589 614
802 115
1204 896
1925 901
256 436
952 1745
1529 1413
1639 1537
281 999
251 17
1803 1589
1450 279
1860 478
725 590
603 1877
834 901
123 1839
977 1364
829 299
1751 20
222 1585
963 1289
1219 254
345 1570
1633 957
236 233
865 1056
842 1378
1986 135
1435 695
1075 604
1782 1225
627 889
1056 447
761 431
1259 600
83 663
1710 720
1420 1436
500 1873
1319 1410
341 1747
1872 177
475 1857
313 1949
1452 781
96 1390
1590 559
1904 1762
1353 636
1890 333
1431 129
1589 651
1989 1431
1735 183
449 1503
1737 1082
1924 6
388 250
1476 1079
199 571
1864 991
877 1928
1815 876
1878 542
1575 575
60 1906
521 1504
851 105
1791 1961
1044 1940
1469 1973
1673 1244
1807 617
1279 62
1892 1863
1341 967
1417 1935
665 1970
1838 1367
836 145
709 173
451 181
988 1012
109 1277
151 1068
1096 997
1170 1044
1513 1639
1457 176
1467 142
1361 391
457 757
1605 172
1951 432
139 1661
856 1273
1520 1056
1282 313
1252 639
482 380
1510 179
929 236
1535 1732
1371 1647
253 308
1286 224
1788 1492
1041 1367
1244 378
1103 433
1836 1986
1643 406
1048 1904
568 1914
1724 1686
845 1542
42 97
167 256
1423 142
1587 1203
473 107
1395 796
293 304
1190 1679
703 229
1222 799
1930 1620
1164 1948
520 1551
1279 811
1613 55
34 1043
783 290
250 1722
1599 228
271 510
1590 203
1991 894
815 253
1617 212
1394 1426
1283 583
1958 1585
1910 586
273 238
868 1853
443 1454
1979 1231
344 133
1266 388
902 1186
1916 334
904 807
1420 1303
1314 782
8 1842
250 1615
1671 974
751 1197
631 651
138 1926
707 1227
631 1260
1680 1550
1223 852
269 1473
1636 1351
100 1047
1836 1197
1767 411
1530 1654
1264 794
14 835
1144 704
1621 946
441 425
960 1783
1270 616
1697 1922
1549 1633
1900 143
1263 378
159 211
1669 620
1630 1275
420 1873
1010 561
1860 1497
463 1641
1846 1180
897 663
1429 376
1934 1503
1221 230
1424 776
804 1294
1689 1836
1961 1591
1304 718
552 595
236 1252
381 1933
1645 1107
1421 1653
1294 1277
490 1471
1778 1056
1181 521
1706 1172
272 953
1578 1963
1662 45
157 1734
816 774
1775 278
1784 116
1120 340
1143 584
308 1982
207 924
1470 1788
315 874
1205 165
248 1335
1597 1123
340 1295
1982 551
1103 1594
326 1838
1900 1237
745 1389
234 1261
144 765
1269 1411
328 1374
1974 266
173 1066
692 46
950 866
41 1608
1361 1383
1261 176
1356 1688
1653 1246
680 765
698 1898
387 49
1533 1030
1676 631
31 1458
112 126
1839 478
1087 325
1848 3
1700 1260
1972 1865
1216 765
1195 1874
1435 925
5 932
1905 199
215 1739
1753 1431
1393 811
663 1760
272 1729
595 345
493 1241
1667 487
1447 902
415 426
307 1635
403 1030
312 17
726 1068
1019 1042
638 488
654 589
1117 1761
1151 1565
1470 915
1901 437
1774 1597
859 634
679 1327
1963 798
481 453
237 1610
593 1502
118 1427
1614 1109
1730 1154
533 870
826 2000
738 548
1310 614
413 808
505 959
1229 622
1479 497
869 1173
438 389
521 695
303 772
518 1721
528 1685
1781 657
74 1148
1374 1220
1249 257
20 109
1765 1225
1401 1982
728 39
1387 1663
1726 904
1553 523
1618 1048
874 1054
554 962
1718 1600
621 544
1531 971
1156 829
602 1688
418 403
1637 1680
1750 1105
994 1246
1990 576
682 1868
468 1257
1759 227
769 1423
1074 673
1420 949
1282 1511
1703 1530
76 1677
1565 1705
1657 1592
1505 1339
1357 1850
993 1039
359 1002
253 1123
89 194
366 1858
202 1955
1698 125
100 966
1463 1099
1656 495
1949 44
1707 185
389 468
1907 1758
1748 1882
1578 214
1665 1113
580 1915
445 511
1923 574
159 1585
484 1829
622 673
382 1406
518 940
832 163
1733 1463
1807 80
1310 1008
140 290
1916 507
241 1029
1925 1778
242 1947
596 171
1613 1350
1993 1259
1668 153
70 182
610 1679
644 737
151 1607
1128 1540
1626 271
1865 1875
962 1500
432 383
1540 1679
620 214
1474 1175
44 420
1439 695
1478 91
1372 762
327 1347
1346 745
1420 160
101 422
1226 403
486 224
322 1089
1800 478
1661 1145
1477 34
45 916
1705 455
746 803
1165 325
1495 1986
358 313
416 1552
141 797
334 324
402 543
1522 1224
1292 1564
1787 700
1538 144
597 1268
46 618
113 715
129 878
70 361
1969 52
1883 1811
161 189
1355 953
1362 503
384 410
1457 1413
1348 70
1016 551
1094 1638
543 740
835 1412
1467 1493
343 654
1968 123
829 983
1327 1864
810 816
1791 1601
822 1664
658 1697
1354 1858
803 984
1357 1096
886 539
1386 563
390 1600
104 223
698 1210
1393 341
1801 958
897 1724
1819 1189
1750 395
600 484
1706 997
809 821
576 728
1181 1085
1512 500
209 661
119 1934
227 1884
369 842
1742 1870
808 117
951 1031
294 782
815 1644
598 216
891 846
711 91
1340 480
478 202
1015 481
1702 859
946 296
964 1057
1160 78
1589 1583
261 1221
173 505
106 940
347 1912
883 748
793 532
350 275
1181 1215
502 510
984 361
1519 1467
592 1130
1892 403
709 505
543 1705
593 1332
456 102
570 1197
1527 809
1608 1477
1271 615
280 671
955 1661
828 1730
1442 1437
1227 1733
401 615
1467 818
1785 307
1273 7
1146 511
397 1481
740 1767
885 506
599 572
728 571
1448 1760
1925 1138
1618 516
195 1630
349 767
1230 1690
1643 91
607 1123
1938 515
428 156
1705 332
333 25
593 1728
743 1746
605 1473
1896 924
1255 1419
1112 1963
1183 234
1900 616
135 1887
463 166
1545 769
1130 1587
1217 900
1095 1395
1348 1878
1618 968
274 1899
1489 4
1881 1802
117 825
331 1610
299 452
564 376
13 718
1355 1631
589 1947
1322 1496
665 1019
538 1387
1573 1793
1520 744
33 1889
1580 35
1322 831
1764 1724
116 1270
59 855
192 654
1114 189
941 1199
1873 1684
948 253
715 218
1234 1990
1808 1145
1789 356
200 1929
290 850
1286 700
297 86
1071 1290
257 1601
1244 814
1466 1856
518 1687
474 1382
1556 402
1080 1738
481 386
1078 1945
1836 1017
86 1360
1282 729
960 464
282 196
1628 1403
120 1409
1063 648
554 1404
1430 757
111 1393
332 1838
1217 1804
321 1271
1095 251
359 1751
401 1635
509 1666
1254 600
1164 432
811 1176
466 613
1906 599
735 1884
682 616
1606 1820
278 858
624 1750
1064 115
1229 688
734 1971
1036 1993
1241 1597
1559 511
178 1657
1725 979
146 815
1068 570
588 1196
457 950
404 139
1591 910
1478 333
1685 1297
1295 1502
777 736
1991 1869
1113 996
1187 429
1459 656
1996 1945
327 914
239 70
1346 1366
1198 303
1553 1004
1332 1765
781 1065
1774 1122
89 1577
181 249
368 976
1716 1891
1345 1210
1223 1933
1129 153
379 304
1465 301
1543 350
623 29
1324 16
632 448
961 530
176 1906
1095 899
678 669
950 726
60 732
1399 1289
466 1255
1791 539
394 628
1374 1317
1874 853
1754 655
1902 1628
112 1794
400 1852
1841 501
391 1994
335 1156
223 1014
1619 712
847 973
26 609
1146 1530
616 257
1990 1057
344 68
196 1517
1596 324
902 1133
1471 355
816 1234
1293 1824
1582 325
36 1477
848 1773
993 1966
1793 901
696 1699
456 636
626 1608
1071 816
1237 24
159 1131
1797 966
1124 1394
972 1991
328 1898
1382 1726
79 939
1684 1276
1352 1917
252 1357
141 308
1483 825
1710 1668
1893 1022
1589 1849
648 1624
1058 1183
318 1428
1229 1210
1136 1879
1323 865
405 670
1860 1048
1406 786
112 650
1627 1176
230 1930
670 1719
250 776
1591 43
1871 285
442 1417
86 23
1790 711
709 1608
1368 916
1114 1208
1079 1610
607 1193
1068 429
1075 1403
1146 1545
171 381
157 290
1418 233
323 70
58 1613
959 381
64 890
246 1046
1558 59
915 1019
1143 777
594 326
1717 714
1131 629
746 413
828 1064
112 1747
1262 1853
159 1223
1251 1400
1412 1532
1698 297
238 1419
301 1145
799 1294
1407 849
1425 1023
199 350
1497 1691
1875 387
314 1744
1882 429
1557 1671
1944 8
111 1815
1544 848
1418 339
445 171
1976 1689
1888 997
1911 1829
529 720
41 358
276 573
1221 1343
1152 346
13 1016
1641 1608
1892 932
165 141
1486 941
1076 380
905 350
1511 1066
967 8
1693 415
423 1134
1898 1508
1545 503
1852 1673
1008 86
934 802
722 1500
1644 1643
1554 383
814 500
62 633
1206 1034
821 1496
90 1106
1978 1455
1413 912
1643 1481
961 1009
1957 211
781 38
1798 1241
36 995
1546 634
1230 1219
294 1455
1501 1236
884 1467
1000 1508
1320 183
547 1837
220 247
439 23
120 1025
1495 1294
1772 1364
1674 1732
1672 443
1397 1507
1430 415
148 507
1109 1748
1538 476
1847 1610
466 226
1330 1807
1803 992
558 1761
629 895
350 1904
1337 1398
442 1201
705 1260
557 3
1841 1514
1772 282
617 808
1719 1853
343 1890
1216 1006
912 1782
737 1715
1327 1156
1608 1638
1732 1876
1718 1795
1688 1490
1472 584
1566 547
860 1943
1181 607
1146 1948
1760 1868
471 859
158 1837
1139 205
987 72
1909 497
330 1373
1713 46
991 1340
634 658
157 1820
1775 472
1883 1518
1996 1159
1088 1272
1784 901
262 749
1498 487
548 1058
1073 1961
1729 709
891 242
1232 214
1854 1823
1831 34
1419 1838
812 554
118 289
27 1225
1726 970
289 1887
1439 1429
1123 652
992 1434
1824 633
1418 454
1222 832
870 1120
180 1767
438 1323
551 1760
938 867
1134 1707
230 905
1305 964
246 95
1050 1084
352 519
1772 517
282 119
1209 1685
164 1518
38 1967
381 1232
1912 1364
423 1251
337 1034
1259 1311
729 312
1651 561
1079 1064
127 113
1199 1959
1420 1788
892 122
177 1586
1067 625
1360 1541
1897 1314
556 19
1028 1584
1703 420
1138 902
1680 1310
170 1440
563 213
1647 763
711 1583
845 633
492 1511
1661 863
157 855
21 1635
47 1163
1225 1003
1868 587
1582 809
1303 280
166 1011
1969 1736
938 630
1312 693
1494 1197
281 1983
186 1523
1044 1268
399 447
825 1338
1275 1258
1256 1138
945 781
1021 122
659 747
73 602
255 1702
1256 749
495 407
1274 634
1793 984
1521 767
112 1371
1214 1834
243 343
1778 1165
1619 243
374 1646
682 1863
1446 536
1801 767
860 589
1416 603
1805 1419
581 1161
1314 102
647 574
562 870
871 1264
449 103
322 239
1117 1412
1585 882
1825 1987
73 1574
1048 1552
674 1003
1585 1311
1269 1374
1377 1192
121 59
1864 1490
166 1915
155 418
1702 666
286 1292
219 1851
1284 1587
388 1544
466 1604
1955 1726
752 1985
1616 118
452 1527
1496 8
1284 406
401 1975
1496 788
1189 287
412 721
1007 1492
1885 695
1283 359
165 1500
570 1132
1525 312
1184 1564
367 1206
1075 201
1594 1115
1287 1123
390 1163
487 397
1424 1509
1213 107
1321 1917
496 544
1644 337
242 1084
376 502
214 1214
11 1240
1397 111
534 844
64 339
209 1374
638 349
1286 1783
1325 275
114 1493
1957 1634
652 1385
688 1420
1725 255
181 437
700 1675
258 464
787 1072
93 841
1737 1375
446 1547
1377 957
1250 421
1197 234
300 436
911 1652
431 1150
401 1317
1217 837
1567 1645
1134 686
514 1381
910 1224
935 820
1399 734
1182 864
1422 1811
412 1193
1922 299
398 379
1783 1408
190 249
229 861
102 549
584 292
1968 2000
607 1544
1838 734
1181 297
26 989
1151 1103
1079 654
143 82
272 1113
594 851
124 1176
1365 557
668 1230
1001 1274
1277 369
1392 1193
1237 907
866 1728
1592 1314
527 105
488 1542
880 312
1876 1294
421 126
114 704
793 253
566 1132
1850 509
1949 503
1389 704
1667 1815
925 559
1868 233
14 374
805 425
184 1755
491 1707
833 1644
1193 365
1773 164
890 67
913 1016
491 20
364 286
1030 1581
241 806
663 1944
1828 990
1809 1426
1115 695
894 1946
1348 1006
1821 1715
398 755
792 1082
1772 883
1514 527
375 1027
232 787
603 804
1732 1202
552 102
1507 1498
1926 1402
1036 1672
1663 491
224 1595
1151 199
1958 811
644 1265
1927 905
1453 817
579 1918
1598 1721
69 1954
929 1985
182 195
547 168
991 775
1699 566
1039 1749
119 1096
1427 1499
108 1075
242 687
1855 1175
1554 1496
22 1771
167 1494
1440 1314
1705 378
372 1997
1426 1805
951 1834
1165 432
1038 902
1670 1431
692 1222
1614 1397
681 1471
365 1726
108 1389
81 15
357 206
1834 1014
1907 326
1579 951
1199 432
92 1929
514 1581
666 1608
1164 767
1683 857
1367 448
1761 285
1639 1576
1599 1473
255 1116
1609 1645
1436 1759
59 1441
1055 359
1221 907
1295 660
1613 441
345 332
1032 1012
596 787
836 1794
1031 1900
1517 1197
1242 85
116 1208
1528 85
277 1340
549 564
1870 826
606 1875
893 66
1035 473
703 261
1778 1517
562 1261
203 1765
1586 1272
1800 1291
1520 948
1346 1
647 804
1168 1237
1046 1350
1731 1626
1396 859
22 1022
959 268
649 832
1650 1686
1276 305
1367 643
986 1527
234 1648
787 974
1430 1188
79 872
1059 934
112 1310
1628 653
840 656
985 1865
1886 1773
1298 1898
514 612
844 564
321 1293
318 1367
307 1998
471 1815
1461 1382
1051 139
274 937
244 847
514 1991
433 8
578 1502
204 1465
1936 482
278 80
752 937
1511 1662
179 1465
1518 814
236 618
1926 1521
8 1039
1400 1993
1700 490
1061 336
1688 1158
1912 656
378 1252
145 1089
1840 1807
379 360
1438 442
374 1095
765 504
1245 4
465 201
443 1754
1770 1425
1902 1438
1812 898
121 799
1491 1901
82 309
714 1218
1285 1099
61 1385
522 205
1822 1890
746 1715
1186 308
1516 1107
863 564
1716 1860
690 1036
1370 440
286 1877
204 370
111 1620
717 47
1803 60
920 815
1842 1562
560 374
800 709
553 1011
1927 1943
1007 346
1256 334
677 577
945 1097
1668 1073
539 890
419 1406
1304 196
1486 748
1569 328
1859 1702
796 1850
836 1269
207 1048
287 1141
386 540
1663 1033
1278 1513
102 1898
247 887
948 138
217 128
517 1775
588 913
775 1195
1895 1366
1789 719
1478 622
1314 519
696 338
1088 1748
221 713
1510 1375
1456 1398
1844 139
373 958
533 309
1618 1180
392 294
1378 293
827 553
294 750
407 965
1832 578
409 1668
972 1977
623 863
533 1091
1675 1
1937 1581
231 22
1137 283
1197 705
519 981
60 1950
1570 1417
321 1178
288 785
219 615
1768 530
37 1005
477 291
1588 1829
1256 1478
889 756
1369 1769
617 1164
1083 407
311 1680
663 331
133 1356
1613 987
504 494
1816 1283
1336 1357
236 989
607 766
278 1354
457 43
556 1704
84 1165
40 1259
150 1286
185 774
1289 1226
1630 869
1282 389
1155 657
475 93
915 1320
392 567
1166 1843
1390 633
1890 577
1784 196
880 1462
1357 1724
1074 1350
1931 1653
1258 151
1777 1933
1938 843
396 1526
986 498
213 1806
1931 30
1949 1353
1843 1018
319 954
86 915
19 864
622 10
863 697
510 851
667 1986
946 698
579 14
872 4
1907 92
1759 1223
1197 1326
1697 942
558 1432
1515 1175
1261 935
913 471
1189 1078
857 1589
1874 766
560 1804
1881 1578
1613 163
1207 1718
1802 498
1029 1646
1608 317
1573 1121
658 52
1968 1393
119 20
386 659
1308 414
1771 936
1294 217
1778 68
512 1553
1566 1617
369 634
1895 1483
390 826
1794 1348
696 477
361 1348
1524 1699
1753 1574
777 1864
1394 114
1648 1995
500 267
1480 777
119 1571
1000 819
216 1858
89 756
1837 819
1546 672
3 1880
1774 1994
799 456
1578 209
442 947
515 1
1352 1746
1670 1132
162 654
7 113
1875 1758
289 1833
148 461
1589 1876
1858 798
279 497
1643 70
1925 1755
1249 1651
1254 696
1987 1213
1574 335
749 1472
894 59
1604 690
716 1531
1733 294
204 1191
1279 1648
483 1128
1834 699
38 1398
538 870
1746 622
215 74
1079 1937
1038 930
1075 1166
464 182
1167 1702
1531 1060
1100 843
512 484
784 1657
1118 1540
1547 1804
627 43
1503 1226
1708 548
494 731
669 1292
1678 874
376 1469
302 933
966 1532
751 74
555 343
1092 118
246 518
1890 1147
488 474
637 1133
534 1091
700 1215
1564 1924
1952 666
612 403
884 1624
1781 1219
1066 760
93 1794
1204 366
1280 182
583 1487
1197 1187
1305 741
332 313
99 30
173 891
800 1003
27 1649
1003 564
641 1065
712 1703
1178 1264
1987 942
506 214
465 1385
1622 985
875 1826
833 1720
1457 599
1147 74
1271 1664
762 932
709 635
677 1953
1609 604
40 238
1880 744
377 1823
1760 1038
1630 1635
789 1700
1453 765
1976 6
1916 365
1460 1711
1720 192
1572 1057
1314 785
1605 1301
1579 1799
1547 1073
1728 1110
1601 1752
1872 1398
1546 1495
170 1494
1470 519
491 64
1774 1617
674 1170
642 104
1285 1426
438 585
928 1093
1275 1604
1031 1559
1112 1577
918 180
483 1537
1497 1521
321 1900
1185 1271
420 1904
244 296
763 1288
1687 1163
1922 1671
1030 612
509 924
592 624
1881 1156
1354 1496
1253 1873
1795 776
430 748
123 1386
696 1887
1029 1216
278 1116
944 140
1513 1997
1778 1091
1414 481
1626 1763
337 821
634 1221
62 1450
1985 1204
182 1727
443 1149
1404 836
265 33
1703 1382
322 1758
1858 545
661 451
403 431
373 613
1777 1719
269 1642
723 858
1360 599
679 35
1509 272
799 1070
764 457
801 177
990 671
540 360
1148 1370
540 858
1532 1448
134 751
1098 860
964 810
648 171
1969 1451
1842 1979
1690 1195
256 1220
899 890
1039 1969
1750 1009
1791 1872
368 1295
105 911
603 1688
1668 1682
1486 845
225 1874
1062 498
1573 1307
1500 749
1329 1491
1474 668
1594 1441
229 1931
1259 1474
1778 366
215 1768
1561 1516
662 809
1363 1534
489 1895
991 580
834 1793
968 275
19 1856
1769 802
435 758
1398 1870
1989 866
1777 1444
1078 1411
1578 971
605 115
233 1775
1843 293
1165 241
1495 1646
1040 1786
1889 167
1190 652
660 399
1603 1905
1184 742
1527 1209
351 1980
978 214
1702 1863
279 799
16 573
1469 1248
1602 1783
862 892
332 991
560 186
281 431
913 1966
1835 691
1461 1304
1376 60
1874 215
1599 1030
1468 516
1573 87
945 1309
691 1233
564 577
1239 1687
1998 140
128 421
1507 659
1792 448
423 214
1848 821
1368 1343
1151 540
782 1919
1555 568
1852 1268
508 1633
948 1990
1008 601
627 257
643 1060
1365 627
1662 1019
754 1374
1591 1418
69 848
1300 130
131 437
149 1828
1611 980
1629 1539
89 35
361 1350
534 1365
43 1482
1364 1708
481 665
706 1918
1027 1460
1034 1496
1854 1663
1988 565
1370 876
673 716
931 306
833 1722
1697 461
925 1226
890 9
528 636
615 1252
1298 16
452 556
1761 1990
515 270
680 839
110 1428
1526 1002
1425 1903
299 839
465 1107
1835 1956
279 634
1779 1766
1631 1545
1500 1053
1175 811
663 247
1454 1766
190 134
1128 1869
1009 1211
882 1931
747 306
370 887
423 1987
95 1638
102 262
51 1732
842 217
1049 1165
1273 155
1951 1656
383 1226
1225 85
62 964
1667 177
175 559
1706 1769
606 769
1524 268
1950 1492
853 1116
64 760
138 339
1030 1033
1597 129
269 615
1286 1688
1152 670
1554 1507
668 1095
813 106
769 204
642 882
515 480
921 1977
870 500
1225 203
954 475
231 554
713 319
1022 307
367 456
1179 1506
826 6
992 354
646 805
632 201
28 1476
1907 400
106 1680
1162 1210
1585 1736
293 1016
1157 1107
756 362
1687 711
285 1680
662 400
1810 1662
1401 1764
945 1162
1794 155
1260 857
184 1539
1043 1285
112 1595
1783 1071
1055 1538
121 1586
1069 914
63 416
1573 1725
91 1611
1958 1129
1075 881
411 816
1393 374
1385 325
881 90
1981 1600
12 600
74 410
429 684
138 555
468 822
602 1416
751 757
1662 1309
774 1620
1166 890
246 487
119 1903
1180 1290
1466 1168
25 824
1498 1761
688 868
529 288
1584 1396
1924 1841
1963 221
577 1418
533 1156
354 1699
1988 696
1272 1917
1444 1631
1476 1876
266 236
1815 569
882 505
1589 1536
925 1119
1634 1741
1330 1425
1179 319
1284 182
364 331
1090 869
1425 1764
1719 990
8 928
306 332
582 1789
1768 1484
1175 188
790 154
1380 750
253 1695
974 1403
1115 1191
1855 1123
1246 243
1359 304
538 210
1674 751
1626 629
1594 1211
962 1202
967 1147
1079 1373
1561 1222
1159 1141
1132 1821
1420 1879
853 1155
1600 247
1840 1702
1586 438
1145 1842
1865 245
1738 77
1590 1274
1724 40
290 13
1837 263
442 1968
197 1781
1332 1393
588 1815
428 131
1408 385
1675 1924
282 1992
1635 701
365 1897
826 141
1748 900
1490 148
187 1629
1508 1757
1015 676
7 846
1423 632
1614 869
434 1826
1616 1054
129 964
1275 583
78 481
1425 876
378 391
1247 661
952 458
1688 1010
663 1264
1555 1210
285 842
430 1165
276 136
349 1091
847 1476
513 1396
1518 11
1831 1646
310 1026
1273 1176
1863 1177
51 162
1920 288
1266 115
384 1160
991 1994
1667 815
64 1787
987 1243
1745 231
182 891
40 1349
348 1431
1012 702
1678 1709
207 476
562 765
1700 1490
347 1021
1952 182
1661 1980
156 1521
1832 652
1850 733
808 212
333 1319
1843 1804
79 775
1787 1886
1684 1288
134 1100
946 126
1045 1490
141 160
111 1430
1095 216
413 736
1817 1306
1948 1363
1217 330
560 595
1436 748
705 414
191 1471
325 1673
786 1165
1519 1389
306 451
1032 1825
117 1783
1606 1919
783 1224
1668 854
628 433
1772 1782
1573 223
1518 1310
824 774
1168 1961
1805 1891
941 509
523 1656
1820 1976
1600 66
1895 53
517 841
500 706
1590 1393
1039 1525
675 190
36 1644
954 1003
729 702
389 348
843 861
1650 1355
725 1144
1408 284
965 1577
496 1567
591 611
649 1704
1449 1936
1516 1016
1977 634
1926 1698
268 1502
1730 1346
1981 814
548 864
499 1300
187 1750
579 56
1185 1699
1930 915
360 842
493 951
742 567
1533 792
1464 257
1482 1270
1574 1725
1242 1978
1740 653
928 189
1687 1142
1959 493
1228 377
640 754
324 891
520 1183
1398 1501
1972 1636
1209 412
1361 681
1753 1631
955 1080
808 643
1873 1634
969 528
1764 121
953 1886
306 1690
1554 491
282 726
64 1654
1282 1702
203 1989
1413 780
1625 774
1332 380
519 1627
68 1941
366 1410
1251 100
679 759
932 258
1464 425
649 544
227 524
1512 1756
511 1552
1300 791
1412 347
1218 1686
79 904
1080 1943
1015 1708
1617 1168
858 1305
111 539
480 111
7 300
745 565
1810 453
286 509
1450 1460
1254 758
1368 1908
463 271
1412 482
198 1284
1062 1769
1599 978
1304 1169
1475 628
373 893
1555 1624
483 1106
303 1319
584 1543
388 1602
128 233
1947 258
146 1054
1126 271
1308 1752
1594 1621
920 1408
621 845
1481 180
916 225
1644 863
1739 1217
1439 247
104 775
1794 2
1409 32
929 1726
1456 1411
475 992
888 1715
777 910
1902 1790
1892 120
216 1028
516 1517
277 1064
315 968
746 508
1463 947
578 1582
1749 1274
1788 592
169 1283
1516 883
213 382
17 547
932 1208
1451 984
1864 1755
1403 29
1143 157
1190 1607
377 158
1268 1599
480 1394
521 252
1275 877
1330 934
779 1716
297 188
180 1651
550 1573
498 1386
996 1533
484 1321
1781 1312
543 804
1922 853
737 1487
6 1122
622 1344
861 614
109 769
1006 1649
1128 311
1559 930
1248 1964
1372 1954
1321 1636
9 494
1289 338
1434 1293
741 1075
429 779
500 1741
1081 976
1226 1707
911 1282
327 1644
1971 955
829 1711
1353 496
714 58
1673 773
1071 849
563 195
135 974
1901 343
1426 399
287 147
1184 59
1709 1104
1490 1798
51 62
176 788
568 1142
1280 1096
162 731
826 1714
1148 1717
351 1277
1109 1781
427 677
1937 938
1683 1594
159 250
514 23
952 1112
1030 1079
645 987
339 1866
357 189
617 1452
13 1633
105 1728
864 207
1415 332
1055 229
617 777
391 804
1521 1379
1140 499
882 479
1732 1867
1297 1938
893 61
2000 735
183 1899
1658 739
116 1342
1626 1321
298 847
1220 474
266 1653
835 124
1206 157
153 910
1049 214
897 321
131 1049
816 799
1745 830
1339 685
1023 908
555 250
1145 750
1844 646
1231 545
380 1625
1578 1026
1713 1506
642 1318
354 328
1666 1365
1407 1275
231 1150
719 381
1179 990
826 554
169 869
667 1762
932 160
1829 1800
1543 1550
837 1130
491 1954
1697 142
793 1996
190 1129
786 127
989 1540
596 1788
1323 300
1620 1230
1910 527
1415 1492
230 936
1569 37
204 575
1645 498
660 902
1707 211
363 102
861 1019
1359 1644
1799 1667
974 650
423 1152
116 1718
1114 1789
837 237
1340 783
143 989
733 1997
1822 1086
1554 213
892 904
1572 1182
1113 1879
1208 489
182 472
131 778
133 1163
1732 1616
1466 580
126 165
1559 761
1240 1685
301 87
1763 1603
414 270
1730 724
646 1401
598 1202
1926 1188
448 676
932 350
1102 1302
1882 1006
1570 1276
28 1291
1330 1957
1432 1084
1469 1206
1010 701
1607 1904
1842 156
700 1953
636 1607
1369 1302
749 1760
433 1554
1959 1123
698 110
811 965
1627 975
320 1016
1152 903
1848 1252
582 692
1020 1569
128 511
400 1396
1417 549
704 802
1420 1573
909 1453
747 215
127 1262
280 1669
5 184
411 753
870 805
765 1282
609 1024
229 1805
1411 390
1812 504
1978 992
664 1626
1583 779
25 1248
961 316
438 188
1168 1998
1498 77
947 705
1046 1119
1281 1761
1578 1161
838 1166
1078 1459
506 160
951 1445
1680 1157
481 599
428 1210
301 1860
1299 5
1868 1778
1742 858
166 1946
1183 671
49 900
1773 1707
577 1243
1545 334
992 1332
166 257
920 1317
1243 1805
1058 727
1729 874
1007 848
1968 947
1828 842
1799 1181
617 1806
1293 815
1795 1847
1668 1615
550 490
1327 166
1023 499
469 562
38 1861
1912 1534
1587 274
1780 1619
377 1663
464 1118
658 1326
487 434
1372 1160
759 1466
1042 884
542 1280
90 1295
966 292
1263 1238
1346 770
1413 747
1452 1159
1325 1935
1972 1832
1258 1458
262 1731
1705 1905
1858 1881
1145 8
1931 1523
1661 1104
580 317
1117 242
1154 124
1723 1909
626 687
79 491
598 1353
1458 806
1135 530
1797 1147
1066 1271
88 1878
1603 1828
74 1705
1077 1429
1192 469
515 507
1342 811
1178 776
883 2
920 56
1217 806
99 531
1058 482
763 1640
673 832
1994 726
550 1138
260 1736
956 1853
883 1892
1809 747
1069 613
324 567
255 877
695 448
36 507
1775 513
1548 336
225 1226
1645 852
1489 671
1298 821
524 1768
912 934
363 708
1216 1140
1772 1172
1361 125
494 370
1400 997
224 1362
701 1984
1999 79
1151 1132
1460 839
1725 1997
86 588
1454 815
1547 153
369 196
23 1625
152 542
1517 259
751 703
1688 1466
774 1666
1680 917
1830 411
1890 1774
1138 75
642 1072
1364 1785
1804 1390
1530 737
473 1229
1276 477
174 697
1458 1966
15 687
819 1624
1836 671
1345 220
1490 1503
851 1387
526 61
1084 639
1197 824
1914 442
1882 1600
648 395
501 971
1254 1439
310 889
1847 1922
1330 1479
1356 1951
607 1021
1751 688
735 798
205 831
371 1579
1235 1470
481 1081
1456 447
1980 656
1599 366
1934 1965
1274 63
1327 43
1608 819
1 449
455 884
1297 1641
1294 1747
70 1697
909 847
1693 1227
143 1067
1326 224
389 321
999 1564
544 1704
429 490
196 395
650 720
500 769
1812 798
1737 1817
1300 1642
327 816
866 1422
612 1278
119 690
1830 1166
1705 347
1781 480
1691 792
101 1938
845 772
492 1068
1352 168
506 932
1749 1002
1211 127
56 1003
861 1629
1589 1358
1734 873
67 45
413 41
659 450
1148 641
1807 1092
590 1654
843 1173
694 898
1080 655
244 1170
538 1296
1036 567
338 990
1278 998
501 1118
1799 218
386 616
1732 143
1013 1687
1266 41
846 765
1826 455
1296 1222
980 1719
1263 1908
696 230
392 560
1413 77
661 808
810 308
1717 31
1756 1595
68 1236
1604 1483
504 62
1830 1981
29 1971
1988 1
361 963
1596 1027
759 647
220 1538
130 310
61 1538
1571 1043
400 1086
252 1427
28 1829
625 499
1621 213
40 84
791 60
1185 625
445 1760
575 207
982 969
793 648
703 1205
772 735
1631 1833
112 488
165 626
426 818
702 1451
942 154
677 1467
1961 1938
683 1034
462 63
981 1045
616 1079
1707 1055
967 1062
1301 450
1372 1430
1047 162
925 549
1326 111
1895 1610
1034 1792
411 1192
1111 1083
1245 101
1107 1832
1194 805
1524 44
334 228
429 1988
1390 653
1099 736
163 988
933 1824
1971 1856
594 488
1512 635
1357 36
781 1024
1276 1496
1124 1960
315 1170
1579 501
460 1945
354 756
1744 725
1105 781
953 232
1727 1216
1198 714
1527 1618
1787 957
833 578
1683 1126
1338 1786
71 1522
1275 554
29 1591
539 1060
712 464
1157 744
1620 1658
843 1514
996 1724
1235 988
684 1966
1496 732
1422 1732
45 1892
282 1418
1922 532
1207 1538
1726 566
748 1317
1880 1430
317 420
1006 304
425 3
1146 1507
1513 572
337 1343
1460 93
83 1199
602 325
1554 646
512 1637
196 1526
1951 1141
83 712
507 632
1784 1488
661 957
871 1712
843 982
1300 1416
820 1746
1680 1382
1364 1815
1509 746
1768 45
1498 1281
1186 1759
1495 843
774 1016
1656 889
884 700
1482 1129
1695 1986
936 1561
803 1409
1824 180
1418 909
671 655
1944 1977
99 1082
1609 563
1388 1654
48 1900
118 1642
1846 1614
1457 1963
1320 1754
1094 84
1795 115
1101 1832
1195 1491
1917 582
1513 1716
999 353
19 1595
1086 779
1951 269
994 1379
1612 1035
411 1317
1121 1760
869 636
457 1447
330 1215
807 387
904 1762
969 844
429 1209
1775 1598
177 532
1046 356
329 1361
1074 1385
173 1741
1421 580
1313 1503
1389 1228
1850 1582
1269 534
1550 1831
831 239
1313 868
241 1879
791 1081
872 99
692 278
180 34
1324 1543
666 570
1700 1406
1425 652
1616 665
103 1110
73 1031
1940 717
1461 503
31 1178
357 1485
988 1199
2000 464
98 217
1954 312
1764 1971
26 413
1739 1923
1079 846
1983 820
1819 1343
1330 1386
708 1824
959 732
1685 666
1155 483
397 1921
1125 1201
1812 1479
1869 1566
1270 1793
827 963
511 170
1470 699
601 1950
372 1656
903 840
213 572
1045 1092
972 1107
1179 7
24 515
47 1897
53 1108
1268 1401
187 78
1072 1060
885 1794
745 488
869 1298
244 958
159 44
1443 1631
1761 1480
1668 284
1010 1020
1395 1367
205 350
1849 1671
1388 1769
1076 1499
1016 1833
1302 45
1913 18
759 1720
200 1189
912 1679
1209 1135
1177 181
1029 1212
1359 165
1057 991
1096 803
1834 1265
1156 1029
570 86
1891 724
563 1923
980 837
1282 763
272 780
1220 1895
242 22
131 1219
302 964
246 1178
507 390
475 1424
290 352
163 754
1286 162
1452 190
922 1105
43 88
1205 274
968 1295
820 816
1763 1304
806 455
1984 1775
315 1464
333 655
1078 1647
1975 1687
1463 1443
86 73
877 978
503 1807
1232 239
549 33
1527 1848
1027 1491
7 739
125 1458
1483 446
1324 1914
1999 990
1844 391
1418 303
445 23
1014 1576
198 305
658 933
684 1684
1098 1156
161 1261
624 861
1449 1584
740 860
1274 1771
381 1312
1740 1808
1700 1215
483 616
1043 148
363 144
1166 723
418 1075
1630 341
1075 359
545 1328
963 1002
1778 282
1208 1944
309 1419
828 173
1750 924
1024 1410
821 1108
214 1304
475 1560
1683 1373
1823 1105
500 253
1611 87
1263 936
491 822
1408 1188
608 766
806 1615
1823 714
315 32
1825 533
1920 1019
1666 1555
1938 268
51 1780
1924 335
1345 648
831 653
499 428
1678 239
1430 318
1652 895
572 895
340 660
1552 293
1529 324
1909 1465
1665 986
1494 1178
1335 130
711 1671
383 1179
1033 1936
1261 1514
1533 261
299 1734
1337 1514
1166 412
542 1544
1175 1706
1235 391
193 1444
1954 1335
130 214
1689 238
310 358
829 783
1848 841
1721 1725
1993 160
817 435
501 1210
630 1917
1686 141
1580 384
1852 765
916 449
1220 119
690 1062
610 275
1319 381
1213 986
18 1687
994 912
1953 387
980 1379
327 260
1023 1147
435 1474
1717 459
728 1643
1852 248
1618 1620
1943 921
1191 916
75 452
1307 350
1509 305
1666 1534
506 456
1264 1952
773 924
1500 328
166 1872
1137 979
752 319
1305 851
1882 1795
299 1299
173 721
67 1106
128 912
768 1951
855 737
1962 151
1342 1945
749 1515
1030 1743
808 1810
223 1803
1722 1819
894 1780
105 1128
1228 204
1479 1912
772 1614
1447 946
980 459
232 945
651 1071
981 300
432 1895
734 44
476 292
672 1117
549 1566
1188 61
567 965
1784 1137
1510 671
1478 1685
302 1638
1883 1895
1332 999
486 55
809 1906
1604 799
594 820
1092 1739
725 1786
1186 1148
1426 1711
326 607
522 1592
1822 1041
547 71
503 1389
1603 1902
1257 430
1231 19
1288 1116
521 753
448 174
401 691
382 1568
440 295
1243 519
1415 108
1878 1530
1595 1836
1242 1596
1954 1482
1376 1638
31 1645
1940 1673
77 927
995 1636
504 1097
1739 817
1179 1766
1928 1088
198 1083
1757 909
397 617
1658 1126
309 1901
182 1557
1365 532
1582 1370
23 1063
1950 191
1717 336
1166 718
283 255
1526 1726
1408 770
488 1583
142 54
1855 230
642 1094
647 1071
188 1712
1677 1966
1018 387
907 886
1161 1899
708 811
319 1055
1792 343
28 216
14 415
1690 1953
1250 681
1144 1180
536 373
1130 1427
353 337
1423 1628
1367 1582
1676 796
698 1203
99 1742
439 516
608 532
1809 1449
1482 359
735 1904
1175 840
663 20
1417 1552
963 1830
1025 807
52 1103
1786 482
1 415
1579 1081
1844 1450
1739 34
337 1803
432 317
1354 12
215 1538
655 1825
842 248
1361 1816
1485 1106
1750 678
744 477
76 456
489 205
966 329
1028 476
1321 366
606 736
1311 1659
666 1550
396 702
516 1123
753 1261
806 1393
82 471
926 378
1647 1016
89 1297
1463 49
86 1243
513 958
642 853
50 335
1091 658
1200 855
10 1572
1642 1688
478 913
1516 1265
907 411
176 239
379 488
840 70
1338 973
492 841
235 1193
60 1361
851 582
279 945
67 87
452 411
1469 1430
989 684
1734 1410
168 978
339 1079
652 1596
641 1633
883 1586
1175 1968
1457 1479
260 357
1274 893
1387 1462
440 1997
1802 1825
38 822
273 1306
1435 1116
741 253
148 1549
727 125
1580 110
1891 1143
1308 681
404 1579
902 990
817 1090
962 109
1863 1029
32 1726
1946 1779
627 619
97 692
845 1766
1296 1264
1572 617
1879 330
1314 361
530 184
415 974
1724 1340
1231 960
1800 1300
892 1524
991 27
1986 758
1485 1008
1281 404
707 1616
1000 742
430 1526
1286 1390
534 1667
167 1754
481 311
900 1797
1191 1575
896 1036
144 801
1889 1221
257 710
863 226
1070 1140
540 135
1331 180
241 233
713 1741
1469 30
1236 767
685 1551
989 1196
286 746
1192 1917
129 1725
244 880
1528 1289
154 24
1761 537
659 1277
1779 1872
292 174
80 1372
792 1198
1532 1344
1940 815
1633 1323
697 1271
1619 1896
102 92
602 1212
1688 1199
1393 671
888 1510
1498 466
376 245
627 435
570 964
1597 1126
1671 1519
1964 1403
1752 913
263 1080
916 296
1293 869
410 578
143 1796
1618 966
327 991
366 771
248 1694
1313 1176
1299 1117
1251 1408
1585 352
921 1767
773 1806
926 1884
897 1198
1723 510
899 689
1066 791
22 792
990 1351
1854 1464
1490 887
632 371
1476 166
946 921
1921 213
360 86
473 281
572 1059
1499 961
1879 352
996 67
180 1860
251 924
412 1624
1235 550
495 1561
1182 99
221 1907
20 1884
128 1642
861 1176
754 184
702 132
462 893
1786 830
909 1794
153 1318
1990 1268
1688 386
1361 1530
1238 366
1347 1723
1012 1082
940 1277
1233 500
493 635
777 1962
149 1193
334 897
1775 1416
1459 1878
308 501
1996 87
1230 1323
700 370
1952 213
1804 1102
725 161
1375 187
1582 1071
1403 1502
1070 1283
1059 826
282 6
1900 1590
413 1148
1565 1807
1250 947
1257 1909
629 1730
1974 1456
661 717
604 1780
641 614
931 1301
110 1097
499 4
244 251
48 1958
818 182
514 1907
1816 849
80 1495
1555 492
1406 1071
109 1408
1640 644
73 1
222 673
709 1925
817 71
1990 1916
1559 61
767 929
146 881
254 790
715 864
1492 424
1612 1277
411 1407
402 298
323 923
881 997
719 793
1150 23
751 168
1023 695
1003 719
573 868
421 1527
1952 1373
246 928
873 218
1027 632
1027 515
1924 787
1749 1046
140 1801
439 759
1539 1736
1610 952
1204 1193
1264 1396
125 1006
1412 674
471 710
600 1288
1497 1598
1137 615
1944 251
1144 1733
148 1470
1275 753
1810 668
800 841
1337 22
1687 1010
970 1989
345 1443
1934 581
1401 1439
1533 1374
158 1718
610 963
1675 859
1809 1405
1936 1113
1109 298
222 1593
1827 612
1061 1188
38 1735
556 1452
1054 695
496 1826
1114 450
1990 1123
766 849
948 262
1764 24
1506 376
1194 1878
1492 699
122 102
1738 1131
851 723
45 624
1331 839
216 1899
1705 1779
668 1439
1073 1097
287 271
1314 1250
333 1661
579 1425
7 1960
554 1445
699 308
1130 624
1370 1027
1330 1882
1672 1641
180 839
514 99
340 91
1766 1965
117 417
1436 582
274 1295
1641 1301
1267 1402
749 1842
133 1496
850 90
1751 1172
375 661
635 1252
790 1514
734 1784
12 1558
455 1650
896 348
677 15
1591 833
1849 375
1283 1464
1159 1535
436 813
1891 1988
1713 243
1307 878
189 691
1992 438
138 147
1941 1359
184 1837
669 1472
1897 511
1325 894
1643 271
1353 1305
340 1420
454 1112
1433 677
919 886
1280 875
169 1404
928 299
1709 809
826 582
74 1187
1988 224
1437 102
350 258
526 959
1847 703
1653 764
74 582
1861 1235
477 1239
1646 367
1941 1959
1010 1697
357 750
1595 1368
1910 854
470 1839
910 56
31 1073
772 1805
1571 1320
386 1464
1905 1647
1594 1004
1241 1330
381 1053
367 1502
5 551
1167 449
390 1123
512 1669
1986 1785
1378 24
1453 660
574 455
44 694
740 555
1720 41
581 489
489 1537
1155 278
80 1165
751 1205
1789 1109
721 1922
689 952
1039 1960
1920 1450
358 247
806 1541
474 1074
993 2
1011 1865
649 718
1000 1314
1493 313
1302 1711
1712 1207
1375 913
533 1348
1970 243
1864 882
568 1045
1338 633
427 1382
922 31
1430 89
1144 712
1257 1647
261 742
1497 1432
1974 1690
1955 1502
895 1937
1817 717
1879 1819
1609 787
387 964
1533 347
172 1666
1839 307
1519 920
509 1011
1599 868
1447 1275
223 677
502 1380
963 242
343 1824
767 195
1020 1741
635 666
1532 388
854 632
280 750
490 1447
106 1789
741 1838
462 154
574 1375
1266 683
1212 1130
1755 779
1844 1901
994 998
1678 798
1042 1880
69 1010
1300 96
933 1461
848 111
573 1166
43 911
114 1909
1353 1158
1931 287
1735 781
1970 1403
1276 214
1975 1314
1684 189
1407 1176
1066 372
1518 1222
257 1418
826 717
593 334
499 1227
1646 1631
1224 1575
141 1816
858 1882
1123 714
1432 1765
71 1671
1236 939
1310 1494
978 871
1501 1369
117 346
419 1545
1514 1520
1835 1730
306 1979
1032 489
988 1999
596 296
677 1853
882 1261
1746 854
476 382
160 186
1075 186
1140 1943
1591 1858
1831 723
1415 469
341 1160
1485 1811
1146 237
115 1387
1404 1701
987 667
897 695
1713 669
1510 725
96 1548
1920 793
373 260
1535 98
380 1504
1117 1785
788 591
366 695
1272 426
1842 28
421 926
919 1907
776 739
529 989
885 459
1396 1803
1382 1890
1610 449
877 1386
125 389
148 1080
738 553
321 1808
466 795
233 60
1279 191
16 982
1987 1978
1515 1401
742 239
1709 1693
1290 513
735 1906
1599 1257
864 889
811 802
405 957
1221 851
1025 232
1355 1185
1500 1934
1484 961
38 625
1359 965
1126 976
154 488
1057 575
635 535
1096 3
1170 886
854 759
432 580
1651 1639
1820 1244
1213 1152
1202 1191
759 654
1071 1699
72 1862
1446 602
1414 2000
1107 1310
1825 923
1333 1824
1630 1102
392 161
998 641
892 156
1784 846
1915 1800
1957 1335
1996 739
1943 996
1915 405
54 1241
1661 137
1975 1463
1667 1563
1781 1476
347 1131
328 1265
1345 288
593 571
166 1925
907 1485
1077 153
1190 1928
346 1533
925 1249
1192 1596
1690 807
712 1958
883 875
1599 1889
1247 1715
931 545
1512 1186
1186 40
1812 155
1929 234
1601 1605
1733 788
413 183
1313 628
1190 522
963 1872
651 1938
1668 129
1373 1925
935 1262
1398 120
1859 758
377 1560
1739 28
1686 613
127 952
733 1699
1347 1159
153 489
1863 183
1630 198
1598 1740
781 1697
803 310
1416 1292
1565 553
1738 175
209 1432
50 924
788 722
661 1868
1378 1742
1507 558
29 562
121 593
269 1251
990 1835
1984 146
718 134
1677 145
1716 713
252 1836
750 535
932 736
473 1277
478 1338
519 448
1542 1597
1836 1641
1185 1520
1033 1904
1766 450
305 1412
1980 426
1058 261
24 148
1708 335
285 1671
864 1012
223 403
1108 607
331 1481
963 1000
1827 1823
306 1501
603 17
345 257
1032 775
467 1020
273 1360
423 162
815 684
207 1084
1082 225
729 1407
1790 1629
1951 795
542 319
1259 1851
655 196
1536 1889
574 1004
1895 622
777 78
1632 302
1599 285
1371 1990
1286 825
1950 208
1643 1902
1957 700
1276 1881
253 1520
1117 1371
1287 132
1230 618
21 745
481 269
333 868
1750 1106
972 1745
296 166
314 1075
1038 200
1015 815
623 1836
786 942
360 1325
625 359
971 1919
1275 173
724 413
307 1923
1669 187
522 43
1178 1606
509 1797
793 540
1533 1906
1350 1117
1021 606
659 1223
1069 1520
1184 330
303 624
1717 389
935 867
1525 79
153 159
1700 421
1348 312
1227 1789
1414 983
58 292
1679 1897
1162 1120
23 998
962 782
284 806
1572 1451
1833 237
330 1956
606 661
1693 449
242 664
1039 1291
908 319
1724 1
396 619
348 1536
1159 822
276 433
1512 751
283 1431
714 1169
181 380
188 1064
1052 821
250 1682
1193 1221
819 1162
1741 1215
720 401
134 221
989 1313
798 116
964 260
1063 1592
1469 1505
1090 1154
1588 1157
1191 1594
989 1116
438 1218
147 19
938 266
352 1363
1748 1079
1064 1928
324 921
1913 1441
898 984
1956 1237
243 747
836 1856
803 845
628 1058
1202 1361
580 1598
97 1138
487 1649
588 92
860 793
807 770
1454 1556
1012 1228
1118 596
696 133
1699 1513
1014 1413
646 492
48 956
181 1524
298 374
972 417
760 1703
1200 1668
1000 1270
1498 1693
1910 1078
1027 1717
984 1752
1530 1834
446 1127
155 1910
1040 1260
1383 4
17 1605
1317 420
162 934
1854 149
699 1653
992 1017
1856 1870
351 1454
1215 581
793 1292
1370 1218
742 1817
1923 796
1260 1587
1464 1623
1068 1912
240 1305
438 842
666 409
244 141
191 1414
320 1877
1941 864
1461 886
971 165
1892 1550
737 4
578 1024
792 1219
1279 1816
627 519
504 417
472 1131
513 491
1050 178
697 1098
1174 1588
1772 1679
335 788
956 566
337 1579
1100 1528
644 1082
291 338
1801 1963
556 350
496 1172
1111 1240
1319 707
1086 1242
1671 1306
1434 311
1897 1859
1383 248
302 1229
410 671
329 450
1159 171
276 196
442 1836
410 1138
1140 1974
1534 1955
1735 1113
169 1469
561 867
1604 831
877 713
1338 45
946 834
88 614
434 1710
982 1616
543 1456
256 454
553 1104
353 1862
339 1303
85 263
378 499
1021 1627
1609 1876
408 1180
299 681
1590 505
430 1793
1133 431
352 777
1417 997
702 121
564 1838
1241 1469
490 907
305 1129
40 950
810 198
496 1820
1866 1327
1718 772
482 246
1393 1778
1245 1486
544 101
1838 1993
775 1257
482 230
802 1813
290 1249
1023 1649
576 806
848 571
407 1850
101 1013
1756 1901
968 1968
253 666
1037 270
529 1732
993 323
866 51
1080 357
1615 1343
1004 965
1066 1991
1582 1408
42 1696
1023 1633
1040 1895
586 37
837 1567
1896 1378
111 514
1787 367
611 970
925 1344
1026 365
58 1843
1033 1183
364 1610
560 551
1425 1509
412 1264
931 64
1747 954
812 1343
1256 1023
1045 813
1401 250
1274 360
98 1005
797 951
815 1586
504 300
1034 1218
1728 29
898 314
1751 883
1945 1112
976 1386
854 955
215 247
1488 1697
1637 1108
1453 93
1808 116
1015 1329
581 802
754 1750
807 416
867 1421
980 1140
228 241
1314 1876
1590 1509
530 839
732 1095
1143 769
1622 970
22 1983
29 913
1046 1954
819 484
739 596
1592 33
1811 1538
1684 380
568 1868
1842 547
845 1652
111 378
1693 1526
928 1920
1792 981
710 1034
1769 1136
551 18
364 1490
67 1373
124 1894
1835 166
1537 1499
463 515
1595 1298
1366 1712
430 1932
20 1980
38 397
1482 210
916 851
1573 1059
1373 1393
1813 532
363 260
1910 536
1322 17
1965 825
494 690
1948 14
727 1204
1167 395
729 187
1079 1199
1997 488
1909 1260
911 1041
496 306
1763 1065
846 1078
634 248
1939 467
1390 1715
145 363
1360 1922
189 1430
1643 1473
1775 1384
513 510
1535 803
1654 1934
1705 1574
1918 1345
776 418
782 620
688 1182
1223 902
1499 1258
1320 191
951 323
1551 1690
1822 1310
667 776
983 594
692 1389
35 162
932 444
1621 896
1538 468
1243 1350
689 769
394 1659
491 565
2 856
1275 1129
975 367
1502 160
1807 652
85 921
1487 1716
419 289
1786 291
113 666
1260 574
1689 1858
1645 1572
1834 1232
70 1121
1301 253
1488 1564
736 1873
298 852
266 1626
1833 1612
765 1830
1485 961
1547 1866
1524 793
719 569
152 305
209 680
1113 1222
541 1653
1459 1006
792 1226
1448 1097
1535 1723
1897 402
1444 249
797 827
1574 1251
322 16
417 1592
965 1834
1048 50
933 528
239 1529
1375 1235
1677 1701
1048 1933
692 1765
706 61
600 1576
1702 1511
526 848
503 369
565 246
35 855
1748 1185
680 1204
1437 1686
459 1015
1715 1132
876 1916
1189 1917
256 1079
1607 148
808 1824
1561 1327
387 227
1528 1159
1701 678
799 153
527 1353
582 1374
1376 361
1913 1984
988 1025
1498 250
1417 287
349 1753
762 998
1036 998
1700 1246
1367 1087
432 1163
1559 1157
1759 873
969 273
517 1819
1838 1763
298 1091
1554 234
959 1382
228 1276
12 272
1889 138
545 941
751 1866
262 1901
396 439
1505 385
239 625
149 857
43 1706
1640 1040
1378 1206
1168 863
566 1562
547 1630
612 844
1218 1945
997 694
319 414
134 1466
358 496
1670 1189
125 475
620 700
1769 750
478 1269
1363 125
611 736
1101 913
120 546
1810 1732
240 1978
1415 1655
357 9
1487 1593
292 676
977 500
792 1700
945 1442
1376 1930
640 196
1214 1746
1507 804
955 1963
672 1749
229 208
266 426
215 925
771 1163
254 637
1754 1230
436 747
1612 1872
355 1530
1393 1550
1342 1195
182 1657
658 1246
775 1728
4 1445
980 1410
270 1976
675 1576
1505 1289
905 1269
1325 542
1844 562
1756 326
548 1245
1244 658
714 677
306 1038
1583 1431
1691 1493
1161 354
668 1930
612 196
1530 579
1975 1353
1647 28
1059 1567
1755 1834
1463 1045
1797 277
231 1994
201 1203
900 97
843 316
351 129
299 1657
1976 425
720 1480
551 312
1766 533
1017 846
1388 715
1780 1221
604 1914
1563 617
1305 1161
1836 1101
313 811
1696 1562
800 1615
546 1087
1422 4
1295 318
735 1798
589 1447
1606 1496
1239 1517
1758 679
462 329
584 1081
1518 540
1783 16
644 787
423 1804
1273 1715
542 1270
531 1967
1100 1668
1506 239
1898 701
1481 807
525 1220
719 1594
1259 1005
1902 625
1139 1331
839 577
1328 674
1971 184
373 479
1756 1486
1244 1306
1505 30
308 1070
1251 750
901 771
170 1311
143 1730
1832 97
281 598
1276 1724
213 1527
1961 1456
492 1362
333 210
738 968
1352 262
1781 1767
568 1397
1102 1418
1621 666
441 145
1363 134
480 761
1476 943
982 1284
641 104
1305 1
1051 549
353 1034
1879 1659
666 1997
1588 1348
671 1568
212 1211
1722 946
1595 160
376 633
1136 651
306 1004
110 222
1489 445
1934 1223
1380 1294
204 1555
546 1866
109 1223
1897 277
458 726
829 933
1347 724
1790 1963
280 350
190 225
335 1528
1621 1136
123 206
976 54
574 1471
1213 880
1568 865
76 79
994 710
846 543
1932 1582
1150 1769
961 1627
892 233
36 1177
1971 1421
89 1934
1590 161
1459 1697
1418 1977
1943 819
1191 46
1357 258
1455 164
1472 1272
1887 758
379 1764
1142 427
130 728
171 189
960 279
388 256
780 1538
1066 1803
162 1257
14 382
1854 84
1130 1522
724 359
798 1962
1577 689
1897 1043
1780 1096
1761 1024
892 672
825 1756
1588 87
910 1959
1207 1111
975 1055
1765 1625
1919 1565
1627 1348
66 1135
1613 1321
250 460
345 1244
1820 145
683 1448
545 1275
432 476
1391 84
937 1393
330 503
369 1115
422 1455
542 728
747 138
1517 1442
1083 1502
1427 838
182 219
1360 1507
350 1281
523 433
119 1088
1005 819
280 1892
1378 1691
334 1949
1070 635
673 136
728 1192
1244 240
737 1182
1272 1829
633 1901
1073 504
630 1511
799 1602
1649 1430
231 616
1338 1004
964 1899
1062 1482
1070 287
519 111
1929 1534
946 1029
151 606
1581 1693
539 1218
339 1236
299 1805
1906 1814
1010 1827
1809 895
1366 1892
306 1414
956 1249
1158 802
1856 1340
204 41
1534 617
1848 638
1758 1025
1518 1982
1248 686
476 873
1806 1723
941 861
1801 793
1127 719
1681 1331
1299 1352
1138 203
355 45
802 1620
1985 1733
1413 84
461 1245
1472 682
1376 1016
22 1387
138 1024
1438 569
82 1086
87 1127
417 1119
1717 1691
1784 1521
1558 527
1592 208
799 730
467 293
674 1293
696 111
826 944
1642 982
270 767
1011 723
346 1309
1275 368
1575 1587
67 809
325 97
1721 184
110 1245
1418 1154
518 1220
1316 293
786 1880
557 1735
1723 518
1846 893
672 611
748 1718
1839 1772
1580 901
1957 695
40 269
150 1549
1170 1285
374 1008
1082 585
1301 425
644 1132
937 1278
224 1001
1951 1699
369 1232
1188 1889
581 995
249 522
1318 371
1245 28
270 778
1358 293
1668 1898
874 819
1678 408
334 141
1150 139
1039 1446
235 1940
1019 166
216 1260
1431 536
1770 892
22 1662
209 37
1332 1335
1276 1457
1636 837
1048 742
485 1900
845 144
1364 1152
1698 1632
627 803
1776 1588
1407 542
1748 954
773 452
540 1521
1660 1182
637 1971
49 1450
434 1764
1827 971
1090 47
1914 1093
459 315
1880 1674
1291 792
1515 1042
245 1635
378 441
412 1983
1429 890
705 720
27 460
1719 361
582 1058
677 538
324 822
1177 1602
1029 1761
1645 597
1576 1124
815 396
1594 245
1866 894
199 906
12 1243
879 1557
222 264
722 816
854 1545
337 1494
1499 744
1393 429
1008 141
1379 878
1121 914
1625 1310
1794 1481
32 243
1579 9
1360 1857
221 705
1662 1226
1346 236
1219 646
1756 1959
36 810
806 1842
1124 777
984 1975
3 1751
955 1283
619 835
605 492
257 956
1158 694
1255 1654
676 390
1098 319
413 1117
844 935
1437 1098
1109 1949
1773 390
466 413
1577 427
908 1015
1335 431
452 856
103 1852
1500 801
1256 1486
1021 446
1304 1526
843 1782
271 1089
77 1842
1700 1762
1119 458
552 324
1910 451
1548 834
349 658
1400 1628
1096 897
1405 1673
1278 361
65 1243
1188 113
824 708
517 1391
556 267
595 855
1404 1171
934 1928
145 1212
1452 1785
265 1847
1812 541
209 1845
638 1002
1890 601
993 641
421 1512
294 1902
449 675
1389 1251
1463 892
1604 1970
1868 416
1788 515
813 1403
1530 1279
1815 683
1670 881
220 1177
718 1416
1137 861
1462 303
1766 857
1697 934
406 925
1775 1400
1722 467
896 803
1136 1068
1069 784
1874 758
1258 1105
498 1337
495 1987
578 469
1016 1178
942 1158
105 669
603 1930
629 1546
1454 1865
391 1897
1244 1052
861 723
280 520
1905 502
1156 1942
824 1495
1091 1708
1008 56
1446 1713
770 1361
1289 487
411 1569
1558 1265
415 645
936 436
1800 1577
1752 462
557 1703
1551 104
369 1109
507 1033
608 604
827 954
594 611
1587 1558
1401 1882
688 1224
1154 705
414 1622
506 1567
511 1750
536 1816
241 1078
93 13
24 556
1345 810
1091 1370
1040 1932
826 1567
713 1920
992 217
653 1616
1222 3
1704 798
505 590
1453 914
364 1783
1249 1675
945 352
186 1999
673 739
374 1224
326 836
1906 1327
1548 623
223 785
1569 1349
172 81
691 1475
179 1175
1449 583
570 1560
1184 1088
1271 1296
367 1762
1405 1822
1873 564
1598 1752
418 160
609 659
1146 1642
994 1519
1591 166
1884 1964
1794 452
1688 639
1833 1658
1282 272
530 1037
1506 1062
235 295
1826 981
421 1019
1630 1335
139 355
256 1696
184 1996
36 1877
684 1555
866 1028
1883 797
1592 1118
1298 1452
950 576
414 1006
54 401
115 893
1302 1590
1553 1121
1403 496
1977 321
1887 834
1412 1012
1158 16
1748 720
1218 807
1070 956
943 1333
1312 1396
1222 1163
1280 142
1727 890
138 1323
1597 1077
1707 657
46 1539
1367 1915
452 1342
514 849
477 669
560 1215
408 956
80 425
1124 1145
945 1899
13 859
677 308
589 1640
1675 757
1096 1924
324 1671
1928 1547
1859 481
1114 296
305 758
1651 579
616 1044
897 1214
1789 977
210 685
83 457
1572 1065
1293 1592
733 287
258 87
1510 633
1354 238
304 1799
1332 645
156 1848
1378 1991
633 4
926 716
598 730
1758 193
547 1672
914 765
845 679
1142 903
1110 1949
354 1154
875 740
1791 81
1628 1254
872 1039
1889 290
14 810
1144 743
950 1654
112 1060
837 404
1508 1131
1930 1527
749 1394
1256 1060
652 1903
1996 1771
1624 165
274 1765
1959 1521
1646 1361
331 1216
959 1885
778 1537
105 255
1791 1704
1562 13
1751 595
815 951
1532 427
545 1687
695 1816
766 1911
487 850
1216 414
1838 801
1877 555
1623 1377
962 312
814 1481
1001 326
1833 1767
1234 1600
1983 1725
454 1448
385 599
1441 206
798 432
654 1313
526 1268
1650 951
1996 655
739 820
1530 521
662 309
1945 1364
1908 834
125 665
1105 507
1822 934
1015 240
1146 1560
286 1314
168 1437
1794 407
1791 1428
615 1131
1298 149
380 903
113 1775
237 1761
970 1566
539 283
671 169
1189 333
1334 1390
128 1194
38 365
233 949
1260 1878
1133 224
827 320
893 1127
431 1056
868 1103
577 366
981 1704
210 1469
71 96
1047 321
1909 1292
1679 1648
1915 1832
1220 779
846 1238
778 197
1427 903
1293 82
1756 1024
1851 552
1996 1559
1657 873
826 239
407 636
1742 690
965 178
1048 858
1320 991
326 628
365 544
649 1841
1590 1532
478 819
1183 1632
1098 220
1407 426
1264 684
268 1973
610 1495
53 1365
611 1367
1349 493
1483 1079
256 68
353 1216
417 31
1526 1695
67 1902
1203 680
702 443
1927 347
1115 1745
1409 164
1307 1077
1562 912
400 1202
1899 1421
229 779
490 1037
1248 877
1841 1507
1234 336
280 1731
277 1413
1973 577
83 1482
363 845
1245 1648
1081 1559
979 1425
369 9
1789 115
1275 1445
541 1685
1978 930
1560 1699
533 271
1985 1926
1662 1438
392 1087
216 307
779 1900
114 686
1076 1998
1938 1671
1186 1888
1080 227
1924 1974
1642 553
1716 304
632 958
1628 580
1040 1509
416 1487
1545 136
812 1445
1538 963
712 1989
140 1622
1571 1819
1639 1257
1429 1454
1725 1078
350 399
1828 904
1809 1472
1913 639
1870 1
1631 1649
1726 43
244 1026
1511 1719
1828 431
1518 753
165 1471
38 1159
734 160
1619 1222
1645 1934
704 115
229 1592
178 358
1242 1865
1986 1314
1008 1753
1056 887
1921 1461
429 439
1504 687
987 629
1826 187
1503 1541
761 1548
276 1962
1019 836
376 1183
1756 1435
1484 886
1512 1347
1527 1693
1804 1537
1384 405
343 1201
626 753
1509 661
1345 1417
1374 1327
1447 617
1264 551
275 764
572 638
798 232
466 625
971 660
1062 1915
680 1735
1157 1115
81 1690
51 492
1955 14
484 29
299 1991
1639 1562
350 610
260 1678
1454 614
1514 1973
543 717
1779 963
1961 1394
1929 1592
1802 1846
1029 1314
1327 1905
995 504
211 1353
63 424
33 141
909 1124
1248 760
310 1423
1619 987
1965 699
1287 339
1898 1902
1718 29
215 1286
1409 449
609 1503
770 1181
1593 357
1247 49
1535 1036
1524 1127
1111 1733
1837 1554
36 1270
1625 564
1470 1977
1777 337
68 1191
986 942
794 1075
1403 19
1774 6
1919 1147
1723 708
972 1776
1451 505
667 438
519 1449
448 64
1066 1956
1999 1056
1538 854
1058 1452
1690 909
883 725
1291 1866
1495 298
1807 258
1814 634
910 1656
244 1870
1184 361
994 461
1481 1512
1636 1831
697 1246
1199 1659
741 1009
1719 545
1993 342
1718 1157
407 1612
185 591
662 203
886 1857
298 1494
574 1799
1990 5
1169 293
1118 1856
934 1227
770 360
475 146
1434 131
258 692
1012 1963
906 1340
1023 533
1159 791
1198 203
668 978
1364 695
1869 686
15 693
1744 1213
1251 1131
1288 1279
368 892
471 1795
1237 1220
10 23
503 1426
56 937
554 1640
1317 663
1967 738
1109 1238
1907 229
911 284
583 1043
473 256
1330 692
1674 378
1210 494
894 591
989 1213
1086 1964
147 48
832 1912
1899 534
1094 1844
1613 284
293 63
1959 368
875 1134
1480 1062
20 1861
716 426
1559 1033
1972 1305
748 603
1686 1563
1428 383
1891 1227
1361 820
1877 1444
1951 621
1114 100
1863 1169
821 850
980 1887
1234 1953
1917 1805
535 580
1245 831
985 915
1099 1981
516 119
163 1257
36 1401
604 1859
1551 425
1812 1775
447 1141
728 245
555 1284
769 1241
647 1324
1989 1329
1011 1434
1078 1136
1832 628
605 418
819 1891
1857 199
1603 999
1382 1754
698 1252
1098 741
1854 180
960 1938
261 915
1879 707
745 688
46 47
865 1835
1104 557
532 1102
1302 1726
1537 1207
1941 897
161 1776
1482 102
1323 1462
59 17
707 1934
1783 58
785 623
1482 264
1278 343
1688 1059
842 507
1785 97
185 980
58 74
1093 98
1710 1392
948 1463
1506 1513
821 1065
404 1073
1784 1787
1056 1080
1307 524
1667 1544
871 965
764 1235
537 1653
1627 1746
1622 862
1117 464
405 1719
407 1055
496 1561
1318 1835
531 1842
1952 977
649 1744
794 907
301 1501
409 1455
565 1722
1534 377
449 1519
877 682
740 1215
1672 130
1603 1752
1303 798
960 794
7 571
750 1895
1796 1421
1043 345
1141 1706
72 477
830 499
41 1893
1701 1288
1835 778
1144 1292
825 209
550 1702
419 928
663 1437
48 1186
285 983
1500 1486
629 1539
723 1291
868 352
160 431
29 1079
1580 877
861 745
771 1665
1340 1494
1315 1500
1852 1325
1208 1856
1340 633
1234 1044
1909 1144
925 322
1146 952
775 1230
23 421
1111 394
1113 1605
530 1979
839 199
1339 1031
1616 1043
500 293
1187 1895
1756 1868
135 1512
1392 423
1004 1454
1855 1896
919 92
3 1802
725 1821
1585 1817
1142 198
1603 592
1975 992
1550 105
1557 1427
176 657
1875 1553
1522 1307
351 1136
187 499
745 573
286 485
604 352
652 225
1249 1601
208 1825
281 235
427 725
1821 1056
697 1193
495 166
1279 1954
455 873
343 566
197 1000
77 258
1790 750
817 203
1739 604
584 170
1286 1888
1174 137
40 1160
1637 1141
132 696
849 186
1644 855
1685 1004
676 1341
821 308
1743 45
567 464
267 1612
417 727
500 605
1611 1783
507 459
820 1288
348 1997
1085 1796
308 1572
96 610
1650 758
1927 1123
1907 1179
776 1737
333 732
1419 289
870 1549
107 1295
268 1097
1034 1820
130 858
1861 645
219 1099
798 841
1540 311
572 1826
1969 748
1736 241
1502 294
994 1644
1450 171
930 1478
681 704
624 736
1184 130
1456 743
1246 1728
381 1140
476 540
1764 1905
923 71
1231 442
1439 1143
487 188
609 1662
1953 803
1706 45
203 1910
1671 985
225 749
1971 899
961 938
161 1690
1531 1051
1357 780
181 1071
642 1619
315 213
1073 1245
1609 1434
221 133
598 928
1135 1899
1103 701
326 951
220 174
1285 1600
439 76
1695 1269
213 1081
7 1588
191 1701
953 708
1896 1484
791 392
906 1326
1483 1268
583 1770
1893 1313
2 827
1418 1641
1359 55
811 1511
288 2
1429 375
1302 1007
173 1845
61 1150
1397 1599
472 1312
1362 1825
1031 1308
1029 1278
1820 671
1327 1197
1532 637
1845 1148
727 221
1481 809
531 558
1873 607
1216 1894
254 529
1558 1538
1405 773
1199 691
175 1243
738 1811
523 259
1846 512
389 1753
654 1391
444 851
1713 1772
608 425
1301 362
1604 255
1777 1765
656 895
1154 1554
1027 768
969 1310
1138 1389
3 1256
100 172
891 171
711 380
234 363
1268 999
503 1997
1854 1830
333 1270
1255 1091
1331 531
654 1878
1497 319
1937 1066
1268 1930
293 436
791 661
78 846
1185 490
46 1620
771 682
1761 1823
1315 1618
311 560
730 1361
1148 1547
938 842
1933 880
236 1917
858 475
375 1810
882 1218
570 1408
847 640
487 49
927 1812
1089 1789
1658 1798
535 487
722 1578
422 1700
364 1036
1296 1765
1169 105
1821 580
1314 882
567 70
1983 1424
627 1755
1307 487
1669 235
1858 1754
753 1413
626 1165
1749 143
1470 992
407 566
688 1320
656 98
1578 1017
700 1583
1807 1021
257 41
296 593
869 1988
134 1445
1702 398
1444 106
713 224
93 1458
201 468
21 33
1583 1567
1607 263
1077 1288
1473 1072
106 475
1366 667
1030 1434
1222 1544
763 1495
636 1631
1051 1129
274 1550
592 541
1913 857
1362 49
1710 232
1574 1218
1242 1643
534 597
338 1673
624 1166
112 1394
988 1834
1714 301
1848 775
993 693
923 1112
70 1343
1299 576
1965 508
741 1978
1146 1866
501 721
687 1040
90 56
436 44
1194 1348
1220 1576
1035 200
152 667
403 1905
689 1940
961 1967
1319 1956
1784 823
163 1341
573 1274
671 1911
145 1581
195 620
1546 167
1915 396
1788 886
591 970
1735 665
692 1816
819 1751
492 41
1527 115
749 1983
1776 677
653 696
1250 724
992 716
297 1288
1342 60
1215 310
168 1586
1944 1312
1817 1110
712 1935
1634 1434
401 1928
970 1611
1526 952
1436 80
1108 1845
1406 1346
1780 446
158 1084
1689 800
1620 764
1728 1226
1839 338
1813 837
6 1356
111 1665
5 1968
564 1390
651 1133
949 1460
33 1334
400 95
146 1647
494 1127
944 540
139 506
171 1588
634 309
549 1744
1973 1016
1233 991
403 1410
758 914
638 356
675 506
216 1525
163 46
626 1024
721 616
262 294
852 1730
264 1963
1191 1351
1796 798
1709 1714
1255 124
1223 1206
10 214
743 1832
1015 982
819 808
1767 1845
826 84
111 962
1460 833
1236 1951
1529 659
62 1672
14 1697
726 1713
1817 974
876 862
219 101
1104 1273
184 29
521 563
205 10
975 602
1561 154
103 687
1247 978
1959 1164
1196 396
1256 447
245 1453
1295 616
1922 258
624 1337
679 1803
882 193
903 1475
151 702
391 1263
1405 243
19 24
1928 1054
1831 1621
175 243
143 443
807 992
1671 1871
1779 239
1138 221
998 789
468 768
1699 1351
1325 756
442 1267
1039 442
20 1830
248 1086
642 1032
1071 533
598 201
891 945
15 1735
787 874
1285 1943
681 1219
1290 374
1183 776
872 1538
1759 1733
1522 964
1729 1426
1310 1233
1418 667
763 488
106 957
778 674
1888 1341
786 353
1487 539
1694 559
1537 1520
1660 1075
1779 1669
1373 1511
790 232
705 1724
1182 1214
1387 236
1496 1311
1652 784
1486 1744
1831 911
1467 1432
1271 918
536 1340
1096 650
690 487
808 545
432 507
1428 713
969 36
1891 317
1764 565
1605 503
171 550
1681 47
263 1998
1409 1772
32 1396
1427 871
627 1969
76 665
281 1040
385 68
1346 877
562 1852
1785 586
1872 1273
675 103
163 859
682 1353
1251 952
1145 157
1957 1968
1776 694
216 987
464 539
1814 1403
612 537
522 353
1919 350
1981 615
1589 1366
632 294
1153 50
1483 1815
1529 1205
1788 1488
1058 369
48 710
744 1635
1044 972
288 1845
1010 1858
440 112
977 760
525 1521
894 1232
1322 1513
1147 1984
1954 38
391 1120
1096 258
1573 1808
1641 1657
1979 473
935 1639
681 169
1036 1106
259 754
1877 1514
1757 580
215 1261
784 1031
1008 817
457 1549
392 1751
719 1145
562 1156
1085 1336
1180 320
885 1734
1770 1632
562 555
11 1331
82 1057
1983 815
548 1514
1943 741
1891 613
1491 666
813 1018
1059 1234
1318 1618
1285 1820
1158 538
73 1738
448 149
526 400
88 188
1614 1715
678 383
1432 1391
286 1240
406 18
745 766
1918 1253
1192 1851
1766 1861
1487 876
1344 150
1418 1189
1027 1601
1164 385
1235 1747
1379 47
1346 225
818 197
786 1211
1795 1557
1641 1277
1543 1417
695 1493
663 495
193 1117
963 1617
52 1936
345 906
197 169
1359 471
370 591
1128 1803
84 1313
1170 1380
70 1812
487 720
978 1753
588 1213
900 313
422 1093
1372 1009
1194 813
1692 1596
1565 810
867 1259
1282 1620
922 488
1103 1261
765 152
1241 117
569 629
1357 1312
1346 1351
668 895
389 266
1055 1362
239 1738
776 1416
907 338
1744 717
1741 1803
93 1041
238 106
1589 1499
1015 886
1702 1226
1123 873
1197 1426
129 615
685 1214
332 42
1842 1589
1715 1281
1192 1070
1542 1842
1021 1714
13 1453
1157 720
1654 452
592 126
843 1506
945 1122
914 486
659 1868
748 1309
218 304
1765 28
1675 1004
1398 1507
423 931
490 912
1006 312
1693 192
1169 129
153 736
229 1077
1227 882
1998 697
1658 1714
1107 1192
606 1697
1929 372
152 892
1495 1528
853 60
474 1146
1421 501
1535 1388
1252 1594
1671 542
1800 1629
456 1234
424 92
1198 1172
680 82
417 1013
421 305
439 1576
1477 1560
965 820
896 837
144 218
1691 382
1142 1186
1836 893
257 925
333 1674
160 815
10 767
289 1324
31 790
39 1188
978 336
629 1668
862 742
168 270
645 772
996 828
408 317
1486 1742
343 695
1304 1187
352 234
1878 1629
1221 438
465 333
211 289
1101 1824
1050 46
126 1584
575 1737
280 998
1202 421
1758 1602
796 1462
1753 137
602 1477
1912 322
1492 343
1347 753
827 882
1612 1027
1024 1596
325 670
1266 1475
1139 883
1485 675
258 980
1201 116
1836 643
500 615
1960 1839
246 1031
940 691
1448 1511
1413 1559
329 1369
395 203
940 367
1539 429
1466 1687
15 341
338 93
1365 1869
623 1788
315 1063
746 1793
720 1445
220 1144
1504 641
816 945
42 420
519 1978
1882 474
81 330
49 1088
1773 1519
1504 1216
710 1059
477 1156
1192 1177
1835 177
1602 604
772 485
1987 10
811 265
484 1307
525 1563
1825 1108
1726 421
737 1437
1515 219
847 1260
963 1231
356 521
1521 1737
1813 763
755 1073
570 1347
40 842
1340 1443
753 1281
239 293
224 1931
817 1462
374 445
835 701
1156 1909
639 483
581 1574
336 539
627 1432
1524 1674
1565 140
1657 1243
258 163
1503 1610
650 1249
721 1879
1738 576
156 518
1120 1303
396 21
1434 79
1378 83
631 1361
264 1791
1891 427
714 1679
983 1056
1603 519
1748 32
1419 524
21 1741
1363 1470
1617 1075
1045 1722
636 1963
1748 383
1966 1832
353 818
120 35
388 1292
604 269
1141 82
1429 1944
756 240
205 342
943 1432
797 1246
325 1937
1370 1834
1661 1020
970 562
1528 248
903 42
1016 460
670 1843
1260 727
1355 1145
179 1268
584 1636
1087 646
1361 294
1133 1220
84 1208
1707 1917
1559 244
1301 228
835 1966
593 652
1245 1863
468 1049
1194 1031
475 783
1056 1816
1001 1559
389 1679
486 1677
527 1961
1270 1153
1110 1115
1844 720
1092 93
246 633
1650 547
1666 796
1560 263
1281 314
424 1388
1850 783
1712 66
656 338
264 914
47 1001
1596 1484
395 1836
88 1290
681 1639
758 596
1496 1552
1716 1593
960 570
1349 1900
1317 594
1815 1207
106 1170
465 736
1093 1
1879 204
25 17
1690 1039
1371 1360
622 849
1157 970
80 392
578 139
1574 1941
910 250
1816 365
571 830
1913 1839
716 1853
571 1988
151 210
1991 820
430 415
12 1504
1958 1643
1145 303
964 28
1456 1271
247 570
668 890
1259 651
523 1093
1738 1360
1568 1863
1416 1492
1985 5
740 1036
1198 1454
726 1259
841 135
714 415
1023 235
54 1528
594 953
304 1987
1592 272
1596 1716
1288 1917
169 1939
478 679
404 431
872 1134
877 1207
503 1040
552 1015
1907 1030
1363 100
1437 1333
1844 505
727 1863
946 1392
1515 865
1907 611
1065 914
1856 931
438 448
906 830
1888 372
622 1636
105 1891
970 1465
218 1410
276 1746
1279 1666
1260 586
1517 1997
188 1630
1456 127
1128 1260
504 1222
1972 927
102 703
704 1119
256 366
62 1613
1593 1239
1867 1232
1213 978
1909 629
1321 1012
44 1383
1901 1932
1632 198
87 303
842 864
25 1078
1240 863
559 1421
1005 1869
823 1921
1154 1727
1419 1548
1738 1781
866 449
409 1108
917 1761
1048 1537
1723 991
1317 1186
241 1649
93 1776
1949 145
611 1603
1614 359
940 1734
1303 1556
812 1041
1130 1044
920 1527
477 1518
1136 1393
1429 1338
1724 173
1694 366
1135 1467
357 1293
797 1568
13 241
767 374
1641 1841
657 1085
1129 1125
1806 1003
1366 862
462 1308
123 532
766 1262
1788 1343
116 1739
1054 1003
305 908
363 719
30 1459
1598 228
1801 326
1711 975
1321 1804
1884 1297
1865 1871
1709 1002
362 198
203 1110
910 659
1932 959
991 941
424 1981
68 530
447 579
322 1028
1869 1792
1117 1595
788 525
1286 1796
1048 48
1364 440
1165 1893
1281 900
1887 1964
1230 417
791 1093
368 1141
384 202
1306 113
630 1537
861 1867
122 857
49 242
1797 1065
1105 713
238 1694
1584 1438
1616 1807
1584 569
781 1759
883 84
1127 201
94 507
1849 1451
945 649
251 654
1567 209
691 822
375 801
401 379
748 1257
695 402
535 884
1608 1901
1845 1820
525 1379
1633 302
909 1040
1248 780
1311 580
1764 1356
1933 1053
1347 80
1916 1857
1386 758
1959 1737
1358 1904
343 1480
327 113
1505 1405
613 1468
721 430
601 880
591 1121
460 421
1744 153
840 1371
1210 722
448 1747
1981 1296
79 534
1236 1241
706 316
28 208
395 767
268 327
826 1193
1748 1952
745 959
1646 963
1095 1995
1828 1076
232 1499
406 1912
1526 973
842 1664
357 690
179 834
218 996
1362 713
1214 830
702 1554
1740 1590
963 1838
462 1771
1373 1991
1771 1038
1486 1694
772 548
728 421
404 1312
616 894
12 49
309 1785
1227 270
1488 1038
1340 103
185 739
733 1765
26 1753
1355 1856
323 685
1245 446
1706 1712
638 1570
1586 474
334 47
1187 381
751 410
112 1978
435 936
721 659
776 812
707 960
1650 1144
216 997
1138 1316
827 1543
984 1608
941 1072
1841 621
206 916
561 187
1135 625
1762 477
1377 825
1109 1378
1628 310
745 55
772 69
1886 618
865 1194
196 1529
353 1150
1164 712
1516 469
48 304
1044 790
514 1257
1210 122
1429 220
1768 1568
571 1740
387 1749
1994 1198
818 1203
52 207
834 266
1913 1494
1929 1625
1778 1772
1617 760
704 986
750 1346
616 1782
967 871
639 1178
1322 882
1640 1673
153 1441
1591 358
1227 563
1943 751
1833 1082
145 1641
1220 1736
1932 1978
1484 208
228 1774
122 873
530 176
415 950
1252 1785
619 1619
1023 1305
1201 1069
848 787
647 823
1353 890
1173 1999
488 1922
669 641
555 1512
421 498
1553 1953
792 810
1949 1814
428 1490
619 993
144 793
1066 32
1564 807
1645 267
681 198
1875 926
522 1090
1490 1408
1776 389
422 1815
1875 1339
1380 278
1033 778
1549 1522
1455 103
883 690
785 103
1846 1295
103 7
1821 1335
791 914
1131 1428
1290 1181
391 162
31 203
1871 717
1518 799
861 104
504 1775
953 1497
669 1121
676 899
1525 1638
1485 1279
1453 181
520 548
62 1050
1630 15
1997 1336
196 40
753 718
1964 1395
468 181
1170 1958
790 437
1690 832
1851 863
1597 335
103 1542
1413 1896
1982 1819
170 1566
820 628
566 1936
1979 1320
1110 1373
1870 1402
1843 608
928 541
529 763
1045 238
1815 478
471 325
1424 415
1748 931
1419 1733
499 1392
833 656
1310 130
7 935
1017 1223
1923 1641
1303 1103
1284 1045
1418 99
99 763
466 1066
318 91
378 430
1136 906
622 133
1906 1890
1537 1511
864 717
518 448
1064 248
1533 1473
1682 1043
564 262
1376 1284
1002 1335
1726 612
1961 1240
1878 675
852 499
575 390
564 1945
778 740
949 1953
785 1728
32 470
531 36
1428 286
386 525
1057 1299
153 1326
1194 472
1229 1050
1992 512
1446 1845
1639 762
807 1381
11 1382
195 1273
75 799
995 525
1530 457
248 441
174 929
1233 771
986 1131
317 521
1698 1380
757 248
1218 378
1716 237
1755 513
1015 1584
1497 817
1988 1261
166 660
1029 1092
1879 736
1937 153
1810 425
373 332
1930 1058
436 1715
1487 827
11 761
1588 1878
1976 1372
887 875
818 174
1482 1945
1258 288
1032 1992
375 1304
1998 732
1871 342
1659 1876
1675 1739
497 682
1001 1014
153 422
335 970
1241 1607
941 1905
1068 496
1928 529
701 1477
23 697
962 711
892 981
284 1023
1506 1416
934 1889
878 1319
1933 764
888 1615
152 25
1339 444
1270 1472
1286 357
848 369
336 421
601 1375
156 1097
1943 1373
896 7
1954 916
333 328
706 1678
1792 1469
937 1377
241 1925
402 835
1070 542
1702 1343
300 1574
875 647
1543 1913
1635 1256
219 1368
1335 1742
180 124
741 234
1704 1967
1496 1054
251 33
437 1616
894 789
1178 1050
41 291
350 823
59 1190
1702 1632
1348 762
617 1648
1514 1678
1555 1388
1841 559
671 1004
817 967
912 553
160 462
342 954
42 1436
1181 1975
669 707
487 1832
1561 1545
1870 573
855 1903
609 1538
1107 895
1231 1101
496 453
867 214
392 1664
175 255
1671 581
1953 1500
961 830
1060 542
1332 347
253 604
36 934
1357 952
1240 1894
1680 1667
315 1913
1725 1949
481 81
732 1006
568 631
623 979
148 138
593 1252
1695 1121
351 764
1080 1982
1040 1957
983 671
1868 667
1815 892
1026 1736
166 771
1549 1564
7 261
431 1701
913 622
1030 1171
1492 349
830 1153
528 1951
448 1062
85 982
146 1483
797 1044
1544 799
1948 1813
1745 1736
1055 857
1025 414
1652 699
1394 663
1246 972
895 1858
575 1572
462 295
1594 1660
1246 1323
607 1239
153 1928
1326 1879
464 199
1439 220
1757 113
581 740
508 1860
362 554
1840 355
475 985
1699 424
1060 406
987 1694
654 1219
1996 1098
1784 64
677 1503
1756 62
1078 86
841 1141
1604 1998
167 229
439 1344
1350 1206
598 1867
1556 1337
1292 694
912 1779
845 1590
365 44
1935 483
1792 915
503 162
1886 1227
982 1833
551 464
1660 288
1849 983
394 677
1821 393
1694 169
1415 1464
1985 1457
66 877
1158 754
857 14
250 1738
970 279
1267 599
1449 1766
1401 585
1271 1715
338 621
748 160
1082 1728
276 39
1331 1936
1663 822
1405 1026
817 1561
342 1500
450 1518
969 678
291 910
1475 371
1506 391
1178 968
1679 1686
722 1430
1162 715
357 1696
1554 185
454 1188
157 969
175 256
987 774
235 29
1270 455
795 415
1166 130
1258 1187
1120 1532
1173 1390
1117 1916
1510 253
1288 268
207 1780
421 529
29 1312
1313 1871
1281 709
287 120
54 669
384 393
365 948
3 433
1292 451
761 1810
1199 332
1193 1646
1030 497
1084 125
932 498
973 1683
1112 1626
110 806
611 693
618 155
50 1297
742 1741
420 1857
293 1245
590 797
666 1845
83 1761
387 972
906 868
1849 1252
1095 808
1210 1974
862 1149
1725 1157
829 1336
190 1810
624 1074
1165 1781
1246 571
1 1987
377 1158
1114 1481
197 1427
51 1049
1216 1861
842 820
113 678
983 41
1294 808
1524 863
424 1268
1105 771
341 773
235 1294
740 1272
1360 307
682 835
1451 795
1823 1916
1793 441
1666 937
968 1388
1430 1118
534 1487
215 1111
1661 12
1498 1796
1610 730
1557 433
1850 173
241 1711
1504 993
757 687
208 740
743 844
1702 545
300 1804
1243 268
1741 5
710 1987
1854 380
1284 1654
1130 1242
482 1914
1704 1157
712 1827
1800 999
36 1912
705 46
230 579
889 1933
1334 647
158 1936
772 1656
419 1680
236 1884
133 1954
1163 1325
1613 1473
391 1646
949 1024
909 1753
1587 494
5 916
379 177
616 701
1343 93
1990 1357
634 1834
231 1200
19 1076
886 1556
104 1228
1441 1453
784 1000
32 653
1244 260
1932 1009
1012 326
1340 1914
1427 1035
1300 1915
1710 1738
75 702
1624 1755
1774 1741
488 585
1191 1267
107 737
718 259
1200 526
439 806
1345 555
831 736
1645 871
174 1757
446 1606
125 413
1285 907
1603 1152
1160 960
1988 1614
702 296
353 530
946 1245
1185 1139
46 751
420 1268
1948 743
226 1191
1090 1456
67 1913
318 751
1063 1850
27 1230
789 1095
382 1558
917 233
223 534
80 1824
1025 224
158 135
1601 981
783 300
225 1110
1949 1888
1287 1804
190 308
393 22
469 1891
639 1371
570 190
143 1970
1453 1673
1056 1612
1151 1152
139 1171
1152 506
1540 999
1194 1319
1644 1031
1093 1287
719 1344
708 1367
1880 738
143 1882
516 1698
435 1633
650 1788
1019 1847
322 297
1347 162
1071 673
476 664
725 485
1136 1102
1908 1874
358 1082
694 687
1403 1818
79 600
1824 1455
743 705
925 748
1197 924
1305 1006
1570 1826
1847 1126
1545 1804
452 573
1473 661
1148 1725
663 1629
1519 1094
1049 556
1913 1551
695 1324
1505 760
578 1294
1475 1060
1991 84
84 919
1594 654
658 930
1009 1162
1467 1324
280 612
955 1520
962 1324
1997 852
19 1217
916 1713
1371 370
1506 145
1715 1123
1054 1531
1540 210
1671 1060
78 344
794 1774
998 1964
389 1180
908 444
1705 1882
1413 1193
1442 946
329 1755
922 1620
774 477
1343 1028
559 629
1251 1225
679 1616
536 1762
808 1671
681 927
1822 1970
646 1487
411 82
1352 324
1810 1358
1137 1798
141 781
1158 1542
1197 36
667 1081
1508 1979
1702 1987
1575 1363
493 727
1616 1972
293 1015
205 43
1683 786
786 568
825 934
58 1189
970 1177
843 1181
1164 1445
1860 154
1528 355
1613 510
1025 125
1922 485
1479 1032
912 1298
1882 1764
1644 1931
1315 1218
232 1729
1493 1730
1895 1393
123 140
1634 756
1359 1451
1306 686
1005 1552
153 1519
102 1082
1024 34
1138 455
884 497
437 754
496 137
1630 1981
138 568
892 303
752 1991
1392 1263
1192 1636
758 1728
1258 648
1756 1695
928 1592
1440 1621
820 419
1230 626
75 220
315 1581
757 1316
1901 775
372 1222
1038 1653
1426 63
1412 126
660 1531
1430 1251
174 241
1476 65
184 583
427 1896
395 546
125 1855
1190 63
1759 1594
1915 1024
1584 1654
1511 1442
1713 1106
1759 159
378 857
267 1872
1305 1488
263 1079
1455 1986
495 1502
1740 6
818 113
1866 1123
73 190
802 577
112 404
6 666
1327 976
1087 1959
84 794
875 1009
513 1558
1174 1457
40 320
955 1677
817 1976
1243 1206
305 108
1163 927
51 1600
937 1203
1008 1581
1434 1749
1386 286
1430 506
175 675
1266 1773
1916 1154
1554 1533
1743 1869
1699 764
617 1701
1939 1101
246 1308
1445 616
1023 636
594 76
315 661
1624 1969
135 390
1734 769
1281 164
142 1446
532 885
700 1492
460 1853
156 1304
1041 274
1815 400
678 1131
872 340
1222 1652
1653 816
1621 1030
1914 1264
480 1117
1440 956
1526 1950
869 393
1379 209
1406 352
1708 442
553 840
419 798
1987 245
117 777
1295 722
128 1724
1910 1187
204 111
77 759
462 787
1241 1336
1148 22
967 786
178 1402
517 207
494 416
943 856
1140 1482
1208 1566
1414 1714
1649 885
1495 1518
1033 547
1155 1746
177 1411
87 640
514 328
184 481
600 237
1325 1354
1915 1558
410 1903
1173 1050
1138 281
368 221
1092 1230
602 903
1440 907
566 1213
547 1063
1984 584
1052 24
831 1035
1716 55
554 1526
1649 124
1575 332
1762 1717
1022 674
1582 664
1102 934
566 1467
648 1757
414 1716
9 1285
1330 1557
1379 325
864 974
431 1626
1761 1247
219 544
256 1622
1122 1939
793 881
1691 460
1957 91
1687 1876
1620 297
255 1847
786 1864
225 224
1689 1648
1373 231
1410 915
861 435
1820 938
90 393
1181 1248
1315 818
729 801
1248 383
736 67
556 342
1289 1159
181 1102
542 897
1736 13
30 181
107 220
1316 1582
1718 1227
461 103
1775 1746
6 583
1233 1679
1143 900
1703 158
908 1229
227 1514
253 1578
1705 553
202 1528
1862 1741
1539 887
522 183
1148 1057
598 1674
1038 1239
282 1868
732 1976
358 979
1950 1445
831 1828
1695 19
1363 1626
1649 1377
925 75
1317 857
1410 929
111 1682
680 1990
33 1231
756 625
924 1991
99 302
539 1053
1330 768
1443 611
470 475
1874 837
1754 671
887 142
945 1923
856 1350
285 974
1631 1123
1929 1849
1177 1596
236 1576
445 1823
1511 1185
1594 183
628 1213
1986 173
494 559
614 1016
224 1055
1903 1604
1259 1049
72 1519
1997 363
1208 1705
937 1837
185 1232
761 389
613 620
263 1421
581 1682
1547 1434
397 1947
468 61
829 1630
1848 40
654 1850
1713 1113
348 539
1826 1816
1219 580
537 449
654 145
1996 180
1705 1697
1636 147
1106 1410
1357 1006
827 623
1124 975
1512 1205
806 874
1458 1651
15 1074
86 1734
1306 1011
1981 1925
1698 1457
1382 1710
773 1438
282 91
1792 1754
1264 73
1022 809
473 1324
1076 1454
351 1051
113 301
35 1882
707 1349
680 185
888 80
1320 1824
41 609
357 775
894 246
1795 1791
1641 1355
218 1163
1878 1660
1016 96
1827 1326
1270 1752
1064 494
1633 1539
628 53
1772 1658
1131 1895
1329 1022
1700 219
927 1159
854 947
1765 1030
1518 1434
1912 353
1526 1461
950 1971
1013 1234
1523 1365
1506 1324
1404 1233
860 375
717 1683
1518 1521
867 1461
740 1933
1157 1974
1478 1175
1293 637
1448 1478
195 1828
934 1559
221 1040
1815 223
933 1150
1551 1846
336 74
1721 1100
1436 1457
986 444
1982 662
1677 1576
333 307
794 775
1080 512
1465 202
275 134
630 662
348 541
540 650
1861 684
618 594
1462 1769
286 1546
1395 822
1268 1576
1549 1023
1561 568
1616 880
659 742
1814 1517
1401 1146
1134 1836
744 787
1846 1842
1115 804
1002 1495
236 1955
1899 1904
903 899
1892 1956
345 1605
621 228
469 279
2000 509
861 533
1065 626
1456 1051
1612 170
856 395
729 131
1432 267
323 1998
1928 249
1321 1659
973 824
867 269
719 1844
1720 123
821 1064
892 712
182 626
1999 1978
1039 1914
1353 455
1120 1334
1943 272
1837 877
975 635
1717 1335
188 182
725 1929
345 629
1314 1843
1530 1612
1550 29
667 768
1647 1051
805 946
1032 124
1337 1682
685 156
378 1286
989 294
1090 755
560 842
1874 423
398 1050
1754 1265
193 1280
543 32
1424 818
1003 1369
1926 1181
1290 903
575 1939
1948 526
195 1454
1848 997
393 855
490 1365
792 1837
1287 54
1536 578
102 1358
999 1236
1100 641
696 825
341 1334
1485 1017
1547 1858
1671 1656
1162 300
1328 60
852 1893
391 1257
1019 363
214 203
130 1034
1487 529
1505 1652
715 1472
1219 162
1440 1817
1441 343
859 307
1604 1915
827 1037
474 1887
1314 223
623 1958
1916 1185
1938 1503
137 133
674 868
1670 942
1709 844
1158 210
1589 790
1476 1585
1926 1929
140 1286
699 1188
680 1212
1423 1711
890 313
1556 48
191 572
48 774
1943 1299
2 1599
274 312
1733 1400
1846 1929
659 1411
382 580
1765 1879
204 520
942 746
273 129
1047 1897
1405 1261
18 1667
1979 1314
508 793
620 1731
994 956
1485 1857
1857 869
835 1376
83 391
1554 994
1775 608
1872 961
915 1804
1074 664
922 48
101 535
322 912
1657 670
933 1680
1431 113
594 920
159 1191
368 551
1887 1816
1781 773
808 1862
1011 321
296 634
1107 295
144 1930
1504 206
699 44
21 8
1384 1908
1824 497
1508 1146
946 1299
597 1349
837 342
1065 1011
293 1160
275 1926
865 412
78 74
350 1263
742 221
636 1584
1260 1401
1542 1770
659 763
735 1836
550 1236
180 44
1256 733
1878 1414
1279 1699
1562 79
1214 1754
6 1757
1025 1819
1405 85
1479 405
65 1391
766 1969
1658 615
1071 1093
277 1586
1706 1073
330 1520
1125 199
189 427
1451 120
1143 1079
1572 539
461 1835
1680 555
1438 207
580 1747
1076 1738
1943 950
626 401
951 1364
700 1021
1677 1874
997 1590
928 3
808 569
492 194
470 317
1660 1661
637 1428
586 1650
1063 452
286 1404
1144 1080
847 1418
1747 1559
60 269
1185 350
1116 1062
837 1157
180 1402
1323 680
1620 1090
350 450
1405 396
172 1042
928 240
736 1611
285 1325
31 1369
1599 500
260 1345
66 1424
324 1608
1518 548
1422 337
292 1451
1054 970
1227 434
1540 1697
1216 1347
185 1399
330 328
1259 997
687 276
1528 820
1036 1238
1983 1516
1231 331
1837 1266
772 1874
721 1178
500 943
389 1090
527 1388
1484 769
1770 522
479 1299
760 219
852 1707
288 233
1048 920
914 946
257 93
1804 503
1052 588
1345 1534
1610 34
1684 1837
1125 1431
379 628
625 928
383 944
1437 619
261 398
1423 680
1672 982
1356 1405
378 1040
71 1047
1581 1568
1874 1578
1549 278
205 97
477 1756
320 1177
1669 1233
786 750
1334 1744
1429 104
1609 1680
387 1353
1696 805
399 1578
525 1107
1922 315
1668 1355
1140 250
672 1656
545 494
1421 1349
1940 203
824 291
1746 230
771 1916
455 255
312 119
609 999
1732 21
1315 1915
139 1222
62 1691
89 499
289 1322
1685 1877
145 1757
1388 720
1365 573
1111 41
1992 777
249 1549
1314 269
929 873
1088 1502
57 918
1625 745
1510 1957
686 1087
118 13
693 1889
1604 1617
1496 1725
1098 1546
204 996
414 1273
845 1163
238 561
691 1846
1437 275
319 1060
1628 522
1317 365
710 1763
572 436
1033 958
1660 155
261 1275
558 899
996 1225
300 663
1646 994
1494 351
1298 74
159 1756
16 358
124 1311
491 4
1198 1157
883 774
350 329
1436 476
1701 344
1189 180
285 1442
1595 1071
218 967
1940 835
1926 932
1513 1489
1518 1230
639 35
783 449
1928 794
1146 469
493 1201
1593 1682
500 1681
1372 663
558 20
1600 178
802 1345
1784 1827
922 266
834 1070
429 873
1378 1683
1491 534
795 1173
1989 913
294 534
1742 635
23 1380
506 1534
668 1075
1161 772
1345 1355
1218 1275
1547 75
1614 1349
1504 468
950 1818
1112 1989
1792 529
1972 1819
71 1160
590 136
480 1175
406 1155
498 96
403 269
1425 937
887 1770
357 299
1178 1379
1948 1283
1311 1050
1954 1656
1043 1355
1917 19
905 2
1573 1895
324 1070
1646 872
1580 69
1488 117
736 1418
132 149
110 1007
298 189
374 1856
1333 115
1852 1477
655 27
1409 515
1302 1025
1506 1545
897 1751
1056 1752
613 685
1531 422
966 82
530 147
1300 979
751 563
1649 223
131 356
993 1279
1470 1915
1480 1027
1943 1606
1742 1779
2000 1883
515 1470
1873 1251
301 1725
598 317
1684 808
983 1805
1066 3
1285 1827
1603 824
1693 1432
870 605
1204 149
252 1436
837 1752
540 1601
1310 1125
1549 1299
1275 264
859 873
615 1495
1443 1208
256 1632
871 467
1771 1740
1224 1397
1411 1292
839 1349
1468 96
1878 1983
702 1464
527 647
430 863
278 1487
1494 1657
1456 1591
494 1382
153 58
944 283
1580 1840
1089 1867
1176 1450
1086 749
1146 344
595 210
1044 1848
1600 13
1932 68
352 439
1094 106
1657 61
1920 563
768 457
841 1404
414 252
711 1150
1269 688
1737 198
1557 819
107 1511
1543 256
565 1493
1769 309
946 944
911 338
621 1721
1893 1884
432 1571
1570 273
339 1385
85 341
1615 527
1768 394
1754 677
1606 578
1973 837
1779 10
804 820
1479 1320
271 209
1606 1065
1454 1226
1126 679
423 954
356 495
233 258
1820 1615
1089 1011
127 1816
810 244
116 1811
1431 1017
708 747
602 370
1037 1718
1044 1108
1213 402
1855 1063
298 1671
1220 1426
1497 578
1872 21
1023 1443
1673 1720
96 1154
1643 1158
1049 1564
1873 827
1244 1227
806 1834
1485 614
227 713
1737 1118
137 1745
913 911
547 1946
1433 1673
1285 1704
649 1434
918 1559
1331 102
1463 392
17 1760
1738 26
1981 224
1896 1300
213 724
611 956
1455 137
136 998
1171 574
103 1844
1729 248
311 31
830 1077
666 58
1609 514
763 1138
652 121
1846 1125
712 724
1002 1710
419 230
112 628
1911 1241
98 571
581 1004
444 531
317 1307
1239 1028
52 1804
1633 1753
1449 706
1926 1116
8 1194
95 1946
981 1161
102 994
1952 1693
1771 16
888 211
956 1643
1100 960
927 868
620 762
1685 1404
1553 167
385 325
1826 598
389 1569
1883 1573
507 380
668 747
1385 399
389 390
1975 168
986 450
1357 209
1928 568
1235 1911
1110 523
522 96
1419 498
598 1759
706 1681
623 120
1303 860
478 1737
314 1590
388 209
1183 506
427 381
1810 1040
1063 1808
53 203
1584 121
177 367
1310 1735
41 1959
982 88
1542 198
470 300
1450 230
975 1281
832 1585
331 1882
1565 1191
818 636
1482 727
306 1704
1627 1975
497 1747
1378 1577
923 1583
817 992
1961 515
1495 1959
628 1226
616 422
501 172
634 1587
1156 1950
860 1073
1547 523
145 1852
595 1648
888 998
1905 1803
523 931
429 976
1625 840
449 559
1240 234
492 686
1060 573
156 575
1408 1370
1990 23
1876 959
1844 1601
22 144
67 1851
510 547
688 1216
1193 101
347 1641
1377 1748
439 57
1550 43
565 879
1919 840
1098 426
692 703
533 637
1727 1649
1914 72
166 802
1349 251
67 519
1388 279
150 438
1171 1483
452 971
1136 1964
1538 55
612 660
406 1720
498 1721
1060 641
154 861
1242 1020
1563 1702
899 1897
1457 1847
331 1103
850 53
172 73
1032 1323
285 358
1802 1681
77 196
1184 1112
709 1747
934 1580
127 1470
1637 1975
1474 1681
1326 1910
1757 82
1282 744
178 1250
145 1057
574 534
846 219
1307 839
214 129
1524 1422
348 1971
366 60
603 478
1943 1271
1836 1937
1052 1184
921 1442
561 635
1850 57
759 756
1137 1288
1250 1129
473 1791
1589 732
1861 583
1995 605
618 911
88 654
293 449
1185 31
1796 553
243 479
1092 1926
1747 1937
350 157
133 441
1313 867
1514 1364
470 1862
158 1796
1599 53
1892 1
689 144
243 924
1954 444
1239 682
1758 622
584 864
1481 1270
1778 1860
1675 1174
273 191
1790 1119
1972 8
1114 304
1258 402
1681 906
392 1578
389 1207
1603 1694
1314 1476
686 1643
1300 1175
1154 1582
453 1804
1205 1054
561 1987
1763 1564
954 775
187 1316
1433 355
1509 1416
1029 1406
1811 1394
47 1261
1317 1841
360 1835
1055 1990
738 576
642 1100
167 181
401 383
865 1663
1930 1535
1874 1773
793 30
1014 812
534 873
403 473
1913 142
223 642
977 410
1454 852
1258 1223
1521 1317
1998 785
1020 1764
917 1562
1856 1526
1163 194
810 1382
1329 222
1114 1448
490 1422
531 620
819 1294
628 1704
1068 189
916 50
153 1270
814 1489
1627 470
115 1542
323 342
557 527
1213 969
182 1679
1056 1932
1826 864
650 245
367 821
429 1458
624 519
1226 768
1615 433
1964 22
1680 741
1019 1883
1205 150
417 1579
417 1435
838 1109
32 466
1818 639
1289 1618
1161 336
813 1117
1052 1339
1670 83
1656 403
499 1200
351 179
118 346
1792 205
618 882
1280 273
510 1552
1411 1501
1109 332
1727 512
1810 993
1648 1126
1962 164
1021 1224
1141 987
1927 1638
891 115
85 1545
1906 969
1795 1264
1182 1926
405 1646
822 1459
1349 1085
1991 192
1064 993
26 946
1926 565
771 53
842 1711
1398 196
824 56
962 1464
248 1044
1397 372
58 565
171 894
1439 531
1117 1308
1706 338
1448 126
754 1245
1194 654
1713 694
1201 1946
908 40
656 1989
1855 1476
276 322
1181 1759
167 1159
126 1674
1945 468
421 113
1814 1351
1894 977
776 1061
294 961
1642 1314
1490 1591
949 549
1331 1737
600 637
851 1939
568 1351
1531 1687
1769 1215
1257 445
1937 729
890 1290
1026 24
992 1538
978 1581
99 940
517 1744
1561 236
191 1924
1406 105
1687 322
950 827
350 767
6 27
887 441
1998 156
716 692
1177 446
829 883
1880 1787
635 972
1866 562
669 1590
145 1651
127 1108
609 957
494 169
614 1402
1146 1164
1863 1443
639 925
1658 1111
860 746
1358 1817
1655 1053
574 776
1233 1075
613 1006
544 747
1902 1882
657 588
839 348
1392 1171
1075 405
1282 1772
1551 1627
22 1058
541 242
642 1550
1005 1753
195 554
234 972
1982 893
1431 1769
1124 77
1963 1783
1343 941
188 1697
6 1045
757 1456
1018 368
1299 75
1889 1343
787 799
93 1660
1815 1460
238 1434
1766 758
1678 1910
1243 1859
154 1583
1944 1310
1796 263
590 1246
1418 1101
645 487
800 1708
465 1091
293 152
1193 773
112 312
1214 775
557 1536
1417 487
1327 108
575 971
236 412
1115 558
1998 1523
160 1934
400 925
1455 486
13 238
524 990
616 775
1445 241
1620 1184
1345 164
1169 1849
1909 1433
754 941
1273 171
759 1136
1791 1058
104 1430
980 351
1245 341
72 1791
770 877
1510 795
96 1726
679 569
1131 1926
1925 1502
216 1459
1015 394
1251 589
1971 1712
1240 1446
1364 308
1790 60
598 996
234 315
107 571
689 609
536 1729
1587 1868
1624 352
354 932
706 1117
1183 1757
1534 79
1387 430
257 1613
1250 1566
53 1570
1160 874
821 765
480 582
925 1858
1058 1689
565 747
583 1942
1065 659
353 1109
1541 1068
1014 1078
160 1565
1941 503
434 1550
1596 1926
1412 1839
133 896
426 154
1853 1104
1479 1513
516 223
290 32
917 1332
1214 1594
1449 1070
1783 1087
702 366
778 326
305 1944
1216 1162
1986 418
1414 187
1400 555
501 536
542 262
1111 1875
821 213
1118 1109
26 250
1035 387
1442 595
1404 98
1939 857
362 1857
770 760
936 1776
1452 552
1782 355
1629 1512
488 1963
1147 261
827 1382
1778 388
680 1982
22 964
407 26
1975 1121
1465 700
199 852
829 1559
1527 138
319 1939
1280 743
1443 1258
1907 1560
505 1901
201 816
1622 1964
1310 1043
1575 1565
1648 1420
911 1260
103 1653
1856 437
1342 1664
846 236
401 1735
1694 617
1505 1207
1860 1905
128 635
1994 271
797 1313
804 451
1821 1326
486 958
956 134
405 376
1751 1529
635 1985
1064 215
841 157
822 763
1119 371
755 516
297 1317
1605 1876
84 1500
1580 1898
1960 1733
505 714
1453 844
917 720
284 797
1080 1893
969 1539
1266 1307
1125 724
888 1965
719 903
1662 389
1491 311
1049 1376
1883 1148
6 593
839 1218
1586 1997
1212 772
1357 1389
149 214
522 554
852 1931
568 1219
1585 375
1767 75
1509 1879
296 1285
598 1566
1919 284
549 516
1135 749
1158 1884
1204 938
1575 741
890 1060
360 103
1359 1838
275 1834
71 1335
1254 1860
9 174
779 1982
652 1408
894 631
1157 685
1892 1338
1867 1336
1172 1348
513 767
737 1205
1507 441
1926 1703
1772 1531
1271 520
211 1754
1800 284
616 1802
345 1868
1209 39
1174 871
1091 1470
1456 1300
175 728
1718 864
270 944
524 101
1499 698
1455 1842
595 1841
1542 1644
1826 257
874 792
265 752
49 67
606 339
936 379
1964 1260
548 1576
693 1537
626 1764
1523 1358
1804 1119
1205 1482
1811 141
1684 645
142 1684
395 1363
1375 74
1816 1298
130 496
24 883
1345 995
42 1540
653 996
1538 1118
1465 1254
858 1378
1377 434
484 492
420 409
1243 1449
466 459
1388 86
233 492
982 771
641 533
1161 1123
1563 1726
200 1495
350 1641
1203 155
1761 645
1599 601
850 244
278 885
797 795
1493 622
123 1198
494 1516
128 878
771 916
1405 1751
1760 458
1229 953
655 1070
881 1103
614 1811
26 1496
369 1203
1439 114
344 1211
1600 82
1194 844
606 1515
1471 557
1773 1442
1992 284
562 1653
214 448
1357 1762
239 119
919 1355
1793 1870
361 1821
368 1007
1857 1351
1804 842
61 1476
248 911
1419 428
1204 1242
1172 236
623 66
990 1475
79 1248
1094 1588
49 1045
307 1005
1872 1171
629 1486
1127 579
860 770
1817 1791
1464 273
288 14
1021 1652
1687 1021
550 1758
864 689
408 1219
575 1613
13 916
767 1941
162 1877
1267 501
615 589
426 1515
1490 1673
1184 783
1522 1231
918 547
1903 192
1541 973
734 369
19 364
1651 1515
1240 1309
1278 1138
1718 767
210 1025
305 559
803 1336
950 1250
272 1508
410 1082
1629 1569
390 864
1757 1248
1911 853
1390 1743
1703 1834
627 1485
1503 84
1837 1396
576 797
885 1805
1383 514
1219 549
1632 1142
239 640
1502 1736
1823 922
22 238
1343 588
959 340
61 332
248 301
1059 1053
1426 264
1797 791
1749 1810
1807 910
460 1218
270 1634
1038 389
917 1577
1004 1415
1942 1775
1802 1589
148 551
558 238
1683 1729
1026 324
1570 905
1860 1135
1791 453
1807 608
751 214
1447 1105
1878 1695
278 640
158 954
1796 1402
1675 1631
1195 1033
702 823
1315 92
822 1832
1518 1461
782 1155
450 1720
879 389
881 1220
634 788
687 1794
1404 1264
450 287
692 1879
807 377
150 1092
226 1528
1600 1928
1662 249
1912 82
1677 1185
366 10
1072 1327
442 1626
972 926
366 1870
1052 1146
1255 605
1557 19
1850 15
1193 1280
1942 599
1034 1796
1250 1983
1123 1207
1419 1986
499 1137
1977 1964
1841 218
162 1379
583 1521
551 43
1508 30
205 1643
173 801
1701 1189
1796 595
1542 107
1835 255
590 1938
1927 1703
1987 968
223 91
546 1356
670 542
1387 1048
710 1367
1267 638
1728 1020
1953 1551
497 1670
1036 923
815 244
469 296
1685 1072
1820 367
1912 1784
1806 302
266 1398
821 692
1838 1919
1679 1721
722 1455
1035 1826
1656 124
1179 833
83 283
629 1325
1833 797
1819 862
1009 1601
221 505
1430 1745
774 1189
1351 1641
1205 591
1300 1241
1173 1365
1117 1811
221 1886
682 1232
1622 240
1530 200
407 693
100 1465
1988 91
714 1729
340 648
1048 1249
605 132
1749 1959
128 1763
1690 1748
1949 1009
619 1732
600 316
1702 267
1172 770
231 998
1338 630
1635 244
1063 839
13 1422
1884 148
173 1961
713 1073
1621 1486
1178 14
1714 1404
223 1235
1406 168
288 1452
1210 1951
1355 666
200 104
20 979
91 1637
98 795
829 1181
1926 1916
1758 1675
1459 1529
1566 1528
1559 1707
1688 1281
146 616
185 246
1054 1830
1167 1741
1833 1685
994 983
798 1530
1420 523
1600 1795
609 879
878 189
1270 1219
1731 879
555 234
1145 766
1823 1927
668 395
556 690
871 1164
1477 711
1742 109
529 1279
1431 1838
1412 1334
1888 974
1776 1159
1797 393
130 937
630 588
1070 793
1225 1920
1298 1756
1727 985
1856 1182
1109 402
406 757
9 845
212 332
1210 535
952 891
110 1639
498 1041
975 1569
811 1728
1733 1369
578 205
463 893
945 1750
1176 479
337 1165
412 653
1207 1958
1929 76
133 1865
86 218
349 1586
1834 51
187 858
1156 91
1456 1205
817 1645
501 1996
1612 124
411 508
1152 355
639 298
1100 1832
849 796
1377 1157
1199 84
171 689
83 420
1042 1009
784 897
1339 1317
1554 1704
1823 1055
373 307
1039 1580
1099 881
968 1741
1200 1276
1557 1926
1832 221
86 1035
474 525
787 1492
1285 1341
884 976
333 1910
1843 511
600 391
1654 1787
395 415
492 921
275 581
1621 830
478 1244
519 350
1437 759
459 1044
141 1044
378 1196
1725 456
1736 1746
1268 237
1487 397
1570 659
1577 1685
470 787
1643 1816
200 275
311 1301
1175 1760
1235 333
910 907
1765 613
1917 810
1793 705
1093 934
771 1232
789 647
1013 1933
1326 1622
690 1504
263 1357
1720 1053
1831 463
1079 362
934 287
182 1616
1945 432
228 438
1724 1772
1988 543
410 1594
1477 844
947 721
1046 1135
1138 196
1048 228
1546 175
1818 904
1288 691
1364 1670
1200 495
333 1022
852 594
1832 944
47 816
732 1528
199 21
1550 606
79 579
1755 492
219 1896
106 1419
1243 1821
1171 956
371 1710
154 328
1722 1253
161 1084
1004 17
1064 1339
1007 1285
1341 485
663 217
1327 182
444 145
211 134
1758 654
1056 493
1082 1475
458 1657
1216 881
386 22
1773 176
404 1363
1323 872
337 2000
215 1607
753 1116
1566 1260
330 363
62 802
1804 707
1224 819
1446 1374
1321 299
809 479
777 1477
1691 1842
1957 414
260 1380
1657 964
1325 356
114 1508
1343 6
1131 29
407 1475
247 549
1602 56
958 742
1716 762
619 1962
891 1729
706 1043
655 1730
162 501
1767 1837
932 753
805 1357
667 1104
1266 463
1236 1959
637 1858
28 1518
745 132
312 1094
286 1970
1192 453
143 926
1766 467
862 769
78 304
996 275
1828 938
673 1208
161 164
314 540
728 1054
223 418
1949 1848
204 1578
1954 1540
875 1319
292 1257
1947 885
1645 836
1082 222
2000 949
178 1500
1006 46
1785 1557
704 1384
425 281
814 1201
1921 195
512 1903
478 492
1547 137
150 1509
189 321
544 304
1743 1257
475 1084
1201 1266
1311 1449
1869 495
488 1621
368 59
1730 737
315 1540
188 270
1901 798
1684 836
1299 158
951 915
787 882
718 906
522 1169
1223 945
637 1226
1900 1286
300 1043
1444 560
1469 195
918 331
480 1955
9 615
318 1787
779 1095
896 712
1337 561
953 1233
1766 1855
887 579
1242 638
1835 1851
1334 1414
843 409
226 396
1126 1060
1991 480
1025 889
1043 496
1921 1287
418 1431
741 943
392 1350
1513 1458
70 1681
1997 1044
132 1478
1086 513
1409 1579
1326 240
1188 1797
1296 1987
1561 633
897 904
1985 937
443 1662
258 706
613 1654
1473 1789
1667 1713
122 1075
1371 1242
1413 1829
1477 174
221 135
1154 195
1272 1868
1749 1478
1735 1271
1647 1499
1133 927
1596 939
88 1969
238 487
1070 326
780 1476
985 514
505 1096
844 1987
1581 1782
666 1723
1648 1641
1076 1986
641 1723
1941 66
532 32
274 1904
864 624
811 27
1055 308
13 1723
1387 1388
343 1714
1394 128
1468 1183
935 250
1253 75
980 369
1827 308
356 283
1373 1046
1559 1749
1248 581
1566 211
8 1862
683 242
1202 1374
393 1676
1140 1862
72 1101
1393 457
17 1375
1326 775
32 159
1925 385
1819 642
1826 1658
4 221
276 1306
1071 1293
728 263
1560 806
587 124
94 1832
202 210
914 1936
1491 674
1073 1433
407 97
1774 227
1191 1693
1426 75
732 710
1444 1280
845 1057
1346 830
1949 317
965 169
579 1377
448 237
1773 1925
233 1981
932 151
1522 627
351 1465
388 1205
274 1357
452 828
717 1912
1581 995
110 1156
226 1717
1309 672
1686 612
1519 1351
278 1356
1319 174
1304 1056
1108 238
1606 1829
792 1268
497 1106
63 1415
1816 1255
1394 943
1308 1673
610 1950
400 701
1799 1106
1327 1505
821 1551
483 828
602 1094
1588 1373
628 1838
1693 1104
185 938
1107 415
1084 182
595 243
1035 1406
899 762
249 563
457 1322
1125 527
44 1790
1328 367
922 496
1420 343
834 1156
1300 1677
1466 245
661 85
329 1492
226 1227
1717 892
834 619
227 1525
1350 547
1473 1668
1269 657
1186 359
1742 904
1814 1871
1621 647
1135 824
1940 1507
1670 733
241 1994
1158 1793
625 1387
275 484
833 594
1847 1007
1672 1457
180 431
275 1921
332 34
1634 1867
34 692
1948 757
1913 640
744 945
610 518
1899 1054
1147 1877
1608 449
810 1904
1152 1619
1562 1250
1481 1533
1979 618
19 310
1859 208
886 874
1347 260
1024 801
782 81
1100 244
1372 1905
606 1705
904 1023
1404 322
1920 544
1263 1545
297 218
1351 1838
245 692
1883 404
100 1971
841 405
142 466
682 1939
668 1602
74 1289
1539 541
1004 982
914 490
1306 920
328 1891
887 1466
579 1514
565 1795
1451 1146
768 1462
509 1566
1408 1661
498 1573
1184 1515
779 278
1076 544
360 470
218 1200
942 1841
1545 963
709 234
737 1581
1327 1386
197 1403
1738 332
1945 1768
1965 1856
1838 54
37 830
132 746
574 1135
1531 1112
1957 1163
1208 933
1155 766
830 305
751 1629
1307 939
998 474
1579 851
1263 282
1535 1537
880 1477
954 852
1788 1431
209 235
686 647
746 402
153 1410
656 950
566 169
1908 92
315 1087
870 90
619 1037
319 971
1850 85
896 1568
1617 1990
510 1808
713 692
492 493
1102 1874
1419 1980
441 857
1787 1222
208 956
268 990
49 1469
1759 1044
53 300
844 233
903 1535
129 1282
1515 1892
1608 1895
161 731
237 464
703 1627
560 1243
387 1801
352 1130
887 58
1982 1071
423 716
557 494
1968 1280
1042 1174
107 1382
919 1035
1368 352
1866 1443
856 436
1979 1152
1547 552
182 1036
1951 1262
1752 1882
708 1808
1939 450
468 169
235 110
182 619
1671 907
537 904
809 147
1789 1178
561 1778
1311 1032
1793 793
396 13
1837 772
1604 1041
1940 1575
442 447
1364 170
1868 944
1975 922
372 1608
1744 1720
660 1037
1110 1849
1571 1849
21 1749
174 1541
427 1250
252 1737
1462 1422
201 157
53 1188
1024 391
574 1841
974 1577
1907 798
936 1794
1338 1567
1030 1117
1314 751
518 1409
746 1948
1221 1742
124 610
1634 493
730 1259
372 891
970 570
1274 492
903 34
1514 63
1424 971
956 1065
524 292
1209 532
1686 6
967 764
639 1635
72 507
1668 1222
1340 1606
1400 169
814 613
1900 652
1743 960
1558 1808
203 544
973 60
980 1256
1560 1972
1871 296
809 1408
1699 1923
573 1075
389 108
728 1776
1138 1799
566 292
787 1677
1477 1122
842 1577
1945 1456
1889 1590
750 48
1931 300
1716 1537
1589 829
1225 1130
1098 1272
1222 1250
1653 646
1893 407
717 1002
1508 971
798 1345
1484 1644
1955 1548
673 268
159 1289
1962 272
825 441
970 1714
1170 662
721 436
1094 1211
1922 974
864 1852
165 9
882 525
1751 1919
151 234
545 955
1101 1402
1834 121
1959 430
1174 1234
1608 1170
1036 1515
1933 1651
1808 1182
1227 16
733 1939
1474 1503
1771 1631
1919 763
687 234
1058 774
555 64
1321 100
1360 1550
1837 1044
1932 572
1452 1078
1823 1089
1293 246
1480 963
673 364
126 131
880 867
626 1915
149 840
121 257
656 20
732 807
1470 70
1735 1603
667 948
1647 1175
907 1893
1183 1476
1762 203
1292 1828
1483 1107
286 141
947 423
1930 1438
532 1337
672 15
521 884
775 431
1875 1044
1577 1603
1828 49
1021 97
1051 1316
917 166
1037 1993
1182 754
1279 1674
543 444
1239 1843
910 977
31 1768
1765 555
437 1
405 1303
1163 227
1790 502
781 510
12 651
342 390
1640 1435
650 838
1329 1636
1347 1007
1162 1541
727 1733
814 1520
523 1989
1520 1289
1446 993
1572 776
1414 1823
1479 1559
316 660
1425 381
726 363
50 1076
608 1654
32 248
1699 1548
96 858
993 1484
1650 974
428 889
1597 1205
89 135
679 240
1375 1879
1127 895
1348 742
137 1817
1352 740
711 291
1268 855
237 1745
1070 882
1174 1735
1646 1569
1875 1069
1893 284
1780 912
480 1634
830 838
78 1003
194 2000
981 151
779 1412
1578 499
223 1915
1696 1547
86 1631
1094 1334
1194 1867
306 117
1407 1393
1587 1875
905 591
888 988
1373 1610
1834 236
1802 1234
370 787
234 918
1329 1516
1605 1115
886 459
393 1240
1221 1253
1259 1427
803 1925
549 233
291 249
423 1226
309 1120
1898 842
1111 887
1904 564
214 1191
1953 1184
101 611
447 587
743 445
1371 1051
94 1268
1251 737
1346 1035
962 1572
1629 460
1252 1932
1389 659
326 591
188 1496
1112 264
891 1819
88 1904
1365 1796
1197 241
1091 626
173 1865
505 777
394 1890
383 1084
92 1855
1676 97
1090 1522
1738 547
281 408
673 942
1575 1971
198 899
1355 1018
200 328
110 207
350 734
684 234
1957 771
299 12
171 1154
1449 17
1376 1654
1652 471
1947 1854
988 656
437 406
426 1901
1582 1091
1813 42
771 1799
1566 786
1838 727
1460 665
30 686
747 936
934 320
1056 1574
1625 1083
1166 1347
1925 706
380 422
1263 1287
1657 1674
1673 1901
131 386
647 1773
739 1684
820 30
1855 22
66 1034
467 395
1004 162
1963 177
1836 705
492 78
130 713
1104 1815
351 773
1566 1187
1280 587
1483 84
1734 674
1303 1697
680 1467
791 909
1455 474
173 438
1704 1486
911 1400
641 876
293 1585
1157 300
996 1136
223 1772
165 1366
670 933
198 1782
1355 239
1207 1094
1768 1424
20 1486
917 568
557 1633
1295 1815
963 1814
778 1098
1795 311
1064 843
1082 1436
128 615
437 1763
1184 1936
116 422
266 989
1686 575
456 331
1079 1337
937 1280
1946 1524
277 187
1333 1250
1208 729
1579 1466
934 1143
770 460
1088 127
782 5
1473 1547
373 1619
107 1731
760 281
682 1106
1290 1176
1505 154
1818 1629
1770 646
207 1408
612 1232
1000 1630
1890 1475
1320 785
1613 1202
515 1585
478 897
619 1873
1763 1565
863 858
111 33
221 1282
632 248
1017 1858
1356 713
1534 1465
1464 1279
240 1713
1369 1764
99 630
700 1625
198 894
433 1506
970 1243
518 77
1182 996
1417 1432
1730 666
1115 387
1152 183
603 87
1726 737
123 1569
271 119
1548 301
335 1148
817 725
345 1824
1822 1210
658 1747
1580 94
1298 565
1845 334
824 1842
1208 1617
457 1635
1547 252
65 1914
302 629
489 1426
567 1467
1192 1183
182 991
1671 343
537 1276
809 871
1826 1584
840 288
22 1368
580 1490
1371 505
1890 1611
493 1371
181 1449
1343 887
1862 941
24 1388
997 1847
1982 1022
17 37
241 1299
1582 1200
333 1347
478 372
1879 271
1441 887
1557 1186
745 1207
1868 101
1153 1352
473 532
1589 1066
1236 271
1423 1329
339 959
800 443
452 742
1968 587
313 1068
984 538
1496 483
1285 1407
550 762
737 961
1500 426
1693 513
864 112
259 1596
40 1913
37 767
1895 1580
1893 1380
1870 1542
1269 492
1155 831
1049 288
1056 1476
258 623
576 1694
885 396
421 805
1657 36
1673 1295
1971 1818
1198 242
146 861
559 956
1408 368
361 1905
711 1169
1624 458
1110 1365
137 288
1042 1262
1829 517
568 1660
1939 1412
1225 57
1255 1529
499 1400
187 1674
752 888
261 444
861 349
1918 462
1330 847
604 1372
1501 1994
659 706
13 1435
1803 1952
1177 1987
66 27
900 1167
105 551
640 342
1304 253
988 1406
1 1516
1163 1666
815 511
1758 1768
1209 64
1518 58
342 807
810 29
1866 274
1181 58
1453 1845
856 371
1292 292
1358 421
1409 695
291 640
1658 1664
1049 728
1655 1736
97 593
973 720
1752 1049
1662 572
1478 631
726 776
620 267
1139 1805
839 43
751 1455
403 639
1237 906
1171 1340
1438 693
1756 2000
1703 251
1392 323
68 1137
493 1232
1749 265
1470 362
746 1472
1811 170
47 421
1197 116
1320 399
144 140
972 1922
328 1837
42 1767
1787 1807
806 646
1480 19
416 1036
1026 1869
1437 1145
1508 1439
1015 569
1923 834
855 1803
1691 1941
1962 740
975 95
832 967
140 958
831 337
1341 858
1627 1117
1133 536
875 808
234 1285
1368 643
1174 1678
903 1988
151 1187
377 1524
1866 122
1558 800
33 704
1778 862
535 1046
1986 1127
556 276
1273 862
846 1694
305 1655
344 1178
778 1874
966 931
51 1143
1201 90
1473 1309
629 707
1848 1202
839 1812
645 1390
1046 322
1784 189
820 963
1074 1359
294 1919
908 1171
237 1529
89 1659
801 1545
1781 272
1285 948
623 1742
315 1033
1735 1047
1129 1602
1774 587
896 1658
605 1256
1889 1911
503 1756
1502 791
932 836
402 955
973 1900
1257 1021
1829 1071
120 1762
618 545
507 511
1040 933
473 502
1268 1691
590 395
1397 1970
1657 1237
1086 356
1814 1552
34 513
1122 1120
1399 800
832 1578
557 723
804 896
677 414
1627 1966
426 627
669 1550
882 1523
792 1885
1400 1376
1151 1761
676 1577
262 797
1340 528
1951 1040
171 1059
1953 847
411 1616
1477 550
1042 230
1150 1183
1600 644
839 156
1535 1475
115 766
194 1816
795 26
1920 1583
1650 482
1560 966
1505 689
1463 1015
919 117
1011 1228
1509 885
1474 499
1389 479
1523 152
354 1404
667 885
870 860
28 649
231 914
1582 609
865 60
1824 297
851 1
1073 1945
1003 1866
219 1019
862 643
318 1021
212 1376
463 1788
1574 340
1316 44
412 1038
1450 1018
1175 507
1929 755
1401 188
850 74
77 1718
889 912
544 964
160 1102
1182 110
1 78
898 500
1799 1394
1278 485
1077 1387
132 647
5 1951
775 175
104 854
1752 1324
1730 1565
1503 1229
105 572
1328 79
1180 1248
1053 1390
816 947
1187 132
1851 125
108 917
1586 1686
1657 318
1484 1326
773 96
1512 779
739 1505
227 1749
1705 976
1578 1134
1426 1267
1431 1978
75 1717
241 141
137 90
1977 304
1723 788
1465 4
1105 29
130 821
1460 798
1077 1951
503 186
531 876
180 207
1324 1948
971 204
1275 794
1694 1850
41 919
1683 499
943 354
1648 1988
1616 830
1443 682
267 1449
286 1457
1874 634
975 1332
1860 1721
705 937
85 1771
444 1543
1129 328
783 314
250 1746
1620 781
303 204
750 353
1055 1074
1147 181
1025 1275
1297 894
981 678
345 1415
658 176
1525 496
369 173
1933 1577
941 1483
1354 712
639 326
969 686
1176 956
1107 912
1983 915
1474 1429
1750 122
775 1432
1630 476
1138 6
1208 269
839 785
1252 1794
1671 822
613 1992
1510 590
1971 1000
774 1156
827 806
336 1019
1237 895
100 1112
1887 213
506 1683
718 444
460 1428
522 1771
1018 1370
1183 1294
851 1905
162 266
365 1297
1123 1993
1988 1475
110 1668
1614 271
1388 419
332 146
1033 1102
1803 606
1455 1315
1415 1447
1574 707
1669 1081
325 1844
393 507
260 1953
278 574
465 101
1387 1770
1885 103
582 520
430 741
388 1569
1214 1897
1359 832
847 1948
1329 181
1758 1386
1972 937
1566 1026
153 1821
369 1606
105 772
1630 596
1072 1356
1598 1346
1414 1877
422 375
1180 1147
302 511
1248 822
42 1810
32 285
675 1637
569 490
1125 1801
1106 323
1081 228
1140 1250
1888 724
1265 482
801 1811
700 827
1836 1821
1042 258
850 1834
856 450
1080 841
1391 1362
503 1962
1836 384
1550 690
791 1321
1183 763
851 1026
1317 565
1026 1314
709 1762
100 521
1769 1560
1832 738
1455 667
173 759
763 251
1849 100
505 223
1464 198
1962 205
140 1836
1602 372
1122 1290
862 969
1369 207
13 223
1341 369
1659 250
889 306
1297 1003
1170 123
640 1042
1559 1219
1 552
898 1878
476 334
1287 1020
1612 99
482 188
930 1383
1693 1490
1049 1087
1146 253
719 1663
1196 1110
429 209
1409 1523
1706 379
1489 1508
1074 449
922 114
101 553
1745 1148
1943 235
1673 963
753 1374
511 442
795 1869
919 229
873 1681
619 437
1117 174
213 1324
532 832
914 769
1661 785
1073 264
773 1226
441 1713
1919 73
319 452
162 859
1617 1483
395 444
238 1772
1769 656
572 724
833 988
1323 795
194 622
162 1828
1010 716
1607 1857
1985 282
1722 1001
546 362
641 1970
124 322
1814 1993
1487 1991
1486 1339
1500 1950
1834 938
1786 1943
1638 156
709 1492
1151 535
584 487
531 736
460 1137
693 1523
19 1972
1986 708
1008 1415
369 1779
102 1159
1499 79
1605 1147
217 212
341 146
1597 891
1339 599
1204 1796
897 517
1611 991
1883 18
1777 1579
852 1502
1604 1580
1230 751
1749 581
347 670
421 187
502 1841
1223 418
1562 1731
1048 1630
877 226
1375 560
554 7
206 1842
1534 1392
1977 1767
600 1913
253 791
1268 1860
1955 1900
240 703
286 789
604 1840
1141 599
1429 1437
1291 1184
1235 1506
1224 1181
1701 405
285 1519
603 1308
1786 783
80 1035
564 1365
1298 1260
1707 925
589 902
1087 1179
1467 1316
995 1395
1573 828
1294 1847
1958 238
639 124
1107 678
1356 1906
139 1980
1001 951
1865 1834
1540 218
489 235
530 1651
1586 264
1789 1295
373 409
11 938
82 1942
214 663
1714 1691
2000 1259
22 302
315 272
1862 116
1756 1007
485 1724
181 455
904 1179
344 594
884 186
1642 1726
619 1931
896 1966
1596 55
1303 483
1395 1602
965 79
833 809
1508 1955
745 101
869 1943
1321 1928
978 1721
1217 791
1415 946
1044 864
198 820
470 201
1779 1433
740 1718
384 414
161 1686
56 1259
635 1303
804 1116
1998 16
1638 11
1910 1836
723 1124
538 1532
243 1835
110 755
923 1162
616 1704
1156 664
1361 78
1146 1272
1442 1597
879 1457
210 1836
922 1571
143 480
1485 165
1162 152
65 1891
249 463
1632 318
1558 554
1120 514
1560 1759
664 1812
1565 1798
608 1878
1198 1957
119 1942
1592 1776
428 921
359 647
142 219
1804 1341
1826 1306
1585 1478
1179 661
1112 688
540 169
1465 1344
1014 578
107 719
74 23
1584 1646
1254 1454
1849 382
1563 440
1766 1249
1217 228
1090 874
1406 528
45 1491
13 457
105 1400
1362 618
663 115
1569 1016
624 1603
12 1907
183 46
1036 1918
1128 1767
727 685
941 1962
335 983
1079 1348
1047 94
1764 988
185 574
22 1737
1206 549
397 1521
1397 134
115 170
297 857
1939 1109
1019 960
871 803
728 531
1427 1321
1618 1004
1673 757
202 966
96 333
114 1722
1053 1970
1375 1376
1857 1505
481 1058
249 1156
17 832
1815 424
932 923
1522 1895
831 1979
1527 1422
1363 473
1660 1089
1315 1085
413 713
162 1614
855 342
971 528
480 1109
1455 834
1496 1189
340 1202
1956 628
1302 551
1567 505
705 541
850 542
1574 1295
1493 1208
804 1223
1069 1741
610 658
903 1165
1870 1672
1421 1084
618 1664
771 1575
1435 604
280 1994
466 1021
796 402
1294 401
1333 181
426 442
182 1285
1220 1389
1035 1559
1238 242
1531 100
157 1293
1266 1567
1051 628
1503 138
1023 1532
1258 871
1777 221
1201 39
1046 1296
1416 1896
792 334
403 1776
1818 1221
534 1735
1343 674
24 1409
1168 750
1539 1521
372 1361
1191 1666
689 267
851 1515
79 830
960 56
745 1130
692 615
14 655
720 1140
551 1948
1988 1183
920 1130
1548 110
1084 1988
993 1622
1033 1282
509 1706
830 1096
1457 418
357 922
1942 1564
1892 1598
1362 481
1026 871
1126 1906
211 445
28 1149
1229 684
1675 1725
570 1992
1271 704
1151 62
469 1298
215 370
1111 1256
1282 448
1390 1057
1946 107
1819 1771
1360 1044
385 266
874 1564
177 680
380 913
1552 738
1385 476
1353 1482
746 270
714 1076
951 481
642 581
845 74
1246 640
1843 959
1186 390
1167 909
1320 1196
877 697
713 552
53 1827
79 1035
1697 1350
1183 311
1815 1990
717 225
1148 331
1164 544
67 1728
1014 1329
1669 1549
1768 1585
162 1638
794 1001
244 1512
1934 611
887 134
1809 942
1740 662
1576 975
433 879
1521 200
25 1475
1032 557
552 1047
1675 773
1184 1016
1827 606
1721 199
1866 952
183 1420
1845 110
1591 1566
129 571
729 62
1208 1713
888 1402
23 404
263 1413
1206 1159
64 1663
628 1330
1125 1373
163 1893
594 1091
265 1249
998 1661
1572 346
527 917
57 1159
806 1908
474 1477
1931 859
979 288
965 797
414 1581
679 1123
1894 1394
1504 1429
328 1666
1716 130
448 839
358 254
1324 747
388 1055
28 1062
1575 1890
413 636
256 1721
1010 920
793 966
78 1912
996 731
1367 820
233 578
1700 1268
586 1641
274 1333
1821 1071
1457 1394
1126 1769
292 1361
98 1024
423 357
1141 1672
1405 1859
884 959
490 1750
1093 1039
1986 944
224 826
1199 537
1513 226
411 1298
450 308
549 1048
821 291
1819 1636
888 1708
403 1610
1169 1305
567 1956
608 1415
396 769
163 534
848 286
614 1257
725 1156
1787 1185
1469 185
1251 1680
536 75
589 1883
1690 969
645 342
799 1254
177 1211
42 399
134 439
687 1379
1140 1536
503 182
1571 787
685 1036
521 251
1694 1760
1810 569
1849 933
1888 909
984 1743
1519 353
1897 187
371 1987
663 1281
546 1317
677 329
20 1100
1929 1966
1009 425
1945 1366
815 223
1594 962
1020 559
1202 619
559 1406
2000 1616
72 642
1321 1635
1376 1426
708 1525
1001 1291
1282 1570
1579 1848
915 1931
683 811
885 1977
1770 1957
1844 428
1738 619
373 213
447 882
1869 1583
1138 571
682 1273
202 495
22 82
580 728
407 684
264 1670
50 1847
241 1000
953 1054
1015 1832
448 978
1333 157
985 1773
1672 339
1324 606
1716 1384
812 1930
890 1586
1483 1223
1545 1344
1826 1577
1432 519
92 48
1853 1408
371 123
1415 1778
1684 1006
1563 1636
1108 1090
1747 215
255 1749
917 50
665 1885
279 744
815 1367
1336 1190
822 113
38 672
1195 1181
493 1471
1917 652
741 367
483 627
393 863
1718 1771
12 567
1391 293
1227 1804
1326 1712
775 218
856 870
482 1269
30 407
323 171
1117 1522
90 162
1199 1223
32 1030
712 1233
1286 125
1159 385
721 157
1823 1966
1666 1015
1963 1880
1408 1003
1604 1891
1523 1824
1963 1487
787 1706
1018 1688
1919 1926
1719 1715
86 120
1264 1092
845 1945
1557 1572
1225 1035
1476 1593
1885 1531
1930 130
137 1562
1367 1841
779 1320
1003 738
473 943
514 747
198 256
1581 539
1881 449
193 128
1634 667
582 1358
1569 44
942 754
545 580
1021 855
425 838
1439 1035
850 1403
1428 1068
344 818
1826 917
1361 1031
754 709
1681 852
177 1626
1125 1143
221 101
1383 259
302 1546
1173 1473
1085 149
753 1428
1823 667
1788 1620
167 1232
781 1640
248 44
47 1429
1610 1536
1138 1109
361 499
1463 280
54 830
241 869
1730 733
401 1867
1073 710
252 1635
1424 1616
74 1595
646 749
314 10
81 781
521 1272
136 1114
67 334
832 145
1658 1958
1043 262
975 704
408 122
1348 1562
659 515
1334 1629
825 751
1929 979
1264 1603
331 1158
1260 929
1922 188
898 532
810 1336
634 1225
967 598
824 416
1640 1530
544 1850
683 423
1294 709
1911 78
980 1023
1499 25
1008 540
1644 1073
867 1747
576 1156
980 1426
1902 1929
562 1515
1139 1675
1155 1966
415 1185
1692 863
327 469
608 1557
558 208
1622 1260
834 43
1364 1911
1793 452
581 590
714 725
1048 141
181 688
776 742
29 1744
1811 296
1927 1348
764 287
506 507
877 24
1375 297
384 1081
1430 1466
679 1889
1292 851
187 1136
1352 1214
1665 1971
1370 939
1942 1277
1256 1661
971 44
1329 584
685 1910
1715 1225
671 1319
330 264
1541 1661
1542 362
1911 137
698 1247
80 730
1697 1782
786 1630
412 569
1795 1230
1210 1286
405 1696
903 737
490 344
1802 1269
1449 107
1068 1291
1608 1084
1732 1314
524 873
392 1451
967 1859
639 166
1688 1928
512 1461
1808 701
295 1074
1333 1150
47 1860
1865 1808
821 1802
1685 997
1784 1952
155 1922
1024 1620
1452 1160
1878 1933
1703 705
456 53
1125 948
1343 1270
1311 312
873 324
688 1460
1647 932
126 1732
660 1850
776 1251
757 1786
1112 487
706 1032
579 1834
885 203
1654 1647
1603 1855
1402 624
427 914
303 545
1243 956
1462 222
1579 65
1969 10
78 217
1367 343
1922 1964
381 1645
797 486
1152 795
879 1234
1479 1082
1940 1720
1140 194
697 1926
6 1600
596 928
1790 156
190 145
1405 226
658 1727
305 1837
824 299
1898 1829
999 1530
1049 935
1321 1098
475 586
150 1490
44 1201
1206 1483
961 1579
892 249
1930 1364
885 1632
1676 432
1311 1456
580 1614
968 1140
965 1268
202 1844
858 1115
1970 1099
301 1984
1018 434
10 1471
1053 1839
1264 1898
536 1415
1345 219
877 1778
1317 277
985 212
894 596
863 1571
1660 147
869 842
1807 1890
1755 1777
853 1887
124 1303
1305 1510
952 634
1429 1512
756 1982
1217 50
1415 1221
507 1466
887 634
1595 965
1846 1387
179 939
917 601
1009 968
80 1200
1327 34
974 1342
762 256
1758 258
875 35
1373 1824
880 617
697 1179
1619 1164
864 110
563 894
72 803
244 1588
502 142
1764 518
1506 882
1379 480
687 417
157 630
1997 1372
28 1438
1448 167
547 172
936 987
1714 1978
380 720
1408 1913
1784 454
43 384
336 662
1424 896
156 1697
1901 1725
169 251
679 1591
1412 1824
1345 1347
794 763
587 1038
561 220
1935 1172
1829 945
416 397
101 356
365 1702
1034 796
1584 1312
540 1358
1792 745
1974 1793
1924 1469
1907 350
505 1207
1616 1105
491 1412
629 694
445 639
147 237
1489 26
313 213
977 206
1369 764
1094 1779
285 135
843 741
91 856
497 33
1587 1294
1171 1951
854 487
181 1736
215 699
734 601
183 1229
1891 1156
1176 1887
683 141
955 864
722 685
1760 1525
609 1297
1674 25
1358 1574
1750 484
1661 1207
1531 446
305 477
726 924
1019 130
200 1924
327 195
661 815
613 1354
4 230
1551 354
998 1340
507 1395
527 202
126 715
57 1472
1691 1163
1652 274
1698 869
1438 655
1811 62
392 514
340 45
896 1019
345 515
1585 1065
1656 743
1730 50
540 1295
1966 1544
1077 393
395 897
589 352
755 1931
1963 1101
793 1322
1058 1510
1330 1603
433 1630
1030 1920
1217 143
1797 925
1934 218
1785 1189
401 724
1406 581
634 169
1835 1871
306 318
1228 521
655 622
398 1366
1304 1993
1274 187
375 1404
217 534
483 1386
971 307
250 611
1373 181
1871 682
1481 1751
1601 466
1507 1407
1558 1877
95 1817
1573 28
65 1886
12 323
1699 653
400 1560
1372 1439
662 141
1492 340
1333 840
119 428
1139 537
662 1576
182 38
1607 1952
1916 1255
874 1730
1354 1935
1466 218
728 1027
44 13
1737 1873
1408 351
1281 199
1887 1763
1272 1728
1749 1458
347 131
1804 149
174 1104
812 400
1635 747
953 231
805 1102
1102 1772
1310 229
780 1104
49 1498
1974 156
962 293
510 1147
971 455
823 638
1342 730
629 1339
1494 1009
1556 1908
1669 1587
1941 190
1814 1700
590 1786
438 1127
30 493
218 1994
832 1726
48 1261
1973 845
1719 377
158 1562
1009 106
882 1016
578 1845
266 420
1772 1337
609 1208
1057 420
1025 1522
462 1196
923 1450
1866 878
822 1416
1088 1817
204 1655
1287 514
1181 27
464 560
1167 216
574 750
1234 1115
881 129
535 642
1662 607
1277 1571
64 1545
1558 778
675 1147
1507 265
456 1187
1452 865
631 874
11 1471
1244 1219
1505 581
1541 1151
647 1386
1952 4
3 1735
1165 1493
409 1692
547 1922
1215 1557
1087 777
235 1530
907 1622
780 472
1773 1809
141 274
14 544
1031 1809
1893 988
918 74
1349 894
890 1909
1360 303
1501 851
8 373
89 1442
168 287
704 1010
435 1504
154 222
1537 1225
1242 881
1316 472
1376 675
1121 1699
1489 900
1929 615
223 924
1415 861
815 1556
148 1464
1871 319
1820 975
1594 1936
1442 645
1979 1878
803 453
146 832
1566 1370
574 1140
242 1477
835 1844
104 714
1556 1530
1895 107
1473 1534
1056 850
562 1591
1558 25
1392 1770
1397 1851
993 657
871 1444
283 1671
76 1300
1362 1336
1685 170
1230 105
1054 33
1931 6
1677 1558
121 1387
137 462
1684 342
1557 192
896 1625
687 467
1444 1935
1338 150
130 1153
1430 1774
1519 260
499 1442
526 906
611 1852
370 1690
286 1592
1033 461
226 681
1613 1969
1847 1532
466 1912
1955 490
1134 231
768 1714
1115 907
147 1107
509 1282
1754 816
901 67
797 1861
1687 1476
1779 159
1631 1158
571 916
912 847
426 1453
1036 806
1576 1503
335 1168
1133 486
1675 1301
898 1583
517 471
1880 629
404 1264
1927 345
1393 202
784 1406
164 292
457 310
761 352
523 987
874 705
1775 681
1870 1475
1263 1413
1724 1273
1692 179
915 1621
719 475
1113 100
1438 1283
262 1052
181 1252
919 1946
460 925
135 907
1763 1691
379 1303
1375 893
1857 22
336 1366
921 306
1642 1072
870 1455
1634 286
1126 569
1900 1784
1338 1445
365 1405
240 590
81 590
428 1406
16 831
399 724
1780 545
989 244
539 442
477 384
1256 1193
276 1356
749 1448
1922 1560
1768 1104
1860 512
1645 1194
278 578
491 1655
271 703
755 984
1587 889
1721 1327
1082 371
1006 843
1912 446
185 171
1626 1396
1718 396
1188 1423
1870 379
1992 529
1390 1281
171 1909
576 1987
1590 1438
1558 404
667 1706
1988 563
184 1292
954 704
1074 1509
1385 252
1996 516
1463 961
1251 1735
347 489
1343 191
1237 1944
799 1181
1038 1535
364 98
1797 1606
819 1287
787 17
1709 890
169 810
611 1961
1710 895
1727 874
632 1107
1090 1545
798 1390
887 1885
16 1570
1104 65
1934 307
477 749
832 388
1595 1161
1422 471
670 600
1482 578
1959 212
472 19
1032 269
465 830
762 956
1885 1472
377 410
432 1269
1486 1461
734 446
771 432
19 567
715 1842
577 481
1439 1085
1156 1801
803 1635
1725 488
821 758
355 388
1637 684
529 1560
115 1487
1863 414
1132 420
1478 184
821 1427
643 27
719 300
131 975
1346 454
1622 1943
415 1875
1724 663
1083 970
435 581
92 1912
1210 846
1364 38
1862 365
428 1095
269 1290
1981 1917
1472 143
1543 1459
1218 1983
446 1762
134 1504
738 600
756 465
1192 173
641 441
1856 84
129 77
2 757
332 1984
168 757
832 524
1075 1943
716 1174
1924 996
1528 116
1809 435
52 482
1020 1788
400 1335
723 1903
1645 1052
423 69
932 1586
1061 663
1354 1635
215 999
1100 1091
1619 213
1488 1969
1683 1960
1008 1067
894 464
139 1343
83 1361
196 2000
789 1481
664 386
973 136
1789 142
1805 1641
1042 1707
1964 14
366 339
1590 112
1477 665
527 390
1466 1438
89 174
1156 924
1262 1589
1583 1513
442 966
1788 825
1539 1039
1963 37
1981 1418
333 1200
1920 1179
1317 726
1993 1166
826 1043
111 1039
48 1397
399 1745
1197 1166
1203 1959
562 445
1814 1221
528 759
1090 99
1987 755
463 819
1574 1809
1984 307
440 1448
1878 123
1936 670
640 1521
1246 497
236 286
1968 1039
171 1161
1790 1266
854 1470
65 1666
704 113
2000 1904
1651 988
1340 221
486 1251
1877 34
385 1583
1153 1114
1757 1548
1319 1137
330 1757
163 1742
689 838
1099 831
380 535
432 276
1800 362
1085 224
129 305
1240 1571
438 805
1353 1860
725 1777
1618 482
698 1346
1520 499
1598 370
167 544
1255 1
1527 828
1684 1919
1532 1328
579 1876
503 1172
1614 1164
1105 728
287 1127
1236 1874
60 1479
1114 1645
46 534
1886 268
1780 1815
971 779
246 1542
477 1770
863 1461
1704 1631
1369 1184
452 1676
1835 667
422 1383
1768 1716
557 267
1973 569
390 669
822 145
112 1448
1009 1982
898 673
6 1662
635 964
229 827
690 831
584 262
766 1554
803 612
254 710
954 335
259 962
1679 760
1347 99
1808 511
247 395
344 1754
1008 577
1903 1220
1655 1045
454 1303
501 1681
104 1542
689 1998
851 1898
489 1100
654 1468
1339 628
819 564
795 978
1470 1570
1358 641
1265 312
1943 789
449 1165
511 884
368 462
1364 1732
1110 928
1331 1353
213 218
368 1897
646 1566
1589 62
1865 370
637 1143
1702 759
1349 1109
1868 203
1175 581
1686 1427
1515 1758
1807 1844
731 1135
113 1812
364 312
1149 1658
1418 1141
1715 761
539 100
1436 494
1129 644
617 1976
1083 285
857 841
1980 723
1816 628
447 181
396 661
1966 554
128 1077
370 1272
1703 1392
1954 734
211 68
524 1459
944 1938
303 1467
349 430
222 964
367 1829
1165 244
1188 317
1686 532
531 1042
824 1032
487 480
922 1697
291 77
1379 426
1289 950
892 1083
330 1856
385 1
316 1811
1201 1807
403 1480
816 363
1036 1573
599 592
973 428
692 1466
820 1215
57 1657
442 1989
82 476
1168 111
656 275
1836 1378
1624 360
706 1109
144 1186
141 806
402 614
1748 777
1091 518
1787 869
292 1401
1204 815
858 367
307 671
1192 387
383 1416
744 957
1310 1923
680 935
1224 52
433 1529
509 590
1329 108
1892 1215
262 154
1754 620
133 904
1595 1696
285 221
1725 1441
1940 1557
1080 818
868 122
741 244
635 849
123 165
955 826
631 1853
1114 1144
62 1908
1301 1303
1130 1286
1916 1966
1180 1696
687 644
1794 1176
90 1964
530 321
1724 1317
1252 1738
661 757
1238 1837
1950 1827
1219 311
43 706
1812 1652
11 1276
1925 1843
1798 1603
1408 646
1593 504
474 1413
880 405
368 121
150 312
1647 268
1154 797
711 32
636 1650
808 321
238 658
1970 603
939 669
282 168
252 1134
1009 1645
1672 209
1896 1627
399 1327
749 1709
480 1889
637 1910
1058 1468
281 1412
427 983
1669 140
1542 650
1141 701
989 1952
1747 1080
1037 850
1076 776
1271 1433
1652 1531
655 615
147 1992
588 553
204 1435
1751 1521
349 1886
1555 346
1961 87
1871 764
1926 1303
570 1892
19 982
1398 294
494 1204
207 1153
192 482
1512 937
1100 1428
927 1736
228 1399
1561 571
397 1042
341 1200
1692 1767
991 1194
1770 1471
1042 1152
1293 876
567 1727
235 1982
548 293
1484 1049
366 888
1431 738
813 199
1522 1937
1318 1964
340 879
700 1523
515 1605
1656 1577
1776 1566
1285 718
365 1873
81 419
478 1648
1215 1401
1575 669
1160 1336
71 1327
454 703
1203 1422
532 230
811 89
260 481
520 1818
1454 765
1595 1597
45 1825
1687 1029
624 1514
451 1622
1267 368
32 1917
790 945
273 1438
678 560
1366 356
1133 1703
324 1091
501 1057
1312 934
697 259
1068 1814
1340 1107
1880 820
1933 1814
1181 81
1679 982
464 618
1809 695
1208 1733
544 582
369 803
1921 1895
1794 1519
1600 1314
1047 692
1484 1889
689 669
262 1247
1000 618
1005 1467
1890 1591
361 1040
1085 791
167 1878
460 732
891 640
1868 1870
328 1846
1345 1019
1527 279
1776 257
780 274
851 1602
845 407
1022 709
858 1386
1179 1832
238 1204
572 172
88 324
798 818
222 1902
1141 258
509 1484
1911 290
162 1764
1219 607
313 1184
85 1200
1369 1679
1242 647
1337 1173
1980 1017
1196 1960
409 1299
1881 1908
665 1572
172 256
1295 1044
211 346
993 1415
949 712
1119 492
1029 1012
1290 692
1055 259
1128 1969
1297 1680
356 1780
817 78
1955 545
1852 18
1764 870
1234 793
436 1400
979 1236
262 39
1894 1593
51 911
270 687
537 232
1471 597
980 1040
1277 774
101 233
1187 98
1579 804
1427 1747
1724 1867
262 535
1731 609
806 1120
170 1938
421 1486
1385 445
1957 1263
1319 1913
1052 1023
921 1643
600 934
280 1385
1543 423
1269 1192
1769 208
1370 185
1810 1086
1741 362
360 218
1759 1249
1769 1869
971 426
1639 399
1072 415
549 612
1374 764
433 1251
1678 1492
477 558
539 607
1145 808
1348 651
1867 1453
1387 1191
1002 1355
440 1756
1638 1756
133 1607
1454 1831
278 1552
1435 1325
33 1811
1241 1518
469 171
1580 861
1087 1731
146 254
644 129
243 1214
1181 1958
1453 1857
1560 897
1322 769
1446 10
916 1025
1819 1392
150 1865
1439 855
1833 664
765 1242
1416 1764
475 1856
577 1886
1480 1259
979 1700
675 587
1996 211
1173 1609
790 716
919 108
1624 1526
248 309
1774 1832
1080 276
471 1457
1949 628
918 1776
1183 1196
1407 150
1942 1767
1815 879
1981 67
1310 781
655 439
173 44
106 209
240 948
16 233
1431 35
406 1678
1715 88
1406 805
1634 24
412 1063
1309 219
1795 1732
1519 1392
292 989
1415 451
77 1677
230 1629
1228 1164
1216 272
1290 571
1456 271
709 1537
981 1388
690 587
785 1073
782 1163
842 670
1086 1013
1877 982
539 1281
1111 1282
1593 1031
1540 538
1819 1605
23 1222
1805 1706
138 232
359 1370
820 1304
1339 312
57 24
1685 459
276 894
1117 739
1154 1647
1161 665
1188 838
114 186
1729 715
1977 287
1850 23
1744 510
1596 631
439 1806
718 1325
554 306
773 212
1527 1909
540 737
7 668
1387 628
692 420
106 1897
1144 1865
1965 1146
1918 713
622 908
1641 164
1574 1616
1779 668
659 1567
1853 519
571 1019
917 1243
1524 838
1910 1516
1182 1737
6 1098
1880 1199
1555 901
432 1071
1029 86
1566 263
386 772
1933 1536
367 1489
1993 877
266 1406
1612 193
814 1680
1540 1426
1928 128
1414 1151
846 1121
1932 1060
977 1700
689 1306
567 525
1194 329
886 56
1212 1938
1775 1177
82 1733
968 1610
1731 1247
585 1452
1553 1590
1318 1477
584 1890
75 1457
368 1413
481 1658
873 1874
877 1276
1179 1598
314 934
1734 240
279 612
194 688
67 674
1229 1016
1254 277
1399 1876
244 458
1242 913
1959 1430
825 643
440 735
1979 960
405 815
278 535
230 1736
1594 188
1376 1838
1668 548
1601 591
205 1118
683 1966
635 645
651 920
1209 598
531 574
1398 248
1301 46
367 226
1808 318
669 340
1011 1939
634 1187
948 1693
1107 1676
1067 1877
171 1944
761 968
1113 1079
1258 1992
987 1562
1226 1022
507 84
1067 318
915 189
1142 807
403 401
1491 1518
852 1905
410 1471
979 1218
527 328
417 1513
1825 477
239 1326
1523 1793
1534 1295
739 1006
633 1399
1440 475
746 1086
372 921
1684 182
764 427
1003 1365
227 548
17 640
1741 1775
1848 1962
1437 482
173 1065
721 1920
1414 1240
1411 1423
353 409
1646 243
431 42
1021 1302
532 519
592 282
1090 57
560 1044
186 1095
945 1742
458 1412
1708 1365
1795 1186
103 1424
1659 213
1627 1711
223 465
1730 466
1184 45
338 497
1721 506
640 1035
1859 388
163 467
691 1623
1725 307
761 64
1884 1364
1409 1514
1840 1938
454 325
1397 979
163 1592
761 1757
1383 288
1240 18
1840 1924
1119 1654
89 1004
442 132
294 1389
1565 425
1781 238
547 1647
679 1326
1564 260
93 829
1200 543
1313 1717
921 82
130 1954
1919 80
780 179
1066 1144
714 1790
1716 1490
1529 278
1995 1325
360 291
1084 1540
1123 19
1621 1371
1911 925
1609 151
1828 119
765 54
1734 261
147 500
737 468
1745 1145
277 972
1813 1602
1322 1263
850 1456
77 988
1308 1038
63 25
501 1100
1518 1879
342 448
1467 407
1658 910
614 1448
828 1259
1162 1735
337 832
512 236
609 1064
1107 1305
55 986
422 507
1775 154
1632 156
892 133
527 1656
1565 1704
1622 1295
728 1593
979 1103
925 1461
213 1675
1876 1458
679 182
793 935
633 1532
1539 1186
907 811
1781 1531
1654 891
1465 773
199 13
791 1429
1204 102
395 696
1137 909
1091 837
720 1447
1104 1798
1801 702
685 1879
1254 1288
1849 216
119 1153
1065 1737
1962 89
882 1700
71 356
703 1975
1814 284
1309 942
85 1516
1422 247
1906 1301
730 1062
570 1811
1608 1694
743 222
1608 928
483 1429
596 1871
153 777
1474 561
1972 304
796 549
464 1094
542 1217
1517 1359
1516 1323
1100 1755
512 1428
1658 157
26 1692
97 100
1220 912
390 697
1914 1609
1931 1284
1503 1599
1439 587
1166 389
1120 1779
1471 950
221 1696
1876 42
421 794
82 18
1150 1633
174 450
213 1432
56 1501
598 1361
1935 1376
1649 1219
1430 1896
1660 1447
194 922
890 1391
162 1936
808 1130
844 1600
1388 1029
1519 169
1108 592
525 1132
1422 1994
1228 1581
324 559
1419 149
1177 345
1561 697
1271 1173
1336 502
90 930
1395 1850
530 1351
704 1376
1146 1249
1760 1561
1831 376
512 1895
657 1410
588 178
720 987
1851 1783
1740 1100
443 1854
1699 1399
758 1777
1142 1401
1883 134
778 1644
559 1756
642 1048
347 770
1970 1130
1038 1642
1578 331
383 882
808 395
1154 1099
1843 1957
1384 1569
1628 737
1538 1305
1264 308
1084 519
720 1298
992 599
1585 377
738 71
791 947
1829 1383
1974 1144
1759 174
1669 178
1316 1838
1101 1367
237 994
959 1553
603 1408
382 129
255 157
1934 1925
1182 1198
1587 1562
128 549
1 297
370 712
1537 1023
1626 659
705 1328
1573 904
531 1129
1960 1783
40 1996
1485 1028
369 1140
1916 744
374 1075
1443 64
1333 804
1960 82
39 203
765 1678
272 403
1777 985
248 1561
1226 263
1300 1538
1618 517
1408 1880
1964 537
181 1694
1943 1333
336 373
1629 131
227 1136
1265 912
1251 1093
511 727
384 27
921 1828
100 357
1075 1028
732 1622
568 1711
1257 169
1504 395
1250 1763
60 1219
499 1709
812 458
1628 460
1349 1789
374 1747
1879 1725
313 1881
1116 1635
1722 232
1690 1726
1941 74
1235 619
744 206
1221 580
1576 621
1043 1392
1447 390
1282 642
128 1709
1783 1218
1057 456
963 1481
1518 105
1391 229
1248 605
1619 958
1785 1450
1612 397
1960 1514
1301 185
436 266
897 1800
562 1204
145 136
152 1116
1219 746
1567 1198
82 1041
601 7
675 776
548 1562
742 946
1154 1091
153 1127
591 1200
562 1292
1684 727
1603 769
1530 1827
171 154
1 1569
415 1028
252 1467
283 1077
1614 1667
1582 649
1274 789
1072 806
300 993
708 835
1780 1282
717 1904
698 1416
630 1122
313 1134
73 58
977 1564
963 1601
1424 221
31 113
859 1656
38 1431
1174 1597
1608 1393
1271 763
1663 213
1133 1482
1061 1004
410 1412
1707 1031
305 232
312 1724
662 172
1202 1605
1877 663
1631 1926
1041 1466
1169 696
1042 582
468 1811
567 97
1782 796
1488 188
343 1382
1395 1530
777 743
1187 428
209 1673
341 672
163 1012
1085 1621
954 969
1823 219
43 346
667 1649
1353 1489
559 882
1938 799
965 1591
1710 1325
1011 137
649 1678
1776 1603
1338 34
328 531
473 1998
1843 1027
918 1350
1040 984
173 1525
67 142
884 1750
1886 923
521 341
205 1828
749 1831
1639 1770
1302 1451
1349 1292
1069 500
495 1647
578 433
699 1088
375 453
375 916
292 1551
861 1066
1751 105
1613 1820
1297 598
1283 903
1195 179
644 203
1986 346
1771 772
1990 1062
1121 1531
5 1331
1819 1418
419 1059
1093 885
1328 1519
1625 1359
1318 494
1517 981
1600 1399
788 1369
259 710
1452 832
631 843
1005 1382
700 448
765 555
1677 1290
1592 10
1975 793
1223 20
1495 851
732 593
1654 472
984 1710
1730 488
953 1400
449 389
1776 374
1040 1888
1264 90
1280 799
720 1016
939 1318
480 65
1275 442
852 628
1423 1272
661 720
1625 559
1291 1626
1330 60
1828 259
275 1756
804 171
735 1217
1196 1621
832 1504
1309 1170
1827 1313
504 293
299 627
1322 1851
1790 708
132 1151
672 1480
923 668
756 1215
1871 1905
305 357
782 1233
1624 131
1199 512
337 20
450 301
1095 1682
860 352
385 446
991 1098
1882 1054
228 202
1535 1545
359 1292
351 192
1837 15
297 1591
1219 1864
1977 1756
1615 174
1103 506
1231 1314
896 691
1661 316
1938 1401
319 1011
395 1955
678 1378
8 159
745 1747
798 871
503 231
1796 1066
1102 305
1729 1113
1508 72
1646 434
13 1362
1249 828
1772 1278
41 357
684 1545
331 1907
1611 752
1906 246
1959 64
1043 1670
437 951
349 1355
243 1016
377 302
1947 1545
1640 37
1767 982
847 593
26 501
1368 360
192 917
1315 1443
967 1644
1928 202
1771 1498
1471 1560
1953 777
581 1558
816 1102
955 1245
678 1738
1925 227
184 744
1365 1690
1201 1673
848 703
1573 617
1060 580
239 501
87 1314
548 1840
727 1125
679 842
774 822
1717 1318
1364 178
1862 721
3 1937
1440 642
390 1128
838 169
144 69
199 1505
958 1058
1610 281
118 723
1665 1480
379 849
1889 454
1815 954
1084 160
1257 1708
1096 1810
1402 847
560 1457
946 1517
805 7
1976 530
286 270
768 537
1305 1830
67 1693
978 1818
1914 489
622 1769
767 960
1911 1191
255 1596
1108 780
665 1860
1922 94
250 924
949 1000
793 1179
1843 120
95 1108
709 1724
1739 563
1559 1796
1852 370
1693 1842
1764 1094
1726 55
727 1864
1255 1582
948 1703
227 1078
733 611
807 220
224 1749
171 1874
576 1826
1473 1108
1594 1428
816 881
427 1515
1480 216
214 184
1088 1273
1710 370
1053 693
1629 1890
411 463
1154 1592
1804 930
884 1687
1018 1665
891 245
1027 1175
248 300
1670 959
1997 549
1179 1008
1031 883
1437 56
764 1536
1017 1443
286 1414
1171 1640
1123 655
1120 1150
890 310
326 712
154 1852
485 1277
1337 237
1384 1416
200 978
1122 1465
1588 370
557 906
1369 188
1422 438
640 1018
91 1304
109 916
254 1863
808 1381
274 1223
1368 499
549 108
481 1838
588 710
1199 1958
44 612
1794 642
1409 1440
987 860
1547 1094
1129 1393
1448 409
885 53
1770 1073
1851 716
1408 1164
753 1507
1825 573
728 1483
1539 891
1138 1066
1463 307
1152 1448
1052 490
1647 1183
282 1698
937 634
937 1483
141 605
434 553
275 535
992 3
2000 1695
1844 287
448 1057
1847 478
67 345
307 1510
1229 931
1669 646
1621 1441
200 1834
1217 719
1437 1518
1860 1399
1097 49
412 1479
1122 580
1885 425
1467 1461
912 1634
882 304
1398 808
222 1093
1036 1914
1424 1305
698 971
1410 1860
729 1207
1838 848
886 1371
369 1536
948 1834
1658 1259
1909 581
1194 1402
385 640
125 1778
1150 1915
362 1982
1392 1087
1503 617
608 1550
1286 1
1524 312
1367 1731
1346 1844
1219 62
1471 787
1749 1010
943 1086
1847 1051
1970 1325
1826 1534
891 14
1331 1501
56 431
826 671
1967 1256
791 1391
448 425
233 1273
1875 1077
844 271
1254 1350
1780 1278
1044 384
1814 1252
1305 1152
952 984
1539 1331
59 1794
1261 1727
1369 9
1719 825
1479 1888
893 831
716 1952
663 171
1055 1381
1936 765
157 572
670 1181
564 1408
1594 709
1338 339
1359 1555
146 1557
386 36
1732 715
1181 1627
392 1977
44 479
1685 972
664 756
576 384
262 1761
138 806
1046 805
693 1027
170 1300
1592 683
1341 481
107 679
1103 941
972 1377
804 1683
257 76
1698 1887
1382 220
1091 1025
174 1831
1352 287
74 1719
138 475
1773 950
1243 599
1462 247
240 1854
46 1228
1224 1960
48 437
910 1225
956 1823
1369 798
193 1561
465 1820
1387 1573
141 1027
1899 1370
1933 616
815 745
504 1121
1903 334
1562 1446
1391 26
1651 1589
879 246
1414 39
1329 1801
828 1200
1513 360
337 747
399 511
1598 1419
1020 461
1517 1724
272 1114
1713 343
479 1103
1572 542
1282 1072
1390 81
1233 234
1240 698
22 1477
1039 348
1629 1612
1041 1251
1392 597
954 1040
679 285
421 125
1364 1755
649 218
522 680
1041 584
529 683
1154 873
1412 177
1181 700
1158 469
522 1754
1988 1852
1077 299
1670 1548
1162 1828
551 1716
712 80
81 1414
1217 1740
321 1463
1388 839
394 1049
1911 53
705 381
1224 1243
1076 868
1837 502
735 1437
413 138
77 1039
905 764
391 281
1631 59
451 562
621 1618
552 103
1910 230
1947 104
1488 915
151 1965
1013 984
923 448
1310 73
70 1607
394 764
705 351
19 1287
715 610
1414 778
881 1406
330 460
1438 323
104 1533
249 756
1867 1151
296 1986
270 948
128 900
443 1600
942 1682
1865 257
1777 637
1731 1384
1717 901
746 86
126 1624
490 1034
107 823
794 736
47 1440
1935 1215
600 687
1299 901
1193 1162
1493 1124
551 1340
21 273
540 1383
1257 243
1185 1346
9 1709
911 504
1999 409
865 1210
1729 1677
1130 1766
1588 1216
943 1995
191 86
546 35
522 160
1079 1063
1528 1705
172 897
1740 942
1062 646
1053 531
165 472
236 1400
1980 812
684 154
860 417
155 1245
658 1739
1391 175
1914 1028
418 1648
897 429
669 969
878 1582
1132 1145
1651 27
468 1482
867 2000
428 600
740 223
1166 1494
929 725
486 1234
807 1504
608 1812
1673 1538
1522 1168
1632 1799
507 1386
1143 1857
181 1457
679 406
1071 1008
1011 1534
1897 1342
1793 1186
1850 513
711 1
144 777
395 1535
1676 1412
1306 547
1690 1685
402 465
1864 1225
1552 1531
1263 237
579 659
427 1966
405 1386
108 545
544 1780
201 985
1102 797
399 1292
267 1942
1571 987
313 1076
387 349
1129 978
688 300
1016 1781
749 1237
504 1449
1007 1773
440 861
1118 1285
663 433
1256 373
15 1809
1532 1384
986 1846
52 1962
1834 462
1092 923
236 619
755 749
476 26
1608 1339
976 1074
1532 1011
377 1399
1481 91
531 870
914 951
323 1852
1693 1150
291 407
789 380
1877 733
332 118
937 837
226 721
217 1295
1139 512
1547 1561
1840 1645
327 1122
295 340
1431 1582
1473 1688
834 1106
1390 755
1578 1274
1265 1246
1964 710
1413 1880
82 306
287 641
1431 1188
1103 187
368 907
1509 1904
1970 1730
764 809
266 1845
711 754
750 364
1190 1017
1306 1854
328 733
275 438
1204 913
532 351
1923 1625
81 1632
226 523
1736 1002
1976 1625
1616 576
1065 1246
124 174
952 385
438 1180
698 1773
560 1916
1192 1019
1569 1826
1207 1596
1336 1723
1411 1051
1608 435
942 911
63 354
1442 367
766 1319
462 506
1013 1594
1054 288
390 1377
549 696
607 1839
1801 157
867 93
1662 548
1921 1856
1558 867
36 1416
1551 414
548 1655
1143 1754
496 1941
1680 1400
1629 827
227 728
100 682
213 917
86 1677
1654 406
492 1708
1550 205
1936 1136
1677 1890
978 374
830 751
1058 1362
1976 977
1960 1477
498 1437
1342 1494
274 797
1879 1045
906 1451
1722 1360
1348 1535
818 350
1563 1884
1845 1692
659 926
1936 350
502 1146
389 1014
236 990
1640 764
243 1930
976 1453
854 894
1391 1613
715 776
1461 306
1884 1858
1001 107
773 821
392 568
302 1055
398 892
638 995
1466 86
435 1166
594 381
589 1623
1883 651
262 941
1938 840
693 327
674 1777
1161 525
1804 865
1550 1861
773 1771
1974 671
1935 1941
1649 958
1534 392
328 584
665 1910
699 587
206 1365
42 474
1762 1050
35 1135
678 711
680 1932
648 950
1381 396
629 1463
1053 965
891 851
1324 1172
1962 475
786 860
1602 610
1541 179
463 588
1740 724
1576 909
1652 1976
640 697
843 994
400 1890
1734 1867
1926 393
905 267
211 1548
1845 1739
1842 1029
628 1275
277 1109
1114 474
1559 854
344 26
61 116
1382 1467
330 21
994 108
247 1324
1992 699
69 392
177 1394
1653 305
809 65
316 1771
1805 579
25 1778
1756 1827
749 327
202 442
1931 1177
1477 1699
725 1998
892 554
930 1200
1110 175
1105 1824
1642 1241
1292 376
1600 1267
118 745
1040 1941
1741 659
1153 1194
1179 1922
1250 238
519 585
187 32
1553 342
597 629
906 1354
678 230
325 338
212 1384
1097 242
1704 532
1364 1745
1922 1585
1037 1538
1264 1583
850 66
1290 1447
889 920
672 882
783 1418
677 1203
1410 160
1786 1669
898 460
974 99
1312 172
1532 537
1119 1067
1559 222
381 189
496 1149
150 720
1460 1501
544 1067
1499 369
892 1531
457 1074
105 155
1503 1077
994 891
1056 1250
258 881
1685 741
1572 170
1351 853
447 135
1851 117
1524 1471
1270 1199
1989 589
1131 539
1168 1583
76 1271
239 1466
1161 698
1735 196
940 1903
1011 937
1073 1894
1543 1082
1115 1479
110 1303
907 546
1714 1938
1045 264
1365 1613
1105 21
805 1871
593 313
1967 1449
493 1793
1829 1884
1575 936
1646 1768
750 1949
1971 904
1522 654
59 1751
793 1848
1715 1073
1388 531
636 232
325 591
1021 1442
71 95
1803 1742
1323 504
1881 438
1733 1725
85 1779
1867 711
571 1336
105 769
147 1296
1917 1267
507 1237
956 854
1163 1440
1456 694
1991 862
1368 1954
1668 387
748 144
785 1946
342 577
38 1946
1785 1047
1048 233
425 795
337 1223
1007 1696
676 452
196 1166
143 897
1909 1214
286 627
775 1424
1439 953
523 1071
265 819
1706 508
177 1775
1231 571
1692 63
1113 408
1392 97
656 1627
1212 468
753 1497
239 562
17 1693
573 302
1241 1971
156 1030
838 210
711 1632
1523 614
258 496
689 564
499 462
997 627
1133 990
1628 1263
1965 1744
625 880
430 777
1130 1992
187 189
459 1200
1040 491
324 1908
240 534
604 426
1549 38
1275 1063
313 1499
1860 1337
1577 1649
48 116
1374 1849
306 692
1927 489
1989 1082
1783 1828
737 376
1256 664
1990 173
903 65
193 1498
1773 307
1110 1890
935 368
1327 1106
1645 1075
333 1986
393 921
464 1991
1834 1154
432 1009
30 1914
842 804
941 560
254 1248
1561 123
185 1716
1808 1784
888 1397
761 1001
1826 849
1277 49
919 1914
696 892
1173 246
643 791
1624 1740
1085 1994
1278 1989
442 1416
262 663
227 1606
1122 1843
234 854
1982 967
1034 63
336 1766
188 1567
121 1636
213 444
1889 1425
1306 1439
169 190
960 607
1841 1982
706 79
427 1650
618 771
505 1610
584 1689
1769 1536
383 1917
844 449
1824 719
978 847
1660 640
46 1927
1065 1725
735 121
938 797
108 1528
663 1752
1014 32
1142 824
1906 982
1821 1651
1601 1744
1910 1370
232 1107
1858 1974
469 614
661 1866
935 1053
1216 733
1977 283
1880 372
545 1443
796 945
655 1662
1393 971
662 814
330 271
1289 528
1093 538
210 809
1720 332
1561 840
1097 963
1252 1446
203 1200
643 1967
1011 1938
1554 1667
1865 450
1756 537
1438 1026
654 557
1117 1729
1219 1373
1553 109
1661 1412
836 160
227 891
598 862
1281 981
633 1573
1571 1537
467 1381
764 725
1211 414
1727 1918
1722 578
1310 582
653 1857
1815 1599
1044 1346
1817 739
92 1865
846 1704
539 1418
87 1813
312 936
1348 1624
1062 1882
1544 549
1304 1502
663 997
1380 1353
1475 291
942 1700
1858 1026
783 1760
586 1285
785 927
1966 1691
1372 932
1417 638
614 117
538 625
95 1396
356 52
1268 882
681 1221
1061 867
1852 594
628 1324
1525 1114
496 1379
390 1973
687 1217
1410 1622
1946 1546
1714 1802
1194 1586
263 1058
270 1866
968 620
55 1436
1858 693
1085 1119
991 176
1678 1496
1770 345
599 1731
1666 524
89 34
308 324
511 863
536 927
479 1729
1952 417
776 1934
1530 661
522 670
1038 1790
1066 467
1412 251
554 15
1020 1725
646 1591
918 1864
1370 877
692 145
1854 411
261 478
1621 500
861 1791
680 1517
802 185
480 1999
558 574
1746 1659
1222 609
1780 1035
1653 1795
1803 1524
1051 331
1122 1689
1399 411
575 1969
1537 596
1021 721
1214 788
1799 905
1290 1868
538 1769
1758 337
1043 396
33 1511
437 1713
1968 1171
575 1151
1626 751
1227 360
897 206
1598 329
1211 682
1471 1389
563 1420
284 1211
581 187
620 855
145 527
443 1562
1971 198
1932 434
1939 1232
1869 1179
656 1857
682 1429
668 1088
1200 1294
283 1506
725 1389
1318 1038
1864 1977
485 1700
972 1486
1105 1415
1723 1740
1403 914
561 97
1039 1489
1004 1983
1285 864
130 1506
238 259
1070 482
1437 549
1040 209
710 1437
1461 1682
1893 1644
261 1965
767 703
1976 1816
1612 1598
578 646
1870 391
1544 1227
123 1651
1140 768
1214 1547
236 1330
1947 810
1126 887
510 1053
683 1781
1700 674
1940 145
127 1064
1841 1884
1663 1225
1679 628
634 1500
687 1354
344 334
242 405
176 263
1201 622
104 1690
1572 587
1978 814
486 1032
1655 490
163 1143
25 1830
1071 1441
834 224
986 393
396 1931
1357 756
806 122
511 960
160 389
471 1709
955 635
776 57
296 1571
1701 1431
1165 1261
1919 1138
1027 1568
220 1654
953 1415
1970 688
1255 1726
1059 915
1225 1535
1665 1610
1575 459
1031 1129
1395 1375
918 354
1861 1322
1130 1316
943 149
1229 1456
585 1367
1639 1381
1987 1520
260 543
1664 573
1221 1864
786 1815
1140 1208
1733 625
6 650
1115 1190
1119 258
1507 1328
709 1854
658 1687
416 214
676 101
1832 1777
125 604
404 800
973 1297
1993 896
1879 475
56 189
69 1884
1526 1121
18 1162
1360 1425
249 1252
1019 984
1459 615
1798 736
290 10
1023 620
721 822
979 650
961 1983
216 906
566 1982
1534 1836
1523 457
326 1383
712 483
600 836
1748 901
630 924
441 104
918 746
166 1359
128 1886
1704 483
61 751
434 1827
1305 344
364 1228
406 837
703 977
1116 1602
528 1499
1722 139
678 1224
1450 438
832 1889
561 1346
338 1346
631 232
582 993
1521 843
271 138
273 1461
1744 368
1152 1727
182 1468
1511 860
1562 1350
935 1588
1619 607
644 295
1308 734
135 1843
61 678
411 908
602 425
72 1428
1764 247
436 489
1347 1757
1199 1572
1201 795
1001 1049
1763 755
1579 202
177 1459
1678 1714
297 182
1597 1570
841 1585
693 1584
202 1952
1523 1345
1512 1850
1553 1604
884 1165
951 1421
47 503
786 130
199 728
1603 1022
1472 364
921 538
169 285
1331 35
872 1756
52 136
1515 103
14 663
401 160
1430 661
111 1425
1395 1192
756 1398
1192 1802
1065 28
1012 990
438 850
645 736
832 1001
1942 1041
1537 1214
13 374
1468 62
1728 1551
1274 253
172 281
66 1844
1479 606
389 911
1633 1670
1236 923
1910 390
1783 1932
1917 1530
1732 1118
1405 1734
1471 1820
1294 1553
930 1820
1217 1493
254 244
775 996
1895 1683
1531 1508
1001 145
1079 186
362 861
881 1019
897 126
203 723
915 1525
367 587
1775 1762
562 1602
929 333
94 907
647 447
1788 1083
1883 581
1477 508
1855 747
1055 1131
1345 1178
598 1690
743 1639
107 1437
379 208
974 1194
1105 854
990 1488
1250 1817
720 244
1792 802
1810 1239
895 917
1128 190
1011 18
1529 1523
245 1654
463 1085
1853 1409
984 1356
1429 972
223 225
1664 155
1991 1466
412 80
1447 216
128 1543
1398 1490
1984 999
140 1381
1410 1358
1174 995
1525 697
1361 680
494 575
1202 748
1146 1306
1903 1620
1121 1284
1176 707
457 331
1547 468
1289 420
1042 152
1939 90
32 833
283 1571
675 1081
182 759
403 986
922 822
594 1083
1265 1974
94 1662
54 1217
149 615
427 1906
559 44
1729 882
1165 1559
1407 1604
536 1243
990 360
1677 720
602 652
646 1940
918 1769
706 931
1172 1000
1967 123
39 1141
1937 60
1368 1605
1888 1266
1337 876
420 1968
1342 1419
1051 938
1164 203
1955 720
140 867
34 506
1652 1274
970 734
1069 706
1215 466
1514 403
483 1109
1207 852
640 1990
345 832
621 1511
1214 2000
458 1057
1174 1899
570 1419
1144 1557
1297 1828
102 932
995 1446
1499 1710
183 1681
1525 1430
164 1615
1506 734
669 502
1085 903
508 1838
1561 308
69 1590
1321 723
182 1919
295 180
1902 1791
500 598
1872 1982
1535 1582
1129 1071
177 1752
184 1807
36 1808
1159 4
486 1442
1491 1612
1952 1226
1592 1185
449 381
1154 1924
1288 1518
972 879
1412 1500
294 327
1048 1526
245 1079
86 997
623 198
1031 223
74 1153
637 1690
321 212
837 1252
958 1455
1817 286
1324 1998
971 318
491 1832
1861 1265
793 1862
645 1773
1810 561
1648 1974
1210 753
1461 1867
371 1995
1809 789
193 3
772 1839
271 480
236 1939
829 406
1170 434
875 440
995 1370
704 1824
1791 1760
1505 279
1852 1705
577 257
312 1273
1679 1704
1199 1842
390 1004
616 825
608 1167
1365 1723
1346 437
1198 1362
1920 1484
979 1560
293 1302
1371 874
1270 1864
1583 1801
1622 225
24 1252
739 1732
883 586
1873 1065
1477 1886
1520 479
1617 935
515 183
1767 621
1603 724
1735 1703
831 849
928 1040
1250 187
1192 224
617 219
883 303
1326 365
1457 204
1224 1745
1097 165
1310 790
103 392
1984 419
419 473
117 1472
1454 787
723 263
857 639
1479 836
584 1971
1486 224
1036 151
1903 593
1958 1330
993 1517
1376 665
1213 1513
1054 1847
1333 740
1499 132
1513 1441
668 1173
853 1551
1113 1246
961 1881
1448 1057
633 224
1583 897
1699 1960
1240 899
135 1617
1173 1617
656 888
340 1521
1185 513
1862 1063
407 433
1774 691
1557 407
1137 1474
1642 353
1264 1848
528 1861
1319 1570
1907 1919
1854 346
1197 1229
1469 936
357 779
1878 1299
1849 58
1337 270
1748 182
385 1734
845 523
350 71
1062 136
52 725
592 1694
610 203
1087 303
557 1360
497 1538
1398 1572
944 1103
123 584
458 1731
476 408
1339 83
997 720
769 1541
40 1791
916 1280
457 125
1983 1014
828 84
701 962
867 422
690 312
866 515
1001 632
1351 136
1833 921
1216 1944
1782 340
1082 534
42 1934
993 1744
562 27
639 1903
1005 1073
163 444
1505 425
329 1924
304 1938
1737 1338
1647 795
656 107
709 183
1631 320
1292 88
1190 635
678 1839
957 1020
159 366
1487 444
332 914
1940 704
492 1185
206 1803
1007 219
1362 54
1319 877
1417 1167
905 1379
1025 142
1652 427
345 602
1029 1146
225 1084
77 51
1511 744
817 452
1947 880
935 1856
715 1509
1838 883
955 594
1054 162
1536 685
374 1614
539 1804
263 627
782 481
1485 30
1805 1451
1678 907
265 411
519 757
1056 1044
221 842
424 756
1844 522
647 542
1590 50
781 744
1440 1700
805 1397
804 1309
188 1764
1512 1546
1539 1101
1755 1842
1004 262
1412 813
1670 1648
307 127
558 783
74 350
148 1081
81 1130
756 1058
1058 724
191 721
740 966
1228 124
439 566
357 1374
34 1811
1500 1104
382 995
271 1790
988 1916
1606 1472
1417 444
264 618
45 753
1991 126
1721 1388
1689 1460
737 477
1177 712
1919 369
935 1224
1587 277
1054 826
374 758
363 1599
1852 1975
1068 870
588 1432
58 767
754 880
385 1641
1992 1030
927 501
821 1810
627 1631
1524 471
1413 746
740 1350
1551 916
82 1988
177 116
108 1432
322 1143
1466 456
910 906
661 1834
329 1841
827 30
1770 634
1844 1253
68 876
1311 288
1008 1267
1318 1220
1431 1471
1161 1167
857 820
958 759
10 303
1380 869
1534 10
1045 1797
1124 1650
1303 461
1999 1936
667 1091
480 641
1548 204
870 1150
1116 446
1335 92
829 842
148 1748
240 1885
237 1307
1275 1287
1526 1833
1791 887
525 990
883 1694
560 1675
387 1721
792 1799
230 1483
1604 257
317 1268
1500 1827
1475 1843
278 1981
817 625
1425 1699
1340 1803
1637 1771
687 1180
1725 1996
1393 1699
754 159
385 894
929 889
1125 1553
1085 1194
885 1640
1438 938
1830 408
1106 1214
262 1381
1523 1598
1984 1084
1970 1091
1165 1187
246 1222
1004 249
1396 1163
845 1211
1730 183
238 705
1970 742
49 560
1370 774
1875 1375
720 1323
852 692
1411 1676
1791 1975
1985 1247
173 399
1388 934
825 41
1634 1302
350 313
1436 300
1129 838
673 1108
299 1261
1094 1412
1835 1994
857 651
694 783
1129 1187
1936 599
538 1538
963 1791
237 393
956 1105
1322 1622
1213 925
919 1119
1933 438
1739 491
1010 112
766 323
252 473
58 258
26 1544
44 305
1259 78
83 173
1042 744
747 370
664 606
443 1633
152 1906
885 480
249 1330
1300 1643
1233 1592
1731 1353
1971 1782
1219 1661
114 1384
728 1152
1943 1636
674 1542
1691 795
641 1310
333 111
206 967
619 1846
245 867
1755 1424
1204 1418
1543 767
850 1171
1077 1561
1995 1066
1185 1379
1635 1027
14 1573
1970 1362
71 1400
1508 443
338 700
305 545
1164 671
466 1414
339 1260
1697 1142
514 1240
412 1548
200 538
1344 1047
1588 826
1457 1288
297 1908
1973 960
193 1911
1387 1407
1062 673
1961 1212
801 129
1140 861
1968 192
375 1740
232 1638
709 1276
1961 793
554 1138
1422 1714
19 156
1030 126
1626 1943
1845 439
1960 1523
489 798
1909 816
330 794
1890 1898
904 69
1794 1114
249 426
765 1010
839 399
1566 1961
1671 684
613 1394
1452 742
410 1797
527 210
1408 580
68 1237
701 1908
1774 208
619 958
1027 1623
914 260
1005 139
1306 514
831 1261
1552 1498
289 1182
1672 239
505 1847
939 1092
1824 58
1109 32
1254 1035
731 1318
1065 458
1136 1718
1141 383
1832 975
1323 910
1694 659
1588 1970
387 698
429 1059
1701 253
1994 329
275 1731
103 84
659 1074
1528 1808
110 784
716 1773
1696 467
1946 1802
138 1452
1104 1689
605 871
1521 1206
324 150
1764 1194
165 1174
1087 1123
497 718
335 822
1760 629
969 168
1838 152
1951 1691
1162 1269
980 1744
341 1138
1726 368
846 465
1322 1256
1201 198
1383 218
871 902
567 1789
1618 913
841 759
1586 1927
626 1331
1551 1095
668 864
1904 1326
326 1553
1154 1863
86 1433
520 432
1585 425
1364 1176
813 1774
1735 1147
637 54
1534 316
395 1537
275 471
1644 1553
222 1734
208 82
1040 1009
1222 1417
1710 850
434 1676
1759 1202
1469 1364
1556 1916
1722 100
1007 378
1491 1048
1664 213
744 66
1166 1004
1104 1805
306 1573
158 1538
1479 1304
255 538
723 1356
60 275
1954 162
778 695
1916 152
324 1409
470 1181
5 262
616 299
285 675
1499 752
1992 632
1571 1182
1946 1969
150 1788
1365 231
482 196
581 1736
1150 1339
69 484
696 370
1765 1858
322 684
1943 609
555 1202
181 1383
647 1378
128 20
1320 342
1465 1327
667 209
1919 1015
764 1115
1045 1324
88 256
1614 1847
805 867
1769 1050
1609 1437
943 1013
1256 1572
982 837
1761 1330
2 995
698 1284
1254 557
1736 1340
1436 570
1330 21
1422 637
1022 892
658 206
311 1776
1326 572
1256 897
1401 216
603 618
920 1160
912 1813
716 779
1189 289
1029 822
1772 1564
259 1678
1481 225
1566 1346
1838 39
546 1846
385 1992
1884 1825
1725 1507
549 1142
646 1847
1333 612
987 233
1086 1191
1545 1672
145 1188
643 1445
867 1391
1180 1348
1166 728
599 828
1690 931
1226 518
1597 501
913 961
1858 1335
1452 68
573 941
1092 227
246 1003
262 908
414 859
474 238
1375 1032
649 258
169 1480
670 1262
414 1334
1543 485
634 1940
1672 143
1260 250
1255 1163
1363 1729
724 1037
1847 787
1516 12
1084 1041
1602 1278
685 1082
1418 185
645 1683
46 1676
535 485
1097 1022
267 1365
1519 307
1175 1031
1127 1058
496 714
223 28
1696 1494
805 1739
1701 799
525 1762
1544 1622
1913 1177
552 1460
861 1110
956 738
1936 928
745 725
1265 1839
1486 1078
1679 153
1326 1139
1386 1190
44 294
1986 1709
1838 1850
277 523
1681 525
1720 85
1919 926
726 702
627 1427
1692 139
1622 1808
354 1722
82 1296
548 1817
1705 1732
329 69
563 1131
349 1812
1676 638
782 619
1610 1867
1615 1442
1887 73
1502 233
474 1396
1375 1266
1450 344
1552 1216
1889 445
1137 432
1561 708
1102 1110
950 1731
1154 663
521 1313
724 792
173 110
906 1389
1335 264
913 765
756 233
1879 1871
1715 150
1347 1175
1330 136
1406 871
797 1221
825 58
285 1809
1175 272
1860 520
1696 761
1702 1567
767 1356
1334 1250
822 391
1866 264
1484 699
1525 1313
58 163
153 1913
1453 496
669 385
1439 173
376 578
508 1915
512 452
1028 278
23 1796
295 99
131 1218
848 1616
294 1407
880 1089
366 460
1071 1831
114 1801
1705 825
1615 346
1034 171
428 1146
926 1673
455 1473
234 1209
113 1086
93 1890
244 27
1363 1866
1204 334
485 371
1335 1456
1461 1373
420 613
168 1290
1017 551
1095 1764
85 127
1768 208
1821 122
498 1492
381 1743
411 1063
1009 276
1486 806
1841 757
1859 1006
123 642
94 1225
1359 1969
19 575
255 1957
856 48
1359 789
676 507
143 998
1782 1927
425 1489
1951 1890
1738 1321
69 222
940 773
1226 1541
1088 1818
719 308
149 1442
1632 1351
1459 229
802 672
654 385
889 987
366 739
1952 1826
1777 1487
135 884
1983 1520
1943 1808
176 139
15 802
1984 499
1433 371
206 187
1352 1661
144 1972
1091 981
554 1251
201 281
839 1559
1999 1617
1595 1594
1552 294
1130 830
1040 458
1370 1857
434 1189
1050 12
1030 1497
521 1259
1254 471
78 96
371 22
154 560
1888 381
1941 749
1062 1998
105 1914
398 1215
1457 1756
1574 1153
1279 1669
1827 1598
1631 620
1029 1056
1936 1550
1573 419
266 392
1637 1836
1933 1391
97 1796
835 18
1531 1873
1870 462
1319 380
1506 1861
775 1762
115 1704
1452 1999
1865 718
1187 982
1115 1541
516 1550
555 32
317 1518
1145 832
1680 725
681 1052
649 52
522 778
29 1790
1350 1916
358 1118
1269 1348
900 131
1292 1213
939 431
945 800
1770 432
35 802
1984 1814
648 75
957 223
1955 1672
1203 1967
1192 1416
622 725
1901 551
1157 182
832 279
80 524
1701 521
670 719
285 1395
1447 941
1143 910
1055 1420
1493 223
1954 579
635 1739
1532 1595
1186 744
875 216
1449 25
455 564
1880 339
1442 1202
1063 123
531 1937
178 411
969 508
547 958
994 1817
443 5
1766 666
1319 1129
839 611
1549 312
789 1040
1180 701
1113 326
879 509
1800 274
954 362
1558 195
1071 325
336 589
633 169
340 601
1691 216
1509 1581
593 1311
1204 1353
1395 1758
1490 394
920 1640
1040 69
1998 64
139 1484
426 1994
572 1302
518 1656
1116 1883
212 1189
1088 1935
525 916
343 217
735 1867
571 1850
494 1874
837 553
546 1832
1422 1849
836 462
285 64
1064 1641
1933 639
465 1113
1315 312
930 262
1820 1803
1986 575
1475 196
1172 199
278 1762
1725 592
512 170
657 1495
1919 618
1748 1096
1895 514
1750 1841
355 994
1418 1958
69 816
802 1727
1089 1383
608 1778
1187 1532
869 408
227 1808
633 1470
484 1018
1018 384
819 1637
1345 233
1642 513
1091 1821
1628 556
1264 455
35 687
219 1198
791 892
1697 493
1570 1877
279 72
1423 1631
67 1246
906 1842
1923 639
1229 1500
1065 267
622 608
1342 1541
1581 819
2 303
223 1791
691 169
1196 1210
1340 1566
716 1580
165 818
225 15
737 1933
1463 1280
658 1013
1 414
935 1207
1320 1042
116 343
367 1837
1993 705
1428 1300
1867 1386
1068 787
1637 1000
934 729
722 1875
595 419
422 1421
1404 1895
392 1264
1869 216
721 1341
689 235
1480 714
1756 1379
1414 240
1261 848
936 1384
661 1925
1770 663
668 935
1364 324
1123 853
1134 256
598 1012
1389 791
1135 1239
515 448
1433 69
1862 1578
1735 1336
757 1693
771 1469
1963 1475
10 152
896 1925
471 59
699 796
359 1110
1130 40
120 445
263 730
1058 1705
307 743
971 700
1729 1700
1842 509
1399 1504
927 1395
855 6
1913 944
468 1396
408 1533
405 635
1595 1720
1906 411
303 1820
864 1478
1341 1868
826 418
651 716
658 277
513 1503
1871 1356
469 1945
1928 1996
1176 1905
1790 1684
153 1496
404 1588
782 257
1393 278
892 1979
1655 1894
97 715
719 1210
1012 1200
1965 726
1840 1534
475 1138
1505 1521
1625 524
885 1539
541 343
565 464
1925 1851
1230 605
368 113
277 861
940 1199
966 1658
1472 1813
522 548
1975 1137
124 1913
681 258
801 635
1433 1882
204 228
1382 1367
894 845
478 133
454 814
713 1740
1923 1295
720 1232
519 890
388 1800
1130 1287
353 237
445 1717
1014 1934
1171 655
1065 496
1761 1139
1761 1780
1930 1972
553 164
408 629
1134 1334
913 1512
1903 165
2 396
1980 894
1768 1324
1850 275
112 419
6 629
603 939
945 1853
1209 1826
898 27
1799 1047
1163 525
614 361
356 1609
1251 319
879 639
1566 1437
973 1330
1681 473
1591 634
1418 903
351 616
512 520
620 553
468 1742
1339 1921
1678 446
874 1776
1566 1136
1438 1879
417 293
1360 987
1145 367
1793 1985
1666 113
1564 1294
126 1452
1182 1765
1375 1353
845 238
725 808
10 15
1193 1054
1264 1530
162 194
1306 1831
367 1612
1522 1982
1861 387
261 158
155 951
1098 1413
1312 1088
1847 80
74 813
1914 1059
92 1590
1148 751
1987 1641
339 1347
779 1966
180 1861
170 749
772 701
539 730
1380 1542
193 1818
857 307
1980 1033
451 1630
351 1669
843 832
1765 473
589 1884
1199 1683
347 1172
462 834
1284 1769
50 263
824 19
1322 1022
868 1544
259 288
563 494
856 356
824 1710
685 644
291 659
1637 96
1057 1549
739 1700
1199 1733
1093 962
1554 596
392 1902
302 497
1558 856
1505 1166
1510 1205
634 439
156 846
108 1963
380 1088
1766 1117
1996 1883
532 760
1670 416
368 1687
151 7
1179 455
1970 454
1038 14
28 551
745 1075
125 1637
1582 715
1727 422
1584 1968
738 156
1549 1390
1494 680
466 443
467 210
286 598
1632 1263
590 512
401 1580
205 542
1425 1585
1809 1682
786 1261
470 642
1002 1604
1443 1308
864 473
1236 689
797 1003
1514 271
1700 1740
1002 59
1726 1296
1947 361
1820 921
278 1440
243 1973
504 1651
1421 1858
597 1017
1248 302
655 1086
1174 26
1623 1973
896 1528
880 110
1176 929
468 1873
662 1781
807 500
171 1898
537 240
904 1837
1081 964
1630 1518
874 1639
14 1019
367 1945
1005 571
820 1437
1858 1229
57 411
1950 645
1666 196
100 1547
216 756
1156 1731
24 1086
1543 1489
942 394
268 1534
787 342
1582 323
238 52
1384 378
1310 6
1225 1850
1040 550
1171 1680
1291 887
742 727
1496 1047
855 812
1617 704
1344 823
1367 1614
996 1642
244 1495
744 1015
1682 1167
317 1641
470 1937
1668 1998
255 753
960 1744
1802 472
225 1574
1025 1309
1544 443
136 514
766 1467
423 1466
1753 1727
496 1827
853 763
102 1791
542 1640
766 854
639 556
397 7
1356 1850
980 1936
265 621
1751 1409
1535 1490
1503 68
1678 1816
1739 1509
1812 1290
283 337
1793 966
1703 383
1673 184
594 641
1364 1901
264 1570
1165 1592
245 1851
986 1271
801 781
1004 780
190 1283
757 68
593 1251
1695 1144
1777 1087
358 145
1031 1972
572 63
774 1069
558 254
1095 301
1556 833
1856 1755
1136 1942
1914 1733
1596 1731
1480 998
371 215
1556 1252
172 1544
1334 1826
1685 391
352 184
1475 596
193 1380
1937 74
63 1398
1020 1851
271 585
77 298
1918 1417
704 572
192 1728
1513 1646
1100 1210
1195 994
73 1610
828 981
108 544
1386 91
247 1743
482 1049
1725 1358
1561 277
217 520
58 1548
369 325
1826 947
544 943
1590 1452
1925 941
1996 1107
1505 1576
131 1452
479 793
1480 1542
1168 1592
1938 980
841 1100
954 1461
368 650
1624 721
900 1775
15 1916
86 4
713 894
1034 1844
1142 1853
1881 789
1144 669
611 1947
1331 670
1497 1674
1974 436
692 428
1626 1249
752 639
1324 1965
1621 1729
92 1308
262 1733
1669 1755
1014 272
550 1605
1269 37
1129 448
691 285
1321 71
382 744
440 1391
1214 75
98 163
1594 1005
363 205
14 1531
1912 1288
1566 271
95 274
1241 984
1831 857
1270 1171
196 1175
754 617
1075 1933
687 47
1245 529
182 557
1503 457
788 1442
941 1501
751 1860
1920 1451
108 1681
1916 1146
221 1966
1073 840
896 622
1172 1279
474 918
1269 189
223 1279
1677 870
598 1095
429 1600
448 521
1004 1386
1153 1246
1672 378
1824 405
1480 270
505 569
1411 383
1136 1993
1399 1836
186 1968
1791 126
1664 1149
857 1213
105 1696
1825 1163
1785 1588
1032 1783
1341 595
1860 933
1754 1184
331 1058
818 1988
1652 263
1043 985
1871 39
1915 1013
349 922
1880 1930
1297 1842
1442 893
1739 1009
1725 574
1006 804
1202 1841
170 1644
65 552
1132 1758
959 1666
1107 1684
1194 1481
1421 1992
977 654
1201 339
523 299
1139 1767
1703 1400
809 1482
594 1660
479 130
1989 411
1039 644
1777 1677
781 660
75 305
368 261
873 1320
1737 579
799 1072
1908 1728
732 1141
949 966
1232 149
1626 1481
1257 742
319 1375
632 584
14 95
1250 617
823 1259
558 664
703 401
1222 643
1014 1650
768 1962
1247 340
1714 394
1235 1096
133 452
945 1734
889 1924
222 1484
412 669
1334 652
444 46
1405 889
875 274
1961 275
310 1603
628 1018
1456 1189
741 1189
1400 1127
594 464
210 1499
1432 362
927 1804
1801 267
546 1987
482 955
344 1396
1833 1018
606 928
55 170
751 1081
761 1765
403 1041
170 780
1019 1069
119 1315
1605 1973
1731 1072
954 432
769 1664
511 437
114 1121
283 1152
1008 1217
1797 625
633 1548
1735 1529
354 1143
773 1241
1324 203
637 696
1654 1739
699 93
1552 331
675 331
1734 103
925 1555
1683 1511
1462 826
106 307
1690 457
474 1951
558 1967
1095 1148
1976 1270
48 504
1835 1357
931 271
1429 20
1927 373
95 1330
1362 25
80 1833
525 1263
66 1780
1152 871
1827 1941
1901 1984
458 890
225 1117
497 208
683 1555
815 794
651 781
854 756
1801 1411
259 1012
1718 164
999 1438
1049 771
1151 1510
443 1248
613 964
482 326
1420 942
1939 934
694 1403
1981 780
1505 1330
336 1149
631 224
1904 1844
852 1487
968 1040
1712 171
896 1228
1654 883
1834 1262
1352 1221
1538 1434
1045 1198
35 665
293 209
1860 170
307 1593
1116 147
712 1959
1814 1190
1953 1978
509 1935
645 413
1609 1420
1457 655
1462 387
652 495
622 1221
1687 1585
1668 1583
1934 1798
1454 1740
66 1475
963 1875
705 573
640 1438
1562 1677
1802 1180
734 198
405 711
489 1553
849 1052
1405 1299
1258 323
1591 1238
469 1143
1958 255
1831 583
676 219
254 427
1234 605
1024 1187
1531 713
1404 1849
1997 1216
468 1549
929 1141
203 1028
853 1090
1113 665
1632 1447
1169 1377
1332 957
1226 408
50 925
1212 219
94 1214
334 1865
149 39
1092 1633
1490 917
119 793
1000 1561
1901 1569
799 61
1943 1776
1191 1391
859 718
954 637
1882 435
1866 1052
1292 242
997 884
1563 1073
1776 1877
692 1074
492 892
863 799
1144 991
21 462
1437 604
590 1749
985 901
1335 1981
1948 717
1761 193
237 865
1053 1007
186 737
335 1067
331 1480
889 1318
1931 1068
80 146
1689 13
949 4
1887 909
665 629
810 1654
504 1439
335 1457
1871 1686
1089 730
185 280
1329 1867
496 1783
854 1838
337 565
1024 43
803 1148
1782 1418
599 1597
23 1657
204 883
1404 68
1293 1069
1118 750
987 1400
758 1737
779 1665
1881 275
569 1672
986 972
1502 1292
1564 1311
633 529
972 153
1723 678
1654 718
1306 670
1900 1769
764 1900
1280 1029
1040 1138
1308 1012
88 9
731 801
1248 1263
1969 1195
120 666
661 685
686 256
293 1787
1609 1337
1528 1492
546 1021
74 678
970 827
970 909
790 240
497 1237
624 1620
1940 882
38 1040
1891 1976
349 497
1057 1112
1297 1609
1856 137
1481 488
1576 844
1328 1659
1467 845
1986 1367
955 17
1032 1820
994 1657
1844 1115
1441 1214
754 1453
203 1457
1503 1960
443 1678
276 1567
351 898
555 565
1326 1279
421 1207
1952 1437
304 1703
1901 1686
1539 175
1742 426
529 710
354 769
926 1803
1169 349
252 160
1552 177
611 1071
685 844
653 1090
1349 1765
890 1274
586 1063
752 771
1616 1064
353 1992
477 1922
1602 858
1336 32
495 1762
1627 309
1196 618
1954 1707
31 1932
737 1171
236 1726
1972 1339
1056 394
50 1810
1340 1213
1036 1146
1128 1003
1114 130
634 1352
1921 424
804 635
1838 1091
97 542
1681 1284
1307 1373
726 842
689 1190
1202 633
1579 229
1233 417
901 1881
998 1495
456 1018
753 836
863 1315
1523 1384
294 690
1004 83
1045 803
1412 506
214 119
1552 1081
446 1124
1977 1512
1665 1790
1312 1922
533 660
1896 1784
74 107
1109 1985
1222 352
1425 2
293 1376
1622 1708
1122 1944
1715 481
832 898
1807 433
1521 452
894 1856
1922 1513
379 1559
1302 315
571 303
1908 1232
1028 1476
77 1862
480 1961
1152 376
942 186
1638 698
734 1976
607 586
681 1
1618 1127
116 119
1688 1221
1891 478
1986 1066
1626 1093
1054 1770
1035 1390
620 598
733 785
807 1582
922 448
54 1254
802 170
1724 149
827 325
297 1458
1512 603
1788 1068
246 895
829 164
1426 1987
732 350
1502 878
515 1760
1894 92
612 676
773 1720
1774 902
1744 693
1934 172
863 629
918 1374
166 1491
1647 492
49 1523
1538 1907
1545 693
1796 1455
383 1680
1432 90
1741 1194
213 894
615 1809
475 291
394 637
1487 1105
410 127
350 890
1037 1442
1537 954
1115 82
1461 66
949 286
20 1834
236 1585
665 847
745 743
494 1773
229 648
884 660
771 1699
210 1063
1738 1406
1416 187
722 1374
740 747
180 1078
1177 1475
32 826
530 89
184 613
1505 1233
424 52
758 467
594 1104
1775 1510
1098 334
1258 1019
405 312
491 1360
322 655
1466 912
1673 102
594 695
1092 1098
1804 1076
649 526
781 1869
1492 421
700 1891
914 474
1269 1918
990 369
1642 1172
918 1734
565 1811
1462 1027
1105 522
678 1554
1215 713
1017 422
1026 362
378 616
219 932
92 430
899 336
406 1756
453 204
463 305
299 1328
1470 1610
285 1917
603 1262
1032 1974
91 1970
811 745
684 377
1876 1652
963 434
1239 1077
1816 1346
460 1368
570 1612
1398 734
1859 1112
462 490
584 140
1473 930
363 1151
1248 243
508 380
1068 422
1566 701
1054 1617
999 1834
247 1537
1001 37
1100 791
32 1186
1674 578
55 670
43 1703
1169 1162
302 1113
1513 1555
1233 1795
880 1525
922 1066
1240 1057
1512 966
1306 1352
1937 354
746 386
1357 226
808 1249
1 1433
1630 972
1419 259
137 23
885 1025
118 1988
1137 1196
808 860
53 1959
169 902
549 1928
1040 587
1974 450
1280 250
911 20
950 570
1856 1325
558 1499
1279 99
1690 1424
1542 145
571 1312
518 745
520 1634
546 1298
285 586
1816 250
1177 1920
38 386
1401 910
426 1396
1630 84
391 1718
483 1873
1478 481
1156 266
1968 1328
1986 41
423 1121
192 1005
102 1696
835 661
1482 1334
1537 641
390 773
874 552
694 1879
1837 1423
1395 779
1826 1172
1113 77
283 740
322 770
840 1541
422 887
22 67
114 1184
1237 180
137 1391
714 1703
340 354
1403 1329
1864 829
1647 1042
1077 716
503 1127
1250 144
1236 99
1969 1866
1312 563
1791 1551
172 1718
452 26
1342 1055
590 800
1879 1900
734 1599
715 1554
1955 676
653 1796
1221 1726
659 873
1641 1487
1256 875
705 1275
133 626
497 1396
67 331
1726 1136
160 1412
478 1017
255 1575
1790 379
483 578
1685 1289
1559 1820
508 247
1488 1565
1176 1775
259 821
786 264
323 186
1446 922
362 604
877 677
98 894
991 1319
1441 378
537 1034
867 296
1371 1677
643 1000
867 1296
487 629
885 1157
297 1700
668 429
1205 370
569 1852
1138 1847
213 1620
1161 756
114 463
1345 1947
605 951
681 1631
328 1329
1875 535
1527 1816
738 1380
319 1281
1040 710
692 121
50 1063
173 700
1515 1985
85 16
1766 1338
1602 315
1911 1831
1620 1200
938 872
811 1770
357 1456
850 1576
440 1476
1362 967
988 1026
1295 1545
1576 1297
1297 1967
472 1621
716 1191
1410 625
342 643
1820 388
1859 438
1863 1554
363 1757
508 770
344 803
217 475
1986 1539
535 449
1953 670
1905 1617
263 1666
1169 143
1226 1572
454 363
1035 908
184 891
1180 777
727 1943
1258 1237
486 88
822 374
880 915
1272 629
642 1732
813 321
219 99
601 1867
1556 1626
340 757
259 820
485 1484
859 965
1288 1813
972 1254
1232 1367
1534 1971
900 887
1822 1162
997 693
231 893
1022 88
441 267
1969 1735
7 44
1857 1438
654 1086
1330 1979
1063 1351
911 1770
1395 399
1411 658
724 764
2 684
1127 124
1587 565
544 1130
358 323
1437 204
1728 1945
1614 1284
419 715
338 1703
836 442
1209 1300
1601 1002
1383 1305
149 446
1513 1908
33 428
342 406
1428 149
1813 187
1928 1269
544 1252
655 772
1960 550
1506 1892
1416 580
888 1459
523 414
998 764
1390 210
1028 1457
189 540
968 575
1094 512
209 461
82 853
1440 1693
1742 1942
866 489
1560 241
757 1052
725 290
1781 1033
1793 687
1009 8
831 1502
1675 205
985 126
1039 1292
1995 853
1236 513
1529 1657
1556 188
1464 140
1376 1572
1930 1725
608 396
1747 1227
1108 1815
1097 1326
230 573
1733 857
558 628
1147 388
709 673
1633 1057
494 1093
717 193
1906 728
1559 674
676 141
1393 917
1693 1388
662 1000
1536 1449
1644 330
385 1536
115 1281
104 1402
376 511
1743 1590
1173 1607
98 865
606 853
306 1451
576 408
1074 443
339 1852
599 98
908 511
1212 45
1546 1309
626 1054
1325 266
1717 1080
1989 803
1237 590
1583 1036
1901 1623
372 1974
1943 1738
732 138
1292 36
891 1835
964 1761
492 822
1310 384
475 1351
1974 1979
1847 171
1704 203
1720 1439
900 1669
438 295
957 1293
1828 212
1687 371
183 273
1676 1716
1000 1113
1171 1759
223 580
1993 1558
1940 1705
1341 1240
1899 1362
1790 109
113 105
748 692
621 706
602 1594
607 1651
701 1974
56 45
657 1456
934 368
990 720
820 109
228 275
362 1837
1427 209
1560 1690
1339 941
1198 1888
57 1322
1272 1043
1749 527
1984 1493
188 336
245 1725
529 372
605 641
328 1063
925 550
61 863
1483 68
826 1345
53 667
1584 1705
240 958
81 1534
1254 1525
742 1241
1598 730
1171 803
452 611
1157 284
666 729
1657 802
673 1091
1557 265
665 1339
1366 1021
1816 1078
197 66
236 744
1664 1614
476 159
1163 689
1525 1769
736 267
1658 254
1429 48
1471 1443
687 400
1547 1380
516 744
1307 751
901 1042
265 1564
1258 1487
569 974
1731 1360
1583 403
701 1787
1931 1350
428 207
1154 233
1027 269
1876 1570
1677 251
1403 848
1059 188
1407 660
1110 1006
660 209
932 606
503 479
1880 1273
201 963
1109 1402
1773 803
1185 1370
14 1618
1335 1992
331 1430
350 1502
1515 1432
1955 199
779 1874
1325 1387
251 803
1563 1270
825 1008
1948 1284
1037 1251
1899 610
1439 1872
13 699
299 913
1177 1780
437 363
278 1825
1072 540
1133 1547
1998 1585
1873 220
381 1114
715 1762
1519 1913
704 1421
1771 701
854 1907
337 600
1321 1222
203 115
1467 1829
385 994
726 909
599 497
933 82
1819 684
1985 1732
1966 824
880 1537
777 1629
1452 767
527 197
1408 637
1117 1253
1378 423
239 923
347 929
1659 959
432 707
1186 1598
467 292
1596 1141
1444 1530
1034 1294
257 550
522 1146
1642 983
891 1353
653 896
1937 1711
687 801
625 457
1312 231
1986 1716
9 1482
1044 1702
1856 484
1602 152
1249 1376
1948 396
244 848
1221 1802
140 59
910 1587
1824 939
1802 857
331 672
1475 863
1297 151
451 423
1633 1355
1802 1532
1184 1851
1525 441
1188 207
1424 622
1658 389
1273 993
1146 337
999 1643
1531 1321
1630 999
429 373
530 1312
454 1992
1166 1709
1258 1714
507 1770
1129 1099
1565 1197
1413 1856
1272 22
1770 893
512 316
1717 786
1788 1254
1445 1151
488 237
453 657
951 1974
470 1460
188 1270
1149 449
379 261
1465 258
88 1110
932 961
826 332
611 1154
81 499
1575 698
409 1654
554 144
720 1954
1621 1992
844 1880
989 769
1130 1621
528 1049
615 1739
485 1187
34 666
1892 1481
1609 1921
832 1711
1973 892
338 1284
1214 368
1953 669
359 57
1017 3
183 1393
418 1823
291 1047
1917 1588
849 1569
782 111
367 1219
1986 1999
1234 1128
574 205
443 605
1307 1760
1081 586
1775 791
1925 44
1655 317
537 857
788 1707
1505 1199
991 492
331 728
1971 738
871 1674
135 1468
359 374
1138 331
587 211
1431 292
1915 1
100 1362
245 1943
1908 1278
732 611
1894 1465
93 183
1582 1103
1550 213
939 879
1684 1231
539 1970
1317 30
826 1627
1234 1417
530 950
1856 1684
351 1476
1882 1344
1937 129
64 466
1136 1850
293 1499
952 1281
871 505
244 219
1388 1544
595 449
931 909
44 457
832 1458
1528 847
329 1609
1740 1348
672 1023
418 1416
1668 789
303 1363
790 1663
1050 204
697 1436
1587 927
1753 395
1532 670
1845 1371
1248 205
1100 1318
1891 565
621 829
385 1416
1771 27
1808 47
44 48
1111 1190
774 1303
327 1231
1035 894
189 862
1491 212
523 34
1420 300
427 1242
87 99
1442 1438
1445 847
1452 93
760 885
449 674
688 1830
1890 1277
788 1172
827 1845
1737 1280
777 1449
688 321
619 1079
1744 602
568 1943
88 1185
96 1772
402 939
74 1116
738 1063
60 1055
413 177
950 624
1697 933
498 915
1017 641
1523 551
1648 1913
1669 1719
347 1746
1482 1033
73 1133
1034 870
419 1426
1765 111
1456 563
222 758
1758 1016
1972 1627
796 1752
1571 588
1209 477
1349 1149
810 368
95 142
1202 686
1739 1949
139 864
1559 878
344 226
881 1805
298 1795
866 615
429 983
468 131
654 1988
809 73
1953 1508
1201 1407
1580 1821
207 230
998 1591
1397 200
1131 1326
639 1859
428 78
649 609
1629 648
485 1293
1749 1987
1950 1034
1571 1811
478 606
245 369
379 931
877 1120
1849 1185
875 917
1432 1127
81 605
1381 1036
1995 1500
1443 1449
1342 1093
1263 755
1874 1919
675 122
906 745
1533 486
924 1906
1189 810
260 1838
1569 1348
1899 61
702 1195
544 1337
1848 1421
1565 598
513 138
437 1874
1036 34
116 791
1834 1031
892 1289
967 1318
1651 1393
1174 176
1674 1176
495 13
496 1141
83 1591
1139 798
994 883
1035 1003
1826 978
424 1121
766 103
1351 845
1383 1108
438 425
839 1657
1371 1607
1339 337
1233 1974
96 553
82 532
1205 312
1560 297
566 322
801 1686
202 1745
760 1179
1735 888
430 664
1352 851
971 1201
485 570
379 43
692 1576
623 260
492 266
849 361
176 1099
724 1145
1616 1475
29 178
844 70
1351 1496
81 1858
242 1519
890 260
1014 1478
984 1685
1641 141
48 1508
357 1126
1493 1564
105 777
804 571
1726 310
1641 1770
1447 787
292 279
778 950
1758 615
1689 1180
202 804
1410 1415
531 338
1640 66
1488 735
1845 829
139 541
1559 995
1121 723
1511 1533
1454 900
37 182
1379 135
55 655
1293 1591
809 310
276 1181
631 611
1187 1961
696 1932
1047 976
285 427
933 1757
1169 1179
1110 503
971 1061
568 922
1712 1367
1396 1760
533 1380
481 1683
958 1439
713 112
1018 1386
1352 1606
427 1401
692 1339
392 1064
1250 381
1490 300
946 1358
486 1545
293 1453
139 1443
1772 1898
1455 1331
1164 60
832 573
1261 1024
1461 1434
825 676
419 407
1369 935
564 711
1885 119
1002 884
1689 1812
1929 1285
1659 1026
771 731
995 1733
1956 349
1573 394
192 1978
1294 1189
1315 431
715 1078
1054 1905
893 167
595 620
1315 1587
941 552
664 22
1295 1507
1794 344
927 597
309 142
1125 132
4 1512
1572 325
1314 53
1328 1194
1454 1073
991 1343
643 799
1699 110
1699 1638
43 1007
1332 1937
580 1694
428 675
841 1946
1117 593
1920 290
336 1758
1357 243
1590 1657
725 360
1945 1371
268 1163
1034 1626
251 820
773 930
1363 1854
597 1658
74 749
1893 498
1141 1149
1319 1916
1095 1904
318 1936
1888 734
786 446
1429 1304
99 1583
1514 1488
222 824
382 950
932 1990
1475 1171
1295 1700
1991 203
1336 895
935 1045
1912 1458
494 915
192 141
835 949
1248 1766
979 1292
1771 1778
1404 1733
694 1655
1978 1172
1358 926
1252 1189
1360 1699
115 932
853 1246
302 1612
1300 1811
253 782
1318 748
1286 1818
329 1862
170 1346
1592 765
29 1437
799 169
358 1855
1564 355
384 236
1105 1026
61 1068
354 1046
773 1082
1695 1335
409 847
1654 1578
1045 1970
1338 684
360 1967
1102 1361
433 1195
851 295
876 818
383 1046
867 1218
1549 467
830 1619
1291 431
1683 929
871 1696
232 1634
431 1004
1083 65
910 1055
1297 1532
1768 1879
571 1813
218 1591
1399 747
811 770
495 501
832 1675
182 1985
1422 1830
905 1469
860 723
785 919
1786 1959
1449 1208
6 1679
1790 91
358 1226
1348 323
658 1538
1195 297
1047 712
937 713
1716 921
775 389
1439 1954
104 188
1852 1165
1455 952
694 767
881 292
897 1567
1916 1796
1554 771
1757 1352
1042 1583
953 1243
751 875
1071 1060
1267 309
1498 12
1795 322
91 544
1472 1203
900 1956
852 897
1516 408
1058 46
1945 1184
1963 91
554 247
634 1325
1257 588
1803 1632
1995 330
1516 1530
1038 1598
111 1155
868 168
676 1886
1152 1625
604 1792
1210 845
1729 811
73 1676
1254 846
832 155
1695 1069
659 1370
1198 1902
1631 1648
550 309
419 1845
128 1062
702 1648
995 710
52 1137
209 688
1871 922
552 153
1968 1163
531 1029
1852 1909
1838 491
1372 1359
1771 1903
263 1954
1081 1323
606 782
1671 1036
1789 1311
189 1034
25 89
922 201
440 1704
915 640
788 754
170 1737
908 1999
121 625
1742 574
181 471
845 848
93 747
794 702
21 1866
1004 1975
111 1019
93 1523
1363 348
584 885
1937 605
565 738
307 654
1192 404
855 1748
39 255
664 502
1556 1572
431 625
1344 1703
1399 636
1860 242
1723 650
1848 1070
1951 1139
1608 250
621 365
50 352
1248 761
183 1206
1488 168
1308 579
1013 1731
425 362
710 1128
937 1567
30 563
535 946
1689 1009
242 397
1807 1675
1351 684
562 1240
657 960
606 509
404 1166
1360 1
1012 828
1897 830
11 1231
1956 1312
714 898
1710 1148
1546 997
679 448
647 1466
315 1589
633 562
1509 561
1617 312
471 1178
1158 630
579 709
1476 1885
1575 451
713 1755
1462 1816
710 1565
826 1306
971 1823
918 378
300 581
1342 1689
1122 1572
1842 705
1342 1614
832 22
1828 572
484 1801
320 1850
1305 902
1334 1137
480 1782
246 153
1447 690
271 1921
1009 898
1612 1655
1274 126
278 999
1398 1864
1954 834
672 574
1773 834
1307 1616
570 1877
40 312
1645 1538
210 528
842 1603
1408 1492
337 1694
803 149
655 1884
1494 338
143 1128
1107 451
1146 295
1434 1837
1822 710
94 1705
1593 1756
1257 510
314 1176
583 209
1383 103
1902 1517
500 832
743 469
50 563
1784 268
1673 741
1680 1372
1145 342
1385 327
1901 1911
321 652
1615 1977
1320 694
289 1178
997 26
1080 1282
1352 231
1225 383
1534 243
252 199
141 938
926 784
480 986
1702 1126
1886 1015
1235 1458
992 1809
1581 1735
1275 606
792 1212
1010 1933
1323 1860
1399 1009
617 1935
1867 1283
1689 379
1359 1562
1362 1353
89 1018
183 793
1057 481
109 14
1679 961
1114 101
1863 1168
540 847
620 1866
1946 1900
1347 1733
1093 1001
1042 281
265 719
196 805
1081 197
235 841
1503 250
131 1238
650 1422
1680 847
1952 1957
1416 1476
1798 1487
841 1593
714 777
529 1583
766 674
919 202
537 541
568 682
598 399
1924 173
368 1632
199 720
471 1071
921 482
1822 516
561 1904
28 472
1575 372
391 1192
890 1832
1556 551
982 776
431 1650
1686 1214
509 1722
1984 759
1722 1454
299 1444
672 564
1599 592
755 626
1733 750
520 542
193 1030
1152 1343
250 685
1834 611
432 1682
790 1717
882 1706
596 1420
847 216
1089 1797
1928 627
1049 1646
1347 605
1765 1786
814 642
1819 1787
867 1312
1897 1827
853 1405
1113 972
447 460
1155 1343
507 1713
1798 599
1085 1678
1982 1252
177 1597
631 1720
866 1220
1650 1344
1041 1768
1244 17
1154 1801
1232 1885
1244 1218
900 1421
1018 1950
416 350
1631 129
1105 846
1451 870
1748 528
1419 1616
780 1038
1908 570
1423 468
1335 1768
1104 1462
1602 1197
666 1393
9 82
800 803
193 847
1616 749
267 742
961 474
1916 716
592 69
1913 689
1415 737
13 923
1779 216
1043 1570
1267 492
974 1826
1903 187
1686 1687
882 1497
310 1174
19 359
259 436
1898 1625
759 201
501 233
1188 855
508 1051
1008 243
457 371
1358 1783
1491 97
1794 1427
999 499
1099 1577
1325 1063
908 893
781 201
1925 1596
968 2000
195 1156
1763 187
958 1803
954 1679
700 511
1343 583
439 1553
1350 353
142 1816
326 825
1232 576
1142 199
1677 712
351 670
7 1858
1617 1167
964 1383
955 137
720 991
1432 1073
79 828
1098 1804
388 1310
1058 1207
159 120
913 652
1342 1459
99 1147
313 1308
1791 476
1809 1830
749 1517
1461 1243
440 581
83 1842
959 1853
1115 1924
1848 1495
63 1369
513 320
1783 1561
903 1891
1378 1409
1170 1058
652 1449
490 1734
729 902
1442 662
1202 1939
26 1188
1199 553
102 1531
581 770
323 46
1012 1666
1277 138
1939 1403
961 1220
209 1887
1978 223
177 597
1233 1900
1604 373
1897 261
1666 880
1779 582
15 386
536 91
1034 230
1989 1682
1037 348
333 731
773 1550
1395 1726
1377 1470
1896 730
1324 355
7 687
1217 1350
1918 734
339 576
1076 1679
433 1776
278 1267
1302 1241
1445 1015
705 1015
1152 306
13 784
311 1319
831 461
91 740
236 1931
1274 1703
868 404
504 607
31 700
1118 1634
1133 376
458 1860
1361 541
1456 1027
1488 605
531 1721
30 1168
784 1460
71 1049
701 69
295 1332
530 1839
1099 1698
454 479
1413 1016
1211 99
1643 1441
64 421
998 1688
1258 1089
1131 1749
1705 1542
1212 294
158 66
760 477
1611 1377
979 189
1525 931
598 657
1955 93
287 154
1262 1176
1698 1132
1571 1734
1255 337
478 755
144 1116
1889 511
458 1614
1324 590
1999 1666
208 1662
1734 129
978 398
1312 594
171 12
1356 1151
1817 763
641 358
551 735
113 1335
1402 1293
226 1038
518 1360
974 288
1807 748
887 1171
1348 1671
103 384
355 613
772 1199
1934 1485
1899 992
607 868
1780 203
63 195
472 1313
1940 1458
1319 505
607 897
95 1213
1133 1165
923 974
854 598
215 40
1891 789
312 377
120 1328
999 1276
1921 992
323 155
1409 180
1508 438
713 538
627 457
1220 1958
1805 1582
1169 1504
115 301
1812 382
11 502
1618 61
1603 1561
36 1923
1680 664
275 467
656 880
168 1074
294 234
997 441
522 1532
499 1269
1269 1914
1702 519
507 407
1483 383
950 912
1115 1138
1533 569
414 1387
274 288
1641 288
1164 1889
387 195
1627 245
320 238
1514 1414
783 417
437 869
1145 709
1682 373
1424 1549
1309 340
1170 33
1961 314
469 436
1910 1015
1945 1629
204 1721
1594 1532
1156 1719
450 1283
1047 282
1176 801
713 654
902 1839
595 331
23 178
1150 1135
620 142
754 1176
1194 717
1784 1061
1779 898
1293 7
998 1815
1480 530
304 367
638 510
1887 1079
442 245
955 729
728 1458
1498 1242
1534 1512
740 442
845 529
1504 1611
921 65
1822 1253
47 1203
1389 1009
547 155
141 630
1179 1722
1854 730
346 1812
1215 1028
1072 1310
1867 1048
14 1371
876 740
317 283
615 329
320 1302
585 270
659 531
737 475
1608 1675
297 1833
1613 679
306 1212
158 165
1910 1663
1513 1903
1958 1441
1820 1270
1316 1698
215 700
1513 452
273 861
1485 22
1692 1220
1644 1057
443 1243
1206 1612
429 1508
998 671
50 1223
1173 329
1360 448
184 45
1710 544
366 277
1074 1234
993 1533
218 301
1592 1471
1005 1814
1844 707
368 393
813 1167
1910 1216
1223 452
1557 292
801 275
674 515
1004 382
696 70
623 484
56 342
1861 894
282 920
1011 1271
925 690
512 672
1338 1866
572 457
1766 565
1697 18
1570 1792
173 530
1388 811
1356 1565
1316 1204
1342 1624
604 652
1235 1084
1295 286
1922 1076
881 17
1489 1045
1627 1323
405 1712
1115 1535
338 373
1239 1421
356 1022
1562 1714
236 340
1353 996
171 1319
1170 1659
1114 1609
139 509
1525 1861
1637 1435
1506 143
404 1007
595 468
1093 445
1953 564
1296 1873
1667 354
1685 1013
1358 563
1840 1822
878 1209
1397 87
1800 1973
265 1712
955 1009
304 154
486 246
569 866
828 1377
1270 1706
1106 1995
298 276
1717 1049
1318 1276
1389 868
612 919
646 1517
1610 90
553 311
605 1658
1066 1276
1102 1514
1988 1747
780 1370
895 991
715 539
180 714
855 1582
1526 754
1411 636
590 21
1549 318
1304 870
890 1011
906 124
154 761
1369 1258
1210 174
1164 1415
1623 489
1279 1484
1779 780
158 272
1728 478
1055 1599
63 413
443 622
490 1191
310 1498
168 1350
183 558
588 1560
759 309
687 963
323 1649
76 111
775 1941
44 1185
968 713
94 351
1473 380
1823 1652
1443 917
1041 1220
1996 872
1448 521
986 1013
1952 270
896 826
515 221
1382 895
997 1747
213 164
643 297
1670 376
1396 1171
1582 1876
958 1938
1038 246
1944 721
346 1398
1072 956
1254 1428
1704 1437
1759 185
1464 1846
1542 721
1342 1735
684 1527
346 1428
1733 1098
1261 1549
1189 172
1899 443
375 1531
430 232
165 1385
1322 1630
1891 1923
1880 412
1732 1413
946 1979
1721 1176
335 181
1421 154
1119 1681
1852 194
1049 1839
26 1552
1199 357
1612 1302
1997 1356
1759 347
209 1571
1756 1313
1851 779
1925 1024
569 1007
1565 1081
1270 1313
1286 1594
1311 157
1666 444
1850 1309
287 741
1398 1616
56 1369
1858 184
1204 1426
1942 128
1144 83
39 1537
1084 1761
1646 1138
586 1036
583 1092
641 197
1104 1397
1178 996
459 430
978 1362
645 1441
436 1250
1574 846
1687 549
553 878
1302 525
557 570
405 701
744 223
1991 161
1541 1440
20 1672
91 936
882 117
406 14
183 774
1608 47
1278 1007
1227 1375
1195 457
704 1516
1663 1196
26 648
962 1964
263 849
1433 1066
487 1611
1658 1324
1347 1551
1220 1287
1895 757
1307 1396
1132 571
376 1980
249 434
138 653
1558 911
1263 1919
1212 1231
1844 232
156 825
1466 1138
269 246
566 884
1673 448
1385 1122
996 316
1842 641
1034 1313
233 1845
579 1400
851 1535
925 924
1324 1305
572 215
1622 1977
978 730
801 970
67 777
654 584
394 1367
138 1611
680 80
1258 1252
1076 726
1809 1767
288 1113
867 562
1032 1812
497 307
1327 839
617 580
889 175
709 124
1668 897
1890 562
73 22
708 956
1428 605
1605 379
759 1179
999 1928
247 1959
1333 856
1594 1268
1277 1318
1421 120
1328 360
1053 1141
721 1524
373 1673
1155 1513
1703 927
290 111
207 1274
389 265
1000 1816
1850 1440
896 115
700 1097
1984 1938
202 206
870 1741
568 1579
1965 1659
713 518
384 1506
1142 1045
554 1538
275 479
1728 1486
1483 1667
511 1939
1144 1657
85 1142
1284 1260
41 1810
1257 1726
1556 1796
1425 782
1769 797
384 374
1733 1964
916 1106
66 74
1825 1091
1562 516
1913 1044
89 775
1936 1069
616 1976
75 47
1548 1946
1640 1867
1128 127
1453 1798
701 1761
1386 1339
284 219
409 933
272 1447
1231 1201
701 134
1492 631
959 594
1558 794
1840 1335
1023 1627
664 584
305 212
11 1455
385 1423
1763 869
566 963
1272 840
795 1755
760 1564
1706 49
1205 1308
264 1653
1281 274
1004 991
1124 1356
960 93
1755 630
1920 950
1807 693
586 11
399 1278
459 1443
1080 1380
1773 358
505 737
1501 931
124 1101
1639 637
157 810
1747 1291
1418 1321
818 377
1207 1437
592 1378
398 1453
495 875
1954 1058
1308 1687
1675 1552
1968 614
1799 1230
259 1782
718 1434
1958 629
1216 1702
1340 308
955 286
1895 1782
1470 1273
341 1423
1125 395
422 668
1328 227
1678 711
961 1042
1030 1483
308 1647
1082 920
1770 963
149 429
866 1169
119 403
666 1910
424 1397
368 605
919 802
169 1328
1479 885
1850 1403
1741 1983
1269 1138
1135 1271
111 364
685 589
600 1479
1497 1663
586 1830
966 1273
1653 552
473 39
952 1688
1095 1643
528 1267
159 1183
1021 1478
129 1112
73 1038
85 1815
444 1443
1687 1492
1334 612
1816 227
640 656
1737 87
868 478
1521 1736
112 952
1633 1014
23 476
1619 1351
1880 581
1400 1423
363 1915
824 1527
1379 1207
1194 1833
759 1785
740 615
1884 1028
341 1692
1448 352
1231 671
221 438
1953 1413
1770 1883
795 459
1883 1640
1945 89
1466 780
68 1995
159 1199
594 579
114 1209
746 646
1647 608
68 430
1426 442
347 1649
1894 727
471 1295
794 48
1792 1911
265 1632
990 1888
148 501
1893 881
269 66
1734 191
173 102
1515 247
1084 1844
505 622
180 774
1316 1752
1000 1889
1647 1004
666 153
811 1424
763 1175
887 320
357 874
1563 1678
412 1149
1022 1774
147 1572
1436 1128
497 1347
1152 607
1980 1645
52 1647
197 898
1009 1668
1548 917
404 774
259 1379
58 326
1580 1542
1033 1705
633 1043
1986 813
457 702
1347 893
171 504
1302 1164
1169 945
1688 607
1506 1222
1434 552
42 728
131 1226
1667 1323
64 1255
209 1922
163 765
94 659
1145 707
594 1739
1477 516
1173 1583
816 847
181 961
1034 83
460 184
926 1777
598 1906
1836 476
1306 1139
243 1020
1292 1026
593 1985
1956 1257
1707 1982
503 363
1462 1690
322 1700
1215 118
629 1253
1333 257
1339 381
641 1025
1676 1135
1715 1011
495 1908
1422 423
1021 992
1816 366
1468 1569
1569 10
225 1789
836 1483
490 651
1391 631
109 931
607 164
517 332
704 1869
770 1901
1193 1497
501 9
1121 764
298 1129
1056 129
284 1412
1206 951
415 494
1912 243
1985 4
608 1388
795 324
1318 1557
1258 1274
654 393
1890 155
1769 777
494 336
806 1604
511 454
1989 709
1604 1818
566 880
264 1899
1186 1534
1048 815
1135 1985
1486 367
137 920
1015 1991
851 1822
568 1492
114 425
857 1725
1130 806
851 187
1575 1138
528 246
1178 80
1450 1245
1688 132
645 1149
1881 535
991 595
1357 1912
1335 1571
1487 1571
663 905
850 912
543 439
910 974
582 603
1633 1803
1509 667
1783 1337
222 1114
981 1467
1639 465
909 1434
19 1880
973 1811
65 1002
1593 1238
1960 591
1005 1862
1231 1688
1056 1940
1328 1929
1473 1232
1404 892
489 1207
929 50
50 1085
751 775
373 1590
1982 1395
461 1801
987 1410
562 884
1480 1743
656 1189
1046 1877
859 430
1583 1529
1531 939
1502 1246
1825 1841
1472 1031
1352 765
1887 535
86 221
1596 1344
1889 1482
1269 1356
1995 576
1824 1371
1955 923
1312 1583
1741 206
586 1616
1854 311
1893 275
480 1643
1275 68
543 1130
1849 149
277 1732
1065 1670
1941 1645
1342 1926
1249 1077
1127 1344
1235 1030
117 283
779 808
1845 1620
1708 1299
910 1862
1726 92
970 213
1899 1656
1751 1787
1184 99
1993 1063
1726 1787
834 87
342 845
1195 1573
1525 310
614 639
1241 231
1520 410
859 263
1234 1448
1107 714
5 1090
1245 296
1706 330
1390 1971
248 688
1067 1532
327 1671
163 1790
265 1406
1663 1082
410 369
707 1533
1535 35
126 7
239 492
276 346
211 1069
282 936
852 1685
1539 1015
1578 915
1502 459
1709 1895
1509 1621
137 517
706 1070
134 1615
983 850
268 1621
1787 760
1437 649
60 1495
194 577
493 741
240 1807
532 1605
1381 1020
1526 1791
815 1881
1058 433
1849 1450
673 917
659 614
899 1463
1913 819
1274 767
1348 26
1104 1863
1101 382
1998 244
1668 1020
1287 1711
349 849
882 1294
1025 1718
102 555
185 461
962 239
1185 438
263 662
344 1706
1208 1343
1008 625
994 572
1035 318
761 799
959 238
1441 123
177 1186
654 1420
290 899
163 1427
848 153
1622 1345
686 1053
781 587
1045 1967
626 482
1788 220
1825 78
92 950
167 1781
674 620
531 1655
864 1825
16 880
56 299
200 1108
593 516
1935 54
869 1140
653 738
837 1393
1335 1174
1257 1162
1016 688
446 564
505 21
251 1545
161 865
539 116
1457 713
800 1716
320 1934
1595 1980
1247 1776
525 1854
112 288
705 1737
1009 339
1072 997
889 104
391 296
513 1730
785 357
310 1688
1504 1094
132 1476
828 1833
1972 510
690 474
1274 1570
1686 548
1873 1123
1499 1060
1693 1304
742 1057
443 150
1591 761
856 1385
1531 759
620 942
1319 922
1226 1831
348 233
721 1333
776 1413
290 174
163 132
1458 291
1325 406
1198 92
919 1605
1862 71
728 1234
1650 1145
253 1737
1742 537
1191 1325
859 780
642 810
1656 1454
441 1647
1308 1737
360 1657
805 1343
720 485
646 1021
1932 690
81 29
1649 1024
132 1289
858 383
1704 1722
636 312
484 61
1994 520
989 1032
1487 1849
1182 1021
426 114
857 430
677 763
748 1117
1304 107
552 1264
1449 1030
1274 1305
1147 1565
1753 976
211 1385
1170 556
1866 721
1871 1364
1082 160
824 144
1174 752
1732 186
1626 1957
999 1361
1520 1592
323 1572
1176 468
1485 374
97 707
1124 936
675 1320
76 1663
1028 236
788 1545
493 765
1473 263
1770 1559
979 1950
1925 1827
1869 417
94 1903
1159 1263
1585 618
647 1435
919 342
649 854
1919 1051
529 504
508 644
506 235
1193 785
492 1994
190 1398
1822 760
711 1302
1868 110
1614 1662
158 189
1875 1338
399 1343
685 1542
1842 1405
1908 1372
212 1627
1944 1217
1464 1931
1761 1163
219 668
1090 861
975 205
1436 369
1129 993
212 1603
1221 1809
1461 802
1927 793
1427 425
204 1419
1147 645
444 506
963 1690
836 916
343 543
469 793
1638 713
1095 1710
1693 520
1133 1295
335 832
528 411
1595 237
1089 1897
185 623
1013 1457
828 711
128 1400
1823 688
1035 732
115 155
1510 958
1042 1264
1293 668
961 1491
1258 1627
1327 929
297 1287
631 1796
1904 1296
1592 946
1149 1939
89 1765
361 136
1815 913
626 900
1502 701
206 864
1628 1575
937 1288
1762 593
1105 818
1716 1910
176 1726
1022 1917
785 442
918 197
1581 1832
99 762
1491 51
787 1428
350 969
735 791
1406 1878
680 960
470 1554
1334 807
804 790
767 179
1050 1510
1359 656
995 133
1644 408
84 1644
1670 1642
771 1652
701 1719
252 888
1767 687
1428 1970
1121 1440
1960 1424
1093 970
133 1465
544 25
1231 207
661 906
613 1237
580 470
769 1081
453 1584
1989 1297
61 223
1440 946
1647 417
1516 229
799 116
1473 1539
1396 1459
718 675
1956 1597
1476 1063
201 85
611 926
1974 1417
1886 197
1780 1352
16 110
1761 1280
785 1508
1867 168
267 447
1247 1518
910 1703
110 749
1620 352
1883 157
481 1347
1239 1126
1562 473
625 1232
278 1464
8 1164
1758 1929
616 1109
1513 1769
139 86
1294 1125
1301 292
916 1798
224 862
496 1235
59 102
1598 1953
929 1753
1485 664
934 1894
786 1213
1643 995
392 521
1351 1267
841 594
809 1240
1418 1732
479 924
1874 649
1756 164
1850 1661
1320 512
24 195
361 12
1935 1924
1317 1533
199 418
812 144
752 764
1471 1219
159 1217
553 526
1445 985
477 574
481 1495
1627 460
484 1358
1295 924
13 956
931 1161
1652 1961
1668 1974
578 1966
710 627
981 111
1082 1978
766 1443
1548 1095
359 205
1891 1428
876 783
1917 1696
1283 1159
572 1316
1372 1799
588 790
1782 1246
379 496
694 1946
530 1947
824 611
507 710
1840 1180
76 1381
290 1056
777 1886
207 265
580 1217
1201 64
1798 1317
101 551
693 1518
529 1669
1731 1858
1272 669
442 506
315 1912
61 340
1000 1440
1350 320
706 1614
536 1794
1269 1840
61 1785
1970 373
1187 53
646 1135
427 1191
1797 1508
1882 742
853 1768
844 812
528 694
1370 1032
67 553
1886 48
378 1450
251 1960
1469 1988
901 1686
553 1926
1849 1118
887 1279
1369 1636
1210 1568
931 1
800 1452
1528 195
1126 1720
555 463
1848 1526
1998 936
7 1704
1968 715
570 1550
1751 816
1705 170
1170 1029
1315 116
2000 1340
842 654
513 462
955 357
1679 1412
727 1933
587 655
499 1835
1520 1105
1561 285
1086 1280
230 622
1094 1572
1162 368
1180 1257
1699 427
1572 187
874 1490
1351 868
138 152
1155 1161
839 1936
454 694
184 1846
350 1494
517 956
1041 1350
763 1735
1578 1127
1287 72
1378 949
1431 1981
368 642
1952 652
460 114
1774 719
799 1207
1516 843
118 1798
1027 1104
1444 1812
1709 800
593 456
1507 673
540 753
120 1894
1338 1686
1022 1175
752 631
1033 336
92 1300
39 319
1976 352
1192 1359
325 606
1141 884
1574 1600
1242 233
1002 1070
378 1824
610 879
829 463
665 1174
375 1913
1025 1250
63 1643
981 244
1336 989
1410 1468
437 1110
40 224
1785 1030
1917 1845
1778 201
2000 1006
1121 714
1054 1158
1146 879
1492 855
1439 968
62 544
1478 870
1939 272
1208 262
32 1011
1252 1819
454 318
297 497
722 374
1019 1448
686 1609
1392 114
1466 729
933 292
1262 1970
700 17
1078 31
559 350
90 1400
1288 1704
1269 133
1709 1960
1218 1605
1585 223
894 1243
1935 538
1792 1820
1338 526
1022 1007
699 472
908 1920
1130 1004
653 1755
1312 625
1222 1940
936 1807
1817 724
420 1858
1178 102
205 256
1901 637
539 1568
1026 574
452 1587
397 666
772 1166
1817 345
1129 1725
133 692
1290 1339
1239 1804
1355 1071
1562 51
1410 292
737 1780
236 1237
95 1170
203 215
1133 1902
1278 105
621 922
2000 695
628 1610
1008 1045
116 1382
310 1150
1674 651
733 701
150 1275
867 1655
618 1274
523 291
1042 1873
1113 1031
1632 17
1155 1138
235 1281
1535 1912
1560 1986
113 1539
1950 487
1512 143
1000 419
1701 1271
947 604
859 376
366 1988
769 528
1502 1026
536 773
1232 1570
1343 26
764 1789
1975 1333
1919 1879
1956 931
1760 1518
1836 393
958 1691
478 1985
918 1058
1882 251
77 680
1015 234
88 827
1530 554
895 528
826 1129
1930 341
1847 1260
456 1389
233 1431
913 207
1729 757
1945 1207
811 1576
1544 1726
1267 675
861 1358
1126 1242
1500 799
1061 1605
909 1825
1456 1885
1273 1767
1993 906
1760 907
634 1835
418 568
1414 1242
224 375
701 1019
1623 1636
867 463
196 741
468 386
929 1264
1028 132
1535 21
1005 1034
1281 1524
661 1742
43 1771
873 1704
1938 430
1742 856
1615 1738
1103 998
1963 769
1825 1052
1822 1220
799 1813
1743 709
600 415
487 339
1105 646
863 1170
346 1783
960 1363
1529 294
1969 1537
1710 787
985 768
895 1805
148 1896
1729 1661
1178 237
1400 563
1842 180
1694 1197
742 228
191 1894
673 995
767 563
73 515
1593 1686
299 193
1221 858
1260 1008
1689 136
1001 783
292 1182
225 1109
8 557
755 1573
1474 409
1114 944
508 1619
747 1005
784 1905
1358 1855
76 27
1093 1286
266 1256
64 1415
694 1395
214 1929
1671 415
1074 1269
1240 757
1502 1465
1000 302
1041 1064
1173 1807
801 1943
1818 992
1011 686
227 127
932 1434
1974 1872
1896 47
1873 1433
1363 1970
1889 954
1338 1952
858 1718
625 225
1766 724
611 82
173 627
890 7
1494 177
1014 1729
325 840
1567 914
673 1264
230 767
444 1814
1840 530
1166 336
292 22
1401 354
405 1745
1608 976
232 1007
1813 1391
469 730
1910 173
1328 1350
644 722
1442 1303
65 1573
363 1556
1301 720
1955 1677
879 964
312 1974
1658 173
1036 1528
1379 388
867 632
247 1214
1599 469
980 313
1042 844
1446 1350
839 518
878 1112
1434 34
613 1785
885 324
334 506
1611 174
1480 700
1191 827
1941 1788
1040 1199
627 1412
1692 182
1431 1492
1382 150
1255 924
10 246
1352 325
1792 1250
1299 830
1407 289
17 1234
1250 1660
1529 691
872 746
300 371
826 1484
583 1968
1198 1295
1711 689
703 831
1547 688
1076 1111
394 331
1482 1450
735 1774
1037 1200
1934 1158
1380 1485
320 683
1514 1883
515 926
836 355
1544 1244
1816 1889
1500 1818
486 785
236 1475
919 613
835 1174
476 290
1940 130
1020 119
824 218
1928 1086
247 38
1626 1477
1997 64
90 367
1655 1968
1434 858
1691 1946
1632 295
55 1280
22 1439
222 1499
1258 649
262 1422
156 901
656 1093
1731 1686
474 1760
61 371
245 638
1825 17
24 1327
1811 482
838 312
1320 1607
983 1953
894 1069
328 1125
238 744
831 1153
478 187
1589 89
1331 841
653 845
863 1323
551 1650
1856 1996
632 1486
946 1916
1314 1496
1425 141
579 1215
899 98
629 495
1722 1024
1002 1935
1344 1990
1728 1445
1624 1685
564 1233
1645 1640
1587 199
1605 1906
854 1198
1612 658
1354 110
602 1227
655 1863
40 1980
1637 1313
1049 1800
1605 471
1644 3
1386 287
747 331
1706 1642
1782 145
1671 1432
461 1009
758 585
1865 203
472 1889
1060 35
1131 1813
606 895
1392 1555
1408 1832
1565 1050
1233 1553
529 702
86 1317
623 1542
93 535
1804 49
1550 1589
264 529
1047 496
1038 841
506 972
565 1465
1158 1906
238 511
111 119
526 760
1494 1294
586 1071
1063 1587
1817 59
287 749
1455 837
1127 424
1918 397
1839 1767
304 209
1337 1886
1857 1424
1157 587
521 1334
147 26
1754 521
331 1661
843 690
675 1228
575 75
1170 601
1410 1256
1119 526
367 1999
1892 1765
1308 719
701 1677
1903 1970
1884 442
1372 1734
1107 1087
594 814
150 1560
1752 1116
1180 1757
1757 1033
157 1332
1611 1187
1872 97
807 1374
221 653
170 733
410 1900
1710 1264
1555 1551
1385 1091
1804 1465
1592 143
1078 1134
40 1889
1684 743
859 1188
1534 1104
1596 1083
395 1333
1585 1146
1836 1002
365 767
460 1065
1382 1328
1255 1538
1527 313
1791 412
950 1626
1871 1394
252 1483
953 920
1442 554
1075 1467
1109 1993
1830 1713
307 1815
1044 1892
1305 1628
200 1465
539 1940
59 1646
1687 49
509 310
772 1498
1934 1760
1401 116
1253 1531
1758 88
902 1800
1672 1959
607 690
8 1270
280 891
1594 1852
1278 317
1294 1542
1391 1542
1499 1988
1640 1042
143 1508
1259 144
352 1873
450 422
436 757
1321 629
33 727
777 535
1452 1605
1958 587
1745 1498
1244 1959
534 365
1622 820
1491 1842
1306 1750
262 1000
131 1423
1138 1541
287 591
1124 1648
603 744
167 933
1954 86
561 922
1654 1184
328 515
74 1515
1490 793
738 1106
1098 1510
1937 1374
1338 1609
212 469
473 443
1584 149
219 1707
760 1421
60 749
1164 553
445 805
1425 751
1784 553
952 71
1007 675
313 403
1037 1498
1733 1933
1701 947
1221 697
491 1195
1799 1721
1708 1937
1816 119
1394 95
1032 550
977 1393
1587 1224
1613 1804
796 1675
1928 1748
1036 1253
1453 1895
690 1577
1884 525
1268 48
1409 705
1785 860
1878 1384
934 164
1231 1174
1805 1123
228 1999
265 579
1734 812
1756 1795
1655 227
1586 806
57 737
901 1590
1307 1012
961 843
1056 8
417 917
1117 1980
142 426
1987 1910
385 211
1343 558
1237 55
481 46
601 1657
142 1793
1027 1833
511 1634
134 1225
1614 1822
1377 301
201 8
383 272
1374 402
1469 1946
1766 1936
629 249
975 493
484 1544
1537 1082
67 68
622 1906
1146 605
608 331
1228 723
1528 141
1379 799
45 169
731 253
158 856
52 1787
1633 1538
1507 1081
222 1347
1977 550
1633 175
58 199
5 1628
1082 386
1537 256
374 1301
1991 23
1100 783
1783 1790
1245 210
90 852
1711 1881
1782 1019
1565 927
443 1964
565 1476
885 675
523 96
1039 1128
362 1204
380 45
1466 16
207 1068
479 971
1258 222
686 671
100 1768
1466 1719
787 1560
757 1802
831 55
926 1637
174 1294
731 1317
1755 1759
1384 1838
1135 997
144 1325
1889 1729
950 1096
56 169
1090 151
1509 1017
780 1449
1925 1012
1672 724
1192 798
1769 1744
844 17
71 1599
1265 1150
1058 955
763 1955
48 908
585 1275
989 1469
1911 1962
1323 69
1181 938
1588 511
48 1079
1885 1973
1719 547
1228 510
1401 918
792 682
1036 1013
1993 1326
1479 207
1394 1657
977 238
771 276
1871 1734
810 306
1605 1369
1877 1700
374 413
1958 443
819 1452
283 1565
784 1357
1658 1625
1049 1527
1358 1387
627 799
449 309
1558 1200
1872 855
108 216
229 99
1713 1493
1858 150
1055 1347
1238 1448
1150 868
373 204
707 1252
1101 237
1408 1281
442 343
1793 1486
746 761
1636 1722
1861 744
475 1754
199 1489
510 1506
478 536
579 248
1040 1995
1004 1300
1925 608
1603 1088
148 404
957 389
791 354
49 1941
1704 989
1780 1640
855 1915
1268 772
521 999
1842 119
1164 79
387 1017
528 1989
1062 1642
73 732
91 1543
387 1106
1380 1049
230 1590
1740 1085
762 1744
250 940
303 1178
1813 1683
1140 493
1627 320
1926 1170
1216 437
810 1226
335 757
1633 36
1121 264
1047 992
1199 1322
1386 1020
390 133
1688 958
1012 1322
1012 1598
1572 272
1883 1521
759 65
340 1346
1053 645
901 424
631 441
1915 1984
21 974
410 1365
1592 1053
1276 1566
566 268
1836 1880
760 1241
1558 587
428 1105
245 1451
1776 1177
838 908
1071 705
1835 850
1070 1023
1384 2
208 799
1017 1459
1280 333
1545 471
1824 650
480 1791
1515 1977
943 304
1097 780
217 51
532 601
274 313
1457 960
1528 1168
227 1544
463 927
357 1464
1514 1455
1853 610
640 970
571 862
398 1006
1304 1633
1214 36
723 523
1076 342
569 853
400 254
1242 122
810 441
617 1770
1049 1148
1146 184
150 1977
634 404
1318 319
1155 180
1819 205
1671 868
1023 1814
295 805
1897 1297
1883 1730
415 1824
1005 1088
36 135
1171 225
1855 1640
1712 1002
1823 658
1092 1704
598 773
1389 518
234 24
75 1044
241 876
1847 165
1343 984
1571 1626
856 379
1661 1869
448 598
1004 1167
1264 880
268 1985
346 1853
351 1904
1955 1468
837 341
1454 626
1160 1190
483 1818
1854 267
1256 1123
1577 1723
484 294
546 297
185 1165
1823 1407
1267 1637
1860 986
1391 1972
193 1436
1631 693
52 465
1140 112
596 1046
1435 1838
1933 995
232 1793
785 1345
12 691
1852 661
1842 1119
455 1925
1128 679
556 944
369 1584
999 1096
482 37
1333 280
620 1071
1983 1778
1524 757
528 1005
1599 54
355 926
1978 990
654 1504
527 1554
1273 738
790 520
599 1540
209 453
535 565
1858 642
1040 1474
1624 1017
873 1483
121 1582
822 271
568 107
416 1000
1530 333
1709 704
333 1089
444 76
907 1470
1183 681
1017 1336
964 849
969 720
121 1833
1303 1588
1923 1417
60 270
666 1223
1136 1292
334 921
159 1642
251 413
749 374
1247 139
113 1704
1526 854
1609 1506
55 1681
1849 1619
1701 466
670 790
648 1718
1130 1759
1631 1485
52 585
550 504
165 854
663 187
1401 680
1714 1419
1115 976
524 1487
1820 637
1686 1069
1507 1600
1842 1227
1619 1341
1329 532
356 1402
669 1399
1017 828
72 945
1330 1353
1340 140
789 1650
443 58
1307 1793
1863 224
94 1733
1648 1286
1960 257
1319 1030
1558 1370
1023 1947
258 365
468 140
871 107
319 1969
87 1752
359 1879
1642 202
908 1562
234 143
967 1541
1656 1346
188 1504
1458 820
1649 527
877 1292
1137 1907
1614 1279
815 59
1197 217
1702 1982
1063 1776
911 1607
1395 224
420 1058
558 1800
1027 1763
431 930
1189 1414
886 1791
568 764
509 746
571 1875
388 1278
1860 845
1580 525
1899 737
1973 618
459 614
691 790
778 1911
1521 539
1253 420
596 921
1096 97
12 806
1637 1786
1679 553
277 1478
614 116
1132 1526
803 1198
191 935
948 1933
1807 676
90 437
1107 1532
754 108
1194 1745
1794 1268
1314 266
1421 423
1099 1876
1560 1762
1067 206
1657 1698
1673 1925
403 641
1071 1498
1904 1937
739 1688
156 95
1125 1074
1749 535
1071 639
1931 758
1804 1400
24 1785
921 1133
449 1576
1634 202
1858 289
965 608
231 1910
1963 153
1656 597
1377 1076
625 1839
333 1526
764 1854
416 1294
805 88
1748 1984
1268 1162
394 1033
1768 813
615 710
523 534
737 679
1021 683
624 155
1304 1911
1454 297
1936 600
1555 254
1511 1780
1180 1648
1668 39
912 48
621 1602
1322 1639
1853 506
1608 1440
1271 942
955 1606
1096 660
281 1778
999 69
766 336
1873 1100
51 1549
312 1803
1833 968
1877 344
1589 453
1644 53
1386 453
724 256
853 896
1282 136
329 474
1321 438
1125 888
1471 844
1238 1097
403 1529
265 1540
1039 1316
1263 750
144 1747
661 1966
1159 995
626 1421
1553 156
301 847
1324 1428
1818 8
1495 1166
1433 46
837 1992
1624 343
264 1910
1458 683
287 1377
681 1454
533 85
1801 1741
1091 727
175 689
1900 531
876 1003
1305 149
1736 879
371 725
9 378
1388 1186
230 90
744 1549
1507 1375
438 1809
698 374
592 797
1235 581
663 1204
1900 109
1798 997
1668 1215
1267 212
597 636
1177 1788
1947 992
1608 56
1216 1265
95 920
556 670
722 690
229 1430
1718 988
139 1138
1598 550
1319 3
934 487
145 1609
1761 1445
23 1756
816 1410
541 1963
1231 936
1233 343
1012 882
1823 1536
1480 1028
283 32
569 1771
1742 1776
1614 1084
642 1205
536 688
1364 1662
156 1461
1463 1914
1264 1774
217 8
1384 995
1935 920
1940 1098
1045 1430
713 1685
35 481
1430 720
1144 1359
1236 295
1654 82
332 1809
830 528
300 523
963 633
394 1212
823 505
1930 1119
1872 1073
1984 1333
779 639
1097 1992
1799 1265
749 1221
1634 801
1482 50
1620 508
1392 89
1129 1343
426 832
1714 1717
1115 1276
1633 1347
1682 77
665 229
370 549
1693 1102
1978 1867
1658 397
1506 910
1202 1707
999 1635
1441 1049
1409 1815
1282 31
860 55
1194 858
1964 1363
316 1109
1897 1904
1565 889
530 1023
177 365
1535 510
682 706
1230 1596
922 1909
1756 816
410 982
827 1968
914 1181
315 1156
1200 922
522 250
1255 892
1153 1752
805 1093
1822 462
1792 877
1370 393
1494 1363
1712 1561
1298 1094
473 321
992 1247
1663 1852
1842 1547
191 203
1142 714
1542 1864
247 1603
1302 1521
1196 140
575 1631
133 78
652 1010
470 1597
285 771
1940 1871
1839 879
1 1524
671 814
575 422
386 1158
1885 1277
504 647
949 1921
330 588
1287 517
1400 749
1796 1991
215 1701
430 608
432 895
1328 1481
131 1655
1992 544
689 1025
1446 1877
1282 1770
1300 615
45 327
1985 297
880 1716
631 877
1311 1185
216 1992
1318 71
1636 198
954 1850
202 39
1219 1258
668 1660
1018 197
1712 1113
1684 1239
1977 1355
745 1044
141 281
1579 773
1824 166
1893 1096
1141 499
285 1791
477 306
284 603
140 934
830 1501
419 233
1731 606
684 683
331 981
1152 765
911 494
1816 1300
518 227
589 610
1147 1112
1933 175
1170 1521
266 239
1686 1001
331 1377
1873 694
30 1648
436 1327
614 1754
849 270
490 1421
411 1367
1757 476
1404 1188
512 378
1208 903
973 97
1086 1204
1507 1449
1995 1887
242 881
650 472
1042 1094
302 1071
301 585
290 475
1657 329
1583 689
650 1919
458 1643
1343 1896
581 1328
1957 1200
1213 1313
1408 211
89 1619
142 711
15 383
199 1822
803 1750
1472 1322
1701 1585
1474 1635
47 590
1317 1438
1232 390
1303 863
939 72
1900 889
120 1786
503 9
872 401
1268 1779
92 1376
1185 129
1464 456
1482 1073
1051 1784
147 194
331 1885
1846 1865
34 1228
1779 150
1196 1386
20 1935
716 156
956 723
1417 71
1608 302
762 814
504 530
545 780
1373 1310
134 1951
570 681
822 1776
1342 570
1054 671
342 1377
1870 541
277 762
83 327
689 1470
1743 1898
1738 948
1671 933
258 217
64 104
562 299
389 1309
979 1621
548 1770
1413 1322
239 697
1704 1326
121 218
137 1373
838 87
1984 361
220 1818
1065 1239
1199 910
1490 1866
1787 1952
1516 1570
1977 1232
877 1112
1137 391
315 1429
992 210
420 347
738 458
364 644
1974 1767
406 1721
1955 662
172 1767
1122 279
1881 1294
923 1382
408 1366
61 1083
748 1941
1029 842
1359 215
1354 501
655 1512
1488 1615
937 991
1227 1428
284 594
397 845
1081 1796
530 1026
1506 1087
1840 259
55 573
1471 751
1238 750
987 1790
507 392
1360 664
1678 1238
922 1103
119 287
488 459
1887 1488
1251 1758
75 349
1894 436
315 1450
16 1856
1472 1445
1737 511
1977 328
506 307
1517 575
1300 166
831 1543
1716 1571
1722 1457
173 1157
1317 952
699 1137
1893 117
205 1588
703 309
1185 30
880 1907
1577 780
604 1074
99 1841
387 148
1733 1709
1533 1163
230 1012
45 1116
603 1566
1304 1579
1601 1323
1486 983
1182 1816
1209 65
983 1722
451 886
236 428
1089 196
847 764
817 1593
1156 1794
1248 1891
1776 1010
1745 748
1679 1782
277 399
719 1730
83 464
228 1839
175 288
1427 517
1547 1056
1636 261
1275 203
689 976
955 989
209 1166
1131 1683
1300 1168
170 1479
442 288
1788 1559
567 1441
82 251
601 1817
1350 30
213 703
1407 1975
1984 484
1345 702
1370 1012
1634 82
61 929
1377 13
1363 78
1109 1726
227 393
378 1360
855 1990
1180 280
1276 1369
553 1644
1381 606
1842 32
1761 938
1785 915
1648 287
1533 371
1348 1733
198 1066
910 1432
356 1900
218 1448
22 1346
670 1860
543 478
1342 118
910 1015
31 266
1574 1640
1465 835
734 1359
1036 333
1308 1514
690 913
1947 1603
1535 580
676 588
1619 204
183 1522
259 848
1771 505
369 1646
263 1375
323 345
892 1694
643 1194
242 155
228 474
1150 1873
1166 1050
1390 800
1724 1536
643 775
516 1567
978 1591
149 1710
1680 742
1812 1879
1920 149
227 1654
1618 1634
1984 1388
653 750
1677 1799
1571 796
1919 1908
1714 1107
801 320
252 678
1981 1137
1949 135
1091 163
939 446
1882 218
1129 11
618 883
413 1547
1769 1520
971 97
240 245
477 1412
458 1473
1577 1017
1953 1285
92 977
553 321
1344 628
1599 1796
703 1875
265 1167
85 1544
711 23
1242 351
198 1817
285 1378
624 986
440 1441
318 333
1606 1423
6 1424
444 197
63 1853
1209 1791
1686 1147
1354 1520
1746 814
370 1009
222 854
1386 1953
634 1866
201 1422
150 2
1794 575
249 837
512 851
403 1078
1113 373
50 769
1996 1544
1800 355
1731 1049
297 1076
1219 1357
647 1996
653 922
852 382
725 1768
1943 1684
1596 1569
449 436
1091 1083
245 595
579 1903
1275 1646
681 1263
1646 1306
141 1117
1923 285
1160 1051
420 1044
1930 611
553 1753
1874 1633
1049 1409
1715 1951
371 914
1224 1184
1330 387
546 370
489 2
1344 1351
1267 1592
1670 402
1454 992
1422 1838
912 1415
1573 1575
1355 250
893 267
755 1538
312 66
1771 626
1864 1099
1024 439
83 1493
215 1412
1688 862
32 1557
860 747
1759 235
385 827
545 1457
1009 570
270 1882
89 1899
1535 1922
514 403
991 160
424 698
573 1339
1590 244
940 636
1819 782
142 36
368 471
1717 1827
439 1166
1901 882
1223 394
983 1997
252 569
1161 1913
241 1476
1615 1663
611 1750
1829 1638
424 1877
1773 1636
1764 728
750 1351
1614 408
1383 711
992 651
844 356
1861 1429
303 664
1556 273
1256 1282
307 1566
842 556
288 470
256 1312
1010 1507
945 309
78 1523
1648 701
644 2000
179 876
521 1644
199 539
917 550
635 1719
1689 1406
1061 1771
1506 725
243 1742
1679 363
531 1037
301 617
1693 1295
457 172
1780 1366
886 1987
888 392
392 1217
1978 1059
1977 1216
55 20
1941 1046
1916 1071
1277 611
214 703
366 1002
1383 1935
43 1605
760 49
1131 482
1774 1400
107 570
1365 1928
1530 1456
42 1187
1832 1658
1781 1721
916 1636
1741 1058
1285 848
365 1763
791 1751
1040 193
1349 345
64 368
1298 1161
1653 139
399 174
1384 1092
560 38
800 533
357 272
150 148
622 356
532 84
230 1421
391 587
1243 1307
1802 1855
829 519
1645 781
741 532
1283 1278
1559 1673
1873 130
1799 158
588 1630
1877 1062
1421 852
1114 230
1024 2
676 1821
784 1995
590 502
770 1170
1895 646
991 1968
1404 99
1321 361
1910 1161
1978 830
675 1331
4 33
774 1605
1166 843
1408 655
880 414
329 488
806 106
24 1294
873 1259
1252 194
515 708
845 1141
1550 924
1665 1626
307 270
1430 558
346 1320
1679 1197
1697 361
597 945
1955 1969
731 1507
574 1824
1962 927
1254 1021
1894 980
117 28
28 1264
1809 1588
140 101
1482 248
306 381
110 847
931 14
1765 1723
670 1453
211 456
462 1564
804 1895
1834 484
661 1913
455 813
1308 1987
614 382
598 1291
1114 1950
70 1752
356 1762
1044 1216
457 985
117 1333
457 1386
959 1266
1748 1241
1878 1718
860 73
1305 1984
1639 837
187 234
728 1222
246 1404
567 1702
1028 1972
548 318
1046 21
163 792
1477 231
841 1449
848 1177
1230 161
1433 961
1804 208
1550 1556
137 262
1711 375
197 953
31 1593
26 1338
634 1734
1263 749
653 1179
360 104
307 611
1432 54
1851 861
920 970
313 1930
67 1615
1849 683
159 1127
1669 1520
103 865
1639 1670
1874 942
1489 84
1475 9
436 1868
1493 1360
1212 785
1689 323
1362 1345
153 259
1555 614
1610 131
909 1808
1651 1829
1968 1569
1799 275
1456 1301
1329 1049
577 1884
464 627
687 1519
450 698
517 1668
919 1501
1107 1244
1082 344
828 81
1992 1214
1805 1039
1354 453
1245 822
657 821
1126 1887
1088 1791
1397 619
1800 1425
152 1419
449 591
1498 1491
1424 865
50 470
57 1042
1677 1190
835 451
1154 921
414 1950
1530 1874
808 820
1080 1565
1331 51
1098 746
533 701
420 410
519 1022
332 1918
1237 1101
14 1218
628 207
1962 770
823 260
1890 585
1110 1375
1224 1451
1574 447
376 547
767 251
593 1540
790 38
1129 1490
1417 1816
66 1796
762 473
391 41
624 1766
25 1395
621 1378
1910 406
1398 698
1917 1418
556 1747
1133 1435
981 1246
1386 1550
909 573
1467 1023
1878 1518
1679 1242
658 1932
1460 1388
104 653
1644 1289
966 577
1655 1527
508 93
1615 319
1938 851
1724 1868
163 901
1240 1213
479 935
1788 1099
283 1752
852 1823
264 1280
1763 1067
142 525
1781 318
1502 817
114 252
121 1192
282 1196
1537 1593
1797 1694
845 1687
1603 1731
720 228
1843 1136
918 1393
749 1539
1109 1122
1269 557
964 471
14 1914
1356 977
1192 882
480 1416
1090 1905
1222 942
212 567
159 1256
1443 515
1768 288
975 1354
1076 359
45 1949
577 1448
1913 1238
91 611
133 1630
709 811
1421 1241
1050 1001
153 673
1278 1139
1114 496
285 1969
72 1295
1986 1808
1782 1271
1162 938
708 1252
157 1130
726 869
1724 1076
1023 1561
1074 707
749 1509
1175 1221
1650 448
1799 1469
906 337
884 1376
48 681
1737 1072
245 1834
1817 1605
511 1539
1564 39
1582 1448
1529 769
1292 674
1552 1163
282 443
1894 388
1582 583
148 544
219 1328
939 1399
81 515
1040 282
1052 1105
895 1662
307 1217
1192 101
684 1044
1057 377
1051 954
1821 673
528 1961
1828 338
1134 1081
103 263
1519 513
509 108
1641 1323
1069 818
1765 1493
956 429
829 1689
665 1960
45 138
393 168
1795 184
1043 831
695 112
1104 1419
1428 934
771 1533
127 1507
178 1434
1679 1455
1289 1068
941 353
1078 138
1282 319
754 1774
1252 625
1220 1851
1093 1587
1738 1684
1459 845
290 292
1763 1850
1774 1177
529 1409
1502 956
220 980
522 986
100 34
1458 1342
485 488
109 1677
1021 1558
623 214
257 1059
1522 1721
13 1297
1091 96
791 1142
872 170
1469 547
1824 1670
1646 349
1539 1025
186 809
557 870
1664 486
53 335
66 771
762 1508
179 32
677 353
1267 577
668 327
1398 1721
1859 1977
709 912
1778 1851
531 34
818 596
1764 1914
116 1596
1526 1678
944 879
1293 1940
609 1653
1728 1629
1474 1459
1445 1545
814 292
1794 766
302 248
1081 999
1252 1900
1088 1989
864 1996
1770 1949
1098 1424
1205 249
359 78
1890 198
788 822
1385 790
1832 339
1249 700
1387 721
1135 1906
1797 667
54 651
515 167
953 1078
481 1633
1104 90
1080 1843
448 570
1193 1652
402 1339
1769 841
1476 665
120 98
1683 1613
1676 258
1381 516
1037 504
297 38
1337 1446
1189 653
470 901
1030 643
1196 1695
1129 1732
219 1999
45 383
815 1391
1544 1295
303 1211
1246 577
437 245
570 1786
278 1211
386 1717
95 1189
1278 118
1633 69
1283 1458
1006 789
1626 1286
26 1075
277 1741
808 1739
1079 400
1946 349
611 1251
1623 727
115 1765
4 1306
389 1728
968 987
351 795
1430 498
604 1166
1117 1623
1000 76
1158 1206
1433 544
1677 1789
29 1571
1165 937
764 428
1499 1860
1285 164
125 1864
1490 738
448 269
526 824
1185 1860
1211 1520
99 1582
1033 164
1120 162
377 385
181 1726
1044 300
1726 1957
1284 499
1639 1057
110 1636
1694 290
1782 1232
1722 1887
1973 489
1867 858
984 141
13 189
640 937
1175 635
165 962
1050 1132
1518 441
729 1939
882 1275
425 702
1573 661
820 1762
1167 324
473 357
676 289
1435 992
535 510
867 470
1024 1113
689 1431
620 134
1579 1693
182 425
1662 1886
25 482
143 353
541 826
1353 364
214 1022
1724 357
1046 857
1023 168
1731 1091
1103 1460
1717 1180
1756 694
227 853
156 1596
1407 1890
713 1736
1670 1405
340 1101
1281 67
1748 65
1758 368
120 237
286 196
1639 937
615 321
652 1741
1051 1261
1948 1045
1860 825
320 969
691 1258
753 1860
815 1264
603 438
1521 655
303 1996
1304 851
552 984
1619 1471
1057 557
280 315
190 258
1096 21
842 1701
1845 1224
690 890
310 1351
607 1495
1593 1845
1861 1649
482 1808
733 1321
807 102
719 1386
1019 388
530 393
1851 357
1374 134
1325 630
866 1917
1612 908
447 1288
686 976
156 43
807 1027
126 969
181 648
1784 1956
1677 1406
439 1088
1276 91
1149 963
174 579
858 1407
780 1959
346 1515
823 1135
680 1287
1882 1738
226 5
1058 740
1003 327
124 1700
1729 889
703 870
1911 145
735 900
78 1465
1771 1781
1256 1717
913 746
1973 382
537 636
1210 1086
1482 315
883 1065
1032 102
112 243
495 720
1899 1606
1290 1954
45 737
1779 1871
1119 179
882 1134
1435 16
614 569
1442 1292
1852 1863
549 1635
1997 682
418 676
1506 135
1750 866
1229 1217
307 1222
1245 362
952 1239
1240 1729
664 547
1739 54
1383 476
525 561
1775 1966
119 1191
1724 504
269 588
788 716
721 615
1472 1757
537 703
1000 1578
428 51
1162 1044
1186 1207
965 340
940 585
1361 1836
125 8
162 498
681 1026
953 485
895 766
1995 1185
597 1258
233 959
1171 1079
491 1523
237 1291
924 1941
371 809
1683 1020
48 324
913 1856
1062 1215
306 900
200 415
1821 918
560 1723
1860 172
744 348
691 887
543 766
635 1289
804 1086
513 831
440 1801
1243 1280
1528 160
1253 453
1772 1083
1057 698
1287 1947
1239 150
1236 727
1266 705
577 580
291 1798
1329 1882
784 1925
662 1174
1201 596
668 1222
1358 627
101 1588
1632 272
1143 344
138 1445
873 692
201 361
1103 1802
1470 11
167 1566
1404 948
870 1115
1004 233
402 1301
1158 420
625 1992
794 1627
42 1988
1516 1952
778 591
1527 1063
1335 1236
826 1384
111 1254
383 77
519 706
962 1563
205 1417
833 1119
908 2
251 1591
1634 1318
1581 877
443 279
191 1263
230 323
1884 1764
603 1419
1468 1933
1115 1088
1638 796
1121 1425
628 705
1271 617
1202 176
1811 1529
1278 1695
181 1912
1391 1892
797 120
549 471
796 1358
443 212
987 403
1782 142
203 1408
1804 1588
816 217
689 45
1795 1153
1466 367
1225 1343
1200 1507
1320 744
1691 1003
347 30
1836 1296
471 1900
1457 22
630 1503
1500 183
1534 161
605 1479
593 171
1490 187
314 316
208 215
496 1232
466 531
141 1341
827 39
1715 1727
1588 1207
1425 905
1348 1896
1602 843
862 1768
735 1658
1468 885
371 1295
444 1197
1387 1391
659 1994
1980 1100
1816 1941
1689 393
1140 941
1175 1668
1910 1881
1947 961
215 424
1184 591
1456 804
1025 1613
1873 53
1128 1020
849 1677
37 1171
215 1252
1960 1507
160 744
164 550
904 117
518 1191
1206 1326
138 693
1925 384
435 1889
461 1269
1216 1729
1848 1296
1168 1061
1300 1302
322 553
1869 355
1389 1881
534 1626
679 423
536 655
1364 1949
587 1206
1945 968
819 1844
122 1293
93 283
1530 1816
939 715
626 912
579 1376
1312 1907
1465 1203
233 1980
365 1147
1160 499
38 738
611 851
1734 1613
1607 977
696 596
742 1903
1224 1018
1411 194
497 844
313 1125
244 191
652 230
1016 1572
910 1562
1864 294
112 537
956 364
1723 1766
1260 482
1096 1411
1853 1991
52 1945
236 954
771 833
1978 1637
934 301
999 287
508 474
1485 1152
150 505
525 1039
941 418
1259 171
1667 64
1579 1404
1674 812
1671 1316
1897 1873
1226 643
41 1144
1466 242
885 487
913 1418
135 269
1276 1513
239 1757
1412 1155
114 178
1246 671
1403 642
940 702
264 741
351 1678
1792 1505
1444 1596
1433 1521
257 1900
630 817
1070 722
637 1643
1040 993
1034 279
1116 148
837 917
1769 1906
3 111
1342 754
989 890
629 1299
645 1566
1567 1835
184 1852
1911 1608
274 228
1457 1205
495 1638
317 1582
1461 113
783 101
303 1647
1489 1636
1486 732
1475 1561
1271 1642
822 1424
1216 1451
1891 1321
1474 111
1146 1520
210 1076
1111 1970
639 609
1208 1683
609 1718
436 406
1983 178
171 1535
1789 767
284 1718
1351 452
1724 1038
608 1118
1897 582
1823 1386
64 252
1039 155
601 395
1921 124
968 1922
853 1593
1673 117
1385 1239
1698 512
1610 1268
1908 1317
674 1464
1502 82
1396 1521
220 1894
554 898
1735 1876
983 715
1045 1340
1098 1077
219 1482
314 862
226 418
1995 1656
1646 1871
1759 927
1305 1744
184 80
73 1793
779 265
320 1746
1544 851
1215 1190
1025 578
58 1478
1936 1800
151 1256
1036 70
955 1933
504 1977
358 779
116 1495
1739 641
1410 1635
1873 663
1499 1864
1216 1726
1467 66
1340 1740
1838 55
404 16
1024 1589
248 1367
1794 41
51 989
530 1262
1946 156
1784 1625
1805 1895
1896 319
567 1606
650 1822
721 966
1470 1461
1592 1275
1276 1404
1975 136
1890 1172
213 1854
69 838
769 328
787 1539
17 584
1232 357
275 112
1905 567
1425 1665
1900 856
925 502
53 299
346 807
184 228
1576 1154
1646 427
463 1496
498 1296
1335 1624
862 1986
1436 1813
1145 827
691 726
1687 1516
663 1440
1674 66
981 527
1786 1433
22 1064
1184 853
513 1147
1633 782
1686 1904
766 1533
273 34
32 353
1361 707
1329 1273
1573 598
1078 1941
344 201
291 962
1655 1546
1056 14
740 623
1206 1435
1003 1354
1524 1683
1145 1334
834 1639
979 1650
216 1842
1705 1588
809 1551
1731 1792
1583 1891
1712 840
612 1712
580 762
227 914
1320 177
605 345
1610 286
780 123
1654 1851
1672 437
1875 1678
803 1467
459 1236
920 1890
1497 1364
300 208
466 232
92 82
666 225
1567 1417
1605 164
1203 954
299 1724
1708 933
1754 935
864 42
1037 1619
1696 521
1751 1133
818 1803
1991 1602
1334 323
1652 762
91 411
310 187
1131 1132
665 472
232 1983
1903 555
621 999
893 2
450 1730
1626 1356
902 110
369 1938
1386 901
487 1434
784 1609
445 394
1485 975
182 1808
994 810
661 1167
599 65
834 1519
175 97
892 469
922 1198
421 1317
1205 353
248 1531
876 1830
693 61
536 248
1343 215
1011 918
1364 1602
1901 617
301 1268
381 1720
1781 1203
1045 313
1568 1980
1269 1487
1822 3
667 1551
812 556
1349 1875
1222 1251
1942 1092
473 180
383 1945
1325 1439
1003 516
1888 634
1134 1697
357 1423
193 166
1115 939
250 1805
91 1283
723 626
1613 1549
451 855
1559 1143
1006 1755
423 1253
614 760
404 1043
962 1541
363 1772
1852 1542
1374 676
1909 1391
277 416
574 398
210 645
493 1251
980 97
1738 1369
270 1243
341 1577
1358 890
1837 1043
1752 257
541 880
389 1507
728 873
802 688
1173 1455
961 1509
1837 1016
1106 1666
919 1847
1777 1535
862 888
1313 1800
1165 1767
1887 1826
1712 1390
660 1937
167 599
619 1642
47 1165
176 1002
1407 457
1084 60
275 526
752 41
833 1032
1607 304
49 1561
1847 449
1411 677
1455 1496
1849 1317
48 3
1065 1398
1544 585
1344 1323
695 1935
387 1510
1606 251
1417 1125
230 1722
543 447
1544 1508
1816 1609
1304 797
847 1621
1993 1879
616 1417
1315 447
1438 234
254 627
164 1375
153 1238
1898 92
496 1287
1760 1729
213 1520
1517 1870
1008 766
1713 417
258 1207
576 1190
657 695
929 970
654 1289
221 784
1286 14
1604 29
1452 290
1551 1590
897 523
22 1207
1332 1912
380 1719
1869 175
1281 1678
1876 1149
1385 1726
1804 734
460 299
1550 1038
137 1816
1121 592
1924 1579
568 84
1317 1193
1232 75
969 451
815 1970
1384 150
1660 1623
1649 1694
1497 345
321 964
123 60
950 829
1432 1580
187 1023
1418 579
798 1229
763 160
103 1391
1157 166
78 1351
722 1789
1415 1394
1129 759
615 548
1016 1496
659 1526
1959 1905
705 1652
1380 384
1055 1404
1682 406
1096 1879
1891 1839
785 224
12 1548
1659 1740
310 1541
1640 276
1488 545
1210 1118
243 1570
494 954
849 1241
377 1620
1421 467
139 431
835 922
1979 1449
1651 948
879 881
23 785
1972 280
429 26
1870 1837
1743 1569
1600 977
295 689
576 393
1277 655
689 878
1665 1456
940 766
1263 844
675 303
1996 1583
1657 785
880 543
806 1515
1045 1666
149 988
750 1272
769 1832
453 438
1864 548
499 8
39 356
282 1582
1829 874
1596 107
1543 556
1135 705
201 438
1824 1638
332 1348
265 1365
1298 885
1192 496
1342 774
237 1345
1969 232
406 1122
313 1681
1683 966
1955 941
1379 1010
984 1242
1519 874
1980 488
1676 1669
73 989
1641 688
1489 323
1253 1558
543 288
306 1377
1500 1861
324 746
1728 480
273 1180
1126 907
1948 1935
524 1747
192 1132
1020 34
1082 37
342 18
736 1641
609 989
259 570
5 194
1259 1671
1921 152
1540 934
1245 1704
468 1336
789 1398
1983 334
1819 1273
1554 858
482 256
1206 1513
1139 1590
1671 477
1212 1414
1643 1962
1915 1729
262 1501
979 1053
458 979
1117 1311
661 1053
1876 1280
1103 1884
799 867
838 655
1053 1876
1654 693
1656 574
471 830
408 336
757 1013
206 1893
1967 1908
812 794
74 443
1033 900
92 1184
1734 1676
925 1210
339 821
1944 1406
364 288
1433 287
1309 608
1406 700
1514 1198
1002 1882
1122 239
20 1487
1362 702
1733 989
956 19
596 250
1954 742
783 1058
742 1732
324 1989
1821 1027
38 1247
1548 1446
1933 412
1806 986
1718 1254
12 42
455 1026
736 380
1096 2
37 585
309 1268
705 1067
1536 1109
946 574
853 1015
770 461
1932 811
707 997
246 1728
1920 1143
1427 1493
1745 1330
1173 697
23 1469
1710 1936
1364 340
1756 982
559 554
1901 1755
1737 1546
234 283
626 521
679 1553
681 984
21 1907
1868 891
1317 1739
1815 348
485 1707
738 778
812 5
81 21
1077 1599
526 1327
1222 1592
1635 1533
1026 847
505 1173
1395 148
1033 1721
129 959
1275 1530
1148 612
1987 1772
622 1717
1701 1574
1369 1029
1044 799
1563 1273
984 1061
1344 1073
147 207
419 850
518 66
1454 654
945 1242
1576 656
306 1428
1336 1833
20 1754
1029 1290
1368 1146
1979 426
803 905
755 1900
1663 1182
1386 610
1132 1026
30 538
196 1318
1603 809
1711 1396
1794 1120
1939 889
696 193
979 668
848 780
541 295
24 1834
1311 1351
1925 1835
947 1008
57 1446
4 1047
1680 1430
52 1538
801 523
990 65
958 1871
1218 508
1112 871
7 1197
1995 156
289 1252
1009 1633
1896 1715
572 289
1783 1353
1918 1240
779 1197
1906 1118
1432 925
210 473
830 1428
645 588
103 62
162 1992
1108 177
1938 1116
737 501
38 1098
1746 1275
1820 790
1753 301
367 1990
1133 1287
962 1250
1518 1347
1651 1162
344 693
937 1164
1213 1915
556 418
242 1324
1706 1580
1155 830
1125 756
1492 1737
228 898
122 1421
1187 401
1039 1360
1851 854
947 1896
1399 839
941 146
1699 422
588 1807
506 1131
1850 1641
1161 927
1509 1911
1977 541
1822 471
1861 371
81 386
1312 1104
1058 1612
1462 454
1796 1506
1769 1976
1395 993
1268 273
1581 1824
1736 995
1163 78
267 642
1519 384
1344 1243
200 639
313 320
1599 1469
1348 376
1016 769
1922 571
1207 1575
1479 1346
1267 328
1319 420
545 299
278 1709
974 1982
1057 410
1940 459
822 1454
1783 757
1364 994
367 723
1717 844
1852 1458
836 163
807 763
277 860
1623 221
1471 1872
1720 804
657 790
1231 804
1355 1533
1238 1728
283 468
275 38
656 1406
57 1075
1431 279
1071 892
1650 1555
688 943
891 680
838 497
782 1097
884 599
1449 1060
1589 352
10 810
1755 536
1183 1043
845 403
231 24
1211 998
895 113
1392 1520
314 676
611 902
1494 1631
1955 1243
286 582
768 1473
1464 1566
219 609
491 772
553 1793
244 212
1014 496
1076 619
1313 961
1267 1808
1062 1666
1620 360
843 1784
408 1963
484 454
276 927
1327 794
1522 476
1555 511
1643 1641
1795 44
584 1708
400 739
733 1283
280 953
410 1417
542 1381
1831 1323
487 566
607 1109
40 1253
1658 505
153 1546
888 1024
1863 602
284 1008
1685 1378
1358 422
860 14
1466 1534
761 1230
1471 952
1277 814
1611 1554
1258 1846
987 1820
415 1311
1618 810
1512 897
135 1720
1191 723
1963 1326
1200 110
1903 1857
1186 433
1465 382
471 721
1864 1888
1529 775
1829 1070
358 1758
1543 1904
1759 1241
1522 456
680 1925
1275 640
136 227
869 383
1063 234
107 1257
1065 1858
622 25
1249 753
938 56
408 1059
1182 223
963 647
1069 1931
1786 1391
1827 535
33 1615
1559 1460
1746 605
842 1435
1013 390
727 1272
634 1561
2000 1708
803 1752
1520 1830
1833 1307
1086 21
1162 589
1001 1367
1420 1413
1282 1686
929 1510
606 190
115 705
613 1090
721 1796
283 289
693 1526
649 624
135 933
673 1142
213 529
1320 251
642 283
914 532
492 1576
757 84
960 250
1472 1211
1769 957
1023 1402
375 1552
1464 1705
1342 1114
957 1192
371 167
742 490
1224 1653
514 1751
192 1529
419 381
1664 458
963 376
391 899
84 631
1373 445
1030 423
903 1720
222 1309
1993 16
1760 357
1047 941
457 748
1626 1426
1474 1671
1114 686
1439 199
1499 376
892 1532
966 799
615 1577
257 694
874 1498
1113 1154
410 941
753 1007
1266 1541
1589 37
94 705
954 814
389 17
1440 1997
1890 1121
1117 715
1615 380
654 1677
1269 944
1642 1878
1737 454
1352 804
213 302
238 851
1741 170
1292 1132
1370 136
1581 841
1137 643
1063 159
505 1332
1003 1237
510 1395
1090 3
1824 573
1508 62
1810 512
1134 80
394 682
1389 26
1766 1345
1581 495
244 682
1309 172
331 1825
945 1913
1906 40
1334 513
1795 1041
283 457
1697 460
762 922
377 504
677 1959
822 1200
1061 1496
1783 451
1057 1737
1993 773
856 74
1960 1166
312 1192
1086 128
1093 684
1460 1697
1333 1373
1245 609
929 1395
18 562
1362 899
1053 1658
302 1718
1505 333
54 1295
1823 751
1207 1036
1841 842
619 59
1763 1766
1426 479
144 499
972 1193
1034 956
905 106
1091 1497
653 302
547 311
877 1252
1483 611
53 1278
1552 704
872 1020
869 1404
1838 1794
1672 1925
1944 1706
1171 1342
1856 118
1342 1217
1051 788
662 653
1694 1070
518 1323
1436 810
318 617
164 510
546 468
1501 1568
1542 1342
1461 1417
237 615
899 1276
1196 382
1786 362
977 432
617 985
1954 1306
898 1881
1765 528
552 588
1926 1884
1587 740
847 1951
1933 944
1297 1122
160 613
1340 1580
1801 1030
727 671
1182 1194
390 1863
646 1807
69 1420
1042 1865
1113 1039
1319 1995
486 1903
308 1943
461 1911
334 1535
1311 659
1830 641
566 462
914 1555
3 1918
200 1318
248 1003
561 718
1080 842
231 1934
93 1693
1843 1703
990 1614
1977 1881
307 35
1896 1799
1197 1054
1455 666
466 1920
1828 1404
307 1724
749 451
1766 1532
1249 1051
1620 1278
223 1836
1203 290
585 607
470 1227
783 398
1064 1424
550 399
255 415
861 1350
1184 53
1555 38
190 526
1721 274
1479 6
1940 628
1246 279
1095 197
1054 926
335 388
796 954
727 902
835 964
676 320
455 1219
26 1889
277 507
1690 29
892 898
1155 242
627 1667
1565 419
1307 479
152 1611
1383 328
1113 284
1756 1074
177 8
1996 481
202 685
919 1666
693 677
1301 737
1963 889
1232 1293
1730 516
1862 1893
1811 1513
1331 1779
422 1795
1670 1372
1338 669
1197 166
480 293
1160 319
724 520
1704 6
1356 1289
1616 1842
1501 208
1141 1913
553 1760
1381 938
671 1636
13 1830
105 1821
1911 1486
864 778
1129 1810
1606 300
1454 969
357 1559
444 934
1152 887
451 1922
1341 1181
1 1879
850 1432
1645 1199
1732 1550
1248 863
398 1510
1806 1896
1474 401
595 744
390 1970
47 1218
1086 1570
705 1992
1492 1277
853 1861
270 1859
627 1557
608 1756
1602 1927
209 519
1957 1318
1798 1770
841 1814
89 217
315 429
414 726
1431 1731
1288 851
1200 399
333 926
907 851
859 1878
506 50
605 838
937 1194
1034 1502
1767 1056
1571 1293
831 1284
646 1596
1988 463
1824 1464
1977 1766
1312 1676
289 1957
1153 648
812 1463
1995 1990
597 19
1907 728
1930 1895
735 997
832 140
1533 1932
670 848
829 209
1936 555
671 917
1721 671
677 1617
1998 1433
1871 917
861 160
1947 1965
1467 1319
1013 997
404 1395
981 1835
1518 1026
215 1639
30 1517
1361 1989
143 1174
37 447
1528 183
44 397
1409 1615
1471 793
115 800
1602 1555
1053 1860
1971 193
1351 1335
214 660
465 507
714 356
1858 1929
1731 1453
1219 1729
449 773
301 796
68 57
312 1645
1161 1240
241 603
811 1474
3 686
1490 1728
137 608
130 1515
1102 1485
572 616
1787 839
1665 713
1918 1939
1443 85
364 1122
1681 347
445 531
1664 1363
924 1500
1210 73
470 206
1913 910
684 144
133 918
327 1008
1242 1702
921 1976
640 22
236 1339
1878 1019
1327 1891
372 350
1003 1585
1156 665
1852 1006
935 1930
1383 1547
1978 1851
1414 209
1790 1650
1718 3
411 826
1568 1391
143 483
754 174
1596 975
888 1156
1852 507
1099 1810
788 1627
1805 790
447 1490
1920 1940
1477 913
1392 643
253 1439
1318 159
1355 1066
1731 1694
1011 1283
757 1724
100 610
587 1804
15 1327
1375 491
1433 1904
257 739
201 1505
169 431
1292 909
1040 1122
1889 847
286 1066
1769 1265
383 98
823 1985
1548 71
869 1155
1337 593
1178 1623
862 468
779 512
1134 1292
786 1820
894 1989
1779 1901
1948 1754
382 185
1069 1503
495 634
352 508
1147 727
1115 1185
1700 922
1638 831
1359 298
1640 564
1693 598
1500 222
1880 67
1354 150
1432 347
1561 1276
1525 1715
828 273
1951 1767
1644 123
1743 321
765 1686
1782 233
1194 910
1093 1888
1554 1522
1201 154
359 1550
1378 1618
813 229
227 1128
1353 2
1712 1785
808 1531
660 1540
1624 277
1110 1312
1977 747
1628 1649
1534 192
750 691
1635 695
1186 527
1748 894
1218 641
1384 1705
1215 1371
480 971
653 1138
1269 584
74 771
148 1550
717 107
1130 1576
1570 477
1127 416
1609 417
1683 678
1529 94
1337 1894
984 1530
1602 938
1450 463
876 775
495 1778
1380 1656
1537 61
617 312
691 545
1366 1983
1913 1456
935 154
1721 1849
393 311
1394 1863
1047 1473
1917 1657
1739 1709
247 179
1499 852
185 1874
687 875
959 1014
1042 294
1208 66
929 679
214 1707
182 865
1588 1126
922 600
1358 1442
1717 79
541 498
1592 1660
1705 1315
1394 292
114 934
1078 1126
1149 654
997 1889
1615 1157
1426 171
1617 324
17 207
1377 1795
1403 1595
467 1799
98 1635
1243 1091
1840 1996
71 570
1270 1236
110 1188
78 1778
103 101
105 1508
582 1910
218 1037
583 1401
117 1773
143 28
66 1853
375 1317
836 969
1968 898
1006 1229
1327 1409
1610 674
676 993
1525 1592
1107 447
1833 329
516 793
253 1248
1478 1809
246 1504
1186 1841
654 907
1346 1471
43 322
1258 83
1445 1081
89 1536
142 570
1230 213
1364 1231
593 1956
1223 1908
1919 1771
713 559
220 1245
238 18
1995 884
1063 1884
1780 402
1856 1442
1305 476
274 44
518 1799
1515 1227
281 772
1598 636
1722 23
1653 1505
913 1547
1210 355
1083 723
772 346
705 873
578 409
230 1164
502 929
317 1615
1652 1915
31 1249
1152 1587
1532 1993
944 1698
418 1881
81 1901
1474 78
1866 1372
1315 1070
634 1775
295 1693
937 1812
412 418
152 597
1819 1426
101 1359
1266 1683
892 590
1390 309
1088 1635
809 6
513 585
1592 1927
1300 1464
1466 928
1811 1943
456 661
1876 619
700 488
1539 637
1191 1846
1426 286
568 586
1502 77
654 1584
1285 1769
3 249
1822 1408
1038 435
1792 1747
395 835
88 495
1022 854
1907 1304
990 1756
148 521
865 9
1413 17
1697 1642
300 828
35 1861
1229 1185
1888 1275
491 939
1639 666
2 978
1254 764
1457 350
1955 555
1648 55
1097 1847
1279 27
140 868
730 1092
1197 1065
147 1728
398 1428
1304 1163
1454 125
107 1995
617 666
691 1471
1613 908
345 895
112 1118
38 1322
995 1813
1753 461
1626 837
63 973
923 868
854 968
1294 1429
1836 762
12 445
1752 1076
476 1414
969 925
645 1982
404 55
277 1839
574 1039
841 1668
620 1337
457 1143
242 947
1789 1965
613 128
228 226
246 1151
594 303
1904 1512
1445 1454
656 918
1546 411
511 1506
1343 323
884 1636
1382 303
1656 188
111 405
653 1436
964 611
731 360
1160 1584
420 513
1930 28
1508 96
353 1762
168 1390
46 1727
1955 419
636 171
1722 410
267 1378
875 421
1262 851
1680 832
663 1280
1722 1585
27 68
1954 1989
1342 198
1779 340
1795 1499
1599 193
1362 1088
1638 1705
426 1380
77 1432
243 976
815 222
1758 930
377 454
1043 59
161 1098
1675 1370
1799 1552
1986 57
1753 1826
1181 1881
545 1387
1863 1929
1960 1208
754 591
574 290
263 1657
1794 1303
64 1995
217 1851
1468 548
828 1601
348 871
1325 1195
1314 1136
209 1107
728 1021
507 1230
1371 789
841 290
366 1287
181 1245
336 822
1624 1635
61 439
1797 674
593 1030
319 1540
1045 1762
1026 1642
1727 1718
1527 1120
611 614
353 874
1098 1920
321 1952
1791 1599
434 1217
286 358
1450 1329
920 476
78 1988
996 591
1261 1093
484 1941
1936 7
66 1543
1375 76
979 1697
179 1244
430 688
38 673
723 1947
1608 1951
1859 1205
1308 1365
1532 623
1020 315
1119 1113
1100 1047
1039 452
1176 1791
1790 1798
1597 662
1955 1921
694 943
37 1528
754 1914
182 1779
1378 93
1805 1597
1812 367
1443 1269
947 1173
1713 1778
537 1405
1604 137
297 1684
421 1734
315 847
11 1890
156 329
1138 1831
1894 374
1661 89
1509 220
1610 649
1516 744
118 1699
1582 1587
916 1385
1716 1761
413 1656
201 594
1197 1236
187 899
205 1782
67 1465
281 1054
1533 1818
509 1088
571 1229
1288 1544
797 1360
1279 953
786 1768
1708 1399
558 857
1966 843
1189 126
1569 35
1147 27
1587 1830
1493 123
635 367
944 1096
490 722
1029 505
849 1357
524 759
1577 343
1354 802
436 1859
934 966
277 449
150 1969
115 1412
1460 1918
1593 1927
853 766
1351 147
1743 1725
1565 505
668 1303
82 1622
50 844
1707 1287
1604 996
1103 1503
559 330
1117 355
566 1771
1723 1250
761 1768
776 1145
1509 1481
955 802
1647 1207
780 141
1285 952
1551 879
1303 291
464 1848
1988 1657
1621 33
1494 1226
106 489
641 482
420 1191
1061 1888
756 419
993 728
546 289
641 1871
832 1246
1182 722
850 875
1348 254
433 105
1366 1123
1856 328
1816 1704
1839 1236
1359 798
426 1990
923 1098
1871 1575
1481 932
1428 165
1947 1151
771 1274
1891 913
843 1570
494 221
34 955
1302 1530
1593 1279
1213 778
457 1897
1129 1513
1623 835
518 1200
1201 694
1510 440
1865 671
1300 206
947 1310
1339 544
774 1821
1920 83
1078 335
965 1934
1378 685
421 224
1956 768
1004 271
416 992
630 497
42 1894
738 1419
745 1469
1264 411
1153 582
1584 302
680 1296
1494 473
1944 1490
1003 350
1888 660
408 846
705 200
1807 125
1740 48
894 1540
640 861
1620 750
1555 125
63 1907
943 713
912 189
1486 1403
1174 1289
614 242
1866 1789
1119 1599
1047 414
16 856
457 225
309 1088
1035 1058
807 1898
1784 1953
591 1832
1353 1745
1480 622
1371 1147
493 1753
1546 1293
806 1290
1844 1822
114 1530
776 841
301 798
781 1308
1186 1196
1615 1897
1876 1711
515 420
1506 723
1550 1788
794 373
47 1079
637 275
1004 1146
713 355
1211 492
660 350
166 1175
1665 647
1575 1468
1614 674
35 1508
1759 607
1963 1008
1305 16
498 482
1976 1883
1261 1327
1210 159
1687 643
1911 1429
1948 1409
1415 956
1754 1488
1105 875
375 793
635 1376
1601 887
273 1405
505 841
381 537
1919 103
1644 706
1990 978
1757 1021
969 1186
468 1375
850 978
58 1411
1946 1628
1681 1461
1132 849
1667 1126
802 1774
1503 970
385 281
1629 1620
1408 754
566 750
1876 1319
1774 66
1262 150
287 1660
379 1783
1066 389
1857 438
900 453
773 849
1292 967
1762 1549
1123 477
1395 1376
1856 1950
1072 909
1402 140
1021 54
1634 1311
364 263
903 1729
1323 540
1275 1555
1127 1554
938 562
1108 1706
299 1268
140 176
1708 1117
1980 666
1228 919
1267 971
790 222
1913 884
1366 525
1082 1468
1525 100
84 1416
1137 847
1649 895
1979 1603
822 1971
426 310
1273 100
759 1073
1492 194
1372 872
489 157
1579 1434
1547 1428
807 1695
403 1281
500 827
1143 1116
1952 1639
301 839
693 581
529 748
806 812
1585 315
660 1614
1834 932
828 876
1919 424
1818 289
1670 636
985 1107
1585 490
925 1795
1704 294
360 59
452 491
472 1542
1141 1945
1381 138
1648 1603
1348 1905
1065 1097
1189 1331
129 1381
862 1777
1775 949
1069 285
1696 1225
6 337
1228 1666
677 644
1341 1917
1009 252
109 1774
405 1089
923 1360
490 827
310 1094
717 100
569 559
727 1523
1960 1292
902 1301
775 1049
1314 665
138 666
576 1900
1067 947
788 1584
1074 1997
50 357
1371 473
534 1715
315 1931
1200 1775
24 1356
1477 1441
1539 1466
1389 213
1908 1147
1924 224
347 1306
1232 784
932 1734
540 247
409 371
653 944
1889 658
1137 149
1607 1000
671 540
680 97
1837 202
350 1725
191 1403
673 1512
1906 562
1323 1138
811 112
1094 999
564 1142
949 700
801 7
893 1482
400 855
607 620
1271 533
1532 795
377 1295
266 864
1626 1179
1273 1009
1536 1167
888 1518
846 1651
1167 1443
1169 734
1319 804
1012 1532
1067 1083
751 1714
1113 905
185 298
322 1350
6 752
954 55
721 864
1989 13
119 521
1737 1872
126 1535
1615 71
1135 1417
1230 227
951 1926
799 1446
1945 1732
1407 521
360 1739
1188 1032
510 733
1419 1565
141 1417
111 1647
148 1499
92 1765
81 1608
205 1794
645 1573
996 19
281 850
180 1844
855 840
140 1203
13 1467
970 1134
1387 1267
308 1054
112 1765
1547 183
702 84
810 1670
317 426
1297 628
547 1435
1414 673
400 442
1072 277
1760 1281
1857 642
1905 360
1531 1697
1100 206
344 103
937 1986
881 128
1379 897
1068 1839
1757 1196
249 302
196 867
1390 259
1745 272
1252 1588
1106 842
152 1481
1113 158
1535 659
968 1899
488 1877
682 1977
1804 1054
1449 1822
587 1644
234 1756
1730 390
1735 1903
1218 338
1059 714
1935 885
1077 541
321 516
692 573
1552 569
1079 937
1095 137
1672 1678
986 493
431 1592
399 834
1676 474
406 1594
41 534
975 63
1059 1499
1496 334
103 208
1361 1777
1929 614
186 236
1914 708
1878 1603
172 463
465 339
1848 1554
1652 536
677 1318
1961 1813
1765 775
1580 879
1006 1190
574 51
222 1393
1732 1164
1573 128
65 1194
1322 907
1688 1130
955 257
171 286
363 594
1460 1314
355 1185
512 370
1579 1152
1231 1981
1432 308
1933 1945
1572 95
1939 1332
1611 1587
1448 1529
1300 378
1333 695
820 1356
1565 1330
221 1085
1383 1787
1553 638
979 1509
1440 1105
656 576
760 1312
1237 1810
1509 29
256 1274
1350 1043
372 762
568 1959
1995 677
1864 1695
187 1319
1900 881
1815 1068
927 1080
1229 31
1584 114
1469 720
459 167
558 1457
461 1167
463 1475
159 1198
1144 1132
1620 1287
1221 1372
1115 201
13 981
469 309
1668 1949
1140 684
1638 1767
1454 1886
1290 1735
1271 1558
543 1477
1827 564
1700 1294
1785 1186
380 1057
722 916
1117 1080
1572 874
1801 34
1623 375
1757 1825
1231 654
915 1620
1383 579
998 1575
447 807
979 1629
269 1007
1892 655
1673 201
557 1461
1749 446
1204 1944
1532 721
449 1415
1320 218
474 1010
1285 1540
1403 1307
395 182
837 1977
201 235
53 1098
1584 1274
939 1461
1497 1347
1483 1328
1780 1594
240 1258
92 75
168 395
1987 1172
1568 354
1406 892
1187 1897
412 1134
1980 59
382 260
440 523
737 267
59 995
1327 588
617 845
691 1490
580 1251
303 1268
160 1134
695 182
1177 179
1910 1711
278 1262
614 34
356 1846
1760 260
1243 1268
1725 730
1086 908
1605 100
1739 1214
784 1634
1685 1544
1086 1323
994 771
867 1555
1932 363
998 431
1925 1022
527 1883
1088 1179
1673 1089
1378 1225
1717 1465
739 1281
1205 264
548 1037
1272 1495
1103 1641
1585 218
1433 661
348 840
794 857
1382 13
1351 1591
93 1897
1102 1991
1665 243
1773 1394
1338 1713
360 924
473 163
1395 724
1236 848
1697 194
1842 1837
1664 1881
1744 1821
855 598
1316 1476
989 1472
1676 1144
1127 1246
371 1945
1627 190
924 429
1493 1580
326 830
659 1620
1631 1290
1786 533
610 774
578 1564
1096 1973
19 802
1500 867
1998 1254
1921 1242
1958 1657
1532 1147
476 475
1271 204
26 358
377 1846
814 1739
1499 1473
789 1723
298 1126
390 926
263 1700
689 1315
1139 1475
341 1552
1819 799
221 58
515 1571
1166 362
1332 662
1300 1176
1800 224
511 465
919 1838
1248 1623
873 1540
1149 1123
269 1289
1887 1845
896 605
873 1608
1124 1099
533 1396
794 436
409 978
1649 448
819 539
932 282
1451 1402
261 566
1969 1709
1017 1686
1298 919
431 1494
129 76
2 754
1402 1367
1291 290
474 901
924 1237
861 55
1468 410
1881 1251
684 393
1380 1278
285 498
52 483
570 1724
1329 213
1827 82
1278 176
1686 139
1068 182
1658 562
683 336
620 869
1877 788
1623 1392
411 565
581 561
1231 1675
422 407
152 343
64 1123
235 1510
1473 556
43 991
1311 624
1666 897
1154 1709
1855 375
647 1212
1382 527
245 1358
1331 1535
234 1317
416 954
1582 1924
1552 1719
1338 1988
720 1523
399 1744
1384 1259
1257 1324
1072 588
830 172
498 685
1185 419
191 658
752 1956
1229 1710
855 747
861 387
772 237
1415 1285
260 793
1900 147
1595 1029
1016 1473
250 1913
1611 85
1327 226
465 938
1456 1773
1500 758
513 1892
1871 993
1675 1082
1271 833
976 1902
1764 710
26 1856
1644 364
355 1736
330 1754
1327 380
1238 1152
1150 588
87 1578
555 796
827 211
297 1084
1862 473
372 1864
1027 186
1383 116
296 536
1695 1319
1547 46
176 126
1098 205
586 953
402 1520
699 138
908 1690
42 923
1236 1875
685 947
521 1106
49 1645
1104 1976
233 12
307 1301
1914 1294
364 1998
1030 1373
1056 646
703 723
1164 935
571 1829
444 1093
250 1172
345 484
1246 654
1253 402
1583 351
1753 890
211 1487
651 858
1573 1583
669 1549
1813 16
70 1398
455 1832
1965 309
1528 57
1771 618
1259 1694
1379 1092
90 451
58 1481
256 98
1992 252
429 1310
1833 969
1005 107
751 891
51 1201
922 1441
1240 732
871 1862
253 1067
54 1864
1564 606
93 1651
1642 518
667 268
750 1359
14 405
1160 155
618 1138
632 1386
1310 1197
1807 1847
106 625
583 1
92 572
989 1834
1030 1600
311 450
629 323
1849 1710
140 234
1687 1638
1228 841
255 33
695 1284
1802 520
352 256
1055 1288
1115 1077
1532 1463
640 1357
1541 493
1518 646
222 965
132 1493
545 1216
1866 1878
1686 533
1248 1537
315 574
496 958
574 1673
385 1723
959 1137
196 439
657 1731
203 1493
131 548
1699 539
429 1547
1459 498
1756 1380
1028 1865
1745 1225
1498 1003
1389 798
801 1373
511 1120
1656 1439
1767 201
1110 1204
1438 1623
840 64
1317 1746
990 1238
1363 364
1829 1307
1098 1303
1545 469
653 1140
992 1942
399 182
1570 617
417 37
1127 332
615 1592
945 532
394 274
161 101
1927 229
73 849
350 595
1733 1916
1348 414
218 1700
996 1955
292 1832
723 1028
1594 69
1089 651
1732 75
1100 269
1372 1578
1909 893
934 469
1035 442
544 383
816 1524
183 1984
50 1844
476 1102
1875 278
795 814
647 961
304 835
1592 1680
50 347
142 187
1710 1164
366 1153
1391 907
1585 633
1727 986
1011 1504
1970 1077
926 1127
870 1125
896 1078
144 811
553 1053
1044 1002
1970 600
1642 909
1935 938
251 619
231 382
289 1235
1886 1776
490 1970
992 542
1033 792
60 102
756 1531
618 1736
1807 1976
1874 969
452 648
1941 1398
1729 944
110 1336
1807 285
1635 1766
1700 688
255 170
473 388
45 920
179 1370
1216 11
418 1494
810 820
462 195
1283 1180
1114 1894
1061 189
930 1681
1785 235
143 1144
976 703
687 1663
344 1081
412 196
733 205
1125 731
1056 1470
1699 644
276 1742
1865 236
1632 737
1883 1143
987 1978
235 1969
1925 1098
608 25
1145 358
647 50
686 428
887 1589
688 1685
1578 666
1908 901
1796 1017
1230 169
93 624
1200 972
24 105
630 1305
1038 816
1783 1597
87 481
1430 1966
1123 1416
21 644
1215 1400
637 1944
1900 688
597 1073
1608 116
1238 287
1178 558
586 1905
703 969
1628 1213
1577 1480
308 1806
1835 896
825 91
244 1093
744 5
1279 1087
343 1395
790 950
1507 416
1548 442
1126 650
944 1750
1373 1111
222 295
1202 1377
1075 725
1549 998
139 977
602 385
655 441
323 1696
1801 867
1840 727
1805 1031
1921 1894
1572 790
1775 1001
507 956
1551 440
998 1510
1353 757
253 1333
656 1303
1159 1139
769 1064
1257 763
679 178
56 693
725 167
137 1670
774 869
234 1666
231 1614
757 246
745 1583
446 1079
692 583
439 1109
1685 1393
932 214
473 655
992 937
1257 1907
406 213
46 60
763 570
323 1729
1464 1543
129 304
226 1908
1785 985
1809 1689
1962 1377
274 1438
1786 57
850 237
98 518
1387 30
165 1112
1311 1412
1126 441
854 860
65 1248
1518 1335
1227 1542
72 4
1640 1945
97 1719
574 1955
242 1464
263 248
1001 137
1100 947
1743 171
576 1539
1611 1645
1546 975
1265 1193
348 1867
830 777
833 119
1717 701
760 847
229 1094
1737 1803
417 1734
1691 546
1403 576
630 1172
121 1200
743 1423
780 667
1596 765
805 1080
268 646
1988 119
812 260
134 280
194 47
1731 428
837 855
1291 894
1222 934
763 1999
1814 1550
13 1510
382 1247
1609 1892
1379 988
1664 99
1980 1157
605 710
472 211
1369 243
1929 1857
1839 706
377 346
1910 765
254 1124
1877 1336
1771 973
1760 1238
1354 555
602 276
1785 773
1568 749
1471 1964
1752 1934
1079 1953
1505 1011
413 788
398 975
1300 708
1416 1765
1671 599
1201 1317
170 555
1039 217
908 877
1629 1225
253 586
442 583
1288 147
149 639
940 1438
776 455
1052 1888
1781 531
1161 1280
1698 942
1315 929
1698 1513
794 247
155 1971
1889 626
1280 966
365 1202
1239 626
1900 22
1575 1794
250 216
1240 293
1197 787
1164 243
1436 584
1849 1101
1722 709
617 1310
124 558
412 1056
1489 558
1786 204
117 1363
1529 1859
1802 625
1244 415
875 703
1351 812
236 883
1783 1769
1806 544
1573 379
65 1149
1116 869
164 1639
425 1697
150 566
1864 1077
1070 1496
1655 1344
1056 1220
115 352
576 1950
848 1939
1206 1866
1523 1482
1187 238
1226 584
170 1174
396 801
809 1364
1643 265
1071 1888
246 549
1311 817
449 325
746 469
986 100
1850 1777
534 1190
241 155
760 1397
1661 485
1472 1399
100 42
619 1482
859 1659
1889 1786
1942 620
660 852
805 1197
1557 1727
1937 1196
312 1046
88 673
1886 1241
811 1821
420 544
632 1054
1775 1163
1814 1413
772 428
938 948
1457 1132
887 507
320 355
378 502
1366 1760
910 54
442 207
1341 1746
1675 734
1475 1344
1126 1468
472 1721
1940 714
1810 86
342 551
439 482
570 1290
669 582
856 115
766 986
1520 170
1340 925
662 753
26 1923
1685 886
482 813
990 1405
874 635
101 1045
765 1134
59 381
1586 628
295 841
1187 1923
707 1229
1729 46
255 740
608 562
348 963
1911 791
1975 987
1323 989
983 1529
474 911
808 1955
1105 1203
953 1086
630 1910
1527 764
907 1833
400 1701
448 562
983 514
88 1625
1815 995
572 955
611 647
1072 1427
332 1436
9 1095
763 960
844 1371
519 205
793 51
1127 24
1256 1247
339 1893
85 841
1374 1887
1189 693
412 1467
804 188
1309 2000
6 211
1740 1108
836 6
1959 826
552 597
1619 1669
98 1463
596 1194
672 1674
923 990
266 503
1813 337
305 1627
1227 1836
146 609
153 97
1838 1020
1308 799
955 481
51 740
934 1689
145 1475
115 1773
562 1300
987 1565
1198 1657
1092 900
1904 1154
262 693
449 466
195 722
488 360
1855 313
227 197
1843 1358
965 237
960 625
1824 1286
1557 1604
37 575
851 1132
136 1863
964 821
1430 874
950 864
420 939
680 1156
793 1963
1148 113
1185 505
1704 1175
1807 1652
1298 184
876 1868
1450 15
1987 828
260 835
320 254
1376 1175
1668 1725
956 971
1899 1733
1608 566
184 1491
545 612
1479 25
1283 306
458 1787
955 1823
864 437
1054 935
1573 215
846 1261
390 579
733 151
1393 1366
397 1757
1617 1519
613 1859
1325 1793
122 1838
214 1014
1724 381
1005 1049
1318 714
221 1578
1431 937
75 640
1823 635
1512 1523
1788 1652
776 765
707 659
227 861
965 215
1473 1728
642 26
1564 261
56 1107
188 1284
1832 1825
1059 343
1628 1180
289 655
1773 522
768 859
1469 1245
113 604
1487 404
332 954
996 401
408 90
1388 1939
448 1042
771 528
641 1960
1374 1226
984 781
1062 1848
482 1514
1606 197
405 947
1816 1671
236 1113
1322 1260
1055 1722
847 1547
259 1042
709 1530
545 265
1845 1232
102 630
1269 1029
1340 1944
556 911
1679 653
971 846
1160 761
104 86
1319 306
1819 1834
740 67
1777 1119
90 1644
1120 481
1784 840
1159 346
848 228
334 1139
771 1421
172 343
1793 292
380 1781
269 508
838 1271
914 1695
1343 926
333 1013
407 338
928 59
1857 538
1603 42
653 679
1312 1637
17 1881
1762 1433
1522 894
173 514
281 1348
1261 35
1429 1411
212 1907
825 773
1913 1661
1934 1855
956 94
665 1439
1163 1192
963 1898
356 1006
1043 366
806 1088
610 1677
898 1987
1732 1282
1273 1635
51 1769
549 170
272 1982
1146 118
1093 429
83 56
936 816
613 1736
1452 1384
740 1981
1619 17
1005 910
417 493
1484 857
366 568
1928 1386
1680 1910
114 1309
1477 32
926 318
1742 724
986 1613
1288 1967
220 389
612 903
1871 165
372 376
743 1883
1135 565
496 1499
713 284
1190 798
863 790
1303 469
1787 702
1665 736
300 380
1704 154
1026 954
572 1252
1526 1841
371 817
1494 527
652 1656
945 706
757 1935
1913 1013
186 742
1108 593
6 453
1424 624
1816 1810
1541 1067
440 1809
6 1568
678 528
631 1589
1866 660
22 1863
803 986
254 1336
323 1165
1151 1031
634 1466
1176 399
1132 944
1939 810
1319 1736
87 1958
826 205
1325 739
1823 1636
753 982
1272 1090
1963 1813
1931 527
884 1060
446 603
340 186
1945 1099
358 1415
1670 360
365 409
1875 986
79 735
579 767
1545 18
166 421
332 1973
1335 689
1635 1243
78 1548
1609 1328
1595 997
1519 1477
783 655
1768 1519
1966 636
225 89
665 1764
74 904
1115 1112
1297 235
658 551
1601 37
1968 864
644 598
1057 1095
683 1528
1096 699
727 647
563 862
363 1424
1227 1735
1764 550
1035 197
44 281
1720 1604
1216 1104
1784 1867
1916 1164
1328 493
1662 1656
1678 509
101 297
968 492
1784 486
1643 93
1512 745
1624 1955
119 661
407 1391
587 1263
234 349
1534 1842
1709 1558
813 1633
649 1536
757 1583
630 1495
1186 745
1781 1628
1596 956
1670 607
673 878
1504 396
53 1604
1490 179
1349 1992
187 1598
872 358
120 1547
1111 1721
1443 1967
383 1382
1508 339
1148 682
518 1953
85 488
1774 696
641 1714
1962 1720
1911 1743
377 551
924 979
889 1450
338 1376
1062 713
1043 1395
748 1435
1182 47
1304 177
437 348
723 1499
538 1385
1991 708
1819 1208
1845 1578
1580 29
628 1060
1089 606
868 1611
683 237
955 896
1474 144
1114 187
1833 1123
1008 802
1840 769
1220 1399
888 1272
131 1747
1939 183
1964 418
1099 259
26 748
468 796
1431 448
421 443
1385 1106
1700 1851
174 861
1495 985
257 535
1550 825
314 1212
409 332
764 1256
1022 688
328 412
1748 1650
1411 1617
960 1981
1842 1335
1646 785
1515 497
1192 1836
325 49
1542 706
717 1903
1178 1731
73 1948
205 603
1090 919
1415 1950
1687 1862
1747 555
716 1301
6 551
1740 1760
651 1666
658 666
1391 900
570 1854
497 758
1163 635
1486 1172
1511 43
1739 268
676 970
613 761
1434 1878
1441 1074
1586 8
131 1476
1473 1345
500 749
875 1766
27 1566
1408 1748
1491 1829
1524 225
246 868
1046 1565
1739 1572
485 1980
347 227
1894 165
1841 642
757 1972
264 749
1080 743
896 1710
1232 482
1603 1781
125 1182
1070 730
1824 1994
39 1962
7 988
505 1500
717 247
1581 1890
1567 1811
1807 1312
1664 1618
982 229
13 1500
80 592
1911 1600
592 111
1696 1123
1033 87
1348 702
1387 1232
1376 1499
1961 1025
112 1796
1659 536
6 1802
1740 429
1961 766
1246 1648
990 260
879 1605
1308 371
1905 1881
404 1805
2000 1791
1227 869
1107 1211
1726 232
1681 632
1554 390
1001 1444
1277 1987
1263 1552
788 1370
447 1235
262 1153
1168 1416
1745 1758
1618 1124
841 412
880 118
1502 1791
573 77
3 1831
156 1383
1102 1294
213 590
1945 861
1953 1056
1868 44
1836 878
1158 646
354 1448
1589 418
1516 1670
750 1082
1324 765
1893 1020
784 1468
1549 1696
136 910
1095 366
858 923
406 1733
621 1856
124 992
1247 1300
886 1703
1069 736
1016 82
338 1986
1096 1334
603 626
1726 1218
1087 1292
1746 1328
628 39
497 611
944 430
1421 1972
102 954
1209 662
729 860
1248 252
1049 1553
846 1753
1439 16
104 810
581 824
779 1139
747 576
1517 1116
1558 1938
1485 850
1321 753
1671 1681
915 1376
422 652
959 383
1113 887
1459 799
1978 309
1421 367
675 1804
947 1075
1985 1047
608 377
276 833
336 92
1480 1993
240 1111
264 1533
216 642
1546 480
1288 1520
326 1135
1530 815
1571 15
264 792
1165 738
86 987
1317 1447
833 422
504 895
448 1604
1646 1812
256 603
1969 713
1715 1437
1722 387
1581 444
592 218
1090 377
1109 1996
889 1212
543 833
179 498
1925 1721
1398 1359
564 1707
875 474
1633 774
1507 1853
793 1536
628 818
153 636
1474 1018
1972 109
1955 1048
563 137
305 649
916 1503
1468 1920
917 1347
203 310
888 526
1439 781
284 1281
1939 461
1558 1185
1872 938
1023 1788
1012 439
1812 1496
1364 209
1766 1894
548 1841
1445 13
278 960
1085 1014
555 1047
1092 1846
1364 179
1276 903
561 1902
656 146
1389 416
605 337
1886 1541
990 501
1647 1045
118 720
448 972
1264 982
1317 1876
1815 949
1063 944
1981 429
678 1686
1621 902
1437 1423
1529 470
1570 1348
1367 1054
85 1161
558 1767
1842 68
387 904
1224 1715
1867 411
1375 947
1959 1483
73 723
1599 800
1242 1339
1094 296
1555 1734
190 1966
1689 1912
1214 1981
273 1954
1820 674
1917 738
1128 1106
1700 88
266 61
1958 1296
1006 875
879 475
843 1593
196 371
1146 1946
1220 485
83 1764
1206 176
679 919
1390 1313
436 1020
1568 1093
1643 902
1524 787
650 22
959 480
816 882
871 724
341 953
1503 743
516 1651
1583 995
1952 1063
1248 489
1357 30
1251 1767
449 1909
1320 1964
1875 1716
713 808
1142 1871
1854 1821
351 22
1861 559
144 1985
1810 1503
289 1885
233 1395
1356 169
1633 1392
111 1946
81 1171
1148 75
1423 1881
293 1806
975 1614
1471 1533
1821 66
1348 916
894 1382
931 113
20 1081
1910 1334
1401 530
444 105
391 1586
84 192
1156 118
755 1165
381 1262
160 71
1913 439
1700 342
796 869
305 774
344 860
1801 456
1898 972
115 1455
1905 1624
1470 794
249 993
175 457
1126 1768
1778 798
2 800
675 682
691 1469
89 953
1212 387
661 1667
1553 441
1862 333
418 986
287 33
1963 714
460 1499
522 1706
831 676
1981 290
572 768
1112 1761
812 1815
9 1978
1483 1098
768 661
1930 1415
825 1336
242 1378
103 543
140 619
34 226
306 895
1747 74
147 449
271 1423
331 1168
797 647
1493 986
1341 1098
1695 1492
211 1123
1686 170
1852 646
1499 1622
381 507
1296 1824
1331 1633
1605 970
425 1601
581 530
450 52
1598 1309
821 35
850 1007
457 1904
1125 213
270 1974
177 805
691 1041
475 1396
1079 1619
1357 1902
901 44
410 1481
1371 234
216 408
1473 1373
914 1621
813 1205
1073 1572
757 1043
1477 1246
1027 1283
623 446
826 668
1571 1374
764 1940
1077 165
1575 234
1243 325
837 1532
148 1051
514 1479
685 1804
1849 1733
106 749
1817 1139
1501 1514
325 909
1552 33
438 676
73 1744
1185 1508
495 1033
1828 853
423 406
343 889
1638 1448
1899 1640
1096 1887
1170 186
912 342
755 1302
577 350
886 448
1598 149
19 1149
1566 1155
330 326
1474 1195
258 1847
1259 1015
1132 127
17 851
249 878
802 1464
1586 340
1837 1152
1789 1467
1201 1970
4 1706
1060 883
533 123
1085 256
1383 1843
1915 593
1237 581
852 1701
598 897
859 643
700 1669
220 479
1285 1375
1040 1730
611 1067
1095 713
731 1914
982 1282
431 1144
992 1594
2 552
332 999
41 1494
671 1594
763 1613
299 1946
470 893
550 1105
218 1766
1415 87
1369 797
1279 1318
1652 472
1899 1373
349 1185
616 1496
1424 1173
1532 366
1156 724
644 1536
494 337
1729 1867
102 1094
1188 1221
1725 1962
1561 185
90 418
1658 1151
1524 617
1623 975
1492 1331
1625 1026
708 1378
523 530
816 536
1187 635
1118 813
486 1956
516 1897
1270 1016
1106 633
1904 1890
316 1174
407 1556
1005 1713
94 2000
954 1041
1027 679
1314 243
1460 1966
1200 1613
252 592
384 1966
333 1477
388 282
1829 1551
279 1743
586 1783
286 1273
399 1466
1349 1621
798 1952
1110 564
1298 88
585 1385
1849 1743
1097 1618
1348 1154
617 1944
218 1826
1362 694
165 810
702 1539
1094 769
854 374
774 1945
1668 48
123 944
607 386
418 1378
1456 1934
704 163
1626 678
886 351
1573 1021
33 821
1156 1479
1227 305
1785 383
1008 1769
828 348
242 1201
814 923
1206 617
1277 1527
530 1458
1547 1391
606 729
1488 220
290 1563
316 1843
901 1065
1281 363
562 1891
82 1881
1380 1758
548 210
1890 949
1159 1010
1394 180
447 1832
336 672
167 1488
1332 1446
601 1108
1705 376
1191 1501
202 1033
1712 1548
623 1467
757 1653
1811 1200
780 908
1322 1477
1981 588
473 1806
9 1708
858 335
1584 933
435 1538
1350 1227
1450 538
1948 1293
1447 1622
352 1687
1454 662
72 428
1795 694
662 1172
1802 198
1387 1018
211 1401
1196 1812
664 349
766 1721
82 821
595 1267
1128 942
1146 1083
1442 1660
563 1661
1439 1764
450 798
1358 1996
770 1101
722 1062
1471 215
1646 324
562 1259
90 1932
936 1752
1270 631
1673 1537
442 1117
1019 1561
1258 819
1830 501
1724 872
435 140
1749 651
326 1723
1443 661
1152 1026
395 1534
1836 557
56 1606
1158 577
1516 1989
713 1764
14 707
402 1973
950 1055
1268 1038
1660 792
1254 1129
318 1365
747 1255
1070 532
237 1947
350 211
1430 834
811 1876
945 346
103 54
1627 1499
1126 1926
1639 1064
1827 1505
840 1512
1322 916
1580 1858
1873 968
487 693
1561 1214
1506 1023
23 567
1296 1314
1132 1893
969 1579
1485 531
1101 834
643 1754
213 1226
1890 712
1818 794
1072 1906
1855 1050
530 230
1774 1454
1408 329
1636 863
234 502
1021 1293
1723 588
1952 280
921 1790
1186 306
891 1592
231 1511
1338 105
985 1223
56 857
130 1056
522 633
791 1921
261 246
279 1133
1122 995
1072 4
920 817
1254 1820
1918 503
1171 440
103 958
433 1174
364 766
1429 880
975 1454
1528 1589
520 1850
27 502
1016 777
1682 1024
564 279
1461 15
306 1539
1765 497
908 559
702 189
994 404
377 750
1903 103
584 604
490 951
1354 1056
1322 982
1877 1364
1092 1023
1111 483
1873 1597
821 898
291 651
1782 1107
182 1220
1350 116
265 606
42 1986
1558 864
1447 470
661 922
302 1956
1039 181
108 1939
253 726
142 481
1484 292
1905 1337
1182 1885
421 278
940 1290
1477 1597
1407 1768
1433 1727
667 243
1768 922
134 1044
851 1634
1377 490
826 1616
560 1425
641 589
865 1883
1261 1687
546 706
514 1880
1922 1467
582 1968
509 240
395 1337
1274 308
665 1540
1991 1787
815 1662
1726 1288
1373 32
1087 1526
1597 1183
1278 359
1640 1112
291 259
1234 1017
1107 125
367 500
722 37
1301 1993
927 886
784 384
1541 337
385 331
1080 1650
567 1552
1535 1650
1445 838
1938 111
1473 881
601 686
852 1862
1546 470
700 1062
1269 563
114 23
61 1532
630 1271
598 1741
1204 1154
1744 611
314 1572
388 227
724 1519
1222 1306
1741 266
923 1986
1084 1139
710 1230
1616 1361
1522 448
1621 1876
293 682
39 442
597 508
484 731
288 38
1948 539
1097 1145
1461 404
31 1191
218 474
1899 1980
925 1486
1058 846
729 1762
1174 938
614 947
1241 939
962 1884
1259 1246
363 1957
200 1347
1566 1623
789 1821
385 1267
981 1793
64 1982
468 132
854 1521
1964 1730
1341 446
258 198
1805 578
1699 1219
795 21
265 1058
1281 1266
479 1273
1343 1428
591 1491
1677 1396
688 1234
174 61
10 1058
1154 711
515 3
533 1494
1649 162
1077 649
1004 1503
895 482
459 1286
1476 637
1063 1039
752 1311
1033 1224
1141 119
200 1642
1955 745
779 372
1846 1477
1973 1904
595 471
1941 582
1051 1532
1728 1729
244 1594
818 1913
1387 1896
737 1679
861 321
1926 1241
423 298
683 1813
266 99
1518 1629
1156 1056
1079 1939
937 1006
37 912
404 501
1114 694
1612 1945
1688 633
397 860
1319 549
733 568
1199 1139
461 341
1314 167
1978 142
415 1416
654 1232
569 356
1503 681
1023 979
1673 1064
403 36
795 742
580 1836
361 1618
933 604
258 373
630 1090
1935 1817
1048 1873
1430 1363
1727 1499
1419 1818
939 212
49 1242
618 925
1762 1198
360 933
441 392
256 736
78 819
1577 771
673 337
685 149
1563 848
984 1678
71 94
1803 1729
1768 242
1115 893
582 1298
1913 1796
271 473
1841 715
77 1370
543 1361
232 1257
735 1076
944 1435
1455 698
1820 327
667 621
312 533
847 751
651 288
464 816
1591 2000
1905 105
1852 1616
1674 1932
1851 1400
316 468
83 451
874 602
770 817
131 985
650 843
507 1164
1608 1713
608 721
1085 65
1272 568
700 33
760 268
460 1002
1737 1350
656 199
1161 1454
1656 1138
1603 685
1052 445
1204 1760
1562 375
565 1066
130 1561
53 1222
1306 1665
742 1778
1616 1727
364 1900
558 1592
1962 1082
1814 75
1708 586
1980 167
1587 984
977 424
225 579
980 579
905 1295
1839 1281
458 1007
512 729
903 1573
423 95
1790 421
1151 661
1209 630
12 758
1626 1761
663 531
1630 605
1301 1763
1838 1466
1924 846
44 1418
1473 1278
980 1358
1738 805
1911 948
1671 26
920 174
761 1280
22 1157
908 1458
1090 1366
1618 1651
1869 157
1897 1886
239 1358
1825 260
1677 1814
53 1518
228 835
414 1486
900 173
21 836
812 977
1755 75
1773 1790
1280 259
1780 558
236 1157
1141 1140
267 825
685 1986
1497 1183
106 659
1669 1976
491 471
1178 1861
497 899
498 1065
1828 799
27 41
784 1343
1500 1156
1620 665
440 1426
1313 615
995 852
465 833
1972 1834
737 451
1686 1128
1926 571
254 1977
941 1719
1580 1166
602 961
1089 1709
1252 599
722 1786
1681 789
744 1837
1840 1970
878 1245
1964 1960
740 1514
885 207
839 1510
1703 525
435 760
1510 155
631 1088
442 164
1364 403
1661 1411
1920 873
1938 414
1615 1754
859 976
199 1280
481 1303
1112 347
1186 1022
1015 1122
1617 1474
678 1910
971 1272
1394 697
281 429
1203 674
1519 836
105 1797
237 980
1140 1755
811 781
1528 489
1475 290
193 1622
1094 456
651 1004
112 1410
1417 637
8 733
704 874
524 1597
1866 512
658 1547
363 787
824 351
734 806
381 582
254 684
1162 1767
690 1464
374 1969
1024 440
1540 976
1319 211
881 291
1644 1136
845 1730
1632 188
657 594
214 1945
1713 1961
1673 1858
25 1240
1957 1326
1666 525
986 849
265 231
1491 948
1952 418
1382 915
849 1963
1977 81
1963 98
625 1908
169 42
1563 1185
1352 1277
1792 330
840 977
1211 1186
256 1014
1437 1980
1217 1561
1312 47
1243 1909
1918 771
1330 1304
749 304
868 958
113 1890
1602 448
1249 1192
1323 737
168 125
975 1938
1629 1364
211 1429
984 511
1821 1735
716 1550
552 1591
665 1400
1387 323
84 928
335 1724
457 1810
33 1510
458 1409
1926 694
1174 1483
19 823
643 981
1057 1515
1075 30
432 714
1278 1595
1167 566
766 751
1121 1004
1089 1594
736 334
277 136
1863 158
175 553
1743 452
897 875
1916 1048
316 1797
656 783
686 1907
143 1824
322 1214
1869 1178
916 1648
449 797
1943 1560
234 201
1945 343
914 1005
1419 136
79 419
319 368
600 1443
1264 545
692 1034
162 45
148 104
1545 955
399 345
1130 1709
1190 1622
212 778
744 1736
1461 1771
1157 566
1074 1242
485 1828
792 1918
375 223
232 87
1786 1059
506 375
1435 1137
95 1528
778 340
1394 1992
1524 592
531 884
183 1209
879 1868
1785 1597
153 1534
26 884
97 1036
227 1981
948 75
330 686
1752 1185
1180 1882
1206 1418
874 931
1517 203
296 489
675 1282
1252 1756
456 1484
1510 1052
1551 1758
1605 628
1000 649
166 1783
951 1126
1717 1703
776 58
1382 782
1666 1255
1647 246
1723 718
144 964
536 1478
1875 1019
757 904
1642 914
1716 445
409 416
633 1515
600 1997
17 1975
370 1731
420 224
1607 821
194 1225
1388 1005
800 398
509 1836
32 1783
495 1513
1256 125
1846 1322
1461 1016
1779 1909
1468 1956
271 1976
1856 1206
1841 1130
974 1401
673 1575
635 1587
462 1549
1207 585
31 236
893 1399
1920 1982
332 366
941 1953
305 147
803 236
508 638
927 1746
628 1194
367 309
1808 887
1049 373
145 891
249 440
297 832
64 1688
101 330
380 791
1877 1291
94 1053
1289 1810
1862 216
304 1615
1477 374
1029 1962
1374 1014
234 444
1135 1338
1230 342
1691 960
1925 398
56 1288
1055 1138
1862 774
819 1253
960 1161
388 930
261 188
693 936
7 840
1505 1097
586 1119
1672 1070
1284 1096
666 1763
539 1171
1224 137
484 922
855 245
103 880
622 224
532 200
1927 75
1599 1342
1470 1817
1454 747
1422 1585
465 1587
412 222
1631 1001
1892 687
552 1173
1045 900
1697 26
1 787
822 1532
729 1571
740 751
455 41
215 1181
804 615
784 1111
736 1004
185 1882
1289 62
31 389
443 542
1789 259
1356 1494
1150 1479
892 435
966 1998
1745 229
606 353
1125 1503
1710 869
1238 1686
334 932
728 239
493 1277
700 365
1364 1988
24 1418
1290 1542
1654 429
17 199
1984 601
1767 838
649 1366
757 797
1091 1557
960 49
1937 1625
690 62
1310 940
625 380
923 1895
876 268
1542 543
1893 1037
1305 1580
117 461
1526 242
663 1914
779 693
673 1450
591 937
1973 366
1267 1042
1236 692
165 522
331 798
908 930
502 1073
635 1868
44 742
123 1168
1926 635
1638 674
381 1752
702 926
1096 581
1866 41
941 1814
937 1071
662 332
1808 994
542 1014
1266 1436
1674 1015
731 1444
1054 582
327 1032
846 8
1752 831
1074 791
1971 479
689 499
987 1838
1028 88
1858 1259
1627 1747
993 581
389 346
1168 367
1774 1027
587 825
1463 824
1465 1201
241 325
813 1335
1038 1188
282 1885
1520 4
830 1336
1894 1763
648 1350
1889 1082
946 875
268 835
1303 1917
1432 1970
1291 841
281 780
786 787
433 1273
1030 54
735 308
1867 1415
1493 1492
1853 872
91 530
1087 48
1417 28
375 1550
13 726
1421 1192
850 794
1877 1327
856 273
106 791
719 1970
1460 1640
1288 372
1833 678
696 297
1088 1659
537 1003
297 290
1187 1889
1480 1269
262 1120
1173 1214
1484 401
1604 1270
315 1858
776 464
460 809
1762 1845
1276 531
801 867
485 1226
1850 1945
328 266
547 508
1543 1194
1967 122
833 1311
1310 795
1575 1813
46 432
40 719
1856 1734
1496 476
1469 1962
129 420
1302 1587
11 744
703 1398
878 1085
832 869
1648 47
1496 268
1136 275
783 1018
110 598
271 1174
1235 169
260 1897
1569 665
1585 1391
578 1893
1827 1729
504 325
1541 1619
1659 1226
516 1361
273 1814
603 1030
665 52
1608 1564
757 26
1297 1819
981 1362
880 897
562 1590
1658 346
662 475
1273 824
1199 544
1001 29
1121 1576
892 1486
76 471
1238 661
429 1153
1812 748
751 30
1823 44
193 1066
1385 48
283 1604
852 1171
1350 758
360 1268
769 673
972 872
845 502
1011 1010
1110 578
333 290
1774 549
743 1307
1338 329
714 1628
718 1499
1377 1445
208 916
1490 380
1144 1843
1141 1333
546 523
1515 1852
857 1581
1224 447
230 96
1337 128
1675 1681
1872 1431
1528 1813
1182 376
1722 1593
546 1338
1005 934
1795 1475
1500 1355
864 1881
1728 1006
1638 1697
1627 1996
538 1954
1885 1420
483 1865
1689 1185
1871 1225
432 1081
683 560
1278 1231
669 637
941 1528
1259 1157
1540 1444
1986 1684
774 507
1808 1344
846 1039
500 1743
542 1334
770 444
1661 1135
699 1063
922 954
707 548
1676 352
1117 1793
1233 1112
933 282
827 779
156 1241
449 1089
725 1944
1578 136
1523 947
656 486
1854 1731
1509 1356
678 1846
1647 1066
1040 1595
840 509
1942 360
1211 734
1490 363
920 1865
1349 164
943 567
1780 1656
1888 1806
1941 1276
536 1724
1895 1655
938 1109
223 1261
1406 190
730 1235
1913 202
1966 60
575 1765
278 525
1404 1074
45 270
762 1760
698 202
1002 819
292 1485
1009 1621
63 894
1246 1485
1283 1349
215 19
676 519
1414 285
1732 296
727 430
634 1161
1169 898
323 146
506 798
69 1466
1454 253
1644 1463
422 346
1180 1030
682 381
214 216
1099 1118
1837 228
329 1174
1330 24
135 1616
1477 725
1578 1024
1288 538
1375 1226
428 1089
250 929
799 1106
485 620
1105 447
206 1146
233 1388
1923 1253
950 921
214 413
1526 1356
1203 1819
113 1571
99 1552
1222 1703
1496 874
465 1426
1906 909
1839 451
1401 563
6 1503
974 1069
84 231
1993 1099
1521 1558
785 76
236 490
109 628
1006 1666
616 600
962 1660
1393 768
1808 571
1610 1436
1113 1877
196 671
1282 1934
55 1860
327 1763
624 1601
1328 720
1826 1075
1145 1636
1142 1183
1332 596
1925 1325
968 1759
1413 1497
954 414
1272 397
993 124
1470 1022
760 353
1637 1987
269 1355
674 1277
379 1121
1523 572
633 1650
1363 306
155 1712
1900 1970
1535 1575
1712 1879
1158 1462
1197 340
351 1888
480 375
1497 1034
618 37
50 1342
742 1703
434 1132
1298 985
1825 1448
521 668
1408 1570
666 1887
546 313
1464 812
1519 782
1657 375
1487 1552
1747 107
218 1650
292 733
223 715
1183 492
444 1008
1959 902
1816 1712
584 1855
128 497
1 1893
1359 998
1057 540
672 1790
1778 1194
755 1663
1965 386
1308 907
97 1869
775 326
1100 549
196 1559
789 1290
475 712
422 465
777 166
355 910
998 740
341 239
1408 141
1982 1282
1473 750
998 1027
119 46
31 968
1288 241
1737 558
870 1853
1407 1134
1889 1531
554 50
1091 1897
1028 1355
1137 923
1462 1984
678 83
1395 543
1342 58
39 527
756 1059
1736 481
731 1235
583 82
1563 624
1122 1772
666 682
1731 908
1835 1616
412 562
350 533
1659 88
1401 696
1253 679
699 1418
1115 1510
10 1852
211 248
1085 1687
1689 1467
197 437
1 586
607 382
644 756
1952 1075
102 370
1188 457
432 330
1045 441
418 661
185 646
580 1902
1307 1809
1593 1556
32 739
733 37
1819 86
576 480
334 400
265 1679
1448 1920
1484 818
1200 1401
304 1806
580 319
1975 728
174 424
1320 910
812 684
1396 1977
623 1367
1142 685
167 737
1110 1147
1716 756
118 1285
1543 517
1621 689
1716 1103
918 938
1508 1950
1607 386
120 361
890 1365
1672 1261
572 1245
590 18
1217 804
78 294
350 1099
45 1163
1203 761
744 1778
452 1731
1811 1685
864 983
1256 441
792 1800
1201 1342
603 50
1214 1654
1947 871
63 404
377 1013
949 1671
967 962
1891 1026
736 1536
1024 77
687 1183
782 365
323 392
1524 584
1341 129
846 628
576 1128
1865 524
1155 1794
1300 857
1101 40
1201 1216
410 1727
308 389
569 1646
986 1002
94 1971
1653 1434
1712 312
84 580
1237 371
1563 910
1723 664
427 1594
612 203
579 518
1702 822
1889 797
289 1024
35 612
731 963
826 1369
1893 681
1022 666
1570 1692
1842 1177
1791 1230
1014 1914
1335 680
982 560
1374 214
672 160
560 1300
1934 84
800 1763
1097 1651
1631 1702
147 1148
1267 979
716 1659
1946 1843
1682 100
1954 769
1239 1289
63 1260
1101 1084
1518 832
1009 1132
1507 1533
8 1445
972 1543
1594 1167
1686 727
476 1738
425 1052
1013 172
687 424
429 488
1446 1499
523 676
1600 131
664 607
1056 1377
1753 1658
682 1718
500 1923
119 1067
638 233
26 613
1657 71
1251 946
453 1320
114 1385
1977 1710
216 981
714 1916
1154 241
1230 284
471 1887
3 717
725 860
10 83
134 1685
983 148
1762 397
401 52
826 209
1303 577
1036 961
1130 99
1937 527
1683 1247
1022 1793
1372 1868
768 90
641 204
950 374
1284 1138
1010 421
648 672
1377 1753
1095 1156
906 248
430 292
1641 774
398 1608
408 1332
1899 586
1781 1399
230 1095
1496 919
306 1455
1069 1786
112 1634
400 1116
1564 643
1700 536
1562 1293
1433 1927
1831 1698
1926 78
1148 235
759 433
814 1074
1114 264
30 637
1847 1465
1139 271
1485 263
733 1058
145 1593
298 1537
1940 1808
888 1249
94 1830
1775 922
998 910
1194 171
159 1616
1470 1896
1480 1076
269 253
965 1376
1114 400
933 86
769 1181
1040 1043
156 1413
1024 904
643 287
144 873
384 1816
990 40
1218 471
1490 1104
540 207
1649 89
1211 898
1462 1194
1545 102
1208 1833
978 739
436 66
1451 1831
636 727
1171 708
129 1765
401 1656
1291 1979
1261 1929
913 1457
1172 1565
1927 878
1599 541
1341 253
363 119
1401 82
889 166
1576 1898
1297 383
1101 1969
303 1510
1119 440
1802 1428
861 88
34 1818
1349 652
1700 267
1993 263
1980 517
1121 204
323 1421
879 692
759 1154
595 229
846 1659
563 1199
1905 1432
1001 222
1357 962
1506 1317
1088 290
1039 1465
1586 1924
334 1601
996 1372
814 1782
1281 222
361 1881
234 489
958 1006
593 1610
1938 1176
1038 1266
1172 288
1412 759
471 373
130 1027
201 1905
1988 1986
7 1015
1095 916
858 181
1256 1584
74 868
472 1966
1141 1782
573 1850
996 27
1494 782
1796 812
1337 1985
960 1966
129 1482
73 1176
1567 415
320 603
1529 1843
1991 1519
433 860
179 272
1913 1043
988 1366
370 1757
564 1865
944 1684
796 1709
729 1654
132 9
1898 1540
902 541
634 1725
499 683
1008 182
1049 640
150 1789
385 1095
489 1982
544 72
265 569
1266 1601
1558 771
235 775
1800 1623
1673 1711
1622 1690
760 442
1793 946
1371 682
1943 608
827 584
442 550
1931 780
1942 1592
852 237
1223 46
1389 322
414 1984
1124 1349
93 159
1110 1680
958 1181
891 1258
1015 1760
1317 54
533 519
1215 683
1734 457
1133 924
226 403
1409 1789
1388 141
1907 903
1796 164
1563 211
823 322
1429 1801
274 893
666 11
388 1083
511 1763
85 1137
1537 1216
797 1103
585 89
13 1696
910 1686
1228 693
735 1259
1641 1376
1789 801
1841 1354
1290 1488
502 1114
504 271
677 1326
1209 1248
665 66
995 1991
683 1273
1368 959
490 1669
1712 776
628 1955
1340 317
1234 984
1506 533
132 740
443 493
1111 1358
581 847
876 426
987 232
1252 692
1471 618
719 721
1238 867
403 1567
1572 71
1351 1216
1166 1808
1798 513
1193 1583
98 589
1740 1779
1071 1949
1205 395
1041 1690
1159 1698
1931 49
1642 1994
997 241
1080 603
1331 1265
896 1618
1407 954
1942 915
808 894
826 491
206 1205
1064 134
427 364
289 1599
964 541
1084 1042
1171 1737
1621 1909
281 1116
71 1633
165 1181
1849 890
1664 1990
984 1762
1083 574
839 1435
509 1305
772 511
518 271
1867 618
970 432
1847 1601
1880 1251
1025 1350
944 1295
822 1052
1181 1895
1421 696
102 1670
909 356
51 68
1561 1785
1044 1134
1093 768
600 422
1531 863
219 829
1775 688
1833 729
69 360
1841 1401
87 1011
740 1171
263 853
302 1874
1957 824
1793 783
253 524
888 1896
329 68
1438 526
1350 403
488 675
1463 1616
1945 721
1712 1220
1396 1653
1656 1030
649 1078
1183 1389
1004 1342
1856 1655
1363 981
1824 321
434 1327
505 613
16 808
1337 966
1268 990
1639 761
825 1178
793 96
653 1801
1994 96
200 36
1436 1041
1569 1388
1055 809
1936 41
163 850
303 1276
1871 395
190 466
1594 1580
893 113
1383 1994
662 428
1400 155
298 883
1151 1466
337 927
1439 172
1630 689
897 285
1492 1038
904 1647
1053 1350
707 913
1904 682
1651 1487
108 1005
22 1833
1937 213
1168 1551
931 1637
329 889
1272 1503
1237 1967
1073 1926
1976 1221
1066 729
750 38
845 1990
1988 312
791 1228
925 378
194 484
1741 416
1123 665
1874 1705
406 561
1847 1352
1494 16
1556 11
800 12
1796 538
1761 1747
1247 312
1803 1774
970 1664
645 252
1567 629
1701 643
1295 86
1232 1972
105 993
831 496
1673 1375
1960 835
850 1809
1343 1409
912 500
160 1673
1087 1973
19 574
1928 1572
259 111
1703 265
1405 1074
817 1577
669 520
637 417
1259 1320
1301 1015
784 1506
1946 1160
5 1236
1644 1777
44 638
1554 137
1266 1899
694 1728
1558 1045
1226 1538
1946 623
76 1071
295 783
901 1734
1240 70
1724 680
1890 128
488 1459
1855 1602
866 824
82 235
1539 773
997 1278
287 72
1269 118
1052 412
478 701
446 1771
1476 1388
1579 852
1451 1394
1988 1579
1882 1074
1900 207
1968 296
1185 1174
67 355
434 1186
710 651
792 5
1141 221
78 97
263 405
832 517
281 257
1014 829
1283 1602
320 1321
288 1507
550 1203
1990 989
977 393
1537 439
1242 1463
1842 88
1239 1853
783 1663
112 1334
1601 520
861 1591
1968 277
665 340
391 1334
1315 398
1354 1640
1873 392
1467 347
916 451
113 862
1347 993
164 288
1245 1986
1361 1384
428 398
1593 618
1738 1605
396 1020
839 1754
152 302
130 1051
1114 1883
922 1314
43 983
1258 494
908 1361
1138 136
1191 918
329 742
1272 1386
347 637
478 1595
612 39
1509 319
725 256
446 355
1776 1278
234 1325
896 1336
833 600
808 596
990 892
166 1878
1956 1429
125 1221
1462 1566
1875 1055
950 802
793 1125
1720 1148
9 694
1944 1508
251 487
1374 913
1305 1198
1429 1328
705 30
652 515
1447 940
59 409
1954 576
1532 1588
1668 214
345 1396
1156 2
1783 13
107 1330
1859 581
1453 1516
1845 922
1905 135
171 865
1516 253
1439 514
762 1152
249 853
323 570
1446 1306
1212 1764
1953 1174
1420 237
1019 1234
728 741
1120 1575
322 1034
1466 543
1318 532
1622 454
114 1448
1862 465
1982 534
587 1415
1502 448
467 1285
1557 766
935 197
1317 1621
1635 934
328 945
950 1962
1549 1878
466 995
1274 1387
1796 1541
1432 304
1639 999
2 577
964 526
99 991
652 1675
1355 972
398 1803
317 1225
1980 1916
324 763
419 1109
697 1627
1454 1423
1751 399
349 856
1933 638
356 212
1871 1786
628 1292
556 845
886 716
1895 593
102 1119
835 158
1428 1693
1131 1748
694 711
1231 1508
252 824
482 369
694 1314
587 695
475 1272
1710 626
777 1718
1145 972
594 1978
1717 350
138 1528
1332 252
68 1301
361 1317
1106 1269
768 1692
1876 1521
1420 1427
1564 1267
1071 593
919 452
3 1410
1345 1667
407 144
1975 1535
245 1755
155 300
485 844
365 486
1552 1306
872 1990
120 1195
1280 637
964 1022
1462 1941
1356 424
971 1930
823 1957
957 83
1842 1231
1095 1997
325 793
1223 512
1291 1272
1648 685
1242 434
1062 105
435 349
1401 1126
151 482
1719 1289
1172 1900
748 478
1177 610
1619 1249
1050 948
192 352
1718 1303
1991 1363
450 1064
1637 1485
888 408
411 1131
482 761
1918 550
341 1842
638 1592
906 1599
1953 1059
1625 318
1865 367
265 1762
1258 1517
1872 1085
1286 1657
1251 636
1631 1366
1777 1264
854 1582
746 124
619 262
656 268
587 1072
1850 1368
626 534
1564 478
1269 320
1550 1689
1490 1691
174 1944
134 1731
840 72
1179 1477
863 852
992 259
600 1076
7 820
1058 1702
434 1868
950 396
256 184
553 1462
830 1782
1127 324
1515 1466
325 1526
585 1637
825 982
698 332
1609 1658
811 231
260 359
1475 140
1221 912
433 925
292 1872
702 287
1435 1118
492 1964
693 1818
1287 442
990 951
1866 1101
396 1904
411 787
714 1015
1446 281
69 1103
37 1909
1146 711
1042 323
1789 431
1625 1462
104 1786
1478 654
1351 660
1759 466
572 1732
848 797
961 82
654 111
1046 1469
124 1674
239 901
1724 1143
336 1452
1237 462
873 1243
1149 530
799 743
732 1290
358 1345
1984 557
56 1711
953 1447
1571 1119
1724 1533
1091 1929
10 948
118 957
1211 860
1672 891
275 1064
971 1799
118 1930
920 1223
1849 422
911 1279
1044 1664
1030 1975
1588 1989
800 1864
1369 1801
913 1519
470 1524
931 866
1768 1325
497 1182
465 660
317 619
1885 950
624 1691
875 961
584 1330
861 110
1184 1821
968 1947
462 203
669 1127
1778 697
1688 1201
1540 1970
1068 647
1058 594
588 1401
955 70
5 1715
1771 1984
593 963
1441 1127
351 983
1307 666
1625 1675
885 442
1042 1273
1597 309
788 285
954 5
1622 744
1104 508
417 1857
340 880
414 155
951 1872
1382 476
155 1069
718 1568
1363 385
996 1046
1986 1543
445 1340
360 88
1229 472
1727 553
1584 809
430 71
80 852
350 1387
1807 1181
1761 391
1814 1675
862 1682
1215 551
1415 852
1108 1306
1569 1816
85 1999
1279 1063
1719 266
1519 1556
1336 1701
1913 1113
1029 1258
1659 589
1327 1693
1954 121
635 229
1405 473
1686 1568
215 537
1640 1806
1329 1033
1626 1825
1453 1987
817 1277
687 1535
824 1711
1079 905
1393 386
1833 1213
1819 1534
171 1464
1035 1583
1282 1962
1919 1022
217 1546
536 820
1524 1987
1625 920
885 1687
675 969
1597 1602
1731 2000
1855 1822
1670 1998
1071 879
135 707
799 616
1927 1162
1299 1904
1889 1104
1981 1568
354 1495
630 100
1511 1778
848 1326
120 1473
1153 1483
1026 1915
1882 1390
1734 391
321 1207
445 1609
1044 1803
1469 1590
862 298
832 969
589 882
1595 700
1242 652
1922 1488
603 1114
1733 710
1287 642
723 17
1064 51
1243 1510
458 1242
1763 396
1747 531
432 37
828 579
722 58
1916 930
1167 1478
549 1979
468 1874
1600 419
754 1643
145 1233
1681 1970
1042 1132
447 484
1099 1353
1931 125
1237 829
94 875
1131 696
135 857
1138 1620
213 1907
1124 1543
1385 1793
1073 199
1822 1780
1338 229
1034 1934
74 1082
1689 1678
611 1809
480 893
1792 770
586 1253
160 1887
1395 925
680 1942
503 1206
1526 1093
1215 847
16 1882
1708 253
352 1430
525 1751
1493 1525
470 1942
1544 1921
1050 1378
1878 292
497 312
222 1599
854 220
1481 1446
130 406
1799 500
1361 648
1054 693
192 857
178 804
1971 1563
203 379
669 1106
1572 897
816 1170
1409 1183
599 1026
1904 284
449 838
1691 1954
1219 1137
323 1418
188 211
1276 562
1636 1734
75 1343
951 310
718 551
757 67
1363 1410
579 1427
990 1703
1896 1466
1748 315
383 289
1268 1293
1681 96
81 627
1702 1576
1704 801
1759 965
1171 1444
1808 923
1157 1689
1969 387
1269 472
1097 216
1846 1055
514 1732
857 1335
1795 1743
1821 1031
204 1210
1290 1421
778 1785
1700 1648
1373 428
91 324
1802 1780
1746 1522
243 1
955 1987
997 805
102 836
1573 176
146 994
966 527
614 1727
224 722
150 718
1301 1861
341 1361
1049 40
973 64
1471 705
1625 1949
25 912
1169 1107
1904 612
1535 1742
322 1662
1713 1694
1837 80
1688 1146
1438 37
227 1703
1445 1399
1088 671
202 1727
1161 640
1894 402
1788 625
334 229
757 1275
1684 308
787 482
718 1338
1875 579
1076 1282
1882 365
1883 1202
1349 1960
567 1080
844 32
558 366
1955 1608
1171 185
380 867
984 1719
1141 875
862 1924
1881 1628
1754 978
1134 1756
1571 374
105 815
1479 1595
963 1148
137 725
1319 585
1778 1835
1548 1219
1566 268
976 1573
828 1630
1845 219
501 86
531 1745
1946 1118
902 1176
687 46
355 1585
1478 879
1351 247
802 1232
348 862
1950 1673
1332 672
809 1713
661 1584
442 1944
1011 1867
1530 217
1801 1233
407 708
301 449
528 1320
1712 1193
328 1621
1403 1254
1811 1359
239 1741
448 522
1045 1547
1190 492
1063 886
275 971
1395 1950
1716 1360
812 1890
1402 654
1312 634
742 1739
858 672
16 861
1906 1949
399 618
92 232
1030 1044
48 78
525 724
13 1920
1980 152
883 1896
255 1789
1084 1394
1126 1596
889 531
942 1543
1266 621
931 1598
1652 256
292 1516
1601 582
1903 625
1071 266
1778 1110
26 1027
139 1504
980 924
1706 1178
1506 1176
1416 258
18 1867
846 893
724 1811
500 1337
373 1077
214 251
108 538
947 1274
76 1804
246 648
119 186
1078 171
947 599
1308 935
769 543
1907 1989
739 793
439 1503
599 67
1938 1583
799 1075
118 1690
234 1235
1236 1710
692 1757
1177 370
939 344
1374 1503
1956 1119
448 285
1575 823
618 809
1727 968
240 223
978 869
1524 1512
284 287
1116 1411
1163 1923
636 853
1780 1194
452 1356
514 707
1175 1510
977 719
864 616
1489 1408
98 55
905 523
1721 257
1049 837
1482 1977
1518 585
575 1244
1036 1442
1790 1185
1075 188
33 60
192 175
210 1496
1598 40
1525 1992
934 537
443 990
1420 1724
1372 633
69 136
214 1379
1983 1419
290 1331
402 907
631 534
1351 1741
235 1789
1535 108
1996 498
1869 1916
1023 344
1731 1075
181 1931
315 393
1230 978
54 790
188 1308
1255 242
646 1374
1755 1258
1513 347
605 1741
53 1394
1967 817
925 1554
1185 1145
964 40
1907 560
1356 1306
604 87
420 1230
293 856
2 663
9 401
1577 1668
484 245
320 1406
1542 1722
1606 317
297 1837
1123 532
889 664
905 1411
783 1674
1479 1177
400 1365
1253 320
1985 96
1163 88
545 257
1639 452
1248 832
1785 1695
683 511
846 609
266 1945
1460 733
1248 1515
927 760
657 1036
789 1323
203 786
429 1484
472 773
809 694
1286 960
1074 1274
866 1805
1353 1073
156 59
519 1568
986 838
1749 947
940 1135
1509 362
1550 1488
29 1672
1374 679
674 555
1300 846
932 1527
1571 1308
1642 564
1490 1353
120 1958
812 861
176 1363
1497 483
1773 1674
1545 365
692 116
420 838
1072 553
226 21
1976 111
1337 443
585 1470
1051 357
1399 397
818 960
165 871
903 569
1295 1739
92 1492
923 1963
472 1943
123 997
1410 655
1184 1628
868 1245
1329 549
404 1388
1993 526
1421 13
1990 1734
305 1021
1566 1245
1909 1470
595 492
242 1148
962 953
390 694
491 828
1395 865
1870 1911
32 1282
1382 1096
203 1031
1557 1903
1233 966
1314 1717
599 1469
1777 641
486 158
163 201
1731 1468
1546 1236
922 1610
304 1837
598 963
656 454
859 705
474 353
787 1136
1011 442
1112 463
438 837
819 771
1280 1343
1709 382
510 498
1880 1259
1552 455
1130 223
780 1346
1702 1993
300 372
964 147
1672 1164
1424 1869
641 80
703 822
1533 99
103 726
140 1372
1083 956
1544 698
438 1909
899 1509
1175 1924
557 429
1454 581
942 1305
1239 1565
767 1232
1940 1632
589 28
1868 1652
818 657
98 1625
190 185
854 384
785 1423
1707 1680
396 438
704 1401
556 762
1289 1763
1333 478
639 891
544 55
789 1200
1321 1170
1194 1696
496 147
1895 616
255 290
1535 1129
849 1534
1706 229
833 17
1009 314
1883 145
559 1767
548 1432
661 1127
1712 295
1919 1092
965 561
364 160
1004 217
951 994
402 413
1363 1078
870 758
1900 1399
1312 1800
1026 1082
1335 1060
1882 1569
685 1731
1381 1958
1418 688
1095 120
752 1724
1650 1445
1051 254
1197 969
1108 1745
330 61
1722 1145
1994 482
730 1691
582 1672
772 1384
1839 254
665 1772
106 1490
1562 1553
1926 1338
1587 254
1933 470
102 136
967 1164
30 1385
512 1272
418 843
1404 479
1107 293
1075 1647
1445 175
355 2000
1420 1962
1870 1986
1427 894
807 1716
1503 1963
1397 180
1805 109
1427 1307
1703 786
548 272
1265 1378
103 1548
1760 1072
6 1390
227 1147
1138 1687
1269 283
1735 1254
522 262
1149 373
1811 1262
10 114
1444 1721
611 1070
462 1392
466 515
1978 325
1934 65
957 1739
1588 1159
800 650
506 1952
876 1437
1461 1639
129 1374
2 1988
1039 1895
1913 522
80 16
352 1365
426 36
502 731
1795 756
610 640
406 2
792 333
1714 1020
1398 1149
483 58
1405 303
1903 16
803 847
1820 1572
95 1001
955 920
97 1136
1259 1974
217 123
1838 1088
175 451
298 1760
775 1142
443 521
1554 523
576 1474
687 858
1992 964
138 677
362 326
235 875
1671 652
1872 989
880 1608
1946 636
866 1559
998 1492
1830 311
1745 1625
1618 1257
1705 1330
1286 1297
1230 1527
421 419
1553 1618
1901 898
1350 1672
372 1347
483 1736
252 809
515 875
533 1278
1403 1578
1091 1596
1900 1514
1312 1923
819 481
88 149
1907 1470
992 1019
219 1089
1787 212
573 1976
1538 712
597 796
9 1283
1653 1539
913 924
1914 1797
1429 1189
1927 1258
230 706
1754 390
34 1629
767 221
804 41
311 1887
1620 291
557 1807
1445 392
1659 1960
935 918
1820 940
423 1730
1241 1547
65 1846
1143 1427
1100 1530
842 454
196 302
1679 1276
1808 1019
563 1164
1653 1704
642 1779
175 814
1086 1240
1321 524
1231 17
1565 817
1436 1911
1473 1369
297 980
228 840
1939 1488
1187 87
362 1478
1028 1105
1046 398
1505 1896
1159 165
442 1834
114 1599
686 521
1539 283
1431 1253
24 134
333 388
593 1963
1832 1418
1193 1456
231 1317
1741 1842
787 291
1324 641
1967 1360
136 1667
99 296
371 527
48 538
786 808
894 985
1719 337
13 633
1274 1534
1327 1640
73 398
1421 1215
1686 1781
458 1983
1576 207
1453 1902
97 1293
1845 28
91 1877
574 132
316 140
83 747
874 674
1427 284
1397 534
364 1744
135 1413
417 924
1710 1396
1230 1346
1470 301
344 658
884 1338
559 22
227 537
1458 1657
144 195
1585 1278
384 1650
1038 416
455 706
872 1361
503 1005
837 1565
805 771
219 1498
724 181
194 1480
1683 1690
876 408
590 602
406 1757
1860 1026
1849 1059
1337 1271
433 1989
1376 347
1327 1381
550 936
419 182
1853 1644
303 1288
112 1071
1106 1880
628 47
847 1871
1721 1482
1594 1976
146 920
842 589
132 731
722 231
1315 1746
284 526
323 48
217 1493
760 100
1397 398
461 226
1039 1123
765 52
94 796
1931 1973
1943 1170
1781 1854
1262 1027
88 1176
718 1472
365 104
1102 1955
1292 1463
918 1514
812 681
1628 211
1937 1234
286 1536
992 1049
1263 633
191 397
198 411
734 1536
1768 325
320 309
317 1715
1482 743
1689 627
112 1975
988 1160
1507 136
133 1785
1645 658
472 1739
1394 1662
1910 542
1322 31
1068 1583
937 59
319 178
976 1631
224 1940
374 410
1227 150
450 1450
1647 1080
1838 1882
1983 855
1067 1965
617 913
966 201
1524 1763
1053 447
922 931
830 1633
1150 893
1812 1504
1039 1916
1201 115
820 1542
555 1039
827 994
1952 1975
1168 998
1811 892
1103 734
1582 1293
1735 1721
1811 1305
209 1821
1981 421
1748 400
399 1115
1607 175
7 442
1575 1249
1483 1225
394 1657
1519 895
862 586
1076 1412
818 404
659 872
1874 429
274 1718
398 1040
737 300
829 1780
1539 1709
1576 63
305 195
403 185
1638 429
1126 145
1057 1022
1790 376
594 348
966 859
1100 1248
1128 565
358 512
1623 1172
475 769
1169 921
1422 1812
966 849
454 1029
613 4
1794 1555
122 737
1019 341
1558 332
1099 1449
527 1920
1657 391
36 1901
366 492
1510 1721
1931 1838
1618 1978
156 378
1996 604
1377 88
587 518
933 542
1468 1106
1382 683
407 427
1737 392
446 407
713 976
1306 1099
1158 216
794 1383
812 540
724 1200
1810 1495
1614 241
699 1198
1197 1251
187 882
1645 1559
1017 967
24 1841
1388 843
1722 286
325 512
423 155
748 1383
703 1791
1273 1293
970 1268
1754 111
1627 151
1574 1970
818 643
1740 398
1482 618
917 829
349 1751
465 790
1297 823
1101 1385
197 343
628 909
1912 1374
1202 1004
1474 841
1866 1607
531 1828
185 1504
106 1927
44 1370
1789 921
1208 468
1139 1448
177 1576
535 1893
627 1788
221 19
904 1313
1150 744
1058 244
262 1891
1618 1350
216 1677
1705 1937
534 139
500 1344
1680 1965
1364 78
121 272
1103 803
1161 1512
1894 618
1864 681
1225 913
1029 1414
1264 889
471 205
940 1863
473 1084
646 755
321 1836
1462 881
394 1772
971 950
717 1670
311 1004
1874 1725
985 267
873 1404
1436 864
1701 1852
1980 357
735 1830
695 1951
1681 889
1809 395
1555 1883
306 1178
1786 1867
1910 1565
723 1815
704 733
1294 1180
1020 191
490 1502
588 1863
1202 1179
425 1609
1644 600
959 1784
1566 242
468 600
885 1289
1622 1234
1632 1546
1076 1737
947 746
1453 1963
1389 1429
181 686
1177 1619
739 844
1110 845
100 818
598 17
47 789
1504 944
1550 629
176 1165
1110 819
826 1083
1395 518
399 1593
396 504
1236 514
1599 1567
1828 1466
913 121
1634 1529
462 1199
1007 837
45 1314
603 1752
382 969
1978 1304
1740 1956
1260 158
462 1397
1596 1370
1500 685
1406 1263
1778 1621
1968 1063
1619 1141
135 1882
1845 1019
1559 701
1688 1978
1176 846
1674 1781
1951 1975
171 846
1042 779
76 961
1678 132
507 1991
1117 1538
181 1830
1198 1001
668 1036
1825 833
1350 228
693 751
1389 642
838 1928
1836 1479
1952 491
1091 1032
1919 54
1193 1796
1264 756
1280 1353
681 1080
510 440
572 659
1824 1654
300 430
1673 1549
604 252
1501 362
1930 562
1165 1214
629 607
1976 1868
684 1678
1911 1412
1584 257
1914 520
945 1373
1299 154
1740 812
1006 946
271 1021
552 893
458 1794
1336 457
1213 1257
1826 322
224 1357
759 343
1963 197
1960 658
1833 1956
1503 1376
115 1557
726 247
1922 1446
1300 834
1233 225
993 1128
1904 1946
1311 1474
1869 468
909 497
366 1821
1182 1904
354 73
1737 674
137 1973
93 428
1377 1075
1988 629
872 1573
1477 1468
1465 1532
1084 594
148 950
166 395
756 1119
403 925
1349 658
943 193
408 881
1690 894
553 31
1275 1538
48 1617
320 1942
585 910
73 226
1824 900
1129 1225
1182 1117
1957 909
278 19
974 1324
815 1896
135 1458
1101 1043
1940 837
1601 75
697 1161
644 640
1329 648
944 746
1241 324
1151 201
305 32
805 1707
19 1294
127 785
1492 1203
1681 76
1540 129
132 1775
90 697
765 1755
1851 1344
76 884
1985 1014
922 256
1925 1070
594 735
417 328
1491 535
1340 1957
866 1509
1364 356
633 470
728 1194
1262 1151
1320 770
769 12
511 1033
794 745
1629 773
1495 1955
1204 1468
1617 1785
1543 657
1190 891
551 1335
1695 1002
1988 1888
1040 784
1594 568
1065 739
1469 1461
256 135
1549 657
1828 987
1791 962
1014 1126
711 1888
1962 1750
1519 15
1639 1570
1821 561
313 203
705 601
331 1470
1094 1665
13 698
1779 955
861 1890
829 568
1859 1575
545 97
616 1775
1394 1802
1213 1150
955 850
302 74
255 195
1453 1499
1035 467
152 916
1420 1167
489 1409
1692 599
1437 1302
1106 996
1258 827
1756 1582
216 118
529 1659
493 1354
1585 658
1470 492
1825 227
781 1933
725 59
1059 1335
965 748
1889 1252
787 984
1709 1329
1158 569
1234 60
134 913
49 699
14 715
201 960
699 1601
844 558
1384 1367
611 781
859 1365
1542 610
1914 1995
274 927
498 1941
1203 126
1701 195
357 606
1422 796
288 1083
198 1618
13 258
306 268
603 1070
1175 252
864 366
1009 843
1275 410
1253 1464
278 942
804 1974
1871 676
1082 1072
1486 1602
1968 973
418 1521
222 539
1790 524
1181 1340
563 765
658 1071
531 1223
1852 183
1610 1097
886 1161
1691 1789
620 521
272 561
1784 1704
228 946
362 1420
214 613
380 853
417 197
1233 1603
1431 538
922 1898
410 1030
1629 37
1539 197
841 1402
68 1002
1585 391
1735 1165
1543 266
1875 330
742 280
39 1940
1197 406
1683 1107
823 1651
1759 1348
1229 505
1102 121
219 364
1109 803
1570 279
1217 1061
1127 542
560 352
1683 748
281 833
779 1998
267 690
1482 1155
1747 1781
550 1395
492 556
1300 1988
1182 64
887 202
1392 1837
1974 1782
1408 1026
1468 1397
702 165
1169 381
84 388
595 796
822 1470
1391 827
1873 72
1859 13
257 1736
1718 848
1950 794
1870 911
973 767
265 512
1188 244
1155 1539
1535 719
807 1292
18 824
751 1470
608 1976
1510 1365
922 738
1240 409
555 1356
1470 283
778 1286
407 991
1004 1017
1396 1419
1843 1868
79 967
314 1297
1776 345
1040 1811
1773 1823
1066 1763
586 489
1854 844
756 1717
226 392
768 1489
1097 1868
1105 1113
230 83
306 387
783 951
440 1009
1094 99
564 1002
1043 739
197 827
1601 349
1907 613
771 996
259 1688
1081 1517
1979 1880
782 1252
408 1820
59 1016
496 1275
1162 1870
242 1491
83 1965
969 1368
784 504
71 959
807 404
1397 468
1953 1750
1794 1746
1883 1337
415 1295
184 1859
1551 1266
739 1127
1883 642
283 1673
449 673
1466 1778
1138 1655
340 1050
1473 1387
827 1844
514 1116
1034 266
1989 1766
776 1558
1698 1781
1949 1375
1516 824
1135 934
251 479
1045 394
1663 1747
1522 1621
1257 1004
769 9
134 499
1973 1070
300 1551
1137 518
1635 1795
731 469
1229 110
1727 755
1549 955
645 1721
212 614
452 1205
288 62
1189 1084
364 873
1641 7
371 1087
684 1588
1496 594
523 1719
931 1185
400 1883
1004 1525
1398 1309
815 275
672 3
229 738
1354 1247
1859 374
171 940
367 1396
1467 764
192 952
941 1093
344 227
203 655
1416 17
270 1386
235 907
770 946
537 933
1662 1143
1622 1806
1353 523
1742 1475
57 1224
1357 863
1124 958
1823 874
838 1828
1553 370
1000 1432
926 928
47 313
1004 876
1712 1245
1396 1566
1158 803
649 1053
1970 285
1843 217
224 647
1919 834
1797 1500
39 1784
1190 400
1026 1745
1031 1940
208 1738
1476 613
724 770
1847 1558
1944 1839
267 1719
240 1275
1879 1185
78 1923
539 1727
1037 404
1955 657
998 1986
1374 1979
624 821
843 1893
495 222
1899 60
1094 222
338 1895
1228 1188
1101 1714
1541 1941
1633 1628
271 681
165 1942
437 1873
381 1839
1608 1626
393 795
1246 1280
70 1053
1852 349
511 380
185 153
1289 1149
464 160
390 184
1531 1086
627 53
1492 1037
43 1283
1794 1577
1789 1905
265 162
530 750
1028 1393
1535 1775
548 635
1023 987
96 554
569 1801
1742 214
739 909
1509 145
593 1867
174 1368
414 1355
88 1325
220 1518
319 1482
637 1371
1462 1720
106 1201
1236 833
1072 290
226 810
173 881
763 113
48 890
1735 537
16 1588
296 1101
313 618
836 1939
1809 1244
843 22
708 845
1839 636
1289 1183
1147 68
222 1669
317 163
335 1966
1336 1013
490 681
1605 1291
616 555
501 55
1024 594
487 196
1016 897
1446 217
1361 1219
436 1670
1536 1385
1681 912
1132 438
249 55
1293 1590
471 756
694 1785
934 1320
1655 10
18 546
316 1655
1678 71
1551 255
1896 1531
1353 432
569 1153
1244 1499
679 808
1032 1017
1592 371
1787 1086
711 1627
1193 488
1502 354
61 1942
574 1459
1490 1990
1634 1962
413 1317
953 764
826 1906
1522 1527
1665 1015
1312 665
597 1409
1780 1982
1653 424
431 1473
1268 842
717 1788
364 1892
1455 1330
1235 1879
1960 676
525 757
1690 1849
1159 287
112 868
1108 866
375 969
635 1040
1394 563
785 793
1786 1809
578 344
771 730
1859 1403
232 1988
545 1685
1524 611
1520 841
1128 618
132 507
404 256
431 1517
1644 530
1863 1328
523 1966
1100 752
657 1136
894 1062
662 1983
1194 1449
650 203
1187 800
143 1865
361 1696
936 1812
1023 1100
403 441
758 1991
1622 1192
1498 390
1869 149
1636 736
902 954
1839 866
1735 748
1403 271
1975 1309
1092 1445
17 344
713 907
1430 1510
1642 672
1091 186
1988 436
579 1006
173 1025
1317 548
402 1657
1522 226
1197 1038
1268 1986
1635 1954
406 677
671 1403
1577 1008
1545 1982
1171 99
491 463
1249 1067
1599 1823
1090 17
887 293
984 124
179 154
382 951
419 1675
1601 1711
1398 1639
639 1348
1239 545
1993 1029
1871 784
1979 982
368 868
1777 498
961 326
1587 457
95 487
796 906
941 1711
1301 867
948 765
291 210
1176 792
1319 569
1146 10
369 1306
846 1236
1789 868
1024 1032
1785 1288
249 956
1997 1131
46 1563
1416 1442
936 172
316 1930
576 83
403 1073
276 1825
1722 382
359 1808
519 1698
1272 459
701 1755
479 1503
1903 1548
702 103
1792 214
568 806
1218 1824
997 751
1649 588
1182 485
370 1626
383 1020
388 700
1697 1846
1153 272
752 1085
1229 517
862 874
406 1096
1791 131
394 252
1521 1753
331 1407
1369 819
66 1748
1959 580
640 107
822 135
722 1169
1663 278
1029 1467
882 1301
1391 503
704 1229
690 1456
1024 432
312 671
683 926
1598 1534
90 496
1086 1746
1194 1308
973 267
1554 768
1404 977
1611 1445
443 1034
1347 1103
1565 1664
1657 1767
1053 940
1971 1369
1071 1063
1845 186
548 1332
216 309
1977 89
1735 421
960 291
1907 1673
301 1608
1303 1674
219 1880
1437 1972
986 1520
1157 193
1747 1185
1373 1764
313 892
320 1952
797 1746
1959 1996
1913 1574
1929 265
1754 1762
1878 228
905 721
635 1726
1700 1976
1043 407
1394 1237
1601 129
400 935
1006 1995
1467 1335
810 734
944 548
782 600
375 1330
644 1325
1566 1084
1347 1382
344 1503
397 1387
90 719
1252 1065
1964 1051
424 1611
871 217
1131 1920
1724 431
696 500
28 439
1862 101
1957 1987
1477 9
372 1996
813 520
86 1206
1433 115
1306 483
1420 662
900 1168
1719 1164
1516 1156
1956 121
983 193
1418 1131
932 513
1787 855
964 242
452 430
148 1675
399 161
756 380
1842 467
1715 1635
546 1610
1807 227
1261 745
641 1566
1679 1735
1747 434
550 1458
1436 1771
684 128
352 1785
648 284
1239 1570
285 203
324 631
1910 1853
1184 739
741 194
1848 586
884 675
1359 1410
842 1095
1790 1634
1453 1637
854 1870
464 257
1620 604
397 755
1658 1488
1674 93
1988 879
1743 1241
1840 1480
1800 1407
991 44
1680 1753
43 724
1459 1782
1253 1281
527 142
714 899
612 1695
643 3
1512 1976
1382 774
1774 4
561 1504
1578 275
1463 1847
257 919
605 555
1670 323
1365 1558
926 941
646 1691
540 186
360 1294
505 1899
1324 1518
1571 1890
60 87
194 1217
1494 1710
339 920
1044 1769
1141 683
883 727
887 563
299 1066
444 1969
910 1662
158 1251
509 329
592 1091
1548 1440
200 72
1714 1776
889 219
856 1567
513 1661
197 252
1481 1555
1783 1842
1511 207
356 1619
1866 1962
1354 134
1248 397
1725 117
736 209
1273 46
385 1831
251 1851
341 1198
290 1660
1307 693
1535 315
1964 753
702 1421
1673 740
334 1588
686 22
559 913
121 765
1034 461
1709 1647
1382 53
78 1848
637 98
1945 1793
379 350
1338 71
89 1086
1105 976
1860 1072
478 1414
314 495
208 166
1370 468
303 1728
445 1299
1483 1759
1229 303
1999 319
1787 451
1455 861
560 346
378 397
1669 1527
1010 1930
1948 1362
996 1737
1221 556
1355 1654
418 1524
482 646
1619 614
221 277
425 214
1612 421
335 861
1008 889
881 205
385 653
1951 1472
1932 1800
228 1660
1939 220
1775 1099
1226 1447
1985 366
1862 457
661 872
1180 136
1491 1081
1120 1225
242 602
1378 369
479 1830
135 730
1498 1402
174 900
1066 178
1396 1373
257 584
1582 1050
1500 266
1330 147
1290 720
346 1204
1469 392
1552 900
521 1608
321 1198
1494 1573
1955 1077
180 1255
1644 180
1962 795
989 35
615 937
1083 1659
1779 1990
864 307
1733 749
1606 1909
335 869
502 1033
1668 856
822 380
236 905
1799 1186
646 1304
976 1488
1297 1702
616 1143
1612 557
1958 513
58 72
1054 1738
1681 364
263 139
1169 656
1372 953
860 197
535 1363
1895 162
242 812
1053 1086
1404 522
1450 1237
1263 449
1837 498
661 133
329 1508
993 605
1364 580
1480 1893
580 107
477 1645
15 312
806 541
937 1133
326 1483
384 846
757 1949
206 653
107 1428
1280 1764
1582 297
1070 765
1552 1804
780 1039
872 56
1312 1205
1847 991
1762 1129
1335 1771
1396 667
823 1463
491 1206
913 1041
1381 121
1836 1348
618 1211
1796 994
876 1655
364 803
1747 1608
1821 337
687 1717
977 1020
670 425
20 1994
1673 1339
1507 316
98 1794
1811 1194
513 1247
1958 1929
1947 1428
847 948
1790 1428
1400 1339
404 1844
1951 720
1591 1641
1248 1067
1688 312
1598 799
1146 966
1288 544
1333 1774
376 1662
1150 1402
784 677
567 682
1819 975
493 517
991 282
650 1074
774 1332
1590 594
1532 402
1920 1610
781 200
1408 1438
693 1420
1787 1364
1855 1898
22 212
1825 451
1477 1744
688 1028
674 1515
700 1795
1963 573
241 1122
328 1715
960 132
870 955
1331 439
605 1946
738 265
1824 244
957 745
946 1550
890 1724
1464 1667
325 399
553 1956
1676 400
1715 74
1987 1233
1846 1076
161 1539
274 1314
970 711
1341 948
1106 66
1733 338
1834 727
1799 1303
1760 150
363 1119
1831 1158
865 1191
1762 1498
1340 1763
1877 964
1739 1275
962 633
390 246
1720 1793
1960 784
1446 783
171 1906
385 406
998 490
1060 369
1600 1970
1535 1745
1392 1313
1408 1542
608 272
1473 796
1643 280
1470 1348
1477 616
919 875
1200 195
746 1881
711 517
379 100
819 1475
681 1586
765 402
1423 344
985 324
1324 1991
1402 1791
205 1649
318 1872
800 959
288 131
592 177
1694 76
313 560
1641 803
144 1713
1514 1296
640 583
1243 1455
1030 733
575 665
1991 907
232 1179
1209 311
1559 1043
861 636
1548 1236
842 1508
386 818
1809 643
821 682
215 779
1453 681
328 320
853 377
26 1233
1266 1846
1685 730
13 648
1339 1426
1383 697
1939 1935
283 708
87 1498
1479 1483
1285 1925
880 824
75 614
1219 1029
22 99
1611 1502
1117 510
414 1673
1945 659
1288 1674
1677 892
1345 755
169 1662
646 1272
134 1324
1702 273
510 161
1937 928
742 1568
1397 1053
1141 10
796 511
477 473
296 1183
1357 1862
1980 241
1196 1696
112 862
244 1447
1956 572
1795 828
1479 831
1246 606
1472 1089
552 614
1926 1914
1147 1443
222 1446
1753 682
1834 1201
363 604
72 267
607 1381
1068 249
312 378
704 1036
97 1992
450 152
570 898
897 351
1416 761
878 1564
443 1089
991 1287
599 118
389 1735
530 539
1713 1762
493 103
4 886
1971 1174
149 1643
398 86
1445 1731
587 551
1027 770
1378 806
700 798
326 1853
1989 1798
1530 989
449 1838
1938 1476
598 1957
1337 57
1557 414
1463 1507
713 1009
328 1361
1461 1795
499 1268
1861 520
1754 1853
1999 635
439 1034
1451 1576
346 669
1271 1969
1310 1533
1549 1179
830 235
762 663
1076 1555
532 625
571 1245
1754 78
1401 1182
1037 1288
546 1225
45 1166
767 1669
677 237
274 775
861 1388
1772 606
1094 630
606 1903
1394 1300
1871 858
1130 1201
1405 1268
229 1895
999 839
1954 1924
1757 1524
157 891
1081 619
423 1322
1671 844
131 884
1510 544
1551 778
1263 1000
314 2000
1138 991
661 1708
511 415
631 1170
22 510
1168 176
1886 1919
839 435
340 533
326 544
1342 1898
891 1982
1671 336
819 929
1142 1461
1248 1089
1695 733
1257 481
300 26
890 1494
1026 84
1621 1353
717 1703
590 911
978 1641
615 328
1722 972
1501 1627
1563 1472
401 774
1765 1222
331 1193
792 1669
1798 1205
1555 1912
1746 1781
1751 568
1308 1080
1094 1107
854 738
1410 1852
109 345
1006 921
1202 1210
886 691
1114 990
1111 1562
323 263
164 769
436 46
18 1751
1199 1371
429 1507
265 386
1527 24
177 894
456 1331
1604 108
1971 1379
1502 1460
1332 1839
947 715
1244 627
488 1764
838 1156
914 1708
688 733
634 1589
732 1506
605 876
416 1008
1629 939
1352 1199
1356 123
756 1067
1148 245
1321 1967
1616 79
510 1716
267 1208
1305 1384
2 411
110 1512
313 842
59 1850
615 629
1708 1498
730 1597
783 565
1055 1357
944 1267
437 1358
935 1219
1170 1656
192 211
1114 1622
1997 689
517 1263
1107 643
1054 1438
574 1732
1471 1374
83 43
1978 1134
1708 1653
5 521
516 581
1554 1573
47 1718
1226 110
1915 13
336 524
633 362
283 1079
1975 720
126 1781
1615 1913
475 1724
1920 946
1677 102
1444 1312
1135 548
643 5
554 1833
211 195
1324 821
459 1931
427 901
173 1689
671 174
981 299
1674 1977
629 560
477 1827
466 1288
1496 1909
1316 928
1922 1981
772 902
1108 578
225 827
1885 278
1002 533
1961 1342
271 978
405 1484
1608 165
8 698
1260 1512
709 1150
1394 1974
1410 1971
1119 1447
1801 1302
1626 1545
97 1234
1864 1144
247 64
51 493
1234 1886
1252 235
475 605
775 1940
581 1989
998 779
880 1974
1353 901
380 1913
1357 289
967 1901
22 536
1385 1524
1825 119
29 1844
1313 347
1610 1491
1059 1451
965 600
234 1490
1868 1951
1254 914
1412 153
492 1950
1896 188
1672 877
1298 1996
863 1554
1033 981
1437 1887
558 920
1648 841
1976 227
710 183
1690 849
92 762
1874 1278
629 269
1224 1251
1701 383
437 1689
91 1094
80 1185
661 378
1961 19
40 355
538 238
1405 1438
1688 1892
747 1792
1693 1217
1764 567
1013 1509
849 524
1296 1997
853 920
1245 486
606 672
1738 57
1957 281
1703 869
1707 1366
1143 1068
363 1501
1131 400
428 175
287 740
650 63
384 13
1511 1602
1204 1427
1066 864
1117 315
1504 509
1896 943
1490 192
1384 1603
1660 1060
1665 364
526 1310
109 1946
586 1037
1462 58
1171 1979
971 637
46 1411
1496 1216
553 877
419 867
560 1599
924 988
1461 227
1922 407
130 159
417 531
1407 126
469 90
699 1311
1089 589
337 1464
1905 739
450 889
1506 1582
535 536
1536 1815
1644 1800
846 715
115 1919
1001 1102
726 941
1745 139
936 1727
788 1728
661 830
1950 1898
1219 764
961 28
1830 268
87 1030
1318 240
1710 1238
54 1945
1963 1937
1092 1257
156 1437
29 1929
1223 173
568 281
1764 917
1564 879
1838 372
142 1215
1384 987
1098 681
1370 658
14 682
1335 1104
1496 1742
1469 94
738 603
480 1848
1570 1579
597 771
46 251
165 1126
1422 762
1268 712
1851 964
705 418
85 1268
1247 1458
433 39
1376 569
1302 273
592 1256
1966 760
1472 786
204 1490
1327 838
502 1991
1207 748
472 1174
160 1896
988 166
1746 1226
1880 232
1626 532
1513 1333
1990 1985
469 1399
922 1676
1525 1630
614 1879
966 516
1983 1853
1503 1831
1902 1351
936 618
1448 1406
1703 926
1869 1522
1360 922
435 1133
329 1490
1777 1071
539 1543
1818 503
787 1905
1331 772
1857 992
471 269
365 1802
1031 23
1076 1318
42 319
187 1722
39 1973
924 1243
120 1671
996 3
1377 840
1003 793
325 1341
1639 1780
455 556
1860 403
557 686
299 322
1001 111
1493 1314
1207 1556
716 17
14 1764
1475 1552
1714 840
1645 564
196 143
400 426
291 1079
1903 521
796 8
134 1723
421 1151
72 1522
1723 383
934 186
888 884
1713 866
816 1317
1775 823
1118 494
415 755
87 886
878 615
360 1658
1662 1259
304 692
1597 1668
965 1501
1673 76
1378 218
642 1808
1512 1880
1095 1098
428 1549
642 375
779 184
623 902
446 399
519 1099
1684 1263
1352 1904
1370 537
416 1084
268 53
1211 535
1185 900
486 1648
318 1515
1907 911
604 1716
288 842
1254 730
666 19
528 1900
1807 556
818 374
913 1318
1959 1697
91 1964
811 643
1528 879
352 236
1489 339
836 854
1 33
1947 342
1290 639
1594 1953
690 655
134 1839
893 1012
72 74
607 1210
1928 553
1202 1990
1075 1388
1623 1146
1259 303
90 882
1358 401
385 428
874 1446
1351 1208
1155 1365
638 779
417 115
753 1879
1737 1997
340 1081
499 1405
1624 517
1539 1800
997 249
1776 1472
1730 1765
1854 1255
53 1869
1204 716
1269 560
1672 1334
473 38
148 1406
1342 374
532 1949
459 87
597 421
1337 86
786 180
565 862
571 1306
704 840
557 803
945 1821
1557 141
236 1982
8 219
762 838
1260 1609
1026 1789
123 256
1675 1284
386 840
828 1673
568 1939
1559 910
1520 1909
784 1391
754 565
1074 514
846 1501
1169 1832
1277 1863
1293 1698
1872 873
1724 1162
216 547
1551 75
603 81
1611 468
46 1501
262 1037
1392 14
943 1617
239 721
511 348
1110 408
1610 1904
112 1620
298 108
1190 222
718 609
155 1609
1098 451
1193 1593
750 1206
162 679
1158 1385
1727 1640
1856 1615
1363 989
952 508
325 314
1141 80
1178 458
1842 85
1694 1010
1791 394
673 642
1337 1387
105 1780
1196 1754
1032 1547
468 1320
1881 1382
1934 1304
815 1448
949 998
1359 175
702 742
868 714
502 1941
232 1976
602 1366
1688 1477
707 370
1340 1608
1711 427
1718 413
1322 880
1688 928
294 920
1047 1405
974 279
1646 508
1452 1869
1611 1372
410 924
966 1493
380 130
1985 1171
334 1443
1300 854
693 52
1818 705
54 1654
1269 865
1788 951
1345 1969
1041 884
1975 1769
446 508
1908 1724
1193 689
357 1819
1543 81
787 32
1285 353
1952 572
1843 1291
1331 735
637 1404
427 465
289 1868
141 1699
1769 1635
680 1247
1084 922
1239 1008
1766 1296
1 104
350 122
705 921
1533 1171
1406 1411
1414 1551
1719 598
1464 1445
771 467
843 55
292 311
1050 1067
934 453
1184 233
502 1596
836 1332
1481 1320
1979 890
882 1206
842 1617
1965 835
1605 1260
1725 503
1965 1320
881 1626
595 1684
1093 637
83 488
816 1995
64 1888
1600 591
18 517
1789 1045
777 1052
403 1221
922 991
1240 78
167 1214
802 697
541 1993
493 1930
1583 239
679 969
1276 779
234 38
86 1999
1401 976
1124 1147
1698 1206
630 1672
1165 147
637 740
263 1014
125 304
586 802
863 1126
738 617
208 1572
872 971
895 1873
731 1936
604 386
256 1962
521 882
1881 534
51 1903
1701 1795
1574 531
1065 1293
1429 448
1324 1220
1841 1652
1493 969
564 679
179 1859
1336 1036
621 1278
1009 1584
1029 1047
830 609
861 726
192 1946
102 701
1778 1176
644 1710
312 207
644 108
1137 559
1870 471
143 250
627 415
1671 1934
468 577
947 1336
308 1862
216 393
488 1710
1578 1189
474 1985
1915 472
760 1094
1011 538
1343 841
1352 766
1781 1087
1172 1865
1857 583
1571 1361
540 947
743 660
176 1254
120 1064
194 371
434 160
1303 1558
551 269
833 1796
63 1935
715 49
1683 172
1972 1707
876 1930
140 1788
1729 702
117 268
703 1867
1696 1781
1493 1857
1814 881
1779 1604
624 962
218 671
611 96
557 1522
1493 230
942 340
1740 488
1993 1062
349 40
1062 196
367 1187
425 744
1866 1747
1764 1845
1093 482
814 253
687 369
1404 1765
1833 59
530 1740
1851 1454
751 1150
1003 506
1510 661
1919 703
541 972
871 69
908 465
87 1594
149 513
1742 1076
1286 1786
1604 769
1795 182
922 1593
1661 1468
426 1158
491 46
1539 1014
1027 170
1945 435
1251 1172
1656 1316
1200 726
1735 1470
441 1761
1811 1046
248 452
1981 678
1451 1511
1144 915
1999 1965
1292 1953
1402 599
25 1782
1769 1218
256 37
364 1086
825 1460
1127 203
350 1145
318 679
85 664
584 1042
913 1925
1906 1142
21 184
975 1219
557 378
1221 787
123 1694
91 232
1456 236
1790 123
856 1977
1445 112
197 1232
469 1819
824 262
1693 1546
1785 1625
1753 1319
5 217
669 98
1990 1016
247 410
175 1477
1692 1042
1492 1324
115 1596
1616 367
1111 10
1166 1401
1282 1086
650 1716
1258 605
1890 1850
340 1754
727 1781
329 539
1400 1819
1477 1362
1774 408
870 1182
241 1516
681 1887
79 528
703 1580
1900 1218
526 81
1321 426
1635 1731
837 1392
402 1743
1123 439
971 1922
558 614
830 971
1646 961
1089 578
1411 1950
1044 1541
749 265
717 1087
883 811
78 1483
350 364
1037 972
945 444
172 1184
889 1746
471 715
105 1219
1692 688
1751 1551
1587 1750
1996 410
469 659
236 642
1138 622
1169 44
1400 1841
1657 742
545 1232
669 1258
1591 1047
469 1064
2000 1244
1063 1180
1070 1706
1986 1283
1547 981
392 1273
175 726
535 1642
258 286
499 1747
177 470
1597 184
195 1693
1230 1879
1889 400
167 1315
580 348
656 260
478 927
1015 1196
1945 1941
1815 327
1582 54
53 1593
1109 1376
1791 1582
505 1164
876 901
971 695
558 1909
793 463
902 1623
299 1830
585 1645
607 1819
20 184
1380 1412
829 1162
1682 1434
375 180
1816 1880
324 598
1765 347
861 1817
1548 311
1253 55
735 1164
1410 1116
233 294
628 1439
476 924
736 1517
185 345
796 335
999 1360
1905 729
1598 516
1658 1523
662 1376
897 1780
495 839
115 1929
1132 1006
138 752
739 1981
50 1828
1879 1740
1586 1223
1085 1292
848 789
774 1581
1353 888
1005 1589
1943 697
456 910
940 1184
333 804
997 1805
1463 1812
1407 1398
241 1305
660 1459
1415 1723
206 1769
1292 604
1458 436
1331 190
1370 728
162 851
434 972
720 1225
772 1115
1423 1323
1545 1777
1796 99
1044 1672
129 1675
1879 1522
786 1095
48 1573
1189 6
110 871
382 200
737 975
278 903
1809 121
1493 496
179 1450
1638 718
1799 1038
254 1786
577 599
1170 1304
1513 1379
1706 1573
1643 1250
1651 1157
276 485
254 145
1838 367
980 507
872 1257
270 817
846 484
848 1181
1099 724
1560 1122
1583 270
421 1096
336 300
1777 1125
1313 1174
488 247
859 920
485 1905
1818 445
56 1327
884 381
688 32
1299 512
750 354
565 1522
1255 1475
960 1248
565 855
1102 102
1395 24
95 1847
1715 1741
466 1064
1134 439
124 152
80 222
825 687
1740 563
318 712
158 1585
748 1489
398 64
1087 212
1359 659
933 1820
36 537
729 1540
455 6
1287 551
1898 1586
999 709
856 365
549 694
867 47
101 1515
1319 1595
177 1483
1724 1097
1106 880
152 1507
758 391
1622 1640
1120 1256
396 214
1318 37
1191 297
1272 787
1963 1988
479 1799
1343 754
3 1760
1774 178
1811 164
15 1505
711 1924
1889 1128
1396 1468
757 198
1516 1865
626 901
1538 1063
1543 1038
434 835
226 481
1538 650
173 166
1374 510
1305 1557
1030 1818
703 1258
1588 1872
1388 1570
1828 711
288 1199
571 364
1934 1755
502 1128
762 497
1944 486
1246 839
132 1203
84 1400
1301 291
1506 611
1181 781
1054 1573
150 587
1188 1791
99 1525
323 901
662 1666
403 1777
1572 49
108 804
1618 819
1678 1129
795 1436
158 233
1788 1107
1459 1205
1756 165
1793 1877
248 1587
1869 962
1138 1612
1463 785
1124 1551
515 1825
808 1333
612 379
1430 1676
1949 1398
264 851
799 1357
271 906
579 1702
241 1979
966 1521
1250 1841
473 1559
1091 495
1787 1050
851 870
1222 1323
268 794
964 463
491 1175
1310 1770
1402 1675
1097 979
583 712
1563 1014
810 1492
1450 261
1308 1147
223 201
331 1727
152 341
1304 322
1573 1569
1055 1219
596 548
1622 1048
1621 1086
1910 717
1947 1653
183 1532
97 1359
464 982
1499 542
1764 2
602 1618
807 631
1750 213
369 591
23 452
316 178
1460 1623
1630 1647
853 405
1208 252
1319 1452
214 1617
182 687
1125 1389
1198 1263
1738 564
961 828
445 985
1535 894
1392 504
1286 1102
1036 1370
54 1209
1823 893
591 1474
1168 937
852 66
619 201
1919 1328
1685 45
700 1826
1375 790
580 259
794 199
1070 1684
712 388
1776 173
144 1772
990 1711
293 1129
380 242
240 553
314 800
261 871
286 458
1761 1436
1051 898
477 421
1436 600
1249 13
1927 518
1401 186
1274 424
665 1920
1094 247
1366 1416
785 699
271 592
1268 1766
814 1738
349 540
484 1476
976 1322
483 534
1580 1593
607 1233
19 1688
436 1500
1750 1373
1169 1006
1520 1106
754 1814
1199 1122
1404 700
392 437
1390 1019
1300 487
915 835
1357 1598
1041 1349
1539 450
202 1703
511 1459
1669 1604
1602 105
983 257
654 1471
1981 1242
1843 1493
1215 1670
776 1840
1900 910
1370 129
1810 1442
1022 1172
1084 1015
597 368
1955 1648
1496 1387
876 1737
514 836
1010 1751
703 1672
975 1719
910 6
1500 1314
861 1528
1475 1328
107 1604
1859 1937
543 1376
1424 1778
1668 413
1940 730
1391 568
1559 1322
1322 209
1467 1048
1928 1558
1435 786
1034 1607
178 83
1446 182
703 257
443 861
1259 711
1132 335
1939 275
523 615
1360 1602
613 1998
1258 1185
1957 155
1535 995
1996 375
1445 503
1212 454
202 319
700 18
1915 769
725 1601
656 200
1299 1678
326 916
1269 132
1655 459
1349 1274
891 1986
1040 1554
233 1600
1582 1002
148 323
1072 1411
1116 648
668 763
756 15
1455 1317
1987 1083
1014 707
1962 1099
1814 184
470 941
1376 404
1362 155
387 1451
684 435
723 303
1493 799
1207 1
1871 46
610 1147
840 1323
1772 1845
1271 1438
494 1770
1885 1778
1700 902
385 1045
102 747
1100 1062
560 944
644 1744
1234 240
824 750
687 1966
508 1753
175 1274
296 265
1946 437
145 1459
1238 603
1400 1379
486 1908
126 80
1413 309
774 1905
185 1267
852 1101
1138 1910
1262 1552
1272 1340
1120 845
315 1305
1323 1986
1440 492
1737 586
1458 1117
928 176
1949 165
773 72
1225 1243
1505 1157
360 545
1886 1076
1284 1648
1660 437
168 1448
1875 1182
890 369
636 877
710 428
103 1320
585 1081
170 660
1344 534
1196 527
1934 293
1893 361
1973 449
1016 1435
1544 1727
1521 386
1559 1090
151 59
762 38
944 1127
1633 1237
1835 1561
1752 1895
607 91
1202 942
5 914
1405 1173
930 1389
1499 1380
1361 1111
522 1115
934 529
902 1807
1895 1218
593 1017
856 1577
1132 450
816 1968
1517 632
788 1086
1685 637
1770 1144
101 559
1166 271
1131 1582
1300 1797
1731 1083
1159 706
1491 627
1774 1747
68 335
1135 1055
1778 244
471 1646
296 562
619 1560
600 608
1307 203
718 1948
1179 1690
551 1487
1552 324
1437 734
1109 1569
332 1287
1077 1399
671 26
510 1850
399 455
1342 837
631 795
1418 1725
78 130
528 1671
1348 1642
1337 1611
1821 1001
1468 631
705 1329
945 1506
1991 1893
730 868
589 159
273 1233
423 35
1758 1519
1866 529
1156 815
1652 1399
1891 958
937 727
1414 99
1273 1531
574 1520
1425 95
1568 790
1786 801
904 375
1572 466
1150 1698
1282 1140
1692 655
1985 1971
1604 67
1920 2
1636 380
1585 938
43 1503
294 897
1317 100
174 603
891 967
1352 595
15 1629
1617 89
1264 1807
1564 608
1843 1579
646 1605
1787 1469
1660 1701
653 727
233 1186
286 1204
201 744
699 1913
1584 1789
823 1143
1305 1004
1734 1859
1030 1646
1196 642
85 1531
603 1286
451 1045
1069 1393
1786 773
211 161
1834 159
1839 1942
1 419
1322 459
1790 852
1013 28
1273 1651
854 1040
1128 1626
1838 430
44 406
1612 1411
1194 528
904 1130
816 342
726 1993
119 1167
1851 926
216 1494
656 1875
1286 1711
1067 1426
237 1823
283 1044
241 674
56 1518
591 134
1052 692
921 1966
666 473
134 1777
560 620
1853 1933
660 269
554 1800
826 117
678 1610
1197 34
918 589
1336 556
1704 138
162 1953
978 1727
46 1047
924 1477
712 695
1471 1435
121 322
1369 679
762 1061
1885 375
1689 20
417 525
3 421
868 93
504 1448
1976 599
734 930
185 295
153 1517
1347 9
854 1831
999 1290
482 1615
1079 710
344 320
97 664
44 1153
1333 1979
103 1791
1939 826
138 550
32 45
415 1018
1125 1593
1131 116
410 1766
1756 1689
1650 180
1901 1440
682 1694
806 72
1345 1582
421 405
870 1091
340 202
1320 1608
1894 1110
1504 1161
1218 443
540 83
565 1536
731 824
1197 783
1411 1748
353 178
1014 1885
452 674
680 965
509 1819
313 1008
260 553
1295 451
1786 904
1970 3
1827 1082
249 616
1114 1980
1990 1973
363 1408
1499 1098
736 202
1234 713
1898 608
814 989
853 953
784 208
1118 1903
1012 94
650 761
276 1568
816 193
1351 1459
138 469
359 1553
1869 1054
1413 1820
360 1940
329 1606
1876 462
1445 145
1244 176
485 1831
1251 1140
1523 507
1478 1222
1457 10
1550 1594
1843 556
264 530
1647 1522
1080 1388
928 745
1107 108
1654 1322
985 1212
1257 180
685 835
1665 333
1423 629
895 1082
1653 830
973 1630
1160 1299
1109 848
212 910
1348 1856
641 1666
1699 297
883 1491
841 829
1399 1003
1380 1649
1574 1301
889 1466
1544 1864
1341 1966
1393 1199
1327 1775
538 1401
1387 944
335 1037
854 23
345 1905
1834 1777
697 472
1457 1719
19 196
243 1102
817 1187
786 656
676 1890
107 1181
1506 1585
272 1292
298 1768
115 1884
1296 1311
182 878
1671 644
1286 674
490 811
1797 1966
209 880
1131 1529
1592 1653
359 258
456 995
1987 1921
1451 622
1168 744
1186 1633
409 1735
1389 166
1320 435
1407 1325
819 1804
241 1228
441 1238
1495 1138
1776 492
945 866
1370 629
844 620
220 733
858 996
1856 291
390 206
775 1433
645 766
1696 1888
484 1670
1941 886
1057 590
1355 457
1391 127
1606 1794
1841 1270
1147 619
1387 56
1605 1430
709 92
1229 685
1006 1226
1163 619
222 725
1013 758
63 595
1972 543
551 897
337 1569
1119 1914
1520 758
739 1102
1162 1181
987 372
135 323
1565 777
1613 620
228 880
302 1243
290 399
163 999
329 1523
1770 956
1553 978
1205 1647
66 1304
417 1836
1281 55
965 1574
859 47
485 1964
453 850
199 1906
1735 1107
1811 1923
93 296
834 1443
605 1188
1264 1368
1741 1834
1857 961
681 1388
1109 1088
1702 1259
526 580
268 844
895 1455
286 1693
1432 1955
71 1477
1418 218
1629 1336
1577 1107
191 256
431 369
1659 938
1032 1164
1108 1407
317 1590
1062 628
804 844
52 1001
695 769
557 1140
408 1524
1327 1648
538 1228
762 722
1834 1892
1580 896
1087 1700
823 520
607 1568
1456 1506
1679 892
722 1008
1946 1945
1805 1122
1921 1945
1865 1231
381 602
131 41
1053 290
1150 1022
1777 80
1925 1986
947 139
253 656
965 1470
845 823
1230 1354
1110 300
29 1279
100 1297
467 110
808 82
660 1171
1403 1471
773 1436
268 1644
568 1246
1868 335
1102 1075
551 1819
1215 752
648 1610
590 1672
1773 326
1243 1479
1542 923
1104 691
274 852
1599 1372
1791 294
1994 4
1205 777
311 1576
1620 190
1878 1650
1290 1531
193 1161
1991 1713
1002 93
1966 1853
400 529
259 1750
927 467
967 1394
639 1681
1047 878
1801 1886
436 1510
886 1094
669 484
1460 1297
1598 1051
1390 1450
1692 1424
1865 1020
998 451
1535 1592
1560 1794
36 1762
4 532
940 328
725 1274
89 1924
1192 1221
1802 85
1888 1225
1617 1837
1377 1428
1788 814
111 396
1810 1112
713 1224
1462 1775
286 1544
1178 734
920 706
1842 1865
1243 1576
1106 675
1425 603
1134 151
1938 1557
1136 1132
553 672
1694 85
560 1220
80 510
578 21
1929 1956
352 1454
1548 1069
1619 1383
1047 1238
955 1190
1474 970
1594 1375
729 129
215 1946
1272 1356
1833 1349
1361 1168
606 1549
1220 1117
1035 1799
798 1394
1207 510
1738 1482
1703 1976
316 1698
1048 216
1346 419
1351 674
119 1531
1793 864
1597 1850
1869 1589
1281 1076
1233 1135
1251 482
1103 1357
884 1429
1154 641
1027 1941
86 1875
1773 1655
220 193
1843 23
1647 1061
870 783
1935 559
1596 488
289 600
971 1416
1292 1882
791 381
480 493
28 1187
279 585
46 300
598 126
1955 687
1722 686
945 902
1176 343
1835 1413
438 1713
1344 1464
1468 310
1966 45
1033 242
792 1571
1827 1629
730 551
582 460
640 1859
1973 67
112 1234
1820 690
1126 137
349 935
1424 1439
1368 753
65 1040
1813 311
1559 1815
1195 512
1637 1999
367 199
1054 1989
1591 230
1035 605
1598 1158
620 1461
1706 1224
1419 1084
991 1326
1630 1271
392 362
987 1575
1263 198
1597 674
1503 727
1964 107
1106 383
1092 958
940 451
262 723
656 778
986 1
1836 1881
3 1269
1345 1938
997 399
1320 1948
252 1217
241 1691
493 47
1695 267
1352 1293
448 303
1810 1487
125 1129
286 1527
1539 1378
53 392
1160 1972
1772 630
685 1927
1402 1643
1526 1405
869 598
1664 1800
1542 5
1835 13
1930 1599
656 336
27 146
357 1447
1631 1371
864 1989
1966 832
1659 830
331 312
426 1248
1424 1575
462 1526
1368 1641
677 1897
432 1157
1537 1912
1173 1099
1790 1175
5 600
669 1505
72 519
747 1589
1909 1351
443 928
634 405
182 463
1273 1888
1023 1809
761 1850
961 604
1480 1020
1427 1239
1724 327
68 1694
184 1183
1286 1902
753 1426
806 1636
813 440
121 389
807 1176
121 280
1832 224
1908 523
1389 1875
1502 316
1585 1560
909 437
1403 1093
1091 1415
1186 933
409 899
600 426
1040 1607
231 884
190 565
473 1028
1197 355
1437 1300
1399 366
279 706
798 310
1791 1723
1672 1907
228 1682
1395 406
1033 1983
1104 921
1844 9
1436 888
712 2
1519 1017
401 797
110 345
834 1570
20 65
1320 1900
1860 987
117 1091
1152 906
1885 440
603 424
1726 996
303 1070
128 482
1548 40
1645 1260
1972 1144
1246 1097
741 1935
614 1431
12 1840
94 1606
1100 566
1002 1948
1052 1609
1653 1634
1206 1658
1042 1787
540 226
1579 416
454 599
96 867
1823 1813
1470 1607
686 950
527 502
1318 423
859 398
294 127
121 248
1666 1495
379 1893
787 202
42 1919
611 1634
1183 680
427 1707
300 1211
618 842
1190 1916
1672 971
1335 1405
1801 288
1479 359
1824 774
1876 1336
1254 1399
345 1260
1918 990
1542 368
314 660
85 1473
1083 1798
6 1371
702 1668
465 1019
1791 1830
250 335
400 106
1640 268
1068 1293
671 688
222 809
1308 1852
1605 1074
1866 1778
1481 336
323 1190
1112 118
1176 854
722 1716
856 1790
1441 1398
1870 1797
362 248
1358 985
809 508
719 97
121 1101
754 1190
726 1927
686 1838
661 1816
753 1295
96 118
631 1054
1608 864
1624 1906
82 57
746 976
1647 926
1135 1130
1418 1303
257 83
1825 1254
1352 304
1407 362
586 968
93 1340
334 322
678 1960
1395 1670
466 967
1476 913
1937 673
636 1222
1930 570
1874 1576
521 536
890 985
1807 1004
1690 1998
984 1202
1779 1501
2 1183
735 1683
592 675
622 1937
1459 1066
320 870
13 1687
211 867
285 56
472 545
1541 1217
419 1146
271 965
165 1602
1772 1237
847 1718
1790 154
1260 1409
1758 1408
923 1230
1246 1204
1580 204
1181 1349
1892 1276
1489 938
1326 1472
1294 590
247 123
284 487
1139 437
1088 885
1872 751
1916 1867
1012 1301
355 10
489 1052
987 1293
527 1766
1397 1354
1357 164
1201 1239
2000 1125
993 1120
1915 1769
562 907
237 1172
1931 745
921 1132
1313 178
870 1209
506 132
358 1517
536 1409
1656 598
900 478
1822 877
21 1043
1977 1584
1792 256
1741 867
1907 1607
1284 1680
81 1525
1388 944
191 852
1923 583
604 1991
1669 87
712 1029
717 1056
862 27
996 1129
1457 745
117 64
1167 1131
1097 1602
1767 296
465 1163
433 129
292 76
723 800
1398 1852
1020 1202
1082 1461
1675 1988
1548 590
1912 1148
8 1462
741 908
1700 401
178 294
1674 1376
535 230
1220 574
563 1493
1081 1380
1155 941
1946 928
1586 507
740 1755
1441 808
1893 1736
209 1593
686 1973
177 503
1392 1998
1212 185
493 1621
308 1467
338 1916
1950 1019
1353 1665
1138 1349
1744 1282
453 531
1975 1825
1183 1685
1407 671
1767 1667
111 56
1584 1322
1490 217
1236 1557
1665 283
946 1083
1335 1987
1305 148
1797 151
212 848
876 1359
698 375
1620 1762
1563 1722
1809 885
1295 742
1212 771
908 762
20 1778
153 305
778 286
1133 1272
1559 1718
1216 1266
1068 1907
1176 1881
277 1354
817 1177
1315 1254
687 1299
620 1814
1983 491
1524 252
1118 648
1779 1047
1706 785
922 615
1915 1634
771 1493
815 1294
1046 1364
1159 1231
724 414
355 525
439 1864
1748 775
121 1991
1865 2
529 472
1107 249
877 264
1963 277
1504 1118
932 1759
646 1893
1495 1092
1557 1209
925 946
1815 625
1759 1619
1102 882
1384 1375
833 1487
1370 1310
286 563
1316 1972
1178 1689
1344 129
1722 1498
179 558
419 127
988 1652
1182 1328
426 833
723 173
1846 843
1576 1915
778 1430
875 934
938 500
1813 1102
882 1910
1346 1433
1772 1723
1645 1731
1511 13
335 800
909 977
450 1942
1467 939
916 1939
609 391
662 139
574 1991
835 1733
687 1580
544 1302
966 541
807 1563
91 1398
1420 434
1445 703
99 599
380 877
1397 1708
1959 585
626 1281
1346 1402
1795 1016
1788 1279
1756 817
979 595
213 1175
86 1423
1585 447
280 1720
481 1139
1539 1702
1832 1468
446 211
1204 1039
506 550
1280 1623
679 1807
1981 977
402 813
510 730
1695 71
208 100
1120 235
35 1173
53 68
1268 361
532 1907
903 1435
1381 54
1736 27
539 1065
1367 103
751 71
1690 1752
1211 1623
1827 825
1076 459
1295 875
412 20
1562 554
489 654
1177 1608
977 1326
1055 1855
1613 1857
817 873
1940 483
1947 1497
381 810
1525 765
153 1293
501 293
1259 1109
1340 678
713 753
934 147
973 759
30 1558
1662 597
1169 1994
892 521
1252 1549
55 1571
1074 1609
1812 1711
1300 1531
656 1382
456 600
1378 307
642 1801
149 539
1680 1385
1385 1269
633 888
1110 250
1666 1844
1534 1162
384 1668
554 928
405 1549
1218 347
1497 784
734 1058
434 866
328 481
1083 869
1589 1757
1217 1957
1312 395
1017 507
763 747
423 889
1284 993
200 1519
1344 28
1418 1343
1987 1314
528 1797
1828 742
1406 974
1835 1218
387 1170
6 952
818 1778
854 423
1373 48
133 126
1330 1952
1633 668
683 1160
1315 235
469 1507
930 1879
1213 1560
1506 514
132 757
242 1483
1259 326
69 1674
881 956
1784 1595
189 853
523 93
1720 1982
1039 1085
1618 786
253 366
403 171
410 1173
1666 188
753 459
1836 1560
1553 1506
61 524
1585 820
1610 961
287 1118
623 122
1105 143
444 1169
831 1693
459 20
136 1632
268 825
14 1837
583 1348
1286 942
1388 1417
27 1782
1443 728
103 1059
1344 879
571 1525
1549 517
1037 1284
1097 1129
1595 1510
797 1867
1228 433
1659 1023
861 1092
98 196
1511 1038
545 771
1348 755
552 416
1968 1379
1488 349
1308 488
669 674
1612 158
37 8
973 876
1024 1338
581 1611
1667 704
101 1201
1851 1907
87 994
965 1101
1042 415
904 1512
576 837
461 1533
1971 886
1240 236
101 854
447 830
1618 1025
555 1073
806 1703
1124 934
919 1948
884 1375
796 496
372 1643
288 162
1615 1500
568 536
1105 1815
1052 314
351 735
1602 743
1407 166
1377 375
1268 1396
81 596
521 1335
1937 1013
943 616
911 1842
1374 324
989 250
212 1401
1980 60
1429 290
1426 948
1881 1293
495 230
1936 58
45 211
635 1183
163 1616
158 1010
912 1682
822 437
737 1695
755 978
1756 1660
77 194
1278 2
1718 1839
1871 1823
1428 861
1328 1593
789 933
1674 1153
1531 1078
1435 654
934 1597
1088 569
867 1514
206 1854
189 746
650 76
1113 1178
1019 679
915 864
270 1590
276 814
1092 96
1117 723
15 451
1396 414
1269 904
481 901
1936 974
1262 451
1781 1233
819 1281
1158 14
201 1146
351 456
743 1018
1543 1997
565 130
121 1801
1753 1242
1660 321
1072 730
136 6
1261 778
585 1197
989 1479
401 102
1541 169
186 1248
924 86
45 1115
622 1499
386 1160
342 567
1353 759
1936 813
1564 734
672 406
1993 1408
875 369
912 389
1359 1986
689 977
1047 1853
1605 1267
1989 693
102 1538
999 784
937 117
158 1951
1361 1083
1880 539
943 12
888 627
1554 150
1293 1889
1870 1092
760 1914
327 1572
316 1551
378 1006
1699 892
594 1385
1293 211
1883 1695
682 1192
1512 1111
1756 746
135 774
688 1405
213 702
1407 1974
199 1407
953 1135
406 1585
144 1606
713 59
1377 12
1409 903
1882 1059
653 1787
946 1351
1683 1410
1668 265
1791 6
800 1280
1574 744
641 1804
1980 183
1824 994
832 1169
648 335
317 1059
1424 857
303 1136
1675 272
1504 1080
1880 1650
1175 915
504 1201
356 1970
1410 1899
490 1420
1719 1526
222 893
1202 1225
1132 1334
1169 836
30 454
650 243
1187 808
362 1109
235 1505
1099 1044
516 1560
1159 310
1131 903
1984 1389
808 1034
1661 43
460 261
503 844
1276 15
1048 1580
506 455
252 679
1338 422
471 903
932 212
1649 1788
1017 1285
829 197
35 820
710 1824
823 1219
92 1103
261 1338
1969 1497
1116 1146
1927 1632
1779 1202
78 1381
1457 810
1696 1774
1016 1740
1115 966
1062 195
430 1658
1489 1497
1786 657
578 1688
1115 1443
1366 821
1575 1935
1405 785
197 266
1449 47
1068 1351
1859 596
1287 999
1739 186
1100 1904
1013 1002
1983 575
1453 608
1054 880
1434 1046
1540 72
152 1955
1092 1916
1478 1688
562 210
675 305
1731 1048
1952 1711
612 1416
873 1672
444 464
1186 1131
1344 43
965 184
1887 1969
1124 1271
1628 1907
872 1252
1045 1977
1137 1704
471 144
1875 1926
383 996
791 1629
466 1008
1190 1113
1782 1666
287 122
1395 301
420 1045
256 94
1879 1607
1556 1434
1014 953
1888 506
659 592
1122 574
1447 1799
408 1636
1213 1001
924 564
317 1208
105 338
160 1405
552 943
1087 897
109 1974
405 1401
1772 1167
1163 113
1297 1223
1442 40
1760 19
1391 511
1912 206
715 1370
789 703
494 175
404 1683
835 145
1757 954
1516 1463
1139 511
1844 1859
23 1564
853 1885
122 969
1476 1310
1743 1372
1978 936
1872 347
87 405
1985 1948
184 236
119 918
1883 125
1758 1781
979 1151
1078 281
488 1570
1503 1491
806 252
1984 1528
1071 576
434 621
612 187
958 395
1167 1088
951 838
1414 936
1255 1844
1257 571
17 1834
1063 429
1759 1680
1727 154
208 1179
459 705
1549 1106
1418 724
1538 985
1704 1489
763 287
1014 1825
1229 1322
325 808
256 1313
110 1450
191 1203
887 694
1846 1711
1173 660
984 463
509 460
285 1831
1069 1362
91 1035
1714 1397
1954 708
635 1718
462 1686
303 662
790 1976
879 1091
1184 1651
614 448
799 1823
1294 1804
1282 86
1778 531
178 284
1301 752
1372 1344
418 751
966 727
662 74
1966 1321
1453 981
1750 661
1471 1436
1707 1098
867 1077
1551 989
1703 694
1378 1767
1818 1656
1364 310
22 500
1389 805
414 61
1306 491
96 1847
1677 168
598 1409
1516 1276
1689 1245
1628 1990
86 597
551 1377
1695 772
292 1400
1289 1193
1907 354
505 1275
159 408
71 1212
210 368
862 1332
311 1238
1892 1201
624 1401
917 1330
1841 274
280 509
635 859
1700 723
923 1173
1421 1454
303 419
1246 1897
1061 903
305 1950
10 229
937 445
1234 445
229 511
976 469
1757 527
51 299
948 91
759 1887
903 83
1826 392
429 666
657 959
1120 555
1295 1405
1586 1244
1077 1402
680 1943
152 1025
403 727
599 1895
119 1913
1876 1397
474 1728
1396 895
760 1861
1550 1286
926 1148
1610 1045
986 1291
1908 1030
1293 738
1981 1690
826 908
794 1938
314 1240
706 678
11 544
1538 1225
1868 64
162 840
413 1812
238 1063
399 1313
1381 1999
1349 565
885 673
1229 1119
1337 617
1766 1166
1602 167
1122 1597
645 618
350 1760
1436 363
1677 289
395 570
546 789
1761 526
988 1678
665 1749
1991 424
1239 1223
1816 1108
1119 381
1507 1315
273 1564
1619 1885
19 976
1622 873
1278 1750
1718 1171
1535 675
1717 703
1852 129
508 398
1637 1345
680 1732
5 1346
139 1872
959 1277
860 74
1231 117
475 236
751 1919
846 397
1775 1896
966 1206
1851 840
654 788
348 1785
827 480
993 984
668 804
1477 358
31 1664
126 1442
1578 659
1107 1133
1412 1239
499 1689
1949 1048
1647 1555
1038 809
1015 1368
57 1881
547 846
302 1057
519 140
798 93
106 1653
204 372
1529 1141
104 987
890 697
1014 1155
1116 204
198 648
433 1404
311 939
843 1321
1399 968
1106 477
1040 1341
797 1135
829 1270
412 46
1959 362
1101 126
345 245
843 850
1659 700
1475 1637
1721 1873
1421 1059
1961 834
1209 37
1227 1308
1359 1055
381 864
896 1682
1965 550
744 166
868 1762
1460 914
309 1652
1968 1814
1404 247
853 119
726 1007
1505 715
145 88
1371 1552
991 409
922 688
726 1418
138 1251
1777 196
1535 732
142 319
1712 617
1564 1482
1071 862
294 714
612 1617
979 430
1666 1866
1970 468
328 786
558 865
865 1825
1800 1106
1577 1844
1712 647
1376 743
1631 1873
350 979
32 1536
1772 125
444 615
1940 1197
1871 379
614 234
1511 120
981 1245
1612 549
930 1837
312 1644
828 588
384 1290
1404 1151
72 1720
657 1980
145 1248
1603 317
517 182
341 592
1357 1760
626 1386
1770 927
618 721
833 353
294 505
1073 214
1059 1927
1557 140
485 354
1670 677
130 1245
863 605
42 497
1882 535
1084 1109
2 1807
53 159
1621 1962
9 89
1330 801
1014 1310
1539 1064
1602 521
1948 573
1037 1530
1733 1645
520 1951
889 1248
564 188
730 164
603 1886
1689 719
513 586
695 870
1092 864
575 284
1848 360
1562 1242
1813 694
490 976
930 514
1746 635
810 175
1329 1173
1013 420
644 1715
1386 1402
342 1340
131 1864
1358 1788
476 780
581 1649
861 1831
694 1968
530 1969
1099 1568
145 469
809 126
461 1331
1383 572
748 1861
1438 711
1005 1334
1154 1158
1343 590
1331 174
1793 1105
1195 544
1316 1461
965 1012
1850 894
331 54
1703 1547
533 1452
6 1246
773 1533
1490 1153
49 403
983 752
1549 1777
1312 464
1886 94
307 1216
1065 248
1826 1562
1104 658
521 922
339 1747
1014 621
1835 1129
1107 1243
59 932
956 430
723 397
1147 586
1541 1603
1045 551
310 23
1216 282
222 1315
1308 1322
23 302
469 1470
2000 1366
661 1869
701 1359
157 273
51 786
1630 1797
1155 566
62 688
145 1117
454 1249
1056 1229
295 167
1865 925
1293 1436
1590 1490
987 1675
820 1298
1397 1996
769 627
1491 1631
447 1565
781 1005
1288 52
1749 1160
1984 1708
220 981
1385 1949
1698 342
958 223
167 1584
1581 619
1654 1055
1338 345
845 1547
238 177
1292 1102
1384 503
134 412
1810 1467
413 1739
53 356
729 589
1842 1896
1648 1959
1021 1415
1911 1930
550 1611
938 973
900 1935
463 1002
952 1600
193 18
412 308
1779 300
875 1870
1055 1119
504 616
1594 987
1283 576
1979 815
1486 1145
291 1449
916 875
847 513
1739 1915
563 246
62 388
1958 475
609 1652
1086 230
754 631
425 1453
1681 966
978 471
1453 119
214 1477
915 1954
221 503
1554 1843
1971 909
880 816
1604 1129
114 1272
1735 45
1136 712
1041 65
926 989
167 1884
1299 1657
547 1788
1585 1932
439 70
900 980
1592 171
1811 1342
1458 42
176 774
1900 1839
1847 1567
1815 1002
35 77
554 1063
1787 403
1243 689
1170 1
556 1405
1923 93
1044 1042
1999 238
696 1974
1157 1821
779 905
212 1494
1701 1872
193 922
1679 1673
462 668
1196 1688
557 82
225 553
391 790
430 712
226 334
8 908
504 1915
335 725
854 623
841 336
584 95
1536 547
369 1627
139 1523
856 895
821 399
1801 641
710 132
574 713
777 809
1794 1994
726 260
410 990
915 183
721 132
262 690
135 1600
873 961
126 1091
587 735
416 1259
845 283
264 82
1684 168
118 1675
1426 744
1797 503
1868 1385
1317 1277
953 1866
1419 1905
1935 281
618 806
731 717
113 182
791 687
1704 1168
636 838
652 1059
913 229
1189 1796
1803 1316
1030 264
274 281
834 1696
1987 823
23 210
255 505
1009 717
1183 1182
183 854
1587 1854
490 430
1700 1255
1479 32
621 1848
1518 446
342 699
1912 1413
46 49
1036 1459
1453 1457
1865 1979
1725 313
609 1793
316 433
104 1239
1902 659
1997 1113
90 1430
362 147
1427 603
334 277
1263 1008
696 1130
1996 451
432 282
1318 723
665 1738
1357 1207
1395 1744
1756 695
414 380
773 1239
1112 373
1919 170
600 393
819 937
660 483
756 1824
872 521
1541 358
194 525
895 1815
1944 1751
1534 1428
1197 1833
129 158
830 1926
906 1022
1941 310
161 1837
1334 1594
899 1035
1007 234
696 1025
1309 1580
1627 977
1899 852
1460 1977
1002 918
52 433
621 1216
1601 962
1254 692
1608 1826
1972 1119
1315 372
1783 835
1234 380
741 1952
224 1513
595 714
464 440
1921 116
1873 1967
1870 17
657 1043
1093 1324
1560 1881
1277 427
1166 1196
1427 1900
915 64
456 1339
878 1126
22 1150
1632 1569
1039 315
1578 1895
1272 1200
972 134
1237 1790
1774 463
1610 1364
1038 1301
1935 1545
896 1278
365 299
1571 1391
1349 1169
1190 1951
1026 1236
1273 43
39 575
11 943
1222 524
1648 1229
505 73
1044 432
1189 1673
1141 628
1620 1123
898 128
186 1472
1386 266
85 1506
1996 1686
622 1339
1726 31
841 1004
1274 1990
45 736
522 1556
1532 1650
1170 141
430 106
128 724
236 333
1780 149
1354 961
1368 1014
512 1438
1891 186
1420 1536
1960 481
1208 518
468 511
1692 1832
1784 1977
221 193
1420 171
82 504
1904 142
750 918
417 468
1705 1895
1365 1168
1989 779
1885 138
645 1083
997 1485
485 1689
1691 145
951 128
220 398
1550 1748
831 638
1018 1107
1534 59
395 266
1211 500
826 90
510 451
1590 1279
960 1364
60 1430
1548 1958
679 1605
14 1711
378 1073
394 1850
1581 1663
1969 1536
671 1547
1791 870
85 602
1406 448
825 915
110 135
382 1640
1401 1728
465 1900
147 1651
437 462
935 67
1456 170
504 1425
215 713
755 1752
1978 1854
1801 1310
1540 1149
1833 1933
1282 925
185 1963
897 1721
18 1602
1471 115
1012 1396
355 43
1611 1024
486 1143
878 341
1339 965
1270 555
1484 1706
1504 26
766 1695
1440 1600
142 254
1357 729
1876 1343
1288 800
1470 8
336 1527
529 332
838 726
358 1420
877 372
499 978
299 1639
1750 1359
1780 990
459 1955
254 469
1734 1751
300 624
742 1265
378 844
641 852
124 1336
161 802
680 1006
1911 485
1148 1323
975 1849
1994 499
333 53
1779 1679
1652 1415
790 230
1754 1671
444 294
190 1286
1758 507
490 36
1239 1578
254 1673
854 633
1999 420
1739 410
1294 1226
1119 1688
1598 467
644 1218
736 291
609 43
58 275
203 626
701 763
422 1476
397 1486
1565 683
443 1648
1238 1129
334 111
1420 478
1731 1336
1604 714
276 428
795 1140
647 239
760 903
188 752
135 411
926 418
396 1177
1578 729
1255 1447
1691 1002
1306 260
372 452
1045 153
1614 1450
1065 1044
1433 1398
600 1274
1702 1109
618 271
586 1077
1356 529
604 814
1618 184
129 992
1058 135
212 887
243 287
1030 225
996 1851
1415 793
1380 1626
546 1782
603 159
271 175
1714 973
192 1071
211 1318
1711 1936
967 807
1417 1355
178 1012
1252 6
902 1533
1220 1288
613 716
708 1060
1794 1067
1252 1721
163 1245
1512 378
869 421
654 49
1445 1898
642 1173
536 656
633 652
1774 225
891 708
1140 827
213 816
533 1261
939 714
1563 1177
1894 484
434 910
1779 1595
699 1638
1974 43
1842 1340
1330 1640
1280 67
1705 151
1657 442
518 1181
811 1189
1934 179
800 1934
1980 821
1122 45
557 1822
1235 524
153 25
192 1585
1100 1483
146 818
1068 573
1785 181
1536 1175
62 1242
1572 1577
168 1239
512 719
620 608
694 251
1155 887
1434 290
115 88
1310 1710
1971 505
1420 337
1925 1276
1484 1096
1551 1110
1091 102
1920 532
781 1070
1350 545
566 80
1743 1407
1536 489
589 1975
1550 1966
1396 569
245 1223
1137 1029
808 995
1730 1382
1250 1916
1716 1845
1565 1719
1653 938
240 1652
717 254
162 1402
1267 640
1367 4
604 1284
1178 1495
69 1124
1401 1498
1574 1689
1102 362
796 1539
1461 112
165 285
400 1991
1928 1318
1587 1266
1555 700
1305 516
1758 853
981 923
773 1227
658 398
1391 864
1036 1279
782 1626
1474 108
727 1324
109 18
1439 1342
1499 707
643 1509
1764 93
1083 1152
145 1958
973 664
888 892
1134 6
83 730
1351 455
270 1478
1535 1302
1067 788
1586 828
788 1363
96 1187
1939 1748
1099 391
1615 983
1484 379
1749 449
1237 29
1052 1827
601 1639
561 1272
245 1919
1154 547
642 335
326 236
1582 1143
1403 1430
1419 653
42 1727
314 1336
409 208
1557 1135
1476 1126
985 1541
238 1799
1033 759
918 83
1861 1593
869 1435
14 1172
1298 661
1669 418
1911 755
371 275
1388 1632
636 1821
1574 481
1136 253
1302 164
571 170
112 661
133 360
1893 465
1297 484
603 637
160 1275
1966 1834
1507 1027
197 1187
1721 1465
19 1613
291 1744
1176 1302
23 761
597 254
376 968
1208 935
1086 1364
1379 1194
566 726
1524 897
169 57
4 1242
959 374
1939 1356
1112 607
415 1492
507 287
1371 1570
1563 899
1397 1810
1304 507
1616 954
1678 1067
1771 976
774 73
119 362
22 560
1124 1741
536 110
1034 213
591 520
1300 1389
598 1788
234 1059
1762 679
1451 900
111 375
611 1879
459 1570
579 193
946 708
57 617
1211 1328
858 1719
1545 560
1229 7
275 1548
1201 1412
717 883
1336 662
99 420
1501 1159
1542 167
129 1111
200 801
80 279
1856 1138
1722 1567
299 567
1461 453
1641 1605
20 1967
905 347
335 1794
949 1910
1871 1251
967 13
400 285
1307 1674
1891 1493
291 1448
116 1991
1024 1392
856 438
269 4
1266 321
1801 90
1782 1817
1365 123
1132 282
415 364
807 1118
761 1940
403 832
1823 1246
599 1240
1845 213
1618 1504
809 1550
1673 225
642 1663
647 1734
919 1981
61 405
1636 1676
15 1192
1105 1904
333 1589
1843 62
66 1356
1038 348
1977 1264
1172 854
872 840
745 478
1810 348
281 1839
1796 1823
546 392
172 1735
961 855
433 1857
863 1151
105 89
345 746
1953 828
1216 431
683 1890
1700 81
1513 1559
1410 1783
824 632
614 1649
886 1482
1460 1421
487 1429
530 1122
1909 502
934 1628
145 1024
178 1048
1805 1563
1042 1821
64 1264
765 440
638 702
1067 498
682 924
555 166
1989 479
1804 1232
753 353
1691 1357
1989 1844
1051 193
1477 1120
360 1524
983 1735
1868 1315
268 1064
257 1141
402 118
1123 1260
667 1550
1847 759
964 752
1335 1411
717 1000
1882 1930
1697 234
226 965
703 341
1847 1368
1791 1290
636 792
27 1568
1003 519
1019 1433
161 598
1581 568
735 196
772 82
719 656
260 142
1097 1463
797 1953
691 418
767 1783
582 1389
382 595
1839 549
538 1999
1594 948
1668 339
1810 75
1050 662
109 922
455 690
538 418
1368 493
941 1299
835 784
969 358
1409 961
1409 1506
1474 1501
1445 321
1431 988
23 159
1921 1178
1351 173
468 318
1015 1698
276 1861
961 587
1131 1651
216 1726
36 105
1240 1713
668 1194
1957 1778
1650 1860
1276 771
1774 1542
1617 825
347 1733
241 890
1504 1694
1011 362
907 1895
416 1882
565 1051
1714 1558
510 769
1969 1749
872 563
46 672
1026 98
532 1339
1455 1499
1563 1554
1835 1289
470 1007
1922 1908
443 99
168 229
398 1164
1362 93
1454 885
471 1739
1094 428
762 1869
610 1085
3 321
1184 1524
981 578
1791 1958
1082 415
1688 1368
1047 623
517 928
1400 822
1964 521
1259 1549
1801 756
1674 330
76 167
1180 1955
689 1656
1590 1778
1703 1329
380 301
1088 1150
1286 15
866 1968
1611 874
1904 1264
1493 601
841 1954
558 1671
414 674
827 1139
1512 1705
1364 1354
481 563
958 63
174 526
1299 481
289 436
388 424
1628 938
1190 1877
1063 473
402 1616
148 1052
1033 30
1729 1321
339 683
1690 1176
1374 897
129 1977
2 425
779 803
1334 1351
1237 1288
1489 1082
1531 1364
552 1691
495 677
1380 385
829 133
1751 1778
574 944
522 1647
31 967
912 351
785 231
1143 1208
927 73
146 1563
577 325
941 1672
344 928
1785 489
171 849
888 285
1439 754
687 377
512 819
694 1583
802 1441
272 220
1416 1353
788 1276
1180 654
334 430
101 609
562 245
1851 579
527 1297
758 1293
647 1836
601 1222
598 910
714 1967
1615 1675
1767 380
1881 718
1937 939
831 544
605 1543
289 857
141 728
660 440
953 434
572 668
812 147
1072 1788
653 1937
1423 861
286 126
1888 1662
293 770
364 1078
1148 978
779 171
299 1957
284 945
124 394
1249 337
274 1969
1175 1609
723 304
945 1324
691 768
296 1469
206 928
552 910
799 286
349 1192
1511 582
1972 1268
1241 1126
1354 1807
824 270
550 1579
1888 1959
704 1316
722 597
669 122
411 662
668 990
1534 82
657 1478
669 492
1992 788
1293 1265
177 1241
1964 362
36 1172
1452 406
1770 425
1240 692
43 688
1957 767
1138 47
626 283
1749 637
972 243
1698 205
1571 681
1276 417
409 1967
58 219
86 353
801 1487
1670 175
1984 930
1864 1368
646 1543
26 1185
49 541
148 935
952 1479
1773 169
1222 433
731 1142
1798 595
680 792
1200 815
1768 823
1217 87
1127 1516
974 398
484 1966
1482 149
1779 1753
147 1110
1489 1207
716 1629
1009 557
1528 555
1290 1820
1032 1378
158 570
1765 1264
1009 1098
310 1681
1640 384
1891 1908
616 1370
1294 1775
534 376
940 199
1485 1088
759 1107
44 340
1439 359
1572 1384
1409 1712
1282 190
1524 381
23 1228
1953 1075
1699 563
1667 1917
802 987
189 676
880 651
1818 1627
1793 1627
449 974
1281 879
1924 535
794 742
1490 1675
928 668
1829 926
1744 902
130 1490
402 591
699 815
812 6
1040 801
233 849
293 951
1803 396
1130 1788
756 347
371 767
191 40
1062 1249
964 375
280 266
1164 1381
223 475
1696 1195
1606 482
1094 1686
306 1429
1892 715
91 893
538 1332
1036 539
817 485
1025 1562
1096 502
1394 1819
785 1601
421 1357
240 1561
1511 1343
496 1582
1114 198
1990 879
390 1776
1393 261
627 637
1146 727
489 1424
1120 714
76 1648
1023 1283
1238 1866
758 256
949 11
75 156
43 1174
499 1307
1509 601
1168 699
1149 546
15 1380
1045 999
347 1340
718 989
1449 1075
960 405
300 1466
268 492
1022 631
374 1961
1298 1905
1033 816
1130 1396
920 1239
226 354
906 1110
191 928
1759 223
982 917
431 1937
1563 352
129 1667
1302 1752
1526 86
1528 1307
887 1000
1846 1285
433 21
1177 1378
465 644
391 148
1633 1337
1334 978
1087 1092
898 232
1202 26
546 1558
215 417
655 1156
1054 1702
1471 508
1035 1322
1078 221
1767 1304
242 720
777 683
1896 735
1351 1137
1480 358
164 1072
486 463
1800 204
1604 615
1272 8
1680 31
1292 1106
1904 1289
580 207
1076 1848
271 143
583 748
1124 1932
926 1970
674 7
1247 517
1829 1464
653 1211
586 1134
1817 244
88 726
240 1582
1104 1299
1010 62
920 810
406 885
1694 1478
636 452
463 1176
1669 1488
124 144
1569 1832
1482 823
207 744
472 800
123 1980
1728 759
1033 314
792 403
1424 1924
63 356
1972 1474
229 588
447 1337
1283 843
1809 922
1054 318
393 1765
266 1149
1637 927
973 718
115 1818
62 206
64 1580
1409 1042
1837 1758
1106 872
189 1732
1053 367
207 399
1173 1114
1578 1546
36 805
489 1494
1052 1781
1000 1086
301 1735
1984 648
365 704
794 1912
1370 6
467 1852
1829 304
1942 1649
939 1242
378 556
1249 1507
1881 978
191 1486
495 346
1959 1683
1747 1017
1929 580
1256 956
818 1739
1555 510
672 993
1686 1683
1813 1978
1979 647
935 588
1184 1208
8 1205
95 1967
1663 154
393 637
139 65
1481 222
1789 265
1047 795
1785 8
224 855
1199 588
846 1692
450 489
1561 671
694 140
929 1744
1107 1937
55 322
327 1241
1056 1105
1554 1200
1662 337
25 795
1441 553
1300 356
1023 673
4 615
1480 1932
1353 1410
1000 182
1276 1335
1851 1962
566 229
515 1833
633 1140
1370 914
1458 1451
589 66
17 901
125 1020
1504 725
332 1681
826 449
611 1793
1077 1800
1576 1418
456 1137
1356 1009
60 684
1660 944
1791 715
159 1224
1189 1035
433 1034
532 258
1674 1866
1609 1820
1547 456
673 1640
1534 938
1613 168
433 695
1334 907
1853 921
1821 1903
38 78
6 1220
356 613
531 187
1910 709
183 1524
1917 1719
982 539
1845 166
464 974
1884 716
824 1482
581 1678
1485 1559
455 631
1460 1631
83 689
1707 1034
1865 1161
1833 759
616 1981
1125 1173
25 1768
1124 847
1180 1162
1131 1328
1205 729
1546 679
544 986
548 1960
217 1151
446 831
1945 751
358 1563
75 1327
1433 1539
1651 659
794 207
646 1124
939 1002
1516 1588
1498 1384
1303 66
1780 821
632 1827
521 1310
925 1304
982 1215
1729 354
1526 440
1203 351
191 1651
1076 1535
525 335
712 810
1062 1598
767 780
1304 1218
1457 1804
1126 1713
1152 610
1511 1897
1726 1164
1834 702
1752 1806
628 117
1936 1726
1790 311
1405 1803
817 226
266 120
621 796
782 1120
1499 1694
955 380
1784 865
1771 166
1623 1241
941 321
94 1634
404 1495
1259 1590
1226 608
654 1225
1798 410
537 1705
1837 64
901 356
447 1586
204 722
1498 288
1890 1150
859 230
806 419
474 136
347 394
348 883
245 1511
289 373
35 417
1981 1234
74 1233
1363 1703
1532 1408
1609 1312
1810 1434
275 1635
572 1755
1766 987
388 1730
1607 1501
513 1664
1955 1656
484 583
604 1060
680 620
1010 1743
1323 386
1599 1637
350 168
1809 1251
1196 1527
1304 469
1214 120
557 1323
1859 1945
1424 1770
875 392
476 501
517 377
1435 1002
1308 20
1170 1897
1188 738
1928 185
789 1689
1107 914
695 1443
740 965
1757 1876
1169 203
1351 231
203 1793
1777 911
1448 1913
486 996
322 861
788 982
880 863
1982 302
806 1579
1509 1016
824 1114
372 1767
986 1867
551 1635
86 1949
1004 752
1056 653
932 1857
1052 422
522 1769
1419 621
441 1834
1038 753
637 562
144 1631
1801 1712
1437 1345
1171 1345
420 1867
1930 1474
1803 592
906 874
800 1273
198 1216
1620 1927
1267 1497
1253 1878
723 311
1366 1055
697 1700
1126 75
974 484
1057 944
921 255
923 934
493 1863
722 276
83 1714
1390 1916
887 740
775 1671
1812 294
1841 1261
235 1528
1198 1681
193 1035
1317 1913
1440 1881
1597 1161
417 1520
1281 347
202 1618
679 36
1396 522
561 717
764 460
289 386
1285 132
533 1647
625 1734
1102 1173
1956 1103
1829 1991
1413 942
618 793
141 1798
752 283
863 1805
950 840
1017 905
1116 1427
281 1239
768 1979
1501 1447
1910 397
1930 1777
1851 903
825 1554
498 1070
811 1571
1809 1368
585 606
306 1961
158 1950
677 182
218 685
437 845
538 1816
1613 1527
1657 980
545 524
912 265
1979 985
367 1567
370 967
1181 1687
1993 945
344 1002
789 1582
535 30
1647 1648
1623 1663
1953 599
1409 1521
90 1385
1321 157
878 1242
1360 1717
1201 1655
1125 105
1042 1461
527 731
1212 81
1143 1343
1818 1690
149 929
1233 434
1018 584
1463 320
1564 365
681 536
439 824
522 1564
361 65
1811 1512
1331 1778
1702 423
213 1440
1264 703
289 663
1635 896
1603 1162
441 332
756 1799
7 101
162 1826
648 1796
1325 455
1030 1395
645 1183
1076 1237
431 990
585 1750
164 1497
1489 376
1501 1661
525 1054
1991 1885
160 1366
1728 443
1910 1623
434 1049
1417 628
1714 706
222 1268
741 44
806 1232
1831 1861
898 1059
1600 78
116 1522
1146 1907
941 939
1213 385
240 1992
627 314
1365 616
1088 274
1081 417
1851 1669
486 1947
1996 1386
18 149
978 1626
184 213
1286 944
905 1249
1823 1771
1680 619
660 260
908 1326
1440 1748
322 319
481 646
227 102
997 1654
1458 1992
282 1389
1887 693
1744 205
787 776
896 216
1019 606
1292 795
1855 880
653 719
1882 853
610 1108
895 908
1451 1786
1123 361
812 1456
654 905
339 894
1065 288
717 1133
1803 1534
1751 675
274 751
698 122
1164 1708
465 1112
1461 618
1631 1538
1668 1560
1892 258
1899 1574
419 632
564 1367
778 1214
1133 866
1601 176
771 75
1693 704
995 1397
1626 741
1909 328
600 886
490 1911
1606 199
1520 504
1997 842
254 472
916 1723
1234 586
1107 680
23 895
1757 1726
1593 1605
429 68
341 1800
145 533
76 831
115 803
613 1760
740 1977
1812 836
1904 173
214 661
947 1704
1265 811
1272 327
1928 1390
594 207
1385 744
167 1293
449 772
1186 1239
1288 1095
220 365
1073 443
593 1713
1204 1527
711 949
1797 1098
718 1907
1695 815
1646 1167
1900 602
459 461
560 48
1450 616
945 746
544 68
560 1627
59 612
1537 167
1922 507
997 156
1998 22
409 1443
1327 1890
1260 1479
545 430
1421 1413
1541 760
822 1390
1354 1912
146 435
1928 1063
1364 962
132 226
796 281
411 829
284 37
1045 78
51 466
1644 1451
1416 438
1933 775
1333 1923
978 522
265 336
507 773
297 1991
1512 494
1590 377
1438 1018
262 1415
1041 1180
1378 491
1855 79
1571 981
414 1849
547 1188
1146 1885
1396 1275
1582 1916
918 360
978 575
168 1670
1132 1368
212 123
1501 689
1337 592
565 1001
1710 414
117 2
659 1241
1207 1263
698 689
1821 1339
1972 1200
557 1674
1324 1630
942 60
391 334
804 1865
1310 1586
575 1530
1880 68
1128 1769
491 1208
1096 723
192 389
1485 1067
1013 1486
1075 1663
1990 8
1905 1340
1427 1495
56 188
1194 911
290 1645
761 1422
961 1504
1258 1654
1777 558
1925 1128
1413 1796
1952 1454
1777 1099
1168 509
253 1707
126 1419
859 938
187 1382
1894 214
1878 2000
3 794
1628 1650
674 477
1797 1855
365 1902
1952 765
499 1668
1503 932
1349 1748
1646 1050
67 252
1153 105
1964 186
1003 1304
1727 515
1893 1815
809 584
905 90
518 1929
1955 140
1828 1926
1664 1711
525 867
1933 423
944 1584
1719 300
1613 361
1844 992
624 1485
748 1411
1214 396
865 782
1055 1928
1608 119
1278 567
1998 1656
766 1771
1651 1871
109 28
1047 1472
81 1796
1308 704
1536 99
393 1747
1760 1469
1372 1759
1142 1722
457 1748
535 561
867 1
613 749
196 485
249 346
784 571
1743 1117
1085 1391
1643 1229
479 348
1378 590
696 1586
1578 1584
32 20
181 1474
1825 165
1774 128
137 1636
446 1022
86 1601
1172 1476
1073 805
354 1597
1695 1832
540 318
10 785
1773 1892
1264 200
964 1166
1429 605
551 1950
166 632
1499 863
1937 205
618 1629
1563 311
1129 899
103 100
1189 1017
1659 287
117 1772
1380 788
190 1196
1998 752
310 433
183 189
665 166
868 1531
1732 1104
1605 1774
1857 516
968 1179
496 1158
1220 743
1056 640
1132 1947
1909 253
1125 558
1964 1298
1293 766
246 1505
362 1334
336 457
1168 360
1666 235
838 1332
1272 1784
1375 1495
1989 1595
1530 1200
1970 1717
598 1664
1001 744
1977 631
1135 859
1193 1440
667 1817
1130 313
1725 1541
289 1619
162 1731
261 1693
1704 1987
1542 1803
1708 39
553 547
1506 349
1987 104
223 251
670 446
306 1781
123 1795
1214 315
1532 1994
1283 1022
1891 1353
577 199
1289 1797
563 276
1870 977
1764 124
330 977
1111 486
595 1959
1932 1164
1710 1265
1441 1775
69 436
1892 252
839 208
1565 238
1837 1289
94 25
149 1208
265 1255
1776 632
675 940
1943 401
94 1652
1546 749
668 1443
1931 861
1901 231
598 520
566 1286
681 492
268 309
1493 23
1977 1156
1015 1745
1193 1685
964 1393
1582 557
1395 1071
1607 42
448 1316
843 1840
394 1506
1418 1521
1127 1857
1588 1781
1425 1934
1973 1853
1563 1773
910 1345
705 1149
1295 1210
762 1618
978 590
748 1633
1638 550
771 554
847 1887
1806 582
672 1489
1241 1760
596 1970
508 141
1917 1603
1361 411
185 854
577 1492
1689 817
1771 208
1085 904
1840 343
1149 1263
888 1710
1972 219
429 1160
765 452
1028 1204
1392 1330
396 771
290 282
954 885
1473 771
1915 1102
940 320
1459 1232
1205 508
89 1932
1818 677
384 714
462 1508
1647 1808
10 1820
319 1002
838 782
1555 152
840 1731
1280 1888
1857 854
1582 1701
646 129
1236 1377
1543 1950
1026 1507
583 1290
473 15
1141 1324
1257 1523
353 1761
1291 973
1095 1603
1014 1410
287 290
1210 759
1062 1404
883 1201
1927 1720
592 194
371 1989
705 997
1740 267
783 206
1944 1050
1447 855
1365 1713
1009 431
1772 756
963 1174
232 1196
1488 1005
1580 755
1645 1973
1742 1299
842 1525
847 552
1990 1530
1156 1886
1414 1426
888 550
1001 1289
1150 1270
270 1324
567 558
675 1212
316 1722
1662 1977
650 1206
420 1567
265 1132
1205 628
1005 1218
820 1558
184 1052
54 1370
573 234
336 823
781 1777
340 371
257 833
21 1780
997 575
282 308
7 1985
1407 100
1045 1761
413 1386
1748 416
148 413
960 1771
833 1171
1394 1064
837 471
251 1142
749 779
1157 1828
222 1004
1736 386
75 1420
154 925
27 1433
546 427
1279 143
1563 1638
1814 142
306 752
550 855
1860 600
1182 612
691 1035
815 1361
910 811
1521 1384
1910 1686
1548 941
211 1262
1248 31
1174 267
1075 1246
376 626
30 405
1932 306
1404 769
1590 1606
850 275
1964 99
98 620
1546 1768
1551 1933
11 1893
1650 632
1466 1475
534 1043
963 1584
511 534
1396 476
1509 219
568 1572
750 209
1179 987
946 538
618 975
360 979
1013 1535
1141 1457
1437 1636
648 144
1879 231
1388 578
191 550
378 27
120 179
1996 373
1948 828
41 457
1881 455
1380 1946
1348 908
1867 692
502 136
279 603
1489 1454
716 1878
1507 37
1380 317
98 29
1096 1996
1047 1891
1645 1884
1456 1152
1202 924
1845 838
1580 1225
824 1322
927 1825
1361 1029
1414 1033
1107 617
330 203
1733 352
902 1853
775 1473
687 149
1620 395
177 1624
1547 1121
1447 1053
1510 561
1770 1046
373 344
756 1337
1703 590
68 1670
366 659
559 316
997 1295
1281 614
1172 1125
241 795
1755 1204
1596 240
289 749
1854 552
1552 374
1381 1530
413 836
505 931
1856 924
1930 1471
1316 141
1254 487
996 499
573 368
525 1236
1279 1365
748 1871
610 1500
1746 1538
635 627
1700 1019
1813 196
1038 1005
1396 1383
1013 1970
1951 202
1199 817
941 609
1446 518
90 55
860 599
293 1195
150 1349
1471 465
295 1956
4 1431
1600 1161
1263 83
1745 944
1800 1039
964 1846
1699 1583
442 1371
11 1054
707 333
781 750
89 230
1357 443
1431 1684
453 1209
1512 1672
940 1937
1382 982
873 1458
1938 1608
1426 884
1045 750
238 944
21 1174
1552 461
1437 404
1628 905
1040 1442
1875 1228
1303 1615
92 1037
1257 1253
1072 531
1810 801
1955 1880
1203 1951
378 942
641 1270
1316 1158
1415 1362
894 1541
1344 1310
1521 365
1007 1518
116 928
1163 1162
545 727
1518 562
861 885
381 1291
1163 823
1054 816
469 1100
344 959
294 1843
662 1017
1752 1553
1757 1652
1997 1061
1833 28
90 1282
316 1856
1325 1940
429 1759
1590 928
304 236
1120 1750
1798 937
795 1810
1353 1820
1138 1478
340 905
234 244
181 395
326 684
1661 1018
1419 845
1320 1506
1363 152
1215 1179
1109 1412
1185 1500
1021 1977
346 236
1943 954
1694 1231
855 445
1374 1111
198 992
964 261
1007 102
1436 1710
1083 1866
1274 807
670 114
1152 797
836 286
1521 530
1638 71
935 90
1454 1470
723 1200
1917 916
1721 1657
524 1779
1061 980
1979 305
215 800
1525 1003
127 1044
919 1200
683 18
577 1547
1453 1578
941 982
1049 933
1471 90
1328 1756
284 1858
1685 240
987 1285
1801 43
901 137
1311 1458
559 1337
527 67
1396 810
1385 1291
1509 501
227 477
896 1122
231 1897
1836 674
990 954
1218 73
764 1847
155 25
49 574
1773 1573
819 46
1253 463
1109 145
756 1455
1157 579
1017 233
1330 1482
803 1217
509 1897
1044 531
59 1702
744 1534
172 1919
285 1464
20 1519
260 1470
133 1096
1133 781
624 1599
1373 1854
859 1564
790 1914
1435 135
1115 1838
12 963
246 684
76 241
1891 270
88 1385
224 96
1471 450
428 729
392 1152
948 1377
1851 1360
664 600
1586 499
424 1777
228 575
64 520
1777 612
415 1537
838 1044
795 1135
1470 1257
1812 398
926 331
1857 1597
478 791
206 1021
1352 163
600 648
1299 924
1617 1769
877 632
805 1479
1716 1227
833 754
1130 120
176 1755
597 1125
1971 1654
1084 1293
752 1006
855 1709
1395 116
1413 325
685 1494
1402 1944
652 1485
1344 1041
772 538
864 619
1457 1302
891 150
520 1191
1740 983
1376 1698
582 933
273 1513
1475 1718
497 39
370 1839
635 793
490 824
363 570
1873 195
1006 160
1347 164
482 1552
1651 498
145 1600
1289 227
385 1009
316 835
687 700
1611 1172
530 137
868 1650
696 225
1524 1967
1330 938
1085 1317
15 231
1844 794
647 782
1798 1547
1742 1785
1140 520
1143 1832
1444 1337
1712 444
776 232
649 894
1650 1724
428 1451
1315 1205
1781 754
605 613
1444 1515
1984 540
522 1131
1062 1405
903 1032
1204 159
745 1174
586 402
1882 1482
1254 1041
194 1051
952 647
78 1721
350 1698
832 941
1648 887
1496 452
1021 567
1779 1795
1652 1075
1908 1913
716 1783
80 1325
6 581
564 1143
63 1128
582 136
1726 1461
1803 213
280 1121
146 1380
1753 269
976 1051
1594 1803
1492 1531
65 1884
1083 1418
1100 1500
1504 851
1340 403
1461 293
556 386
1612 1179
468 1790
966 533
1049 263
1668 1877
576 1791
177 356
961 1689
1392 1649
1146 1288
149 278
760 1019
1883 537
134 642
107 884
1502 645
347 133
623 1636
1382 495
264 719
1223 1961
1407 520
1045 21
1255 1304
1824 1964
459 1664
710 1211
635 468
71 1527
1602 1041
1399 1317
890 763
641 1325
1316 687
198 714
1482 1203
1602 1012
73 1175
592 897
1114 1083
309 1688
155 917
1574 1398
1496 877
1576 1019
1376 1341
345 55
352 853
1126 605
1435 1176
836 1263
697 315
1912 1570
1329 1114
759 13
217 1438
835 581
1561 1643
175 1784
1340 702
1086 1934
309 1718
574 226
1757 1195
1042 336
1293 1852
1716 476
1600 1386
415 514
821 1441
203 1592
55 1595
1140 1392
1770 1762
1300 1411
1408 1497
325 850
661 1367
1604 1201
1183 1045
1823 977
1975 826
1165 1491
1059 1104
1998 1484
1193 230
1288 1626
1052 191
10 714
907 1608
1225 725
946 46
434 794
1384 1074
1037 925
1766 1991
1249 1548
1127 1851
186 1622
525 507
786 1085
857 1435
767 184
1795 1683
1037 1716
670 1627
1721 779
345 772
917 1814
654 151
882 1765
702 840
538 1001
322 644
504 1955
1082 746
1979 1896
1049 1591
1521 274
1404 1213
512 371
1711 1706
1983 1969
1125 409
242 870
1554 1171
1053 1272
1404 576
64 798
379 922
359 1769
348 1842
555 452
1551 1218
631 1649
1900 1513
11 1698
728 1936
606 81
301 688
308 252
1272 1613
1163 1215
1255 744
600 926
506 693
125 925
238 228
918 1328
611 1854
81 351
1649 1474
597 1919
1067 1957
74 992
1469 751
1715 1471
1243 1786
1443 704
772 496
99 1832
1164 1074
1627 36
1422 334
1576 870
582 1167
242 1957
1554 206
1772 686
423 545
640 1261
345 1561
197 1560
1017 25
1675 1303
1746 573
1089 838
1859 358
1329 1239
1202 607
1347 410
1905 484
1409 867
916 1081
627 816
277 513
1199 1918
1932 1145
1460 1598
853 446
1208 163
966 247
1231 649
1671 924
152 1365
1823 1249
1343 1477
806 1759
1643 598
1092 2000
1952 1937
1661 1665
1830 1698
1498 1419
1223 938
1270 124
1172 1316
884 826
1714 328
1716 857
568 1211
268 185
1153 1201
130 1642
1144 622
823 1653
920 1804
1937 1005
895 1599
1003 1837
1501 38
103 1955
984 537
1874 1900
1879 1201
387 938
1177 559
525 368
103 324
412 1135
1097 948
382 261
352 1896
723 331
783 1517
472 1437
104 1374
1163 716
1751 744
1308 1384
509 318
1594 1573
476 1324
457 652
614 1614
701 1393
1612 1921
1118 1506
765 1802
145 1055
325 406
385 552
1752 600
1478 1078
64 1257
322 1617
1964 917
1413 1705
1868 763
1219 214
447 1619
686 761
781 815
670 1585
72 833
649 389
1774 759
1059 1742
568 1843
231 1077
1767 1370
1158 6
763 1082
780 1912
1543 1989
53 422
1033 376
293 503
477 1286
194 1648
768 1807
1374 547
110 1688
645 243
1415 1427
570 1849
31 1024
112 12
1936 805
1608 706
1954 434
815 180
1323 1340
1020 630
1061 1528
1947 1703
1013 235
425 882
796 775
1986 1414
1905 17
363 1798
409 913
1688 1737
512 1398
641 363
662 696
272 1695
1679 1785
719 1749
247 1416
544 1863
1851 1028
733 365
1800 1862
1383 759
265 1479
359 143
714 106
1505 365
1272 592
1385 983
1624 1593
1000 1395
121 366
997 1269
379 1186
932 1888
333 1921
667 929
187 530
579 1261
1022 55
895 271
1981 256
625 799
275 1016
551 1139
1292 1855
1552 352
1570 1209
448 1476
1882 1003
1918 1689
339 385
1669 675
971 912
951 132
491 714
1872 1256
560 809
387 791
742 1
1722 515
857 1261
730 1381
1676 1892
899 1244
1046 101
1574 1167
1991 1993
1239 1828
311 1460
589 259
1947 559
796 1167
1958 1389
1428 232
1525 1196
266 1573
90 125
609 1243
1379 1451
1819 1926
664 388
278 523
581 1173
1667 1190
1831 1177
1524 1307
1549 397
1270 771
933 1348
1053 807
1383 1504
1643 1611
873 899
1392 957
89 172
587 669
297 981
1735 732
1234 947
926 1394
561 750
1557 472
1426 810
713 955
1412 873
1250 1266
1942 1571
1273 815
1362 1837
134 725
1810 1392
1689 791
805 256
256 835
266 1757
629 1176
798 1243
1300 1693
1791 1414
505 254
1247 164
1803 1378
825 1587
509 1066
1588 224
408 793
936 1671
1664 304
1846 1576
179 234
1521 347
630 1489
1966 925
1934 1899
1475 1154
1163 1348
1267 1654
1297 970
1521 1984
12 1638
729 1996
538 478
423 1904
614 589
1453 1523
1972 357
1421 425
266 701
729 425
1540 1757
114 1598
1909 1306
846 1108
1326 286
115 1370
1259 777
1169 33
1353 1497
32 678
214 1170
1692 1947
719 179
429 1685
1351 1698
1187 1733
693 1056
788 632
1876 223
1232 372
135 243
1666 365
1647 872
1281 905
1850 1226
711 1468
1103 974
1656 1301
1073 303
1571 1592
10 363
1098 202
358 331
188 1363
1762 181
365 1637
805 664
994 1444
148 253
1476 835
804 547
194 591
1346 1105
862 858
975 665
1533 159
890 1269
288 1639
73 555
571 1828
206 685
1235 269
352 1662
405 1004
317 1200
752 778
730 847
204 410
995 1633
1848 719
1170 839
1322 538
1195 280
584 477
1965 308
1788 1464
1732 449
18 1553
225 1979
1056 1553
935 1916
708 1292
392 114
410 1633
373 1387
108 732
719 952
246 374
992 1071
1604 1549
368 448
591 914
1110 934
1276 410
1951 486
414 1197
732 1464
900 8
1829 1645
1741 849
1966 1238
865 394
1342 228
300 707
1058 551
106 638
1226 875
1051 338
645 493
1934 411
1348 1196
1062 738
1468 1849
1436 1541
538 1742
338 300
232 823
1721 703
640 1358
1813 1175
1606 553
1 388
868 1260
12 60
72 1007
1782 1687
26 1748
1517 1478
1805 1447
18 1404
1932 829
1939 1259
138 329
1522 1687
536 1042
1128 782
901 940
1014 1318
591 1802
1181 196
714 1851
529 537
1299 1485
1272 1793
642 856
972 1527
1011 107
1509 1704
1186 669
1792 1242
252 1885
1124 1983
492 844
1931 506
359 1111
1292 1573
1552 22
833 776
745 68
858 365
1621 1176
60 1023
78 368
1987 1782
445 563
673 784
301 1235
1065 1142
1247 794
1676 1554
1747 322
1069 210
350 592
1422 1922
889 1494
1779 981
804 1149
1751 267
822 1353
1979 388
1322 641
942 1677
1289 1548
1845 371
755 1832
1460 791
1517 1614
1560 453
496 162
991 1979
482 397
826 558
1427 55
1099 1842
184 383
259 739
631 37
1920 1908
1215 1764
511 653
1624 1250
1 1318
174 777
891 777
287 1578
1193 807
999 653
1292 941
446 1161
1829 1682
1671 302
1907 1506
1923 1289
238 1071
215 1250
148 787
939 1144
1549 1535
1955 1976
124 1406
590 1459
1715 324
295 1002
779 544
1362 587
128 1410
1760 1535
225 130
497 1253
370 1133
1885 957
1617 5
1562 1600
1813 1052
893 1311
1947 6
38 796
1188 162
12 183
363 1369
344 735
1485 1228
1877 314
634 512
201 1199
1763 626
662 1636
44 1867
456 861
1551 686
599 743
1483 714
721 797
993 976
82 337
269 1959
1272 1676
700 1421
681 851
919 262
1255 809
1919 262
1352 24
1639 1082
17 1909
630 997
60 1263
1704 476
1907 247
1766 14
498 195
1495 691
1425 842
48 702
1639 1721
883 1464
1323 183
550 1369
398 1562
387 1619
557 627
1555 1236
1309 1447
730 89
458 420
903 1260
974 1956
810 1741
905 99
697 257
492 1946
423 1291
152 852
1146 1452
1241 764
1760 1372
999 724
1296 907
803 1465
51 188
1139 510
436 450
587 117
392 1896
64 1733
1081 212
1263 1732
696 182
1652 615
608 1922
576 924
1551 443
1258 836
878 1413
928 1606
1265 32
126 546
1106 1508
1680 1490
1564 1474
1509 725
1149 686
799 611
965 887
972 1941
1698 903
1557 1052
1649 11
1575 359
692 576
1026 1071
1981 204
1303 1952
823 1722
1508 1506
1275 489
120 853
798 1720
1462 707
1817 1520
1690 622
1761 1270
590 574
1457 449
1537 1157
1337 1179
433 1945
783 841
1768 1169
1489 944
1304 1120
128 1309
82 1404
861 1023
1176 1508
1816 1319
472 1116
33 1168
882 1755
1926 1408
1996 189
1170 1436
1845 1392
1354 317
602 1030
1688 1077
570 268
1566 1286
1485 1345
132 807
1623 1087
1386 234
814 659
1150 1230
976 1979
892 1347
457 1514
1231 1990
1692 1652
516 1017
1786 729
316 1083
777 575
1902 1289
410 716
1996 1954
974 852
1183 1122
721 906
1247 80
447 1936
225 1976
1244 482
986 286
384 862
649 1734
319 902
317 904
1280 1780
1412 677
1504 718
328 555
1854 1058
42 505
953 905
1257 10
1040 544
1153 199
710 1260
164 224
1897 1035
1694 1626
1918 320
800 820
1519 511
553 540
200 756
1090 301
811 468
1353 453
1846 156
250 1586
199 612
1449 1806
1953 684
538 1079
359 40
651 1532
1926 887
146 252
1928 1788
1732 930
1400 1355
698 658
1905 466
803 1314
1658 1786
939 949
904 959
62 395
581 1657
1706 148
59 340
1101 129
1590 546
675 589
1173 1238
1408 1390
94 1623
421 761
739 370
926 862
587 1746
1172 1390
1412 317
130 93
1419 715
646 1149
134 1185
819 347
1026 1783
1268 1286
1702 1585
1483 1389
1171 1439
1443 1410
166 710
103 318
1334 1832
772 1045
1267 1399
723 405
1827 1785
1043 838
1341 1385
146 1028
1290 569
1573 378
1619 404
690 1260
1796 154
1720 1809
1573 898
1124 744
1124 1868
881 543
309 478
369 323
385 486
576 1951
650 442
1775 398
138 150
1390 1000
1263 346
654 1270
1392 1361
148 1240
1484 1281
713 64
1539 469
1982 703
239 1447
1343 355
61 623
1313 820
547 620
826 445
473 1683
1864 1781
1882 354
1027 9
1490 376
1192 998
1769 1720
1766 816
558 1291
1523 566
1701 1195
92 873
1178 1180
401 148
23 983
1807 1821
244 1372
1077 1192
1295 19
250 1721
1069 1046
695 1011
151 145
836 1423
1043 91
123 710
967 467
697 539
42 1417
1361 524
266 1404
729 234
30 1153
1414 1149
933 1960
224 494
1289 328
1492 833
581 494
228 1818
1364 491
189 1477
25 1692
1198 1387
373 180
1311 1992
184 1083
1357 826
1749 8
1240 1764
1788 1762
598 678
1578 864
674 1166
595 1320
453 157
220 184
1504 1729
899 784
155 1551
1098 13
1407 5
932 461
896 361
21 170
1967 167
1697 1927
1646 1506
1683 1620
830 1795
1076 1387
193 914
1814 169
255 1780
1295 1388
1424 779
1779 521
1673 726
861 1780
734 1378
607 1008
741 398
391 1523
335 733
1786 297
1283 1469
2000 697
1820 1100
1623 1349
1294 863
1725 1225
1871 1913
1282 651
6 249
1909 424
1125 377
1365 714
152 354
650 33
157 1731
1187 794
657 763
1872 1554
720 1144
954 667
1931 1919
82 942
1371 70
986 232
515 1062
783 1491
1804 618
354 366
1774 328
1458 1194
1331 1416
287 1894
1562 198
1045 378
623 354
921 984
154 156
1040 1302
762 1290
1810 1318
858 1873
876 1114
402 1567
1584 339
1660 422
1109 408
155 875
1095 1685
563 1046
604 1232
984 1595
1538 130
883 1051
1821 11
1526 819
1533 1133
230 598
1083 1954
640 930
1822 1984
1380 476
1899 1732
264 631
376 1697
893 1099
1683 540
1050 712
1947 1866
1456 1199
1557 961
335 430
1315 740
1391 1105
1340 785
185 1297
973 1092
546 1986
719 1632
1439 591
1733 1058
747 119
1409 1512
406 1048
1314 1319
1799 772
1212 74
1502 1960
783 1711
612 1530
156 1972
1901 434
89 1103
1633 281
1400 194
24 734
958 1377
478 879
619 1579
1929 1357
1497 645
605 1780
625 962
1363 44
1824 1578
1995 1327
194 517
1691 1657
604 88
394 1727
883 147
558 1957
1163 1589
1694 1187
518 1724
1819 1801
514 1495
423 12
1779 1337
398 1870
737 490
772 921
520 1104
1274 691
230 1349
1025 149
582 658
1998 176
1246 693
1929 1391
552 961
1383 1297
423 50
1198 451
1513 1886
1156 824
381 420
476 1100
24 1845
1342 576
390 1992
1045 41
784 1795
770 1834
867 1778
1307 1137
576 1253
726 171
1263 112
1826 789
322 1905
915 72
1286 969
1604 92
1452 481
283 1842
510 766
248 1221
1597 1269
1699 990
529 1890
1849 620
114 658
555 1924
227 113
706 1818
1465 779
1232 10
990 814
826 855
1448 1075
1899 1184
877 1628
1335 1370
1144 1121
680 1520
920 1343
793 1079
120 521
136 366
1796 307
1316 1189
200 1173
1710 387
969 1083
320 74
66 610
52 561
1140 1488
1659 96
1398 1944
889 420
817 629
1020 1366
1619 1058
1488 992
151 1600
153 783
425 530
1594 1040
1714 216
1990 1743
363 1574
1909 1461
1951 1924
1162 1520
1894 1654
581 216
1997 1222
1139 738
503 1999
18 1330
1544 1197
25 118
334 488
68 518
209 1445
1925 1418
1798 904
1431 829
96 45
421 792
926 319
1463 460
1984 157
241 689
1825 1183
1509 1694
21 1839
1458 716
780 800
1004 1114
141 794
1575 1013
1236 1961
903 1202
1370 1639
1222 1676
1095 662
884 1760
895 1152
1271 1812
532 1548
1450 1035
41 1071
339 1146
27 1100
1369 1273
1468 763
1217 505
889 1308
543 737
1521 563
1765 272
610 1394
1507 736
755 327
1054 833
732 1152
1424 1244
63 396
923 1191
1940 252
1391 82
639 1241
1054 6
1146 1263
521 202
1294 561
1188 1052
1301 1499
185 1971
1789 492
765 516
1968 1485
541 147
1477 935
1244 982
1763 638
1484 69
1661 1795
1078 1793
1910 1070
1617 485
1889 1176
1375 509
241 1446
1476 1587
1603 150
1031 673
1560 1781
82 1304
579 766
618 967
503 526
911 551
1896 1543
166 474
1529 1974
592 209
1669 176
598 38
560 1227
1073 1156
945 502
1634 834
1461 998
346 642
271 1882
1606 776
331 711
204 1359
1290 1246
444 318
317 552
483 1280
624 1630
31 782
1119 303
909 1909
898 87
1957 646
1109 511
683 1531
1114 1965
715 554
789 303
1771 1797
150 379
337 288
1593 1721
1478 469
1795 1515
1036 1268
934 1207
1784 1868
1441 705
726 1845
246 1283
1957 265
1071 1695
1374 525
1569 390
511 1246
56 1386
591 314
1509 1795
1550 1579
1135 697
1543 742
439 1217
1603 1931
201 1788
678 1150
1527 1443
388 972
600 1218
279 1025
1888 1719
989 764
685 1335
1570 435
830 1696
518 1958
1425 896
1722 246
913 1716
1210 450
989 1089
1249 552
735 1645
382 1823
518 13
647 891
1878 1217
924 812
887 406
924 412
1304 178
790 909
1559 1523
1381 1558
1871 1309
883 21
215 602
1548 1808
1216 1321
418 1720
1400 650
690 1664
1612 399
1863 1205
83 1084
1002 1112
1199 1537
131 1746
83 601
1902 64
726 957
87 653
878 744
1505 1090
1219 748
647 879
11 1317
1777 298
1560 816
1103 1126
649 927
1041 653
1938 1941
870 1487
1825 128
674 1338
877 481
384 1760
296 44
446 1122
600 122
1882 1453
16 42
451 847
1450 1645
975 138
832 908
191 1435
797 1474
786 1193
1652 1042
110 809
1846 802
1115 1236
1025 716
1297 359
1707 668
935 921
1195 1344
1327 1515
1460 1563
524 48
1739 271
1167 814
1806 1407
1750 1421
259 180
1107 1986
1547 1569
182 7
422 534
719 804
1510 113
1383 253
1478 1839
122 1484
562 1953
871 937
464 1270
1182 1991
1475 1115
1333 797
407 1251
1389 1085
1185 1763
1063 864
301 1409
1018 1909
47 749
719 384
1836 231
1504 280
990 1527
1822 278
1490 807
632 451
1072 1952
279 1178
111 1679
129 629
81 1960
148 740
67 1773
1003 777
1021 1600
401 341
509 1452
970 1934
80 148
1722 1680
1422 1698
1954 1828
1062 581
1892 828
1417 994
1327 1635
1260 1734
545 175
1544 433
861 653
1456 1523
828 1286
266 1087
646 1972
1986 1855
185 1221
1909 924
1146 924
122 68
431 1603
214 1564
1542 577
1484 1992
1632 1114
1830 171
1061 91
693 1442
207 1958
102 111
47 357
674 1457
1328 801
533 1146
794 186
21 1366
918 1740
1919 1006
743 365
1476 1134
983 706
1153 1029
1058 641
510 16
1033 767
1506 250
526 1864
798 1773
837 137
378 622
364 1613
1678 1909
209 1239
281 7
1906 1481
1196 1623
486 81
1380 992
1055 924
45 183
1758 213
1548 787
1820 552
1297 1849
1042 888
347 692
880 908
1877 854
26 1403
1018 1297
999 1836
549 1133
1081 1191
182 1938
1524 905
327 1183
385 444
816 1016
1113 886
1600 1628
214 291
1215 904
417 3
702 149
608 378
1793 239
1041 1666
914 1384
813 1354
264 793
1596 587
805 1170
794 1417
939 160
798 869
1317 987
1335 1542
1842 1878
477 1170
1918 693
1288 1822
1722 384
1888 1016
989 1451
1754 785
1422 297
1401 900
1126 1515
335 1802
267 1187
1087 1592
607 34
1626 70
1718 670
517 1963
789 1878
272 1539
1231 1045
171 1123
102 16
634 255
1081 948
1226 1719
1231 622
475 1769
1238 1438
416 1889
1459 115
119 1514
813 722
1313 1674
561 1901
1567 1890
1965 1997
401 202
1412 1770
42 1322
1977 1272
1204 1620
565 1950
1582 929
732 148
865 124
685 169
526 1239
46 285
1577 103
35 1752
1809 1970
1003 1802
1469 1821
1232 1204
1849 1191
887 1204
1348 1722
343 474
1696 514
1878 1790
1413 1840
430 670
96 575
233 80
1619 1742
1936 1788
981 1477
1205 761
70 1132
455 1570
37 937
224 672
102 900
835 1920
694 965
765 1835
733 609
1035 59
1953 1564
952 1238
355 743
265 243
447 223
1798 356
1085 1917
329 1268
919 1085
728 1786
781 848
1005 1990
1244 258
1546 276
1251 1766
1276 147
1479 863
1924 1705
1596 1502
625 1547
831 1583
1476 460
1773 1362
14 99
1160 1925
219 1955
1141 1496
208 1420
629 1268
1736 344
1653 1724
675 150
800 20
641 1040
288 248
1284 302
167 791
1588 380
1457 982
495 1159
237 537
1867 655
1571 357
163 970
804 587
494 1579
1009 307
1627 1659
1608 737
1025 1083
545 945
1961 471
469 393
1354 1429
1128 326
1075 321
1067 1278
1559 531
1688 1576
1414 1062
1808 1501
523 1143
1441 1512
620 177
55 1894
558 1814
1328 818
1180 819
689 1000
1060 713
686 1680
214 973
1597 1982
1466 672
788 916
594 935
781 1661
677 993
500 630
56 1182
333 1954
372 184
155 1746
1063 804
1875 1826
1395 1836
521 1221
28 1319
724 964
1672 1860
1690 405
1469 1170
491 683
394 24
712 19
200 199
110 334
218 1424
91 1666
1256 720
889 733
855 1529
1228 1902
1064 1751
1336 1052
737 1869
1177 24
483 457
479 984
1799 904
1891 891
1008 1100
676 1039
821 34
32 1970
1674 370
606 1148
1067 1786
1314 101
1632 232
486 1838
555 11
275 482
1329 1667
308 425
1940 1723
642 1497
1564 1088
1931 335
366 1782
1345 1822
1041 977
706 2000
1027 1282
1812 1340
261 219
1015 163
1077 164
526 218
717 533
611 494
1526 1529
532 734
1664 287
926 1652
140 279
1906 798
1631 1503
31 1386
592 1836
98 393
1961 348
1961 937
866 1999
1087 1878
953 1143
842 1780
847 297
1128 440
1442 1243
563 926
766 699
1637 624
1711 985
1054 1460
97 48
1623 1597
888 293
1042 784
1372 527
1319 1040
341 1861
1872 591
78 516
1314 1392
1459 329
675 470
359 1825
1858 1909
1272 506
901 792
207 1537
1237 580
142 1172
213 1516
287 917
511 1951
847 737
1073 328
79 279
1610 49
1977 786
1829 785
568 1392
416 1773
1451 1495
1257 388
653 1929
946 1173
434 1985
1157 1061
1148 1002
1164 839
1722 937
236 780
1374 1148
397 695
571 1861
1934 1218
1325 532
699 1051
1447 321
236 1415
405 1442
665 697
810 1458
930 303
381 527
1764 1406
609 980
577 1570
5 201
1186 1879
1188 1222
1743 672
1252 205
878 1804
888 1080
1594 358
805 1793
966 1583
475 1216
1198 1886
1166 676
728 464
8 1260
566 516
54 1832
1788 237
567 1024
1938 1748
1018 409
1684 912
1889 1366
56 316
1981 1342
296 235
187 1254
231 485
596 715
1893 695
459 742
1349 681
1704 1464
1556 313
1393 476
307 157
989 1802
1418 1042
1528 1432
1533 1869
1903 136
1461 940
1948 1670
589 1313
1129 1216
1627 1345
1496 574
1511 1734
1797 283
430 199
513 1745
1009 1090
1195 1665
1089 390
349 397
1474 600
1718 1279
1612 854
33 820
564 86
782 523
1725 17
609 249
1506 873
1547 965
224 89
23 957
1404 1928
1028 438
1416 1276
55 76
1805 42
816 268
689 18
1703 847
1005 824
1551 1439
188 706
283 1450
1299 1514
1855 821
384 87
1661 614
24 510
1970 1869
1864 472
144 1155
1045 1911
992 299
314 267
1995 1039
1515 569
895 1151
1817 119
1570 393
830 1774
1095 1190
299 1814
984 1070
1083 778
952 376
1487 1800
509 621
147 214
1267 1901
518 59
1733 1884
924 998
470 1684
1595 1198
1728 628
1645 997
868 27
963 1525
1993 1648
1916 116
1998 1583
1410 1068
33 188
1120 1038
1842 1139
381 644
1414 144
704 1463
1013 1715
224 1217
554 191
1114 206
1333 96
1598 564
1169 1975
1194 1618
385 1000
295 1701
1625 1422
500 1957
765 1007
802 1627
1023 635
1075 499
1586 1271
809 877
650 1323
1438 564
119 1878
1136 1426
986 927
933 180
1396 934
1856 1236
776 241
61 89
1276 332
1350 1615
1832 730
10 1289
17 19
368 1541
257 556
169 488
1935 906
1900 1445
1543 1413
1896 1724
1356 504
1454 1671
1995 1840
779 1188
1298 460
1192 1879
641 1015
1012 1752
219 751
680 907
1010 1198
1302 1744
59 1578
636 1108
786 1887
560 1779
1544 27
1344 1821
843 1606
1638 1107
1795 426
1064 160
1836 527
432 1591
87 1175
1089 275
1163 564
868 1334
1349 641
944 366
501 1607
1929 270
909 928
1711 247
44 199
544 1287
821 1545
1978 1886
1711 1544
330 1044
1492 1746
1328 339
657 79
25 150
249 1180
209 1605
1702 928
389 302
1274 1959
1244 78
86 1404
202 1469
1285 1096
460 1909
372 537
134 1830
1004 1914
416 499
750 370
1635 756
1960 1843
74 1455
1112 1091
314 414
388 889
1423 435
606 686
92 1567
1157 1311
406 781
1127 481
9 245
562 452
1835 992
1122 1251
1599 1399
1785 1133
956 1063
1310 1113
1910 888
41 864
1355 1543
804 775
1521 787
1394 227
1929 1780
1802 74
331 95
665 915
842 428
1859 1707
564 1899
1866 885
748 932
1481 1489
1852 800
1764 1556
741 1341
669 860
563 457
1951 1425
1199 1756
115 1250
131 1545
874 865
1208 1
341 364
118 846
1099 1612
1713 1252
1012 759
650 1118
1844 150
541 435
707 1975
1830 353
417 977
1191 473
819 281
1472 1719
1629 825
1440 963
1744 1905
819 1874
1377 1868
61 1651
1864 1142
600 15
461 517
1483 884
1430 349
420 418
1384 1499
120 884
1243 1408
106 843
1051 25
509 1642
226 1812
1235 1720
191 1526
1814 422
514 1955
1907 1787
1447 1527
260 1213
375 746
1490 1327
1228 1082
912 1832
1707 707
884 798
1626 945
1718 1985
893 986
531 1355
1467 23
715 778
303 1629
1460 1364
1111 1192
1586 242
1035 888
1851 250
221 1491
954 928
4 623
721 1003
686 603
396 1521
1318 1912
1578 1505
1463 865
1357 222
1328 604
188 1907
1403 608
1582 930
711 609
1868 1434
713 744
1142 1935
169 586
79 1227
960 843
1660 1812
801 1133
586 1821
834 1024
39 437
1595 766
1148 395
943 1763
615 1862
1722 470
622 38
590 1900
274 6
1196 785
1127 1087
465 1777
1062 942
1196 1396
1087 73
1880 1029
1405 630
1562 1029
1391 967
755 1101
628 1221
386 878
1663 959
1679 186
1771 941
1979 1108
1037 1697
881 1803
606 1608
1657 146
1752 1902
1206 1095
1266 1746
1118 371
829 1618
638 1145
1270 350
1953 1506
1844 25
64 26
1925 1548
359 493
1742 1528
809 1596
954 1727
1288 179
793 123
1650 1983
449 1469
598 913
371 99
547 1816
453 9
1767 512
554 548
296 844
169 1730
939 994
1080 1872
1977 1222
176 674
324 14
252 1685
953 878
39 1085
798 1542
1918 1531
394 1444
103 1978
1411 493
1761 894
1776 508
168 405
1609 924
525 327
749 1469
1002 1886
634 576
910 1283
862 1252
398 1111
1108 976
1772 463
355 1057
868 579
1260 763
1212 178
1228 1197
1479 923
1394 645
112 1181
77 209
575 1622
1283 1297
909 714
1640 1220
588 1935
955 372
795 1134
1114 695
501 1458
856 1243
1757 95
844 1727
821 355
1706 1807
362 536
1358 58
385 455
1789 1902
1678 873
55 1200
1505 1591
1473 973
940 262
1480 1599
1544 1407
1583 1097
1251 1744
900 1728
598 1881
245 1519
1977 318
971 1214
86 45
1656 251
863 303
1769 60
1632 674
1070 955
1273 786
118 498
1792 101
653 1501
1123 635
1130 1861
978 1238
1570 225
786 209
2 1632
73 1424
355 1237
1740 329
698 84
6 1067
769 1818
785 1944
930 835
870 421
697 564
297 1365
1566 356
1732 628
976 1549
65 290
363 1809
1079 1279
1162 761
422 1662
708 1975
853 298
1139 1517
415 259
1819 777
1166 144
1332 696
638 387
253 1023
1023 207
954 450
1749 41
1237 773
580 536
1647 718
1463 1735
1172 1168
1749 1614
1648 465
1663 1637
1516 1447
819 517
985 1325
1084 15
1981 503
957 943
1497 1526
120 138
46 374
1312 998
1249 1805
350 1832
223 1082
1472 674
887 1091
1814 72
218 1446
617 960
624 1060
1961 1557
1192 604
1619 1701
1751 596
1645 1073
817 407
12 759
1651 1780
425 1550
994 1129
1513 47
523 1961
1049 141
733 652
76 145
1681 1164
1554 914
152 321
793 439
689 1582
1685 24
765 283
1985 1846
880 1247
1583 953
461 1902
410 1436
686 877
396 1695
986 203
1394 488
347 543
439 1063
958 109
1966 1762
506 436
1762 927
773 952
42 178
1824 1318
1225 1227
618 769
141 1854
1123 740
1104 1900
480 1718
558 689
1275 929
1423 1783
106 656
16 1704
1374 951
1504 27
1076 37
391 1152
1094 1242
1652 1680
1726 187
147 1183
20 1175
405 1627
836 1361
1101 1243
1 550
273 313
476 320
259 250
231 1197
1520 69
1353 1220
1467 590
1008 297
889 1423
97 14
258 1866
694 1661
214 1163
535 1979
936 165
461 758
402 903
689 851
1812 1081
908 59
1535 4
820 1887
1763 481
493 1829
954 329
633 142
1957 1621
979 1014
1041 151
126 1689
379 1046
808 1806
1044 84
1735 1504
1310 69
472 1019
137 994
929 1563
1193 1993
1031 1669
510 383
208 441
1665 587
61 701
1907 520
346 347
717 376
989 499
1455 1470
1076 1245
855 494
749 1703
1189 1498
382 1540
117 1037
1278 994
778 1931
748 1165
737 1936
1638 138
850 1425
232 1864
65 1319
1441 1058
1213 1190
259 1007
153 1136
1220 134
1760 1711
1561 198
1488 96
1307 1118
805 1818
1169 1760
214 1950
1703 1428
472 777
1397 1167
1800 1229
1329 1964
795 975
668 375
1166 754
269 284
340 1724
954 1124
1251 1990
1882 304
421 161
481 670
1044 1858
1027 1465
144 586
1451 265
441 1484
1861 846
1977 1773
134 857
1349 1146
1137 940
1769 1395
148 1009
1861 1443
1418 549
942 946
869 773
779 1509
731 1048
103 1485
1217 101
1037 946
1733 1429
1224 1159
244 1298
1245 468
1021 751
1101 555
970 63
1719 1323
1133 858
875 118
303 641
1177 640
1891 1830
973 633
868 1269
683 1391
577 736
1559 755
1079 1477
1658 186
1547 959
1474 1269
1146 406
1188 1979
1810 580
687 476
549 1775
217 1102
1118 2000
1579 1646
1547 1368
1524 271
936 784
1681 1774
1699 613
96 1697
1311 1671
562 1168
1798 875
417 397
1837 655
601 1121
89 1333
1636 1055
1463 45
1656 1417
1695 1458
174 1918
1299 849
141 827
1339 840
1875 2
720 512
1112 1794
1967 594
1847 248
869 1949
1443 1986
992 1920
717 493
521 578
10 1461
1669 1305
1835 545
1083 964
673 738
571 1704
621 253
1005 1163
45 1601
969 807
1447 300
1728 526
426 1804
39 615
1209 143
1790 1659
1054 97
1771 753
1591 266
1905 519
263 812
715 1964
1393 363
130 1214
1414 1589
759 1870
1365 901
991 1602
1277 1753
1150 1625
79 753
76 1570
1985 1560
788 1644
373 892
834 254
1440 1639
1274 949
1154 1453
1204 12
1569 4
1375 1657
760 1846
1403 28
47 108
1636 1802
605 722
1444 1446
972 1787
1073 1397
1419 1468
1830 1212
907 1376
1317 469
895 883
863 1635
1660 211
925 1116
1965 1455
1704 621
514 437
1104 445
553 73
883 718
1127 1619
260 537
674 1304
1664 277
1376 605
1821 1371
1966 668
889 210
861 922
126 1493
1434 50
1968 768
614 332
672 1219
377 1347
1926 54
542 1453
967 1140
1117 1119
1036 1506
1199 277
1591 535
1715 1301
927 54
175 701
1081 1454
807 1628
242 702
740 1665
1826 644
1950 1094
1738 72
47 225
1724 43
663 163
1563 508
1357 1402
1272 218
1491 1976
113 1828
926 389
485 1879
511 1279
917 1961
522 318
891 1653
1977 754
579 1623
1477 1563
667 891
402 752
1218 662
351 1687
169 666
1609 1390
321 448
1185 1323
731 29
1229 310
346 53
865 1027
1842 1615
267 631
984 1475
1178 1451
1874 956
1380 1633
261 1109
1514 1599
1355 1649
38 129
1746 1966
426 1651
1163 1910
1880 1476
1555 600
1721 1856
1903 40
1373 1101
263 167
644 289
496 1931
1591 1695
1499 687
534 1897
302 1477
754 346
1623 46
1817 1372
1296 1295
1059 759
1902 99
122 208
1448 602
696 159
936 1678
1212 1279
991 424
246 113
569 1324
824 397
714 783
366 1146
75 891
1110 412
751 1272
1627 806
392 1360
1190 259
61 1609
900 271
1112 773
1776 284
1588 1973
1395 1194
1236 366
39 1218
938 1996
279 307
136 547
1766 1802
1429 1213
1323 982
1879 1129
1750 843
1722 1444
984 726
1544 240
603 1148
1035 1074
1468 56
1341 806
1802 776
193 298
1758 73
1228 1516
1871 362
77 402
523 1254
1013 710
545 1984
1903 837
1718 1055
1651 1064
736 85
1506 585
1806 1374
1146 1696
337 254
1282 1853
1301 1950
549 1945
1390 1071
897 124
1087 1818
1524 101
1238 799
1971 478
1480 451
295 1718
947 1926
184 1670
456 1899
555 393
1078 999
264 1298
1869 552
1943 1313
86 1473
951 1991
1412 1131
409 1444
1956 360
1945 1669
144 1443
1881 825
201 1802
1807 545
837 893
106 1929
378 1906
1411 1186
92 1700
1607 1178
1243 1711
1839 1785
1496 1082
198 532
13 1532
1803 1537
200 733
1122 1899
85 1970
1152 417
1726 463
1765 43
128 1561
1880 1103
1424 1825
1700 1498
817 931
748 977
621 93
842 1398
1785 1238
419 154
729 4
344 38
1785 883
1008 253
1909 1149
182 1134
902 1091
150 1700
1554 486
1757 1261
486 1328
1125 1347
1657 1149
1622 1741
1812 1397
156 764
435 431
1982 401
1418 1625
1470 709
813 702
121 22
137 1305
1172 1367
347 1492
1412 326
660 1187
932 1928
1988 913
339 1698
568 1262
1942 1746
14 992
1854 830
1122 566
1033 536
918 10
1437 1050
81 529
353 980
194 1488
1759 999
1390 1898
1893 1457
680 171
553 1955
1402 725
371 248
1973 1797
569 981
306 629
274 1323
1641 1337
832 1473
702 1263
1846 920
1722 1282
582 321
1961 1878
785 737
828 312
132 1112
827 413
517 671
1658 347
1591 893
1111 1399
1630 797
30 22
1960 809
1282 301
37 1402
295 182
1992 410
216 1031
661 257
96 621
919 1225
159 1966
135 1758
227 1673
142 654
1343 330
1403 567
1610 523
732 1821
547 631
877 804
750 82
1050 1058
1324 357
1070 897
1384 392
1057 77
162 1390
159 778
678 814
1 1970
629 1088
85 162
1687 487
1062 1396
1302 1223
571 1355
1127 1130
85 1735
959 1966
1708 1781
592 1573
255 327
1675 680
386 1492
370 1339
923 1767
513 1107
437 1131
1361 539
941 1527
1420 786
366 427
291 1002
535 343
973 806
1169 249
825 1486
1263 1477
1125 1224
936 100
1657 1162
1053 391
122 1921
1632 1268
1060 613
1392 93
68 987
373 1561
1102 1567
587 893
1943 1991
1615 1434
896 641
379 1239
1124 1415
1648 472
1864 854
1292 295
791 1820
1741 1404
1153 1267
895 344
1123 1981
21 145
638 774
1381 1149
17 448
281 1808
233 219
1298 611
321 1550
212 1479
85 959
1973 1162
1941 656
899 1169
1069 949
317 1512
211 605
1980 1565
582 572
1452 64
596 1180
868 665
1329 153
1297 1943
785 1211
1619 8
1717 438
346 668
1806 1072
1474 1577
1457 1022
337 992
263 504
51 654
1540 656
878 1557
1056 1865
115 279
1625 1800
1452 1820
1535 1885
18 460
1788 1347
1311 716
1727 1220
838 1046
951 1325
591 890
1550 1131
619 1361
47 920
1966 1749
1656 336
1419 1856
351 118
928 1829
1836 1546
162 1509
1483 377
286 1511
1931 50
1324 1859
1395 661
71 1699
81 1267
1217 1497
1646 222
466 1967
1976 454
777 975
768 1997
1443 779
1729 530
883 1026
592 798
520 1670
1062 142
218 763
748 63
1481 1214
1174 1163
847 645
1474 849
1024 736
1979 1332
1852 1598
655 1538
733 1994
1536 1319
867 424
856 1603
83 409
1738 1377
1469 721
1028 191
448 1154
820 774
316 1989
576 22
1452 1039
758 770
265 1281
1258 1226
214 1004
587 533
1890 75
693 1181
94 1366
1103 1446
1477 1985
301 84
1908 539
1124 1034
368 1035
1698 1257
646 1404
851 1998
1797 1267
1465 1914
1105 675
1769 708
187 1794
1310 626
618 628
67 312
742 1700
1487 1141
1602 1672
975 714
1134 705
1044 553
793 1879
561 614
1140 1774
923 1371
1366 1144
1779 701
345 600
1092 823
1274 1087
151 1326
484 1516
1287 1840
1866 503
1718 1660
70 1338
1006 918
886 696
1294 723
542 84
1498 106
90 63
527 484
1713 505
574 837
258 1135
461 436
1001 1875
892 120
327 463
1484 1536
1480 1311
428 850
1005 1820
841 1867
1777 1140
1251 1968
1749 913
1477 1214
619 714
47 813
1935 1592
669 984
1781 1504
1004 256
130 555
863 463
900 91
890 1442
1861 884
665 875
28 142
911 837
56 884
1653 1879
1835 502
1037 616
1493 1906
622 1320
1461 568
31 1355
1599 486
260 1331
1380 424
1751 1707
1152 1133
160 1611
1009 1270
792 848
1746 1001
1089 490
423 1846
1453 1333
796 984
729 491
508 702
1467 661
736 409
789 385
934 618
295 1060
1132 95
1764 1548
1238 1219
853 1199
1806 1557
1480 663
304 228
608 818
1041 1850
619 338
1138 1534
1262 1416
506 1401
626 682
951 179
787 1106
167 736
900 1235
441 1554
928 824
1163 1608
1123 1747
667 1093
1787 680
176 1624
49 1710
321 1665
597 1240
1863 1364
162 1927
307 1362
641 118
399 354
1030 1308
1059 1419
1722 840
1994 725
1563 1348
140 1470
1687 666
306 914
1911 1388
518 175
1129 1996
865 537
338 1539
1104 1855
358 1524
1892 623
791 753
1675 195
312 9
1687 1380
1663 1341
393 1556
669 83
782 370
1685 1891
1726 218
643 1116
904 220
1611 1043
1743 1306
329 417
675 1359
1618 301
1452 621
1288 908
979 1989
322 320
126 842
456 850
866 261
1200 1645
428 1320
746 1343
234 1515
1744 106
1797 240
1670 134
914 143
220 1674
1582 1874
1968 869
1183 781
1143 91
1727 192
346 1388
1861 1374
39 899
943 217
1780 1442
265 666
1176 540
553 119
401 1794
1275 1578
996 1049
1701 374
185 257
1210 1459
1355 134
1768 1529
1620 634
165 714
1627 1454
1147 312
45 868
914 274
391 376
1133 773
1043 485
469 836
1177 603
1359 327
1488 884
1859 647
655 1816
488 1879
1674 1296
1420 1375
1681 52
874 238
747 372
955 1302
1568 1694
1706 84
1383 35
1028 1800
675 96
1597 233
936 1312
1212 841
1731 1355
1855 1201
43 506
919 1653
633 494
667 369
279 1872
1855 810
679 1577
681 800
169 1236
485 178
1635 616
257 1925
1424 416
275 332
1822 432
459 1807
637 1988
653 1119
1211 1565
731 215
768 91
756 642
539 1196
1955 254
191 113
463 109
1210 43
1010 1865
255 1150
1536 1356
525 1526
412 145
1207 394
1689 447
324 933
988 1500
1449 1110
278 1742
1057 293
1068 1315
1103 1683
1922 103
824 64
1195 467
1891 1166
243 1128
259 655
849 1683
1245 1301
69 1048
821 1190
1319 1259
981 1882
1319 1623
1427 117
627 1215
1012 835
1325 1390
594 1272
1990 1670
1793 548
947 984
1884 925
340 1948
1818 1169
704 981
1078 1973
942 501
17 252
177 877
439 317
1345 46
282 232
300 1425
565 1707
1923 1351
201 1016
143 833
346 1267
1607 995
1217 1848
67 771
1803 1238
1455 1963
1127 1726
80 954
250 797
311 1913
550 531
419 111
589 1143
1878 1997
1115 1231
815 1685
52 1931
912 1948
469 969
1359 456
1880 225
1806 777
335 816
215 350
895 1717
1891 419
1898 397
1169 725
1997 1479
892 1294
454 1841
1932 118
1699 325
922 495
961 1411
1678 736
1925 1163
184 1744
36 1617
438 226
965 1628
506 1171
679 1698
294 388
1735 1141
921 1758
264 759
1693 1249
409 1522
1534 290
199 505
611 1213
148 489
1704 410
911 172
1020 1093
553 1140
1193 461
332 45
1904 125
666 1341
46 1287
679 1390
636 483
1171 472
1634 1974
1263 842
521 1317
28 1095
658 1777
375 510
13 599
1779 28
324 808
1751 66
466 244
893 1774
607 1856
644 222
1036 1224
941 1080
1921 474
1428 1890
450 757
164 443
1107 1189
1416 158
1771 1402
1162 1006
134 1493
613 576
523 856
1606 299
620 348
1263 1786
1099 1645
163 1881
1106 835
1157 1744
363 1335
269 113
1240 1996
866 47
612 1567
649 531
619 813
1516 53
1636 1642
1346 779
1110 1681
738 1825
1628 1506
1338 1316
1153 1084
240 717
1381 1214
1704 653
233 404
1759 937
1065 181
515 333
1254 547
1189 719
742 279
1994 250
1519 709
1334 1183
509 144
716 1378
1860 647
59 97
1569 726
1327 706
651 1545
1500 278
303 1386
1462 866
1619 1964
903 1823
1057 839
1993 435
1739 659
374 853
1686 1022
1566 1344
1658 289
1485 1283
892 1409
754 1714
1655 1420
1339 1858
443 1929
1452 1763
1579 868
223 2000
50 1305
788 95
594 346
686 634
1502 1016
972 803
439 1342
1550 1834
619 1054
1887 819
1135 958
877 858
692 1982
384 1383
953 122
621 1422
1701 1807
1716 1961
519 1983
1236 1331
28 1914
1923 1829
1305 638
1639 463
1402 1722
406 955
1648 1890
463 1482
1044 221
1392 1657
1634 1229
1370 1710
1948 635
631 1572
484 1310
357 1256
1809 1103
670 475
1083 1242
30 213
592 1631
1187 829
520 480
903 935
1057 207
1954 311
1961 625
2000 25
1947 1570
1566 472
847 634
741 1475
1884 683
2000 1668
1852 1789
426 389
1485 1584
1358 1286
144 1273
595 1538
258 1603
814 480
980 1992
853 326
304 1541
1319 1405
415 383
1099 1766
360 1616
1625 862
1074 1772
901 1616
601 262
1120 1298
336 1077
269 998
1143 1550
813 745
1073 1168
74 1314
693 947
859 1367
453 234
326 872
3 279
877 1095
1864 501
1084 155
1450 539
1324 650
931 1603
81 580
920 1812
1784 1624
1962 560
219 978
1974 1846
830 1878
1588 1674
1587 729
172 1744
1563 1672
412 1127
1226 210
1627 769
1719 1745
1922 117
430 647
324 398
236 1202
697 1344
901 735
702 767
635 712
1834 1276
1082 377
588 959
1674 1201
367 153
1531 1222
1520 1121
1332 1685
784 1627
1239 1141
627 13
454 1051
595 1303
1035 18
508 120
689 1746
1812 698
1039 1174
87 159
454 646
931 1812
57 88
937 672
631 450
1258 376
566 299
806 506
1749 850
1775 462
1788 952
1073 1925
1744 446
17 715
220 1526
1158 254
1727 1531
839 1634
743 1002
1098 1271
390 1802
643 1706
1879 49
1791 1285
1722 380
1513 1101
161 581
71 62
129 1235
1051 1604
560 1113
1076 177
1406 1432
550 40
1765 1803
1087 275
1475 1281
408 592
1295 1578
391 1732
1101 1351
658 137
236 413
420 1369
259 110
817 1576
927 1875
58 956
897 1156
1951 1900
210 659
892 807
445 1884
76 1064
1565 262
608 1366
620 91
403 1212
774 1117
1872 1352
1318 670
1357 1276
1092 1859
633 34
559 270
137 1529
529 815
379 1210
1749 1647
951 496
1894 584
61 1982
1716 948
1702 323
840 339
328 7
1621 881
1215 960
300 85
829 1043
1367 1157
915 6
989 351
1499 906
498 346
1609 810
673 518
1406 16
285 1636
382 1720
767 1523
1668 1508
91 6
222 1104
1827 93
1594 1712
266 438
1518 1672
1421 1699
715 1489
1790 1888
367 802
1877 795
496 1289
1718 273
1269 1531
1339 329
1499 45
1708 1988
934 1752
888 1430
403 1844
1351 937
892 50
164 1124
76 1883
1397 1051
1710 484
1159 294
1480 1737
1173 1706
1244 654
1154 1698
234 951
1396 625
1989 1992
1350 1906
1832 1037
467 627
15 1593
1836 345
374 1865
1451 253
1403 1968
1005 78
1384 168
155 478
321 970
1222 1132
1942 1217
1026 1307
911 783
863 1898
74 258
992 1281
1033 237
1766 617
388 1564
168 1655
1198 1653
318 1929
378 124
1501 1408
1766 1428
1676 996
73 1342
636 1319
1664 264
1021 891
1668 1660
147 1212
1892 166
557 1529
1327 245
84 61
1012 1331
418 1221
1732 734
1474 762
796 914
464 1163
898 1502
1693 1417
736 467
164 68
722 1754
1932 1311
856 1560
1705 1029
1081 693
1510 658
1478 1672
639 1937
507 1849
1466 540
1431 1006
1071 327
1539 1009
1018 627
674 1863
1656 1309
1003 1059
1661 968
1537 494
1345 538
1840 1437
1792 1095
1797 1070
17 1077
289 840
346 1703
166 1146
1549 1877
618 95
1244 628
1805 849
989 468
1030 1354
353 1262
78 237
1567 1649
528 1750
1860 1676
965 625
1687 364
1086 1926
801 496
1528 265
754 407
1537 259
1422 1855
444 1118
52 383
1786 1980
1214 1725
1449 1175
1055 1659
974 346
95 1367
232 1703
494 191
613 592
1679 706
1513 373
687 1248
549 1427
355 288
143 70
1252 214
761 789
544 765
1632 348
1069 1110
654 1418
569 158
241 805
968 1064
1389 1576
661 1035
442 851
962 1701
1078 1908
174 650
1684 1017
1755 1883
1908 1923
1723 597
1375 334
995 973
646 1556
743 528
231 508
964 1023
1393 207
1712 175
1102 701
1870 619
1660 127
650 1089
1059 1092
1367 1579
1962 25
984 1860
92 565
1567 866
223 1785
691 171
140 227
285 1478
358 1379
1175 837
1892 297
1786 820
684 992
578 1407
1253 1297
1260 51
981 446
640 1350
1214 1360
1359 1673
254 1604
423 1949
1556 1079
1376 865
1089 1562
588 1479
1132 132
1540 163
270 931
536 331
1840 1741
1565 528
751 463
1752 9
853 1146
1293 1005
1920 1145
1005 847
1046 175
479 1892
614 665
1318 1071
142 1288
1052 1756
1825 1369
670 1175
1023 1753
907 412
1582 47
238 288
1805 617
667 1256
791 1766
1829 1282
1063 1614
1923 1785
1856 692
491 1448
553 1461
69 1176
978 1678
1015 1144
251 772
1761 265
1189 1376
13 1267
401 557
843 1196
975 1103
1537 152
1062 669
601 317
846 1191
1417 778
278 1796
412 932
389 1545
1096 455
1813 940
70 1498
1157 1204
1248 642
1795 1859
1891 1144
1664 934
1054 64
192 628
337 637
1884 279
602 3
655 63
657 1346
145 1654
1347 1587
1932 1981
545 1119
1081 87
929 706
1038 673
1067 100
1397 1525
435 1757
800 1854
1258 729
1385 873
1205 1022
548 1495
1085 664
534 1670
626 1695
679 491
347 834
866 238
537 520
121 1821
1610 1029
735 661
655 1954
1534 1013
840 1217
347 1327
1412 79
718 978
1218 490
1112 665
1080 1699
526 469
877 1683
1137 250
35 474
1881 87
53 781
39 878
1842 1347
46 190
615 1467
604 1660
1095 363
1581 934
1874 1200
205 999
128 638
212 1605
1722 1072
1537 1280
458 1501
12 864
271 1944
684 603
1327 899
670 1410
745 624
1813 1060
12 1796
935 810
644 533
1271 550
1329 795
1605 1858
1061 164
305 179
1301 405
1583 224
759 1239
846 1542
1884 1762
581 15
1032 313
643 1764
1964 1398
258 666
4 1962
334 177
1268 580
1293 866
373 1749
606 871
1371 1298
774 281
43 289
926 1726
1943 1485
340 881
1161 877
1825 1494
1935 1077
176 285
506 1020
1317 1358
1967 644
812 394
1426 1589
67 197
141 1398
1462 500
383 1319
1411 790
1639 268
1374 1407
470 125
1447 1757
408 1354
1606 622
193 1816
375 48
1304 240
1601 1134
1947 902
98 1943
1993 1732
1979 553
1926 240
1271 307
153 1323
284 151
1536 1957
1199 1735
991 1812
1314 763
1851 1984
1085 1416
1012 664
885 1686
758 396
193 1223
1632 1933
1445 212
529 1558
444 1371
24 1514
1276 696
47 406
379 1518
1585 1162
1836 954
1988 781
47 1579
991 359
1965 1094
1497 814
1179 1826
238 1858
1577 335
1501 895
952 1380
110 1100
1127 1765
1014 486
198 1519
1795 1605
1927 660
550 580
1032 1987
1802 811
578 1097
702 1283
691 1306
564 1044
836 785
1667 123
1790 675
576 978
974 131
1917 1433
259 1722
1739 717
729 784
886 1082
1492 427
501 1501
1439 108
1169 632
1598 1983
1186 751
270 693
1086 1171
1416 1019
1172 608
751 1552
1492 1870
991 1025
885 526
802 210
1890 693
1233 1758
1731 619
329 1436
1510 1630
262 952
852 1832
340 1028
1723 1763
972 789
1661 359
1689 1949
1935 1982
579 1697
674 139
1193 1417
499 1526
1384 380
1649 1328
1406 22
911 251
720 1840
1268 1686
1729 1932
1529 1426
830 489
1425 703
180 1994
913 483
1189 1050
1157 768
1874 786
1256 197
995 1866
1094 1929
603 1966
141 1089
977 1345
1126 574
847 1067
545 873
123 325
2000 83
280 1214
1666 1080
1121 1339
1960 1045
1833 1321
1838 1798
1909 1118
1782 1220
1289 459
1446 674
62 435
395 372
1565 980
1155 430
638 1094
1837 1378
1150 777
138 1798
410 35
576 1650
1318 985
493 1106
1855 1666
760 1643
725 1843
1767 539
1698 1534
522 1907
446 1451
319 1723
140 1002
144 1781
413 1486
39 1044
1402 1016
1367 1218
1356 1261
1817 581
1371 1477
1305 1689
1418 1432
1090 685
263 437
1807 626
1794 467
931 27
158 1485
218 1400
331 939
45 249
1613 932
1885 159
31 442
1541 1971
1548 977
1982 1043
1605 1596
1721 1283
377 1142
1866 252
72 440
879 407
164 1640
58 247
1904 1451
1144 1186
797 263
1063 34
130 60
1983 1556
740 1886
991 1418
1366 1240
1420 642
726 409
998 402
929 249
498 112
548 581
1377 297
403 14
11 1793
283 1572
1498 337
264 1468
1636 607
806 432
199 1716
1553 1413
1864 66
1186 50
794 1970
485 519
1868 1510
492 293
1769 75
118 491
780 1194
1974 394
1222 1199
1022 1133
1395 745
865 822
1018 691
1243 1561
596 903
212 715
746 1023
438 1437
311 641
382 1139
371 1962
444 1650
1905 18
1779 316
419 1632
1274 1724
995 949
1456 641
1813 587
432 1241
1354 1312
1746 734
183 632
107 1362
810 258
1591 1994
1460 376
531 1744
639 339
459 314
1008 407
759 1678
1681 950
1720 44
1794 719
1865 1029
90 1043
1872 807
1321 39
1890 1054
1897 1396
1166 185
1756 1193
1000 842
1265 1730
1232 638
1712 783
636 474
1092 1909
1788 1786
813 276
1913 1511
407 711
1350 453
806 451
801 920
1951 850
900 964
169 1622
1317 1813
985 1748
932 501
720 819
957 902
1423 909
46 351
855 1835
1268 884
717 1754
1275 1040
431 836
712 934
1189 700
1399 959
1913 234
1728 1910
1767 1806
204 1838
903 90
1846 758
232 267
1922 30
1795 788
1029 1236
370 169
868 696
893 219
305 1618
1100 1071
1006 810
937 865
1781 797
1942 532
865 1828
856 847
1387 1283
468 1129
203 920
18 1864
775 1686
23 1901
761 982
1662 88
885 792
355 805
966 1287
696 871
1371 1781
1233 1984
1505 1723
1463 686
721 244
1777 1667
29 173
1408 964
1319 1801
1103 1551
1553 1266
1472 1499
1352 1504
301 1837
325 713
289 497
220 1411
1730 1930
1755 101
1204 485
1854 379
1529 1700
1175 1265
742 1535
1849 89
911 1450
103 1331
1305 1275
1090 15
1533 1125
744 751
1867 845
1295 236
1687 1726
325 222
1802 752
575 570
66 1354
1025 1125
1283 953
861 985
1221 1359
607 213
1398 224
683 653
5 937
377 1936
65 1750
634 1825
639 196
1928 53
789 1565
881 1556
666 1036
1679 1564
44 548
263 1738
228 1205
1598 1604
802 1124
55 164
1657 1328
461 717
1971 102
1240 28
599 1323
1459 314
82 1582
126 203
642 1676
1862 396
1793 1675
873 1702
38 113
1223 706
838 1892
326 520
1767 257
1073 285
1949 852
646 1375
561 449
1222 1122
586 916
1430 235
64 657
1363 52
1344 755
1072 1287
869 1791
911 1570
394 1703
1160 1142
518 640
560 150
9 400
299 1646
1773 657
13 1844
2 1275
91 1728
223 555
1016 679
338 1647
783 1685
584 1887
1264 1865
850 1446
404 40
810 1281
1933 563
232 1873
483 263
1294 1111
1209 1001
755 1631
254 698
1008 1418
1287 250
886 667
644 81
1612 1689
175 1286
1838 1327
333 1488
76 29
1720 586
959 170
1775 172
1872 1669
569 100
1713 1927
1882 5
541 22
1078 679
1159 1846
1735 643
1550 1489
1440 352
1048 1617
1320 1750
884 1143
554 18
402 295
1091 1865
351 216
632 930
1497 482
422 796
863 1921
823 1150
300 749
890 253
1919 1033
297 240
749 326
965 742
1581 743
200 1181
652 489
1973 333
857 797
603 1281
875 1572
917 1019
165 870
1108 482
1126 1119
635 1680
63 1179
356 919
1061 1728
1891 1841
955 1533
377 1565
1114 1582
1612 993
1580 1051
895 531
1121 986
1983 666
298 1167
1056 875
210 947
1333 1189
1277 1059
1598 1779
499 620
1579 1657
1796 484
373 406
743 1253
1872 130
1731 1471
308 1511
543 1304
1539 36
1656 1394
1642 1357
1091 1217
1956 91
1183 1777
506 831
1190 791
1730 1132
1091 570
1589 1319
1792 631
321 1634
1646 1276
67 386
1084 1425
1690 90
81 1726
1577 1392
1321 1691
1097 382
251 862
1934 1212
133 932
236 274
459 617
285 233
1479 1037
20 1566
1878 1001
548 1771
1349 529
513 1515
1871 1680
325 239
523 1097
588 1537
854 1836
1114 829
1757 981
782 333
655 193
954 1614
1923 990
277 907
827 948
1554 661
687 720
959 863
69 745
936 1580
65 1694
1074 1902
1476 1054
580 1431
202 1885
1030 1944
757 1369
1666 1053
598 215
529 316
1262 190
358 1468
1066 109
1307 37
1179 646
805 1779
21 1092
1785 478
1759 1599
1102 1008
1643 1369
120 668
1577 648
1893 939
583 167
1962 946
952 547
1090 793
812 1626
811 1816
615 790
945 494
1013 1906
1966 645
719 1568
829 1876
1719 1367
1954 801
1652 874
949 1311
1633 1510
432 1658
400 820
842 1981
976 1159
669 1212
909 877
508 592
842 336
588 1324
577 1265
26 1641
1750 526
1199 380
374 1033
1024 1840
1865 1700
1529 1321
1358 663
203 1459
290 1626
276 1561
541 1043
410 535
283 783
696 1296
548 273
1784 495
297 1227
774 343
22 1704
294 1933
915 1911
580 130
407 1382
1265 910
1636 1259
15 593
428 1797
884 312
354 799
725 892
1047 497
764 982
637 64
485 211
231 1459
554 1652
111 105
831 1972
1257 179
1109 1330
1058 1776
1190 1321
1923 1580
1160 1388
1001 1569
1797 731
353 1998
1116 1653
742 916
1369 1102
1337 1876
735 1621
1599 1280
1129 26
1475 34
1373 927
1659 646
109 1734
1417 893
575 77
868 217
1435 310
232 1607
981 806
1373 1124
1940 885
330 827
722 1257
171 1397
846 1315
1307 1375
1111 365
500 1947
599 441
1685 430
435 1904
442 1052
707 1544
1629 1281
1564 1025
1138 284
1533 456
1516 161
1857 251
1124 1402
1949 267
21 1481
1787 1866
446 1130
1045 1478
1014 599
1324 1411
219 1088
261 959
1418 804
1704 737
474 723
1944 1040
1747 1433
78 1760
1987 1414
800 1950
484 1695
603 1047
548 723
520 609
1417 1781
869 1691
1212 150
1228 1477
52 1898
868 1524
955 1795
824 882
1499 1998
387 1055
1181 842
1808 1020
1630 959
765 1561
300 827
915 1502
903 63
719 812
1662 492
650 357
1258 1674
929 442
1448 1366
154 22
1784 378
1688 1050
1276 1069
479 600
1756 224
1830 1115
1666 24
1539 282
1525 1475
1154 1828
625 898
1412 1148
1403 661
1389 778
1080 752
1804 916
1797 1715
1433 1472
1504 272
287 810
1861 316
1829 1122
1815 1971
14 1937
982 1623
1577 1130
1807 1323
278 1239
673 1685
45 1858
179 368
1521 221
949 284
1401 775
204 229
1594 170
33 1931
437 1165
1359 1210
116 1868
1750 1549
971 775
943 38
1884 567
930 1054
1688 474
323 1886
1506 333
754 422
867 157
189 121
687 1006
1404 364
1478 943
217 1628
1600 1345
1194 510
475 1812
1180 61
1145 1208
1844 84
961 881
389 760
781 166
1745 1749
527 902
89 686
285 496
89 404
1818 1095
170 1213
294 559
1650 1610
1498 1519
1850 852
1961 1549
642 351
1648 445
492 1772
1550 141
593 1183
47 1926
1077 581
605 1976
88 481
1601 566
864 1660
1769 1017
383 362
1275 436
1349 837
1703 1139
14 1124
752 1443
378 630
1104 700
1639 612
438 196
1694 895
518 1528
1037 40
339 1581
440 1604
1997 933
804 221
186 148
663 650
444 732
1152 685
804 1648
1074 1407
1813 1796
1140 284
1758 1072
1548 779
974 212
1442 698
1283 1762
1928 1473
336 397
1273 806
581 815
929 1706
1194 1142
1074 992
1925 849
915 772
788 126
435 1230
1705 603
1553 598
870 702
986 435
1546 489
239 1649
726 435
1952 832
100 5
1956 740
1262 359
713 682
808 862
394 270
473 1697
1527 1665
1257 933
692 496
1856 1327
1342 366
129 730
645 1778
906 434
1203 1208
887 1955
1542 151
984 1730
1010 1682
1736 1648
260 11
484 1341
1973 57
942 1215
709 1465
592 1598
440 1723
1398 1348
1721 65
1993 1316
43 109
1029 2
494 689
1806 330
1193 1508
690 1954
1178 515
1100 1945
196 1115
1566 1942
754 605
1162 564
740 536
104 1030
816 1144
1964 1665
1953 1452
518 1876
885 1974
1383 667
959 118
686 1549
1705 1579
1233 1142
1233 353
642 1615
1680 1587
1624 1429
460 950
1477 1891
1502 206
241 1021
1582 1298
1218 1537
118 553
1942 326
1899 1245
332 1103
837 486
240 1026
406 1385
1164 81
592 935
1994 896
1461 1101
1779 1278
398 1041
665 1874
1844 599
875 605
1416 468
729 1072
508 241
1006 880
517 555
973 1669
727 1858
284 642
1794 397
1725 1175
1706 1217
1655 1254
1067 1913
867 1595
1851 437
528 1172
1950 427
262 728
873 1023
241 69
612 92
884 1689
333 685
1477 1104
1942 718
328 1331
206 1120
540 768
28 44
1831 301
798 1207
1425 479
1166 1878
311 556
1685 1987
1129 633
1082 133
1496 916
691 434
1521 455
1765 1836
400 1565
1055 1530
665 1063
541 222
564 1543
1649 444
1119 995
273 142
7 1664
1068 1443
1587 437
1036 1429
229 1861
1838 1766
249 1000
196 673
788 1145
1844 290
726 1265
1013 1595
686 1688
654 614
1445 441
1657 667
1583 135
1776 867
1832 249
515 205
1857 1882
439 253
390 1376
1935 1451
1670 1176
257 1706
130 1752
863 1118
1748 36
812 1800
1508 1149
448 1083
46 688
339 422
641 400
420 1201
1010 657
1249 1871
1381 622
406 1508
636 1595
251 543
772 829
91 1690
495 408
1973 667
1115 1679
1853 1397
1336 1060
778 125
1511 765
342 404
1285 80
1626 1696
1808 349
1024 492
1001 285
1301 1572
927 557
1282 556
1711 1129
1983 1780
1231 1651
6 773
740 190
25 695
1593 650
249 1789
302 881
1685 90
1925 587
918 1903
774 1827
1883 977
1650 1020
1276 1947
1996 720
1908 388
829 495
333 546
248 818
1223 481
568 101
1585 1300
660 701
1552 1679
1882 138
1792 190
1538 1454
1847 600
503 455
14 502
731 608
826 1080
1526 890
113 265
756 1237
650 1107
528 962
1261 80
106 722
1229 1350
140 1764
256 1157
149 1128
408 832
615 599
1135 503
1682 1568
1062 18
1980 625
603 1755
1309 1375
1380 433
903 754
1239 1518
377 206
912 335
432 1849
1910 865
273 507
607 256
538 313
494 1099
1806 92
1877 1972
1972 332
1167 738
1439 1161
2000 1865
1891 148
1983 588
1289 592
816 1200
544 1545
392 1382
927 286
69 34
362 60
1985 888
1307 404
1346 690
1865 386
101 401
1459 337
1332 961
839 1447
693 1033
1858 1869
266 1294
1950 773
161 877
1386 1083
485 1663
1818 187
536 1703
1285 1350
1642 1395
1654 1554
1932 755
1211 478
56 588
99 1781
938 623
1937 680
937 1587
1635 1379
413 200
408 750
1065 629
1856 792
1934 97
1051 550
1549 283
313 1696
1406 446
394 183
1962 1888
1874 148
1899 747
1994 1361
1279 1321
1334 58
1492 887
1841 182
1327 1959
222 1214
1260 1418
621 704
1979 288
1359 1526
95 809
1750 1969
553 1202
263 761
655 139
489 958
643 1127
150 1473
904 293
1012 1294
1921 1652
1812 119
1996 1440
1088 1497
1512 425
441 1646
417 1223
1639 1465
245 977
1691 1059
647 1033
813 801
354 70
1426 1016
1534 873
255 1356
1526 82
1628 525
745 1336
1250 839
1838 1611
240 944
774 1133
1310 1269
1402 378
526 1668
173 420
1704 1440
1781 1021
1501 630
1962 1016
1814 1033
1275 1541
1127 1564
1097 1625
38 1187
1334 1442
698 756
1606 1610
1274 35
1995 1704
582 34
1410 857
1720 358
128 585
437 1777
1783 1894
1820 236
1806 939
1474 592
1903 1133
1315 972
30 1300
1997 772
1716 840
291 20
185 761
821 1245
1319 957
1983 1130
1761 1298
1328 464
1182 1237
1438 1225
707 1345
119 678
559 965
1763 1861
1781 20
1585 265
845 792
776 1377
1774 1639
522 333
1737 86
155 1456
539 1832
692 1225
402 703
148 47
1112 1984
738 795
1476 29
101 631
996 82
911 450
1104 1160
1508 398
666 1631
1791 973
1014 1127
82 1537
1337 1826
1035 1154
845 605
1457 1509
1606 466
792 1981
172 635
158 418
1373 597
271 65
1449 1149
310 745
850 1222
702 319
1435 1086
1133 1545
949 1586
1061 936
967 841
1651 1928
955 853
496 1630
1845 348
1852 1480
1540 1050
1833 1040
1934 1700
1865 1415
726 899
1343 286
18 66
2000 1099
82 100
1632 1809
707 1586
1300 1385
1366 1294
972 406
439 1907
1629 956
121 1854
137 1569
1636 1992
1135 1539
1566 1422
1795 18
1950 1080
1578 942
245 101
1225 1471
1665 1674
1762 1678
1335 1138
625 463
1324 1461
346 1304
1988 1116
1529 1809
521 1556
1538 799
136 630
779 1244
913 866
975 164
186 1328
659 1055
698 635
1104 1848
1954 906
165 1275
1290 726
1329 772
1993 365
1488 1379
1711 255
104 594
1667 125
323 1008
1513 639
1964 696
94 988
774 248
899 1419
728 1078
725 1458
1488 1763
1908 1005
1534 1900
202 1445
453 671
114 153
3 832
301 1455
10 44
600 772
86 787
838 1563
231 1310
1317 1391
365 1832
1183 138
279 1124
194 176
286 1856
1769 1967
971 456
957 1557
1683 751
1136 948
433 1165
1602 997
1051 1897
1007 367
1514 1649
13 558
1334 780
1668 1060
843 867
1140 971
1380 90
426 1589
702 170
386 1164
190 926
1700 1429
923 1503
1241 1352
1966 134
766 1325
1693 252
937 379
1877 1371
701 1758
634 1699
1531 1683
72 1492
1266 176
1986 1997
880 67
1082 352
761 456
1531 60
694 1044
824 592
87 848
454 61
131 234
4 356
1551 480
149 1149
820 1734
89 372
94 1715
1198 535
1592 94
1078 1081
1975 805
997 1962
566 1357
1426 226
252 887
1564 924
845 1466
1603 958
1255 1651
79 966
314 1310
579 1286
925 782
840 518
1720 190
1614 1826
434 875
365 1045
1197 566
378 572
452 859
320 1789
343 659
158 1441
1747 905
571 372
1457 1927
77 1839
1242 1219
1025 623
848 352
1020 1985
69 1544
545 1709
1597 883
1501 411
1400 1631
651 141
490 1707
1380 1379
1820 1373
829 1507
242 1488
376 930
1245 238
801 1668
929 1760
330 1155
55 338
1586 234
576 1659
101 48
567 1643
1120 120
348 1827
1575 164
580 1954
100 1748
1445 1506
611 1619
626 800
511 1318
982 1594
1412 1065
1695 98
876 1875
780 691
1534 438
1444 1946
1942 905
503 51
1462 290
1033 450
957 1962
645 1720
597 387
742 756
1224 371
1065 1969
1374 709
1657 462
438 1505
73 1043
550 1775
666 780
1537 963
1493 1429
1387 1150
677 396
737 1393
552 1503
236 1624
1878 324
1645 711
222 1567
646 213
1488 358
1917 1863
1753 1694
976 1674
1208 1913
1785 813
145 1849
761 341
1150 1165
1558 1268
1416 1677
1088 1978
402 946
774 1279
961 772
486 793
1618 1030
1265 1910
1943 495
493 1075
1230 1172
700 423
170 1110
919 1927
1149 1500
566 1496
1850 801
107 485
379 1304
351 726
1516 1572
1331 492
155 534
289 1437
533 626
315 1426
1660 575
1936 1384
526 1253
1542 853
825 1152
793 910
1886 847
1774 742
1687 57
1980 37
284 1571
1081 1572
1755 1642
910 870
1336 1251
1020 1876
897 1645
1290 960
1496 756
132 1054
1241 1834
1850 1089
909 706
1831 1103
283 1943
1986 968
1107 145
955 396
1623 1257
808 753
687 1853
37 1340
1093 1539
1201 453
1452 1903
1812 675
475 1420
297 1616
1392 787
1244 300
1027 750
1982 582
1272 1481
642 656
1458 1230
1262 312
206 1070
632 683
167 313
1333 21
289 1698
895 646
1356 148
474 298
572 1771
353 1595
1193 119
1526 1328
618 1787
1955 1640
1143 864
1344 739
498 1451
1164 1974
1436 179
1182 443
1369 336
795 983
1002 1031
147 1306
15 1577
1608 723
545 903
324 1666
231 1974
1947 1750
1566 364
280 1384
1368 263
531 1777
803 1652
457 432
277 389
1794 686
1865 1062
1150 1080
1600 609
1358 785
608 1359
316 1648
1625 210
1632 1202
49 282
195 1481
1943 352
221 1933
1286 1965
1855 1620
1155 1722
137 1472
1523 624
1634 1211
1857 1936
718 402
921 172
1935 637
1670 1238
1158 1530
1316 1484
1508 1191
10 1408
1886 1047
286 169
1065 950
399 586
71 985
1803 576
1450 1272
876 1052
786 1332
1922 1690
1030 595
1786 379
59 878
399 1739
744 438
1980 1731
582 638
472 1305
123 1383
1966 1562
702 627
1036 343
259 1521
1993 140
501 1198
310 1859
930 102
1079 1919
736 1849
1746 1940
1333 292
1997 1917
588 477
1479 1561
150 1152
1805 1654
929 23
1448 1249
1798 257
55 1053
1837 1829
57 204
239 1361
1862 1127
763 1234
1041 775
1744 322
358 1205
17 351
1894 1876
1339 1185
1589 934
388 450
1776 883
1308 317
289 1855
1635 1592
480 1614
920 1435
127 310
445 384
1383 940
491 462
1175 1286
938 771
85 1550
541 447
140 321
659 1491
1795 1165
1620 674
1069 1252
1728 1208
988 1961
909 1612
836 1369
504 802
981 272
558 596
1998 1123
469 620
1467 1213
394 582
476 459
669 1459
411 431
1079 1096
1467 582
37 313
934 569
888 759
104 1318
980 207
249 835
821 1229
1139 1406
1397 954
424 1985
1551 835
1207 642
246 1552
1427 1061
1374 794
682 1044
954 337
1685 1873
407 633
1737 1530
983 1322
1124 1224
914 879
1218 1825
441 1735
586 951
1522 1131
346 1740
1787 733
1130 840
1918 1557
731 1807
1690 54
148 1793
461 927
1911 884
350 1183
671 1623
1014 934
1994 864
1334 1557
274 1623
571 1815
20 23
1920 1574
525 1038
1242 1568
1682 709
1366 1210
677 851
949 158
587 1187
1751 481
1834 1535
1852 612
1359 1336
183 1087
1965 451
722 635
65 900
1428 1671
676 1132
555 1231
1125 55
1093 1277
253 1207
726 194
1706 580
569 133
94 424
922 1375
631 195
209 630
580 1539
1855 202
1825 1955
1543 1034
1498 1633
1165 1134
118 1649
1850 470
674 587
1306 1384
926 954
1514 697
819 235
1543 1730
141 1963
434 183
572 497
293 240
812 1440
1607 699
1879 822
1847 1096
1828 1040
1003 279
1316 1228
1210 843
401 1879
477 996
1399 365
244 913
1696 1634
463 177
857 894
804 339
147 1072
260 1521
1926 1327
345 1263
418 1329
1308 1906
404 1292
1114 1537
962 1330
747 69
512 1101
842 204
736 327
479 146
775 752
44 382
1531 744
32 1314
362 105
1671 1038
719 55
424 1612
853 1121
1459 484
82 1924
820 1194
1673 638
1367 349
135 119
1295 1943
598 995
126 1548
1725 15
623 1428
1661 948
460 1708
333 186
1832 1652
1320 1448
1190 822
1709 350
1250 1541
720 504
572 633
1667 1939
1961 67
1672 1196
307 656
680 1738
1508 496
226 1472
1588 1308
671 1752
1406 275
1464 630
971 1319
1947 16
518 105
1457 1491
1108 633
1182 896
836 324
1050 1598
1841 281
1992 1142
616 1690
197 1891
559 1055
639 1254
1068 1966
1447 697
1241 614
1591 258
1598 618
846 1829
1819 1183
496 179
1042 416
1113 1392
145 1013
1200 1156
1770 1586
1823 1612
834 246
135 1279
380 1952
216 129
1143 1901
1470 475
194 975
1698 806
870 1131
986 1280
86 474
605 554
1117 181
566 1701
467 1933
1974 970
17 1966
1621 271
865 502
611 246
1481 1725
1969 1226
1995 1890
75 1274
876 146
844 1156
1505 102
1694 612
1664 567
230 275
1937 875
1302 333
716 1722
610 405
684 620
1055 655
1772 147
349 1867
889 218
905 861
528 151
771 804
40 314
1456 1644
1594 1870
999 442
1082 922
1520 355
892 1060
1764 974
1234 689
26 1608
1347 1490
595 25
846 1583
1001 786
1865 1605
927 62
1409 1835
878 1532
427 713
1681 1619
316 1169
1524 243
998 193
209 1643
1392 1596
1413 1908
181 1733
922 1841
1879 1851
381 18
1804 1719
1737 1772
986 1720
506 1102
1876 1657
659 580
471 1820
1313 529
600 846
509 1901
1543 319
257 1991
1896 998
1861 424
1023 132
579 440
722 46
858 225
1303 1067
420 1284
666 1768
445 951
1747 318
571 1597
444 1373
1814 1245
1779 81
1489 1599
790 932
1 1416
1783 1205
278 1672
1511 854
1998 1608
1616 1818
243 1062
701 1684
464 637
1333 131
620 1860
1566 1695
1252 469
546 1930
853 110
217 1584
1390 447
1831 1114
1503 228
1565 105
1710 882
1555 1826
569 1930
79 1230
232 360
1798 1485
1047 939
1375 1770
479 1825
1237 441
135 725
407 912
430 757
732 695
368 1634
441 249
1158 739
884 618
939 795
1665 1757
1612 1110
35 430
953 951
1999 1462
1411 1977
459 1534
763 556
999 1182
1464 1657
823 270
1602 1827
629 75
194 963
832 995
1330 94
1701 189
1461 852
487 1098
1327 895
112 1866
942 219
821 358
1668 857
1082 1162
1322 1693
183 141
847 218
683 1101
1700 330
727 560
1386 1540
363 1253
178 1551
30 1588
607 1038
556 312
701 1441
23 661
1720 1783
30 147
1655 1529
76 597
295 309
904 1614
1459 762
87 1975
569 684
253 427
1404 689
908 1271
725 1037
1719 962
488 4
181 47
347 219
1412 1107
315 1237
1246 647
354 693
688 189
891 390
1723 103
1289 1515
1269 1189
641 1645
939 12
1072 1863
1183 289
427 304
1817 159
113 907
1130 1932
597 457
1828 1593
982 29
394 538
288 9
1821 336
20 432
975 1356
495 1942
520 1944
1428 1160
797 136
66 178
285 980
1689 710
1609 1648
255 730
917 1091
1163 1563
944 1363
1834 1884
1283 1006
1946 399
1195 138
287 1125
106 708
192 883
930 244
1965 1031
1870 1468
839 192
878 542
1053 266
1770 1836
138 1903
1883 455
763 1871
566 907
1423 604
1103 1232
500 1311
1830 1897
852 44
1081 294
1617 544
1375 816
679 1966
1970 336
42 1678
1977 1172
637 899
1172 1010
289 1515
826 1586
166 743
321 183
1423 1059
1759 1007
159 122
710 1103
1914 1704
1030 1207
191 1621
652 41
1406 824
1941 531
1210 1551
1708 770
931 98
1821 1085
440 583
223 964
1274 406
1336 1325
1633 1577
1195 1042
1147 1065
386 1572
976 1356
893 957
1195 1023
1107 219
132 699
1315 1778
407 1874
341 1351
897 193
1692 1528
385 405
152 392
1427 1617
788 29
57 13
721 22
726 197
1480 1553
688 1933
126 1197
112 1738
1103 429
1433 721
1931 126
649 322
1642 1805
619 1500
1028 599
711 516
17 536
1218 1016
1036 613
1437 154
319 1471
289 1784
434 451
2 1817
1229 216
720 1732
73 1151
1734 1151
466 1840
1888 927
1247 500
1175 1095
1736 1647
768 474
887 485
1348 521
1279 807
1228 487
1395 765
974 1199
1993 1477
1595 1501
1061 1341
1783 484
116 1590
153 548
5 715
464 867
1440 1787
1372 1973
1090 1569
759 1697
23 59
316 39
676 945
821 1038
1600 571
1120 949
608 1177
831 1408
1770 1939
1447 236
507 1233
548 1881
314 1849
1546 512
75 537
479 1055
1752 873
873 1600
267 1454
1744 1673
1797 657
1990 1257
794 104
1501 682
1956 1846
1222 1031
370 1594
858 1139
1550 1467
187 129
1734 135
920 1874
671 947
441 872
509 959
931 255
629 805
313 1455
1574 687
1422 648
1482 1695
1415 321
331 1087
1246 607
1009 1612
1006 1524
151 1453
1435 1724
116 942
377 1258
796 1138
1428 803
1789 289
95 528
369 1954
1884 116
450 153
296 260
1655 1223
745 1630
683 912
1510 306
1992 13
249 1809
1009 424
961 1879
1392 1501
1085 1942
954 648
1678 1377
1219 156
43 923
1258 442
1265 462
1705 889
142 797
181 825
1232 1605
1385 1537
1624 839
1901 569
838 1013
1066 1831
1073 1315
96 1834
1981 1101
441 533
321 63
1185 1858
233 1155
286 1519
1748 1219
551 417
1432 1681
1607 632
1217 1489
445 86
1849 64
876 1886
1835 117
1141 998
520 1678
568 341
147 1393
91 1395
1839 458
974 1082
1576 1778
1780 1632
1958 1712
168 1778
1174 1155
644 906
810 414
1753 1982
1370 1489
849 1212
1467 1047
229 1894
1979 1356
674 810
842 15
1918 819
1637 532
1746 1036
404 614
325 294
1524 1729
1655 976
936 215
64 306
447 529
1046 839
1491 244
7 1094
227 815
1018 558
1705 110
76 1378
1834 1079
1836 1068
1804 358
522 1650
1544 1581
891 1969
706 1155
819 928
1504 232
805 733
131 99
1683 1488
1766 1699
78 160
212 1954
1348 1652
1443 36
1877 133
73 608
20 89
1899 863
1537 496
172 876
1576 394
767 1457
1394 413
695 320
1947 741
426 1975
1600 96
1538 805
533 1077
1651 1683
146 738
1047 668
116 1428
1181 394
574 1494
1513 458
1606 951
450 108
1266 818
1447 560
37 1564
1231 1616
1681 1071
25 656
376 1192
468 632
1845 898
848 246
758 1641
11 1038
1830 539
126 967
1389 1653
1103 1723
612 230
1647 62
508 192
711 242
149 1375
1857 520
1142 1586
1571 1382
1942 1155
1944 840
1748 1878
168 1589
1224 1322
420 437
1192 1608
198 237
1172 1401
1747 1258
703 1920
1987 699
1457 868
652 450
767 265
1101 537
1341 490
610 84
1594 746
1101 1214
1834 189
12 1756
882 1140
1525 238
1933 311
524 795
1442 1266
432 323
72 938
1340 149
224 229
1951 1943
962 943
323 763
620 771
1706 258
1263 1243
76 993
608 1455
1151 315
429 1743
262 1726
1745 1173
1173 612
1270 1704
1804 1654
1920 823
1168 44
444 485
269 1271
287 882
1200 669
926 545
1822 1110
1458 733
928 816
1884 188
1367 807
1324 822
1363 168
1086 594
1058 1874
1483 1951
1443 1844
1914 1353
1076 1138
452 1844
325 1090
1911 1380
20 236
1401 1599
357 1649
1500 1845
398 289
552 861
898 889
702 339
376 306
155 454
1096 410
1278 870
160 854
178 1059
1013 841
1361 106
1414 252
1347 43
708 983
1280 623
512 1898
431 1699
606 1970
719 1265
1720 574
1593 304
1812 22
648 589
1772 111
1731 94
1201 1279
885 1662
276 650
1092 652
1438 912
852 1349
269 383
1073 1769
1975 1084
467 442
1832 172
257 648
312 1308
351 852
743 598
252 1043
964 1085
1070 203
505 1968
1930 426
1634 1324
883 736
85 1390
1358 942
899 1760
218 989
771 1579
1177 1478
1108 350
762 286
472 1804
513 1546
1009 1051
948 1343
40 356
1859 655
651 388
1718 1238
455 1490
1199 359
941 51
814 963
1111 955
823 73
344 1141
1180 624
64 536
638 22
1371 1223
422 930
1815 146
1219 1639
760 896
1276 1112
264 1241
1705 320
1721 883
801 1302
623 1507
1709 1572
275 626
1149 363
1945 1870
533 108
1474 1852
388 989
1310 364
946 1059
1185 1401
1058 1769
360 44
1335 1835
1796 1359
994 1714
1921 1422
81 1730
1402 1960
1455 1190
1291 129
890 644
492 1265
876 1463
267 601
1519 47
1639 1602
1237 1093
1821 529
1037 1026
1509 1696
1182 53
1899 581
1242 1856
20 1674
458 635
850 1193
151 588
386 1048
1133 1770
893 1617
1958 1225
1458 670
976 387
727 1410
662 1323
182 1313
298 1782
675 1504
1498 636
1953 1363
668 111
262 1304
601 52
696 1548
707 1422
880 461
1712 428
972 437
445 687
47 451
142 1753
346 1626
86 1583
191 1951
1857 274
1403 1540
1695 1858
1679 1411
1776 462
1040 1272
1538 1179
289 1172
413 1190
1250 1021
150 730
412 1389
1861 1739
438 103
724 20
1545 1546
71 607
438 870
274 1023
975 133
1134 1270
617 1261
288 1115
1140 1247
792 1263
1422 1371
543 1878
1096 1437
892 1505
400 696
1968 1005
570 1836
1368 829
967 1051
146 827
1693 1109
92 1965
1679 1254
1014 785
1460 1192
1045 218
1865 1592
1319 727
1194 808
904 1890
1180 1483
1555 1967
816 94
1351 1094
1597 374
435 1132
1971 1869
631 1740
1092 354
1756 793
1445 1054
1742 476
511 1362
1822 1864
540 1430
1557 841
637 204
453 801
130 1048
1727 1269
482 1661
437 428
1439 1575
1508 1725
7 1006
1063 1921
720 1923
989 864
1148 303
560 256
46 1295
742 536
768 1545
698 445
1450 361
899 741
20 506
313 368
652 923
299 325
767 2000
1336 1636
843 768
956 609
850 1052
723 1366
370 1746
778 701
672 168
1584 819
1940 507
1283 920
1 952
1469 1327
381 818
113 782
1283 1037
854 1583
1990 1077
549 847
1266 211
1213 440
1942 1004
1492 625
1012 1147
428 574
1738 1061
1404 1668
1694 1516
1891 980
1201 1505
138 1877
283 388
696 1687
1265 1946
965 1500
1820 313
1661 1564
1698 518
248 498
926 789
1843 477
859 1234
808 116
681 394
1949 695
646 1976
540 347
1776 377
1792 1790
819 276
503 775
1727 486
148 620
1268 1529
713 624
1437 1064
768 1457
793 994
244 4
463 346
514 1840
140 847
804 166
1821 1139
292 914
23 1422
1463 1885
617 695
317 1313
836 855
1700 1548
197 795
112 1081
570 1971
1398 757
810 1122
1845 1466
451 1208
160 655
508 343
1640 1184
860 1800
1898 376
496 1051
422 18
344 1867
93 1803
468 1937
34 1285
643 1455
1471 669
424 1495
376 1372
1042 1967
185 320
1300 267
1187 712
1784 238
435 1273
461 1565
1788 1434
389 508
1205 402
1313 1492
587 999
591 515
1864 21
1919 1649
907 704
697 1899
1444 1977
1451 911
77 653
1575 974
1646 1802
1137 550
1472 1071
858 1
1456 996
23 1757
994 1698
480 1351
1646 417
1791 664
1224 402
1501 1166
325 673
1835 178
106 1858
1097 1025
1493 1462
1802 408
1486 929
575 322
1387 696
483 1850
822 1045
1050 824
254 1199
517 453
1898 1520
298 397
1718 655
1831 996
747 1498
196 1132
470 1941
754 562
770 1295
1681 1019
1932 1129
1986 268
1775 699
1409 1240
1319 1397
765 1170
203 1957
1503 388
936 406
1419 1173
491 713
283 273
1650 307
947 310
1890 258
1288 346
1823 842
1512 1220
1598 455
100 1510
1705 175
1389 430
1792 253
1193 67
1124 1521
384 487
1377 1778
1052 258
522 1845
1822 1322
1921 415
1635 187
238 1931
1403 153
60 1739
1098 1895
1538 456
1095 493
286 285
1239 887
582 1839
1030 1112
1275 1093
645 1014
568 80
1594 866
779 396
408 939
818 490
767 989
73 289
1728 1849
1256 886
1848 1454
432 1440
31 376
1998 992
737 1703
165 1974
342 935
1006 1474
778 223
443 569
266 11
1283 1398
761 550
1453 486
1750 1156
482 1241
450 175
1259 111
881 721
754 1825
627 21
1125 318
1287 669
1678 848
874 1322
1738 1735
209 1920
966 1482
1392 1431
1952 1065
1276 1785
965 1854
1159 1550
1855 509
1188 842
188 1981
1571 906
1610 620
1850 223
1836 478
471 538
990 766
863 372
1727 1507
1917 427
833 289
724 1178
762 699
208 1437
521 92
1418 466
1330 1030
855 609
1136 1273
585 1093
438 1375
1107 890
303 999
652 641
525 1933
1980 1495
1620 830
91 1293
610 791
520 19
1417 235
465 812
1507 1895
1025 1066
472 1600
622 1360
1947 1719
1820 447
1933 1656
1047 1816
1903 1342
910 158
856 58
655 1756
1870 705
1764 332
1176 1005
1107 579
150 1948
1492 911
719 1701
1420 1736
1775 588
614 819
341 1583
516 261
1431 264
1752 315
721 1985
1844 331
1314 1514
1480 990
1851 689
1560 642
195 1446
269 659
1233 1274
1505 381
1431 109
1920 1014
1975 528
368 1533
471 1666
167 601
61 1974
1642 1429
891 1931
28 845
1407 451
238 1558
1787 609
187 212
261 549
906 1414
551 644
250 263
1602 1622
558 1632
223 1027
281 264
1722 531
1814 99
767 582
1249 195
349 1887
1809 1479
502 1445
875 1505
1246 752
1548 10
1253 284
702 530
1456 114
280 255
1721 1738
796 1183
160 917
817 793
967 634
1227 1253
1520 873
146 664
1347 1000
1760 1739
1531 1899
581 544
588 508
535 1223
340 786
726 342
1517 441
235 1481
87 296
1563 387
308 1863
650 1550
1480 1777
574 274
852 1412
1798 1871
814 1593
714 649
1389 1451
1251 1634
729 339
1110 889
1550 1028
870 1888
1022 712
316 1636
932 1411
166 1871
176 1255
1727 443
572 1565
1236 1012
1310 1303
37 308
1048 1130
839 635
293 1921
1436 101
588 144
230 520
1514 1073
1161 1293
857 978
1002 1261
1786 681
792 931
1398 1607
1613 1416
1721 322
841 247
1020 1305
490 380
607 299
868 1129
163 479
1594 1111
1958 128
19 1135
669 1566
314 1408
1623 1580
258 1829
1600 987
1872 592
330 1739
1416 1346
947 1548
1270 1638
721 539
1844 1841
1364 443
1650 1216
1165 1890
340 611
452 176
181 417
1396 1876
56 1050
1825 1220
1180 861
409 814
313 1189
1142 1503
441 381
1381 1349
1022 1609
159 271
876 787
572 1320
314 807
1676 100
1116 1837
1203 650
855 391
285 1777
1323 1969
1164 1531
1934 1267
1055 14
617 22
502 560
1424 572
1207 195
1521 632
1961 1515
1111 978
1290 157
1456 237
757 476
735 1175
1686 279
1354 1796
1483 1383
40 1302
614 1376
1808 481
501 617
542 497
32 1312
969 1183
164 895
330 579
18 1537
1162 34
1492 1325
258 1072
643 1248
853 1909
726 237
1155 1847
1535 1957
1597 938
184 132
647 959
631 1464
728 449
1498 237
253 1082
1117 1285
435 53
769 981
421 74
1885 817
1477 1361
1149 916
1377 1065
1550 1006
1396 1035
142 1247
1552 1299
1882 6
1956 1281
1944 669
863 1991
1144 1191
1437 1940
279 66
779 1082
16 378
256 1289
1178 1584
78 1480
7 500
1134 1457
1767 301
1809 1446
278 1612
1927 934
1627 1392
405 265
564 1286
158 563
1686 1183
847 429
1400 1842
1573 971
854 1115
1119 1605
1121 772
344 548
1965 1553
856 1387
1333 1255
1992 1125
69 1982
1427 818
1985 1004
152 1798
1145 1875
1293 997
209 1503
327 863
1212 155
1230 1876
257 1760
365 1663
89 1310
1850 1377
42 1176
379 485
17 1178
503 1531
360 1659
492 700
699 790
869 1958
141 1273
1978 458
161 145
1807 1043
1134 553
546 46
1443 260
1863 623
1178 1295
1007 461
398 1951
977 234
45 1690
1779 933
123 1578
218 254
1966 1359
1947 773
792 147
1645 1012
1329 494
778 380
1903 460
806 1267
1834 1605
12 948
697 388
1543 1738
1790 1666
1181 170
1273 1337
620 1840
436 335
867 1957
590 1019
62 129
1667 908
825 1421
1427 71
675 1322
1067 92
1402 1221
1901 1902
774 1570
421 1882
1019 1547
1168 1241
486 588
1005 1588
1710 1181
1897 1809
1138 1710
1804 1486
661 1804
1666 1247
301 1625
997 1804
467 273
142 1767
358 1406
1716 1036
201 1457
958 1861
706 654
851 1483
925 976
911 621
53 789
1411 1581
157 1950
1969 1259
1418 883
1494 1742
1425 85
1349 337
1265 1199
350 1752
663 1817
320 1819
1189 5
1007 1758
419 65
1751 1411
1242 1125
375 1408
1721 596
1816 1196
303 563
822 705
270 518
400 882
995 1039
222 545
1329 787
1626 603
651 491
1165 231
602 1155
487 647
1488 1404
1764 1005
1162 1057
1630 1010
751 1687
316 1200
1865 131
726 1679
929 495
195 1545
1023 567
96 382
1459 1067
195 98
68 1020
1887 1671
86 1389
1818 442
1288 1153
1949 1504
773 1907
1967 756
1480 111
1338 103
1749 1034
471 326
1158 1850
678 1200
236 1470
1077 1722
1116 208
141 1390
1817 243
1769 1974
168 1096
652 1450
583 598
1888 168
585 1945
1069 439
94 725
1401 1311
1369 613
1867 1314
1295 789
375 8
285 800
1267 322
944 1799
1398 1468
1456 915
1096 378
1442 346
912 689
1813 825
1760 1065
1947 1531
418 1778
868 1586
1873 1731
1725 1698
1598 688
1637 918
1321 1368
973 725
422 1829
115 1813
1333 1657
853 15
1062 798
1517 24
190 1596
214 1755
770 597
751 1440
221 757
1710 909
909 1030
138 1179
703 808
396 215
593 96
22 889
1989 1311
1549 270
248 444
619 863
361 611
15 1504
1172 1515
1473 846
1396 1469
130 470
1073 886
1345 969
951 1723
1458 296
319 1854
780 316
1026 1904
111 1464
1395 1171
823 1674
480 142
421 785
1944 1102
1268 614
952 1388
1450 1559
1254 529
1255 585
560 621
226 941
1021 402
13 1677
1228 608
1927 652
1032 1995
663 311
1417 1847
1714 1543
678 731
1740 1375
375 1301
1721 993
1500 288
621 1353
1322 1916
146 1409
1456 1670
1013 687
462 95
1368 978
337 1642
878 1879
639 1829
655 1024
1467 6
860 1858
367 486
284 1018
196 158
69 1704
1506 1415
1090 1863
1194 1221
19 81
1326 970
613 299
650 295
523 63
662 790
1106 92
949 497
334 1763
541 1693
325 434
1705 608
1615 237
1301 1126
1412 1074
1690 1402
1073 254
1345 1137
1218 1505
264 852
467 943
727 1589
1299 652
1419 1651
1575 512
194 60
1907 80
1197 1338
113 948
205 1948
1291 865
1443 570
1708 246
1297 1449
645 36
720 1709
1331 1437
1083 1196
105 681
1521 159
1049 435
426 1473
1184 809
847 1075
144 739
949 1843
1813 718
386 671
1308 394
1663 910
139 893
247 1012
1555 1376
948 265
1176 556
1047 1513
1685 629
530 1945
807 1179
679 258
1738 565
1745 1815
1763 218
1023 85
1251 398
75 909
1915 1015
1931 874
1073 1094
264 1580
598 571
134 758
1103 522
1564 8
1269 1854
1582 1473
940 1108
1970 371
1716 883
1919 852
319 1699
600 139
1185 1888
1603 1455
863 1446
346 1051
1185 878
802 1696
1335 468
913 611
1923 1230
1249 1639
408 341
1881 417
786 1110
412 1073
1122 370
571 248
1850 451
1256 800
1055 858
665 1927
1885 151
345 687
504 1800
1656 526
909 729
803 426
378 867
1340 1667
1898 149
1750 1362
1132 1629
291 1532
72 1627
804 512
196 1793
756 1961
567 306
1506 1050
768 118
1593 946
1277 169
214 357
947 1144
1692 930
516 1463
1731 988
308 1542
1950 382
1288 973
1046 1891
693 249
1233 801
308 153
1627 1582
474 129
1161 655
958 247
301 1200
598 1870
711 485
1163 1471
1896 315
1831 41
351 490
745 1691
1280 186
1614 165
1944 81
74 589
148 1236
491 1795
1511 615
261 1619
703 278
1116 1281
673 327
984 1664
1911 1938
992 762
938 933
1881 427
1380 1830
652 763
357 1099
889 1797
1795 1067
1726 285
119 1778
942 660
1827 922
524 1257
432 1233
696 1737
1675 1386
1783 453
886 49
1368 304
616 565
1477 150
139 758
1905 127
450 1517
810 256
733 1966
1679 1683
719 1775
694 1815
987 795
535 1809
1805 453
1551 225
594 1415
54 1115
373 132
1438 1450
1925 1664
163 474
1219 1509
1836 1972
1952 216
1901 301
688 1375
1349 1513
269 1518
1523 923
1985 458
481 1672
296 712
372 115
743 92
1497 520
1889 286
35 547
1544 880
480 404
353 666
1764 392
35 1694
1621 1508
1342 1247
763 1404
85 856
412 1412
398 1235
204 1830
1424 891
670 858
1601 605
1880 1940
1732 1949
730 1761
1813 352
1213 1280
296 1018
1806 1051
1273 621
1990 568
1821 1737
676 1218
1081 1910
1067 1863
1590 1585
468 532
1023 793
495 767
297 1764
795 613
1071 1156
871 1206
1788 360
1000 421
15 118
239 1336
537 1577
593 776
414 1500
660 744
794 1702
1925 1360
1956 1088
653 545
946 557
731 725
865 731
1437 1621
1072 695
1780 1203
604 1184
1443 976
1305 1219
1963 556
433 416
1980 1468
1175 898
1786 639
458 117
93 208
1587 1814
1519 1507
232 1126
1521 1582
967 308
1783 94
157 856
1456 1990
132 1669
1421 399
1315 660
116 375
967 1945
1688 1646
1540 1783
312 1069
1637 565
1568 4
224 265
1013 793
1863 55
1231 441
1985 173
1752 208
1351 1732
1081 1101
1920 1328
108 1406
1742 1219
1212 90
1502 1944
866 666
676 241
1624 57
1698 1792
333 1820
799 1815
1919 66
877 1375
125 410
660 507
1395 1778
1861 197
1423 798
1669 718
1080 1667
1054 1514
237 1405
629 907
1683 906
763 1417
779 108
1941 334
1030 999
832 1038
1696 979
357 1773
123 1285
1848 1166
1961 1425
112 1428
1009 1946
1751 472
9 1240
1456 39
1753 791
635 544
335 1334
305 1735
215 860
1006 953
40 1344
1340 1961
1838 664
132 368
224 1521
1162 1781
687 1074
1573 81
1725 1134
969 1221
1743 741
754 1
1819 1853
878 1867
904 376
249 1727
90 1661
1851 1676
76 1720
129 387
848 213
1198 1813
1592 1376
449 62
1719 1542
488 1732
1272 1224
315 1685
666 90
1832 938
47 202
234 1359
1193 592
1889 1299
900 34
540 985
1955 714
1755 502
1040 1521
1889 952
837 1445
911 674
625 231
1838 1921
1611 1884
1033 72
1284 1764
1824 845
1882 1095
1058 525
1229 1288
1010 1534
1363 1850
313 874
1129 672
1496 221
193 460
430 1767
1601 1618
1110 1051
792 1016
903 560
370 1244
1133 873
160 1634
1322 456
1739 9
33 881
1651 837
1764 684
1533 530
429 75
1282 253
1390 1802
1358 528
1819 14
1067 1317
1397 54
867 1047
532 1400
1448 1640
1710 1876
922 1619
1198 40
156 1823
1826 670
107 607
806 961
1112 472
1293 891
1496 1657
1112 1843
1552 48
1824 1717
1140 323
427 997
453 619
1063 1720
710 1440
1602 1398
1109 970
1210 1963
1900 360
1701 1634
1164 1440
1457 1450
575 1584
751 265
1613 507
815 1052
1816 1891
472 536
1961 1310
1746 1864
1827 421
651 688
545 405
513 1507
621 642
33 249
1778 1401
1619 967
955 774
425 375
1315 1842
508 1504
1321 1177
1916 1906
1105 951
1111 208
157 1469
1042 441
1738 1834
694 1228
235 745
1713 1844
493 817
246 491
262 1420
1276 1900
1378 464
806 73
1931 574
46 1164
852 1023
867 1974
361 828
453 1886
1031 657
1345 138
1684 1521
282 844
1225 1484
402 1913
1303 1777
1988 1071
464 203
724 416
1515 375
727 833
1469 1678
491 207
553 88
899 100
168 250
498 1825
313 1015
495 1499
615 782
1496 40
818 108
1980 842
110 946
1599 688
1306 809
1274 101
1327 989
538 1643
709 470
1647 1544
1043 522
912 120
734 1851
876 940
764 1019
1806 869
501 1724
330 1260
26 1649
277 11
1537 470
83 1876
1992 1242
816 1703
662 1602
934 1191
502 1485
332 850
1093 1894
719 931
1625 344
1925 1135
841 785
537 1812
1837 275
537 1699
626 1493
580 138
216 957
99 901
1320 705
1412 1265
558 582
252 186
492 745
1822 411
67 247
1907 273
74 793
406 840
1704 1873
652 1436
952 318
1175 1808
1436 1552
1934 787
133 17
1454 729
1348 292
818 1307
1387 1366
1759 1295
610 665
236 1712
386 1275
1442 5
1368 1033
662 1939
1373 1148
102 538
729 1489
1785 1464
1880 848
704 1485
1386 1429
1157 1231
1997 243
1008 851
457 1747
1983 32
1252 62
1492 525
719 1115
1012 1239
83 617
1001 1070
1351 314
1590 1942
746 467
177 1408
1252 1617
1837 1691
1484 1861
1512 338
1590 509
1920 1769
1703 54
968 1840
1244 825
1583 1644
852 130
1474 402
1850 713
718 879
990 240
460 1067
900 280
1864 1073
1375 1208
47 1541
1624 1204
1886 1690
1967 483
1549 1370
364 687
318 1308
858 997
219 549
1464 967
1803 1263
1429 1196
1122 1966
1148 1478
938 1417
408 404
1733 1182
470 1366
1334 1275
18 93
117 1763
1910 437
903 1923
683 1124
976 1514
462 101
727 555
12 268
1156 1265
824 890
1946 1450
254 203
1202 1651
701 1432
846 1699
1118 1755
1390 1052
37 1220
1946 110
878 1392
422 518
1307 568
461 100
788 499
1255 1275
82 746
156 1637
340 1238
414 821
1272 1777
208 893
439 642
1338 48
611 1218
1040 970
1211 1743
166 1694
868 254
1803 119
957 1623
1388 1373
1630 390
431 368
514 1028
1178 1071
311 990
1696 1140
1664 142
1348 687
74 602
1514 1715
1946 1680
1274 1543
1135 152
377 695
1541 1001
822 1145
658 502
1068 1709
425 105
935 1580
390 1305
1366 1618
178 787
323 1862
1306 1408
23 409
719 1964
1012 1114
959 637
853 474
620 443
341 310
1872 222
1252 1988
1125 1362
1985 273
1625 826
631 853
21 808
1039 242
1738 1832
559 1924
1724 954
269 906
986 684
1106 1409
1685 309
827 608
1712 710
149 596
511 853
746 624
446 866
859 1331
623 934
794 138
79 900
1684 1167
379 982
819 373
586 40
1565 1823
1988 1285
812 1562
1969 1995
1665 814
1918 1462
35 1887
1424 1808
514 140
505 1717
553 1970
883 471
1254 762
975 495
322 1614
1955 549
85 1049
1809 1843
1542 1031
1779 1149
234 1354
1295 1213
1260 702
236 790
1359 58
1799 1321
1271 1374
577 886
1297 1833
102 939
658 1253
1580 1644
953 1772
1046 1436
374 1387
1333 524
620 707
95 187
1620 1009
959 366
1351 289
1091 1842
1904 599
1703 1075
253 279
1710 245
1659 861
1793 255
1078 99
1975 147
417 1720
234 676
1585 125
1034 205
630 1038
245 1060
234 1051
55 1762
1958 300
1137 1370
1465 1883
939 144
1015 933
872 77
1370 212
1317 971
1959 728
1150 1301
256 556
1607 1310
25 1979
1542 143
1062 1349
1641 192
78 1098
938 1003
1782 1268
1246 1719
1846 1841
1493 1623
375 296
256 1019
1043 1688
589 1714
438 497
723 640
543 1429
603 39
386 808
1124 1840
828 1705
1047 1806
1990 1411
1245 1112
1658 1639
1358 1385
1199 1839
390 1011
270 1317
87 939
1655 118
1438 1360
1957 192
1760 1123
1093 472
1749 110
294 1490
852 408
264 1665
714 1709
813 963
1004 691
660 1063
289 1076
1843 22
395 198
1317 1859
688 904
111 664
1882 1175
1452 784
9 1084
943 545
858 767
16 768
1729 316
387 1019
525 641
1316 156
1676 1920
1039 208
1468 311
766 1233
77 1638
193 1285
536 1112
1689 1871
1514 1530
755 1356
917 1996
1142 328
868 746
1024 1496
1721 1374
1114 1050
1121 270
1918 1160
164 1485
26 1246
1623 1199
1499 137
1598 1159
620 1462
1600 348
1220 1865
1789 1832
461 270
138 883
1883 1523
341 840
1557 1037
1915 1986
834 859
262 720
1618 1719
526 331
1126 1098
1426 1315
1357 13
1894 380
1364 1503
1179 1990
1345 1937
1610 655
446 412
1557 388
1262 506
17 684
93 1881
600 1587
297 390
740 958
473 147
293 408
81 1154
332 370
1275 1002
1316 1044
1247 256
1595 1466
382 1452
1736 1763
357 1446
1295 190
1980 1526
1795 1118
843 215
1341 332
1050 1035
1182 1872
1274 1809
502 1564
621 1878
1707 231
1507 1753
1548 1185
1912 1383
1608 1164
1036 1421
259 183
1605 1228
335 448
854 1360
540 859
1725 279
344 813
127 98
1855 1550
911 1470
1796 246
83 392
1206 916
1420 1775
1749 23
1870 1215
1319 1167
362 177
1845 569
1067 610
71 297
686 1696
1448 1831
380 1485
396 426
1503 1726
1717 1209
1862 434
1514 696
656 126
859 537
1797 557
1288 1823
914 826
1237 1380
1223 1361
891 1960
1709 438
1031 1614
678 1842
1716 1526
1988 1651
261 518
436 1921
1702 1793
526 1074
101 548
1907 581
16 1019
1197 1991
1893 1722
364 1963
558 1923
281 489
1224 1839
1542 1769
1247 1149
931 355
1913 837
1140 1695
108 1280
1627 1011
1454 909
299 253
1954 1389
285 418
1633 1834
1794 940
1287 1731
651 1009
1845 1269
65 1388
584 428
1061 678
639 1422
35 1917
381 394
644 1678
1202 1168
759 725
1531 1800
544 1278
75 701
961 1615
627 383
878 1937
422 423
1074 642
1775 382
90 1667
1600 1202
1930 1212
1067 343
534 776
17 1533
43 815
447 1301
407 1682
195 632
474 1953
24 1648
319 539
414 1137
1172 1897
128 622
1158 332
201 1208
1255 1992
1791 455
1974 674
1314 1737
1584 296
399 1536
459 797
1549 1254
9 734
1030 1701
1898 446
996 1255
1129 750
1496 231
1493 1889
1083 1817
582 1472
1562 1575
1140 1514
1009 600
1108 444
956 929
1719 1260
1555 119
1573 1474
1082 1327
1820 17
349 8
1456 1796
1790 771
1663 531
1075 218
815 25
639 187
1301 676
1558 1685
1414 1165
369 1065
422 1327
1743 1592
1028 307
1379 1773
1360 1379
903 241
152 1946
1325 1947
562 157
751 1901
908 497
1085 303
442 111
407 1471
725 1696
1186 1170
1297 430
1723 1913
181 386
700 1686
1564 419
188 1506
1615 887
799 1730
1183 1571
1004 1148
231 744
713 377
718 1846
1875 1983
998 202
275 687
1584 987
1930 571
1178 772
401 1068
1418 1815
1090 1496
27 1174
198 1001
557 346
405 541
730 830
52 294
1966 1763
1594 494
513 1465
1542 1978
817 193
1199 957
104 252
1499 927
69 1186
37 1768
293 837
1194 1759
1067 1639
687 546
1756 889
694 1306
341 98
1942 41
569 199
435 1721
1964 805
993 1127
56 525
1258 701
1756 1708
1078 448
1597 1360
1265 207
371 945
1553 1802
633 613
3 1514
29 1834
1313 177
1027 1535
1945 1120
384 1983
1031 587
1550 969
118 30
1649 1842
1465 1291
1522 984
1999 1182
92 1161
1236 670
120 622
671 1453
1003 469
1044 1573
129 1566
205 779
1457 744
1696 1952
1206 276
804 401
592 1943
702 1584
995 518
942 3
211 119
33 1471
1135 917
1037 1855
1308 1968
1823 160
1467 785
1049 1876
1492 196
69 1951
966 679
719 1013
1662 1623
1699 555
874 1874
1371 1985
728 600
1355 1188
294 1139
1737 1569
1230 274
1396 62
478 1432
1571 370
1218 1270
1975 1824
446 1957
706 1410
637 430
1153 1601
1981 603
1635 1044
1298 1233
855 1684
1342 938
1697 681
756 691
1014 1151
290 293
1973 1304
16 1100
757 1950
590 1642
1535 1996
255 1097
1129 72
1417 1462
1447 1943
105 400
938 393
292 1912
1368 1325
186 754
1152 1788
1506 1182
621 301
531 957
782 1683
935 1659
1315 1257
962 67
508 1357
175 1646
1801 774
1049 553
1644 1826
122 151
1812 130
270 1689
1127 478
182 933
915 312
1270 580
1286 729
1154 1127
831 1884
1564 1470
421 400
649 885
1187 797
529 479
1193 880
515 796
241 1337
1730 57
24 801
757 849
1292 636
446 1112
134 910
7 1172
623 1852
819 434
750 1418
1462 1240
805 203
1193 1205
1024 468
168 1844
339 89
1944 1058
1337 674
1911 408
1418 1161
80 971
1906 568
698 515
571 499
843 1654
1993 1970
1809 89
31 149
432 1575
861 70
723 1737
151 1840
810 772
1128 1815
1071 1325
1368 806
1513 1347
729 748
803 85
1121 178
323 1439
1361 1763
1008 1941
1543 34
849 407
496 889
1199 467
385 1888
1746 170
1905 1518
104 602
853 787
1833 269
1743 278
1579 1297
58 1819
1819 302
348 349
44 1818
461 90
302 1190
1600 1771
1466 209
348 1696
1085 1593
308 1295
149 269
79 1399
68 979
1103 149
347 140
1553 1396
1403 743
1218 1101
1811 1868
1015 1281
1617 1645
252 7
1762 526
238 86
169 717
540 1476
1727 625
1880 1473
113 984
788 1996
837 1235
1076 1905
1835 976
1687 915
1602 1021
799 1077
1069 408
705 685
331 1570
1845 107
1613 1856
192 1371
1958 1885
398 1253
1820 1610
1013 1544
755 1801
1301 1227
1928 443
145 1988
175 20
567 1302
1535 1392
677 500
613 1268
1452 868
1378 579
1244 1222
1281 1908
1085 838
534 1588
202 37
421 261
1811 196
1919 1455
587 1654
1426 218
485 1166
1974 138
54 617
991 1329
448 796
1444 778
88 307
586 30
1672 109
1030 413
1338 1800
558 152
1349 883
318 1521
698 598
401 1531
313 568
763 1143
212 1783
305 529
1213 600
1959 1723
917 360
352 198
1633 1758
1214 1133
1087 1505
755 840
665 112
1645 1335
1456 1701
614 189
1119 1936
602 1513
1100 1368
1785 32
253 1410
1997 1611
182 1976
1409 1207
1397 475
1128 181
1662 329
302 465
1738 313
1112 602
362 1400
1560 1229
308 1682
4 607
1933 1408
1553 900
929 697
873 160
100 1756
1138 1644
1159 1708
1502 777
542 1649
1274 1708
958 875
281 469
764 206
568 1953
1889 1693
1843 1448
1349 1547
88 518
1664 48
982 1968
1715 571
1342 348
4 187
41 1956
136 156
466 1919
1388 1418
673 491
712 1583
594 1223
1948 612
592 5
1397 476
1387 1142
31 1174
1196 1380
1659 1022
106 550
1260 1635
1993 1306
192 1494
1336 115
658 35
909 1997
734 334
418 1960
868 1860
736 1127
1928 294
182 1056
1220 1024
846 1483
1365 89
1630 1615
657 106
1447 1000
1427 378
1300 756
770 907
1384 164
1383 581
1844 489
138 1825
1060 568
262 1051
836 815
1408 1373
57 1239
534 1859
1818 1432
474 1429
1553 1605
1168 905
1154 724
365 797
1949 547
1937 1841
1193 1735
402 1164
1769 916
918 204
332 1081
1349 248
276 1116
1003 1844
1234 1153
1479 27
113 1402
521 979
1415 1705
281 170
636 1906
1595 609
230 199
13 1571
65 580
112 738
260 1808
1606 35
204 1234
1936 59
1242 1374
635 1182
979 1687
804 1749
1668 642
1813 1895
1802 1692
1195 1104
651 62
1405 1811
1244 1177
1633 240
639 1615
1725 704
1345 19
52 571
1419 1332
270 491
530 1024
1814 307
1524 822
242 994
115 336
131 1239
4 1391
1775 447
1019 678
834 1418
267 1391
1535 1686
359 1381
664 1677
290 364
1770 93
594 1758
1931 1811
850 1580
1041 1317
1318 1767
1463 970
972 935
1034 166
649 412
1970 1434
586 425
1617 1879
688 1027
1716 1581
1847 657
162 1448
276 1256
823 1353
480 1739
756 796
1879 32
173 872
1425 1773
154 1232
768 1800
394 835
1930 1634
274 493
666 923
945 1888
1016 1072
804 557
1175 558
864 1808
815 908
1839 519
1493 71
1573 1155
1101 1366
1082 1774
967 416
771 333
445 1578
1790 1090
356 1083
669 566
1928 859
1785 578
1378 19
881 1968
1474 1531
367 285
44 648
353 6
1537 667
397 1656
1743 1785
1503 272
638 1905
184 847
448 855
1408 1192
1030 1396
1505 340
1159 681
1431 68
993 56
825 1408
1624 1586
1650 1826
100 1138
1389 570
1477 1869
365 914
245 716
1047 1353
1795 360
1896 1037
1102 1232
646 550
314 87
812 1850
685 196
653 1786
1704 116
159 173
1766 1782
1639 892
888 13
1247 1063
274 1752
1599 1166
1140 1697
59 870
1837 63
1279 1686
66 1622
1827 1587
455 843
1871 14
349 1009
640 287
981 1440
796 1200
1283 1418
729 1107
146 689
1447 1324
1075 1132
1220 3
999 1084
1516 1608
175 1178
32 1948
1352 597
1199 1175
1681 1148
373 1053
675 1567
1023 1143
1710 469
753 1623
599 1624
834 996
1048 82
787 1786
29 1771
1850 331
1654 989
863 384
609 48
1352 1379
49 838
1349 1253
14 4
71 1881
1660 469
46 1941
505 245
438 707
382 1281
1567 520
1129 532
542 540
48 1289
1634 619
343 834
278 1408
610 131
1934 1888
1297 977
197 265
1391 749
1050 571
703 429
1271 843
1170 1988
1718 1422
876 618
263 1827
323 588
214 1179
1779 1661
258 417
1293 71
1872 1492
1916 1176
1731 1051
753 1348
960 1318
573 433
1756 638
1276 880
1191 1165
732 214
1161 1098
623 1291
24 269
1610 23
1077 1010
1940 1071
990 1121
1395 1747
646 669
918 982
872 576
1815 1609
1734 98
883 64
1987 1924
1973 1113
1542 1682
200 300
1539 1520
1007 35
203 382
133 792
1964 518
1001 146
469 165
790 1194
1253 360
903 1417
370 119
978 92
307 1313
1834 1511
1686 268
273 542
1986 554
1181 332
1679 765
243 421
420 1216
1960 709
657 1508
1008 588
662 1219
1321 1037
292 1663
658 1230
1093 1253
1180 2000
500 1268
2 669
108 741
456 1394
848 180
1717 332
1957 733
1265 261
1887 1224
1774 390
58 222
122 1504
1349 1130
289 1100
805 396
950 1199
1856 1106
1930 505
637 1902
166 1926
318 1541
267 1273
576 1686
1487 593
767 524
1178 1946
1533 1939
1070 617
1922 1268
1228 851
682 654
747 550
204 747
1526 1084
349 1998
1721 694
1020 1157
607 423
153 248
335 224
1278 1576
1294 1805
330 83
1119 1644
323 1372
1525 1797
1566 1061
1086 595
1321 1925
1898 733
1771 1881
973 1162
1612 1443
482 743
1776 942
1983 1092
1692 1815
1397 23
1812 860
62 1767
1745 1239
435 852
202 585
96 220
158 155
114 1325
1200 1328
1957 1994
227 1046
1636 1039
845 838
188 1103
884 156
1076 1099
1723 361
983 216
1153 1567
492 853
932 522
839 1971
1222 1759
449 813
680 1714
532 1587
1549 382
1127 342
1427 720
1918 39
463 1841
1247 797
1083 980
1768 1740
1641 834
1934 871
1546 1815
564 423
505 1131
313 117
185 1681
1753 1021
1885 1852
1241 1169
690 880
1783 925
789 579
1294 480
563 1558
856 524
655 46
1540 1076
1251 96
789 1240
662 1374
1321 1274
1231 1435
1146 693
852 1178
1593 370
1600 1106
1088 1382
1023 1389
36 1273
1816 1821
82 1131
1005 1611
1265 178
1281 1973
1085 647
326 1638
646 15
1735 461
1345 1550
1498 1788
1774 13
261 175
515 710
1767 1020
637 1265
808 1216
161 476
1356 301
1875 1319
865 270
1236 747
99 900
1594 1610
583 380
1949 1771
1676 739
899 69
220 1213
1175 1837
1542 1276
585 872
412 988
271 1931
133 1274
702 1509
664 126
1410 1018
882 1837
1783 1797
8 1132
462 249
65 1937
1520 667
1393 739
1965 1949
143 1138
457 991
171 601
1828 1161
1685 1210
857 452
309 763
1693 474
1471 933
1277 1014
871 837
645 786
1064 1910
1869 1086
1985 1533
608 3
435 1057
1551 1082
1200 1451
1592 925
1440 1178
1943 1468
292 1969
1749 1533
966 1600
1285 1134
431 260
61 1356
296 1288
100 310
1647 1554
1919 281
928 521
600 854
1635 686
718 1750
1055 1932
1123 1410
1597 879
1040 958
1116 201
162 1620
1616 1025
1342 543
648 615
521 511
1402 859
969 840
1938 1596
1083 865
1051 1979
419 800
1037 1092
829 1269
659 1794
303 275
1184 631
1239 979
379 1929
1562 1364
1693 266
1340 1110
1202 1383
1877 1449
759 78
1499 703
1422 240
49 130
1001 1438
1808 1099
422 1842
392 1889
1409 1072
1120 679
1775 1412
1756 1996
1205 882
654 232
308 556
1000 1216
1498 1347
688 898
669 926
1612 442
1490 1035
1495 1042
319 1793
1665 1749
1889 739
268 65
932 168
406 211
890 1854
1501 878
71 541
825 1993
1344 215
350 1644
244 247
193 695
1337 1170
412 855
1007 1610
20 704
1309 1228
1321 1291
1719 1537
543 1812
627 524
589 598
236 898
273 1672
423 1690
577 986
1511 123
1421 1871
291 380
1838 224
955 197
902 332
385 1931
374 1535
634 908
1630 902
1121 1698
1685 1359
1579 1348
958 1557
733 840
1194 1258
915 1287
1085 620
689 482
1590 1348
1745 569
569 692
606 1799
751 164
271 488
1159 253
297 1433
316 175
209 69
1650 1398
688 1802
269 1827
134 895
972 742
241 372
1364 1248
481 1221
1781 1937
252 1192
648 1705
1769 237
1419 1610
1270 653
1697 1388
1829 1035
125 1407
837 877
1335 1762
1817 359
1305 443
532 1993
1549 616
1423 1971
1704 1979
1976 1728
96 1075
1835 775
1519 502
735 295
592 63
1555 1368
13 913
748 1374
419 1478
737 1351
338 778
504 734
303 184
1343 142
1029 230
1799 390
418 1918
976 1724
192 843
669 759
941 1138
781 264
782 14
487 1852
807 585
1199 1723
1434 1173
316 164
1865 1263
265 610
620 410
654 1816
1017 1430
631 826
961 810
1903 1761
1050 1133
1634 1449
336 1188
649 597
601 1624
449 1499
1463 1556
75 1281
914 563
1981 1955
1338 1067
1716 868
1797 1417
14 309
328 343
201 47
950 1292
939 1385
1570 1505
49 1855
1941 1158
92 391
1602 1934
2 955
558 1672
975 460
832 886
742 457
1828 348
27 532
786 1135
1334 1873
144 836
1465 562
1055 877
1094 141
1511 1867
1521 1435
787 538
1449 634
1329 28
944 126
854 977
669 1919
824 676
1301 158
1619 399
171 335
499 568
1118 1569
1159 1533
1655 1354
1125 459
846 228
1902 1677
834 1344
259 1612
1869 1320
1360 724
1212 557
1982 1049
1346 1563
1622 992
1498 334
1318 1757
329 949
1431 1942
1103 437
1825 1775
460 69
354 448
1822 1649
1212 1923
51 1815
506 263
1365 1603
1836 41
1886 1689
1896 708
1748 685
1967 1421
1995 648
1942 1521
1335 1655
982 1797
275 1605
1342 305
1219 937
1529 1294
1526 1222
281 1128
288 156
1461 1881
1450 158
1060 611
186 823
1733 1745
287 1997
1083 1040
730 296
1836 851
1290 1718
1555 894
1061 1317
1675 1349
1965 783
683 547
367 1482
735 1503
683 1281
1580 1342
1079 1153
588 668
309 1357
722 1450
1093 713
1953 824
411 1729
610 496
1579 1692
1358 807
182 592
1964 1880
1351 1642
11 664
1332 722
601 328
675 753
1936 426
407 694
1000 1484
997 1202
965 120
1048 1252
700 1967
226 1878
522 1783
262 1881
1292 471
137 851
1077 819
1584 1193
1490 344
351 1262
459 1180
1476 667
1515 183
1462 978
584 1535
383 1241
1914 1607
1570 795
560 876
763 1367
1076 1388
230 168
802 763
1487 1694
1267 1531
832 1196
1733 462
1182 604
1514 116
317 1528
176 580
1373 303
1410 347
1341 1509
296 743
1323 1095
584 64
12 729
72 308
1640 1385
42 1527
828 859
994 1103
669 345
814 1442
30 397
1446 947
1319 387
1739 396
1775 266
1438 1739
966 1300
1099 1089
1837 211
1311 430
825 1089
227 1570
163 1702
1433 550
1210 844
873 1341
1975 1326
1186 182
144 761
1412 916
554 444
499 1279
388 508
49 828
1312 1492
360 971
1013 1531
106 1235
1522 209
1496 266
717 945
1607 624
1918 627
1224 603
1044 302
103 1282
1167 1584
553 269
274 278
1385 971
811 1733
495 1204
945 1739
193 366
1447 1008
292 374
1486 878
578 1711
6 1484
1147 34
746 1339
1885 1296
1043 223
1693 873
614 640
1898 1209
1739 247
1852 1998
1524 919
1525 1990
530 1523
1086 274
1750 981
1674 852
1720 168
1630 367
196 648
892 893
987 655
1766 1590
516 475
1551 797
486 113
682 1090
942 1883
573 391
1730 1161
167 1274
1777 1415
1615 1791
1908 619
1299 1285
1691 7
718 303
757 331
79 371
1684 1860
319 416
1792 1922
1797 1251
1252 187
660 492
1945 372
1395 1821
558 263
28 1302
618 18
1918 1739
964 58
1907 546
1356 1508
551 586
1893 1755
92 1901
1570 1034
1690 1883
124 318
237 1017
417 375
1892 1137
663 969
557 198
1422 1914
179 1920
677 897
785 955
552 986
225 1090
974 273
1923 454
771 1237
1928 1182
1877 1253
457 1477
1072 1178
687 1061
602 243
1801 525
436 55
1946 1582
1252 873
369 124
1916 1744
424 1163
853 1954
265 393
696 995
359 1093
885 1521
993 1035
1424 794
1281 1782
760 1925
1200 482
1711 1975
1938 1712
1832 947
1352 573
972 1578
1179 572
1183 648
1098 932
1312 1647
503 444
14 473
1579 965
581 1902
720 1442
992 711
823 1129
1761 58
675 183
448 1253
1136 1458
717 1099
666 699
320 115
465 1150
412 515
105 1047
1733 800
1084 1434
564 1393
1923 1722
651 1126
462 336
1246 417
33 1475
882 1132
1912 1041
1057 1328
1790 802
1845 547
155 1144
33 872
803 1884
676 214
254 446
1414 876
1711 910
26 1683
563 1448
1905 1765
512 1018
1208 519
630 234
76 1396
1681 1864
115 837
853 1215
1293 946
1812 1190
195 1745
435 798
1378 1850
437 322
1512 1400
1343 1256
908 1595
1592 604
68 196
1735 1407
1716 709
1158 1758
1654 1653
611 1107
503 1316
586 1000
1490 66
1077 1506
1810 1937
233 957
1501 322
551 1023
1134 604
198 968
13 1208
306 898
883 1648
1164 1465
832 1970
1406 1660
815 1031
1009 1902
974 1692
1057 696
616 1612
1871 1667
1061 972
133 955
178 1499
734 968
628 1355
1693 459
856 598
1997 85
397 672
1711 1179
330 645
55 848
1199 1527
310 1348
1387 1516
392 32
688 1938
27 1389
170 381
283 182
15 443
453 1286
919 285
404 1689
757 1352
652 1510
1149 598
174 716
808 390
1056 811
522 1180
1292 1000
134 1010
1702 807
289 1047
837 1329
114 66
74 499
1130 1496
957 428
1261 414
1171 842
394 1238
191 659
1803 1101
117 32
1807 217
320 1998
1016 1691
1247 1584
1948 1781
419 1938
270 266
1659 484
1253 1371
63 1055
175 625
39 483
898 92
1020 98
1202 174
1594 1180
1785 303
164 1845
1107 279
224 8
385 752
1990 46
217 1265
341 1275
177 1898
1713 907
1397 162
1789 1760
1145 1805
228 983
1113 539
366 957
1346 1223
22 1689
1788 1156
852 1624
1054 7
1943 1654
1154 222
1288 1236
972 549
220 258
1698 1539
1938 1042
1811 1248
464 300
1744 845
140 1150
1635 664
1184 511
146 133
1649 1216
724 1281
14 1595
768 43
1602 1506
498 190
1496 1225
1501 1980
1542 1970
984 1053
274 1903
495 1759
677 699
345 130
1468 1178
1126 718
1387 970
63 264
528 183
658 280
1947 1324
1047 1442
1202 1373
756 971
1591 1697
1833 1145
90 281
298 1790
761 612
816 1443
689 1195
1517 101
1390 397
1120 753
454 153
1367 181
1800 1501
1731 435
1680 883
262 1296
1060 1156
1615 845
1288 940
1952 147
951 1463
1610 1103
1578 437
1887 333
1781 714
416 543
1073 939
478 333
1967 1969
1458 375
1444 934
1543 1498
1964 297
720 1160
1621 226
1734 1603
1381 1849
1349 1007
1243 1124
948 194
1959 1712
16 51
749 575
830 1452
127 453
1828 659
652 224
945 362
325 1708
179 526
274 1114
1304 1059
1092 764
663 480
133 1301
278 838
1221 310
1795 507
1689 1692
1633 1378
882 1686
1947 212
570 1844
973 529
709 1991
981 1058
1114 1833
1188 16
1619 332
1488 1338
517 1472
1771 121
1220 641
888 106
1992 1838
1540 476
1107 1853
733 798
1819 271
327 1069
1895 24
758 755
101 212
802 153
380 909
1622 803
739 1026
1600 1480
1920 533
1498 513
1313 1367
1598 92
914 1274
1894 163
315 1191
1862 1753
481 1171
354 643
688 239
692 1851
1034 1986
42 292
519 1850
611 1197
985 166
1102 161
950 722
1729 1993
1381 86
943 1551
622 74
553 961
1913 645
996 1711
1606 672
357 1171
1295 843
317 1580
1726 549
324 792
352 893
792 458
1859 1912
462 1162
1278 640
584 620
570 707
381 1148
1880 964
1287 612
671 413
1760 1322
1990 1069
1863 1841
1207 1961
1986 1828
1946 1935
1951 1126
1681 646
1732 563
1662 629
687 985
1266 1646
468 33
1872 247
1524 1802
348 527
1837 1319
891 1519
64 254
1724 915
57 1131
1546 715
1288 215
439 1597
681 498
1295 1646
519 1090
891 1277
1183 1259
289 1337
1084 272
554 1511
611 990
168 1950
1995 1658
46 399
923 1910
307 1165
1888 1246
129 321
1927 1129
830 1243
1588 1815
1388 1633
733 1912
1922 1643
804 174
970 690
716 1426
387 1266
557 1938
304 599
1675 1220
324 11
785 527
1304 521
1675 1546
1195 1476
259 1760
1513 1705
1246 1405
490 1778
1873 661
628 1980
1891 604
1361 441
48 1141
481 1402
1623 1037
23 760
512 347
1397 444
892 735
1678 717
959 369
265 1885
138 213
151 708
1371 1573
1784 246
848 306
1109 697
405 1735
979 1532
227 1379
529 1469
1048 347
515 1918
1610 993
1458 1394
706 1743
711 566
1366 926
88 1162
533 1678
314 1748
1762 1227
1153 785
1886 797
640 1408
1342 383
1109 592
521 223
1217 1386
703 163
982 126
1632 1265
1210 725
1967 485
1567 755
956 1385
1242 581
1449 66
659 1762
440 1708
1182 1778
1253 866
903 919
778 552
123 283
33 1655
494 678
849 1525
639 404
478 406
1983 801
1230 1058
90 1110
1256 424
1655 105
788 1511
1012 425
1346 345
240 1310
1060 607
760 468
1629 1050
1745 1873
1290 1247
1484 495
308 844
840 583
1029 1395
1592 435
693 899
407 677
1063 555
1158 1019
61 1849
42 1315
19 1194
672 538
1197 388
611 587
841 1372
1702 1635
1887 132
180 776
1782 1436
1305 1827
237 1109
168 612
1367 933
636 1937
140 762
931 193
1517 767
91 1584
352 1904
418 1450
1064 357
1410 145
1177 138
1675 391
709 1713
1248 113
478 522
1965 50
1892 1547
1202 1906
1075 1216
1289 1413
1855 1409
196 1863
1579 1124
1049 241
775 1627
1953 1563
157 1792
228 112
726 467
1386 1719
246 1257
202 449
696 674
1067 501
516 1653
935 947
334 1448
1353 1921
336 209
1258 360
1173 1589
985 1782
116 1947
679 120
1385 1591
264 925
1467 822
1516 651
1034 1788
1730 1649
678 1508
1716 1548
918 1111
1312 1454
289 1883
434 420
896 530
1384 1272
1882 1931
1750 759
1704 1243
1664 1826
159 1290
171 523
585 1101
825 446
1526 758
248 1596
1016 1103
1544 1779
158 1898
1821 1965
419 1574
1638 1595
1493 88
778 863
451 857
1156 136
771 426
1605 1787
464 768
604 483
1580 1259
1852 1536
588 713
662 832
1146 175
904 664
1921 1177
980 99
1113 1906
217 1957
1984 870
341 1591
1448 469
272 98
1831 1943
55 1897
608 1382
1473 1830
795 350
1611 120
824 884
1244 1459
1673 877
1691 1780
1622 344
114 1058
1777 1533
1223 775
547 1618
1073 730
1838 191
1900 1877
1797 1193
1190 551
1310 552
1773 582
1791 1677
1084 1601
1508 1042
680 443
1076 1337
945 777
103 481
412 1482
1966 166
1037 1990
1309 1633
1422 1152
1115 1726
1025 170
584 1818
861 1542
233 74
850 1517
1271 1119
1885 1587
489 471
456 1804
1718 1690
1912 99
224 548
1439 1792
104 26
1630 557
1540 829
657 1096
1895 955
258 1205
152 688
1053 1450
355 875
668 1774
1028 1484
380 302
915 13
360 115
25 1027
1756 370
253 1213
126 949
1027 928
1876 1151
1677 1830
678 1995
1078 1737
174 527
245 1317
983 1627
1444 1247
972 1564
471 935
201 1159
539 1714
206 1948
136 1846
1197 1126
1469 769
680 1331
166 226
1942 590
731 1276
641 1172
622 747
1874 1462
970 1572
1148 1643
244 629
1309 1001
1496 784
1210 1026
1765 1952
552 1692
1129 1106
1997 1554
903 765
1555 94
232 932
1405 817
1668 199
1282 345
1059 79
1195 1567
1693 820
995 1281
1456 1821
828 1960
1573 846
616 766
1188 428
1107 724
224 311
532 1540
5 827
415 69
1321 214
443 1955
1858 407
1074 390
1737 1918
1028 1727
675 465
322 1051
953 376
105 145
1145 107
269 1800
609 750
227 1162
269 1189
801 1263
202 1176
1523 674
914 838
1142 840
118 1312
744 1762
877 1313
713 320
511 1397
1854 693
1324 864
1490 120
1109 1506
653 1936
925 1963
1335 96
1796 1782
551 561
957 1530
906 936
1641 694
938 473
1457 1663
1970 128
1994 1326
1053 1113
1972 183
338 1577
1207 219
1064 1627
1910 1950
1783 1412
850 1376
665 688
815 738
483 333
330 1404
1790 1567
828 1211
1750 1958
150 939
1132 1417
549 1411
32 1590
535 848
664 359
846 531
1939 1006
1799 999
638 1489
475 1227
915 406
1805 937
461 1972
11 1133
1353 1018
195 524
1251 1815
22 623
1465 1582
1041 597
1539 1234
328 1082
625 1796
1437 263
1444 741
1483 73
911 736
530 1792
717 657
1217 1737
779 1074
288 503
786 266
1275 1652
1609 1396
1014 236
13 411
1122 237
1821 1719
1929 337
1899 495
670 1287
963 1819
1816 1065
1093 81
552 98
935 1185
660 1338
1184 1939
1880 432
1421 70
1139 1179
662 106
634 661
687 397
581 138
1277 1533
44 1976
131 543
1145 1883
816 277
726 1800
1851 991
516 1118
239 379
1950 897
633 452
1583 1051
1590 1711
926 361
396 1228
1396 39
1412 1868
354 834
1642 1783
561 176
1458 702
692 1274
718 1706
1875 51
111 34
441 18
129 116
545 519
653 1029
1423 545
869 1966
895 1142
1616 1141
1411 925
1157 1185
248 955
1484 1598
288 1818
1814 1805
175 1531
438 1804
1948 1335
571 1753
539 851
1108 1440
744 243
1637 191
433 908
1668 1218
864 1512
1486 285
426 1759
621 262
995 258
1287 1984
912 830
1580 89
819 1346
935 1618
728 1578
254 1387
1213 1132
1202 1427
1718 971
374 1916
215 1336
770 1139
1377 1340
385 919
719 1172
83 922
942 562
1939 891
415 955
55 1344
866 1627
5 503
693 1690
453 1457
1000 1204
1539 1375
1615 1256
1048 1378
1945 1044
108 273
130 347
921 636
1516 1999
252 1136
863 1712
823 1801
1967 284
812 1778
682 64
1330 1631
212 178
1837 273
844 1187
883 703
1747 1490
1455 1933
1409 1792
1934 254
1014 379
1221 1799
325 1746
944 255
1534 799
1533 1339
391 151
1297 164
1373 1873
19 1008
1456 1539
1626 547
1537 1919
1167 1003
1283 1586
1991 1333
1688 1154
1598 389
455 1393
312 1665
1176 1110
153 1667
1951 1727
962 839
1169 755
344 1042
694 310
1946 989
340 1560
1586 68
1789 1611
1805 1958
1394 1597
1042 1254
138 404
987 1925
1226 375
1597 324
1265 1243
788 302
1085 1552
832 689
647 21
919 1488
1480 1794
262 61
1138 1742
213 1277
1523 440
1021 1294
808 1459
1624 461
831 345
1516 1111
1352 48
176 269
1645 646
365 1847
402 707
667 1909
166 1436
261 140
1815 1908
159 749
572 1998
1432 23
1284 1048
1803 56
261 1889
1381 28
1095 1314
1976 1620
1157 651
1487 1172
698 1760
772 687
1436 1622
931 143
1533 1494
525 1361
1514 1550
1519 1575
410 1819
1968 167
6 1870
1398 1460
232 1421
70 577
842 1298
1347 307
83 1162
1870 957
897 1880
369 969
104 1878
523 770
1902 18
1939 4
1028 813
1208 193
57 660
170 669
1742 1642
435 645
690 1881
1839 1362
774 1020
770 996
746 1487
598 420
361 619
416 612
1984 649
1412 418
24 853
487 141
925 829
17 1788
1026 1864
953 984
1324 1337
1621 189
844 947
351 1489
1254 1250
1084 1933
505 309
420 1630
1342 1325
1874 1047
1768 558
943 1378
615 961
27 632
1374 1602
1927 644
112 576
117 1701
977 1612
1899 213
702 1331
400 236
66 533
1726 1286
1783 100
1746 1388
423 1723
741 652
614 138
1031 1070
33 709
1909 1873
153 1544
1056 695
856 1097
821 1685
929 1751
1485 654
1358 420
679 709
1851 229
1445 860
290 462
36 1726
956 78
149 377
447 1928
728 1970
1930 1992
1408 206
965 1767
1723 1779
700 1064
1825 1651
1218 1529
1938 1330
1607 956
245 1169
1762 762
391 509
1070 549
519 1889
480 782
1672 1385
1780 458
1102 250
219 1771
1104 1423
1683 619
108 737
1856 1866
652 1237
16 1867
1687 799
645 44
996 1540
1279 859
382 659
1069 1929
1362 1173
165 247
458 323
133 1725
1533 1789
847 1083
658 56
1891 1438
8 1961
976 1691
1679 189
1315 1510
1282 437
1248 1987
171 1060
1932 1115
1118 392
675 1224
454 441
1328 1018
424 252
1893 1258
1745 1807
527 972
269 972
1825 587
1876 931
1071 131
601 1977
1027 1897
1101 1312
1172 1286
1767 523
1695 1130
1589 499
1223 884
1797 1514
974 1804
1522 1358
1584 1245
1268 1310
611 565
1116 526
1367 1114
752 1305
1563 73
844 1481
1694 929
1987 1209
1574 331
230 220
913 1216
622 1842
1980 22
899 1909
440 622
1037 1543
930 1055
702 1214
724 176
1786 1656
223 1099
146 1132
1936 1727
1608 1580
556 1575
981 1282
1739 630
1020 488
766 220
51 1177
304 1325
436 1445
224 739
210 458
355 1295
655 630
1103 1445
1081 1265
822 1265
266 917
1180 1251
1606 1808
1572 173
1420 690
1775 422
410 939
929 137
1226 609
322 1615
1004 1297
1085 1850
1952 1275
1438 26
1737 1967
1161 695
808 1193
1952 646
635 1953
921 1486
1774 725
1068 714
1532 1169
213 300
86 42
268 1123
93 1798
1144 456
1787 1198
1098 1197
646 624
1944 89
1229 241
1411 1148
1766 984
1310 1630
1694 1849
173 895
890 499
281 1097
85 83
293 1866
1196 909
1736 1718
1703 753
1733 1714
525 1659
193 242
180 1482
179 3
1445 705
861 1487
1751 1970
1387 615
1239 670
430 368
432 1225
1663 214
243 1509
1202 560
1075 258
1368 312
1286 1545
1852 1626
457 391
775 1429
1789 989
258 67
25 372
993 1674
1314 1464
1851 643
380 1400
417 738
51 1473
474 1025
22 27
1624 1627
312 1727
1396 1683
1232 1428
1603 679
429 63
499 459
1495 1753
1172 812
1063 865
826 1888
74 1997
992 88
1788 10
532 1294
44 142
1690 1847
1671 1421
1032 1769
1772 331
797 707
190 1817
1667 74
1322 1118
1271 1425
84 1951
524 396
602 1768
1195 577
164 1283
683 373
828 890
973 1919
1259 1606
1182 608
1301 1753
1319 416
956 1944
1789 234
523 349
816 801
1851 267
502 1292
475 1288
443 1796
1800 1115
880 1240
1678 1352
149 1683
234 877
951 1282
1034 50
118 1771
838 972
896 1347
1004 476
877 106
750 136
681 1927
1382 1161
1019 585
667 1748
924 1049
1773 1284
268 569
521 1983
1791 1504
1796 672
13 1814
673 1905
357 1528
818 890
1544 1704
624 949
1182 1938
1954 551
1521 1574
1912 1445
251 1322
1859 638
1329 1503
1573 692
1845 959
1188 406
1640 709
1488 1208
860 1331
1220 775
1681 787
664 151
657 363
1155 244
1872 898
1568 1959
1125 910
936 190
1499 1569
961 541
1424 668
177 14
1625 1960
569 1276
1281 1474
1251 684
623 732
783 1707
1683 1012
1756 663
1737 1481
1124 1241
914 892
460 1546
1382 1809
1832 1818
840 184
1748 98
551 1478
1292 1932
558 294
1740 1805
1392 1004
883 107
1969 164
212 1145
431 985
565 772
1422 1877
1719 1985
1366 1195
603 489
1689 150
1209 1372
271 945
1878 866
1933 547
1885 1630
1760 13
109 305
715 1460
1329 1740
1013 1899
344 1790
1282 998
309 1792
1252 776
403 1275
1901 1148
341 159
1339 616
170 489
1853 1069
1206 1763
1957 1316
1000 280
29 306
626 462
1166 1098
1038 1781
1426 959
1868 1596
787 779
365 267
1298 466
860 1543
750 1714
837 1453
106 1465
826 1154
1769 1418
166 343
39 991
957 56
1850 39
1058 517
1676 833
73 1665
793 612
1588 149
1436 394
1261 1647
1740 120
624 32
440 1047
1118 1316
1309 1305
331 626
1037 1083
375 1113
697 837
1820 87
1128 1663
1181 1515
1054 779
1594 1064
1315 521
1061 21
512 1150
1280 1683
897 1460
1808 646
385 1624
542 666
1884 1457
1296 1962
1794 937
867 1554
607 1616
1743 510
1671 1049
1569 1657
1953 1032
441 502
319 1951
702 317
1775 1993
1258 1408
119 1158
1263 677
1560 1450
1046 245
1943 121
184 1513
774 456
294 1030
633 274
1353 1749
619 291
506 1448
58 809
97 1235
1390 228
1509 1718
10 252
134 440
125 39
257 1657
1769 514
499 1594
1257 310
1072 1698
14 1679
971 664
364 1116
793 284
703 801
1164 821
1918 12
1598 594
1076 1113
1690 1537
1316 968
1897 240
398 1965
378 1772
1733 153
520 1267
1253 1615
1479 1533
1966 1309
1511 940
1438 830
1391 106
1778 1476
476 943
369 243
609 806
1771 760
393 1573
690 1333
263 823
1743 630
1618 1566
457 1966
606 1941
1355 1740
1757 1418
1187 552
530 349
1435 625
751 745
57 981
1770 451
207 591
82 1152
1205 916
587 485
1731 1664
1470 40
439 1844
1477 1524
121 1915
372 1225
870 1144
1222 827
168 1231
877 1721
125 1844
1022 546
1907 1540
1395 1368
865 485
939 1050
791 981
81 1334
1549 1501
194 1231
1641 222
742 1169
1374 166
1469 1670
1010 1133
1096 1696
274 611
486 1911
1493 1960
767 91
398 640
977 1933
606 1824
1721 554
1410 787
1605 1912
65 1928
155 401
1559 399
1392 620
1990 9
284 1596
1578 276
1004 1089
1685 1185
1913 535
719 939
1150 1279
961 1511
82 1800
417 257
1233 1551
1272 211
1219 1612
479 711
188 656
262 107
269 1925
195 1170
54 201
384 997
257 361
1661 568
1110 1318
333 62
287 1313
2 1593
1123 1389
1861 423
1204 990
427 86
1022 1873
1817 1
1299 164
1268 293
784 1253
371 1866
357 362
1838 1989
1747 305
387 1653
1754 543
1537 51
1846 39
45 1853
963 838
1043 1418
1541 1527
737 1185
395 1435
1359 684
1936 1163
1398 1090
8 461
450 1346
1562 1405
658 379
1548 1848
19 207
1965 572
95 984
1132 1193
736 1091
969 999
1008 843
1220 1384
1056 281
316 778
1028 855
696 152
1985 1692
1800 1532
1731 400
270 1487
981 1619
1099 298
435 221
1818 1216
54 1137
460 696
580 1005
113 1882
688 923
1647 381
1889 1085
845 1535
990 248
639 391
1589 308
837 1671
815 102
314 744
1072 1216
1974 1501
46 35
1063 1238
286 626
749 544
113 1042
1803 1255
1122 1958
1148 1502
1436 656
1203 135
599 1118
1747 962
1946 1429
1638 1037
204 1514
1809 27
1214 1184
1 140
310 438
1271 733
1806 760
462 109
1603 795
229 302
102 52
83 377
1778 787
1525 1542
1213 1732
1086 850
1626 1107
994 1690
139 1703
1978 1824
1506 1493
1725 780
878 1400
1238 772
1420 369
562 1609
765 78
1300 1711
380 940
1869 1418
1339 387
809 1164
1085 1659
534 739
1272 94
96 475
573 839
1311 1001
35 1092
725 1148
1244 28
1714 1469
711 1081
972 767
813 1341
1677 424
121 1173
1223 1910
1080 640
1776 1645
1066 959
1102 1829
478 1539
1575 626
597 1955
141 1489
510 1917
71 1468
414 1593
1976 1577
961 972
1010 1551
440 165
701 972
260 112
299 666
375 431
1913 1219
1449 1836
1751 115
1163 1770
564 1849
1961 725
1808 1476
291 1503
810 181
1181 1986
1442 1858
1151 1748
1612 298
1100 22
588 962
457 320
1333 1692
1441 1774
1870 1453
892 584
878 527
1565 237
1983 1377
689 750
1417 1617
1535 683
965 1445
538 1485
769 1114
43 1961
294 607
227 520
608 1280
340 489
1924 35
554 611
460 1238
1419 685
764 1412
313 1124
268 205
1410 333
838 165
14 1140
1816 1365
431 1776
113 1167
1010 919
560 970
1601 85
1828 293
267 28
1768 1086
935 885
387 1235
1108 915
1878 1675
1207 857
1244 1458
570 1626
974 36
296 780
976 1373
432 187
1778 902
570 497
132 1426
517 662
1626 1446
102 1486
337 114
1132 1551
523 1777
1118 1614
530 1231
436 834
1713 222
1752 644
1258 1889
1283 1941
721 37
774 41
114 1955
1650 1899
1869 932
1876 1152
591 744
773 1563
47 526
319 789
1426 523
1137 1362
328 1464
1430 1687
939 136
706 181
427 444
1635 1864
1192 776
1123 572
572 1838
680 1084
978 1045
205 1663
281 919
1828 1725
34 617
987 1678
313 550
520 1556
1937 964
1002 1498
875 1880
1892 95
1638 1711
24 763
1841 655
349 1361
1260 1953
931 1273
1479 193
1926 768
1271 35
1877 1706
1972 70
1421 712
91 1983
1905 429
1873 1499
1347 1996
867 310
316 16
1531 783
1983 1161
175 351
657 52
627 1346
1858 236
1307 158
1383 651
447 895
654 491
1357 792
294 1482
1463 1664
1781 901
347 1704
1504 1315
953 1059
1735 1704
478 518
1183 1341
1654 1816
17 1308
692 1400
360 1249
478 1255
503 381
918 142
1230 403
756 1607
526 1199
701 624
610 1832
1311 1592
1555 1059
1109 1651
288 1021
399 527
462 1406
353 1525
1694 986
1761 923
857 1369
110 475
1913 192
687 1741
1457 1910
665 1826
232 293
105 57
112 1227
589 343
1507 940
747 478
370 143
1923 493
1020 309
1743 244
1174 264
132 575
1877 839
113 463
673 1160
1100 692
482 1523
1517 1976
1506 1279
983 769
1678 827
373 1098
1459 963
529 1632
177 983
1397 1095
1320 266
1793 76
1265 477
529 1035
1385 1552
188 1620
481 966
121 1455
174 1443
732 1177
1889 1620
713 967
1633 1947
900 233
1716 1763
540 784
1236 1525
1702 522
946 539
1771 234
1411 1427
1766 909
1900 698
212 304
1701 1086
553 276
862 1838
1620 1218
1987 833
1860 1745
352 1159
1701 595
1708 1393
1064 1500
1641 1682
1304 1643
520 58
905 480
836 1308
748 192
1675 1225
1926 639
1619 1531
116 1706
1400 1091
58 1609
803 1594
1047 263
1838 1782
1107 616
1644 1729
1328 1215
1602 1280
1478 129
1118 168
362 185
1113 296
1904 493
100 1615
1618 1335
269 684
1212 420
1143 1392
864 1708
474 1242
1931 1090
53 1652
714 1624
414 266
983 1391
1502 293
1836 1085
1306 208
441 1916
1977 925
1444 102
1338 737
1430 49
1584 1085
1091 1003
519 370
763 958
604 122
717 1717
1803 646
920 169
1715 1874
560 240
906 964
1501 1609
1210 1814
894 279
767 623
1122 618
1196 293
1415 197
59 676
1417 1156
1313 765
45 393
1532 487
695 371
1368 1344
795 1045
1587 573
1036 269
462 722
1170 795
1633 463
1308 715
1322 622
1899 735
280 1665
719 1724
1082 434
1623 1336
102 1264
450 29
323 281
1870 63
1485 99
1692 1271
220 1279
1662 957
848 1692
842 875
1445 1459
1505 1310
366 264
1950 6
1844 525
82 835
417 1370
1000 1592
1502 1213
1695 36
1069 1543
749 292
1041 953
1774 309
1186 1826
1557 273
1348 1888
384 1084
1306 1327
1451 202
1211 1126
911 892
1430 964
111 1094
1160 1832
823 1024
1882 1777
685 1907
756 1061
78 969
267 1162
1057 683
1911 138
73 1743
212 1886
172 1029
1210 1061
1816 546
695 1275
1129 1075
133 1986
204 694
723 926
1176 34
1827 1250
377 222
1562 1697
15 1851
1283 320
455 519
1880 260
1342 755
1679 294
1405 1399
1241 206
1151 375
374 765
878 1940
1068 873
312 1930
1909 1491
1035 217
32 651
1277 1033
1851 1478
1148 294
1067 1495
1339 1706
1074 641
901 1435
500 946
1593 663
548 64
820 1261
1229 1356
1470 891
202 516
1440 1458
5 45
1534 1642
1431 1440
208 951
623 1353
460 1655
1155 1195
861 1860
1548 508
1077 1865
148 180
1024 75
187 1926
558 379
136 1480
1614 672
1335 65
286 1723
1856 872
1499 1003
1164 879
906 75
1014 1016
622 409
1911 1431
382 1654
864 977
956 1825
850 732
942 1780
1562 985
790 1108
1359 621
1475 1868
370 1977
1260 1530
1096 107
377 1011
484 1582
1060 1047
1481 727
1513 326
374 1984
1870 138
1708 1963
1379 621
780 244
1091 323
1644 1191
1794 1226
1150 1564
1155 1820
1339 959
1864 1620
901 136
1281 1815
1877 1513
693 1910
456 811
329 547
1984 1063
1044 245
1530 741
515 1102
361 850
1914 1648
1582 1867
1974 561
370 1741
1759 1745
602 455
383 86
1257 1105
1381 1947
1387 836
1515 1689
528 685
752 1895
1616 204
712 1038
1581 770
84 419
1694 547
1309 607
357 728
603 1444
1323 1275
128 1534
117 1964
1417 1574
502 1918
1991 500
1025 789
672 763
490 902
875 36
912 42
621 1592
1181 1462
999 127
529 896
1372 1287
1488 1496
272 1996
1582 1979
544 1684
1561 613
1704 1228
936 990
867 1138
599 539
235 1804
224 1034
1233 1477
534 418
806 1159
1823 370
813 153
1592 976
749 5
827 1585
257 295
926 1831
891 1718
1935 1169
819 1193
1504 495
1377 855
611 1035
1900 517
375 1980
1653 843
1133 452
1217 959
1164 738
944 1320
673 217
1234 1088
1021 1833
1602 894
1344 1042
371 1336
541 817
1696 1227
1016 919
1493 1163
730 909
490 626
31 1952
128 1729
1087 843
273 1512
1899 1201
1936 1349
1440 1841
1972 1375
229 999
513 1294
342 206
1852 949
1891 1161
1965 754
124 1484
1287 394
556 656
1296 871
196 1287
1282 774
1347 1536
150 1644
1738 1068
101 1422
1632 390
177 1142
1088 1700
915 320
661 1217
1300 519
1188 702
1862 899
1677 1137
1078 1970
372 1382
986 1482
1262 803
1125 1338
1172 1551
1269 1549
932 1728
24 809
1084 502
505 1836
1896 1684
1395 1263
81 1369
1773 510
1222 268
922 717
1796 75
1268 762
1803 1233
1302 1784
1090 946
560 649
1881 933
1309 724
240 932
85 1485
1708 1234
1217 989
1468 123
1765 1787
1733 545
564 1136
1532 1394
1707 702
589 739
1398 367
411 1555
1518 1376
1248 324
1688 1249
1801 1926
23 606
1286 1181
1630 981
489 8
1312 1756
770 289
1985 594
1056 1510
1510 87
1042 1225
1502 1780
1360 940
1085 1585
806 1074
1915 1294
542 1804
11 1576
304 1598
1168 291
1705 732
77 1157
972 689
1970 1768
1205 1379
144 1126
830 1330
1504 316
990 1301
93 1619
314 438
1017 1261
1516 36
275 1901
219 383
952 1536
39 40
830 269
666 1330
938 1599
1955 354
1849 747
1496 1149
161 442
1676 1356
186 991
48 1248
1295 882
38 1868
730 16
1668 1044
123 1884
271 218
1 1474
956 594
426 1573
278 1602
1271 1951
1848 412
363 438
183 1347
916 540
955 1022
708 734
1340 703
1321 1441
277 891
867 119
115 1274
104 1973
726 814
87 864
76 1291
1784 1484
57 693
131 218
1198 1160
209 914
908 898
1535 669
1597 1650
820 1750
1742 1605
1578 1770
1982 468
531 1981
1735 94
1385 1276
824 1201
587 1646
512 1459
757 174
314 1326
1977 1361
1773 1806
1063 536
1950 1313
1854 893
1621 94
837 151
106 163
1542 974
1342 1484
1429 1807
1736 1335
1215 731
742 284
1014 465
1406 1015
103 210
1210 1602
412 1173
1671 1868
495 868
1740 1398
917 1813
1905 1053
545 1938
192 1702
1483 1455
1506 539
1663 1759
1273 892
941 300
1024 1568
980 694
1499 462
397 1230
662 1722
1655 1463
1586 154
1895 100
424 1512
1992 349
1166 1806
389 1558
1535 1557
1597 506
1339 470
922 1998
728 1937
428 423
126 1384
1426 1114
664 461
481 775
1053 1693
1280 1723
625 1532
763 1045
36 761
1944 45
1192 818
1734 1082
1549 938
830 440
136 132
1247 585
1083 568
364 858
642 1802
147 772
1715 795
1399 770
186 866
1733 1582
1182 316
1959 92
1804 321
136 827
430 260
363 291
697 711
1866 1463
1591 1958
1540 1504
620 1653
878 532
701 8
574 366
295 1403
726 677
821 1475
184 716
388 583
576 862
998 1573
707 1816
1650 256
163 374
94 1582
1284 950
1 1558
591 1450
1181 315
248 366
1532 1043
1887 66
536 1899
1894 730
169 1594
1004 1472
1942 1708
1257 1712
173 115
1704 1009
1955 1383
1026 261
707 1333
1669 573
129 501
226 1971
498 1708
1399 1930
85 1020
634 588
306 551
1825 1274
419 284
1646 1469
829 1753
702 1113
1025 500
451 143
1006 1331
665 453
538 893
683 1916
1315 31
1875 752
185 168
1750 1397
1086 1056
1863 686
1680 248
980 825
344 1991
468 1045
341 1281
860 279
1953 1650
131 1247
885 836
959 461
1019 702
1676 154
1120 131
753 1746
1258 369
1466 1558
68 561
1251 1736
1523 1903
1894 418
24 1975
900 1720
1610 637
319 832
1762 784
743 1005
474 279
307 185
972 570
261 1468
78 776
1555 1480
1443 844
311 758
1185 1496
1645 1413
640 542
552 1338
723 607
1493 79
697 588
570 1474
1525 478
916 810
1181 1762
727 1068
1990 1324
639 352
1997 576
312 1097
436 1687
1379 185
224 405
355 1601
1042 955
1351 199
537 513
719 297
295 153
1427 1192
50 128
253 903
1270 1944
1124 722
760 293
1630 1425
1205 1123
1498 1055
1654 198
1161 1477
614 1646
1377 1662
561 357
928 1120
1829 202
150 665
1292 1848
954 879
208 1590
261 564
102 1362
7 464
786 744
1388 509
1653 391
1501 186
1033 1132
957 1116
1634 340
1906 1233
1657 361
382 1713
1329 227
1362 115
924 698
1094 442
375 984
931 1742
748 1794
785 776
1929 1339
988 817
1746 1593
1770 968
1772 1805
301 59
102 643
1686 137
305 1635
19 1869
1566 947
595 868
1054 1895
547 826
687 1110
17 987
1301 1786
1107 1351
44 1395
1593 608
1277 471
1166 1248
1263 36
507 31
1145 701
170 69
421 1727
1168 1924
1996 698
1117 1471
868 1583
10 1661
234 1315
17 335
832 614
1384 161
907 1122
448 333
1942 1230
1854 266
1584 282
1893 480
454 750
1127 936
1976 404
876 1940
477 895
1532 378
1689 866
1892 191
977 1156
665 1482
631 426
70 1
423 1907
1202 838
377 1601
1386 1943
1863 1707
729 424
602 934
1079 1112
549 253
1693 1456
1176 873
1547 810
1771 1764
422 429
1916 523
1439 516
687 355
874 294
378 1657
175 447
527 287
802 1431
535 1987
898 1999
1784 1133
189 1155
885 166
1971 87
1351 1693
961 766
1332 539
1392 1798
1742 1066
534 109
1145 82
1622 460
1470 937
707 619
1632 226
1181 142
1389 679
1908 681
1963 856
1433 245
797 1298
1237 1479
1110 1087
296 538
1066 1073
1614 1171
533 156
826 1942
1697 1221
1847 335
1831 345
1893 1565
491 1350
1233 105
957 1489
205 76
1987 1932
1835 668
1544 735
825 839
1860 889
1606 269
1841 1783
1209 1405
1786 1973
1998 1858
810 1488
1707 1655
1640 1554
1525 1072
1115 77
277 1426
65 916
962 154
405 1920
969 1262
1139 454
1798 1844
58 1495
477 1178
807 38
1784 1461
62 107
980 1514
562 1107
222 372
794 1309
777 1676
1940 1894
1325 694
573 1329
866 1853
1400 624
1332 246
1592 1287
656 1059
57 1286
32 507
1876 1515
1585 962
1382 952
415 808
547 1243
231 1826
1396 1104
1412 221
1105 357
1970 803
208 553
1780 906
1875 1186
978 936
745 947
1423 1616
1955 1806
505 10
768 1046
1542 274
982 1894
652 440
924 1717
931 755
1641 1970
1468 1850
1528 533
420 927
204 739
1700 1961
1573 1445
1726 1653
1420 569
1029 647
607 431
455 946
1790 892
1626 709
1428 1295
1688 1824
1068 790
185 727
1711 76
1715 1128
277 175
1162 1419
1296 1929
959 1139
567 834
1379 1864
807 1747
348 20
1950 1075
392 870
1724 440
22 1740
137 1258
1908 828
220 333
593 1681
176 235
231 591
93 1374
53 1591
42 524
1882 770
653 1052
19 1541
1243 964
1305 169
1508 480
205 193
1291 74
466 1475
1388 1102
1701 1547
1501 1897
518 89
1256 488
1129 126
1627 747
1613 404
1726 717
398 491
1066 390
8 353
1087 1584
356 337
123 166
1246 1878
1428 391
1658 842
116 1189
374 1813
1372 1572
196 1737
1379 704
1194 1648
775 1997
846 647
761 665
1625 1452
501 1928
807 1532
1671 363
221 623
1662 1336
650 1289
276 1360
1823 1596
966 1898
359 673
456 896
1788 66
3 1545
814 1876
1126 1383
553 407
983 1880
1066 60
1491 1552
282 183
1635 1764
724 1252
300 1484
699 1578
613 1263
1529 1903
300 567
1017 67
604 1637
1157 421
1927 1345
223 1637
800 1842
546 810
1210 1285
1193 892
550 726
1032 1873
1728 1438
1966 259
663 429
230 561
1290 1257
66 1159
391 1508
1816 1117
1932 1120
659 1291
1626 584
981 1119
690 348
512 1192
1340 486
457 967
340 1837
1296 4
1372 823
1118 1847
1568 1772
846 410
1554 1491
302 1396
1448 1722
1339 23
202 996
1551 1026
760 966
145 376
1149 1920
1154 128
1262 1249
1945 187
1818 427
1504 1833
167 971
921 1763
794 531
1933 1821
1927 1311
896 1819
605 1287
1444 1737
1218 766
1552 130
261 147
1918 1855
162 1644
1796 1525
1197 1620
1268 260
1930 771
1109 888
1090 1264
615 1711
506 1960
1687 637
862 1704
313 301
223 342
1129 235
1623 427
1115 8
857 296
1689 329
1 1432
109 1687
497 393
538 1185
359 3
1998 1624
432 1340
517 21
243 1078
1806 1571
1075 727
1391 360
856 671
1531 1789
51 191
1658 1396
1056 312
740 305
1012 1086
454 219
94 114
1473 385
1166 988
246 89
507 1499
968 1879
269 46
1505 528
769 1070
511 111
114 967
612 1626
1793 1235
1350 1752
598 413
870 1430
1191 1884
1153 1078
983 1261
1045 850
808 207
1981 1574
460 1090
1642 894
519 1039
10 817
118 822
360 1514
1907 1390
720 1110
662 1004
1455 228
1577 326
1886 216
1229 1227
1669 382
1305 1547
539 1871
223 1518
281 115
1496 410
299 1430
140 914
894 145
1334 1234
104 507
1069 691
695 1644
1285 1660
172 259
963 1560
1937 98
23 652
451 332
687 267
1947 146
1732 1200
1626 991
1657 658
335 966
102 983
432 47
930 1826
937 1030
595 178
1905 1097
1169 647
1690 682
475 112
1337 834
1492 1863
1074 828
1617 1065
129 331
407 1064
1975 119
1908 10
642 547
536 34
1656 1719
1110 1500
1419 473
682 376
1755 1725
1004 1679
1762 723
1767 1434
206 1401
1160 747
1628 8
1084 1134
1324 1597
1268 1679
71 1437
498 887
1536 1073
1095 1454
1162 1112
2 1803
1860 474
1401 1435
617 388
1719 385
1387 1176
255 714
798 1616
77 514
1354 1202
1035 1131
494 725
1250 88
298 448
1760 1256
1156 1995
1873 1615
747 1319
1833 1312
987 393
770 1394
1111 407
1568 1666
1745 441
606 197
751 1316
163 1799
848 525
1632 1025
1957 868
1703 320
1046 589
693 1435
1022 87
1272 656
919 105
1038 1845
75 1337
1984 317
660 1211
1091 1401
1038 400
764 1451
565 1858
1522 1319
992 806
166 791
1494 1985
1888 1180
267 1680
1268 922
952 1512
1911 688
1681 428
1879 1162
498 1634
906 717
48 221
1959 1310
440 599
578 1221
1417 1971
1867 1875
1795 162
112 1151
1214 1998
723 1585
375 25
175 783
1721 1530
1820 1530
418 133
291 1681
609 382
153 1980
595 831
266 1765
104 866
544 1039
1909 290
1946 220
807 370
888 1742
1953 1608
878 1354
424 1437
967 1426
302 910
1579 658
235 1177
1996 1110
1964 968
1710 284
940 288
449 347
1938 987
340 1408
1272 1443
1963 1460
281 280
1744 497
623 216
1864 1782
1292 1095
632 645
282 668
7 665
1367 98
1026 1475
16 1399
982 1821
1522 82
1033 293
1529 1302
1577 800
212 716
1620 1820
431 418
325 619
1729 621
1987 949
1279 1495
1740 299
1550 1604
1007 1264
398 840
1362 1057
589 1611
1986 1494
1271 1727
545 1005
1813 578
1653 244
1145 290
1525 484
1065 635
1273 1871
1114 333
1259 1388
1380 1183
196 1194
736 667
1325 1187
595 1744
443 847
390 970
416 395
1314 778
1706 24
1831 1125
403 1153
1971 916
904 1771
302 1693
1258 1215
1830 105
1117 1896
1431 22
1103 1333
29 1324
1887 249
1299 1664
1172 1266
1749 1964
425 1747
1684 1081
1617 1130
1444 18
586 230
1875 1870
1160 681
60 1665
49 1964
173 1950
210 407
825 1259
957 1042
938 1098
525 730
890 1237
1840 246
6 209
1159 54
391 777
1799 1531
1290 941
1163 169
116 958
944 225
817 373
1739 1018
1354 1620
219 495
1320 1245
1986 869
26 1081
482 1171
1100 731
881 651
330 1427
1524 843
1238 585
1169 1494
122 529
1632 4
1390 884
1238 526
548 705
608 444
1510 1865
1950 506
647 655
1666 981
237 137
1656 1997
227 199
939 1997
1924 1632
1750 1059
1894 1970
1142 1719
328 1346
946 570
1222 1059
1762 1280
1614 289
405 1448
314 1079
1284 1922
791 678
480 1704
558 663
629 1154
636 863
1316 1075
73 1379
1007 992
1329 408
539 294
1881 295
956 1442
85 1636
1422 111
419 1764
38 334
1878 52
1848 7
1101 1337
273 351
418 1152
1435 913
1993 927
1912 809
1149 357
1771 1566
385 645
1434 1527
1307 1903
1217 1032
1598 1629
1139 1432
177 1656
78 570
4 1791
207 16
961 564
119 1316
1101 143
417 598
1281 1529
308 1173
1251 695
453 1964
1491 132
1400 979
366 1656
156 1973
269 1394
492 1321
21 1945
1647 1238
706 1171
1204 707
1670 1387
289 653
1730 1182
1158 1439
940 1855
1659 1031
1508 1036
332 1297
1995 1326
1022 1540
1026 37
1298 830
876 726
1033 1991
1676 175
512 141
85 732
394 211
1062 1854
1544 521
1279 1397
1555 1931
190 1773
1733 1957
1207 132
1541 535
1910 1613
1783 1521
723 1223
810 1286
95 1296
815 799
1700 795
1405 11
1760 102
1246 1041
342 455
215 847
1322 577
172 730
1605 898
902 165
1990 580
892 1789
145 1342
1959 295
1826 192
482 333
523 417
489 1151
929 906
1769 14
1154 1674
85 1967
1562 575
1145 784
599 1599
871 1850
686 990
378 364
1396 647
421 143
1952 389
813 1277
649 100
515 1116
870 1242
358 1038
1670 243
1814 1475
718 1034
354 1801
780 1625
1333 125
1084 655
710 1858
698 1563
1570 1838
564 1871
1646 125
1683 245
1224 718
1337 433
198 221
505 1773
800 1649
546 1133
1809 1507
66 611
624 57
1362 779
405 1742
1295 1741
545 759
1961 149
833 1927
1802 1171
1587 367
1308 1812
65 1578
12 119
215 1624
927 1930
1709 717
1895 1857
1222 847
581 199
249 806
1397 37
184 951
885 369
1902 1090
447 650
1745 1157
1763 332
1233 1449
626 1071
922 1600
1823 494
668 1148
1237 637
449 818
1975 291
234 212
86 1181
1557 591
289 794
1022 276
1875 100
1102 1528
1695 817
1589 1246
1824 1702
851 396
1196 602
434 1928
1298 1205
180 676
817 1261
553 1402
1360 737
466 1529
281 607
673 877
1324 1232
1316 977
1500 1023
1468 756
1609 1726
1129 1956
1380 1496
1834 1803
1991 1256
1617 393
209 802
1140 812
400 1226
262 1332
683 1673
1511 903
377 908
1421 1435
1633 357
782 1775
312 33
1128 891
1202 1502
1273 1398
1513 295
411 855
196 1779
1059 1693
980 1607
1351 720
599 303
966 1654
936 1573
1800 1370
1180 472
1915 1665
1404 1523
1920 1935
1392 670
1890 1781
1191 248
308 747
1288 809
972 306
1804 1297
121 1890
446 601
536 1513
787 895
646 1734
939 584
1038 196
35 543
572 366
1807 1063
168 1680
779 1136
387 104
1065 443
1766 1277
1639 1345
825 1810
1900 1629
800 1804
1422 833
34 1740
1690 1987
1747 672
410 1931
1771 1517
1754 1676
956 211
6 686
903 436
151 307
1493 308
462 1584
582 125
1689 1311
912 9
1410 776
1082 1117
610 1566
697 1209
879 1185
974 1019
1721 1198
1151 153
999 412
33 1021
783 462
19 1342
577 1272
1898 638
277 250
595 115
1427 888
1782 132
516 697
1928 1240
922 368
1775 1861
788 345
954 65
827 437
993 941
1434 559
580 155
1276 1128
1943 1422
202 1089
1375 1396
199 1035
1011 1
1949 1061
467 1119
637 71
1285 753
1603 1930
1112 1967
300 1777
1423 615
1483 1848
911 307
1102 34
117 69
205 172
1127 437
1374 1442
894 552
73 778
518 2
589 976
1916 414
345 138
843 647
898 988
792 327
974 1651
543 1230
511 1887
545 17
1209 250
469 105
61 1687
879 1970
1054 498
1732 1334
1738 1350
1393 454
355 707
1347 1761
761 620
1572 730
392 1875
1187 700
251 1702
1028 888
203 1711
664 1163
348 1420
94 184
668 127
11 1316
1952 1967
1173 1046
820 290
1608 769
1343 694
1666 1177
329 1804
1684 722
17 228
953 1520
1822 544
1716 35
780 327
1312 1933
1956 388
1483 896
201 912
1144 1400
346 1227
844 638
1660 832
234 1970
1261 1940
1669 292
103 1749
219 724
1538 355
812 1600
244 129
1901 1818
179 534
220 225
578 1028
1751 1369
942 177
1827 1465
84 665
1652 1014
1961 1935
1214 1161
1910 442
1746 1211
614 217
1700 300
1241 1537
464 1327
169 1573
1283 1648
772 1289
485 115
508 492
644 1086
937 1228
1637 1187
1434 1876
104 673
392 1067
722 1222
1434 299
613 480
885 587
373 1895
654 950
493 418
954 980
758 1110
631 1756
760 795
686 519
354 667
264 751
598 1662
1684 493
395 1579
1137 1084
1144 240
1815 1978
1930 1020
1010 65
70 440
46 1311
779 1566
236 592
1620 1437
1567 374
186 1022
963 730
433 891
931 1220
1661 836
1143 713
1447 52
1966 1052
610 541
331 100
995 205
243 880
1885 1236
709 839
1442 404
123 390
880 521
1859 221
97 1291
501 269
387 1153
217 254
588 987
535 700
1056 397
613 632
104 1940
1169 1954
1282 1731
780 1237
1099 1557
1655 236
572 510
497 1503
758 478
283 1104
1019 1370
707 1932
417 922
1705 1717
308 961
1823 945
1578 32
1426 309
1596 1977
326 229
884 663
900 668
281 189
1654 1978
1469 482
960 1546
1367 1415
1944 1940
1962 677
802 1001
1607 307
205 718
1164 295
1235 1649
433 1866
1814 361
857 1531
1768 1223
253 73
1786 144
684 380
331 1004
1456 337
1009 1341
38 1281
697 1491
1645 1296
115 1573
1368 920
1209 660
12 400
1580 1661
803 487
1100 1399
1928 1498
1658 313
1054 1644
1289 1024
1151 914
824 1525
1139 836
1086 1373
1252 685
1172 629
1201 409
1572 120
228 245
1597 539
1950 309
1752 894
1491 1712
262 874
1276 1398
1912 314
1117 694
340 1098
919 844
757 1799
213 345
1596 580
1412 595
1781 18
667 1932
1660 1859
7 595
985 353
1653 518
150 615
1316 239
1556 1945
1097 916
431 500
532 449
1620 1312
117 543
85 1829
357 1024
1387 1103
212 1104
1608 375
963 1184
84 319
1972 1556
658 122
1267 929
390 1445
1248 1921
1253 1888
457 468
496 318
973 772
835 1035
1685 703
1851 1195
1745 492
1418 1892
373 249
707 1273
1636 666
953 333
714 7
163 279
94 1545
1620 1049
625 1240
1643 566
1763 1275
633 941
1073 1208
1000 1512
407 640
561 1900
1027 1959
674 1093
1345 792
1419 561
598 1048
118 726
231 973
1153 1169
1268 1372
1967 232
1761 132
957 579
1773 713
1810 341
858 748
1653 275
1044 1133
844 1295
1729 291
1803 996
1051 859
793 127
615 184
1001 441
1542 1411
140 754
857 1344
1913 47
1627 873
225 510
1714 1908
1493 851
905 1242
1064 365
917 1979
38 700
832 1092
538 860
423 498
1278 42
1513 1566
1410 1740
1082 273
639 1556
1089 1035
1806 1110
1326 1692
775 238
1114 622
1167 1688
482 1257
1593 1119
72 1921
1997 1689
1199 1049
1321 892
1492 1063
1932 260
415 1088
666 1629
40 1426
795 686
336 201
908 1479
1592 1040
322 20
142 827
1262 1612
1546 277
1961 1499
1103 1608
326 1240
61 697
85 451
764 120
1437 847
1656 306
831 1582
351 16
208 802
1557 1544
1900 965
159 921
1522 191
1033 152
41 1658
1222 836
1058 829
1479 604
636 785
1542 11
1930 1549
1858 1410
509 1205
147 686
1127 1273
29 1910
578 150
887 384
1406 1456
193 188
910 201
1652 1604
1751 1904
1903 331
778 839
651 1247
1394 1531
956 1958
683 590
1689 1522
1612 41
1354 777
1873 1391
1121 514
1965 1303
224 436
1969 830
904 640
1132 390
205 1797
415 472
131 1982
1194 737
1488 1806
848 1325
149 1464
82 1645
1495 1675
1925 1738
1413 1510
1106 1656
534 241
1336 1852
700 233
149 861
1491 206
739 1621
135 862
89 1044
1924 290
1691 41
1105 1252
1550 412
266 259
441 1899
799 1896
1776 1951
1412 1393
1264 835
713 195
1211 332
895 303
1179 1734
1727 1804
856 616
187 228
1734 24
558 469
1423 979
1494 1185
911 1775
1003 1926
1104 939
558 1648
1715 1917
560 201
1673 1254
763 1330
1224 1824
1496 1541
1501 1632
1768 1853
1175 1743
1929 959
1528 406
352 1923
744 389
1373 1080
1304 871
1491 1471
1253 268
1290 774
1608 1813
868 878
377 845
102 674
305 1676
1898 66
277 1582
1188 1372
323 288
657 1088
789 1527
1485 122
1093 1369
295 1982
1206 1640
1738 1658
1600 1187
664 1663
537 1527
1286 4
1258 455
1311 595
601 1016
428 876
1329 987
1304 218
1262 1755
914 1619
647 1183
188 1728
428 1239
326 306
1504 954
990 853
646 385
540 924
166 1919
118 176
526 219
215 1227
383 1844
793 1148
1847 1060
869 937
413 1695
293 1969
1037 582
1719 826
743 335
1689 835
1341 432
1733 862
977 1253
944 1246
1459 1629
1839 1994
1979 579
697 1018
1753 33
65 1632
1901 1508
969 410
1086 463
404 963
1916 554
1001 1106
1983 1528
1655 847
1599 177
1775 910
500 91
1996 1569
36 261
1971 1553
1989 824
633 327
1131 64
1866 1287
292 371
1313 1939
986 1937
266 1040
1890 846
139 994
1596 125
967 233
1942 81
678 1982
572 661
1697 1254
14 1730
353 1270
406 1144
1701 1703
251 659
103 658
1887 650
244 1864
219 1828
1279 1312
1304 1886
923 615
513 963
1131 1629
1214 1621
98 1685
1274 505
1093 918
12 817
1873 364
697 15
1640 1649
1693 1561
1176 1984
280 1845
1054 205
1188 1223
835 377
1838 1401
929 861
425 904
1611 926
410 1626
580 1618
873 744
1763 555
690 1924
1523 1570
1724 1124
1983 937
633 596
296 1649
234 1417
384 1952
1716 482
1363 1146
928 1581
49 532
745 1335
286 1279
1123 422
113 397
81 1531
1330 1312
1371 1923
1051 306
1768 800
1256 1748
117 126
212 1994
1809 1430
889 1761
1247 1762
519 1630
1207 1115
1765 1629
1601 1556
1733 963
225 21
77 1036
1587 1577
1094 775
815 1890
513 1744
160 1976
696 1667
935 857
538 133
153 161
137 551
393 1394
1121 788
927 1569
1234 525
1086 634
1379 460
26 1588
1162 1450
867 672
1870 1926
145 982
1671 1119
1360 1519
44 1968
152 1814
901 1047
1420 9
1258 1474
1535 326
1718 516
1092 401
1665 1672
686 326
601 1114
426 174
965 501
1945 271
787 1217
1105 1486
1215 1696
1509 1736
1091 1167
991 134
637 413
86 653
547 1005
416 1657
1190 833
1285 679
402 580
738 768
1257 240
134 23
1349 288
1222 1590
965 837
1697 664
1164 763
445 595
641 1614
288 1810
1461 1571
382 1994
1274 912
1348 511
1221 631
1922 442
888 649
589 1997
377 615
1648 944
197 1844
1626 1971
801 425
1863 1262
803 1068
487 1583
344 263
217 63
1213 521
1909 860
1819 1100
1347 1579
994 321
769 1505
1328 1697
511 267
544 400
249 398
1166 1493
1517 147
1745 176
1309 1499
1503 832
57 535
461 1057
170 286
11 1310
588 914
1491 761
1364 1641
1200 1786
1168 692
1636 1985
1166 1740
42 1639
1956 1700
1628 649
975 166
1483 1018
1923 1385
1494 1758
1020 1212
1669 234
113 1959
401 1693
840 382
703 1168
1129 983
1807 380
320 1899
994 1830
124 801
306 274
1129 1356
850 343
1290 1160
1689 1714
19 1016
524 107
796 704
1315 880
962 1272
12 343
1196 1800
747 1958
1089 1919
1764 925
956 538
1181 903
1471 1065
210 216
966 547
1985 585
867 1222
461 937
1579 909
1604 616
993 1008
1777 1044
1908 998
199 1974
336 1912
1011 212
1949 1520
409 528
1190 1020
718 1593
849 308
1529 896
1909 1615
1098 1467
1995 955
1222 1453
897 1526
1759 1374
138 1789
828 350
679 1610
1369 1731
666 1755
1215 850
1734 326
1083 646
1874 903
509 1505
684 1995
27 456
1373 977
890 1539
810 794
815 384
462 856
1518 193
1428 297
310 1224
1640 1895
736 1289
1409 1679
1679 816
1591 1732
344 402
189 54
1206 1225
249 283
1738 1051
28 883
182 199
1339 1212
189 1755
1793 599
359 379
1484 294
954 1833
1219 1279
1071 774
746 567
1389 351
213 914
1320 378
1465 631
368 1713
439 336
1977 1336
1665 1294
1974 816
805 847
1496 1759
519 977
756 1711
1575 1960
1326 89
1116 947
318 1478
413 678
911 1115
1888 1056
364 1536
1090 574
1425 1567
894 176
1140 1860
352 55
1682 877
1689 1599
169 1798
893 1460
1802 1382
1126 350
1721 1422
65 1223
305 336
1831 1245
1912 287
1340 280
1637 1054
1702 808
1439 68
1296 222
821 1693
1282 385
1088 336
1964 1489
562 1547
1904 530
108 789
1339 449
435 1171
403 157
1915 1266
1142 1494
1148 838
1313 1330
1466 1768
213 1802
827 1854
914 1311
1788 519
1774 598
992 408
1004 1774
1415 974
1824 1041
134 505
526 527
699 1513
1342 685
1734 1235
1918 352
681 966
431 318
1210 291
200 788
1567 301
48 1140
343 1447
640 700
419 1519
1966 1137
222 1556
317 20
1424 1896
1532 1801
1241 1484
1675 1505
1057 1610
1771 940
817 1425
1354 584
784 1290
127 306
315 743
1321 1589
1326 754
726 658
214 1638
1416 1670
1565 175
1211 82
329 169
1364 135
1592 482
1811 832
1684 562
142 1993
326 782
1767 515
584 1808
831 999
960 244
49 427
289 1412
1462 1491
399 1127
314 817
833 1223
1072 1081
1402 784
279 525
1095 279
1955 1358
413 571
1364 1165
1937 556
1157 1776
883 413
830 1204
313 1363
615 114
1911 1463
1835 1089
147 1536
255 1635
1627 803
6 837
949 955
468 1041
1746 1499
146 1124
462 314
1983 1569
715 1158
1771 145
1883 670
1593 1061
1688 635
1833 1654
150 1049
389 1698
1226 617
242 361
1397 1972
1678 1221
334 1406
1830 768
808 1169
1331 1055
1137 1308
492 269
1250 1109
351 474
282 767
1702 1497
1280 138
35 925
1780 677
1324 1943
1861 1224
173 887
445 242
1360 662
2000 603
749 68
1122 1418
1821 406
434 1761
179 11
382 518
917 1273
850 1836
1126 1373
338 600
31 655
785 1951
1283 680
734 458
1216 581
127 1538
556 1290
639 331
487 206
620 1665
736 698
1873 373
828 138
759 1686
595 1777
104 1204
101 1076
196 620
1139 1516
415 258
203 1848
719 336
403 1850
1622 1923
1939 1983
1353 398
1300 1155
1367 104
1255 1169
1343 1307
3 1993
1000 1309
1943 1804
1908 1487
1712 1362
539 504
1642 1099
1527 735
245 763
579 1271
547 289
863 1051
1727 1782
1999 1661
667 1316
1787 587
1861 1856
321 1888
1185 1163
1976 746
1588 1599
408 48
622 1601
116 1510
1954 1296
603 276
875 523
1020 1744
165 1809
1486 217
755 81
1174 1967
836 1754
621 904
209 42
508 71
1467 316
1733 549
1137 1337
577 1762
856 807
708 200
959 1700
821 503
609 1201
1088 934
1238 616
689 1581
1879 1805
1579 620
839 1783
1067 272
1510 1896
993 1431
1491 1424
666 1482
979 1252
407 1879
1265 415
1876 1097
700 974
384 516
1788 813
354 270
248 1013
1269 1376
257 1431
1451 159
1292 1177
833 196
134 739
1900 1138
1370 997
233 1316
1123 743
1104 1901
676 812
332 1704
1683 137
583 929
438 752
387 18
1828 793
818 882
1814 860
993 1119
414 1040
1786 655
1680 945
1606 1426
1417 334
1534 709
375 1244
1375 931
1481 1911
728 456
1573 700
1513 1190
305 879
1467 577
1340 817
1838 1584
1916 508
1953 622
708 1595
1441 1458
157 1399
330 1697
606 926
1953 1163
576 93
1699 1019
1325 1888
1939 1864
1019 1079
1904 43
1724 286
1371 1070
1046 886
1943 252
329 1859
642 1684
1071 417
1592 760
536 975
1705 447
1262 1332
1401 999
1412 1547
1709 1803
1055 1196
1231 933
1204 1397
872 1270
1654 1745
1889 187
713 182
699 103
499 1977
60 1595
1381 1339
1077 1350
1284 1411
1464 1097
1856 987
1874 1644
99 928
1928 437
1684 904
140 1490
1344 1354
792 1781
670 1990
1816 1768
1726 943
243 1402
685 1820
232 1865
1532 290
377 800
1783 827
916 433
1213 1189
1013 1907
1771 391
171 138
1905 905
1795 1140
1139 497
1674 300
1757 1293
392 92
1812 434
1978 934
1944 1515
1397 1166
1145 817
631 202
452 1409
1311 526
580 1540
1408 807
1872 18
501 182
858 708
239 1245
1862 1243
1073 1677
296 1723
870 1221
633 737
896 1238
1407 1062
252 548
1656 530
1360 1862
1255 1798
314 1091
134 862
427 1760
35 691
1367 1095
459 723
629 1811
517 1614
1683 18
1261 2
1616 31
594 1154
73 1673
1987 648
154 446
1496 173
357 661
161 1514
1007 1327
843 262
1839 268
663 243
792 968
1740 1563
338 322
462 1668
1009 1215
1920 1963
879 1085
1184 1637
741 832
577 743
886 363
356 1314
285 1355
597 972
1358 1157
529 1781
1750 667
1630 189
392 1236
1372 725
441 1170
415 248
1339 1768
1752 43
1510 879
101 451
1166 1643
82 1933
1448 654
954 221
1823 463
1931 1341
304 1750
873 267
1154 34
679 1661
974 1097
1105 1412
478 954
1946 421
899 54
983 203
1153 1550
1981 512
1245 1271
526 1347
1356 694
240 1894
1178 846
648 717
521 577
1076 1057
1781 628
1337 1767
161 82
1051 1105
1927 208
1913 916
1347 1127
80 1934
1940 1657
398 272
1341 1832
1359 547
426 1805
151 744
961 1729
1308 1251
483 168
1467 1240
1900 1630
766 1637
1852 992
734 915
916 708
1732 94
639 786
892 1943
1234 1838
770 1153
1916 1922
165 801
929 800
1522 1027
1129 1240
1577 1694
134 1027
1915 937
1844 854
1071 1442
1480 1473
1000 651
407 1661
1408 690
1147 259
1503 260
1523 1785
248 523
997 1762
1516 278
859 1085
1596 1202
1375 477
365 632
1949 414
477 170
1070 1113
1038 167
1204 203
925 1014
1727 281
388 1812
1130 1315
521 1753
745 839
339 914
615 1429
645 901
16 415
219 696
1911 477
1927 1368
59 1767
27 817
198 1558
1228 983
1747 577
382 167
440 1194
1300 1190
133 1161
1475 898
1338 375
1885 595
1532 1341
1834 499
33 1137
1449 791
607 571
538 222
1753 193
132 1379
1760 675
82 1667
549 510
1047 83
577 1241
1347 1517
999 1574
1921 526
1598 1814
1706 1624
272 501
1053 1967
758 607
1902 1512
1459 616
829 1958
1263 566
92 508
1397 1760
334 1586
1578 1115
479 719
760 943
262 99
406 1492
873 112
626 616
921 1802
1419 7
328 650
53 1699
314 485
791 1877
39 2000
58 345
1738 891
1780 17
1584 780
293 617
887 1725
1796 881
325 1432
1083 848
1676 1439
833 579
1032 1074
1435 1645
811 117
1380 1634
1846 63
451 1634
418 1774
89 822
538 1366
1880 1477
1239 962
1421 1073
785 1763
1308 729
1718 916
1612 431
747 1221
1289 60
1623 41
44 997
217 1583
1390 436
643 507
1212 1272
1473 440
1971 681
795 212
1547 257
541 456
447 1097
486 545
308 605
1712 635
1071 840
1110 166
1793 1226
25 1
416 566
1256 1191
1472 367
646 1820
228 1888
1557 1026
1019 353
925 843
88 366
1663 1981
288 247
510 1925
823 1708
1589 1681
81 667
798 1862
46 43
710 114
452 774
477 245
560 599
1497 1490
797 1442
1814 509
34 1634
589 1024
1182 1403
1253 1513
1867 1585
232 567
1246 866
12 1945
1286 1641
1507 1214
8 1256
1287 1360
1442 591
65 1821
342 1567
291 335
164 1735
662 322
888 145
837 509
627 236
1524 102
1404 524
1600 1569
654 913
380 932
1325 164
1198 338
647 440
1364 574
1957 1267
428 498
1774 1025
896 36
827 1800
439 658
1970 1706
819 1136
1942 972
402 868
652 1814
261 47
321 348
632 102
1762 1135
1522 436
491 1200
288 1505
890 570
628 72
1941 253
659 229
1249 709
1323 58
1222 1877
1129 383
557 766
299 658
412 83
343 1529
1101 961
716 33
557 1123
1587 1242
1366 495
1972 1632
33 1939
967 112
1986 184
222 441
203 929
1679 847
1326 1053
1241 887
210 1037
1320 1422
1566 1539
860 1143
595 1966
1042 147
689 1145
620 427
1840 1272
1085 1531
131 24
719 709
1258 977
417 955
986 700
1198 609
760 1613
1830 1910
983 1113
1691 288
1433 1616
1698 1500
1331 433
1183 1200
1193 1692
1942 1747
1614 1900
35 210
992 799
1589 1894
1697 1632
1760 1964
1185 948
466 74
339 168
1098 1295
1356 1231
1284 936
1927 1094
408 367
1388 1720
1595 554
1062 1773
1652 1221
1302 92
1821 1060
737 190
1436 1222
1454 139
1260 1077
1809 136
1493 751
63 171
1961 1877
1050 28
151 1027
817 215
1989 1326
930 1966
1676 1524
1782 513
570 505
1912 372
127 1532
33 396
1718 502
1167 1396
1540 558
1109 909
1978 1727
1873 394
1358 449
203 577
242 937
1815 491
1001 1656
392 400
1812 750
246 1141
778 1876
1724 1842
1985 1270
1198 473
834 724
449 370
451 1872
123 1695
220 967
1788 620
1200 205
801 1125
688 305
838 775
220 1066
510 904
79 1377
579 169
1575 927
692 1710
162 1391
731 354
111 1840
551 55
1508 106
1095 1594
1398 852
604 1143
1374 631
1210 764
1694 74
493 176
1934 757
1886 964
1682 1822
942 1239
433 529
1355 1894
624 748
1267 626
1839 696
1675 683
244 1226
370 1432
243 986
1813 553
469 292
291 1392
423 1035
1400 1472
356 1150
1151 1601
602 654
1245 1192
1414 1419
1137 1182
66 386
1347 1972
1953 815
904 408
1314 995
657 44
1600 548
507 703
1713 1531
1397 882
221 485
777 1191
573 1884
707 1238
1745 1962
1943 317
163 308
1731 1259
1717 1284
649 721
656 243
1786 1106
667 789
1647 1076
1617 1025
1483 599
34 23
1695 610
939 1525
833 1130
634 21
916 894
1494 1845
1026 199
1464 1288
1316 1769
810 1585
1864 108
585 414
698 231
271 1381
495 47
497 1298
1295 1302
564 780
1475 73
148 1370
949 982
1029 1266
1147 1453
1880 1966
1014 1425
893 57
1354 1597
304 1107
1146 1979
941 739
482 1160
1365 539
93 1900
1282 673
789 1411
58 1791
1662 62
233 590
475 1498
392 96
848 388
1971 1168
1823 1939
760 592
1353 1257
414 543
1378 812
220 858
167 381
873 1356
1975 1753
245 1465
65 203
1894 1931
1285 177
1603 458
1956 1082
321 38
713 1380
565 203
1985 1638
40 852
1268 1934
797 1448
1494 88
1653 1217
267 1033
4 917
1777 1399
811 1748
1696 1706
520 1671
652 592
744 753
1514 1437
624 871
1064 1476
1489 1445
490 949
1479 50
525 1781
400 224
1645 1875
614 657
224 1736
1170 1931
1241 73
1079 1029
1485 1902
931 1186
740 955
1905 1663
1132 485
291 1040
853 644
1351 133
430 1887
831 1470
403 1269
1438 1487
184 1200
1685 356
896 541
188 1407
630 1784
646 1405
653 399
547 148
953 589
1430 201
1552 367
28 1287
1810 1579
1462 862
1545 1274
768 886
346 366
256 1946
1842 152
477 1620
1588 1492
742 192
1849 1356
1030 525
110 366
772 789
864 862
1362 53
352 1954
850 865
1954 1405
1464 1570
621 1230
917 1633
38 586
1780 391
1917 790
778 21
709 1295
1442 1004
727 90
628 1777
1525 1133
1928 1263
1075 946
994 1075
542 85
1460 760
1965 1002
30 265
37 1555
733 726
1125 244
741 1448
1201 684
1166 1186
1913 1816
415 1194
1745 943
1503 587
1837 1879
297 1807
1904 1800
1650 996
1941 1638
479 1946
1257 320
1052 1356
1617 6
252 766
1963 30
1836 288
492 45
1158 316
1854 1961
1428 1240
831 1520
1589 1000
1015 131
7 1438
819 172
1960 1270
1759 1876
1780 927
1508 768
1254 1380
173 535
710 454
1443 951
1284 113
1581 645
397 1527
274 666
1375 1727
244 604
684 1489
1173 653
931 516
677 104
1620 752
1147 430
981 482
748 435
569 1381
1898 1085
1573 791
1990 1765
1725 188
842 139
243 1535
272 1865
1500 1129
1146 93
1388 848
443 76
741 1092
456 554
1870 1818
1787 1780
537 328
1800 1968
115 884
922 146
183 411
1023 302
435 785
181 1853
622 616
1512 1289
1825 872
108 1292
688 1455
1832 92
1191 1355
1463 486
787 1109
773 1130
1079 1224
1654 1658
877 1530
1635 1022
344 890
1377 978
402 560
120 363
869 1602
1197 1708
1104 1029
1157 1029
168 801
78 292
1976 1893
1097 348
1443 168
1334 1703
1768 1671
772 920
1526 1326
497 1263
81 1401
804 1033
1668 1318
109 545
1728 473
273 1387
745 1750
1329 386
1297 1400
1394 1980
33 199
1391 68
109 468
1281 1231
916 270
789 760
759 318
37 1688
574 1009
443 1361
302 532
1962 895
647 908
961 397
820 448
682 1717
952 744
806 55
679 319
336 1529
1666 1083
746 1340
1516 456
1617 499
1269 1664
907 1373
1465 1307
1153 1321
807 808
992 579
168 1721
1646 1009
742 1223
752 1695
1871 635
1337 549
226 1578
1526 51
1097 1649
1348 1251
1514 1271
1228 905
843 493
128 1526
405 314
1555 272
1827 1047
462 1753
31 784
785 308
842 1947
1587 227
8 1447
1013 902
709 1889
906 1218
1764 1991
927 316
1181 1503
1176 1074
1075 1552
1434 1782
1990 63
1992 1204
642 1775
641 579
530 1427
26 1480
475 168
271 404
1513 1527
1770 1289
389 1828
1798 797
184 1606
1512 756
1901 1714
1682 129
1121 774
626 606
1306 306
785 1582
1970 1901
1149 338
1165 461
1299 935
877 623
1153 1617
953 359
74 1368
773 436
478 1482
1824 1834
1508 1795
49 1370
1116 12
1723 1211
431 1196
459 427
1556 1780
1443 469
989 1143
1948 1390
371 1280
507 1828
1537 193
1740 968
1726 655
1069 1784
1921 1429
1486 324
1926 1761
1055 1957
1025 1650
524 1823
1151 1949
1439 1735
215 1233
1520 1609
1231 1313
599 411
1819 694
1592 1308
163 1071
1826 1638
922 628
883 356
82 1061
781 271
1138 506
753 856
54 1927
1717 1776
460 618
1723 1303
1105 1564
932 1736
1787 1708
1458 324
851 1528
1887 1956
621 1337
1061 1964
226 282
855 1457
1337 690
844 1274
92 375
1911 360
1879 1442
1291 1981
59 1610
484 1785
470 1340
723 1605
1768 1381
1032 1903
1129 1325
1606 1833
1115 1230
1927 616
603 914
1290 718
151 1856
222 752
709 1658
1442 517
1778 705
72 217
1086 640
1181 872
1681 416
1757 341
1572 1595
620 626
1086 1087
733 781
203 1294
936 561
1554 1301
726 1726
1166 1675
1717 872
1957 1849
417 1801
1281 220
820 738
414 211
1103 357
24 169
1822 1857
1313 739
1223 1952
1458 1484
1203 557
1769 298
812 337
1734 728
1792 895
1773 1150
890 1133
1614 898
1483 1676
904 1556
1367 118
1229 1797
251 70
103 985
1021 1718
1062 1460
772 374
440 247
518 406
1380 1759
85 1927
691 638
963 741
767 1835
513 566
1839 889
1 1498
792 507
98 1886
995 212
462 1211
750 87
861 675
1783 684
628 1106
683 883
1315 1026
1208 1670
1047 777
1093 921
1921 1958
1784 1581
1535 1376
848 592
1369 1531
1920 1678
580 1199
644 1863
269 112
1673 74
1491 547
1629 793
561 1230
1850 690
1961 1546
679 1102
681 385
1218 1704
646 1985
764 1110
1438 1592
1465 1069
1543 1118
1907 1324
201 100
275 1261
992 873
519 566
579 298
9 1389
865 1914
1090 513
104 842
1791 283
484 1644
525 498
230 120
325 1568
1376 702
648 1400
1341 880
117 1678
520 718
1313 715
1032 1335
564 963
1239 1041
483 1024
483 420
1654 1053
785 542
1929 1033
868 1987
400 572
935 612
1619 1967
1055 348
1605 1664
651 181
1114 1197
508 344
1488 1734
1785 48
1485 1282
574 1123
1916 1002
878 1614
1520 1271
1245 246
1479 536
1049 411
535 1440
1067 454
177 520
253 381
221 1075
94 803
885 1116
668 758
246 1006
1756 149
1838 819
683 351
1984 1640
1472 1340
169 1485
713 648
166 1570
1734 599
1225 1724
872 103
1017 1026
1022 1081
1356 777
1003 1075
364 1519
1713 1724
136 140
46 1683
85 247
1192 1173
292 628
78 1120
423 388
797 1882
233 939
1687 1497
1002 1416
472 147
458 362
1608 320
1580 798
861 568
898 1570
644 66
983 415
962 1725
1266 335
182 1072
392 1618
1703 1949
1671 919
1752 425
334 586
573 1810
66 331
507 1042
488 1226
1103 1382
294 1464
873 1925
1350 401
896 732
54 756
1564 127
56 1917
16 1247
913 1639
199 1687
231 932
503 899
765 140
1856 1609
300 1553
833 1184
39 1501
521 1318
872 858
46 267
1483 1322
92 93
744 1096
829 1745
1422 1066
1434 1835
31 371
1947 429
183 340
494 1551
1151 771
305 494
1725 720
1006 854
60 677
941 665
284 700
1572 1873
1306 1052
1471 281
1456 160
1662 228
1206 1802
1872 1638
1371 1697
1074 1432
170 198
479 848
114 1796
487 1161
1034 86
1617 1863
1451 3
1363 1871
1935 477
439 1072
473 169
1432 1876
558 1354
205 1570
1058 786
463 1374
378 246
1443 884
1563 819
1342 1814
1676 1138
350 112
1145 974
924 423
907 962
1619 1787
1841 746
723 615
1740 1804
504 943
1119 591
1500 885
912 502
1209 1664
886 1588
1580 657
273 172
1559 517
536 678
1333 1412
689 1369
196 579
638 1796
1252 1236
1800 1871
613 1822
795 321
1187 1603
1673 892
753 1535
813 349
1278 1508
227 784
997 1276
234 60
108 325
257 227
1755 857
1524 1095
1066 1458
1769 753
1702 1775
120 170
67 357
1711 1557
1501 178
148 1942
1893 1680
129 90
997 1682
1291 348
1388 1880
357 20
1044 636
1761 998
950 855
419 433
292 641
705 1172
762 1851
525 1642
589 314
1435 1866
63 215
1154 1544
1813 145
893 132
305 1691
1554 581
127 1244
1626 1742
1315 1581
1259 1567
450 43
1870 461
588 453
1358 225
606 1162
1895 906
32 311
929 63
527 1590
1304 1575
982 356
298 419
993 1456
1915 1977
961 334
385 315
1031 1239
6 1057
1313 2
278 346
1018 66
1193 564
729 125
460 601
1105 480
1642 665
221 718
1649 1763
1914 761
286 1152
1861 1054
353 472
67 1110
1993 1437
1240 394
386 794
147 546
1860 1654
172 1079
1756 245
730 1657
1596 1134
995 887
1025 942
1972 1803
1101 1275
33 1288
1910 775
681 197
1392 325
1453 1514
1017 826
824 1160
487 96
1393 1001
879 866
404 564
1536 1485
574 1544
1492 11
258 1834
376 483
1118 69
55 237
516 385
1270 128
1554 1761
613 1667
1897 1466
96 1590
1902 1265
1293 119
1866 1544
1745 1098
1309 1386
693 1079
1546 1401
573 449
1661 1442
1655 187
372 1874
1763 1978
566 1674
1048 949
416 1402
1550 272
79 313
446 1556
780 876
1249 1061
718 1996
1239 565
1303 384
911 676
49 1691
251 1377
1249 1978
703 709
1588 1377
695 1875
1014 910
652 1669
161 230
578 529
193 1589
250 1178
513 1018
271 926
790 1210
1455 102
974 347
470 1147
990 205
1421 1320
1980 746
476 804
469 1809
305 1808
1651 1569
476 1870
153 1104
1054 218
429 840
247 412
382 855
1485 198
918 1538
171 1620
62 19
1080 1597
1108 285
1136 1688
1238 1965
668 343
138 1510
135 1906
873 759
216 270
1318 313
566 562
682 1787
1855 226
515 1232
1530 691
1793 1417
270 1476
1387 302
990 1001
1550 999
738 1642
1861 814
118 36
1649 1816
1497 475
1038 1812
1437 1947
1842 1229
1562 1734
1224 780
1044 1663
267 1257
1342 1544
110 1467
560 1344
1807 146
484 1976
1574 187
818 904
1634 910
235 1634
804 331
1768 1444
486 906
412 809
1972 1950
618 1352
912 220
1447 1128
538 174
370 658
8 1425
1400 1835
404 1316
1864 994
1283 1880
1688 1832
1414 806
1474 626
23 919
210 122
1111 1012
770 504
1092 1878
689 232
1904 197
1427 1478
548 165
841 949
1413 1255
435 932
1979 1555
43 439
1931 1370
1429 1263
852 1555
121 527
714 1824
15 517
1135 1232
852 495
1523 350
199 1108
471 1939
354 947
598 1430
1919 388
1924 1156
517 1044
586 594
1824 1764
303 561
1033 1678
92 1982
952 1991
1969 106
205 249
215 328
1609 451
1256 798
1807 1034
1533 43
16 1142
712 275
1948 1312
218 1680
1609 1656
684 1897
1619 1907
1016 617
1002 580
868 109
704 966
274 1414
854 456
469 1958
930 408
1693 389
1128 953
1158 1177
1845 378
270 988
1831 315
821 802
1241 505
104 1788
1794 1135
696 52
1231 972
1503 875
1971 573
993 1242
1920 893
156 1014
1703 82
435 185
1159 1264
905 1004
866 239
1149 528
1186 1562
358 1351
269 1153
1765 563
1179 335
805 1676
21 1149
446 1206
155 167
1045 1130
1190 77
1483 981
621 1346
1236 763
1773 44
173 311
286 750
1616 361
237 1968
1323 957
1879 1524
1987 1490
1415 1125
975 1081
412 812
899 1582
963 1591
218 1135
1304 1950
1659 442
1576 1942
1418 354
1500 470
1813 1059
1029 628
628 265
1435 293
1297 1552
1990 1925
517 1413
430 522
1663 1924
1054 1716
574 1826
284 872
7 1765
1600 42
1283 1724
362 1451
235 1963
1925 1200
195 1536
207 1281
1440 1194
137 1262
1048 651
679 1687
1984 1879
199 1993
1110 1369
921 1771
746 1604
1775 1670
492 568
1967 986
389 1882
1773 1204
618 694
1749 1404
1780 112
1748 1338
1766 7
23 691
1418 103
1648 1698
1722 169
749 1905
585 1936
526 1482
419 976
1415 854
1097 1241
1295 780
905 1741
1083 1306
508 1995
1638 1884
204 185
243 677
1387 896
1721 1307
766 1331
901 515
1965 533
1474 208
1506 1438
1829 992
247 874
178 943
1833 1187
1674 249
1220 1463
447 1821
1333 1648
819 887
710 1723
90 1798
537 893
435 1961
1625 926
207 441
562 664
1300 1502
587 55
1053 1047
1818 1067
43 1045
919 236
167 1867
884 1263
407 952
1832 623
1389 374
801 757
711 1934
840 1101
1161 1665
1232 703
160 1517
921 504
1822 610
427 1079
1538 1069
1215 1277
1280 837
328 476
805 854
685 802
187 387
1099 1401
1715 1650
1051 51
1122 1857
205 539
539 1863
85 1093
1858 1242
1894 44
1267 1269
684 719
1899 228
1576 1793
179 1073
123 1203
610 1879
1029 1017
1703 950
1751 928
1859 934
704 420
556 1725
1758 1924
1315 196
33 564
1268 445
1195 874
291 364
1909 1856
242 1454
390 96
355 1173
508 1973
1960 158
1833 400
468 1884
897 92
348 506
1953 1739
461 53
1187 111
96 723
1731 618
901 653
207 1162
326 1072
1091 355
1698 1744
121 1214
1299 647
1524 1666
1490 998
1882 484
685 520
690 1080
653 1342
745 1829
129 694
477 1118
173 921
1961 1324
1888 812
1662 1186
13 1308
1639 1829
311 783
703 1561
217 384
910 433
949 341
255 754
165 198
1507 343
1182 1609
1184 786
1594 869
1456 1668
1068 1660
1361 654
132 1952
1866 1381
634 1556
782 30
1520 1833
436 1630
1358 1741
1194 1874
755 1545
1720 930
544 159
471 720
87 967
643 325
740 1223
594 1049
1314 1042
1920 1619
1650 494
1244 1123
269 987
1583 1958
1124 921
1470 741
1761 1226
97 1179
623 983
1110 1787
831 974
1497 954
1269 902
1451 1205
1893 828
1882 1267
1995 1584
597 601
1556 844
1780 1750
325 358
1487 128
975 476
673 710
924 1902
1279 34
1962 1242
984 513
433 1805
1741 620
1037 1558
663 691
1838 1365
1133 665
677 1159
1394 667
1174 1801
1714 38
1732 1827
153 303
1739 633
1651 1429
1338 257
889 1133
374 1370
537 199
104 874
1870 268
1390 1370
1162 375
1932 343
376 1450
138 159
507 468
1053 767
849 1046
1385 23
1258 303
1650 541
1477 591
396 1406
1191 849
534 1212
1750 1838
951 1720
1232 1714
515 1137
1919 1575
840 1771
1324 325
1695 342
1538 1679
1780 334
208 1488
703 233
618 1031
1791 1358
434 402
913 351
1581 508
1196 926
1118 1092
1696 1342
444 1651
1853 540
331 351
850 1861
1163 1468
1533 1388
1819 1123
84 381
875 410
1481 1233
842 1565
937 115
222 7
976 1575
923 32
1739 1898
1852 1611
316 914
916 1439
143 949
58 899
1808 1441
1810 630
429 872
1058 1011
839 797
733 314
1191 22
1365 1625
922 923
1830 97
484 584
1413 1459
1484 549
1951 589
760 503
559 339
1186 1467
1712 1195
914 662
1857 1974
1110 1910
1647 1109
891 1996
1317 1812
895 376
990 1808
1522 1490
735 241
920 1706
1497 1436
1791 1734
1483 1169
1291 278
16 1338
383 99
825 648
1599 864
737 340
1037 1931
1274 565
1387 1790
1783 1396
146 1264
683 1947
335 676
1421 1641
785 1179
1778 1108
1248 55
312 275
1838 778
1460 596
1333 706
1081 1901
1382 1058
1358 175
1169 1486
1155 1039
493 78
1 171
304 1153
1498 421
380 1652
1318 1656
1963 1561
384 573
1237 1985
1661 112
1647 1997
1772 571
1744 356
439 1809
1403 56
1384 83
1060 72
597 1638
360 571
731 732
733 517
1033 218
611 418
1185 503
699 1946
288 295
587 1827
1734 1764
862 241
110 1658
772 25
645 277
1134 1641
1633 879
45 1269
1002 1192
1101 652
1304 1618
988 1995
575 549
1570 1887
833 677
898 1858
381 1198
1693 889
923 189
247 709
1979 1364
1467 568
62 622
1731 1577
849 769
1951 1818
1478 992
1921 1235
1960 359
648 1064
606 935
1360 1735
184 820
1971 105
1166 261
1535 110
493 1851
1288 435
22 391
1931 1023
580 405
340 558
167 527
646 1372
1225 937
1868 901
141 668
201 497
1695 692
81 859
957 794
1567 894
1995 1318
895 1798
710 562
1653 90
383 1138
1909 1211
1588 1451
154 396
1828 122
525 583
514 1452
730 1287
1874 232
833 1552
357 1764
648 352
564 630
1025 236
105 143
1633 1883
861 1600
1993 1823
1720 196
1354 1731
146 714
1965 481
609 920
1806 1951
1293 1596
1393 1748
563 1412
1035 245
152 758
389 451
1113 1417
373 1208
270 1910
1579 496
548 892
1837 1976
661 571
170 486
1629 1590
1024 672
234 993
1639 1419
1855 212
1712 174
1200 402
1382 1006
1276 101
1172 1816
1868 1549
323 1261
519 1747
928 1744
745 1412
416 1444
434 149
1780 932
81 1096
136 279
583 45
325 845
293 1651
1874 1392
223 1698
1920 1461
1644 376
45 1386
867 488
1857 11
917 1018
889 435
1972 1952
33 1491
1449 945
628 584
1047 1580
1859 762
614 559
425 537
434 1513
1372 1387
517 1222
44 408
814 76
1245 376
1194 534
1503 1568
1212 1715
613 1790
922 245
562 172
216 1488
1092 500
1624 1826
799 62
529 590
1299 1438
75 1872
476 1801
706 1150
1792 1261
877 1499
1317 1550
1748 230
992 351
351 1588
1909 1635
1159 739
35 1423
1999 471
1268 67
1104 1252
1842 302
9 141
996 270
1494 517
679 1367
1669 1327
712 221
931 445
255 1429
1037 1205
1129 1964
730 993
1922 1451
1327 1884
1827 444
303 388
200 1128
1234 480
1289 1761
941 814
1960 1386
143 412
1056 1663
122 819
694 1269
696 126
1233 297
1286 829
1625 735
25 1874
834 148
1445 1940
1364 1572
1440 252
1149 614
137 1997
1596 1195
334 478
238 743
1324 543
314 1087
760 1180
1755 330
1665 1638
724 1542
1444 547
1211 808
1923 1338
863 1653
1450 557
1529 1981
1402 181
1973 1911
120 669
966 28
1443 1217
1189 1581
1729 964
553 87
1533 1806
818 117
1083 301
306 161
195 1704
1341 135
1108 374
792 1148
581 2
338 206
1721 537
1070 1988
1163 760
1778 621
323 1507
1928 812
37 561
614 1985
224 24
150 368
422 1525
390 291
374 869
1711 1604
1321 389
1194 925
1339 1628
888 1930
1328 487
576 348
1420 463
64 608
1480 290
1226 266
327 781
968 1232
1982 1885
543 127
594 80
129 517
1117 932
598 1022
1048 597
86 1312
1433 29
1677 258
640 1974
1647 1524
309 1152
1781 47
275 364
1384 1958
56 1784
925 250
194 868
1192 547
1072 1752
1947 501
1116 1654
1664 1745
1174 1819
412 1646
532 51
970 1024
398 1577
371 1249
1436 1561
117 781
352 1367
1152 64
412 241
1710 1218
640 404
1541 1414
1032 950
1341 1940
1009 139
1675 924
1057 453
338 957
1170 604
1961 895
1651 1857
310 1087
418 1713
127 1953
1287 483
224 1152
1750 1911
192 666
733 851
185 1863
1909 798
897 1797
777 511
816 1363
602 1380
87 644
1692 415
751 621
1143 191
1662 1173
1957 1035
1551 340
1643 1247
1071 1310
834 363
262 1280
1830 309
1526 1680
1943 526
880 501
1982 112
1717 1745
1788 423
612 1972
1477 1416
250 1012
1534 1071
1400 117
1843 1851
667 38
1923 1713
417 1349
1868 478
1405 251
413 1166
60 1147
1432 1354
1418 805
1577 372
505 370
16 35
1072 742
1729 81
590 1485
417 74
1722 1418
1406 915
1116 113
288 1123
412 889
1302 318
382 59
398 1340
1802 798
59 244
1401 113
670 1588
1707 663
222 723
65 1844
43 144
183 1584
1246 1413
1785 68
97 1691
104 681
196 89
1282 460
1416 1062
1851 174
654 958
1244 1962
758 1198
361 1848
711 1096
239 1775
1293 1469
1034 351
506 1270
1382 391
1419 395
264 663
896 1720
1172 193
1670 704
1628 562
646 24
166 1494
1322 1202
1635 1198
1907 149
768 182
359 1405
1974 173
648 972
1455 963
371 529
915 843
1044 106
237 72
1167 932
557 661
1719 339
864 1081
91 527
933 521
1621 1064
729 1621
1 896
1322 918
1047 1095
1771 1009
192 789
941 1048
876 1922
1156 769
747 1353
873 821
1478 940
1266 1694
1282 1755
966 1872
1819 992
1671 515
1286 551
1625 817
500 450
246 250
707 1908
135 1415
587 154
753 758
1818 1092
75 974
10 1151
202 1711
1850 853
1564 971
1306 1015
1396 391
1384 703
898 822
1444 857
434 818
1589 1805
1215 714
406 180
1646 1874
14 1125
982 891
1432 688
793 1018
1726 1857
1809 1850
592 1356
255 1980
1108 908
331 996
244 1091
1751 1258
45 174
457 2000
1449 528
651 210
1979 1920
782 1244
418 83
312 466
1637 1104
1400 49
1877 545
941 261
62 1398
508 1794
323 50
1685 1450
58 1617
1655 1388
523 109
961 1272
1724 1835
253 286
290 264
297 1596
132 197
1003 947
428 638
1850 1741
1550 1124
1601 1129
1449 1924
1059 1901
1908 1538
1924 1327
379 89
1264 1245
93 1995
275 130
1695 152
1476 322
618 598
1635 1883
106 1794
180 13
1469 519
756 1016
629 1142
1810 709
435 1661
514 896
585 1264
2 1708
684 1788
1279 769
1295 44
677 325
1196 1339
843 933
716 173
1435 1485
465 810
545 819
430 303
1394 1660
1326 948
1434 902
1354 650
1540 1487
471 1009
1566 1943
789 1885
131 1723
807 548
242 1798
1169 1815
657 59
1978 1459
606 102
562 883
316 1700
276 1219
1181 42
447 846
1076 1655
820 1536
456 275
181 1226
1103 1351
739 1744
188 186
1698 677
1205 1223
121 137
287 166
547 1753
1523 988
1306 890
1377 1562
460 1370
1001 1542
467 1550
579 1096
1670 1058
268 1873
1483 686
1303 155
1621 908
1995 1511
1095 469
35 774
92 60
1178 35
1051 851
957 1248
1127 1988
1701 1973
795 813
1768 1978
1881 1405
889 607
491 1644
1980 1655
179 1233
1373 501
902 1456
882 432
697 1376
596 1158
259 1373
1424 1433
1972 1007
1866 342
1029 1383
1871 1999
1922 1130
1340 1617
1234 44
494 69
404 437
523 1917
1049 193
733 632
55 620
1992 495
265 250
1453 1201
795 678
142 771
1583 1038
1288 613
326 1232
1052 1170
1345 1944
1908 1685
241 1761
1306 1097
1382 1236
1091 9
939 276
1236 1510
7 1340
1123 696
1392 843
187 884
1402 1633
1875 1172
466 1989
1367 1853
758 393
394 786
1602 310
1822 983
645 219
1164 1917
924 390
1279 906
585 666
624 880
451 1260
1929 47
589 1582
1380 271
160 1706
766 1182
995 1412
1271 167
266 1874
102 466
1612 33
1354 817
215 1809
312 1136
934 981
1035 1978
1789 919
83 387
959 1378
1939 352
1833 933
489 1976
309 845
1194 745
1692 120
1212 1650
1328 811
991 541
631 554
569 1209
1046 933
1858 1783
245 467
852 292
1754 1791
1154 282
368 1509
1433 337
56 1191
936 478
900 882
630 1681
613 203
467 1435
268 1988
1149 681
1716 1519
1109 1645
448 1084
1349 62
291 952
1063 1344
1141 188
1178 182
1347 1863
521 873
996 461
244 362
1367 718
1807 797
1134 815
1501 1656
103 529
1175 1735
166 488
387 1496
225 643
804 1391
52 468
912 1629
1601 1007
1910 1555
607 205
1880 1570
1239 353
1096 241
1368 1398
898 1127
1047 638
1790 1920
26 1114
277 1590
1808 350
1386 870
661 1460
1540 813
1292 733
364 1346
76 208
23 1979
740 191
1625 1155
1594 1453
1703 1312
1996 1326
221 894
534 881
403 497
1920 70
873 619
1046 1096
1763 678
308 434
607 1968
342 1150
591 1009
799 1000
859 1813
231 1990
1564 572
593 757
478 113
1660 1633
743 703
1077 171
1646 1588
1923 1147
383 1852
240 6
717 524
920 1490
286 983
159 1647
1766 1460
1162 1915
274 691
1164 1776
705 253
191 1118
1846 1342
1406 1319
1809 1297
1062 19
767 363
1652 1751
1101 631
440 1106
753 608
1129 1090
526 1976
1140 1710
1525 166
1110 1788
868 1025
1054 966
102 329
210 1411
1467 655
1986 1429
1909 1474
1358 1144
5 1464
1326 326
16 1968
1594 1081
1441 1404
1266 1087
1081 725
1547 1260
203 1139
1277 669
500 931
1878 1935
894 877
568 1171
94 1259
1230 1825
334 1818
631 1024
278 1357
1168 206
1737 1459
587 1446
326 690
660 1846
1811 1073
245 514
877 1297
1137 1912
186 1689
1748 168
499 1655
1257 371
653 1920
67 463
1411 1793
373 281
738 299
920 37
645 1240
938 1874
1494 723
641 1993
786 754
1482 1431
20 206
87 1567
1990 131
1454 529
418 1499
253 883
1447 376
589 80
538 1470
416 793
177 1340
1799 116
634 1430
657 1461
1909 735
692 466
1471 84
777 56
1478 1392
998 878
1282 1031
163 1947
643 707
788 1944
36 1157
991 243
1053 916
207 640
1480 1428
781 625
1597 1367
1244 993
1237 344
1774 1760
1774 433
107 1925
773 878
1112 750
706 259
1995 277
1137 109
565 460
1335 1272
1999 1169
1930 392
144 344
1595 590
1423 1465
528 702
1644 95
1316 1819
1639 1331
49 1323
800 1758
1537 1515
140 131
772 1692
113 1731
665 1336
596 20
783 1084
160 1968
552 82
1507 1478
697 1167
1790 903
944 748
796 581
999 78
1651 787
1852 1464
1259 90
1206 615
1960 391
821 1931
1448 187
283 1534
1982 1931
1876 394
1346 1261
1240 1432
43 404
1788 1902
1012 1977
1890 1518
1937 1302
896 284
1876 1581
312 1657
1396 55
612 614
1472 975
598 1457
1781 1640
840 105
289 997
720 463
1882 749
261 375
1649 1070
1847 57
46 971
560 1002
604 881
39 1322
1157 1169
205 154
1715 1627
1701 1492
402 418
124 46
237 777
772 532
811 198
1899 615
1355 1413
1892 740
1786 1123
861 1888
512 642
538 1285
864 240
905 30
1871 1326
1707 313
1428 430
935 1602
394 1887
1213 1148
941 857
782 231
1688 26
1372 1539
1319 4
1008 790
662 1289
1819 1092
1347 1555
1953 74
101 1437
1599 1135
1487 375
987 1152
675 1474
135 477
1212 1067
1731 493
884 265
1915 1644
1149 1925
1148 957
1742 1775
366 1198
1742 406
294 879
1825 225
852 845
100 554
1080 40
838 360
1889 1274
1202 1970
1377 1998
625 1953
1550 845
1839 1322
1363 1167
1829 1722
1497 129
1907 1482
1759 1621
1727 351
420 32
1370 1300
1432 151
779 1247
1888 1453
1136 1666
92 360
1825 1498
311 142
1217 179
1833 1112
1134 1236
179 552
1927 771
1447 1397
684 571
1462 148
1631 145
1336 1486
236 606
570 1802
1327 1476
741 567
976 1069
1566 503
1612 706
2000 1072
1227 1700
1499 1947
1986 1279
1851 116
1568 1283
1416 1040
76 745
936 602
302 1183
562 1932
1028 1925
1300 1762
1397 1698
933 1843
1512 520
1385 286
1515 1494
275 407
1027 507
972 642
940 1652
1200 997
998 404
1916 1018
1022 508
1501 1815
1430 1607
1072 1939
1515 685
909 1144
952 1649
1072 62
756 575
1090 1835
1053 1799
1262 1944
27 1895
161 425
1461 1968
1927 1931
550 1457
684 1987
1809 1000
375 16
1627 1830
596 682
1133 381
766 1362
1227 1324
1859 15
298 292
563 464
1259 1119
602 374
1997 165
1361 1503
1321 1456
182 1234
722 1171
1162 1012
1035 1614
687 819
1738 1027
196 894
1139 1822
987 1053
50 1600
1125 1311
1286 605
246 176
1615 372
195 1234
1117 1143
880 90
954 1841
324 626
1159 1734
1187 819
121 74
244 1546
787 615
1285 1708
951 1719
514 1135
1956 1623
692 552
985 1570
35 359
760 1156
1553 1447
634 1108
1810 396
974 1740
913 734
1411 107
293 1496
274 784
747 991
652 125
299 1519
712 720
13 1717
105 1452
1002 1698
1706 1510
387 1196
467 822
1748 1473
1555 1553
1096 1514
859 1608
1947 331
1264 180
995 2000
524 150
1315 229
999 372
1079 1552
66 50
1439 76
1208 898
468 1907
929 1767
104 1554
1510 211
523 39
1300 373
1441 71
1732 71
1551 1276
1470 1425
1112 1352
1777 1977
988 1585
806 549
1749 1075
1564 1026
928 435
1654 1264
268 1432
623 124
56 238
1303 832
630 680
738 1058
1810 1044
268 771
626 1367
290 615
1395 892
1893 197
1104 1663
1803 165
703 133
1014 1358
85 222
786 851
2 1762
1122 1039
1090 261
539 521
981 972
1182 205
1496 596
338 1142
34 1203
1674 88
419 1431
716 103
1569 465
222 1564
564 1735
38 1562
1467 1942
1785 1175
222 123
244 492
1181 1948
1241 945
501 160
1591 1617
967 1691
304 331
397 37
436 1597
627 802
1808 1301
1890 56
689 1467
1226 1378
1503 422
809 78
1826 1897
908 774
486 798
149 678
760 395
362 1858
3 1860
624 959
556 1508
467 63
1781 1018
972 1056
845 1326
1342 1857
646 1109
136 1059
1040 1920
24 1718
960 1623
1257 1735
459 1328
724 780
528 31
434 1282
92 118
1030 1150
168 414
1399 1973
1235 1996
636 1915
105 1561
1999 839
1032 1646
1728 1755
1037 1591
260 1833
133 549
804 1710
345 647
205 1923
1061 638
1301 207
254 928
291 1718
701 1407
1623 1256
102 1408
1296 321
1206 196
1763 905
1946 263
528 908
867 1508
376 1481
1512 1716
1039 1208
1390 912
108 896
435 1380
555 323
873 804
1265 538
1281 477
1315 1525
1604 1825
845 438
1862 1513
717 1528
1193 1366
1137 1300
1232 252
660 893
438 763
1882 330
1900 1015
300 1916
798 647
1886 1424
1180 156
611 342
1130 1866
1570 63
830 52
276 1502
952 162
1509 1329
546 1402
714 1273
767 1576
1853 573
1237 627
1966 772
236 1996
977 1054
617 1872
423 676
942 684
949 1168
813 1054
1361 612
95 380
545 1315
1278 1807
501 53
1831 891
323 1121
754 1170
1946 1215
1521 442
1623 501
1218 385
800 245
258 83
1325 1251
500 226
1742 1356
880 832
1915 86
1844 1992
1920 1000
688 1351
142 1116
1426 461
144 485
363 1838
1564 235
1412 1672
1735 1638
1018 1385
1038 710
151 15
1407 45
1942 296
275 1002
1721 273
872 1006
335 1570
1063 1466
452 178
364 1894
1881 571
1330 275
1406 254
675 850
1906 1246
1620 1936
632 1513
1860 903
1182 687
617 975
375 971
896 200
1639 906
1214 1820
1504 1210
278 1128
1582 1062
1020 371
1017 177
342 355
224 526
392 1548
1024 295
1001 330
265 770
90 107
1838 1472
1978 92
897 391
973 148
1307 1244
1630 1190
235 1515
1745 892
1692 797
1413 300
1106 302
1517 19
1717 510
541 97
1041 1433
414 601
347 534
674 949
1836 371
932 1133
1949 140
630 434
21 842
1133 857
837 1064
1896 1913
1324 1794
1197 1036
420 1020
1062 1021
41 1685
9 643
1791 1424
754 781
159 1425
140 1759
1602 323
1406 516
1148 1613
1588 274
684 1308
1648 525
48 1298
193 351
1101 685
1175 938
1009 669
1932 1344
256 703
1848 46
777 190
1093 1017
1336 770
1283 285
2000 281
861 825
1820 44
886 404
807 223
139 395
766 622
602 983
934 574
849 866
1492 1020
740 889
643 1944
1554 1782
1325 1880
1379 1727
101 582
108 1382
417 527
68 1741
1731 1042
135 253
1138 1418
213 1337
1135 1078
257 23
1827 1492
831 517
1098 216
1444 428
1875 1920
678 1575
1197 148
1363 212
208 434
1734 69
1312 790
1810 1645
1683 1289
1886 256
641 58
1284 1348
1051 627
281 443
615 400
1595 382
1501 1667
161 221
518 243
1380 1404
1274 731
193 1580
968 1774
1387 1608
635 1455
1521 606
292 1200
1947 682
903 1424
243 502
683 1653
1556 832
1114 1331
1419 626
1707 1542
1248 865
344 1497
1474 511
619 1708
676 1133
270 250
272 1039
1416 572
1199 1299
51 269
302 715
72 14
1524 1176
184 230
1346 1876
338 39
421 1587
566 289
1498 11
1281 1575
587 1562
905 1015
1691 1148
1365 1804
333 908
1078 1890
1223 399
1426 943
612 843
1444 1060
1585 1406
990 1014
1896 9
1801 1602
1218 13
254 1794
1107 455
838 1879
1314 1754
964 897
1907 1675
1123 408
1632 577
332 1627
1538 991
1847 1099
106 524
1171 1006
876 24
1747 1187
793 628
313 898
1497 1511
1404 1606
640 789
1032 55
129 544
1608 970
1555 197
1594 677
490 385
1087 1204
1608 1125
243 1739
367 1809
335 27
1903 1078
1481 257
1273 167
941 135
581 160
816 1748
1497 670
1020 1986
177 1806
1819 22
1125 803
885 346
276 1974
1904 222
125 403
322 1204
820 1195
1844 1190
1470 805
283 1535
1158 1409
1785 115
1383 99
649 1954
1382 188
646 1450
1832 1653
1038 984
379 455
1264 603
1981 536
1324 253
1888 947
314 358
1109 1357
49 1775
925 1862
988 972
505 1265
1817 900
1999 436
1411 951
1157 1095
1529 1254
1402 1116
629 744
703 849
1918 60
1330 573
876 1291
267 1013
814 655
1602 805
1122 955
772 606
782 650
1380 1511
850 662
1809 681
444 1227
943 1541
804 1103
430 1042
398 280
1304 15
1484 998
1025 1575
1765 1139
432 658
577 1996
117 1449
676 1808
1561 1882
1319 126
1086 1887
1797 1969
687 752
883 104
1710 740
839 838
901 1842
1915 1702
1438 1003
359 688
493 1406
827 1378
24 1289
1313 259
47 119
986 1281
414 1838
506 215
231 1702
914 206
1306 764
402 506
413 1818
1545 57
399 1499
519 782
1882 1550
353 217
406 77
724 440
46 164
1849 403
1893 1166
73 1598
387 368
1973 1586
804 455
110 842
133 1265
829 1908
451 466
513 1651
1770 923
1163 537
243 1876
280 714
1096 708
139 177
70 1767
1598 483
785 1182
1202 1764
363 950
1902 853
1706 1600
1155 986
145 881
978 1708
1775 1890
214 561
1625 1951
28 595
549 898
758 1074
421 1109
188 672
227 1434
100 1940
68 926
838 1710
287 700
20 541
1585 371
492 1134
301 1380
1186 286
1495 1800
827 1818
1744 796
568 1625
877 561
360 1672
1582 416
1695 899
913 1823
60 1241
1204 942
1077 1639
1153 120
37 1368
678 573
1342 532
1090 1249
67 1608
763 1703
1687 620
1122 1230
1196 201
398 1544
539 758
663 1028
1454 753
1954 1737
1631 979
4 760
1362 1348
128 1671
98 1933
538 1374
905 113
211 1750
58 1691
553 855
309 181
614 1128
1951 617
102 1884
563 410
1540 1200
1245 1366
662 1490
897 1894
1328 1550
62 274
1902 104
567 1491
486 1202
145 102
1088 1786
1505 1146
1805 697
389 595
1485 554
1578 1569
493 1267
3 1669
1477 1641
1774 145
1192 1150
1617 682
17 189
347 1362
966 1401
60 1126
630 19
1758 52
1956 1561
1098 737
724 1704
692 626
1022 729
413 1135
792 219
1005 285
219 1440
925 1448
671 708
438 1190
1914 1826
1030 1849
168 349
703 1271
1175 1851
1955 592
617 1190
158 1388
1696 276
956 285
1936 259
670 1559
836 827
1816 1241
1479 595
345 960
893 1410
1470 1773
236 907
1322 1690
1287 1352
762 458
1760 566
1591 1310
824 786
1764 882
367 448
1679 1247
298 601
171 733
814 641
1531 1521
747 430
217 1455
1316 208
309 327
1819 1788
1088 354
1965 703
1392 1704
163 926
1085 1675
1850 1815
1770 917
82 722
1539 378
1445 1495
91 914
1660 1925
1857 1347
522 170
1218 1439
1755 1708
1225 489
107 1430
384 1451
1306 1886
1875 291
1995 644
1437 772
1702 1296
346 897
1970 1392
491 1192
163 1476
1130 1933
85 292
1464 269
1051 1855
550 1754
938 92
1256 217
1369 400
1376 1524
52 962
949 380
695 872
479 102
225 1554
538 1061
1166 746
836 1046
817 986
967 104
1783 658
1242 1940
468 1345
312 734
222 417
525 1493
1278 1102
1439 1294
1498 58
927 1082
127 364
41 1995
1895 1457
1932 1213
687 910
1001 1395
1441 1790
507 570
741 1769
1897 533
1145 1368
1187 1899
87 1347
1371 746
417 947
105 1991
1749 497
149 620
315 1884
288 168
711 1818
144 36
241 1120
958 1117
1642 1266
1695 1932
247 1298
1352 1672
1596 507
104 406
1462 1505
1727 1599
1861 1545
60 1919
1483 1407
1759 1006
336 1948
1305 1671
558 1665
580 1104
652 42
1542 1519
278 354
1927 547
192 1940
1908 1956
737 182
260 1875
1745 1279
405 150
1740 1452
1555 1636
190 1992
483 1118
91 369
38 1368
98 1071
1645 1513
1435 1570
981 1368
1315 88
893 956
766 186
457 712
994 1313
102 1534
62 1297
466 1928
1336 1791
871 634
1851 88
1869 1327
1237 1798
1023 783
1159 121
461 1574
1288 968
518 565
1244 359
714 1494
1578 1411
838 1424
1103 428
1375 1099
1476 1764
333 728
1822 1550
137 53
1617 1812
840 938
125 598
623 203
936 376
625 1462
946 660
1769 1742
92 1328
388 1765
1254 1642
1222 800
1235 1104
110 1748
414 1830
1256 90
59 1046
673 1986
193 24
1906 12
1101 878
285 1125
723 664
1056 446
123 712
1209 309
432 1075
861 634
628 795
990 117
727 1105
342 1457
782 914
1116 1254
860 1218
615 418
224 464
496 341
1921 1149
1902 258
689 1518
464 631
177 1746
878 938
1510 1451
1464 1875
1650 378
654 507
1005 1201
1408 1259
1191 1109
326 939
1073 638
831 858
1112 228
899 224
1776 59
1153 1226
1997 434
554 1085
1665 899
1575 1152
597 1493
35 1760
922 771
1616 1763
1522 530
830 1809
703 1517
811 1499
281 372
585 390
1323 1680
1267 1522
564 788
1260 537
783 1578
430 710
1410 320
486 834
95 1214
1827 145
669 1787
482 807
1580 463
523 1031
1294 845
969 1470
620 1438
694 957
1711 1924
224 1772
1201 303
25 522
1277 28
235 1317
696 849
55 1238
327 333
1074 1114
1325 902
1893 1158
1491 1506
1343 1613
1878 213
1560 321
216 502
241 101
1931 490
1825 1891
1539 1997
1977 152
896 1389
144 642
390 617
667 1790
1363 1805
1352 1318
1628 775
495 1515
648 129
1646 231
1388 691
732 541
274 287
382 1476
1951 1793
1129 601
1182 493
617 1677
1196 1421
1214 962
702 1846
385 1389
1297 790
1479 42
584 1233
1631 1790
494 988
698 582
147 1972
1852 1591
1089 1777
1674 1647
1946 1224
1326 474
574 1631
1855 1546
790 158
362 169
145 709
719 247
1074 290
1325 1806
420 1585
500 63
1454 369
696 1124
1560 761
94 1375
769 1724
1502 1982
1823 628
315 98
188 1004
1477 1992
621 284
126 1868
1815 877
1073 747
1419 963
79 362
799 1841
743 1971
49 131
1767 1980
1589 1144
1485 1974
1168 1571
1160 1088
1411 756
532 1515
702 668
560 224
1159 309
1464 822
1083 28
2 1297
1916 638
1929 960
1235 329
663 944
352 1978
617 98
1682 760
158 168
1373 683
1910 1650
1746 1779
1327 1074
280 310
1511 541
266 329
621 555
432 593
1156 842
842 900
1753 1170
1202 1208
542 93
1884 200
708 877
1651 239
620 1041
203 879
115 1643
536 916
941 1951
530 396
1996 1357
1524 1186
1657 1587
1132 1625
149 1790
1915 1895
1166 513
209 547
88 1631
1890 1903
234 1014
534 1471
1272 1194
421 158
1989 1929
633 1520
1073 1651
914 17
241 1599
1306 1343
1896 51
519 1770
928 1737
134 652
7 1430
713 1433
565 344
383 221
1469 818
1141 1045
353 282
871 168
1072 1417
1585 1571
1157 245
237 1672
1108 1841
563 1306
85 1496
945 1615
1996 1685
1852 1512
1689 804
1129 1059
1413 1183
1556 971
598 1258
102 360
90 584
602 864
937 1513
1234 625
170 1735
1162 1486
422 1367
1114 1817
228 1026
897 831
1413 735
853 1206
1611 130
177 97
880 544
1666 257
297 1124
1823 505
478 1300
718 1951
82 30
1000 1573
1350 197
174 438
1117 198
340 922
107 625
1661 905
860 1917
605 1655
365 1566
441 182
918 817
480 668
1883 1120
54 125
1422 668
180 725
431 1059
1729 1774
883 14
1715 1583
313 1728
1072 1662
1376 157
200 410
1821 923
371 1471
1436 1727
1754 1454
1606 327
1406 1653
778 1901
1043 1243
1032 788
273 1379
1751 335
1271 1153
1732 1685
1700 671
639 1323
755 1746
381 551
1347 42
317 1492
1135 589
1118 1183
1674 385
770 1199
878 1844
1056 1640
1789 474
129 224
1169 1743
1902 1835
1282 1510
290 968
1201 1278
406 1440
82 1190
1636 450
1712 306
1862 772
312 288
1078 1847
688 842
245 1691
234 1488
1135 414
605 767
1264 1693
1292 1542
328 1097
238 716
1382 1433
7 1035
1575 54
1220 333
551 1614
865 451
226 159
1937 381
445 383
952 525
1768 775
1148 1325
975 1843
1037 788
663 1997
1722 1132
1537 1524
1514 1279
550 669
398 734
1094 862
1025 869
1190 204
935 886
254 1671
1993 640
1421 151
1831 1484
1488 1480
1711 10
546 472
1808 795
44 292
1884 1582
263 1994
376 172
1865 1714
44 1589
1752 968
312 1523
1473 1785
1277 563
500 789
802 779
569 1004
1106 1853
518 1554
239 168
1051 1203
1318 1836
1583 1708
1862 140
1000 1936
248 1877
656 332
859 887
642 787
1995 1290
1306 314
785 942
1776 1756
1320 1374
819 1209
88 1965
360 1714
1112 1952
1734 869
579 435
1116 4
1584 894
1734 1472
830 1718
869 404
1648 1653
1994 577
1962 1719
1687 550
1987 280
663 1246
578 294
1366 1947
412 234
843 662
635 808
63 259
1518 93
109 65
1525 847
1566 239
1057 1881
1790 1749
556 640
1990 1215
814 1080
1831 249
1100 325
1139 281
662 1320
1194 1594
1146 519
1001 1100
892 415
486 1256
627 1158
1692 432
1858 936
189 1919
403 548
1770 1644
421 1811
961 18
728 259
417 1148
693 1739
1123 700
1124 161
336 1132
1679 658
142 1758
1172 1567
1709 1262
1352 1991
653 990
1857 1238
1724 1640
162 923
1854 230
1748 1645
1395 1279
166 551
205 1027
1349 998
466 261
1976 880
768 1319
1747 1411
1399 1676
1881 949
324 1879
179 521
1948 1649
419 22
128 1369
663 491
1253 1479
98 587
193 1105
66 1217
75 1543
1002 501
822 648
771 858
1126 506
575 1344
955 1789
1602 1193
305 252
1227 1605
655 1268
193 1766
1471 1142
652 353
1540 469
1118 1785
1579 1401
457 1318
1358 264
1067 1069
1662 506
758 760
1187 416
1480 438
968 106
537 1927
456 1886
721 854
1844 1478
1459 1120
1265 785
361 1863
1781 377
679 1877
1571 151
1938 1166
1018 1891
625 1399
1727 1268
79 1070
1439 1569
1225 1868
649 483
286 1696
1946 1632
952 1552
72 1251
1556 1799
170 665
1171 483
1316 728
1519 435
438 1098
73 1158
1415 660
1664 160
797 221
1514 1617
1449 1994
850 1053
317 440
1961 755
1633 638
70 656
1391 858
17 377
1435 756
1873 1556
628 1756
1306 1415
143 669
1946 1924
1199 1668
1902 61
1081 797
1978 533
1703 1888
1194 4
1724 916
359 400
202 2000
1823 960
294 517
1477 1540
561 1222
529 60
859 1237
896 857
1797 977
1745 119
1836 889
939 833
1465 1077
750 1065
1084 281
847 1116
519 558
1217 1932
1901 657
1886 130
1443 1502
401 1507
1879 1231
1127 1834
408 257
1388 1642
1994 227
1544 1736
1816 915
1620 153
398 1456
1751 1245
1611 586
1954 1057
582 372
1394 806
1808 1116
1057 862
400 499
614 165
830 183
1276 1899
676 840
570 471
1764 815
1912 1530
97 1551
411 1329
929 1664
643 1454
1471 668
1180 1375
1775 1602
1772 116
94 811
366 76
650 1813
839 1288
1168 1678
1466 1683
1117 677
862 1326
24 1852
1382 267
1864 22
264 875
1557 221
1048 1839
1232 352
1306 1259
1031 138
1522 1650
1628 198
448 1655
120 1812
1137 549
971 357
1715 1422
1243 1741
46 1691
763 1927
1817 1678
663 1712
401 208
274 94
1196 1001
1291 1363
117 526
444 1470
905 1972
875 1922
843 956
557 1158
1498 691
1456 725
1954 332
1827 550
1689 1269
898 1786
696 1595
1640 57
1785 717
588 863
309 1290
701 24
1720 96
157 1082
1807 1742
1558 1172
415 358
1099 1681
664 1426
1586 953
1789 1182
152 1702
1823 1232
1314 1108
11 605
675 562
184 1143
661 1515
1237 152
1855 1504
1744 1732
1778 219
1398 1542
593 1058
1186 781
245 351
1077 752
1762 1976
1678 1587
194 1394
46 275
1335 285
1616 1565
1888 1874
1374 317
1726 1848
717 1638
978 1830
525 671
1664 723
1247 1194
1906 1354
306 727
73 288
1175 293
877 449
1094 784
437 1492
190 1981
303 1158
917 1962
1087 642
847 1989
704 637
524 296
796 1029
1283 1401
2000 1285
824 626
1525 1334
1008 1187
962 384
1296 416
441 1253
987 127
1067 1811
150 1045
1510 361
355 761
853 1626
1438 1678
1713 1758
788 235
366 475
1053 673
866 1059
119 225
979 1280
1244 268
566 288
308 80
739 940
1737 405
1426 676
1269 1995
1857 712
56 24
353 80
1031 895
79 1284
918 1116
632 715
997 1027
1183 576
946 577
985 413
1063 174
186 1398
74 644
491 1992
1381 327
99 43
1351 1639
1229 1575
1342 1822
432 1989
1302 1185
703 1728
1606 915
652 642
1973 436
39 1277
502 87
1853 606
1689 997
1504 1465
1587 1986
1094 546
317 194
1521 1658
1082 1670
1156 129
755 1214
1799 1705
476 421
386 989
367 1048
1054 608
379 1746
1140 783
1831 792
948 587
1536 1354
1471 1689
1312 262
1024 1438
431 852
1293 1621
1978 1268
698 602
1321 96
740 1032
1826 1055
4 1586
209 1268
1703 435
878 1220
114 1067
1774 1660
1832 259
693 783
234 36
453 326
649 1193
1495 1678
851 1827
1797 1184
1727 1823
1292 1832
1660 722
1734 41
1995 1387
413 873
378 1398
1501 138
551 647
1141 163
547 1760
474 896
357 28
855 269
739 1399
829 1406
1631 593
1043 1048
935 266
204 272
847 1614
116 964
483 475
1972 923
1813 153
469 1684
797 1541
1839 979
1361 170
95 590
620 864
828 809
1721 1216
1386 783
1946 493
606 1138
1238 387
816 752
1351 928
1632 218
1517 440
1417 1773
177 810
1125 1863
1360 509
184 122
534 878
1699 1544
297 1853
1717 479
390 1405
1039 711
82 873
156 224
1798 1868
954 1273
1749 1006
1984 1398
1071 726
114 342
227 13
1352 736
787 175
1377 1171
1303 178
630 413
1112 1420
1349 1245
1646 1565
1280 508
1614 363
863 1885
148 1046
256 852
166 235
353 464
1660 671
1601 401
1812 1110
899 839
1609 1478
1754 25
1595 1047
677 70
970 208
695 1181
1454 1670
1918 1347
1511 1375
1659 1737
1087 1824
1006 1885
1114 1690
542 1155
1520 413
879 874
457 221
1379 338
1877 63
530 1493
102 44
390 763
1757 1561
775 393
530 1738
809 385
1113 339
322 1024
1731 1523
1661 1466
29 635
926 763
154 957
1850 1243
107 683
1034 752
900 782
169 1820
1490 1562
137 522
579 1865
851 1964
162 463
471 187
1744 1372
42 905
1665 675
1423 855
1095 730
1815 1617
992 1581
1481 365
364 1080
1148 980
486 261
1807 905
1464 907
1482 1666
311 1188
1606 381
1454 1022
85 990
603 454
1087 952
6 1645
464 1804
1958 1033
1746 3
842 1009
1361 39
1935 1392
1146 1187
1114 1132
927 696
1534 45
1086 1779
1554 865
325 918
1279 1733
214 1974
1925 710
1180 387
334 1211
795 935
961 467
109 1185
580 1635
1691 1117
1975 1521
1516 506
732 1417
144 930
395 1110
93 1601
1437 270
1649 1808
525 587
1280 631
443 1894
1026 1127
1298 1920
219 1211
261 1158
332 1658
1656 1548
597 962
1261 475
1780 1149
583 243
251 1546
1941 1791
41 216
1828 939
463 145
984 424
433 358
1355 235
783 578
487 1075
1821 1726
1913 1733
331 515
225 4
1163 1248
778 1102
1207 559
1449 1011
1947 1948
741 873
545 1238
1278 1600
1579 885
1393 542
1361 1812
1252 629
314 437
728 1988
145 997
258 284
848 1060
1441 781
1173 702
1158 1899
537 1856
221 1783
827 126
402 760
1992 388
1623 926
100 1792
1117 17
566 1817
213 1135
1425 1029
1302 1122
591 382
439 1021
630 1424
1898 44
942 1320
1317 1728
1285 694
473 1795
1077 1588
654 1253
604 874
434 1400
1005 451
399 128
1671 1805
1588 1276
744 1553
1062 1263
1323 1837
571 1728
811 209
1627 763
1253 1680
444 1258
963 938
1083 1433
672 1563
1479 1490
1394 378
1966 1356
1009 216
861 1815
619 1452
151 513
741 225
1758 1042
356 321
977 162
1227 1418
844 1820
1068 1934
789 603
902 970
803 1087
1100 319
1291 428
268 1498
182 1404
496 211
1162 854
1576 722
249 509
1113 1360
1195 713
1579 171
1980 1984
493 762
1805 805
885 1544
1168 1242
1466 1095
372 1801
1855 1951
1502 1485
347 861
1200 1739
1722 129
264 311
1984 551
1430 1193
1550 890
840 1455
1458 434
1956 1717
1204 178
351 1383
370 1997
1137 634
698 1482
1496 31
1221 1822
910 1631
1948 1547
571 469
112 478
1038 1086
1658 1068
709 431
640 1706
123 143
790 1756
1050 365
575 1290
1308 1573
1284 1213
1511 238
1845 762
1010 96
342 1979
312 1786
662 238
1629 1710
722 1981
1199 317
1471 1080
1167 1095
1531 1285
516 871
1779 65
312 46
1798 702
1360 982
1604 633
912 1159
1788 1242
1039 814
1779 555
417 1887
529 645
86 1378
972 667
1269 731
1218 1131
997 56
471 321
863 963
1303 678
1218 718
1058 1587
111 1603
1668 574
354 338
717 58
39 18
1688 202
1418 111
9 203
212 966
251 936
977 870
1867 1317
1083 1298
451 1611
716 453
1507 466
697 1915
538 1201
1405 495
1834 1737
1061 1059
729 1546
824 30
1359 1270
1006 266
810 17
1035 357
1651 408
30 924
660 732
1840 761
1347 1703
171 1458
1662 568
482 17
1138 247
1118 538
1558 855
654 1893
454 203
95 985
1452 646
1145 1260
1622 1646
101 910
1773 1567
1332 476
1166 1293
656 1401
391 37
456 571
1984 1239
1092 1024
725 181
1516 224
1027 1783
1299 1914
1232 428
533 1086
884 586
1970 509
245 16
1974 801
208 1898
685 504
1969 1127
1704 672
1094 1963
926 1448
106 1246
1304 936
1842 786
1148 1037
463 367
1021 401
285 1191
440 988
1717 242
562 596
483 1266
1518 154
1961 1841
1871 338
790 1643
1746 1397
607 757
903 1992
1859 942
153 426
651 359
1570 1950
1760 469
1612 590
1248 313
58 105
1662 744
1951 315
1863 607
62 1157
655 740
1456 1427
1782 853
606 1478
242 845
152 29
880 383
11 226
1851 236
50 1348
1618 817
609 1161
1085 1708
1551 1255
642 1256
806 562
1396 310
846 927
1952 301
1811 1979
1516 979
840 1896
1656 98
718 1461
554 1722
565 437
1370 312
1211 1780
1587 1072
71 1421
1223 286
353 1668
1694 1611
173 913
943 1757
583 714
1761 1578
622 20
433 1040
1429 1010
73 1145
1620 1499
421 1854
80 331
744 994
484 1098
303 1599
271 321
836 1141
651 1519
1241 1475
1979 701
1050 975
273 101
704 1679
976 1700
1750 1612
266 1510
863 159
1510 1823
58 772
369 589
258 1646
1905 1902
157 1136
122 399
530 1942
415 680
675 1219
189 1631
1145 1401
1009 705
452 565
707 1842
1755 321
1173 1253
1244 1147
788 837
149 719
1952 124
1237 238
884 1402
1319 1740
1975 848
891 558
1027 1888
1564 9
241 1025
93 32
593 1240
891 1099
600 140
625 719
1522 1367
49 1831
120 1009
1918 1481
895 1552
1381 693
99 1181
832 862
1828 372
1708 994
274 1283
382 480
1129 1589
905 1175
1260 645
183 761
1693 870
33 345
342 1741
1174 172
127 1413
1049 1753
1615 959
1146 1631
1739 1178
83 1571
355 1286
1100 848
1782 544
55 729
1471 715
258 893
581 1349
1019 664
1448 1408
1005 421
1503 698
516 1456
1212 565
447 1588
248 1472
626 173
921 1477
206 633
746 1958
1832 1205
801 47
1444 1815
1269 1034
990 549
1642 448
1709 1594
752 1770
1995 688
1741 396
14 223
383 1988
472 1941
1839 1045
1402 1564
1842 1809
1541 413
1321 1739
1076 802
1729 637
532 399
1821 389
99 1934
208 1946
652 756
357 1098
1376 1070
1795 1066
1857 88
1 1266
974 1167
699 479
1154 938
1500 903
1283 699
273 210
570 1304
683 523
425 815
916 1447
1375 1650
392 1551
784 881
468 250
362 261
839 789
535 1808
1964 1856
221 478
403 1169
1325 1274
246 1971
89 628
456 337
308 786
827 802
679 829
807 1477
24 1225
1000 1326
68 454
86 1947
1288 1707
1287 1033
1038 751
851 1901
1954 1907
586 790
1084 121
365 1301
667 1367
1384 1219
978 108
7 506
1850 1016
618 135
1791 1742
1063 1421
1459 1090
399 636
1487 29
27 1353
1464 842
1959 1411
2 1405
1304 1351
1436 1456
56 1852
569 1248
1239 1801
1376 1841
875 538
173 192
269 710
321 821
1413 1077
981 1422
1778 1100
1248 975
127 1294
1181 533
404 363
1315 1567
743 57
1088 599
574 742
637 534
331 793
998 518
527 1984
18 292
188 998
1378 1184
1092 1014
739 1382
1477 700
1818 536
347 513
1034 11
1666 1288
137 195
1755 1939
1045 649
750 129
241 1699
1801 1573
318 982
1015 231
289 1813
1202 1790
1759 1992
1384 1253
791 694
546 557
585 1087
898 181
1567 554
1436 56
557 961
1740 462
1814 845
1715 1288
1821 1663
1447 920
1979 486
426 1208
151 53
1954 556
944 1049
1933 123
1391 719
458 1769
418 1168
1679 386
1580 1177
1393 991
1086 266
194 1387
1273 257
1951 1794
1259 818
196 736
252 1829
1416 1421
1339 1358
18 1179
1346 638
82 1575
802 512
569 1275
1106 1586
181 1937
1092 1761
1774 1745
1018 590
700 1738
347 1810
1228 1120
813 1893
69 313
773 1230
21 1961
1186 1005
467 1369
1935 1512
1940 1058
1264 697
360 1979
805 765
1621 723
1112 1705
187 1850
521 1038
1995 1246
1347 623
1515 776
106 294
1411 725
1136 441
1429 1668
1987 1958
1120 1822
1976 1153
1134 745
1779 1288
1069 2
91 1755
1457 1596
977 42
1397 1554
525 1252
172 844
391 754
809 1049
677 953
584 1864
165 1685
1548 240
995 1626
847 1765
981 531
1421 1302
160 1019
1156 809
215 863
1174 438
1891 928
1764 1458
1176 1979
614 1375
1460 679
969 1220
1409 359
609 1085
1946 1542
432 179
1199 1402
416 1576
853 1432
122 948
694 1398
1300 255
1943 1775
1339 595
493 955
1159 324
848 214
1590 232
1258 513
559 1380
852 1490
1525 1427
1797 1404
15 250
329 583
1928 1529
3 1462
296 1740
250 963
1647 94
1331 1380
213 61
1556 901
1250 1388
1642 570
667 296
49 977
298 708
1153 693
1483 138
1430 1015
111 1143
1824 846
1734 1857
920 1296
935 350
194 1889
1730 790
452 569
984 1943
71 337
200 1158
832 183
1242 462
1835 1963
829 214
317 930
232 978
1133 872
31 884
70 154
476 197
966 963
704 96
1528 455
1442 1298
178 379
1079 1527
517 1230
1553 970
606 1386
1199 242
23 865
1872 518
627 1545
719 89
205 51
1028 1901
1745 1269
1431 844
595 1317
1630 1401
1353 1836
688 1606
952 311
24 442
619 1943
118 1394
128 330
492 887
1324 790
346 1657
1882 856
637 1895
1914 1385
129 882
1879 1589
477 1794
1164 830
528 1396
1203 1312
1701 1633
1406 505
1683 1029
534 1384
1055 420
1406 1940
1913 1023
472 537
345 269
882 28
1548 363
1417 767
1085 241
1917 68
1352 100
391 1224
1424 1185
658 1677
1548 1678
404 1537
277 1533
644 849
1217 1297
803 1129
1540 1110
994 644
846 605
689 1830
1139 1990
1560 1755
493 816
1074 1895
1346 1984
529 1998
460 550
1200 1541
1489 1900
1722 248
1261 120
1038 1657
1262 839
506 188
379 1702
368 1985
775 434
478 190
1542 1959
528 936
579 721
232 1565
1710 788
1153 1282
572 382
1411 1750
1646 920
378 869
854 46
226 1733
1291 1881
1037 821
484 1821
603 1429
1948 1757
1267 954
695 1469
204 1400
1163 1111
942 58
552 16
941 1966
1082 896
151 1689
1354 1866
19 1358
1234 711
994 1548
1433 1317
1863 796
1333 817
1125 703
1093 1893
1180 592
1060 442
1092 610
54 1648
1212 865
1982 1861
626 1490
1343 1973
264 1273
1869 641
1850 1339
1320 706
1857 1517
1628 1652
1004 1854
1022 435
402 766
1843 1163
331 1861
1215 1372
1130 72
1476 92
1974 247
1222 1640
1335 1803
1584 797
1657 1593
1381 217
1526 1938
445 941
779 1941
1533 910
1604 80
1803 1894
1129 1
578 265
1841 1991
1769 1734
1687 1256
278 1244
1765 436
1802 142
1359 679
243 759
469 124
1156 519
1248 608
935 1536
259 727
496 1949
385 856
1315 1214
1034 1676
450 854
1561 1998
681 1980
1485 478
1720 873
1865 1344
1872 100
654 1715
682 428
276 1341
1618 1247
841 1541
269 20
388 502
1206 1270
1385 1088
776 184
1530 411
854 1981
372 1365
1761 1678
176 1076
970 1774
1034 1231
1285 1913
1677 551
1864 1074
1672 611
360 1412
510 1946
240 874
406 49
745 707
1918 1032
344 458
1411 60
1429 1195
59 1635
1432 633
1221 1993
124 895
140 1012
910 1776
219 1946
1846 819
1492 310
317 716
84 681
1816 1218
875 878
123 1157
187 916
552 411
1548 649
1006 1224
1732 1130
1677 542
672 1088
1301 503
771 1300
1488 1314
1414 574
1909 1694
26 1477
1089 947
1327 1110
62 1267
821 1618
1819 279
1397 271
461 99
1971 464
1420 378
1028 1115
322 1463
769 1916
1198 323
442 1840
1737 1895
693 313
1262 1866
453 848
225 1687
1571 180
1737 156
907 375
590 1050
144 1461
1465 321
1487 1288
1769 243
499 1291
1023 1527
176 1894
28 1759
1575 629
307 912
159 659
1621 1943
175 1718
1072 508
793 1773
380 767
943 1575
1203 1078
53 634
1803 1555
899 709
1256 248
260 393
1574 1670
1521 212
1304 270
1233 1636
1623 171
963 1319
1096 1744
1594 179
1834 1890
12 1173
437 1172
1365 151
146 163
842 1348
1626 192
1715 215
1760 1330
1167 10
284 1686
729 58
782 44
715 123
1782 1259
973 703
1093 866
284 1688
157 1158
1245 935
341 309
235 990
18 888
1106 1805
1657 1139
682 275
901 1587
1823 1356
961 840
987 1105
262 1143
135 1535
1120 1215
269 905
479 1212
1553 1733
1592 29
293 1600
1313 1548
1534 1218
700 1910
1963 470
1433 1607
1981 1921
1509 1236
354 1462
979 398
851 1578
1741 725
964 1291
837 1539
678 1545
1432 1245
519 527
1356 1240
1616 385
1729 166
779 307
85 1048
744 1060
1279 28
1921 270
1892 1701
695 1675
1848 1475
822 486
1772 1654
8 868
1753 458
1202 320
1739 683
1813 416
1852 394
146 910
1898 344
97 1576
814 757
30 36
323 58
1091 1573
1579 1235
1485 832
1920 508
915 1394
1681 1875
1452 1723
1187 202
915 783
1106 6
650 1844
1680 313
1438 473
1220 7
100 1771
1048 435
1523 211
1656 1820
1011 999
467 773
1670 823
125 589
1723 1461
519 1943
1532 1422
600 1449
1423 333
289 1750
413 1768
1102 260
1584 3
823 1341
170 933
521 247
477 1249
597 324
800 938
1962 384
110 1853
550 1582
244 1399
956 1393
1533 1341
136 152
910 82
1196 1331
1210 1367
868 504
1260 1962
84 335
123 291
1410 1521
284 1486
2000 497
1675 1319
1174 1122
1361 553
1181 1886
923 114
1302 1974
508 898
736 741
1146 566
1453 702
150 1825
1365 18
196 551
1690 518
1524 1781
1932 684
461 1413
1198 1350
728 1016
568 1254
1143 1510
59 1565
1698 701
1027 1943
732 951
326 832
1433 460
1960 1930
1695 1048
990 1757
706 802
1649 282
424 1805
605 1796
750 855
805 958
678 1668
101 1596
1837 829
752 1367
1464 1401
256 1840
920 471
1037 468
1224 1701
652 1974
1962 1151
1083 378
712 608
825 606
1548 610
186 32
59 786
331 1033
193 1284
625 289
582 450
1381 745
1675 431
1936 1773
575 1951
1827 248
735 1356
1278 90
469 1568
1799 774
42 1290
789 989
556 56
1273 698
1220 471
581 667
679 912
69 1463
1547 1862
1797 133
727 669
613 10
424 1058
429 1027
689 1770
1632 110
846 1616
380 163
1193 1545
1360 353
1413 1785
308 55
1276 844
629 192
1656 1959
1472 1518
1345 1936
428 1100
467 654
896 1414
877 935
1117 368
932 1080
1382 1228
600 1588
1447 268
745 1613
1847 734
1153 1014
148 1186
1268 1983
256 696
1976 312
212 297
48 826
574 1892
712 1809
571 1206
1090 474
560 1137
1934 369
652 673
585 642
910 217
1652 1620
472 453
1922 1613
398 1005
1304 1636
1601 1298
331 314
538 1828
66 1305
672 478
1675 1232
8 1666
95 434
1391 1066
782 774
19 1026
641 355
185 1518
1983 962
1733 353
443 930
1902 758
397 1665
1343 1045
1568 1914
18 1186
276 1886
1666 583
1438 1500
119 1358
177 195
1300 1865
1560 738
1742 1166
1198 872
1440 544
1313 1814
1742 869
340 760
107 287
536 1573
1709 2000
1472 241
1112 152
137 958
7 1724
985 1398
990 1997
699 32
1363 9
833 1046
978 25
1665 567
890 1469
906 1446
413 842
1923 491
1819 1693
1766 1721
1249 1862
1402 1156
666 1866
1567 1748
1369 1289
267 781
1830 832
1030 530
1129 1877
331 1154
1899 873
1973 738
230 1696
1493 1000
306 1168
1087 596
697 1781
1454 1321
1059 770
8 538
1308 1491
1827 101
462 507
854 729
96 189
1912 123
715 1513
574 1340
1863 1520
708 886
1100 560
1870 52
1654 1608
775 1844
1678 959
1081 357
987 1458
1143 483
471 123
82 840
417 1345
269 416
403 1720
693 416
1008 1869
449 2000
906 1013
1977 12
547 1407
1404 755
990 837
21 1164
637 1424
1243 343
88 979
1854 469
437 226
194 1847
67 1087
943 70
1003 347
1065 1764
161 906
1323 684
645 328
560 1516
223 1884
1528 1054
652 468
620 891
1508 133
370 1171
1719 1263
1003 1730
1177 764
310 1763
607 267
1850 1860
149 313
1972 341
342 1200
736 395
1658 1918
1107 748
309 1093
242 1064
1789 804
1439 725
1478 5
892 978
878 1189
184 913
258 360
1901 1795
1560 623
1005 946
181 1836
1816 1723
167 1353
227 1186
1149 1191
339 1142
732 157
806 956
1288 1931
347 1977
1804 499
86 1456
997 815
870 55
743 1855
1172 517
341 972
1098 1713
1190 1121
1906 1972
1411 520
660 657
1450 1070
1381 794
915 789
682 1196
147 348
80 1993
133 849
1521 177
1279 1488
670 8
1409 177
343 1556
179 1583
545 381
497 176
1398 1162
868 897
836 1931
457 1258
1174 539
1089 749
1486 1849
1287 280
5 56
64 1656
323 413
1081 1621
627 715
994 730
23 1604
1872 291
1560 1765
1582 273
1325 647
1915 1771
410 1706
1756 1709
1738 444
1103 1846
1011 1350
29 1833
819 1615
1162 1744
1787 1538
579 539
448 55
1773 1579
1356 449
1727 210
346 1434
321 334
443 1150
763 455
200 568
1435 1951
364 266
73 1651
117 78
821 9
582 1724
550 362
1728 1394
981 653
1144 1688
1999 680
1834 310
589 885
1364 852
280 701
1903 1140
1989 512
1923 214
908 1510
1485 1127
1054 1296
83 161
376 149
1681 1703
1328 457
138 281
569 987
1445 602
1286 1622
1032 946
1650 1431
725 1332
1763 1868
965 485
623 1493
681 822
1472 967
1938 1072
124 228
155 1419
1193 1279
1670 635
1031 439
383 801
918 532
1072 1552
963 129
1918 1987
1171 1956
641 241
868 222
1217 934
1369 1123
1447 1600
80 638
172 620
444 1161
1152 146
1934 920
451 1727
1468 1268
292 1913
1548 464
1217 543
1958 1191
755 1862
1089 634
369 238
1474 180
1278 1430
814 1057
782 239
1319 60
789 1041
1736 196
973 576
687 716
523 689
1478 743
270 1694
1703 1734
880 1596
991 108
562 572
1883 318
1468 1338
1205 806
108 1802
216 64
1071 909
743 819
1149 713
1684 820
896 999
144 892
1585 1077
953 1486
884 550
427 1939
370 1783
1031 1184
1324 1454
950 1517
823 1809
187 303
60 23
1418 787
1937 257
382 1064
505 320
1044 1705
712 1202
219 766
553 242
1927 1174
1254 954
1127 1672
1588 1966
260 704
1242 750
292 241
495 970
1380 848
617 592
815 1671
1336 1494
785 432
277 787
1174 1566
1126 467
704 256
502 61
1298 1042
782 1383
1455 758
1306 1340
1785 154
1054 1695
856 1494
868 1773
1586 108
23 1514
777 706
820 1532
611 1692
774 241
43 377
248 1737
301 961
59 317
769 407
1288 1185
384 947
1530 1148
1223 1971
896 1738
568 1559
840 1820
1504 355
1582 482
630 981
738 935
208 102
1100 28
1098 1451
1239 721
1324 1689
60 802
1566 1581
1955 381
159 1086
1860 422
977 839
1574 1404
463 873
1555 1284
1482 812
1544 1855
91 977
1391 522
974 1940
861 619
504 650
335 1242
967 181
109 205
570 545
683 770
1181 31
828 1385
554 149
1739 1565
1243 1816
1757 716
676 1753
496 109
1808 1170
854 1460
83 575
228 1596
1833 609
878 594
1339 1228
1673 1724
613 1267
885 1918
1618 1160
1288 57
421 260
1825 374
460 750
1995 300
1059 1194
587 1641
1580 1366
1981 1623
757 165
593 844
1183 1269
1773 1813
1907 1375
328 483
1031 1813
1727 456
939 1221
81 733
353 912
671 666
710 948
1229 1180
1941 1066
1768 518
205 564
1694 786
518 1071
186 1612
1648 1004
274 1519
244 1665
1627 1190
172 466
1133 765
582 269
52 1800
584 1734
1765 796
1638 538
497 591
1057 1205
745 867
1993 385
192 1711
216 1982
146 836
1693 1984
715 829
1951 280
1499 457
549 1090
397 1237
1093 1669
131 1389
599 808
1586 1542
788 73
579 1390
1159 202
1074 1394
1745 470
580 1963
873 167
841 1261
1763 1122
1154 1990
1251 1366
1712 1828
515 1792
1011 817
757 1885
1864 255
444 150
1352 979
655 1549
88 1196
831 1695
1695 202
1130 360
1003 1090
1522 494
46 1113
1914 988
1240 170
436 1877
1940 988
1939 1662
528 1167
1425 663
1010 1601
825 279
1821 273
1696 1498
557 824
887 81
172 1370
317 1695
1906 219
1376 1458
843 919
1802 494
1087 120
847 1043
393 492
912 524
822 1027
363 298
273 70
153 664
1800 12
948 489
1909 1030
902 1274
1042 205
1300 757
777 1916
1856 297
373 31
1943 486
497 1247
1710 1495
1124 928
1011 1193
979 175
11 946
213 567
1039 1215
365 796
1949 546
1255 287
42 1345
764 1498
1702 218
268 131
162 666
35 152
1250 253
678 1650
1432 1138
791 305
39 1068
1584 1821
1373 1795
173 122
1683 1787
1037 394
267 74
1316 371
1429 288
550 779
1728 1747
1990 185
204 1235
1106 196
1719 1731
815 1437
603 747
875 654
1839 1044
755 980
1456 465
1866 260
305 509
1688 1520
843 1539
37 910
1513 145
1333 678
1960 976
802 1518
576 1999
765 405
359 1380
1586 1725
424 967
1240 961
246 618
707 4
852 1243
396 1301
919 683
1661 404
1382 671
319 859
1463 1454
1924 1740
1004 1617
1465 33
1412 1016
492 381
1430 1377
510 1010
540 723
388 64
194 403
1137 681
1356 141
1268 1601
1453 892
246 1723
791 373
281 1057
641 1085
325 572
1210 582
1581 469
1641 378
578 188
1097 1428
1809 1226
591 86
448 99
519 744
1449 1739
557 1298
1899 1819
762 944
621 139
12 1525
38 1929
898 1702
628 857
1089 217
243 1533
886 17
1405 1087
1315 915
1594 1847
1888 1375
312 1090
1801 420
1485 1715
966 1806
722 1653
761 233
1024 1463
1517 738
1263 1282
189 1525
430 1582
190 65
1812 1095
676 1008
1604 929
188 799
1592 381
29 1309
1578 816
1262 697
1419 781
241 863
1677 956
588 1188
1186 889
1352 1649
1900 1911
289 545
1672 260
484 420
1243 761
1653 446
641 421
1 3
325 1912
521 863
371 10
1425 1265
1722 633
1247 1062
1334 1988
1417 1097
1348 187
1422 1190
308 130
1954 1312
1064 1778
1336 1143
917 1574
437 44
1216 477
1184 1495
635 695
626 1449
1546 86
1653 121
737 532
1195 681
185 1737
1492 1164
740 233
1201 361
32 312
1844 584
389 252
1650 939
1031 298
1259 426
467 613
1956 973
1889 1446
64 999
1112 1461
1967 1231
706 90
1040 1382
1423 109
1280 277
307 61
96 826
261 1336
920 1508
226 951
1306 256
1542 428
71 189
364 73
1599 1793
371 1823
1735 1261
1519 1246
1043 1915
550 437
255 433
1009 661
1606 1410
725 872
346 1469
1335 80
504 811
967 276
381 1351
1036 1659
280 1532
1806 115
647 87
30 1116
948 711
1089 1715
1008 346
1022 192
376 468
1561 861
1487 277
1028 358
1238 1214
1174 1753
1145 1580
517 250
607 1396
389 1140
1644 188
1300 1830
1138 799
1800 358
1604 788
922 1580
1092 1728
1000 1784
619 414
1744 1475
1269 488
1110 1060
773 1071
1091 1084
310 273
1038 597
623 1649
1444 468
1190 688
1155 1203
519 416
480 719
645 875
724 1292
532 1449
1450 1108
793 367
1073 191
191 1920
1595 374
803 1720
1641 724
1267 1597
1164 1485
317 1206
232 222
1331 1513
1689 110
621 1160
1734 847
1214 1715
1548 151
497 238
1096 46
1197 1551
822 1784
1778 1250
215 892
1783 779
1732 475
1146 1160
501 671
1520 1689
512 222
1139 449
1234 1707
1493 1045
664 265
846 561
115 1577
1201 742
1921 1561
228 328
1706 589
1774 1278
1300 158
1798 117
1467 387
1915 1829
1187 1520
947 779
417 1300
1336 1872
633 1458
1677 1977
1938 1787
1186 1908
10 1529
1670 194
492 107
1600 1854
1031 636
1550 532
939 556
1882 44
1331 990
7 1492
1312 1686
1211 1204
1483 171
625 135
1748 1941
1584 1694
1734 1696
1185 293
1791 1037
936 1903
1970 1587
1270 250
899 1381
401 1870
539 96
1967 1840
1595 923
1007 1343
1032 63
552 1577
352 267
1417 491
1555 205
1302 1481
1479 349
345 1270
469 760
309 222
1216 955
1608 1133
1057 1529
1054 867
1993 725
1764 588
150 156
1884 1433
157 688
816 1740
1598 1691
341 1839
754 1356
295 518
1180 572
1812 861
214 690
1985 1383
1837 766
1106 1928
534 481
1198 72
188 549
746 11
488 791
1027 288
1616 525
827 1778
347 1996
1412 1902
439 916
958 700
1419 186
907 110
506 871
1193 1189
503 1517
1709 341
932 523
971 1127
611 1484
648 1090
1040 196
1995 1128
1116 119
1026 875
1944 410
1796 1691
1623 303
168 999
671 1731
1574 784
1010 1805
438 1826
811 232
578 661
850 654
1348 401
1016 602
465 1972
748 1137
1267 227
898 824
1994 1926
197 1898
1831 1761
879 1886
1986 446
1898 1874
1845 361
266 1237
210 1811
1531 1643
609 1515
1983 479
777 411
1720 765
1978 829
200 276
1101 988
1964 504
1180 271
1950 1855
1915 1726
1438 979
559 1678
769 905
1710 1163
308 730
453 1503
914 1891
1345 1549
1495 631
711 36
43 1528
1981 1688
805 1691
1538 1578
1080 1685
118 928
1204 219
28 344
1538 1223
1815 581
1462 1815
275 1053
992 537
1914 256
960 1811
1861 1287
946 1818
618 1743
445 1697
943 166
1374 158
680 934
274 587
1037 854
463 13
984 348
285 1097
1101 1976
550 735
647 903
98 758
995 636
1194 1568
1481 1518
677 409
324 1876
1410 1019
1082 1036
1958 1896
1007 1185
1693 572
995 1049
1456 1637
1790 992
614 381
1421 217
1188 164
658 1499
1873 1012
1121 143
1068 658
715 1018
1996 868
361 1882
422 1036
139 1874
754 1475
1125 720
1471 932
719 899
777 648
1261 204
1632 748
765 193
322 1283
493 510
555 527
1855 1278
1980 1144
707 856
580 234
407 1182
1408 405
213 140
337 1040
1285 1133
997 15
446 1823
319 23
287 1305
1617 1562
819 1271
1137 1104
1031 482
275 405
1822 507
499 1695
939 1930
1233 427
1109 1242
600 1202
162 1621
1522 305
113 789
459 353
127 323
1594 827
1701 1463
1803 1927
2 1981
1323 177
1940 291
1611 730
894 1046
158 476
77 660
595 1941
1025 1460
504 1364
1421 1057
1518 31
1099 270
1640 1793
312 859
1790 1303
614 1120
1208 1729
1340 762
1917 1803
754 331
182 1248
1220 1344
761 541
708 1148
1206 1303
614 884
765 841
1724 1468
224 1963
915 1678
991 411
998 1517
1793 637
696 1739
861 1307
714 828
1154 1073
133 1886
612 1619
113 1886
1615 1183
547 1992
840 1118
1039 708
1716 18
1190 17
17 1554
240 649
561 1095
1941 1520
1284 789
1803 783
1927 1085
938 1385
1860 1248
140 923
1122 469
840 1034
1954 1004
190 1093
1998 713
845 1499
783 1680
1216 129
1306 543
538 949
1287 1344
1408 1469
70 1866
72 31
1174 14
933 517
890 119
1530 1293
574 1982
1534 74
563 1271
708 500
157 410
512 695
341 1081
915 1286
761 1330
1003 444
1699 266
1902 1287
1113 985
138 121
966 1059
616 593
507 330
1996 1956
84 270
1251 871
1021 1067
1060 1842
1027 1071
340 1270
1534 1998
3 1022
333 347
301 1489
799 1366
134 1976
877 670
314 1656
1660 1279
1529 875
134 295
7 559
1243 213
1037 787
1727 687
1160 1727
1157 1465
1049 1099
1217 1222
1203 1047
913 497
364 789
735 294
550 1746
560 1898
679 1139
994 178
45 1946
931 1173
324 855
1267 505
1593 1576
165 213
1608 283
1880 1056
564 1809
1405 603
1997 1160
1813 692
228 45
1778 1667
1050 1012
109 888
840 1719
718 286
259 417
1013 418
1750 1573
1294 251
1990 1140
1960 1063
397 19
1379 1009
807 584
1771 1331
904 953
1684 1156
1833 660
1390 1747
758 9
500 297
1332 328
987 395
1705 1670
1505 660
1240 1939
1553 1702
1804 1230
580 840
174 25
409 1587
234 1804
1161 1309
1026 1798
1384 646
1040 1970
547 494
805 773
35 194
1856 1588
1570 1534
724 222
1547 872
399 658
1911 699
406 1674
1347 1194
1415 1890
339 1749
1247 1383
1853 254
1471 1360
1836 1232
1627 1229
797 620
1532 1115
123 1087
179 531
1751 804
596 1306
1933 791
1241 1791
1732 1409
1831 1208
62 656
879 385
1764 1261
789 105
1086 1009
1446 1314
1114 714
687 1806
1404 1292
1423 1947
1416 888
1808 1578
1365 1467
576 1945
64 1197
1579 669
1028 1197
1505 1564
4 757
172 312
852 1197
15 407
1712 1929
1975 1620
619 1495
319 781
414 1407
485 533
1596 635
1045 491
692 1605
1742 879
1154 777
1660 1906
118 409
1225 1979
1648 6
404 894
812 1253
60 514
82 508
1501 1231
1247 511
412 1875
1821 444
808 1840
1728 1922
1959 1356
165 90
1126 1467
504 618
912 433
280 873
967 469
872 1160
1047 1265
423 1083
731 1637
828 1609
1170 1796
1118 1907
736 644
164 149
1977 926
496 333
595 1739
1525 1833
1572 1031
249 11
1990 1853
1263 1492
1654 1686
751 1184
1307 102
594 1437
834 1708
1332 723
1099 248
1023 32
1997 1691
1661 1362
1110 472
248 188
656 227
1191 1101
313 1424
1582 1338
773 1376
478 766
1485 1211
653 266
1280 1116
1614 1995
1981 476
1112 1607
96 1564
427 649
413 982
82 1839
1660 128
1736 528
1406 172
230 169
1079 38
786 1507
343 394
352 1831
204 1848
1809 501
375 533
1239 389
1758 1679
616 1367
1831 1069
1315 1638
1204 1282
1460 581
520 1309
157 100
844 1704
535 1139
878 1578
23 1887
1625 1823
689 1547
389 1741
765 352
802 490
1597 705
18 317
1413 1754
1194 1496
461 1875
631 411
119 167
979 1342
1477 707
1996 629
554 1839
587 721
414 527
1382 576
1038 1420
894 1949
1320 1917
1394 705
1894 1979
160 1436
140 1276
1257 762
282 536
1702 562
1974 311
618 804
964 712
1284 1947
734 1690
194 1923
982 316
1814 1311
1937 656
557 984
1242 352
444 1783
622 1458
931 1419
91 1354
552 1768
1613 1492
1668 299
1045 312
1029 479
381 1181
1912 1415
810 391
556 1191
1679 437
1882 902
962 1610
1259 1504
1580 1202
639 214
969 318
1989 225
1358 1492
1916 454
115 1438
553 1281
263 1748
1252 1727
638 1870
751 1077
1346 535
1137 314
1039 1576
1263 1010
1090 1064
1046 860
89 1000
1731 1092
366 680
1753 1116
1491 255
1788 1663
1011 1993
1901 440
1636 874
318 375
1135 1024
101 77
1857 1842
681 573
1698 1270
921 78
1292 75
47 1092
1352 422
52 548
341 574
1384 1879
388 1299
685 110
300 12
964 59
1690 453
551 581
256 106
401 1175
558 1955
1588 1444
1563 1208
528 1682
525 598
1911 1514
51 703
1966 1574
169 1462
1235 337
260 1585
1867 1088
1576 371
1726 901
1905 1601
151 1337
423 52
305 1757
711 702
1417 629
701 1111
803 1223
90 12
1234 1761
1125 228
994 614
1895 960
1053 1427
228 434
56 780
638 637
94 479
1717 273
11 1081
1592 1354
428 835
1521 521
24 1616
1811 325
1919 1836
1426 861
877 253
1523 199
1864 1509
1091 1883
1257 615
321 899
911 852
1585 1833
632 1327
1937 504
869 1018
1828 1475
622 674
1148 1682
1037 919
945 1607
1708 1484
1668 1595
20 1405
112 246
1606 1591
723 950
1940 230
1009 1253
935 1269
1998 1738
1898 1069
12 120
1873 1077
30 1521
1561 1435
1089 1606
459 214
1280 1694
781 834
1808 664
248 1298
355 1848
1579 1547
936 843
334 486
1902 1211
265 1725
380 608
608 963
661 1863
1920 768
1205 1850
746 49
372 1944
1138 1519
986 1600
453 397
1306 447
884 167
441 1569
1136 974
1956 85
674 293
983 813
1045 1810
1031 291
1237 1609
1995 1186
9 1910
434 1937
1171 1080
823 885
221 880
1211 45
1127 267
1506 1843
318 359
636 1766
1937 458
945 719
1708 340
1297 1516
1415 934
663 861
225 817
1406 1661
1221 979
706 1967
391 638
624 1333
1850 240
1341 1806
1608 175
1722 1684
1933 694
1866 619
454 1380
590 460
363 680
1488 221
1234 497
494 262
1513 318
1905 620
83 1453
1049 956
1713 357
295 1728
1238 344
312 926
853 1846
500 1026
1187 522
1155 1908
1300 875
980 720
751 715
1201 1270
650 1396
1738 1792
1491 1152
447 1470
119 1933
89 74
626 291
474 1556
114 527
776 22
1472 1235
103 1143
1135 422
1444 1433
786 161
787 886
1545 1990
1527 216
1755 381
1665 1557
526 17
106 1482
597 900
9 619
154 1604
505 468
1464 1985
1761 1085
814 813
1076 854
1221 1899
1241 1462
894 1961
509 405
1641 1148
1214 764
1569 979
370 1065
1177 1723
1260 106
504 11
1521 1838
1998 1288
165 1310
1087 1259
310 345
879 1176
1529 1780
868 1363
1700 434
1421 143
464 1469
1386 1868
70 1685
1387 1091
1882 779
508 578
1176 1026
1626 1258
1771 1807
687 442
581 67
429 470
445 79
802 1404
1655 689
76 653
1056 1395
991 848
922 361
228 976
689 34
79 628
1468 1460
1611 1158
1560 1495
348 1549
1270 1340
1106 1845
1855 1184
1215 1902
283 1434
1666 435
301 941
1244 171
1829 1970
1299 1050
1698 1536
296 1331
981 1228
1684 1619
1204 1125
107 1103
1465 419
1981 635
1854 1531
275 351
1017 1912
1519 731
680 1896
406 1190
67 1658
1224 101
48 754
945 580
1189 1321
1062 1065
1178 1358
1394 1600
811 31
744 202
797 64
905 1674
894 1244
1376 1355
685 263
723 1492
1057 308
1239 36
855 491
291 1204
1128 1023
97 1125
1905 665
902 1912
754 257
182 1342
1146 527
763 320
1752 1096
1892 216
214 1679
475 1933
1565 1974
682 437
4 217
795 254
668 96
871 1579
304 819
87 1048
1005 1525
216 95
415 743
1710 1244
926 1175
915 1189
361 951
367 380
506 1832
568 291
972 1873
1784 1510
1472 1891
1935 1018
134 1134
1264 171
964 1193
1063 655
777 1814
1923 1501
833 1454
1570 1569
1254 1086
1494 1545
1556 636
1443 1373
1941 1478
1856 478
200 1413
1747 1419
1203 169
1664 981
1574 104
1687 1867
1355 290
1380 887
702 1375
172 318
677 1367
1283 174
1050 175
697 1085
1519 1042
1732 1139
1806 798
1820 1314
842 469
614 1869
52 594
1681 400
999 1981
1351 47
973 1702
1812 957
567 732
170 1225
195 1990
1198 296
421 1032
315 541
1459 1128
1957 1833
1041 1555
1445 1029
1064 1094
1855 718
453 871
760 1455
757 1961
1647 1640
1135 836
168 20
537 1494
1377 756
946 847
162 1726
505 1497
982 1605
473 423
992 1265
78 527
129 627
1072 469
1485 1856
339 1290
1496 1109
1653 1293
328 760
350 910
111 1655
1906 327
1980 1218
913 264
677 559
1940 1897
440 1570
165 283
492 1784
1366 437
836 1216
912 752
342 877
1281 1086
19 314
1294 257
1024 805
639 610
1764 95
1711 1456
284 1713
1206 1208
429 952
1266 1647
1579 1724
486 1311
475 1798
1113 244
1187 1885
893 580
1389 1995
435 328
474 1518
573 50
1149 1407
1004 978
515 1001
478 441
891 1276
358 211
819 287
434 771
1727 491
1914 224
918 81
830 701
120 932
1856 1728
950 1240
1639 630
1450 1494
85 1039
1846 1112
1761 748
585 79
1927 717
1892 1678
1037 1755
405 100
497 1475
1758 211
1111 790
1456 1967
63 937
943 896
676 1212
927 271
1640 1193
556 1949
308 1196
902 502
1035 1519
1296 301
1121 1780
1749 245
664 135
267 1623
1789 1929
1201 96
1206 1935
562 1754
1558 36
569 270
841 529
290 505
1023 889
1604 290
1950 306
421 1469
1343 1674
119 356
248 1651
361 1972
1502 1001
1483 682
1073 1855
169 1341
1774 513
1165 743
907 763
1105 238
130 868
79 1211
519 1966
611 1881
992 143
321 247
1185 1562
1614 25
1616 1314
74 537
1160 1556
1141 1353
446 55
1957 483
431 495
1189 1987
433 1106
1860 264
133 273
931 1352
31 1142
1779 1129
1222 85
861 1443
792 598
1683 1573
335 1804
1580 782
236 27
1785 1208
377 1863
1114 392
69 1935
1637 860
282 1714
242 1815
719 1883
1863 270
1401 243
874 548
489 1602
1209 1595
1028 111
33 632
936 415
115 696
1452 959
373 240
221 1808
456 740
1240 1832
421 682
142 517
1011 1158
1025 581
688 1251
1082 1787
1945 679
68 236
1179 235
169 1554
79 51
1186 773
409 35
1204 1614
1172 848
1769 884
1033 610
1310 674
332 1113
28 1110
1095 484
318 1052
394 1652
1396 1970
680 305
129 477
226 1115
1556 1197
546 390
1821 1247
1913 38
687 1734
117 1507
889 590
1848 1463
1228 1277
1940 1423
1087 650
190 448
690 568
1121 484
736 1862
828 942
950 156
777 1966
482 1262
1121 1921
1307 824
55 312
967 1409
853 1634
1113 1273
961 1892
1030 1456
1872 1622
18 499
422 997
1858 1433
456 1660
4 674
1512 837
1466 1582
89 1854
1124 370
114 475
24 1935
852 669
1516 644
1280 1822
199 214
206 1046
42 31
187 1498
579 844
1973 1024
1355 1849
173 1251
1923 1153
180 129
1729 1234
99 83
1330 1087
1316 1534
1835 38
1436 235
1627 152
1115 940
984 218
20 1084
1929 62
709 584
1186 732
677 1918
861 925
1551 1099
455 684
349 169
454 580
629 1515
1537 8
342 1042
450 1324
1960 1863
397 243
1340 877
1213 217
1231 1937
701 933
740 925
784 959
1263 1315
366 1683
1964 1798
1985 1987
1187 1651
728 876
654 404
947 394
1582 102
126 135
848 1994
1855 1660
1124 714
647 1973
707 726
1043 1076
372 1759
1534 1501
983 1353
1735 1599
579 1220
568 1503
1889 351
35 34
1250 275
1497 1062
1745 609
233 125
16 917
1141 171
1581 1470
484 266
857 1220
697 1702
593 1607
1129 1916
133 755
525 1201
317 1090
1710 1500
532 632
1562 112
1003 1357
1038 1273
1548 3
225 1055
362 607
1036 367
58 1752
501 1174
1006 1005
476 1160
736 1745
280 1699
1898 91
856 790
1121 1822
1833 1740
480 1210
1234 1559
1692 1169
171 1995
1932 1664
375 792
264 1530
915 12
1699 1584
149 1740
647 573
304 1095
548 1194
195 642
488 1688
361 1710
1124 485
1046 256
1989 1959
121 1562
319 749
1883 1510
208 78
368 1817
220 1370
16 1212
261 220
206 1949
1665 1878
946 492
1026 1256
823 1058
1861 1038
1072 630
1402 485
1090 1763
906 1722
1224 689
1065 1779
1323 1915
1030 1715
1747 1855
350 495
85 1590
924 266
617 1832
670 802
1021 778
470 1264
1980 611
804 752
592 1846
1362 838
1746 32
1094 657
483 1627
335 1562
31 961
1946 449
879 1497
1898 1235
1368 122
669 1387
1905 181
1979 1450
967 965
455 1162
1234 1439
1762 675
535 70
1877 455
97 62
1623 1575
1365 275
263 1795
1685 960
1851 1464
606 873
1784 1925
1053 1461
1829 489
429 1788
373 458
1858 1915
641 682
1027 803
1198 988
1470 833
1276 1168
89 1432
213 1506
1034 760
1624 248
598 1323
1542 1847
1476 1473
379 611
1703 1503
962 199
947 1302
1988 1672
39 1787
1402 605
270 1779
268 980
1395 268
71 1066
1803 277
80 441
1164 841
1116 1830
800 1468
211 1304
855 414
1482 1636
1544 759
1927 172
1069 68
45 1564
624 1263
1961 1490
1892 578
1717 307
1456 230
778 510
1133 1954
1209 818
1411 24
1006 120
1626 1573
775 479
1757 921
824 1963
740 464
934 324
1819 1274
1365 544
726 250
1187 628
489 1065
341 72
1668 1029
1692 719
1212 1409
1383 1212
873 743
656 1035
954 1044
43 1311
1364 1759
1624 1136
333 933
372 1213
361 880
1048 1688
1744 149
1654 648
199 956
471 827
1382 1487
1610 1812
1863 1231
497 322
416 1530
750 1381
1780 994
863 1998
717 656
1697 498
1275 234
1577 580
615 1329
301 1874
717 1077
1803 1030
799 983
168 78
227 664
577 1287
582 1621
1302 494
324 1525
1751 1537
1260 28
1228 1302
1394 1258
1601 120
116 418
1679 341
975 1028
543 836
1372 1313
291 102
1414 790
934 716
285 628
999 1730
411 1149
1441 1272
784 165
1139 691
934 1131
1397 247
131 542
96 1873
87 1857
1560 1505
43 423
319 1202
1477 208
820 757
202 1036
1564 1576
1836 1349
1767 243
42 1153
1832 1628
1264 626
360 1636
130 1488
803 1377
572 529
1695 999
608 1846
869 1965
1026 1268
1653 873
132 1754
1879 1787
1533 59
1086 1980
1913 581
705 590
956 1942
1320 1658
887 412
1994 1712
1075 1097
988 1511
1764 1931
1917 6
356 329
393 193
1859 1366
602 1981
898 1406
789 611
378 1329
1771 705
1591 378
263 1451
1561 1795
1833 1062
468 1486
609 1524
1568 993
675 907
258 1436
482 402
1572 645
1441 1933
362 1708
214 1861
18 80
608 1808
657 228
1844 773
1071 1363
389 567
908 617
282 797
647 1514
47 28
547 1148
1264 1786
365 585
1854 1721
983 874
1589 152
1792 438
1211 878
1063 705
1552 866
1923 989
170 621
825 1884
1179 430
1037 887
1528 1309
1648 842
770 1282
1478 944
783 735
1948 1539
970 1010
1214 593
1274 164
77 1928
1740 1757
1991 395
211 490
84 868
1002 419
1726 1432
469 814
483 1002
1333 1293
512 1200
127 663
164 1891
1485 1267
677 122
775 957
44 201
1413 497
1266 1334
1081 1502
1819 344
461 944
1865 138
1906 1409
1484 1084
329 1542
1272 10
334 1565
315 727
1263 1646
262 50
1830 1255
1938 729
1547 1959
1463 150
18 642
1272 1701
188 1250
735 787
86 769
1868 1257
1606 806
93 1083
625 1189
1589 1525
1702 1212
238 1262
9 1622
1462 453
1780 64
588 765
1109 784
1570 258
645 1473
890 742
1648 1746
1563 1143
246 1892
539 687
1569 1838
1076 510
480 1826
285 823
255 633
1362 1311
552 1126
740 896
1625 32
391 1923
545 227
817 838
949 1973
297 540
607 1893
879 1536
1181 54
1289 2000
229 1519
1024 895
1296 1012
1301 1201
1674 233
1840 753
613 549
263 1370
581 1771
876 192
1473 105
1166 948
580 1345
968 1871
1717 1563
61 212
125 1571
799 602
749 514
1301 678
1412 419
1142 166
1377 1866
1255 1661
1495 1074
1995 10
1815 767
625 586
791 151
1429 1869
1879 756
1370 1160
413 685
1759 66
445 1287
1249 1505
1948 307
975 91
1881 976
636 1233
1595 718
172 1920
1007 1642
1267 1221
1457 1941
1754 1957
77 1853
1700 1791
804 1588
1726 1287
432 1708
400 742
734 1633
349 669
229 359
487 563
1619 290
418 22
588 1054
1644 823
44 60
1139 1338
356 1430
969 1709
929 1750
309 416
1416 1004
1360 1246
189 842
1169 1236
853 1315
64 817
373 1833
1039 1062
1361 453
1565 1326
1023 675
885 1138
1219 1934
29 978
396 1531
68 872
1887 1395
1230 18
1749 1058
1135 915
1207 662
1183 265
88 560
1815 1032
1229 123
510 1227
865 968
1837 1057
2 1811
73 1121
1588 565
1754 861
1182 194
1567 906
465 1791
1708 1618
1115 1275
776 1096
147 1411
91 581
128 1993
77 554
868 267
1865 1667
342 950
1903 925
291 1428
1605 1427
1903 1670
563 332
1905 505
766 837
1688 353
846 1521
176 920
1439 840
1132 718
341 1783
646 307
520 249
1332 303
1741 1483
488 1252
1530 96
938 1646
587 1789
1924 506
56 1879
1179 37
522 1888
499 321
706 913
1294 140
289 1411
939 1353
1765 820
187 248
1058 1261
1353 108
514 79
491 626
935 543
560 913
742 489
1849 1131
299 1387
913 1223
1624 204
843 1910
917 483
811 544
331 1114
1454 186
723 428
797 589
1239 1932
1101 1727
160 1090
552 708
12 582
531 1486
1065 65
418 173
517 751
393 652
1075 1165
722 159
1315 1690
1915 1522
1960 1017
1208 1150
1524 984
1166 65
729 848
1441 420
1341 645
1579 762
664 1719
1901 1723
1298 1631
1915 1142
919 1273
1366 1900
1313 1074
1793 56
407 1989
1281 460
1855 430
368 701
1737 459
561 598
1935 1810
551 1467
485 566
358 780
1264 1043
122 1458
257 1025
1243 405
625 1615
1589 719
125 1428
964 676
1268 1642
293 468
1402 1572
1646 259
1076 1649
1003 563
1021 1446
989 1532
1129 437
1182 329
484 1252
1674 1362
1601 1351
1025 1279
1043 114
1961 411
658 172
1746 719
19 538
312 528
222 247
1400 1519
1584 985
1945 1918
1928 187
588 700
1485 1674
97 895
1460 1708
708 1865
819 1190
397 1614
1319 1243
1028 4
1321 22
1088 1831
1307 71
1293 168
998 1718
1957 129
1466 748
1705 1644
1233 1199
435 616
993 22
167 1121
24 1233
264 1856
1742 984
983 1411
1447 505
328 1607
1165 127
448 540
837 1866
328 226
451 1853
314 957
1824 440
1130 979
727 1870
1974 1646
533 1824
800 1275
484 380
1994 971
325 1840
1344 1528
1401 1997
1852 410
1424 884
624 1070
1689 1800
1336 1120
1362 1780
552 591
861 1755
665 368
462 702
796 1194
1760 243
1820 1109
418 288
1289 1535
574 1395
337 816
1531 1212
1688 1023
927 609
892 1650
789 1460
100 1507
1358 191
1094 1549
595 1533
1678 1010
1902 1592
815 1124
177 792
359 1520
751 978
1710 451
686 875
699 976
52 292
555 1704
1272 1350
919 535
1982 760
1357 1302
1666 1280
121 1632
245 1386
1557 453
1534 702
379 1960
611 1212
794 1711
1363 1842
166 1842
780 1998
1185 1914
360 555
1944 805
805 365
1995 856
1879 175
1704 1393
1545 1971
1169 784
1941 1592
1141 974
1178 1912
1620 1273
1715 531
312 349
1094 1248
292 406
1601 1756
1516 794
349 1647
63 1793
1170 119
1720 1010
1640 193
1163 962
1456 1864
1718 1444
247 725
644 1461
1234 1493
1946 1331
1905 1544
687 333
1600 1006
730 908
96 1552
1351 1727
581 1137
702 1431
696 1035
1597 15
1800 335
1357 1110
806 1444
631 1093
22 407
1825 652
1498 1152
100 1231
1647 853
827 1274
1685 93
54 996
1624 2
24 311
630 1579
997 764
1077 920
605 1755
268 1922
829 584
1584 1476
1607 472
1349 504
1333 493
46 763
1163 1832
1817 814
1249 1920
450 922
78 136
1095 1129
1177 143
1563 1467
659 573
1959 1068
1030 988
10 1772
5 1944
1445 459
1994 1301
465 214
910 622
1410 398
112 1421
400 1351
1947 733
222 1274
1424 1354
1718 1580
989 1011
602 1660
734 829
686 936
1891 936
1658 933
1790 1994
577 1638
994 1250
317 1563
1517 1782
1321 1051
1544 1838
1630 1058
101 1709
1139 1605
537 1409
123 1876
1971 1354
866 1819
410 1561
1957 1315
601 778
548 1287
1463 714
1583 1369
1978 225
1214 366
764 1542
154 384
801 457
1963 111
492 124
794 1586
1967 1211
166 1961
743 757
1370 865
104 366
720 1410
1584 1783
256 1009
791 835
452 889
226 35
1773 221
1835 454
137 1802
1860 1939
1458 1040
1828 901
357 1388
889 1574
1189 205
894 1629
1101 561
1913 1563
963 1860
190 1464
1133 864
893 1255
861 189
40 449
1295 982
1866 1842
1061 20
766 746
750 620
1838 436
37 444
1750 640
775 642
1884 1458
1393 1513
196 339
929 1050
1231 277
1586 260
1826 1527
262 1686
195 1713
269 618
880 583
1818 1647
1219 1730
511 773
114 1283
1737 1653
1165 1988
15 991
1855 1009
1523 376
1011 396
1788 227
1863 611
1977 867
395 301
301 761
348 1452
642 951
1527 1329
960 1081
1649 1131
67 117
55 810
35 1471
180 700
685 1449
978 1717
484 106
1123 289
200 417
1609 1622
578 650
617 176
112 1592
1910 1824
6 1550
1753 1003
1511 943
1972 1155
1903 409
748 749
1894 1167
1481 744
2000 904
644 432
322 479
1663 1229
425 382
393 1572
549 637
860 658
1416 440
1347 1644
574 896
991 1604
270 1741
567 1097
177 1026
1194 245
809 785
1085 1240
189 1795
25 1826
297 1989
928 1594
1357 760
1385 1475
1200 1597
293 1981
1495 622
1578 302
1262 847
1596 1211
1984 969
93 484
1642 937
1059 1007
134 978
1995 203
1543 1345
565 1558
1859 1413
1411 1758
519 793
442 1853
1842 1190
402 1841
307 1943
159 1694
124 1369
1450 1759
1609 824
212 1560
919 235
1295 469
767 90
658 244
1122 183
1728 1456
1839 136
252 1011
908 954
1366 586
391 328
1373 1894
1638 818
842 1962
810 848
132 1380
84 1473
1686 644
782 1498
916 1992
143 1124
973 1301
1822 704
1132 1826
1572 1479
1946 992
1655 662
76 684
1471 911
1805 1947
96 1830
599 704
1925 1110
1800 613
207 1371
591 1976
396 1210
89 1720
1578 678
515 1640
1052 769
1403 811
688 20
764 999
985 1162
678 1127
630 920
21 352
1870 716
462 1399
7 845
1405 965
505 1133
699 1297
1033 1553
1342 613
1109 870
1048 1492
1807 254
1722 143
1669 1412
1450 458
313 275
1235 516
1295 806
1366 1970
1687 1248
613 1155
1802 182
1486 695
6 1925
1709 1165
232 1464
1532 49
1216 1330
1693 288
1435 56
701 1666
1499 681
927 1472
784 1106
1546 628
701 295
1434 1076
1531 120
429 548
1081 185
929 676
1397 1439
406 918
721 1722
946 1393
1274 45
1300 1328
1445 1801
1705 1312
1045 1321
1343 686
1677 1210
1650 1732
1165 1382
1919 1531
711 1968
568 706
1444 1315
1677 607
900 257
579 1346
713 1876
1853 1809
986 1450
1346 555
53 951
572 137
747 1957
1974 1490
1780 1381
1834 331
1065 24
1849 976
924 1981
910 1784
1032 1854
1966 289
988 1588
771 247
564 1071
430 925
621 1398
552 387
1349 1258
1318 653
1704 654
1349 615
524 217
1277 1148
1591 1289
30 1738
916 1875
58 71
1806 1364
701 1455
1199 400
44 118
337 132
959 1867
1520 1163
549 1951
90 980
1600 79
1379 1088
385 270
1792 1867
1914 580
823 348
765 77
1226 673
1597 430
933 1277
1251 846
410 1102
782 533
725 1147
1705 533
234 550
287 560
1272 1786
331 283
1894 67
1350 1517
1165 659
1458 1439
1352 102
579 1754
17 945
901 1454
863 614
1522 1558
646 8
742 276
1665 464
173 1498
88 634
1568 226
950 690
1273 92
1969 890
945 246
1694 1657
1791 575
1888 886
1761 504
364 814
509 1459
382 1187
898 203
1702 1641
484 1467
322 1426
306 1779
1961 1151
1267 480
1263 495
400 1816
352 797
349 1499
1827 578
1193 1933
854 184
683 1047
1559 1419
854 1607
716 1379
531 1568
993 226
1123 1660
1056 405
295 1423
210 633
272 445
122 93
329 1225
1448 735
1300 544
1233 515
613 1077
1551 41
1622 149
508 460
776 299
1677 1327
781 1914
965 793
1924 44
605 290
1124 1302
1894 1398
1767 764
593 1166
1091 1691
351 682
1557 1422
579 1487
1665 1368
1889 598
858 1306
863 1363
1164 1065
60 1896
1995 1562
1847 1749
1683 1708
1577 465
1221 1729
1305 1718
1803 915
332 1486
1879 1252
1987 1250
1388 1601
673 1324
546 530
818 271
1002 1772
1144 1943
382 470
1898 1708
158 839
592 1489
755 777
1799 1312
98 1052
974 37
1993 67
65 1169
658 1242
436 1512
26 1360
269 1373
102 1487
962 612
1725 1297
1598 1025
217 555
567 479
182 1915
316 1449
1441 498
961 1224
871 581
486 1581
319 1007
933 1122
1383 1282
1459 1234
908 1140
131 1510
326 1109
1364 1117
633 1229
677 1112
598 1821
467 781
1172 100
231 1224
1582 1707
593 499
1140 394
1502 529
307 869
473 13
1305 558
1861 1269
1607 1297
168 1361
1300 1776
1014 1408
1664 1975
681 817
1302 1229
1457 1088
1934 754
375 291
1959 101
31 1111
1821 1848
218 618
1728 1001
1214 164
1569 427
1489 713
930 799
10 163
1006 1650
1089 782
715 1859
116 1568
616 488
337 1273
1379 1212
344 171
1008 114
436 1787
298 1992
1266 1797
664 1529
809 240
719 413
1314 1423
257 1974
1300 1230
1034 1816
1047 991
36 7
769 1494
740 1934
1207 67
559 437
1389 390
1908 1020
1150 45
1232 1487
1509 1345
593 1147
619 1747
579 1080
568 1139
1670 1042
1875 1712
1716 1396
1967 128
1937 949
1243 682
1330 1843
1702 1077
1899 1519
226 1146
339 1865
34 373
1489 703
1304 1305
977 355
1983 154
338 1823
1254 946
1118 1488
755 914
1608 1922
1903 699
524 455
658 1873
442 1692
215 20
19 1785
1406 1622
1986 20
835 123
1296 391
966 839
1379 1398
1000 158
846 793
1301 123
726 499
1005 328
975 977
1844 699
1058 359
119 222
216 487
1742 30
1159 1638
1288 533
1293 1484
311 1447
1938 1491
1977 143
1299 375
1130 495
1864 1603
38 986
1787 1396
118 269
1204 312
120 1990
1022 1271
240 187
1861 1146
1381 352
168 1500
1184 668
1097 825
27 108
635 1018
555 163
109 237
1726 255
772 1942
1398 1568
564 1552
1885 1286
1108 1469
250 206
785 73
400 233
1946 499
476 412
222 168
293 733
1054 587
727 981
305 812
1568 471
1277 1267
1738 1383
1993 881
839 952
904 1235
189 1335
207 50
389 1473
1131 1618
912 5
1286 1892
1027 817
1777 1437
1313 1838
1018 540
1433 289
1070 1922
1811 1460
764 659
448 673
898 999
1762 230
1730 1134
1603 1206
402 1346
720 713
1062 1471
459 1123
1402 745
194 544
1398 1026
1063 1392
982 1437
645 1091
1436 882
1722 571
1888 303
1374 1262
622 1555
1567 406
737 463
1994 1499
444 1019
1228 1943
1163 4
1308 1067
1594 352
1866 461
1537 71
531 686
1746 103
644 1655
691 631
1471 40
1593 1276
1079 281
344 1545
627 326
888 1478
1572 398
1590 1747
1118 924
880 1806
308 1839
4 1012
1396 673
439 1140
1345 1765
873 1456
1737 555
925 107
1380 73
941 852
522 1407
794 1784
351 253
1204 387
877 1657
503 470
402 1713
750 1608
1584 289
1310 1407
703 505
597 102
528 563
1224 720
350 462
387 64
779 834
1242 284
52 604
440 1122
1417 440
836 640
1721 362
944 1222
584 1069
1009 1276
1619 1031
1891 1770
542 1258
227 1806
602 913
1372 1165
994 1991
1863 213
620 781
535 1544
1565 587
163 1672
741 1366
64 703
410 423
415 1950
484 528
293 1179
1240 1565
580 306
1078 593
174 423
656 482
361 124
1269 426
900 1237
499 234
1755 1027
674 282
533 213
233 1275
1298 851
576 638
1141 1809
1803 306
613 236
1928 418
763 1623
212 1239
470 155
1779 1447
1323 1929
1267 1787
186 706
528 1551
617 254
1496 959
1025 7
303 1861
716 758
552 879
531 227
310 611
1449 292
1532 368
1903 355
1940 223
1265 1565
1089 741
1453 1576
1296 1468
403 343
656 1514
1870 139
1107 1417
171 1701
62 34
1992 821
1187 533
1224 1411
4 127
1551 1765
573 1402
679 390
394 916
1353 922
1666 733
1191 218
1106 1218
515 1313
1071 512
481 751
293 1974
1610 1454
566 1096
840 1005
533 1869
269 1699
1719 1076
1896 1578
1861 1364
39 901
487 1346
46 1891
1573 1210
223 1889
1178 1560
313 964
1261 1561
357 711
1182 1203
1055 707
1751 1574
349 1807
1366 512
1885 528
1721 759
1912 1158
1995 1978
1972 416
639 987
893 727
1559 320
323 1309
185 520
816 1114
563 1503
435 369
853 917
567 139
936 991
44 1944
295 452
1662 1628
1145 1915
1009 692
1060 24
1028 1794
654 841
1219 1237
749 756
1800 431
1470 1263
877 1438
1353 1679
17 1642
536 259
681 830
3 710
86 661
144 1260
17 882
964 1863
1197 67
1882 765
194 778
671 300
1356 740
590 148
518 1989
1683 885
1973 1391
16 1093
984 1031
1687 529
1487 1251
735 1550
1235 590
444 1153
34 1465
1980 1952
31 1955
829 582
868 60
120 759
651 542
1594 122
1693 374
1880 867
1054 400
1460 975
1079 615
1176 318
1231 1368
295 1612
1826 456
1150 1416
69 627
847 1268
493 723
424 486
1300 1402
968 1251
1466 1134
1578 1636
511 947
919 136
1423 1189
174 833
1516 324
213 805
1477 1665
1868 1821
25 1428
831 1249
351 1003
394 1612
134 903
1349 1424
1045 1435
268 397
1250 1003
74 76
472 1834
1494 1568
1243 1054
636 1130
528 281
1261 297
1065 454
1217 131
1129 975
1807 340
1722 1504
1226 172
1652 1085
110 780
1913 379
112 501
1839 103
578 1058
1772 202
1497 1014
230 1676
1228 1448
165 1258
1194 416
1917 1332
462 56
690 359
1386 1752
1778 710
665 1847
286 422
43 946
687 1590
1992 1848
1042 611
1983 1806
76 537
1035 758
479 1460
922 485
1865 171
599 687
1454 436
359 1654
1466 230
901 617
1680 112
11 1579
248 1745
1154 1867
1614 1921
107 886
239 1729
938 988
760 1432
1862 1783
24 162
522 225
1320 1242
1889 1823
750 267
990 1306
1123 1475
1490 834
1508 1679
1040 1021
1071 1601
869 1907
1614 955
731 426
711 1589
1324 1681
1197 1437
1010 95
1381 60
1132 1247
1715 1332
371 555
1787 491
1688 857
1374 1359
1021 1725
1708 91
590 1790
353 830
140 863
945 1141
1631 1049
1980 929
419 1306
112 1816
1214 359
1735 1606
98 1863
1036 687
1387 849
393 367
1998 1939
1410 1160
40 980
517 110
1400 760
1075 524
1267 937
1358 1713
422 1917
1757 1193
1314 555
1118 509
214 1779
145 970
18 806
751 1480
189 1763
848 601
1812 1713
209 913
781 139
1120 1153
979 936
126 634
75 808
1952 24
460 742
576 274
1774 1883
1059 1106
1193 228
1735 1896
1309 405
780 468
1907 1319
365 1028
1748 1761
1787 333
943 1001
1944 1974
1429 153
1676 469
1747 1407
7 451
1664 857
546 744
288 1240
899 333
1122 407
419 146
260 1174
1253 1115
1036 88
822 308
1140 311
493 1631
1917 585
1933 164
614 170
854 901
469 1513
1619 451
455 1738
1086 772
390 51
175 919
733 905
1639 871
25 1018
1745 634
1549 123
1657 342
1982 1197
1074 1386
376 286
1149 1758
1103 481
1585 34
1433 781
762 1378
1841 1013
1165 766
379 163
562 647
241 1874
939 69
1861 710
600 1531
641 1898
113 76
532 1928
947 1221
1381 417
1254 1969
1847 1528
887 1988
771 584
165 1984
1835 836
1237 1129
1768 353
1334 1663
1235 868
1020 377
1348 717
298 1371
1329 86
927 878
1055 1194
641 77
63 1544
1500 1003
1087 1541
1698 1080
1195 195
363 1935
1831 1014
716 1279
927 1248
397 85
1801 39
881 1842
1220 1033
1056 506
761 356
1746 263
1444 353
1277 1972
1001 1362
784 733
1743 1919
1851 1165
44 1668
904 1426
541 751
703 759
10 405
1137 813
1103 1177
1868 782
1680 1758
1542 86
1064 1770
1048 1112
1135 1832
900 545
231 1779
1596 433
125 1704
1601 517
402 1157
1471 197
1411 1899
1384 1215
332 1074
1171 1495
205 673
482 1246
636 1931
1221 1745
894 87
408 1816
1606 24
1208 1060
584 1657
310 215
1256 599
497 1020
1128 1142
1626 797
1721 1331
1405 1834
1873 536
418 204
284 677
544 1078
487 1134
1409 118
1139 243
1909 283
1162 262
295 103
64 1259
373 1951
340 698
1579 731
1028 1379
1183 1512
1143 696
996 255
1219 216
336 235
1992 496
1920 277
1168 1546
1666 777
1763 1303
1887 1477
1288 607
951 1769
220 917
1735 869
1440 394
1288 1226
446 499
1956 578
1534 594
1454 1398
845 1995
1449 1156
706 223
1476 495
1423 224
1137 673
1211 1446
14 134
1745 1947
572 1780
219 1604
1538 1921
703 318
1330 1044
717 1378
1911 1866
970 1671
117 642
484 1179
1740 370
1631 1399
1895 1687
1658 1252
778 933
1721 427
250 148
780 674
437 1468
879 1343
940 486
1252 853
1905 23
1156 1781
1245 1274
1764 350
1762 668
1321 1690
425 1517
1216 1624
1902 708
32 557
1558 1040
330 1618
1088 1798
650 865
1643 1368
64 510
355 869
696 1951
661 1647
1546 1483
1288 471
1512 1089
1553 477
1200 1027
1756 764
1592 261
1232 1396
1558 311
1919 225
1829 1230
964 1555
346 1878
499 1796
1312 683
869 1690
1060 790
1063 1450
553 1625
978 1962
835 1176
786 1317
857 1267
772 848
716 1170
792 1602
525 1160
1980 1772
1087 518
463 715
704 761
1260 1082
356 1956
12 664
644 1721
1213 1336
824 166
1439 1834
376 713
323 322
397 1015
588 462
58 1345
1840 169
775 1766
417 1447
65 869
1897 1756
402 4
1812 455
966 1367
1724 1563
380 256
513 544
1383 1506
1000 397
380 1707
195 685
68 1445
1636 658
202 1651
255 121
1788 821
167 307
296 1832
1186 249
1135 206
358 1114
1894 1861
863 395
1642 670
88 787
565 285
1483 310
1896 1897
383 1814
1970 1334
1635 1959
793 1122
906 1667
180 1680
1090 279
60 1783
952 829
1532 1931
848 150
223 1806
1134 1560
1574 1813
1295 220
20 1192
292 437
956 908
674 981
543 1724
1848 62
1368 1544
305 1514
861 777
1242 74
1891 1748
26 232
393 1195
669 1410
1894 1909
512 1475
185 1353
436 1819
309 1043
1916 516
1752 1629
1994 259
196 719
1743 1621
1448 106
770 106
1524 413
259 265
500 69
961 765
1618 737
1890 26
933 1663
1551 1335
1622 461
167 1211
1938 388
1832 159
1318 1214
1578 943
1887 1979
1508 1397
1105 1143
1788 209
997 797
49 197
565 1173
1030 340
1144 902
279 803
837 757
1356 1323
1003 1557
950 60
1648 389
1406 405
1962 1927
1544 704
1487 1952
592 727
938 495
1235 271
1569 1139
524 514
285 68
1853 1519
1043 1172
1574 1937
1771 1163
1486 444
1746 1709
262 1338
974 336
423 250
1368 1307
197 1261
1610 1355
1156 752
295 1484
455 1829
1361 54
1012 1122
348 1139
150 897
1833 1856
1282 966
1838 1375
1547 94
1035 258
1296 1026
1206 1541
830 1764
1605 1398
50 1212
1503 1017
1565 1902
57 872
1198 1853
707 1762
513 1543
195 534
1578 1831
1818 982
1952 460
1878 507
248 664
1149 898
1884 723
395 1113
718 1149
1403 1847
1363 1116
134 838
1624 1767
925 585
1672 938
53 702
1160 158
844 671
717 743
459 763
1937 442
1017 821
583 2
1521 1602
71 302
1323 715
168 87
313 914
1934 409
154 406
463 128
463 149
1814 755
1376 1003
1214 819
335 1686
394 1275
790 1974
1608 1429
1273 1562
545 1221
563 780
1852 1792
1121 778
1372 1370
736 360
164 1985
860 1638
1547 934
1289 954
1199 155
1603 839
1218 462
1111 1023
1441 1239
489 200
1600 856
1358 632
1304 1681
1053 1826
1865 356
1339 157
1085 369
1491 529
1717 928
813 78
829 138
852 1556
89 1292
1503 404
239 1798
75 1889
1564 449
1716 644
1186 667
506 879
252 1887
56 562
130 1481
619 826
1229 680
1549 373
1998 1088
539 1248
924 1342
1728 516
1249 475
387 1768
1957 831
338 1458
603 66
1998 119
1786 1081
406 115
1253 4
1482 145
1239 81
1405 329
229 940
803 917
1326 1315
683 717
639 778
122 324
549 542
1449 42
722 1090
574 931
181 1250
1543 183
1081 77
654 1551
1754 1737
55 1402
1053 15
922 563
1915 1718
1343 1420
1830 457
1231 485
1763 950
366 1156
1984 1101
1343 858
1149 535
561 1046
1654 572
1306 716
838 1267
1255 1699
1628 683
427 1861
503 758
1780 798
830 241
920 1218
1575 1553
597 838
1356 1993
749 651
425 1354
793 721
666 321
484 1828
1544 126
1948 1588
1127 1869
1737 90
1146 843
1094 912
1424 172
1813 1050
1481 1537
437 1563
893 1896
40 299
1184 1816
1456 1565
1181 1344
504 1764
545 1874
1287 1205
94 1437
937 1176
1162 1087
1056 534
1439 509
581 5
1282 40
936 628
780 1636
922 427
362 1440
680 228
968 37
188 814
493 502
668 830
78 1728
1440 1171
529 660
859 909
1498 1255
1691 938
629 15
1709 1629
2 1241
794 528
932 400
446 1799
174 233
540 1431
1257 131
81 414
597 1086
1300 51
583 1279
364 1335
1399 1401
212 951
1620 1601
1987 222
832 1868
80 225
578 352
1406 1834
1740 574
564 307
207 1523
624 1518
52 79
1050 1426
1327 1686
575 413
762 628
1260 1691
504 1372
1278 596
70 607
1831 1554
927 415
312 867
810 46
722 850
229 1526
1760 1374
1386 1533
923 594
1372 1720
1146 577
171 1349
1921 1915
1404 265
816 1378
962 1268
489 1322
415 566
1891 1582
664 1218
1397 624
188 954
1897 920
1465 1863
1245 1147
11 1389
156 882
486 713
1205 1991
1079 1667
474 1373
1885 869
1313 424
1191 1887
1135 1641
1193 146
1066 160
783 1297
1709 1354
130 452
1112 798
1956 1545
125 1641
1886 1634
990 1591
1430 688
1324 1363
1310 906
1254 1272
1556 562
1817 1526
1136 1767
1930 1087
873 504
751 456
320 1688
1136 130
582 1876
1323 1434
843 1748
1638 1069
705 1991
426 736
1206 510
1115 1820
1366 736
1532 1240
1631 316
1042 631
1082 1179
790 1624
1006 1267
278 1452
1163 386
1036 1932
688 1013
1619 269
418 15
715 879
614 1807
176 97
1033 1940
1540 403
7 1747
457 1512
1840 1636
1147 835
650 309
1478 1911
1939 1283
1019 638
1280 1381
184 1695
450 1900
1774 1706
1470 1487
1385 417
1793 1882
1389 1029
1463 770
107 797
1818 319
1034 366
264 678
561 944
1495 173
86 885
726 1683
845 1676
1915 1975
593 103
125 1398
307 1017
159 888
1769 1841
521 1095
1455 1008
1900 437
1950 425
876 1633
1370 1752
313 441
1235 942
502 903
1550 1645
1635 1356
1489 1691
292 1601
344 1906
1587 1074
317 498
1096 1783
1421 1230
1961 565
861 757
1820 1768
418 1911
1785 1261
1271 398
393 1919
563 375
1737 1296
747 1318
736 769
1801 237
442 571
1638 927
856 1862
1113 1625
770 982
1969 244
1180 109
873 78
1622 1770
119 1625
130 1454
656 1669
1989 1426
884 1387
1168 956
228 812
951 315
1894 1297
1571 1870
1574 909
1603 1441
1999 1290
865 47
939 1376
760 1412
712 1434
1729 159
1178 399
957 1180
106 1287
1588 1750
617 1283
1136 317
1083 262
1457 1817
1309 1880
1221 124
419 549
1827 1787
1479 948
748 1602
1675 1611
1746 1529
628 24
278 1339
1163 319
1518 1601
1958 674
639 1720
822 1660
1623 1074
1386 95
1725 1330
1266 569
341 1366
1231 1877
664 197
1681 1272
1851 512
1365 1347
403 1647
101 1946
235 1176
1703 1227
1890 1269
1731 1006
1928 1241
647 277
986 99
679 1924
212 837
1447 338
831 89
1776 1336
1338 367
1730 1597
554 318
1218 969
1112 1404
314 1687
1628 156
1226 1208
872 385
1335 1614
1660 301
685 1129
957 1796
318 1862
394 702
1507 277
1930 1617
608 470
772 431
350 183
59 1062
27 240
193 232
164 1705
306 1801
430 1987
331 166
1613 1623
1260 1921
1297 649
524 1275
1043 93
1921 1257
1891 1557
808 1617
1732 535
1202 518
1453 1074
1170 1916
1591 1996
1227 89
541 1607
512 1666
937 1767
934 873
242 137
904 812
1613 442
1992 1291
1478 874
1738 1299
1409 1297
892 739
203 1818
1985 70
1953 1372
1699 848
1198 1385
1925 1694
788 825
1818 1338
421 620
1205 1064
1078 1326
431 1238
859 1508
75 1461
958 1528
1610 351
47 1851
907 1834
600 264
1889 268
953 728
275 964
1392 1035
960 1740
685 241
300 145
1509 129
1443 1585
1268 878
1874 1815
811 1483
1496 1649
357 209
393 131
1304 1400
1235 460
1129 1713
1971 1319
105 25
624 1031
37 1313
1728 219
458 971
109 1901
665 415
183 351
160 593
1686 196
1651 1305
1174 296
1566 638
1605 28
849 27
1439 1884
655 1005
1561 414
58 1687
272 958
1625 1895
1277 44
489 1265
1600 1823
947 1271
1277 379
608 445
283 1979
689 1469
1396 573
1931 282
1690 1454
926 1342
1610 727
234 1238
1596 1414
1433 1162
826 718
1822 64
706 104
579 778
1672 617
678 962
148 1097
1469 973
1284 1923
1236 936
756 1202
1494 96
763 214
636 856
710 435
1342 1984
1235 859
52 680
292 383
578 42
1825 712
219 1602
903 841
1682 352
375 1278
1194 1622
1170 12
640 1039
861 991
1163 989
1972 169
856 193
1778 328
1960 1797
40 1754
1213 27
1983 1003
1679 1558
856 98
1953 588
1344 760
1393 1355
657 385
1416 1438
461 723
209 1326
218 429
1925 1283
714 453
661 1722
753 1449
1591 576
1984 4
384 265
1237 1292
1509 1559
1571 1636
176 939
1741 1432
360 1868
681 1154
74 1606
1621 706
1490 452
1552 343
163 1035
427 890
946 1318
1116 270
927 1411
641 448
71 1143
353 1186
1736 643
6 1812
244 345
276 1386
514 1493
825 780
912 521
271 1478
811 801
1899 846
1260 1020
209 415
1652 398
1728 342
1214 1761
1486 74
1454 1360
1020 232
771 1244
1068 94
1618 1832
152 797
1951 149
487 1358
535 796
1330 1154
115 1659
1001 1866
249 1709
138 910
654 1486
1282 1301
54 1955
1650 780
1408 857
75 438
421 142
1931 663
460 356
1571 764
903 800
1797 354
1860 276
1466 919
1212 1186
1937 1931
1762 1428
1190 1941
153 1131
1930 468
791 826
1734 1878
353 298
1888 694
1768 908
495 1088
85 1512
1973 323
172 1253
843 280
1214 889
617 1848
1115 1472
1101 1197
552 182
259 1800
1013 9
1980 595
1391 1252
736 418
1355 1974
214 1253
1383 465
853 1094
1459 385
488 1390
163 194
573 531
1542 1996
1749 926
349 1609
1949 1199
1419 876
713 257
257 1559
383 837
314 188
685 987
1515 916
855 1595
1729 1790
553 1401
629 526
99 527
85 608
546 210
886 1782
1922 1931
1051 1139
1558 280
80 1952
1574 1133
1295 580
38 1847
158 785
536 454
458 741
1417 718
1290 68
868 936
116 661
1721 1944
303 511
1481 759
1359 1446
1652 1356
40 733
609 796
704 1380
65 830
592 1962
196 1788
32 1653
1801 929
606 1955
816 545
892 276
968 764
751 723
1731 49
1950 237
1379 1619
802 1800
1244 976
587 511
1825 5
1428 1420
1038 1646
808 399
823 1871
1859 1605
877 1743
451 585
1437 1837
671 629
1577 646
1203 1611
1246 80
1690 943
1337 573
1898 838
1487 1015
666 279
1567 787
832 51
495 1493
951 364
1482 213
1652 1417
1323 1243
1913 1679
1839 243
1182 1170
225 94
1772 182
279 372
1096 1027
624 1616
640 1301
27 755
671 662
1502 1014
763 721
956 735
1873 922
508 602
715 556
1838 296
556 488
888 488
1245 500
1669 347
11 209
1416 1204
385 168
316 1268
1180 577
1611 1839
728 512
1263 528
537 1802
188 650
1742 422
1636 1261
515 1651
1836 1291
1403 770
891 1622
1678 171
1031 1933
1730 1513
130 1426
441 83
833 721
81 84
1773 1265
1084 1326
1545 772
1796 1336
1324 1789
1584 878
717 127
532 1681
978 1345
406 1214
1136 841
161 461
952 304
1267 1829
244 1034
357 1813
1115 453
905 1714
1912 1268
949 397
1659 640
1783 1246
145 1389
243 742
905 47
147 1680
1170 613
1898 574
513 1390
1871 1311
571 371
418 1718
1400 652
701 1913
390 1712
927 1515
1711 1335
1844 1834
369 797
1554 526
925 55
429 571
987 1265
1437 964
627 1174
76 1456
497 1078
1198 1053
43 621
1920 1819
1120 1045
456 1014
407 1409
75 860
326 1664
647 1490
1539 1436
1582 781
1495 986
965 699
506 1840
877 479
93 272
96 1882
439 260
921 573
1919 615
1341 1885
37 761
819 410
1942 1978
699 1648
321 1226
1222 364
1268 730
1602 198
1148 1456
59 1618
636 1180
1867 246
1941 867
1376 715
1816 792
382 48
988 1581
1290 1091
1630 33
815 1708
1445 1651
1020 1150
1029 934
607 590
1308 1635
955 1805
462 27
944 310
1278 305
1188 25
1354 225
30 1747
1672 1984
1465 427
59 1003
23 638
581 944
1540 453
1446 1148
1782 784
1067 1053
385 293
1307 554
777 747
1870 1187
874 1569
1150 222
1423 1540
1560 1194
1657 234
820 1197
576 1684
1244 54
1262 1211
1567 1284
239 1766
845 93
1610 867
409 1481
118 1141
176 460
732 1957
1670 713
787 284
1730 1404
805 1131
887 1064
187 1740
1204 587
526 635
173 1521
71 1494
1322 1988
318 1
1807 1325
378 500
553 968
1122 1195
1509 1734
945 1942
523 1670
543 985
1562 531
437 558
1070 1906
151 976
462 1171
1421 1156
1119 655
930 609
697 346
1174 964
1329 1145
774 268
759 236
1092 287
178 865
574 131
904 1003
777 355
83 740
544 82
1865 1244
114 1736
1099 1556
915 1773
1520 981
96 1213
1643 1107
283 407
1745 1747
879 434
1138 665
566 982
1272 859
573 74
1624 1284
460 773
688 1120
881 1165
1797 961
536 1216
1582 1149
3 133
1134 667
1919 1000
7 1889
751 657
1942 1585
1802 1546
546 1896
1469 481
960 1547
353 969
1275 446
1017 418
46 404
837 119
1923 132
1051 961
396 843
1164 288
742 316
1648 3
924 1833
1867 355
1980 66
1489 985
1094 176
905 1068
1827 1317
783 1403
1509 1122
381 1865
1184 1272
303 326
1181 1120
1573 174
616 1182
1739 698
1831 1258
487 625
5 1640
983 15
814 746
450 297
657 1885
1568 1485
1865 1009
1060 341
486 1594
1618 235
1265 1041
1565 1296
1233 1807
315 942
262 875
216 645
1887 1457
1159 1668
1876 1898
1691 714
776 1575
1698 290
603 882
1956 766
1723 221
395 1959
1137 1192
1579 750
166 1610
928 1933
279 1321
1185 1554
1298 1299
1003 1051
74 513
1624 548
332 457
78 669
1817 1694
1443 739
514 905
1581 441
1620 1313
811 381
1817 1705
744 808
1422 303
695 903
143 245
1435 1524
1668 466
1283 628
729 1753
437 1032
1746 538
1912 1742
1105 616
1707 1647
525 1442
1612 183
634 1638
782 936
686 752
821 590
1928 206
1549 529
1365 1
1517 838
530 2000
50 1670
1655 96
1826 1176
675 856
1622 1855
726 1376
1039 1905
308 853
1288 331
1219 1057
556 847
1892 718
121 128
137 1387
488 669
54 732
1504 1309
533 1293
1165 12
1204 1622
384 646
692 1378
114 445
894 920
1469 374
1310 682
724 819
798 1630
1669 541
1026 420
399 561
364 1730
1567 1394
887 1206
1369 1459
667 934
1897 59
864 37
338 1844
1890 1778
1544 1380
141 1573
52 1658
949 1012
1246 634
1651 691
1936 1790
1880 2000
1004 1622
1688 1495
692 1584
153 1878
1771 358
1333 655
1540 691
1208 1084
58 1757
897 379
203 988
994 801
1111 12
885 804
1902 1647
693 1960
871 721
802 440
675 1978
516 1662
424 942
1950 417
207 941
1680 325
1984 197
947 538
1244 284
1117 522
529 1057
308 32
845 327
248 929
137 152
10 1686
1776 1389
1004 424
1034 1765
56 40
1430 1304
1571 1494
1935 309
780 1817
745 1628
687 1407
837 1140
1298 1670
982 1895
1116 1496
817 75
1149 783
641 1046
749 13
1497 800
1487 1315
1399 119
186 1161
1221 1455
1309 41
624 889
1214 56
1910 1333
1401 535
6 1523
1936 774
1773 538
1368 1948
123 687
1456 1179
1329 1379
1830 597
192 100
1167 275
1156 1748
676 286
512 1367
1870 726
330 112
1049 1136
369 700
835 1399
687 254
1816 131
1245 672
1630 1912
765 1078
214 1316
770 246
1985 233
403 1239
1013 1596
1459 254
638 475
527 662
351 165
1138 899
1643 930
1661 1333
1168 860
248 25
1737 1309
1015 194
1475 1355
1120 565
845 628
492 1500
997 649
1038 689
282 1710
134 1479
1098 100
1614 1124
1907 1050
1134 846
1660 738
1508 1143
1607 293
493 761
1262 532
1335 230
746 1250
16 909
491 685
313 1553
742 38
887 1035
1574 513
588 912
140 614
1519 1002
1334 1614
401 802
419 425
1765 1210
1903 85
1242 1421
963 164
1284 1631
105 204
1140 108
1009 1574
1055 1769
1845 1251
639 1432
1548 1630
1933 1428
722 468
962 359
1531 1914
1301 1562
927 551
1231 1459
1658 1271
662 1132
1416 576
1293 1394
87 315
1618 469
918 1902
954 626
1383 1027
1000 492
866 493
1495 262
1048 1557
1744 274
1066 290
951 804
1105 456
1345 377
831 1490
1988 389
1098 915
1942 1262
858 1768
1356 95
821 529
313 775
173 565
1335 1011
1616 107
1157 171
485 998
1355 110
1500 1101
592 1838
600 251
1523 130
59 419
1274 1938
98 391
1096 1858
1368 1767
1064 972
160 1582
1947 1811
418 1258
116 295
367 1213
1981 1696
854 1501
396 202
137 1945
729 392
164 125
1550 891
870 63
1093 464
249 883
549 1586
1208 602
694 1573
1782 452
1067 1505
1897 1426
245 138
379 1636
743 447
696 1225
1622 3
693 1039
1484 782
668 1554
1040 1204
633 326
262 320
979 942
1313 1938
488 1011
1281 1190
460 1609
372 269
891 1815
1649 531
56 582
402 1486
1304 1607
1130 152
1567 877
798 176
14 1731
721 1910
639 195
406 1145
1918 192
1388 1083
1203 669
16 1507
749 1647
433 1633
1779 1486
182 1567
1344 1201
1934 1216
1381 798
230 1324
465 1808
677 867
845 1414
1839 1101
38 935
1746 1676
426 1873
1608 129
1880 1702
1405 213
854 325
12 818
628 1382
1877 1095
339 954
65 884
821 181
1838 1406
1485 238
733 744
1656 639
1450 168
998 887
802 1730
1300 837
664 1995
1761 1167
1628 1287
1717 1525
1110 1547
1258 587
1131 1227
1168 1887
428 992
1869 473
717 554
1512 1566
739 242
1403 75
799 852
245 1713
1389 116
483 707
914 170
241 1426
969 506
1149 1503
1070 1029
791 1532
851 1361
840 1002
1907 1656
238 1089
632 1420
353 381
1995 1977
67 821
943 58
1432 1170
3 1938
876 111
1302 1883
1291 1250
701 787
1203 494
673 1103
198 1762
767 407
1228 875
1447 715
507 1181
1554 5
1587 1576
317 1020
949 1499
589 836
460 1296
1891 1918
1155 1769
153 160
976 1235
1379 463
886 1849
277 207
1572 1426
784 157
657 1697
1840 1782
422 855
1012 19
1551 516
122 1037
1632 520
1438 1223
1872 1063
108 1064
527 1516
1604 742
866 1512
580 334
1636 1239
213 1151
1230 256
1200 883
1345 1406
47 1452
637 412
1264 618
164 1992
1160 821
579 287
46 960
1026 834
904 1564
867 505
1987 1753
1337 1816
984 1072
371 1314
1627 715
792 1975
1595 1733
1809 890
1024 1900
1101 224
1376 666
843 752
104 1417
1417 801
1529 279
810 1575
1152 1774
1025 1552
513 1316
197 1843
930 416
1968 1600
1566 133
609 871
259 656
950 674
1434 849
1146 1094
796 345
687 1292
1873 1725
1139 307
897 1754
1898 1130
1169 1634
850 209
1703 1745
627 1184
643 583
751 558
1346 26
1450 1398
507 1390
396 1869
1604 1489
1470 491
1885 791
227 339
688 815
1389 233
213 780
107 249
199 809
773 746
1091 1635
1919 681
600 1926
851 1498
833 1532
1109 11
1575 1590
1771 1981
988 71
636 691
1310 715
103 1678
1256 1600
1996 1709
1312 656
1948 1563
589 1108
3 517
77 1920
905 877
1297 147
1865 1636
469 822
1912 1274
1202 16
356 1644
432 84
531 1216
937 1273
775 949
1916 817
999 1647
856 1479
1401 1869
1390 1112
1674 793
1797 999
70 1963
813 71
1602 1649
4 1923
915 575
1143 965
1325 120
170 1546
1039 830
714 1231
804 1698
1989 1654
167 1003
1403 745
593 1646
1919 289
1352 57
558 1242
1981 990
1697 1423
780 1445
1370 389
964 438
114 509
1653 966
678 588
572 1991
92 1561
1433 74
1247 1061
1791 584
147 101
223 182
663 1077
52 46
949 472
419 1381
557 1079
1398 1421
8 396
564 1909
1239 907
912 674
92 780
1518 198
1580 965
755 1986
607 1901
1456 1327
976 281
1470 1136
782 107
30 908
969 928
1321 1359
1655 1756
1060 1560
55 350
1404 296
1113 1581
175 6
1252 1560
76 1309
1800 1467
1520 988
25 1641
327 775
1703 239
1618 1177
1272 805
54 1072
1092 1136
1624 1358
1650 1542
301 317
1018 177
234 1760
896 867
324 256
1218 326
1516 1723
1755 533
1462 1093
558 142
1370 1168
943 976
374 1697
180 1232
103 1795
1033 1344
406 1558
1567 1075
1235 1722
673 1361
1563 1872
585 189
730 1982
1122 396
1599 610
260 1215
1714 1588
635 1911
1096 1507
822 301
1283 205
1659 1912
1195 1513
1273 1207
1421 1895
1513 1758
1283 1702
1965 1898
1049 1628
5 1566
1951 299
1220 295
1681 307
1531 1454
1169 615
1688 753
1833 392
855 141
535 1410
454 1859
258 1014
1625 1646
375 850
249 1071
1120 98
1980 1893
1731 578
1897 1635
645 1209
523 220
873 182
68 848
1636 973
741 1910
1431 1077
241 268
1862 1403
1698 1784
921 1608
1097 311
1774 599
1299 671
144 1515
298 1014
394 280
1303 843
912 1479
1759 1218
865 960
798 1420
1515 1162
974 338
1505 1755
431 313
913 458
1233 1975
1477 772
1496 589
546 1516
1846 1917
502 998
762 1415
1922 645
1473 960
68 310
520 451
59 1436
513 1038
1087 1772
1047 1173
1013 395
690 1950
835 731
930 1105
782 1014
916 1068
185 1054
1951 1028
157 1088
1478 990
1379 159
606 165
1067 693
1554 1941
424 229
689 559
262 1065
216 1863
1281 1271
608 601
1426 1250
1233 1048
668 1507
1343 1425
1011 1240
649 637
135 926
1632 48
264 1757
1654 353
951 280
199 535
341 805
1642 1221
441 1963
1589 506
1628 1424
252 1687
865 72
756 1587
1702 1622
1995 1496
869 1532
1026 315
296 1993
1803 977
883 412
1148 1168
832 686
1849 1139
299 1379
514 1706
622 1851
736 954
1768 1149
1653 577
408 1793
1696 734
1182 569
1352 850
1758 140
875 657
1426 585
610 1266
1587 868
1104 1410
1283 1299
766 197
1808 1884
1605 136
808 752
1024 1749
1206 205
821 353
1005 1891
1819 1574
1199 1148
1381 1702
392 423
1579 754
275 213
1671 162
1678 1226
212 595
559 1118
1701 1243
1281 452
566 334
1048 505
515 1948
393 1614
1843 842
1811 1620
1407 779
1433 1310
1218 808
939 201
187 1452
321 146
1033 325
81 1870
1148 24
1017 522
1192 1314
1563 853
1634 1215
24 1123
889 1812
1892 1342
730 272
582 1297
950 974
864 1794
271 474
1601 1375
400 1745
1856 1393
1020 844
942 677
836 1512
1993 1429
748 140
785 1950
930 833
458 1682
628 842
1965 871
1036 1489
1727 337
335 260
501 44
531 1771
1688 1780
1372 1125
1213 167
1898 1009
316 471
1863 429
104 1205
595 823
1314 810
1266 1863
69 249
1917 1575
733 258
875 1974
1125 1024
608 1353
594 1396
1263 918
1837 931
880 841
1230 1049
1326 1214
170 1491
1989 760
1677 1510
428 1823
619 52
1941 1976
1908 1480
1852 836
623 1136
1677 907
1439 1381
1004 1357
151 801
1854 637
971 1344
756 1926
925 1635
1893 1406
1342 1228
1297 763
1418 1572
41 1300
996 520
832 569
212 1535
275 1282
1189 595
1821 866
408 1676
1754 1159
1627 959
829 1348
1973 679
617 966
889 553
1715 672
1885 123
1207 19
1726 1057
1246 559
538 758
1456 93
1848 943
1594 1695
1580 414
1606 230
1176 1536
701 1275
1644 533
1760 1814
563 1842
1921 982
784 1769
890 147
881 683
878 1997
1992 93
1369 979
1745 454
1155 1127
1851 258
608 1628
885 1364
1618 1646
727 1271
1984 1296
114 316
591 818
958 19
1766 1511
725 364
1919 1856
1924 1600
1596 1445
416 918
1656 392
554 388
1430 1517
1550 702
478 1972
939 322
1392 1676
1942 1060
238 1280
1268 1989
1275 931
1090 1713
1222 750
1944 1416
1443 963
1247 329
1284 453
274 366
748 143
636 1282
172 1105
624 942
1599 437
342 1404
236 1864
1606 1427
836 1363
1511 1281
1 548
1216 721
1730 223
614 155
730 1643
999 150
736 1043
747 1773
1213 60
1782 1591
44 525
1404 1737
341 1929
710 370
1510 753
758 842
235 1767
1046 887
456 460
700 183
668 1225
114 1412
1318 1175
566 1704
623 1285
471 1656
591 15
1735 1506
1831 895
465 946
799 1798
1762 168
1767 1997
1715 763
351 1979
483 1593
1900 350
690 757
219 221
1305 74
200 1923
13 1883
147 281
313 1
691 1236
375 839
232 239
1980 1880
1853 1478
917 1690
1675 158
898 722
792 81
1936 1438
602 1604
1785 1717
367 912
369 1775
835 162
104 184
1474 1432
1213 841
1416 565
664 314
482 365
1691 1974
348 1158
1085 1115
991 188
758 1625
373 757
389 880
119 17
852 1506
1046 1050
693 1826
142 88
414 733
1855 204
511 859
294 951
118 1663
1262 200
1135 314
231 1844
1158 263
1822 814
1070 1235
611 1706
1352 1248
1015 328
1995 342
1098 1619
1022 1468
1549 1119
724 302
1185 276
1388 885
159 1565
793 627
975 1951
1493 1834
893 1709
1835 118
13 1793
1282 1264
1682 54
1479 364
280 632
577 742
886 360
94 285
970 962
1598 1641
476 1848
1604 957
1946 1422
1898 747
62 969
472 1050
807 1829
1492 1555
447 682
527 1462
568 1184
1143 1162
239 340
958 425
686 269
559 513
29 534
301 785
1832 19
529 566
676 235
827 1765
511 1140
1292 149
870 489
848 1487
983 202
565 1281
56 539
540 1333
1072 1627
1379 428
731 130
383 1439
1914 1401
71 1225
1130 1704
756 375
41 1038
528 1380
154 1335
882 1885
34 961
364 568
2 1111
1182 926
426 151
1348 418
797 420
1719 173
300 775
1631 865
1101 214
798 1538
792 220
791 919
757 427
356 187
1871 1387
1119 1526
241 1665
771 1958
842 1114
937 434
1903 1850
1929 577
754 165
606 1922
277 930
904 148
235 549
1470 931
353 605
500 1129
1497 540
1930 1371
1655 486
1364 414
1850 1140
1710 733
590 736
1678 1579
1590 375
417 1015
135 1153
1779 1569
202 1906
612 1849
1737 1532
1382 781
1313 266
1723 707
1928 738
914 215
870 668
1935 94
851 1316
1538 1268
840 863
35 575
510 1823
998 69
219 1246
1273 965
1130 1312
920 1259
830 594
505 509
1003 394
1374 175
952 572
883 720
110 1316
1849 1831
1493 1983
1544 71
592 1102
260 1150
956 243
1417 1639
98 743
1961 233
603 846
1475 1398
1287 571
1518 889
1085 371
895 1974
42 1084
8 1150
116 455
1409 1843
393 1444
464 1428
1188 181
782 1442
223 814
849 595
242 1305
941 3
634 759
1358 748
55 405
516 482
1258 1930
740 1667
777 671
265 1651
1019 988
1263 561
1740 1477
1583 354
647 198
336 328
1737 1770
216 910
361 171
234 443
1945 161
1876 1651
1764 786
1742 527
811 1325
757 1549
1822 1837
1313 543
1647 1548
1909 1879
1730 1480
1748 897
1843 1179
166 1347
1697 1477
1674 1580
1116 251
731 31
604 775
950 319
1104 1351
989 731
422 1187
1095 1359
636 400
1542 1930
13 1093
1290 988
1122 823
382 1852
539 753
1223 244
349 528
328 403
502 801
1725 1485
419 1199
610 678
273 1449
1290 490
1845 1544
363 506
1292 933
1968 1589
277 1170
1621 1292
1386 1410
586 1199
1432 288
1986 1929
588 64
496 40
1409 1062
1030 1381
1427 429
606 356
36 1406
613 1160
447 1096
777 557
968 1825
842 691
1281 1840
142 306
313 1648
1952 203
3 1692
1650 1788
566 1948
561 1178
368 1719
506 1875
1670 453
1019 526
1988 808
1038 51
1702 1002
1575 376
1137 340
1749 1421
150 722
148 649
1787 254
288 1646
16 1591
1418 989
1017 54
46 40
281 1596
1796 10
1044 1911
1941 1519
643 407
711 598
1418 1392
975 117
1261 1872
172 1970
1323 1461
792 1247
1147 637
66 1840
63 178
1689 1604
1839 1726
1216 178
367 1574
705 1299
727 570
1990 1814
967 1515
1619 372
789 211
1506 583
834 697
1520 1155
1948 1325
242 819
1100 1107
1473 1319
980 1029
1209 1456
1558 64
947 1928
140 1592
922 1978
1680 446
1931 1570
671 1737
1041 1780
417 1842
89 1549
801 1619
474 81
1778 1746
506 1266
1521 409
86 866
1654 1207
713 724
511 1291
660 53
1144 272
1642 115
1490 772
1040 571
1338 1636
1672 1372
1051 211
294 831
1197 1503
281 785
348 1954
378 279
140 1132
1639 1799
825 204
147 952
419 959
560 1915
1108 1161
1722 1713
1727 1470
1609 1649
1304 286
1993 1827
1123 815
1057 122
1721 211
1368 1893
1739 771
1082 1951
1156 378
882 1501
1195 148
5 348
1951 725
1711 601
330 967
1719 184
1359 1286
355 360
784 672
1099 1589
1671 619
1270 362
461 1280
68 1938
1578 1709
435 433
1288 255
1480 113
776 467
61 311
1076 1931
1516 125
1048 1967
1794 1936
492 1749
365 865
24 1011
1864 941
467 1693
622 129
542 408
990 1739
53 1028
1589 1893
1714 536
521 1522
1396 1466
286 486
823 133
274 834
1304 88
773 1618
518 1505
398 1123
1733 343
1303 1247
797 1471
1726 1248
1916 1084
399 1945
1020 943
1202 368
709 1556
1873 749
460 1187
455 1672
727 2000
273 652
1757 19
1245 1855
468 1985
1049 76
992 686
1932 433
1201 441
1560 1812
1023 774
1085 1799
1655 1219
774 38
1470 1347
667 1628
1830 1023
71 127
1265 607
1318 1699
361 1949
489 1099
11 1706
817 1103
802 1708
395 1988
999 1315
554 327
1695 368
208 919
1157 266
731 357
178 597
1697 884
1148 466
194 1597
652 1211
1962 368
1803 1724
1911 1975
373 884
1074 1172
975 1739
811 346
1405 471
1537 796
1221 1307
1387 1071
1175 722
1267 629
1123 1785
1606 1234
974 1189
1555 880
767 1448
898 1773
1292 730
1790 1054
1806 291
563 235
305 687
1831 948
955 1888
1307 1548
937 281
1351 19
24 1180
537 629
1413 1020
295 861
795 445
1793 886
507 1243
404 1978
1138 559
1583 1813
1009 449
940 549
1866 1278
1396 747
714 1754
1389 638
1380 208
474 947
914 692
241 996
933 1201
1345 760
997 549
1792 1849
1868 748
1031 1988
1490 358
1072 1519
1476 661
250 1163
1888 1793
514 16
491 529
1639 768
1832 903
1846 1166
1542 1379
698 228
1641 1444
80 1747
958 1010
1147 771
889 631
1366 1507
973 732
95 1201
709 1689
220 1779
585 725
1831 1084
30 1828
1799 886
704 1079
1453 310
1162 1957
690 1142
941 738
814 1424
418 1530
386 669
1983 1658
1692 1397
1577 1010
846 865
1753 1675
1425 397
689 1562
987 1545
654 1384
414 746
276 1014
631 394
1459 1447
1901 1242
89 1895
1850 1896
1103 1576
1624 833
121 1462
1538 1397
467 670
1004 399
1339 1175
1970 1016
1384 117
925 289
1243 298
152 1437
1545 183
1918 577
1722 308
159 1490
1316 1029
329 645
1766 1313
129 1819
1911 1800
110 1624
1007 970
1076 105
1994 1748
1880 348
1611 671
1355 1938
451 1220
1007 1135
292 320
977 1096
617 1859
875 297
675 971
1820 495
1587 396
745 965
5 950
1899 414
729 284
1742 106
1965 1399
443 946
1752 1680
228 1168
69 148
1360 1753
809 357
131 881
1888 1377
696 1117
1604 1007
1855 1413
1103 1440
1665 1617
1989 1302
717 1047
1737 1342
1154 482
372 1378
61 196
56 1215
1804 360
1527 869
467 1459
600 444
1665 1210
395 98
141 634
413 1260
863 1201
699 48
148 298
1070 33
314 30
812 241
1758 749
49 1591
466 821
1190 1050
14 1367
1759 735
1817 892
1464 1428
148 1869
71 910
553 1691
756 438
645 1099
1633 754
105 1840
825 763
1602 1480
970 1524
419 582
1786 458
357 1730
158 161
1056 104
748 1857
1841 32
1260 1144
192 1995
727 85
197 1082
109 350
1006 916
1089 1376
544 1852
809 1585
1536 673
1921 121
1121 1847
1234 1774
1067 1757
202 439
1789 76
594 850
980 1446
453 1697
373 1190
270 1940
362 1949
548 862
329 1024
650 1758
1551 1560
573 1277
380 1769
1124 396
1345 1789
1223 456
251 1175
1004 258
623 472
533 1984
826 698
1582 718
611 1684
1755 403
1628 899
427 1693
1512 386
1153 595
1462 1991
1584 1753
509 60
1734 1903
703 481
597 110
800 1841
1261 55
106 715
1337 415
1814 1179
491 127
438 666
350 438
45 1288
931 519
1479 1853
1069 1301
695 1266
1754 1583
1569 181
829 188
670 1248
375 1130
377 229
1082 1340
1428 461
1474 546
616 710
639 170
508 696
1891 143
753 287
1453 920
298 1194
369 1482
242 1112
489 1903
497 499
1446 1315
1755 913
643 1990
537 335
189 1220
1915 797
334 407
1799 1211
302 1437
138 1666
940 757
214 889
675 505
1618 675
1023 297
1818 1597
1931 1526
269 1277
1924 629
168 308
681 953
921 1994
1516 1345
780 827
985 1491
1183 119
745 159
1614 681
330 418
1229 757
251 1302
1893 1630
629 565
975 601
1388 1050
1595 204
1464 954
588 1550
214 811
1344 1168
1599 1144
199 1426
1235 717
1094 1648
190 1638
748 1076
1304 978
1803 1538
697 1938
95 1455
391 1266
84 1664
361 1353
393 125
621 679
909 1117
1651 1558
607 1620
644 482
1282 904
1129 1472
1692 1091
1895 580
1789 449
373 1323
1996 1481
751 698
1627 156
1590 141
1777 394
1592 1734
422 825
1286 1470
884 1992
958 371
1901 809
1832 816
1467 363
1797 254
840 1390
718 959
409 499
1183 783
1465 1306
636 1901
911 712
1284 1666
632 1451
1455 399
1937 388
1014 1913
1443 1059
703 1039
660 1916
1867 84
984 407
931 688
550 666
1489 1166
1776 1607
544 1784
66 1139
1207 540
1329 919
1783 1865
1181 1198
95 1688
192 425
1612 887
490 1942
305 78
927 1537
644 1245
1801 1536
1679 1815
867 704
239 236
1075 1924
927 122
1155 927
1872 667
70 1861
348 219
1895 369
1826 1368
1074 213
429 1610
1187 270
119 1060
1560 1480
608 79
1499 1847
1159 972
239 163
1551 1534
43 508
760 122
686 358
1205 1726
1498 936
528 996
700 1338
334 169
1769 641
725 857
1485 1400
1190 865
130 1419
485 1748
632 291
917 1919
1900 638
1017 1903
1058 1775
1545 787
420 1472
1342 603
1130 1733
984 926
970 188
1537 1659
1888 205
364 613
73 784
55 1488
151 1083
924 967
444 1177
1991 1143
1959 681
1100 933
324 935
695 592
868 36
1387 988
1052 659
84 1038
1903 508
1246 1809
901 529
1089 586
1760 1409
1606 170
1301 1365
1960 1527
620 1792
662 1297
1342 894
363 1073
1131 342
1743 1129
1194 150
635 1209
721 1640
1328 216
99 932
1466 1142
1334 489
661 1224
1982 86
1749 681
294 663
1723 1394
248 609
1774 212
983 1817
515 783
1857 280
1179 308
649 1281
384 1741
1183 1136
1476 1934
837 1716
1545 107
346 1265
400 1486
918 459
1882 1488
261 1116
690 1178
46 246
1577 282
1335 574
452 713
124 1470
1766 1862
364 493
1694 663
244 171
1134 1260
1494 1426
267 340
1007 1550
1966 759
1129 1324
77 1953
1555 412
232 738
158 654
469 983
1968 1015
1346 1428
497 706
483 819
1594 1809
1315 784
729 707
508 454
512 1175
937 1242
153 1643
224 1013
835 1719
1992 1824
1902 807
694 238
1985 553
1752 844
1640 1355
1745 1413
1272 49
334 1604
993 528
1498 575
1890 1293
693 479
1154 1859
674 1689
700 1101
1014 1079
1011 180
884 430
958 1005
372 634
1973 1312
496 1526
268 1293
1709 4
1464 636
1310 145
1864 1823
1981 1185
1660 1186
1370 356
1691 1613
35 1159
286 1721
1878 894
1157 1406
1969 808
645 1578
212 1013
652 1402
1443 577
350 927
945 1133
1809 976
691 577
659 1867
105 524
624 556
451 1560
1214 367
1606 1053
829 723
543 1093
1993 1692
1241 1447
1534 404
116 1903
224 1149
102 1806
172 939
846 1555
277 642
295 1529
1478 578
1738 1083
802 1807
1231 782
1692 268
1985 318
1143 82
131 197
119 1674
601 447
171 541
126 610
626 1626
1502 1547
1200 1813
481 9
248 492
688 1145
250 252
511 1601
326 243
257 920
328 1912
1504 1103
648 1383
593 1212
1516 1690
743 326
268 56
1916 768
1040 537
365 1276
720 1045
148 614
1152 1928
314 842
632 1729
480 190
664 1540
1370 1139
528 396
768 1467
200 1537
1842 805
1987 1300
408 314
636 1800
1701 110
1136 192
123 583
255 1950
387 1156
705 1921
1401 220
723 456
1555 1577
697 1465
1790 721
145 1299
1405 1709
1513 1727
33 765
967 1430
602 1478
1725 858
771 1467
842 553
1877 527
1108 48
1520 1256
1529 345
498 879
1088 688
1964 1457
1959 354
1953 1788
25 697
541 1306
1176 1890
1560 1246
1085 1757
933 1104
403 189
1978 1847
1332 1694
601 652
1742 161
361 1995
838 1367
1412 1026
1364 1071
1509 2
1350 1038
1444 1971
1589 675
1067 129
1235 940
798 880
1660 71
1748 1028
1768 274
81 1842
1499 800
1095 1647
906 401
378 352
1542 170
364 851
237 475
1747 1560
1985 748
350 778
663 1519
1380 1859
484 1304
857 246
373 1187
988 1188
1841 636
98 210
349 1406
1193 720
197 1550
70 788
37 1044
423 1148
976 1651
508 1124
143 537
1086 35
722 1518
1441 1608
1150 1194
1282 1612
1925 246
182 668
1343 1480
871 288
1724 528
126 489
1159 1319
1855 1754
993 434
1661 1687
859 1449
1300 806
1206 1858
1330 1244
1110 1826
1695 1074
446 1379
88 399
1854 913
1999 1736
865 105
957 569
1062 1811
67 763
1944 1801
1171 1503
1501 60
1923 1078
1581 1240
1139 1286
756 245
952 637
377 352
1016 1838
1372 630
438 1757
489 1826
864 30
917 12
408 1888
1108 1009
804 1734
1813 1910
1765 945
273 1982
1714 497
645 1611
1844 1266
1580 1546
1227 1906
842 732
996 926
860 1925
1047 1165
962 393
814 606
916 1009
58 1730
557 496
1035 20
1001 1554
1667 1319
689 1744
478 38
1357 740
415 1130
96 564
1173 1571
1493 1371
340 1479
414 970
1161 735
851 1180
1052 1164
333 650
856 498
414 1441
1781 1199
1407 808
1857 759
794 1283
1180 430
1937 1123
597 1674
1338 1860
1545 434
1848 141
1526 1305
1646 298
943 279
712 1739
1141 802
1754 53
1487 1354
274 474
1881 411
80 405
520 1778
158 1912
1913 1834
729 1891
1184 212
1493 86
963 1079
123 646
1813 1411
1087 1974
1006 1743
153 1013
1273 1800
1278 1831
1959 166
542 1837
210 1322
1688 1747
68 1028
1992 647
1895 1176
934 1366
203 1240
960 801
837 807
1957 170
1300 1187
1763 407
608 755
308 1217
1508 1662
1247 63
49 618
188 815
6 1442
1154 312
1850 1101
303 1696
1955 155
1550 394
1172 724
1868 601
1886 1814
1827 816
346 1886
208 1583
1811 151
1185 1195
1602 1628
938 1037
302 1822
1410 516
431 892
403 1100
408 1771
686 1465
525 1152
52 502
822 22
2000 1977
1802 1584
1449 1320
1253 274
261 145
412 630
1511 734
820 1643
1871 1650
70 1270
1219 170
1785 1737
1658 569
423 1871
1626 1743
973 1815
860 611
44 1380
489 1548
355 893
1775 339
694 1450
968 516
18 375
1985 1813
493 23
1782 308
873 905
1173 1704
946 100
269 390
361 1725
801 1992
1512 1724
1011 535
354 302
174 1533
467 629
1299 466
1465 958
289 441
1269 1344
1179 632
1490 667
155 464
321 968
1847 629
1741 210
805 310
957 219
1090 1680
1113 403
1791 1416
1759 498
645 366
1256 1907
193 548
1390 1497
1242 298
1210 1136
1795 1252
273 425
786 1799
260 1383
204 609
321 1214
910 1601
785 244
882 1072
273 280
628 572
418 1219
596 1798
243 1622
224 1694
1739 172
747 1738
517 1194
1266 1984
888 272
904 533
1616 491
272 239
1524 485
348 922
761 1699
461 661
246 1657
686 1802
486 40
1618 729
1679 1767
954 374
1855 1520
1219 1342
813 465
1440 1413
1514 681
700 1785
1200 721
1424 177
1707 856
1218 1798
1832 1762
706 1234
49 253
1854 990
624 1643
1285 984
1875 1944
699 135
713 1861
261 416
332 1360
445 1071
1192 260
1999 59
1469 1052
1305 43
1487 343
1595 679
371 871
1203 644
652 1670
251 653
984 1230
1093 392
850 779
285 92
843 606
1757 1713
1548 135
1878 922
497 158
494 1830
232 1705
1747 992
1594 453
116 459
534 65
280 1759
727 1605
1990 903
1227 645
988 1561
468 1332
145 1791
443 1322
1294 1690
1113 1474
1558 586
322 1969
893 685
1964 373
1074 1155
170 433
998 1259
803 157
1901 1530
1353 1564
813 830
799 895
1066 446
126 1685
1767 1146
1770 1240
1419 1058
31 73
1967 1888
1462 1896
1075 1975
1522 959
138 347
71 1981
1691 301
168 1764
1847 1107
1981 1173
1835 287
205 880
1090 202
1609 1354
387 511
80 891
550 336
930 538
204 1300
1772 769
995 739
1954 722
52 1108
1373 1994
1029 654
1790 869
614 502
5 854
1559 274
1960 1614
1471 1422
261 977
1788 1828
214 1063
754 1404
1397 230
719 14
1826 1326
1325 1589
689 239
1258 1512
78 457
1969 309
1100 1289
1378 1781
1777 1269
598 1004
1027 272
1451 1421
1472 993
808 1208
593 1672
891 1691
1924 1157
1137 1995
969 115
1967 637
833 774
1348 1762
1646 1204
46 937
1672 1093
1603 1941
16 652
1268 442
1342 897
1178 942
466 1464
876 1395
1076 1843
850 1822
73 862
1569 1152
1369 662
343 1779
1631 838
640 448
1753 564
1802 1834
310 524
702 258
151 520
1927 1568
1541 719
342 157
1516 1162
146 392
644 415
588 1609
741 1693
886 606
266 1221
1114 1094
62 1888
676 1800
1208 1606
203 86
1623 948
622 1081
929 704
1607 1855
1473 259
1823 1575
262 1372
1445 1965
1578 1938
1161 126
760 1879
481 330
1345 1565
801 639
568 350
1709 1485
826 922
314 1270
1792 423
1211 849
14 751
911 615
528 715
1589 371
1779 1829
823 412
438 954
78 1613
1164 504
1970 1832
1482 23
1323 1049
592 1069
988 1688
850 365
691 1683
596 791
160 1837
944 146
1359 284
1950 643
1068 1055
1753 289
663 1003
944 377
1513 1400
729 649
1227 1670
450 1978
60 264
1013 1461
1347 1485
1220 581
821 1598
1118 1852
929 1864
1194 852
1713 972
1510 954
138 482
11 112
1579 935
569 574
181 1756
1844 1025
581 1373
506 1127
75 1938
492 1110
1530 1106
224 632
891 1556
1776 1546
506 1018
605 1310
1236 1633
985 1267
1179 1107
169 746
1552 251
1130 411
653 1160
9 1573
565 844
720 1991
830 352
645 1488
538 627
229 1440
1653 1346
412 1621
317 2000
737 1241
740 784
1645 623
817 853
345 1696
905 1121
1979 555
628 1125
937 280
1146 1458
1167 246
1460 108
1720 1533
512 1972
796 1761
670 177
1595 1314
761 557
131 1554
1245 771
664 1226
424 387
1383 949
998 1437
1459 1885
486 705
1154 1025
1251 31
453 1588
1385 1041
1095 1672
560 1986
1304 11
414 1933
1517 493
877 417
1142 343
1582 1072
536 181
321 559
1066 1551
1317 121
7 549
1981 194
1324 1355
1856 1673
332 1897
18 293
1349 936
194 1466
1759 93
855 1055
1542 1021
823 273
293 1318
2 53
698 1366
830 1047
1457 511
1388 1573
1014 484
281 226
1482 1946
624 366
1038 1040
1606 1875
1454 28
1084 399
1242 1262
912 1987
702 956
1790 671
63 610
337 1648
1391 126
1301 280
1488 1777
736 118
367 472
1273 849
973 1443
835 1898
450 404
1820 1974
1358 346
1194 1243
1671 1375
1959 363
650 317
1258 1730
507 346
841 686
1159 236
1590 1691
1048 279
711 1041
1749 1041
1656 1728
341 156
780 654
1066 903
1280 1742
845 1668
336 1771
1384 382
1862 1138
780 1073
1665 9
1741 286
473 489
399 1937
353 1667
830 495
1366 365
27 1810
1140 731
703 1558
1519 257
78 1071
1567 311
977 986
1701 833
1846 1898
1708 1635
624 657
875 1991
1336 1587
1786 1371
437 608
1936 1118
1655 1950
462 1229
981 99
513 1061
1410 1325
1082 1982
1559 1440
1859 154
1317 1171
1591 1651
776 1830
381 865
58 893
44 824
597 374
1478 1015
1833 644
1655 173
763 82
1365 1747
650 1064
334 529
1828 1732
1005 1316
540 832
1505 676
1073 1100
763 1879
15 1135
1749 1838
1564 50
339 324
1843 253
1716 885
960 238
1977 1203
1815 867
1036 794
918 43
1882 1264
1789 445
1538 516
661 741
14 1116
583 1621
1464 1693
933 1381
168 416
313 1337
223 1370
436 505
843 1913
543 136
697 1292
1772 1605
1271 1294
494 1626
71 1403
1700 22
1573 352
1518 1609
2000 1336
1151 1513
1333 636
1520 1117
747 515
892 1512
846 245
115 365
848 1934
1626 173
209 1860
765 507
1300 474
1784 61
1484 1339
573 1012
668 540
449 338
1938 976
234 756
368 654
206 630
1112 950
1548 1604
503 1884
1857 781
327 1905
1896 309
1831 46
1864 1791
286 1625
74 579
388 1757
1310 1644
1273 204
67 1302
1458 1904
154 1271
1542 95
585 1161
993 1857
1196 927
223 1975
1309 216
433 561
1228 8
1064 1081
1728 960
1177 1918
133 1840
119 1779
278 443
1645 345
1407 1263
1879 1807
1721 121
1573 1272
588 1231
1871 1195
1535 733
1068 1520
382 1242
1075 308
981 1549
464 844
814 1692
1393 169
620 1691
1361 1255
1086 1194
1220 1198
62 572
1206 969
1865 1035
754 1032
1692 44
1139 1155
1510 595
1812 1433
389 1445
1830 102
1869 1988
36 46
1712 769
1788 1780
612 1401
1305 1365
1794 350
1924 382
983 1522
1465 1361
1248 1871
1695 1257
1059 471
1338 514
1022 1003
1451 1313
572 846
1292 1899
632 1953
1130 992
872 1008
1340 919
1515 166
742 1742
286 332
1192 195
1690 334
1930 1489
1581 1283
1148 796
1852 1530
1664 1137
267 161
1835 1492
1249 135
1821 1177
419 506
1356 1630
520 1327
1094 361
1398 1755
1853 1320
513 58
1597 1758
836 1772
377 1153
1739 1013
766 1881
824 448
1499 1564
1619 43
1361 367
556 15
1668 1540
973 1869
1591 209
323 1745
1264 899
484 491
1706 1177
881 642
934 1684
849 1171
23 1903
1590 1599
32 258
569 477
1673 1185
1717 1417
1622 1164
1717 412
1989 391
1349 1027
262 672
359 868
68 599
665 1403
1908 361
264 68
619 1328
118 1689
674 915
1554 1824
471 1003
130 949
1250 1246
1642 332
1091 222
565 299
1759 1987
1031 1302
629 1204
1807 1657
1298 175
1764 772
590 1133
67 1320
818 840
1740 471
1906 939
931 1467
1447 995
882 579
352 730
151 60
785 34
305 1496
1926 599
1174 1192
370 978
1612 104
837 215
1176 828
1049 1074
330 272
5 1036
1865 1968
948 1148
1692 1959
309 910
1939 1842
908 14
1535 105
1618 1295
769 1668
1523 1157
349 1870
283 1156
262 203
746 954
1811 576
1527 674
1850 1062
287 992
1372 1397
1091 1110
372 248
1665 1179
1072 130
1762 129
720 672
1847 280
1515 787
335 307
431 1462
113 585
1249 1911
518 1706
9 406
1955 1003
484 240
1537 1906
1962 1973
1564 132
1461 1290
1980 302
1948 1120
1892 1122
408 1536
1242 1615
1115 1783
1555 1938
1424 752
285 402
52 387
912 1444
1132 169
903 1458
494 1900
356 25
393 17
967 555
570 179
291 1934
218 1252
280 1769
65 953
374 1965
411 725
54 1414
657 1025
76 31
740 118
1300 240
348 1215
698 1860
424 727
82 795
449 36
527 33
1244 597
693 1547
555 1588
401 1124
903 1987
3 1129
1491 928
1931 655
1149 976
611 161
1935 1563
568 29
1875 858
499 859
907 1472
385 870
286 1203
1033 70
1437 1359
1791 1127
1545 1807
1171 976
1447 221
1051 358
1235 1497
85 1520
945 1655
1422 195
1064 1327
1362 768
1309 1287
1627 1332
405 1749
1555 167
221 1667
31 911
988 418
1125 169
1271 993
280 609
393 1286
962 1489
33 895
1919 76
1515 1318
1990 160
1630 203
999 293
1558 1288
290 1733
295 616
1894 1234
1314 1712
1590 921
246 1666
514 142
1560 1372
905 54
1378 1739
1643 221
591 1830
559 616
703 538
86 1121
1089 1821
1943 1548
859 706
1571 160
1502 632
1963 902
257 386
1110 1177
451 182
799 1682
282 1655
1617 1355
840 53
625 1141
111 998
1621 607
351 1591
176 1657
1497 1269
526 1385
1886 685
823 837
526 127
205 46
560 3
463 1866
1576 23
1747 406
1468 653
1567 131
495 357
1878 1088
466 780
444 1061
730 1006
804 1065
398 318
91 824
610 1288
1398 1253
1287 1924
1096 435
137 619
1109 1534
548 907
1958 1147
1322 701
1525 978
1463 1882
814 1221
708 968
512 1907
711 945
1553 840
1416 393
722 1136
1752 1229
152 578
929 798
1028 766
1392 1260
721 476
375 1675
1106 1181
329 459
181 618
914 1801
688 882
674 701
499 932
960 338
1038 205
1741 818
858 1585
752 20
826 1287
1130 203
1607 841
994 1261
1976 253
911 1154
771 767
1501 702
124 1354
1729 987
1676 710
1344 359
645 526
1787 449
1959 1629
1302 416
128 1494
1733 900
1830 919
1827 1079
783 1141
912 2
1246 29
1050 296
146 1734
1917 1368
854 636
65 1982
1559 377
736 309
1181 1011
564 1114
634 732
376 196
1960 94
32 1424
1600 229
602 1305
475 136
1492 1679
758 629
1902 1494
1314 1607
681 1498
1445 619
1800 630
1731 1322
827 460
1785 1808
1002 908
908 1887
986 265
234 320
1744 1235
513 911
511 1216
326 1392
732 309
870 381
1628 1661
674 456
201 999
1137 1982
985 1209
966 1424
1144 110
646 930
1226 585
565 786
233 793
982 1758
699 1280
322 1639
1066 832
39 79
978 1337
253 305
1090 1183
996 178
1577 1507
1261 634
85 509
913 1698
1457 1325
1129 24
1417 1478
502 734
1765 395
1977 393
672 1830
476 812
916 689
829 1108
704 1527
1146 1144
727 1445
139 900
1921 428
305 1733
969 1013
736 984
1521 1163
1199 1547
104 1810
959 962
211 805
1525 1109
516 1949
1896 1599
1510 1255
11 1375
1920 1811
1120 1069
417 1028
587 96
1357 636
949 31
668 1755
1677 1161
1276 652
1610 1148
17 211
1218 309
1589 290
1783 1068
268 420
932 131
1274 1264
992 1022
120 1732
1257 1958
1423 1403
46 17
1044 1880
267 1992
1893 1041
1948 502
663 1902
1076 681
124 864
433 77
1980 967
255 1802
1659 256
1415 877
1682 825
1954 946
1424 201
738 952
1322 1720
1714 230
1398 327
704 383
1663 217
1119 1416
501 1543
909 992
782 1366
30 1755
789 186
1400 423
1453 227
701 1438
1162 1168
999 1965
248 1347
30 182
548 1132
343 1762
1127 578
627 1814
1503 1817
1307 546
136 196
403 1716
276 1710
1379 708
1658 822
1099 644
1265 1180
184 1777
1143 907
1230 1650
315 557
873 11
301 530
126 1285
1145 1765
679 1917
1161 966
1690 1396
1760 1574
506 599
231 1318
625 1311
1996 1389
540 564
1529 833
35 1188
731 387
824 1794
572 1925
311 829
39 448
1715 1309
466 1240
318 9
1653 1309
433 1237
989 1324
1348 673
66 81
316 52
882 783
1936 1032
1917 341
1655 1927
1421 1212
621 114
930 633
1746 415
707 284
423 1512
215 630
1536 225
854 1588
1965 1060
496 444
392 1735
1446 1947
1416 1754
1420 1230
209 1002
1075 706
1705 1724
954 1768
626 1661
833 243
1276 519
1350 378
598 511
142 1853
1924 61
1407 1707
1585 1267
1656 925
1179 110
1735 1857
667 178
856 652
907 1635
550 641
1465 1101
1022 810
858 1291
1158 1240
240 750
39 1096
1041 905
445 1937
14 1130
394 1521
131 319
313 1287
1436 533
1807 518
1279 23
838 577
1341 912
420 989
1274 373
497 1523
818 1667
1726 1225
716 806
568 1863
1126 281
1806 629
923 872
621 863
1054 1621
1146 1562
1808 105
1718 492
247 1565
1333 514
1118 1628
643 1414
1784 1644
242 959
613 156
599 985
1965 1216
1371 1588
1673 1506
1971 1073
1385 92
1756 117
227 1682
234 698
401 1188
220 1017
649 295
333 310
169 1325
1407 836
1045 449
1137 1184
220 1116
1767 1528
130 884
1843 1432
1967 1510
1747 1913
1776 917
565 440
1233 1399
1848 251
1148 1582
1284 1866
60 612
168 1378
914 680
325 664
401 184
1682 229
1148 1902
1733 1782
463 526
945 1851
1493 1613
1576 847
1064 1123
1140 662
1087 393
352 921
1880 1221
211 1998
1133 443
1972 1565
1336 35
273 23
291 1370
1435 809
1308 473
976 1618
1405 1115
1354 651
803 1667
344 220
535 328
1307 1575
814 257
1757 1815
122 465
1409 1319
675 1201
1784 1407
152 1726
1622 1847
122 1652
998 1789
548 1828
1408 1293
306 1705
221 1888
459 533
308 136
1712 891
979 160
264 1691
88 1951
1887 170
605 166
1504 1301
900 520
1419 552
646 1052
1497 972
1034 889
238 1952
678 1677
499 1888
1257 1688
946 1505
763 791
244 900
855 1919
1043 239
1483 91
558 1778
1275 1656
1037 475
136 818
673 680
1474 1416
1323 1714
147 1601
502 1335
353 930
52 1602
345 760
1209 1427
695 232
1659 1203
607 212
322 742
741 378
1644 1797
1405 1987
1813 300
824 522
508 243
482 1278
1828 1175
948 1707
1939 1453
1503 1143
1681 1239
1932 317
1059 773
64 1218
1597 679
1858 1513
901 428
594 1710
1901 1265
1618 1725
1908 307
954 1290
626 31
1200 338
1677 1696
757 1171
10 1694
1426 652
1045 342
1543 187
328 1333
900 251
1127 1623
28 46
434 341
604 665
558 1386
1017 964
46 1598
1986 496
652 1031
1128 1557
1076 823
622 877
1602 311
401 53
1736 1789
117 363
352 1161
924 391
140 406
917 826
629 1769
1147 15
1083 1749
335 1633
1940 682
2000 373
40 145
1608 1158
1806 215
559 288
1979 1313
1688 1586
1598 21
646 1924
23 169
1752 1721
411 1895
1111 654
355 1641
657 439
1427 567
705 1903
1503 352
1586 724
1752 276
758 825
138 1636
1777 839
1284 801
1046 954
98 749
1104 1834
974 1402
908 1771
1742 866
1161 1517
241 872
1661 850
794 410
1186 936
928 920
1015 1960
395 125
1942 467
1730 1197
1527 1249
738 527
1222 1989
1556 941
506 1670
383 1191
823 906
1552 630
1865 1571
1570 885
1217 731
48 54
1282 1390
1835 1403
910 1102
862 1043
1433 439
1140 1681
331 1165
1899 880
1467 1463
324 338
1638 223
1772 1893
538 552
1089 1409
1948 1955
335 1394
1151 596
822 1628
1505 463
570 249
1525 1171
1928 1273
1933 1420
614 1426
1771 459
1623 1322
634 1024
1531 1906
1404 1532
30 279
1503 1528
867 1702
134 1308
4 1442
599 231
1851 320
1858 636
871 1255
1592 1444
1440 1681
1560 494
1876 1416
1555 1837
1550 1053
1165 1025
1956 796
819 1789
515 544
1433 1061
1179 601
826 675
1379 1121
1215 1915
125 1251
1303 1592
950 768
1791 1449
1220 632
293 1976
1157 147
996 1273
945 1581
1604 178
470 1024
1528 690
1401 676
543 1669
1885 650
1023 502
1405 960
1394 1383
1601 243
1968 1242
440 589
153 803
1739 77
247 659
363 1610
1831 693
476 1899
1506 232
171 835
888 303
1182 1491
1478 2
1194 605
1067 1497
1360 1389
904 1199
1201 1967
1099 968
1514 387
1244 1303
1517 1495
162 397
933 1560
564 910
43 1562
304 1928
580 451
1440 1444
561 1677
239 1946
951 164
808 1742
492 1359
1255 90
1516 1370
547 107
1211 464
681 1085
805 687
678 1975
1091 614
791 1676
112 1093
1570 1125
1211 1917
764 1925
431 1037
486 313
1976 1871
212 1216
1701 1710
1537 1669
1316 908
984 1197
857 1953
285 1752
1296 140
1037 1898
338 1558
1959 527
1899 1366
1714 698
370 1927
494 1985
815 765
1368 1474
1707 1615
342 33
1008 1521
1202 1037
1372 393
542 1600
1193 1867
877 1490
1939 769
892 230
1397 1359
1143 383
131 502
276 757
707 1739
57 1326
1855 2
1361 397
1052 1529
1578 676
1832 857
379 1787
808 417
593 609
1040 1056
1444 534
1137 108
1944 758
1529 695
1766 645
712 82
1455 502
1370 1422
91 1691
1976 199
1944 1361
1616 222
1316 1796
321 1656
1768 809
938 590
481 1060
27 869
1867 943
73 231
829 1832
1587 1584
875 54
1834 335
1283 479
1869 767
570 1156
1557 1002
1096 656
923 476
1739 1019
487 309
1372 1329
291 22
662 123
1075 1594
469 1739
574 1879
1056 946
1169 373
1420 1951
1245 386
1895 328
1180 531
1285 727
1313 1292
1427 1510
1099 581
527 1524
1445 593
721 767
894 1914
601 1441
688 1588
1262 1026
1924 513
1648 1562
660 1722
1352 182
1924 1124
1582 76
863 950
1303 565
611 1053
1015 539
1312 1000
597 1106
180 378
1549 654
498 101
869 114
1677 476
1156 1868
887 1769
744 1545
659 268
1489 45
663 1208
1569 1185
1574 1486
1387 1418
924 680
640 431
1541 1099
1140 834
610 725
1594 266
1126 821
810 1583
1077 1268
1562 1329
1410 1058
898 1358
1525 877
1303 1440
1013 1721
1273 1232
1536 416
317 1151
952 1966
467 1403
143 298
1674 18
1793 218
150 1618
115 1891
1660 9
157 1358
500 1967
681 1351
929 737
839 418
675 1477
573 1534
1683 685
580 1486
1318 212
36 684
1963 1973
866 143
1400 893
1477 1469
409 1802
1945 1003
358 1383
1232 804
195 1393
1255 1784
21 1437
1552 1527
409 359
1972 1740
7 1182
1105 301
35 509
510 1881
1312 251
237 1936
350 1713
1129 990
1224 1394
1482 54
73 108
970 994
1728 1526
1600 81
1182 1231
797 883
232 651
84 884
197 179
893 1334
239 851
935 965
1645 1736
847 9
1732 1045
1406 1801
999 450
1686 862
676 935
1909 1755
849 413
1536 1203
44 1296
1439 474
83 1829
1441 1029
1561 736
1685 1258
1173 1640
1201 717
627 1824
846 450
1752 885
991 1279
1699 686
362 1419
1466 215
290 72
1233 1600
1505 1851
297 1404
739 1279
1078 808
340 1170
726 1380
347 182
1433 951
294 403
1600 1249
1110 1401
100 454
231 1304
257 1807
1854 1116
1490 851
685 755
637 1614
1702 1196
1575 694
985 681
858 217
731 93
757 1095
364 1294
1607 1249
1879 284
99 279
1330 891
1021 1708
1639 1744
440 225
1401 1334
617 487
1860 100
1913 1151
1507 458
352 856
1055 1840
1917 171
387 1890
1891 1284
1329 1071
1273 1117
817 1299
1294 351
440 1445
1640 1836
736 941
182 1235
46 1546
104 1863
1081 771
1448 538
1339 1207
788 1719
1668 27
993 1911
1019 1711
686 1362
1925 1933
1996 115
142 492
626 1587
43 1141
1364 1797
1774 1864
506 1941
1797 1023
481 1933
1538 1549
10 729
1935 865
1225 554
964 1334
233 1860
1582 750
1123 199
1893 983
632 1706
957 667
14 85
1962 720
823 374
1141 503
539 1831
943 1405
1334 1162
797 968
1954 1055
1260 378
250 739
372 1183
877 238
1820 1012
1435 414
556 1693
1297 1901
432 199
1049 1572
1877 630
846 1778
390 64
69 1679
987 132
145 1207
1985 733
416 572
1953 1771
1224 578
308 708
1005 536
417 87
1143 854
752 1208
336 385
1131 666
1000 168
1313 1481
1763 1149
1636 1013
1661 262
1735 1027
1291 1192
1317 1426
1645 364
1995 815
597 1900
1085 1387
982 1982
950 628
420 711
648 930
1418 138
1566 1543
1515 1154
1330 1006
1014 1359
758 425
1616 695
1443 725
1175 1274
838 316
539 520
663 1478
320 450
1846 1909
1719 505
317 1670
1083 1207
1544 1955
158 1690
472 189
1009 490
1627 1970
1454 1874
1147 204
1424 1889
205 1405
1580 816
400 313
476 588
916 913
1753 1692
614 942
1890 1582
1167 88
1132 763
1156 1939
178 194
1598 980
916 1076
457 265
1064 1466
1308 52
1531 843
1692 184
1625 843
1019 1336
834 1544
156 572
1724 521
1138 762
1800 73
94 1596
1592 491
248 352
1125 1266
1126 1320
287 235
533 1499
738 1963
1331 494
1900 1669
328 359
1769 914
821 691
928 1337
1381 1032
1515 10
1464 1724
124 1213
1615 1152
1178 502
1429 1922
244 426
1261 1159
945 121
730 1037
1518 582
1768 1125
917 499
660 741
723 444
1279 1639
1101 1711
1728 167
1449 586
381 1836
1278 25
785 1038
173 1425
602 1394
676 733
1891 674
97 1658
1513 168
1921 849
450 330
1540 749
468 1031
1558 1906
1506 1059
606 1317
1713 23
1220 1909
1093 1537
1404 710
1671 154
1542 692
780 361
1971 1092
421 1304
1904 1057
1311 795
656 975
1463 972
1125 1274
1876 1231
1889 735
1585 174
1735 198
900 1738
746 1950
446 448
674 831
1270 1298
1767 1319
1582 1773
238 870
1144 473
169 829
478 1841
960 976
1349 1910
1842 1849
1095 1787
1888 583
267 1501
1210 703
1487 1405
1599 1943
560 1204
956 1479
1574 1647
1740 323
1708 1717
1376 1078
158 1793
1689 523
382 527
1786 513
585 845
1 1242
1569 109
426 1325
1751 1885
1435 1427
1974 1488
356 666
1926 955
1128 378
1054 518
229 1801
1992 1362
479 620
64 1796
1755 957
124 1518
1657 1354
316 1650
276 1177
415 1902
1535 901
1392 157
1890 244
89 588
1858 1674
308 1258
1712 800
43 1883
167 1041
248 235
1774 1634
1186 1499
1191 1122
942 59
243 635
1377 1644
1495 1768
1670 1236
1137 1263
233 1598
1727 1785
965 122
939 1586
166 986
1632 1302
1010 581
1707 533
938 1042
1102 967
1574 759
855 367
1247 1081
698 166
592 621
1179 913
543 466
1410 267
38 542
1714 381
1306 699
1082 499
397 1352
425 1652
669 265
355 1451
508 1763
1319 339
609 1224
272 917
150 1158
258 1240
1314 49
1524 1302
936 1815
753 1629
1770 198
22 1168
1166 621
1874 1972
248 1379
1230 884
1288 731
326 1914
1034 35
114 308
1804 515
264 99
1018 1774
1495 336
748 1751
1723 949
220 1404
1716 1706
1988 439
155 459
285 167
162 1061
837 1047
1054 1387
208 1323
666 1153
1545 1955
1464 218
267 1110
1323 353
147 524
244 520
1733 1302
1849 1557
300 158
1228 162
52 663
1489 1510
988 1963
1009 1392
921 80
1511 1337
1437 167
1732 737
224 1783
1706 1622
1428 1526
1325 337
1361 1981
609 1840
37 295
150 14
846 1243
1953 613
1905 1592
1531 593
962 1032
606 646
432 3
751 1114
1837 1195
694 1838
1113 369
373 480
1487 59
283 536
89 985
239 459
901 820
813 488
1353 1887
407 635
100 1279
379 1056
808 1784
56 1149
1218 1855
1112 294
1755 1228
252 1973
822 501
1748 115
484 338
738 728
1861 188
1529 707
521 1062
1702 1904
173 1899
14 1297
159 296
1501 317
1914 1530
553 1749
756 500
99 939
325 1173
1108 752
1152 858
1355 1349
1500 1898
160 1400
1929 1462
589 133
109 1979
665 717
1608 1907
1165 377
729 1238
215 871
879 204
855 1956
1213 1212
1331 1649
614 1351
464 393
1204 1505
284 444
969 1276
1506 1997
1358 1818
1231 1544
475 523
1932 1565
1826 248
237 1421
1558 675
1607 1882
57 863
189 1950
1754 264
442 1315
1392 571
366 1902
1110 917
725 505
1165 1132
144 580
252 573
328 1045
1320 707
1642 530
1098 1012
819 237
238 1431
1395 1502
92 1221
205 1314
1370 1492
1116 1264
339 784
779 1055
106 525
913 33
1930 1810
1217 115
80 660
484 1922
1121 1570
1196 1231
1140 1081
450 1312
1032 1404
472 1913
490 398
1256 550
455 956
847 462
981 1848
549 368
19 1245
426 323
881 1696
490 1461
171 1014
11 1651
139 1952
797 368
1139 717
1579 1624
934 1105
904 1028
25 93
1879 1597
447 722
1885 401
696 1190
915 644
221 1685
493 1680
315 292
728 1271
1830 1366
227 1040
1539 7
488 784
181 467
785 956
849 46
674 340
1193 1212
1868 856
1317 1582
1214 1763
1875 12
572 635
1585 509
1829 1303
872 709
1370 1612
586 1503
14 1692
1788 80
466 1489
1530 1212
1464 632
222 1053
1602 802
1559 1056
255 1461
83 1138
133 899
1253 1662
818 1165
889 1483
1366 1847
158 366
303 1795
398 281
1899 1277
575 251
635 836
672 1994
697 105
1361 946
1658 824
1597 986
976 464
1075 892
496 1546
393 1620
1513 271
1990 779
1446 757
574 712
457 1629
1623 943
1328 1684
966 1614
848 809
1346 40
1512 448
1632 1901
510 792
68 1196
773 264
914 1896
612 1825
1073 1329
1458 1901
142 1546
951 988
1269 1601
1642 921
1490 1434
314 1247
743 414
1183 317
1868 75
1343 369
74 3
1395 1323
1460 726
1768 861
77 838
1312 181
1243 206
9 1460
1344 326
546 792
124 780
1814 639
1355 326
6 646
278 1019
232 693
1652 843
250 546
658 637
236 529
1548 574
1128 1755
1594 1868
469 1177
1651 1193
517 1451
185 594
1909 1761
701 554
44 1311
1269 1069
1531 1383
217 1313
1743 338
987 453
535 1755
4 1981
922 344
1277 1020
1600 1711
1731 1291
1869 681
1389 927
347 64
384 1014
1026 137
121 1055
125 843
441 116
1988 1944
833 650
884 1734
1192 515
420 1286
1930 785
1072 105
428 1072
350 1399
1360 947
673 146
1229 1873
16 1275
1378 1062
1581 168
1030 182
1302 1483
424 749
843 1330
1569 1908
945 1074
1522 39
767 1895
640 372
1913 1093
1929 1704
1936 1276
1239 981
1845 1552
967 246
628 1038
259 719
1013 1620
66 190
229 1477
669 872
337 1415
687 1507
853 1478
397 357
1291 1016
1089 547
996 870
1345 473
348 612
1673 1633
1113 1302
1703 217
1523 1357
1624 1376
1735 328
1901 96
877 440
241 1258
1110 1626
1490 1041
1884 438
1015 1582
1098 750
745 1118
1444 1014
162 962
1051 1716
1330 416
221 573
1901 671
1335 636
219 524
1707 1010
1602 1825
1973 1926
230 396
288 1155
622 1922
433 110
499 1766
1555 474
299 515
1082 1160
128 875
183 143
1170 1451
1681 752
1315 814
1248 283
771 1292
644 1030
588 1216
436 1397
1056 658
411 1389
959 1915
1568 1385
1339 1801
1543 1820
429 1793
1111 1137
841 693
1270 1530
1876 363
1717 681
16 1616
1350 630
1943 1339
474 89
1178 1818
1004 1689
395 1603
284 1828
1448 617
53 1855
1864 1885
646 248
268 886
1432 1981
1766 136
1581 1976
629 1473
1148 343
318 40
615 1842
1102 579
325 756
1062 1527
1581 285
394 1363
1358 1769
1722 1721
717 735
1562 634
1606 1119
995 21
868 365
1832 498
1087 1758
146 1797
1986 177
1482 436
1898 1605
1884 528
1372 1852
1571 1163
272 1505
759 1582
761 417
196 916
879 1502
1745 335
682 267
158 968
96 1364
774 1323
599 1142
686 1447
1205 765
1173 1219
1615 902
1209 1535
1040 1141
1661 1732
1018 786
1781 527
568 605
884 1119
1266 163
1142 219
1487 608
56 1148
245 387
1557 1438
1204 1962
1670 1943
1635 70
420 257
1552 626
1109 1907
300 815
1854 18
1918 1455
1976 946
434 1401
758 36
1669 497
1962 653
883 430
1879 1268
1648 90
105 1606
1302 85
357 1397
1037 1772
840 1056
352 149
426 612
1424 931
1507 1106
183 256
266 92
909 694
1644 844
102 1535
1630 779
1520 1078
1695 1837
1452 1761
258 923
544 924
526 1758
108 955
1798 454
253 318
1784 38
435 1329
1159 120
1510 1568
721 20
984 1818
1680 289
1060 1815
686 698
1313 1436
1705 1010
1887 1438
1125 1267
1749 1165
1989 1694
1737 289
245 1083
1725 314
17 542
1412 571
725 1814
611 1894
448 1726
1423 165
1137 750
1551 135
1543 1331
1254 1643
78 708
1793 1000
1704 1056
1723 1491
1210 645
129 1158
2 1676
1526 683
938 960
1679 1981
117 711
133 354
767 1565
1175 746
440 1372
1587 1966
1152 1937
1538 735
672 107
875 436
1050 880
1965 789
1213 643
1960 1195
715 964
307 1819
1273 474
846 1050
740 569
1600 908
1524 1741
290 1424
25 1681
96 1519
795 437
87 208
1632 1166
1392 87
1890 202
1837 849
880 827
149 752
349 1897
1553 282
1237 849
1659 1970
1018 921
1578 895
674 1336
1534 1377
942 50
712 647
1026 1808
1843 113
1059 574
928 1068
1015 1844
653 273
1193 1648
1889 499
1430 75
1527 1101
1988 1505
1607 137
1773 673
1423 950
828 1670
287 155
825 1241
187 504
763 1361
924 1179
595 487
913 1114
177 239
401 910
1836 1214
681 324
1848 1382
1779 570
430 711
1541 1997
538 199
755 98
243 182
192 1864
1559 1849
1976 1022
1068 244
404 341
581 627
72 1961
1446 953
1449 772
588 401
1294 166
807 241
846 873
848 1554
1665 1080
265 26
246 1241
1120 346
1319 1531
534 922
901 397
421 1779
1788 1365
304 1179
322 76
693 107
1159 1622
1925 170
296 1891
1352 652
1596 1527
750 231
220 1462
1730 1953
1448 726
791 1295
1674 1328
1810 1333
197 885
473 234
240 171
1236 921
1839 1705
71 254
1639 1061
1874 531
73 1393
1196 555
560 1049
463 880
359 1903
285 700
158 1978
1341 339
1214 963
837 801
889 268
375 1257
1260 1797
875 289
197 309
935 1099
1047 1933
538 403
1456 1202
1731 647
1230 1810
1188 585
102 1956
676 293
1693 1524
828 104
1132 478
1743 1678
530 1694
475 1629
1678 31
334 272
696 1125
1035 659
933 1716
202 654
1691 1700
1756 698
1291 1773
455 1318
68 363
361 487
1887 1916
1288 1848
1709 1848
174 1735
1059 427
1040 1697
1172 650
125 503
1377 92
1362 581
738 1599
346 1808
1185 1109
14 1375
1171 1190
1411 759
1729 400
78 166
1377 1405
337 131
641 1884
514 1474
34 24
401 763
550 1264
850 854
1279 1351
963 141
899 1172
1002 941
621 1221
737 1892
57 1753
1486 123
492 1370
847 1543
377 885
363 838
381 401
312 136
1220 178
104 106
1672 1054
1446 564
145 1356
1492 1234
1307 1122
1201 731
1277 400
1293 1163
809 578
1614 1319
1823 1807
1180 1316
1392 1013
1272 1195
347 700
81 1989
460 373
407 350
1539 1209
446 288
368 1832
492 38
805 1619
1112 579
1787 1425
166 1943
7 1425
300 1181
692 175
1861 1503
332 1550
168 1591
1646 115
445 489
1955 1866
1780 1057
267 1213
161 914
814 515
1249 1139
899 156
1620 1126
482 1144
1754 208
48 1784
285 1329
98 446
151 424
45 741
1336 728
822 935
658 956
165 1504
1675 1141
78 1666
1820 122
1608 1104
1859 516
955 1494
886 318
501 1876
1591 1221
729 497
1372 1181
1444 707
1547 867
1750 878
941 188
782 1030
1568 1565
314 128
643 1998
1554 1568
991 998
4 1916
871 140
686 1860
195 1771
68 1659
1240 1517
1680 1914
13 619
126 1784
965 360
1027 229
1781 110
368 1200
1806 1077
167 666
86 1460
206 68
1292 199
287 1489
1171 213
328 1010
201 1604
1999 1892
214 334
579 379
1900 387
120 372
1683 1375
911 1624
1616 1994
420 1093
491 1535
862 770
445 758
1556 1642
571 1916
1567 170
889 1297
1954 1545
1232 667
1959 556
709 1522
303 1877
755 376
1454 1484
1732 1686
778 385
822 1674
1566 865
1234 502
1753 1310
1845 310
482 1963
1561 1895
1833 1930
1517 1681
1711 1181
1365 977
853 1837
1632 284
1706 1023
1774 1163
235 522
1397 1312
1233 199
131 471
479 399
380 1908
1408 709
1484 80
1070 745
1191 1647
711 97
1596 1181
536 1435
1050 1751
1080 1752
1776 597
713 1541
1614 1577
1940 1953
510 1741
1268 1261
1581 72
1116 1181
1388 922
1229 1434
1464 1850
1835 349
71 484
855 1895
1323 513
1484 1418
154 464
1076 847
525 255
1719 999
1210 1465
698 661
314 1502
1133 1019
1246 42
552 50
1 476
151 1990
1329 686
766 335
1580 171
644 1221
955 12
1679 1823
775 793
1916 725
166 1312
1519 1752
177 1904
334 106
1775 1847
1187 310
283 824
1618 526
184 1615
329 1706
758 1481
1240 1400
1267 135
135 412
1723 1565
626 599
1627 1837
1142 567
1443 614
1811 1242
1183 1679
491 1654
1824 1827
1443 994
274 203
793 390
1694 1448
560 407
191 123
325 1461
34 802
1581 94
592 1016
218 1875
1108 1488
1569 1858
829 1201
1537 216
1295 760
102 898
748 1447
956 1279
697 1831
850 1191
1608 83
599 1573
1532 27
358 1260
909 1226
1359 1114
146 458
636 632
1764 1674
810 101
1181 146
941 1209
1831 248
1983 955
934 2
1655 1824
1720 843
961 1716
1697 252
659 506
1731 461
1381 1219
1643 1257
599 1847
1650 7
947 34
1505 988
474 1680
1071 933
1830 1966
799 678
361 974
1534 1077
22 644
718 786
1179 268
1516 1823
1352 1992
1045 1451
847 1095
1888 1101
129 1778
1122 1933
230 1825
191 1428
128 430
320 1859
818 254
325 1698
198 1456
804 61
592 1259
303 165
1659 379
1301 1374
1475 800
672 903
158 758
640 1681
949 649
70 418
1638 663
1 169
935 1002
607 601
1290 759
1151 28
490 1541
1174 77
1986 1247
41 1631
1146 380
1296 187
355 1065
1759 493
1531 766
662 1596
807 1597
1524 49
1056 1527
429 1847
675 151
1484 1107
1855 1068
334 1612
207 1222
1470 1034
686 501
1542 494
1191 616
1945 124
1749 1102
884 438
1642 1610
997 113
1684 479
1649 990
1504 267
1843 1078
314 1607
1323 292
1697 1440
1077 1778
549 1615
1319 1232
1026 688
1238 1677
1570 309
1594 972
615 1764
673 101
1761 454
433 1196
1030 91
1999 1256
1913 643
518 399
668 119
977 943
48 1169
357 1897
412 126
1500 1565
790 783
520 383
792 452
77 582
1539 201
1336 129
363 409
257 665
1928 1849
116 1911
854 1581
542 1571
83 1210
1831 109
72 1525
175 1674
1095 1815
1658 1727
881 181
304 741
892 531
664 1032
1657 1105
1201 1511
795 114
834 404
972 1106
1943 629
529 1750
661 1381
181 1387
170 1216
315 1833
725 1902
591 1157
475 1902
1579 1868
1619 413
1677 698
1762 1581
519 1092
1927 1420
1121 659
872 1405
1407 215
1137 311
1896 1392
388 1085
1203 629
938 678
863 1538
869 1424
14 1171
1780 1666
583 422
288 845
71 722
1602 1866
1418 1493
560 565
1436 526
1867 370
1906 1492
1980 947
1816 916
772 1130
917 399
1854 1512
1096 1290
1002 121
430 518
1728 11
115 1086
607 706
607 243
847 1907
462 407
1789 1316
1119 1931
1156 1159
789 54
994 1396
206 1592
1673 146
1685 1424
94 1664
113 434
1953 1780
428 1122
1510 243
1593 861
429 1196
1226 522
696 529
1219 1188
417 112
1212 617
1475 1102
1938 927
1887 1344
954 1516
1232 1798
940 1743
1237 1839
1313 887
47 611
1723 204
1504 646
314 1738
1882 423
1072 1838
448 1608
798 888
858 15
1817 304
1727 797
795 423
60 605
1418 173
477 1183
1563 945
470 328
1821 505
1934 520
484 1280
1659 587
1682 1229
13 962
343 521
588 1572
1641 1602
1765 140
1601 1467
1569 497
1274 1641
1618 1471
942 577
1905 1651
1791 1891
884 736
1640 58
1928 1700
704 1782
266 1457
390 1451
1580 1402
620 1638
736 711
1674 1839
1946 1032
1326 538
1140 1115
687 100
1630 1572
1441 1600
101 1239
1120 897
516 156
1053 467
1267 1083
92 342
569 1050
1408 1318
1583 1895
1855 1730
819 375
1514 580
162 590
674 1075
417 370
1321 1757
831 783
997 531
174 147
780 127
1900 1764
863 1534
1303 141
1064 779
1967 218
1109 1742
448 1371
618 1899
14 1054
1534 1399
1104 834
1809 1997
1225 584
274 1354
1196 1749
1746 1095
917 20
1935 1805
1147 853
172 45
905 1192
391 973
1500 99
303 1153
1966 1964
790 1449
1163 705
349 579
243 192
1732 1890
651 89
1845 1037
1137 307
160 540
1518 1547
363 1031
1499 1729
476 1342
366 668
1711 436
1326 1682
1905 1215
1499 170
1833 1630
1282 716
1093 1506
1678 854
357 341
1351 814
389 1674
807 1811
1067 511
1233 1931
1505 1646
1604 174
176 1525
1971 1189
315 810
965 1852
1048 32
1583 1136
1396 496
1498 1908
1811 1661
467 752
36 353
1942 549
1857 719
1414 978
1112 1282
918 1117
28 1991
1222 1263
1501 619
1545 442
1305 721
117 929
1090 1557
1847 1373
1691 10
191 538
48 796
1210 606
181 1874
1733 1666
652 643
1482 638
737 557
552 1323
1507 1
829 501
1682 295
1424 1595
483 1705
944 1461
1686 1931
861 900
153 1021
1679 118
1151 1575
207 11
397 250
1474 1472
867 412
1760 535
104 1180
249 981
694 1759
1547 1101
1397 788
650 785
993 1722
265 1525
1590 881
1131 1660
1266 1015
1826 1558
149 843
1717 1190
114 1064
965 41
1609 883
1288 1890
536 1991
468 449
1730 767
1256 1253
460 1447
1776 97
637 737
1407 461
877 1202
503 1263
1084 32
275 522
950 1578
1716 1297
1660 723
1130 802
209 1554
1370 1877
1704 109
572 1431
1411 673
293 1170
1337 1424
558 504
793 250
318 575
85 784
924 1056
1443 16
1814 97
767 576
1487 1583
1175 1721
705 1379
956 1777
1406 1717
391 838
472 762
303 1034
1020 1544
1638 308
1359 829
1030 642
1917 867
704 713
672 1731
1966 57
998 271
1505 299
1933 1379
132 453
1808 360
1443 683
980 989
549 1300
1213 1005
1358 238
770 1903
643 1159
652 1265
44 1372
761 918
576 1186
1992 100
1685 79
1579 580
1925 592
968 524
1586 1496
72 108
541 65
707 361
1466 1450
361 1701
518 1742
951 1394
1989 1982
1234 942
1901 738
1647 2
107 1570
748 2000
1412 859
953 1690
757 612
1642 654
724 1839
88 1013
985 105
413 1552
286 1286
1999 822
1930 363
978 802
1095 1869
21 1702
16 1665
622 737
1641 479
78 1347
1847 128
691 40
640 890
1317 1957
1728 1177
260 1391
1899 1660
1740 1976
1961 337
1410 761
1486 1300
310 1537
1488 557
868 1131
116 1744
1400 1193
192 224
1439 1170
1163 428
455 1165
789 1629
26 1887
1808 603
1259 1019
1441 1386
1706 310
897 756
258 390
1166 452
1089 1041
1318 515
933 1647
517 536
1825 701
1650 1278
1440 1437
340 621
1299 1362
1396 1878
1112 1966
831 549
1112 261
1018 1052
1370 1979
49 245
1741 1106
805 694
519 392
632 106
459 1990
283 1469
1476 957
1836 1653
1017 1584
1022 1615
952 1861
401 1089
957 1504
78 251
1918 209
1348 1955
1237 1273
110 200
255 1313
1108 535
357 1573
1846 269
889 1375
1069 1584
1449 1181
1454 1434
1421 1375
584 314
1800 1756
1491 1603
464 360
1248 1452
450 951
1118 1226
1909 709
1692 1133
1681 1488
576 1085
338 1525
1042 1546
486 1960
1996 1467
475 1269
1657 1669
493 900
777 1699
517 1012
1632 1777
1756 1743
527 103
1466 1329
280 1677
534 1281
474 1619
1161 505
1989 1059
1052 1426
29 1863
1832 866
1596 1239
1467 188
718 1101
1179 717
1363 1132
1530 1513
872 1585
750 1378
353 364
1418 714
1439 1758
869 812
1171 782
394 1042
1337 506
1948 1396
59 1666
1026 666
306 237
1795 1881
73 206
996 1827
1214 803
2 7
706 1748
992 1152
160 1962
1283 486
86 1006
1588 1704
1435 163
680 1986
26 79
1278 1601
1513 1531
909 824
72 769
644 1295
1644 1056
444 1190
1188 1996
228 1528
991 1678
1012 12
1551 567
1865 276
1281 277
138 359
908 327
548 174
1339 173
1484 914
298 2000
1071 1746
1131 463
599 137
926 359
1265 977
414 27
202 1029
1375 712
1412 1862
1142 717
1052 765
499 145
1165 442
282 1961
315 735
93 1197
939 1913
1530 982
1339 574
551 940
1270 838
521 617
1399 1524
1367 462
855 26
1967 1062
1739 417
663 1171
1369 670
699 1070
963 941
436 184
1069 1701
1659 717
399 1844
1147 1553
192 1251
1336 320
1484 1705
1778 1409
898 1383
879 1910
1414 167
782 1653
1513 744
693 329
1921 273
657 1336
1213 759
330 756
1655 1914
1623 76
740 447
1111 152
1206 1376
816 1511
1192 509
1745 70
182 984
1088 1359
1985 1783
809 866
435 1831
779 1722
1071 1354
1489 1610
1745 1571
968 1245
1318 173
1765 49
827 642
1757 883
479 1951
633 727
1073 1362
1382 804
227 290
1561 1270
1444 1487
999 654
554 857
826 930
1949 374
1038 143
1755 651
1157 929
1190 122
1298 1908
300 544
1116 810
318 1705
779 1193
124 1416
1411 136
1104 406
274 947
1879 1423
477 88
1164 496
1203 106
773 1397
299 1036
617 1049
393 433
1086 659
306 1586
1993 1819
1221 370
815 1761
1671 241
1601 508
1449 895
1797 1040
524 117
337 1779
1082 955
909 941
655 1209
19 331
1162 1071
1441 1148
76 707
1985 639
509 864
904 1966
1590 1238
1060 101
20 1089
1724 220
1618 955
1445 557
1270 1358
94 1003
1272 3
795 1028
1092 278
431 19
119 556
1629 217
529 644
1027 389
287 668
1491 792
1745 251
1822 1908
409 518
903 1022
1492 389
107 1533
1354 519
692 1863
141 967
953 193
53 1675
667 1919
392 378
794 161
1324 1723
952 1627
756 545
1275 627
583 592
364 650
1874 917
970 1091
1407 134
705 706
1613 312
605 762
1258 778
345 1704
1813 839
893 1594
898 1530
423 1333
425 52
701 1715
411 121
72 1471
196 1453
1801 144
392 1734
1921 1867
69 542
752 1816
1416 1901
848 899
341 301
156 834
507 1514
656 1402
1389 1800
329 306
198 238
612 1611
1793 1058
1811 169
965 869
1125 1321
1979 1196
1564 951
1708 1090
884 587
206 1659
1070 1292
564 1554
1280 862
1031 1847
1109 1935
332 1889
528 446
14 1241
1033 1367
1275 1796
343 644
1362 428
204 1730
465 382
483 1269
804 1549
793 1205
1993 487
102 964
139 74
1580 1729
31 695
879 276
312 1542
900 296
529 1720
1771 54
1035 1440
508 1998
1409 1927
270 643
1159 1424
1485 660
475 67
751 1562
242 842
189 817
584 1861
157 1991
541 1320
1890 587
1159 228
161 803
1989 149
871 1418
1274 1968
580 1973
1149 1572
417 1771
859 22
1924 768
1103 315
1223 1862
245 1175
1792 1458
258 159
1377 582
1854 1232
1843 1101
738 1048
1190 1508
720 1834
572 1867
823 1425
1849 1785
192 1435
1807 1387
1533 716
1616 704
267 1339
622 21
495 1969
557 726
1069 372
343 1425
472 166
1336 1595
440 1776
790 720
1401 967
204 805
665 781
1184 811
1057 19
1972 1608
1979 700
1087 1791
510 1077
1456 1451
264 1942
1233 1132
308 1535
1593 975
741 818
499 699
1489 1274
1568 752
807 624
295 1372
1575 1964
544 168
32 892
1784 1330
221 328
1510 1500
1456 184
101 818
728 36
559 1980
359 510
1407 205
1212 334
366 1454
806 1723
231 80
1680 1784
1931 876
460 835
1041 434
1179 44
3 203
1552 1270
1557 1471
1748 1200
1363 95
328 368
865 63
213 736
798 1557
1026 296
251 1964
556 529
1459 217
1399 1967
23 443
463 1779
913 1230
1427 1251
1728 1781
257 846
1682 1006
303 1227
1423 1229
381 1795
723 1984
1818 1666
1552 979
1403 1229
1344 1859
102 883
1518 1617
1156 1084
1640 1239
1488 1636
954 403
1151 1425
337 66
1206 242
1081 1263
567 268
1198 886
775 1559
242 961
727 655
189 710
848 1926
1088 1208
1397 1954
1650 530
1408 67
986 115
1251 1701
1585 133
815 1698
1199 662
891 306
743 1325
845 1585
457 775
653 1450
1048 795
1317 899
1026 1488
1003 1233
1584 458
865 844
1342 302
1803 1313
498 539
1810 516
251 177
712 1725
1157 1019
1585 91
1148 1964
350 167
1696 1335
1380 1824
463 972
1216 81
1519 1847
1899 1853
1608 702
1991 869
232 1277
1064 668
345 1410
584 838
909 1631
1063 1478
5 554
1018 1457
1278 1813
1905 125
729 248
655 1760
1340 936
13 1528
1681 940
295 1233
835 1200
977 1670
355 1594
1441 1579
1245 613
1517 768
1568 1814
788 1462
576 244
1551 227
1777 1287
1904 386
1265 1784
68 1900
933 288
873 309
647 1654
813 266
29 1339
688 1361
732 894
983 1418
1124 1448
1981 1887
870 212
1741 1299
1635 784
895 355
1031 1565
441 444
166 947
648 1934
1476 764
1538 403
1882 993
399 639
1855 813
200 1769
558 1580
1715 1849
1860 1334
1388 1803
800 1252
85 870
299 1775
103 477
1482 1724
1249 159
1235 476
1401 1988
497 1322
230 1788
1848 1285
1768 1955
640 1804
1562 63
630 1611
1009 1635
1640 999
903 1585
1271 1435
494 1769
1025 1995
981 1421
616 1359
292 550
604 117
47 1477
1566 622
1329 1629
1075 1041
1162 1612
542 54
708 218
1593 1184
620 1534
1118 1413
1909 390
1819 260
171 1932
1517 1141
1351 981
1706 740
638 750
475 1330
682 844
933 1464
1823 1915
135 1962
1666 930
1005 1918
859 380
1159 1975
1288 548
1034 8
1788 799
1145 1955
460 225
743 1190
1320 1877
1940 1447
713 919
1412 909
681 1949
1854 1994
354 1923
441 564
404 34
579 1018
1497 355
128 106
1063 20
1923 1231
678 1010
187 949
1254 1665
703 389
445 117
763 230
1261 155
1229 1681
1021 1314
1948 877
456 796
798 150
1207 1930
1688 558
398 932
35 1426
1737 121
1555 34
923 1835
1940 616
773 824
847 364
1202 941
1474 646
1278 1920
1354 880
1723 442
1965 1360
1234 1498
1785 1917
182 1899
722 1542
856 1580
1561 835
1358 907
61 1169
1503 181
793 310
82 1572
20 302
700 160
376 1396
1920 925
1830 1456
449 1204
1262 1322
1193 353
368 1060
845 558
492 1306
1825 1040
196 1729
1070 1965
26 1244
409 890
653 423
971 1228
38 593
957 785
1847 272
1704 2
1190 1085
14 1342
1944 1585
1911 873
313 1627
1515 1396
1224 1895
641 1981
200 271
1122 538
1175 1540
811 785
1569 1113
1055 50
372 599
1940 1760
792 66
1772 1195
1753 789
1151 618
1686 355
2000 550
1174 439
455 1871
1838 670
1974 633
1513 425
83 1336
1852 1250
1079 334
1145 1078
468 1286
1852 682
934 315
23 1849
1093 1282
1992 217
1441 181
1632 160
987 1531
548 869
1503 915
809 675
1473 1080
541 236
1311 536
914 1674
649 155
1345 1750
852 630
10 1479
1850 317
299 1893
368 1879
1979 1561
1250 1389
1490 1340
388 344
395 684
503 391
1815 1426
1063 393
1430 1012
844 321
632 1351
920 1297
168 1558
1575 1734
1494 271
906 1900
717 1138
1602 460
1249 1180
703 1955
36 1936
705 190
1807 175
1076 987
1260 1518
1221 1246
1519 1101
1816 530
575 977
1885 716
1521 1881
1850 96
1087 1182
1619 1076
674 213
8 1476
266 516
1518 1150
1066 563
1561 1139
1508 199
580 1877
574 1770
542 656
1905 1676
1720 460
694 511
13 724
1796 905
1034 113
1986 608
1228 1705
1904 168
157 139
1364 274
1793 1566
1975 306
1241 1997
257 410
1530 1437
522 390
1470 1840
605 1623
252 1825
1624 882
120 403
1222 1778
46 639
349 1128
731 181
159 420
1065 693
1917 51
642 584
830 1579
484 890
528 1397
779 1819
1722 881
908 1723
105 1926
1122 913
1424 611
1850 252
1057 327
1424 1230
1193 663
1961 1017
782 1788
898 1213
818 1438
1193 1613
1227 608
32 1669
1113 1309
541 1820
869 679
1579 356
1389 1409
1125 1574
348 1290
1023 1358
1770 473
493 1428
1583 1765
1585 548
1915 317
1463 1835
1924 1871
1412 123
660 1408
1179 656
826 1000
1970 701
1370 749
24 1659
1248 1249
1197 780
1914 494
388 1830
1275 184
1575 1659
1277 749
1962 952
616 363
1740 245
1189 73
59 1033
1821 1352
1892 392
1362 623
845 1852
1899 412
889 199
1954 823
1119 281
1802 1079
273 1584
1128 1764
305 103
803 224
40 1952
153 1735
1679 1916
1808 891
1056 1008
563 1292
557 1952
1992 1244
948 1362
694 330
1946 921
1064 1122
1093 1892
1826 1395
1060 47
1872 1245
1560 1071
1800 638
933 1871
1624 1974
1078 671
926 408
514 748
1426 1856
711 1230
700 1489
845 216
1550 1593
1766 1334
1516 1043
1444 668
471 410
953 143
1430 1931
632 330
9 1563
360 13
1462 1997
1144 1553
1999 291
1335 1393
619 570
1879 329
1125 432
154 1451
652 1438
357 352
622 212
1197 1092
748 862
1625 574
20 1707
298 1900
1322 1461
278 1767
995 371
232 1457
524 1847
1562 1395
1410 1252
1686 1653
909 1259
1068 1844
95 978
1241 664
814 1112
217 64
1928 456
1916 7
189 250
482 100
468 951
753 843
1524 1944
1281 307
613 1159
453 1421
1830 290
696 1581
1138 274
587 24
682 1536
329 376
511 64
866 177
1788 440
1841 770
1041 371
1919 1522
395 1321
1490 717
296 30
1490 1062
1015 1601
1312 1950
927 1230
477 934
1668 272
1833 1347
791 80
1217 1815
946 1775
736 749
731 1299
680 51
553 203
1874 1107
1122 1964
1418 1345
749 1163
606 1547
494 971
204 1516
672 934
621 1405
585 565
976 1516
483 856
1170 1344
43 1469
884 570
487 748
1174 108
1891 458
1918 1539
1877 675
1471 1174
962 662
247 1920
606 525
1784 1769
295 270
1743 1829
424 1357
721 1481
1296 542
1611 1608
1558 1215
348 1896
207 1191
1629 100
1938 779
693 312
1636 768
732 338
1251 1506
1712 1904
1825 1463
1073 170
1970 1720
831 142
137 406
1935 1098
1762 566
1091 282
1257 38
1476 192
1211 1729
583 1178
1529 1510
436 1863
1127 601
371 536
1807 1341
1669 1536
622 99
2 1838
698 1715
1060 591
857 294
887 133
905 1839
250 1558
292 1595
8 114
1827 605
1758 819
1373 1487
995 1315
890 1798
1626 193
298 487
1976 885
464 515
729 57
1833 1245
1424 1521
1840 687
316 135
1132 649
1579 74
1934 1973
18 889
1800 1633
1106 792
1606 1718
1166 70
1364 197
1000 1011
660 265
1085 910
1749 487
170 1187
825 1937
979 287
859 1333
1193 53
1393 952
1110 1742
921 410
918 1746
1183 1218
547 496
17 1709
268 215
1022 850
1257 1819
1310 815
1607 47
798 1731
869 1457
1159 423
1299 1618
1563 141
521 1752
1874 1990
1097 1843
1912 1860
1337 1276
34 487
1465 839
1652 1271
440 946
387 1543
93 115
254 1340
306 294
1834 763
903 1910
1587 801
423 360
1308 1948
1778 908
1483 1447
143 1397
1181 725
986 1632
708 25
1404 1262
1523 1239
620 1341
1390 1449
18 1921
44 1621
355 620
302 1125
998 454
987 1711
235 1218
1300 308
527 1792
1837 123
650 1845
1231 715
418 470
538 903
1428 871
534 1155
1239 1171
1774 537
1223 1773
1426 240
118 2000
1426 529
1135 993
1317 1108
1730 1731
402 1001
473 1711
1703 889
414 256
307 796
1123 566
1856 1337
1402 1763
46 1723
636 175
1581 425
825 328
592 205
477 581
560 1223
352 1142
1973 15
105 834
1101 836
1196 1324
1913 1862
1486 902
497 1688
974 1882
1057 230
651 1365
430 308
1507 1838
413 1021
1271 37
342 1455
655 1706
1838 1889
1226 1904
486 1458
1328 937
885 1980
297 419
1113 89
1131 1760
50 221
670 1722
1023 2
94 1534
956 360
1251 487
481 191
142 1936
1048 1159
700 1930
660 1057
1325 1660
296 756
1610 309
1038 314
1331 300
637 525
1942 348
1462 1386
1773 206
318 1617
1687 280
332 1089
745 436
1381 1292
431 1407
913 532
844 1336
214 523
277 594
1035 1393
1588 1651
1791 84
1563 1635
1062 1646
1302 985
550 850
419 300
271 1303
684 480
702 1129
797 543
698 204
339 432
1336 1187
165 1877
98 1432
259 1348
709 1704
1525 1302
861 512
1075 1243
941 753
157 130
1833 1727
489 690
1655 1272
1182 1646
740 1853
885 820
562 1401
11 453
1978 87
1120 179
327 359
1143 617
933 1518
25 1421
573 1111
336 186
1883 862
283 1989
1793 74
1869 223
1117 538
1862 1064
118 1711
757 333
1781 1160
513 241
658 1446
384 1195
1709 839
1988 258
1792 61
300 1859
964 746
53 405
950 909
1856 1204
680 1185
1136 1306
491 277
438 1340
1987 859
1037 704
684 1384
1627 224
767 1769
1101 761
550 65
589 1573
895 1263
204 517
1025 1930
1645 508
1682 262
1366 231
556 244
1373 1753
1481 1203
1201 165
16 609
704 1952
1726 428
1532 1140
930 1342
736 625
1801 509
37 372
1453 562
385 1415
1593 1923
1932 544
885 1
541 853
1311 1873
1028 1581
1300 1866
1173 1476
126 191
1159 753
75 751
631 1158
728 1503
1801 1217
1610 1541
1048 786
1336 1070
1351 1192
241 864
1073 705
372 138
1059 434
1285 956
1289 173
74 1596
1091 997
1660 754
763 952
434 1144
760 1452
1501 234
1275 1265
223 1122
1556 1480
1828 85
1065 1363
1927 291
1966 191
578 1010
1955 325
1940 1386
1228 1944
345 589
197 724
1421 456
