20000 10000
10124 15701
14277 15973
975 3362
17539 7885
16210 3279
19267 8651
9049 16398
15783 2742
14356 18705
12520 1954
13412 1564
3586 4159
15249 10350
16993 209
14237 4046
13555 14729
12298 2123
19504 11658
2028 1127
10323 13605
11903 9302
13453 9511
6889 4945
15481 15439
5211 10847
4762 2502
11811 4420
885 15256
2970 8082
10208 417
568 478
18036 14617
19653 9137
8637 9270
126 17841
11232 15630
16497 14173
13146 8403
332 1654
19899 8916
16562 16460
3305 6159
5005 10361
14042 6838
16516 8133
7073 5606
198 19032
10067 19013
8618 11811
5021 16848
5358 16875
16463 1083
9070 4524
7974 2507
6562 4616
10136 9243
9794 6238
17848 2147
3085 6276
18959 13451
2390 7186
19928 45
3971 7517
7617 18016
18297 9054
8748 11822
2656 5071
4573 18495
19178 15859
8344 15247
15989 7555
11369 14610
7226 7493
18602 6782
14842 619
17506 18575
9964 18250
15227 13922
7448 7614
9888 12618
18618 15281
18797 8697
7836 13645
4720 6970
8641 6485
6090 10853
13842 10924
17239 683
14246 18463
12089 19033
2488 14030
5778 13097
2494 14675
1123 12805
13099 594
13257 13811
302 5878
19089 16795
2865 18229
14361 9650
1401 6597
6101 1320
12696 8665
2015 7323
3961 14127
3904 13438
14731 13273
10005 11122
5046 18101
1697 14328
10993 15463
16534 8719
14456 12066
10145 19655
18618 18157
11892 6833
18036 4540
3245 19564
14062 6629
5698 12885
188 11900
15383 3818
15394 4173
8103 18777
6300 19178
18330 15175
4911 3816
3930 14694
3619 17892
16499 19944
17841 1829
12118 12066
18521 6961
15511 15306
19509 14913
15695 2214
17817 2420
11319 16667
9157 3234
19721 3521
4665 4778
664 10163
15120 2980
19923 13902
14917 2739
14885 7417
19808 5834
14401 3888
56 4639
7898 559
3374 9362
1416 3861
1248 14258
7912 415
13688 13977
3370 2872
14746 18346
14878 18419
2583 15128
6671 9455
2710 4121
19611 3796
3834 17334
6815 14412
16324 5082
17028 11351
9437 13805
4858 4721
19296 11342
12039 8328
14211 13486
5352 1124
17653 1390
16756 6265
5636 9139
16403 12804
8460 19686
15832 5526
2541 14206
17724 3879
2670 950
1840 6433
14778 16678
7235 19852
18623 19623
18868 12436
7620 18765
18334 15825
5422 8986
4815 9128
13918 15430
1423 7695
15589 14920
4238 7249
247 4049
10273 12302
15180 10066
19398 14649
12516 17280
16322 3665
8243 15551
12329 18978
13965 11364
7298 15905
12052 3370
12995 18217
15327 13015
3906 349
2133 18491
2011 7545
4206 10353
11778 6145
373 10179
13241 2368
4272 6688
15450 17668
3071 12643
7131 19849
12497 19438
13142 13140
19254 11352
13250 17407
15370 2726
10857 6507
18256 7730
411 2879
4265 6342
3205 7709
19758 1046
6893 3510
17716 18943
18785 17572
8241 7960
445 15159
12065 2409
13364 4626
5048 9451
6845 18586
5353 1849
6506 14793
373 3470
386 17390
6291 2876
12192 19450
344 12240
562 17732
13304 5967
3226 901
4317 14199
16355 19356
3736 6103
6733 11507
6586 15143
309 12140
14690 794
160 3073
16298 3238
1257 1782
13460 6218
5537 15206
7098 9906
13052 19365
10211 13273
131 6026
11613 19295
6935 12631
9557 19400
15016 16478
10897 14616
15571 7513
11338 6455
9631 19904
7393 3445
183 286
3431 11087
12227 4086
13159 19105
16220 15081
17224 981
9385 17692
5941 17316
9116 19834
12676 12418
3764 5455
9730 9489
5112 19929
15251 3622
18655 18638
3340 13587
13897 8770
19389 7767
14899 9191
17309 4601
9076 9584
5441 11093
9255 1359
18549 7067
19133 17557
12253 770
7481 15439
3228 6682
14652 4851
17635 9016
5734 9192
14129 11143
8898 10152
15549 14250
2048 11432
2114 14939
19427 7128
597 18411
18873 13927
2917 4366
11604 17641
18309 7445
37 17174
4261 8060
6209 5771
14166 14747
13228 6604
18857 19670
10287 16906
18938 7554
6107 7231
19061 18611
17346 14375
10591 4391
14977 12375
8721 8266
18040 17263
19191 16969
6963 12909
6293 9265
15338 799
18562 6909
1027 5324
11909 7813
7505 8668
5323 7077
18187 16195
1406 11243
4957 13485
16334 8469
11426 8239
8841 15590
8805 14979
3093 19534
7185 17195
15679 5417
15009 14096
5107 14235
94 6992
8285 7160
9498 9680
962 5765
10214 16591
16310 14101
4153 14519
1848 8926
12606 4481
8300 11188
18613 9398
6480 4151
1116 19834
17346 16597
3302 16837
19212 9263
1840 10501
4921 8772
18100 7320
16186 13502
8942 2596
1475 3394
2260 11274
6956 16681
8637 10363
18785 1091
347 283
6088 7806
7288 518
17832 13003
13400 12101
4535 11682
10743 1940
1455 19826
15783 19979
4264 3779
19519 17544
1154 8380
9712 932
7478 9903
8935 9171
2332 13165
12278 16860
367 3535
230 8046
7808 4353
8201 302
17588 16662
19389 4435
8231 10439
11251 8933
18802 19261
5187 4393
11660 6717
985 73
9048 18868
12032 18518
6754 3389
5261 18701
16759 6411
14153 7261
14994 12593
4203 2798
14981 6593
8319 10979
6558 2521
15716 7924
9812 5373
6397 1960
15861 3323
16888 7130
951 3106
3479 18542
7319 15637
19117 16061
182 16221
4064 14216
986 4271
7593 9270
8804 5519
10352 15496
2693 17010
11565 9360
13085 19062
10020 6618
15287 1966
5306 17150
17321 15768
2304 10120
7604 6246
7391 10514
12039 3123
13823 15766
11809 11489
8543 12940
1427 15855
13165 8480
3576 11127
5222 19504
4585 9282
11372 1772
7884 3622
19678 811
14652 3508
829 2968
9448 16741
2498 15962
9930 18309
8337 18142
3880 7636
608 11494
14927 13353
2568 13522
6248 18695
6921 19141
17390 15746
19385 14505
19987 3221
8072 8601
9279 3947
8546 16284
9234 11977
5830 3901
13629 2933
2342 14311
56 5739
6618 15622
19492 14132
664 1598
12010 8293
15169 12441
10938 13281
16258 2738
15640 14661
8069 4653
2604 6520
7258 1861
16634 6411
271 2995
3987 4828
10241 15063
15948 16045
7460 10127
18024 12403
7438 1379
19348 6545
1820 16934
3753 15047
7348 2604
2565 18091
6475 10632
3423 691
3571 14651
12929 2852
1896 890
13361 16100
8760 17311
8672 11740
4208 15012
8068 5935
3292 1961
323 2705
10062 18792
6006 18261
8599 19091
2466 17542
8657 15357
12117 19703
948 3371
1396 12874
618 3438
10917 12828
16173 6966
278 15476
9549 15726
9423 15491
18127 7135
4919 16238
14241 11817
5077 12555
4156 1516
14062 17096
11790 2346
11840 1615
18208 14484
6883 10676
17944 4355
13999 5611
17610 13473
7868 14220
12113 462
11748 14912
1608 10562
10279 1882
5350 4710
19637 17404
13482 9689
13517 429
251 5980
15032 13887
19384 19113
8617 212
17520 15190
14614 13964
17456 16573
10840 13962
9847 11988
17877 1925
4502 17981
1810 3679
19526 5292
6012 19793
5513 2305
3814 1212
11498 10841
7503 10987
16962 9837
3754 8704
19272 1702
3747 15195
16885 19603
4621 8204
1147 19252
17768 1154
8716 428
13005 250
2987 15670
3841 4306
10013 6465
14286 12609
3873 18182
4190 4848
4784 2681
11475 12762
2813 1755
6919 8692
19630 8638
5865 14428
17846 2547
4920 6467
2890 507
6888 16914
12670 12591
789 8722
14394 303
7506 15478
7951 3352
16266 6308
5613 12632
8628 14392
577 19982
4128 6091
8930 16887
452 12524
10674 9770
16414 2800
14680 12492
17143 4231
10773 16270
66 13200
8983 16848
17576 12770
13543 4826
6122 6386
19574 10700
1938 3844
13934 15661
11838 13835
3704 16173
8043 6581
14867 10679
12734 13753
16979 3900
2118 17951
18613 18984
10453 3423
4662 19805
5390 16654
6124 18410
10861 1003
4776 1241
17715 6065
8804 16763
6011 5205
10977 17149
6791 2582
6605 16054
17898 16229
15437 5293
5489 10421
13704 4211
5080 16824
19018 14804
12658 5609
18311 13201
7921 15
12510 4277
15080 3509
213 17310
6355 13204
17108 14
17926 2852
4166 14249
14262 6167
10091 9324
289 12356
9587 208
13310 6897
8604 3636
14165 880
15488 17284
14960 6457
243 18465
2426 13427
7990 15552
8592 10471
9920 19260
18409 15131
16281 4324
10347 7420
15614 16585
3930 9033
13314 8276
3165 1753
8795 15866
7687 12557
11041 19791
6465 15017
7094 9980
17887 6881
4572 19941
14304 10744
12030 18383
18811 18693
9855 15930
18191 11795
9054 12121
15076 4799
16716 18339
16027 10141
11667 9951
3111 5501
15810 8915
209 2780
10009 7781
2071 16424
6107 3591
12621 11719
12100 13656
1999 17103
16610 550
4932 18790
364 5274
1586 7743
17325 14012
3198 11306
299 15259
8237 16788
7022 13611
17085 13841
13471 16678
8755 5801
18483 14108
8493 10074
9238 13001
14625 17724
12587 14655
10165 6705
6339 11505
2121 10700
19934 2726
10728 9785
9701 5962
16701 4040
14337 3031
2863 11870
1008 10274
14412 17395
15295 14028
11307 19777
12963 7676
16357 3836
3265 1633
13142 16565
5769 6247
17159 16558
12112 16996
6366 2467
12504 2746
10730 13369
13560 4932
17228 741
19222 6116
9877 4580
10137 5243
7599 14856
3693 5395
19001 8994
16205 14378
9819 16683
19184 5713
16961 10712
9443 2349
14958 13540
1875 483
9518 6679
12736 4567
4100 19648
2349 4610
2350 3365
936 3083
1155 19090
4677 6581
16834 15032
9089 9952
11977 18266
7529 17664
12405 2519
15755 12254
18989 16067
8706 16776
7 4333
2057 3964
4871 4421
17852 12800
2543 15698
16117 6194
3437 4341
13378 15066
2826 7683
9512 19275
1164 4179
6511 5917
588 9809
614 7633
11085 11551
8541 4208
4011 8877
10380 19861
12458 264
17787 19668
17063 17114
4139 10333
5035 1399
3836 686
513 7292
19356 17466
18891 3001
17114 6060
12802 16090
11892 18362
11881 11379
14897 166
11318 3034
9046 12399
2424 1050
522 17391
13129 6690
965 9532
12190 18264
17708 8419
11804 10865
11063 6338
11736 8993
100 15097
14585 2549
12182 8938
6754 13764
10412 5571
891 5600
2647 19205
13186 7144
13434 10358
13155 10827
623 6154
14470 446
3191 8899
10733 14408
17944 7756
8166 4445
8853 1723
4342 18267
8017 8288
17230 16562
6676 769
9566 11926
17885 11745
17697 2281
8506 11056
18217 16083
16174 1149
3362 14679
11050 4862
8637 9906
17758 17891
9749 18684
3120 16083
11766 11520
14749 19030
3685 7302
13906 16706
11524 19928
17517 798
10567 17259
16775 3645
3768 6005
18724 9214
32 18282
10866 6856
11839 16358
3091 7315
19897 6783
12120 4102
7282 7844
2889 10359
11181 6118
12881 15162
17871 16269
8486 12215
9285 19137
7051 2323
6767 3737
6882 14367
16997 1580
17910 17679
6947 4991
19891 8606
13034 17248
3448 1547
14846 9831
18428 8614
9875 8872
11526 19346
1815 16043
14699 1442
13662 619
14953 13916
10122 7898
9897 18387
1892 9025
8550 16179
901 1599
3076 9734
16316 6531
13198 3980
16937 2476
12609 2204
13375 5064
12504 17191
18629 17447
15115 11638
7250 5415
10066 14960
17337 17198
18259 2273
15334 2692
7000 17704
13041 19561
11352 1916
13088 8243
19180 16307
5456 10707
16729 19003
12827 11428
4909 1597
1775 12082
10778 16263
18961 3757
2433 8669
17066 12358
6729 662
17144 19097
6010 6763
16959 8089
8530 17800
14317 16053
10282 9470
2155 15812
3808 16788
13800 14663
13068 2122
11407 16016
16225 6786
13653 1145
7995 10585
13731 13491
17314 8857
14776 3012
3300 4896
942 16401
4740 3688
1994 13613
10352 7784
14331 7827
3804 9794
4382 13511
10232 9823
17737 4910
12496 13387
3946 18654
6263 5872
8416 18202
17243 19477
2524 19904
15873 6885
4039 4094
1869 9120
5126 12771
5790 14210
18760 16510
18738 12285
4744 14866
15970 185
699 11107
18672 95
1513 4546
8860 8352
15389 16428
16200 7105
18240 18933
1753 2345
8320 2358
14991 13684
8371 17575
16303 19893
17409 14321
14199 5858
5437 15032
8632 12747
9359 18449
17411 805
9433 13034
1642 3422
12668 10078
4857 13183
15047 18449
12485 5592
11745 1810
6814 508
1221 13210
14252 14046
4236 16848
17768 17649
1432 3392
19020 10505
1278 17433
17930 4649
6161 7781
10452 9524
18792 17289
9032 19891
4936 10331
815 13893
2863 19696
12941 10596
18098 1162
1594 11791
11921 4646
1844 4994
13657 10413
18929 3235
9813 5157
8622 11342
1844 13906
19030 10597
17775 655
9829 16552
5601 4607
19787 4336
13110 1913
19151 19671
16030 174
13120 19709
18908 10839
2781 8202
15098 1246
18979 8410
2435 4974
18065 5999
14203 1335
1090 11433
9791 10340
3021 3994
3452 7030
12724 18048
14428 15861
6980 9484
16878 10389
9414 6874
7157 7922
18365 11333
18254 19734
14360 16574
17531 16457
6824 18455
5146 12161
2601 9085
10098 5748
15725 12839
19001 17166
4194 11193
1510 18908
15438 3389
11328 14972
4542 12462
14032 15390
365 6853
17203 6789
4100 15671
8354 17702
13405 8962
18433 2602
18953 5427
18925 8331
12565 1198
7202 7283
15443 5432
13748 15239
11004 12564
10961 11332
5119 7134
18637 13301
13292 8163
5219 9944
19873 6690
17899 4191
9800 18133
6254 6875
6233 12320
16889 3835
14512 17679
16227 2759
15809 12608
19272 5637
5791 10568
17515 10405
302 11667
19252 295
3108 9527
13243 2123
16832 1668
14063 15694
1212 2404
1403 16693
3328 217
12468 13248
470 19235
19745 2045
11897 10390
17020 8952
2615 13709
12466 1710
12231 1240
18704 14306
8811 11930
127 5592
15240 15993
9926 5480
17893 5776
1808 11560
14079 2426
617 9727
5600 14508
17712 8170
5730 16541
9270 763
19985 7371
13385 10576
10704 15864
2947 15938
3453 10110
14371 10570
8116 746
5511 17936
17078 7933
14768 18611
4707 18435
11621 10809
1407 6995
1413 12141
10534 8656
3963 6020
14165 6456
1033 6981
15326 10541
16260 19936
14783 5596
3141 2500
11396 1641
7056 7113
17190 864
2744 16323
10688 17936
14020 18787
11703 4024
9023 5087
8006 10949
17097 6272
12683 9067
7785 9684
4570 18262
10922 8783
10919 8755
8786 18803
19802 18596
9247 14954
7172 15623
17661 11282
7534 2118
7301 7993
18078 4639
8435 10250
12753 9499
15788 14838
139 7334
12317 19099
6894 2539
18626 7920
15667 16249
12972 8311
15613 12255
250 17693
15058 9538
8340 9559
4267 477
17714 12487
19763 11938
19656 10664
15265 9894
18044 14535
16355 5029
12338 57
18052 8147
18204 3690
3943 13063
11575 14914
9375 3117
16871 15881
15934 15366
8344 15913
16794 24
11254 16258
5951 5028
5369 6744
849 6904
3459 10825
12870 15511
17870 12992
2484 1874
7308 19255
13886 10107
5498 14168
1233 19059
6070 19223
4866 1087
10899 11706
17011 14660
11328 9202
16734 18486
17221 4422
8638 17598
17701 15342
11204 18292
7007 7817
1321 1243
12161 9623
1842 1839
14270 13545
14208 5650
12317 7947
9458 7612
16330 555
113 3003
4139 3910
16915 14714
11916 5433
1395 14107
8250 1421
18595 4613
12091 16724
10258 3116
17650 9391
9236 5921
4992 12787
3812 14673
3103 11574
11102 9754
16485 7354
12053 9675
6040 11348
14353 1234
2421 12089
18334 19489
1630 17571
18301 7497
3532 3692
4092 6344
6377 9104
18627 13545
16128 15850
12857 5134
12985 18012
8428 14376
15254 6618
11767 16618
3203 5005
11791 12128
18954 18630
3559 6819
19993 16519
12798 11537
14501 12730
15451 12877
7127 2311
10825 16300
9167 17361
9816 15411
4263 815
13993 2376
19896 6596
9988 11596
3118 5877
5126 2774
5323 4920
2496 4648
14335 17632
166 11169
5533 6896
6053 19071
19267 15798
2651 8277
2683 12882
12092 2422
6056 18516
4655 18237
5993 12817
18483 16054
11894 18219
10609 7140
2420 13837
2395 1877
12228 13969
3688 2623
14178 13096
17904 5651
13942 8192
5162 15913
19550 10351
7675 17998
3475 4263
3022 3270
3239 9563
3965 4983
14458 9425
18605 13513
9993 9580
17407 19260
15442 16864
17489 8398
8528 1814
18803 10348
1139 10880
65 17661
3318 9247
5023 2337
1646 164
470 15602
8740 14393
8429 9576
3709 18510
5541 5246
3396 13479
19496 3896
12032 2263
12395 10809
8131 6702
14374 14109
9459 18367
14070 13114
1894 10344
11696 5094
9242 12059
19701 4831
4770 6930
2238 5576
15652 9655
19746 15384
2997 17063
15979 17811
19797 16344
4044 18632
19151 2457
13418 12211
991 3782
15218 14833
5069 3974
10925 16124
7458 547
6071 1871
6383 11337
6163 9450
17545 19891
8331 15308
12705 17497
1773 982
9383 9711
18688 17268
7872 16754
1637 10911
228 3755
15205 17729
6527 4958
7172 17537
15728 2828
3048 14604
5253 5934
12769 13619
16000 13061
15006 18500
15689 887
3986 13739
15814 581
17936 2342
8074 15027
3204 2263
16611 5949
10796 4940
15253 2401
17880 17658
12960 4427
6621 17751
5816 18868
19769 17680
17625 8427
4579 5238
1082 17114
6300 15836
4958 7179
13804 3831
2985 2911
5708 13117
16872 6333
2989 2603
19530 11103
12043 14506
3840 8960
8792 12567
5321 14242
4498 17253
4434 17618
12687 19296
13293 10205
19123 17581
12561 9476
19032 13652
12860 15308
5776 7429
14230 3640
16339 9786
14430 16535
19325 8997
5062 10540
11107 858
17315 8282
18593 1346
12150 11266
6081 11948
10039 2716
4348 681
17297 8032
17597 9610
17998 14075
14980 17274
17101 5287
8456 509
10513 3436
16085 4780
12640 18444
15421 18693
13710 790
8256 6971
1135 3243
4990 5545
14265 18316
3943 9267
13077 13156
3293 10551
16881 8342
8231 1247
10071 10783
7694 10236
888 17265
17605 11118
6479 1629
2323 8172
1210 7780
19543 11290
4406 13158
10759 12253
19996 8670
3067 6688
14524 10609
3468 6011
5938 6479
16996 12178
15039 12398
10739 12113
5564 14595
3104 4741
4976 18522
14466 11688
19163 19144
5154 8718
3269 3997
1981 10256
9352 10457
13007 8149
14857 3972
12077 3448
19930 14490
7581 19444
1314 5812
16192 19015
12094 7414
12882 5104
4661 17418
1717 17640
16048 7956
4820 13849
8675 3246
642 16794
17595 17806
15070 17902
10300 13213
18568 13548
15538 11047
19419 2055
1842 17330
16845 8532
4294 15823
10522 1935
19676 5661
12592 3459
1267 19569
14539 16374
6614 9596
18791 5814
187 11369
18962 237
1167 19671
19232 5167
19127 7114
14922 19602
5371 17560
760 17187
7091 12921
16521 286
9673 10897
7280 8562
3368 4388
296 3
15547 11425
9918 12943
19118 17340
9303 17532
4665 6296
284 10563
2350 19672
15769 18305
14569 19940
11950 11487
4877 12746
11393 17009
8969 7068
6645 9118
14057 3549
8086 14855
1499 15134
16063 14337
4549 5790
891 3361
17036 3547
18173 2655
18025 5360
13077 3723
8070 18769
4615 6877
11292 9574
315 18144
18160 8070
9477 6391
17684 3193
4105 1693
16216 11653
16889 123
9903 11421
1879 17167
3165 1209
18579 7999
11616 1363
3416 5060
12016 14273
11511 6763
9966 15118
9479 9099
6208 5571
4772 16838
12294 2387
14336 12342
12929 5176
11246 9866
5951 5267
11666 15746
8833 13041
7447 17282
548 18618
12330 13717
14248 13042
16009 13348
11578 14055
5123 1307
6805 1752
2162 10844
18196 10271
12145 3659
17965 8954
5559 19202
5120 11216
19405 18693
16211 12884
5447 5174
19626 4939
11811 14144
1168 9480
3929 7366
6920 13209
19012 2957
7711 13741
5716 14294
698 7221
1971 3046
2750 1198
3599 3625
12381 11863
19825 7419
3861 16985
7161 3467
2654 16655
2106 17185
16375 12267
9665 2128
6400 15499
7932 8212
4006 11724
8043 13753
5613 18442
8151 8826
3863 17073
13963 2122
6689 6482
19437 4220
14873 9614
19537 15894
16504 4925
19149 19391
17427 16971
15443 3474
2340 15145
6725 6661
3418 15875
13397 17091
17191 881
2004 101
17540 19360
14092 12117
15524 16339
6266 1656
12000 1816
7138 2557
13607 7812
8145 11502
17383 9696
1286 4893
17800 10885
2093 1266
13997 9096
10622 15393
15415 10437
5128 18559
2148 11894
17033 1476
3602 7767
19011 4847
14044 16802
16375 12645
17120 13266
19870 7179
18012 18895
11747 17308
3145 17619
5400 7412
17260 3253
8047 19771
2097 13833
9700 7018
446 6018
12248 16986
19715 8030
1089 3378
19943 9362
6751 13748
219 15938
12646 19152
11287 13214
2854 6098
7156 19359
8951 5789
15837 17494
18933 229
8097 7079
6742 19499
5715 5033
11127 11967
13378 12895
16290 19019
12945 14593
16920 4676
19216 11733
16053 2417
19037 14565
7605 6447
746 6543
16034 9312
13192 12019
10262 8107
10902 7072
14529 12501
17259 11454
17832 1852
3516 4449
231 18698
13254 7926
116 14321
6144 5975
6816 14747
11256 690
11374 8339
8208 11326
471 6466
13880 7044
3160 6809
15414 196
18955 8437
9910 18851
1419 13610
1683 3817
2679 5786
15031 3089
19869 16713
10321 5410
11098 9896
10636 3172
3727 6441
18891 1977
1158 1251
1262 1346
18853 6053
8454 4028
6422 13434
4120 6213
1188 4443
5208 5860
13408 1958
9573 11144
9417 127
12220 10489
6584 12074
753 13454
19803 1714
3222 10822
9001 7561
5168 10236
12817 19445
10601 13731
11479 16849
5243 14159
2487 5410
13799 14308
19106 2080
5869 8520
17799 310
17015 1965
13905 14624
1299 5214
5842 15356
6389 18011
4286 16803
13599 9317
5878 7045
18888 16593
493 16821
6412 1699
9663 8370
8406 10285
19635 13585
10408 819
13364 10300
1947 18731
14508 10024
13405 2470
1683 4671
12453 5796
9467 11105
11876 15528
10696 18955
6161 4244
17351 9636
15657 5437
19124 12199
11792 277
4506 9066
1635 6055
14874 665
5355 13520
10909 12721
6074 5077
2221 14623
9642 17169
11010 19223
16831 9403
9133 11603
7534 2845
2393 7223
4987 18560
7795 4593
17268 11233
8410 796
12755 8485
19588 16237
16479 9782
5024 5802
2824 6469
17631 15452
5936 7033
12940 2401
8980 9763
13359 13538
5883 18904
19187 9732
15 673
14787 17387
2684 922
18654 13170
18701 8832
17948 6309
9688 11998
6381 5463
18695 13699
12 12730
7148 11815
12371 11793
6552 633
417 14474
18679 4879
2446 6318
5960 15014
19318 11786
7404 10287
14591 12338
15101 8948
12016 18532
13318 15572
5827 17852
19337 4658
18126 16500
7409 1487
9024 1238
5715 8156
17076 10550
930 2856
8168 2592
2879 6767
11587 1813
16189 396
2418 2982
2707 6285
9839 3407
15825 13199
1808 12369
5413 8727
19447 49
8630 4720
1951 5659
10169 10587
6563 2071
9304 1195
11612 16108
6318 12776
4013 2486
13936 6763
9261 7191
13080 17842
5786 4193
18791 8178
16411 16205
16148 11399
9808 11408
892 667
18694 5708
15357 8868
12041 13335
1971 9608
5501 4221
19915 5718
18688 14636
13274 1480
410 3923
7131 16922
11391 10565
9878 4248
17134 3868
4874 13197
4501 10263
8368 12706
12401 10429
1226 13885
17989 6551
18177 18110
9997 15531
6579 14236
17433 4576
15774 2998
15292 19220
9132 12990
9252 18531
15400 19236
11790 10376
13282 18877
14769 14567
11126 14412
10537 9384
13858 17026
8153 4902
15134 10099
8098 14326
525 9522
10122 4929
2488 15871
13047 14515
13579 2207
18327 2230
12343 13780
17672 200
2481 14380
16589 14276
2939 5853
932 8572
6527 10631
1429 11126
7748 16420
10657 1329
12973 18704
9543 19013
398 1556
1050 19085
17438 7232
18948 19111
2137 12113
15587 11124
7550 8066
1809 13457
14117 3054
13701 1263
18575 1902
10541 16919
12655 3394
9726 8969
9979 16522
11716 6453
11686 15111
6998 17742
19683 7772
3676 8397
2064 14387
2320 11875
4840 5881
5358 12732
15367 19642
15517 13641
15082 2446
3601 7190
17368 9154
18134 11498
15473 19089
9161 6009
9732 11465
13045 19605
19380 12277
9718 2127
17188 15118
15961 14413
12215 9102
9999 40
9283 5095
8151 10957
4284 550
19314 7297
18829 7741
6686 15931
9102 4810
1813 3799
7782 10836
14394 3077
2364 14296
15447 2214
4939 16633
5791 11808
7147 9009
7098 17537
2142 5065
14723 15124
11390 6856
8798 13053
11912 8724
404 6025
694 10206
16288 14717
1595 17655
9700 13416
3497 1730
5792 16242
1214 3197
7178 16664
10976 2891
7992 18936
9637 6184
4459 625
13529 4817
16653 15824
16360 5598
3233 8211
3915 8731
4587 18029
12049 4174
8460 17078
733 15024
5796 14685
6291 18710
18347 2430
13707 12543
11352 13146
14797 16560
2538 5025
13129 1125
6492 185
11534 7016
2837 2094
9379 2348
11574 11917
13518 14802
8426 13843
18471 6782
15604 10027
10392 5162
16419 3455
17551 872
9003 5717
5203 18912
9226 1920
13890 218
17217 2718
15806 6136
8237 11773
7223 3411
15256 18513
15292 10730
14147 1889
17882 14243
9681 162
15802 8045
13435 15869
19126 5049
17759 3167
8262 5142
12436 8667
16009 7879
8881 10661
13804 4994
17881 4626
19972 6895
9592 6255
14224 11105
1348 5058
8886 6730
9269 7538
2759 15753
9070 12523
18378 2011
10297 17442
4136 19067
2353 4420
15066 18290
10384 16070
17661 3935
4943 12429
18697 16654
6339 12783
7447 6699
4419 15786
7692 15511
1691 8461
1823 2107
11736 3544
13530 11403
7972 12726
9292 7114
6271 7477
11985 12228
15788 18318
3464 13505
2776 6136
4385 15108
18594 4132
3454 13867
9751 2549
4605 4237
8344 2060
5643 13124
5928 3643
18644 8753
2122 5628
15374 10934
1901 9846
15534 1980
13162 16899
10537 16110
18815 8850
1910 9338
1740 11421
6137 1024
11959 14724
3322 6407
10022 10540
9552 11155
17949 14980
533 10867
18449 6323
9956 15215
19044 475
12093 13131
1381 9204
5968 9210
18699 8437
147 13856
17998 938
4405 19635
1366 5561
4814 2226
10228 14265
6793 6191
7911 15814
16646 17898
8557 14897
3066 11525
5365 13663
14201 12117
5305 7062
4206 16648
1691 5760
2583 8063
10638 4505
3261 3372
10935 1370
12179 5639
16428 3434
2342 9681
17993 17868
6500 17555
15364 7176
3479 16828
11702 11633
7524 12548
3436 3385
13579 5226
15923 7394
7239 11472
8038 8711
18184 7408
17565 10832
18574 7583
16513 2201
2383 6265
3223 11787
18868 3167
15187 12209
2644 14926
590 18011
19532 12415
14083 11433
2724 6648
13837 14153
8220 5400
1184 6781
12370 15947
2252 6920
17308 18789
12935 15034
11008 15694
5327 7541
9282 15119
14104 13186
2003 256
15008 12738
1248 5818
2121 19130
11447 10463
9347 9197
4376 6928
17895 6151
18317 15420
10865 3609
12481 7623
19462 12356
18861 15864
10728 2219
14997 17158
5260 4061
410 12987
11441 11465
15292 5764
14140 12975
17101 2602
13172 19214
4140 2920
12728 265
17017 6128
18486 258
16630 11831
16068 12262
13632 4339
4197 5964
17722 10494
12009 17023
5018 16743
8469 11121
9474 13713
260 413
4713 4640
4988 12011
9010 15304
15519 1075
2360 16443
8476 5174
439 15617
19370 19533
13375 13227
3466 3326
8785 9596
8779 17511
4927 2830
8592 14312
15936 7853
3124 19367
18860 1387
1681 17991
19869 7366
2885 19241
10902 14422
4720 10142
13463 8322
12413 16011
17702 1794
6577 7212
6891 13386
15063 444
19290 12861
4529 17204
4370 14704
15871 11687
19439 11554
1008 14717
4427 15415
2944 12336
13134 12463
12568 11841
15712 13662
5742 5879
353 13665
10944 698
15830 13005
7406 300
12921 5618
18457 3974
18459 13610
7332 19808
1617 10182
574 9643
19573 8528
11143 7249
1795 6202
17336 19902
11430 9330
2761 1614
16848 2654
1742 6872
19938 7127
3461 12219
4920 14902
6709 5516
6963 7092
13412 5472
17819 2551
5857 11523
13182 7785
18150 13119
871 11474
16483 13461
17074 19288
18850 19387
17385 8231
14237 17105
6846 10273
217 907
8875 19781
1487 19424
3750 160
6868 11040
3779 16614
16983 15161
1107 11320
4386 1222
15989 17756
14872 10362
14429 9579
12692 4285
7686 4173
17821 13231
11688 4964
15817 19387
1916 7600
15994 10193
17673 6190
11319 1336
3166 3995
2836 14457
1907 13978
12404 2411
12162 13105
1871 7369
17336 4514
11683 1570
12522 4465
7232 1426
6296 7759
18025 15423
14190 1862
11797 2232
13107 17842
12539 9345
1575 9530
15786 6474
10867 14360
5241 12320
18513 3446
7302 9037
4074 6039
9506 8837
17549 18399
12046 8959
18634 6600
11939 9532
19831 1850
19708 14489
11699 6421
11472 12049
14985 12096
13004 3745
9481 2909
7661 14410
7402 11224
781 16583
10722 19534
2898 4065
4112 16561
18982 12010
19026 5356
3635 16923
19731 13349
6546 2933
17724 6508
2300 2833
3 3567
17580 12161
5254 9318
5688 4369
7092 6114
8690 8546
4437 14024
19310 16701
1895 8362
8668 7058
6970 19931
5960 14779
14031 672
2864 7612
2056 12446
17641 4945
10280 15665
19758 1193
13934 3133
5266 10378
17416 7233
3536 16003
7868 9897
4952 19556
1318 3513
2460 3258
6494 13478
10152 12665
688 14822
17987 4288
529 11805
15756 17497
1225 19424
9484 1214
17418 17438
4350 5231
14353 18813
14676 5643
17856 10725
19015 3568
13580 5207
1592 7168
19469 10474
8244 5823
1890 10375
8034 13104
14050 12371
8231 5391
3676 13431
1364 17729
3830 17337
11022 14211
4409 15203
6003 12020
11468 5078
4292 8448
19094 16173
5716 17496
14129 1248
18317 13231
13285 1326
7681 5737
13383 5386
4121 1320
6104 3764
19721 16268
19042 16620
18114 14953
15692 11662
15115 18562
12525 1530
12556 5094
2750 17041
13409 18982
19792 13431
9470 280
13766 14889
13764 8531
17334 9787
18111 7657
13485 16423
4669 9837
18602 17562
7922 6940
8769 14966
13140 6870
6890 9610
10546 18735
2272 9266
13126 16419
5478 15611
16611 7698
17718 2386
12629 15819
17467 17736
18122 17707
12101 1469
3854 11772
333 8674
19419 14683
16512 15320
2822 6431
12288 9131
8819 14960
9096 1575
8853 12850
2335 8735
7153 3846
15008 3341
15098 10556
3754 1561
12250 12607
16988 20
2684 19950
1584 1684
9350 8827
10630 11468
11163 9955
10710 9172
19981 16131
16137 3299
4302 5240
13512 2388
13967 19133
12414 14352
17799 18870
32 6344
3977 14649
18552 16894
19478 8438
11706 17861
10322 13806
14297 486
10684 2984
9432 2222
9654 12892
18469 10401
6523 5474
4058 12550
7105 17057
11288 7737
14150 5149
8096 8020
11119 5524
10416 16291
14029 18439
19169 6676
1930 11712
17307 16899
16918 4309
13036 7477
6989 12418
10814 10953
9482 16518
15168 1905
3077 3919
1891 14780
16701 19053
18115 9415
6628 14736
2703 5616
13211 13089
16157 13050
16360 9164
7934 18520
4580 4986
11259 465
15167 10200
14000 1626
15722 3290
16868 8949
9436 8250
1083 15351
7443 2204
16369 14155
17502 10077
427 4640
12959 5588
19443 8930
6131 10329
14819 13107
10410 2298
5330 1877
15120 796
12219 8348
17089 14369
14586 14329
12574 12806
5749 3930
12925 17597
6530 5426
79 10100
10371 4862
7225 6074
2757 12341
5049 6659
11984 16146
15328 8279
19724 11326
2619 10624
18602 5086
5499 7479
6027 6655
3765 16674
6016 10759
3562 8338
972 2885
11761 1560
14989 18994
5051 1215
3839 2176
13153 12671
2756 295
744 7288
10143 11291
2376 6431
9788 4308
11291 12651
12247 2337
19517 634
59 11066
8892 8529
2811 11163
15363 3853
6204 11048
18610 13833
1732 11721
3408 12499
8205 10837
10395 17092
9745 14671
3045 8190
9640 17955
4017 6803
2972 13841
7921 7175
18471 844
6930 1016
14354 3909
9142 2703
6365 12217
17914 19789
18861 19135
471 12278
13126 494
14093 14102
5278 2848
19349 9441
16162 11029
11629 963
14825 14143
4778 16832
10649 13750
6517 15123
749 1414
3387 15898
12835 1713
14731 2347
7843 19349
5340 93
1062 6341
18460 11054
10831 2258
13518 7118
7154 9023
6603 18310
15337 4899
5191 1248
5313 4429
8889 2648
9759 1125
6105 4313
12463 14826
11334 6912
14270 1995
99 14815
2674 16925
349 5389
9217 5482
9322 10944
14193 19364
15845 13676
4251 2854
18053 5683
9157 3637
8852 6309
13077 11921
3028 4740
3485 9584
954 8338
14033 15559
2485 16797
9211 5392
10007 9266
4584 3202
2331 2830
9578 7344
17650 4261
19148 2246
3556 13403
10421 16734
18465 11398
19537 3826
2238 13007
7466 5889
9670 5766
12320 77
15783 16792
12997 12900
17498 16073
2675 4984
19969 8134
19674 19974
14533 19523
2976 9569
4031 10290
1549 4110
2704 13372
3378 12208
18852 11448
2521 3688
16940 2887
95 13793
14420 10195
5218 15794
9901 11918
14101 6497
4203 7778
18356 1076
892 11785
13207 19511
7737 620
16113 16642
12192 17008
7372 3997
17694 17654
10441 19206
17460 5624
17266 19621
7516 19510
12180 8395
10117 1967
14986 2785
15056 10680
15462 3585
10773 14084
2167 6912
19365 3291
10782 19192
18253 4620
7238 5639
15008 4911
3350 19163
3418 14624
6412 6342
19083 11796
167 11906
10142 11686
17933 15989
3517 817
7466 13573
7434 13310
10784 697
16660 8738
18927 11349
11264 14897
3718 2135
13000 19622
297 9304
17312 6658
11957 5390
7845 14444
11330 9310
9113 17209
11206 9689
3509 2379
15967 16960
19457 11137
2249 7623
6981 16269
18860 10802
13093 17174
11476 14865
19855 5487
6300 7218
1266 13369
17799 9260
2644 1417
4025 9493
19596 18839
3108 20
465 11013
15377 8840
15062 7501
510 16994
8470 17317
11688 392
188 5601
19384 17548
12155 802
10079 7520
14757 16452
6505 13587
1001 1294
15667 17341
12348 285
9842 18798
10813 17664
3468 11588
10666 5876
19748 17315
9507 10363
14016 13281
3040 3566
6966 5041
6604 19545
10977 10225
18967 12667
13045 19148
5201 1092
15843 13816
7851 14631
19659 11601
6968 10992
1921 18097
3970 545
3259 8973
14833 3064
6432 6730
14677 15664
14802 13822
16563 14027
4899 7791
3447 5790
786 18787
3354 10036
1185 3509
10298 7968
18469 6610
14888 8788
14277 12846
14792 1310
15316 19091
19447 10471
6941 14247
6917 6064
6951 14253
16825 5644
961 12335
1515 13082
19624 18874
16475 18862
2188 204
1742 19526
11127 7172
4947 5855
3575 18797
1642 4875
5250 13385
2697 16725
10369 6811
2520 14436
6802 13520
8718 16879
17807 6486
5676 6638
13843 13631
15639 17111
3454 9756
618 16117
9225 11883
7870 4580
17125 5815
1921 2196
5725 987
6650 8495
1039 9190
13533 9470
11016 5590
17414 9094
14991 16445
9907 15998
6820 14759
8893 8276
19953 15262
9405 8889
2370 159
17452 5682
4759 437
12037 13143
17167 13935
6904 14388
18207 17564
4450 12055
15983 11255
16892 8183
12586 42
19787 14268
1327 2698
19901 3842
14216 2481
17826 19480
7094 6317
545 1207
13541 3185
9674 7901
13234 7515
72 895
7885 3678
1094 9754
14837 8467
7255 17636
17796 15257
6168 13842
7479 16449
12317 9166
13747 19754
18150 10885
15884 13377
4689 18931
617 3544
17710 10978
18459 19196
6773 5549
2661 12363
4445 16873
7297 8014
4052 9962
18309 13114
12729 2914
14525 19960
6959 1754
7268 3946
18777 7524
1449 6620
16347 16294
17435 1022
17781 8619
19490 14811
1628 870
6374 17170
12296 685
12716 7118
10905 18648
8402 1616
16492 18596
3625 5169
15702 14635
6067 7594
16032 5576
17859 17838
17565 9766
7992 2803
15357 5970
15290 5569
7807 19620
11449 19544
9180 9283
10561 9955
4563 4375
19926 13760
16512 2912
3196 18859
5143 11000
1116 11043
8558 16922
12501 176
18509 2675
5868 19081
336 13868
14163 4358
11710 12119
191 16561
14284 10320
5320 3044
17185 11029
10008 17938
12601 996
16954 1021
19517 7637
6097 14975
9281 5409
2284 2271
7006 14704
18123 8421
19322 7363
16823 4214
11547 16019
10649 3245
13593 4960
8268 3569
8622 14365
15676 4870
4557 17696
4633 13163
14567 1056
9592 6757
18858 12601
1896 17981
6807 13985
14475 5647
10012 11879
16512 15610
2798 2181
9015 2557
5830 11619
18866 1872
19703 16581
13100 48
19079 9355
1862 3226
14204 6918
12968 656
14325 18304
1407 16585
2408 11275
6841 3399
5817 3680
19896 15629
18912 7816
19919 6413
17691 372
348 11582
14365 19998
19898 1504
19107 19371
12571 8196
19805 8384
4718 745
13064 19632
8133 904
10887 8099
10196 13964
15723 15300
3003 8699
7320 19207
87 6417
16460 2988
10858 16723
16364 13862
12092 3348
13575 14940
11293 19515
7812 14269
11353 15312
1610 1086
18811 19291
14530 1362
15281 42
4216 795
7593 11574
8752 1916
13774 8187
6105 9291
18648 2
6831 16627
4347 13417
5394 8277
19006 365
17802 9974
976 2687
13755 19321
8233 13801
122 2057
14888 18612
17169 14616
9097 1165
14302 703
3952 10138
7379 15606
18372 17301
19690 5051
4284 11847
16848 2258
18158 5776
14756 2584
9152 8765
5545 602
14937 18347
17668 8421
17019 5241
18368 14192
6641 17689
2690 16409
4874 8918
19576 7605
17291 6311
16455 3470
12837 511
12153 9876
14308 1448
15916 601
4374 16538
16088 5007
7156 5757
11325 15097
2356 9454
10573 7083
11965 12572
17414 17671
525 9892
17323 14748
15694 15480
13772 11365
10879 11318
17690 18238
1735 2815
17146 5297
8134 18396
17177 16821
9445 2060
16264 16324
3218 2295
12210 16482
1727 1331
8375 10856
1748 2302
16270 12632
3750 12859
18239 9044
16102 18618
18502 4527
4504 2770
17223 3246
8653 14072
17752 19825
11538 10338
9411 11796
14721 10058
5868 7656
4517 2662
248 9627
18042 4950
19032 4239
5636 2093
3731 3244
18349 3624
13516 7287
4115 18209
4882 6763
2178 18916
17396 14838
3195 16224
11793 6181
12486 19336
16274 14809
2368 8953
19227 2642
4133 13174
316 5295
4585 17656
13828 8961
6858 10313
16854 11459
9398 3831
18577 9927
10147 5111
13268 11082
15915 12986
3365 6303
1840 9335
3254 5291
10279 8381
1220 13802
7134 2829
15067 17309
16615 4867
2140 18507
9034 14829
19783 5325
19271 2072
5675 13475
11843 4870
7391 7936
10678 10577
8093 11504
2142 12880
13505 2018
6027 14954
11864 1374
8368 16695
8275 2661
341 4719
11303 13680
11127 2215
7808 5448
14745 4042
10407 15310
3217 4102
5987 4214
13683 13415
10036 1556
12959 18865
9039 14876
10776 3000
9991 2800
3955 13387
7244 5166
17619 5969
3598 935
6233 12064
9302 17202
3760 9587
12003 17669
17162 4450
9651 15529
8191 17132
918 19305
10805 15942
4293 5859
11194 3827
1784 14111
2494 10185
2687 7504
11416 18586
542 17852
5286 2818
19802 9670
14400 5527
747 10448
10652 2462
10102 8666
9680 8669
12451 14219
60 392
4647 9795
5787 17316
7888 6745
16981 2705
10320 18979
19506 16586
16446 14107
17530 6696
18475 12616
13206 8465
17757 18111
12285 10051
12886 8713
15142 16568
4620 6588
18198 8629
3730 5335
9391 3917
16557 6755
5823 1551
2058 14908
11838 12139
1781 580
2277 3354
12795 3211
7211 303
12732 18951
2014 6670
12996 12174
8065 4676
8190 5579
588 13668
5693 15872
11164 4283
1045 7276
10749 16325
13785 8860
13693 7133
14098 10647
946 1571
8258 562
1636 1490
9871 12544
8357 9357
5267 16482
14107 9928
19062 5153
12176 16120
8579 13892
5748 2138
16406 7770
5401 11724
12670 12458
15107 3804
11136 4682
8286 8357
4318 975
15594 8176
13192 13483
3589 3435
16505 17420
3460 12186
9505 10438
10932 3219
14008 19061
4233 2809
13218 8538
7348 12108
12098 16382
15733 6650
14530 7716
18990 9590
11895 16051
15293 18212
203 5957
7013 3628
19581 4757
3798 10941
8016 3033
14807 17209
12366 4491
19552 19451
2639 8461
3497 4495
6080 18183
6499 9897
11697 730
11790 2633
7126 3231
17865 5273
6172 10418
2335 2258
8512 12371
14689 8004
17239 5577
12443 3207
10300 12911
3178 7873
5396 14184
2952 7729
4685 3657
8798 2029
7774 14028
14596 6535
6014 4303
17345 3387
4624 14653
16037 6387
18282 11576
8288 997
10349 11593
19904 13960
6521 12485
8278 19249
3020 18392
19498 14318
869 7800
16376 8896
19693 7147
9805 11756
17208 146
9646 2419
14895 3113
70 4800
12157 9622
3328 9707
52 19164
13555 10295
18151 16648
1506 19132
6028 5570
2615 1061
654 3167
12522 14788
13822 13671
18755 3082
14049 10811
3205 15314
10780 3951
703 18092
5488 6639
3924 15376
7710 11821
11759 13115
4883 15763
14851 1142
19005 13161
10458 19837
14813 18453
18030 3739
497 11577
9761 8790
19606 2666
4957 1829
3214 5692
9749 6138
14854 13341
12126 5994
11712 11352
1901 9787
6057 15946
3515 3495
14249 2948
16572 4604
312 19533
4365 10900
908 10664
7750 14352
11849 12475
14624 15834
6008 14096
6066 5959
9463 6357
666 13226
3593 2291
2385 3666
16139 9863
17570 6237
2116 9268
9546 10852
11690 18897
9874 18040
6585 19251
17055 13005
18708 10886
13759 18310
123 6391
2788 1319
13455 8696
12184 16348
699 13836
5674 12463
6818 14976
617 19595
4751 18631
16670 15411
7589 11745
19097 12360
17924 13438
7898 15905
3277 12463
9109 3746
19711 17636
18937 12053
7295 6359
17852 2354
2206 175
13596 10
12312 1456
12358 8706
19630 4079
12953 16643
785 18043
8908 4877
4949 7816
2058 5304
18603 948
18196 7205
2426 1746
3584 7777
9286 18564
224 11572
15507 3076
12298 3308
3270 8163
12882 19696
7811 10354
11867 6590
10296 14529
10199 18925
15697 8722
2998 6810
9811 4236
6274 14937
6166 12042
12364 18665
3567 12817
16259 10713
6054 14133
18048 3852
11615 13497
4645 16662
887 19344
10572 14076
5279 6977
4496 3409
10139 6000
11020 17500
10126 3295
6697 11284
19589 2898
14543 17663
18980 8411
3163 822
8892 1339
12301 12158
8505 9398
16621 11413
5125 1604
11444 19029
11593 10198
7315 10299
18660 8206
4221 14893
19265 15655
19573 10214
7941 11251
14387 14729
10244 6246
19843 14152
2330 15546
6605 4554
11600 9693
9014 15717
2124 14038
7968 19769
17654 10536
12159 15379
7721 3090
8190 11972
15991 14073
6575 3372
10694 11789
7211 3620
8821 8800
624 12227
15866 8700
14208 17104
3159 4707
10406 8637
16583 12147
17632 6361
5692 9212
403 6533
2406 19501
8844 10784
8607 9412
11901 9888
370 8336
14019 18073
10154 4075
13942 16431
6692 7092
10202 823
16925 9684
10320 12180
4159 3523
5795 3674
18470 1491
4865 11349
4360 8269
8060 10235
3273 14217
9016 4101
11352 7640
7091 11358
13672 19716
3955 6702
4656 12794
14794 1823
13176 8634
14594 14358
4277 13449
600 6321
16745 19580
5117 5893
8108 2865
15839 10679
10684 19707
292 17272
18449 15600
4683 3949
16929 18902
4264 1570
18518 4621
875 13244
19242 12050
5099 14944
9585 12181
16693 1071
15015 11307
5350 774
11326 297
17436 9712
12203 6364
10557 12043
9003 15182
11069 15899
6464 2387
13715 4894
10446 17654
2260 3002
8154 11008
11695 4958
6509 51
5349 9208
11107 1055
16480 10635
12906 10190
12304 2069
5999 7882
17461 14374
17581 7227
9398 6039
1413 18128
4192 16153
7076 15902
19442 10672
19943 12542
4139 1652
17434 11570
11434 10431
15387 6273
9128 4717
175 8343
7050 1642
10408 864
7360 2797
40 2547
9052 164
714 3323
13884 12069
2404 7816
3480 16912
13483 3619
12056 5284
2104 4550
1293 15998
6178 16273
1796 1789
19522 15888
12838 16586
9890 14208
5510 10455
6531 1854
1377 10493
726 419
18901 16793
18698 5163
17842 4025
17151 10759
6708 16690
8645 2403
19037 15018
528 19112
13631 8960
1719 5939
2133 1120
11430 3870
10821 5017
15623 5371
6598 15909
18594 2924
16148 18253
12091 19255
1608 14307
6300 5532
9949 12446
18915 8820
5473 17106
18027 11128
9403 18890
11788 9329
7252 10854
9253 14678
6398 6476
14094 2207
4195 16663
9652 14100
5673 8946
11031 11541
14831 9508
3533 18079
3925 851
18130 11363
11306 16685
16324 3569
19307 12640
963 2960
9272 4803
18298 11689
4889 11208
3046 10877
14842 1242
12589 17570
1525 4241
2728 1149
2972 8473
10693 13597
15542 12533
10984 7566
15386 4859
9423 18111
678 19860
6910 4586
704 14249
281 11605
12049 16214
5342 9018
6333 8542
13716 5698
8643 6203
5059 8584
13644 10418
19614 5726
19415 236
12440 12150
2752 17077
6290 8322
7610 18243
2499 8545
10395 16172
14368 13554
4813 19515
7776 16587
8445 13103
16905 15065
16424 5135
9899 9511
8583 11829
1810 5807
3121 3412
961 1971
2558 2021
10312 19260
15328 4521
2567 15046
11839 5532
5566 2810
18221 4322
7455 19559
16739 9558
962 15244
10538 13626
14521 11705
7890 17008
13828 8860
9513 12497
10945 5372
7320 7702
15344 452
11599 12418
6280 3744
13066 18830
13056 19365
9368 19020
9039 16488
5877 16933
7784 13945
1649 18920
10658 13433
12252 18973
1851 4562
19819 7776
17665 19941
15384 15907
12320 5477
7314 8849
5056 16695
15562 2294
6190 14152
9419 2119
225 7094
12655 8738
18523 1525
8411 7224
19713 18974
4906 6541
2794 170
18518 14478
9024 16037
17834 6240
12840 9035
15017 10412
6272 17366
12523 8913
6338 12531
172 11641
17263 8668
17825 13704
2355 7948
15193 3252
6948 4161
4726 16661
2840 17629
8052 8342
4288 19023
3211 5644
1627 16402
6289 12674
59 14097
13557 19649
350 16505
4768 10621
973 13250
2267 2043
14491 7125
4290 8840
13363 13901
9807 13600
8324 2684
5340 16259
862 7845
6061 13716
18510 17373
16828 8817
19631 14965
1860 2555
6267 18032
9092 16538
14283 3578
6957 7597
19333 6119
9410 2669
3786 11963
5562 1223
6060 5494
16439 6501
5114 17460
7075 10916
13602 19592
19044 10276
14554 18108
12878 9100
15096 16978
11685 8969
7720 8790
3873 1040
10523 12101
7848 3869
10618 676
3499 2798
1709 5939
7604 10130
13464 11712
4437 3886
198 4871
19885 5361
3478 3596
650 14310
12739 1296
3022 13986
12159 15083
15739 18935
10629 19050
14469 7755
16906 18407
2476 10138
9093 17511
14984 16490
2368 15756
18201 2490
18708 14538
8354 16803
16737 19945
17853 16825
7520 4003
9228 920
18412 1378
6581 13551
13577 366
9310 4469
12370 17016
7891 11620
13315 1854
18694 9534
2729 3883
4883 3360
16707 16091
11438 17501
13735 6473
15136 13686
9229 940
13959 8943
9482 16081
2082 767
1613 3332
9746 3601
6510 3494
19231 1910
13637 6589
12190 9051
9313 15107
2371 18518
5621 19515
10281 18983
11537 7758
10499 9162
10909 5575
19859 2835
14566 14145
5926 18805
15976 15977
16494 16553
6431 8992
13693 18918
18855 18947
410 1333
6891 4785
11721 18100
15202 10322
14721 2938
17035 4088
19740 15767
19130 4671
256 5610
14587 5352
8088 14549
18041 15721
2603 7469
11070 172
10015 8861
5554 12121
16326 7170
9941 16682
2519 4929
1408 18755
8921 19011
9758 15097
6364 5592
10161 5381
9062 13010
13513 17268
9696 11640
1701 3349
11158 10314
18712 2548
17958 18340
10066 5389
8503 14492
11256 10779
15265 10991
3577 2074
19770 9733
8677 9754
1891 14086
436 13586
18535 15680
13465 19779
11867 9852
9857 17741
3350 12308
15513 9246
11812 14502
17673 4520
9536 646
16877 19091
13436 18764
2502 3407
12708 2944
11289 7422
18745 5804
2202 13119
19614 7676
19272 13181
7811 15334
8870 2924
13310 8173
18814 14133
17735 18650
17820 2154
13924 18735
12117 11101
7038 14076
14135 4213
8294 13772
13592 4512
16345 8124
11584 10648
2237 11160
15225 14525
7543 4712
14845 10784
14969 9026
17159 18720
573 12388
14763 492
17603 9612
302 18387
6129 16382
19106 10708
6373 1944
10141 18828
9036 16465
15467 4373
1540 10543
2194 14661
3986 8699
19640 16751
14565 4470
16076 17521
17028 1400
271 10479
6236 3806
1382 5885
8681 15939
8156 14729
12657 14328
11643 13764
137 17471
16340 3151
5349 13386
9212 3056
285 3422
19490 18858
51 6776
323 13926
18098 9490
13595 10719
490 18057
8949 12691
11729 16296
18394 4910
15387 19988
6915 18563
15169 6608
12707 3112
11325 33
17362 3529
4294 18843
13501 1723
12861 2128
16231 8969
10579 12819
12602 9722
8276 7617
4125 3989
10680 9292
2905 14615
9509 10858
6661 16962
3820 15244
10201 12742
12190 9867
6746 11371
12738 6641
7473 17165
5809 19995
15853 17217
15075 5858
18055 9877
19431 17882
6000 11177
11927 9451
5958 3361
12413 10062
12302 8585
6912 13538
16817 12196
2965 18606
10114 9747
5478 8006
3274 6189
7533 15501
2011 9457
19448 4866
17108 3123
7913 12575
6633 16691
12662 11648
14497 12825
10766 5733
14423 11272
109 9477
15204 15191
7287 8533
644 13859
18413 9843
17859 12347
13359 15290
6340 17972
11634 3449
1816 4871
4969 13743
5866 9977
19073 2479
2042 18664
14552 17645
14887 17739
3313 17040
8129 13684
5296 10086
13297 5031
15033 8626
14312 4694
9736 6324
14916 7554
3685 12165
13790 18234
8341 451
12073 12005
16533 19015
15389 6822
19437 15745
18571 938
2181 19423
16393 8385
5213 4212
14394 4073
13092 17964
2149 10037
16713 16640
6620 18462
10998 19597
15901 18227
16721 7338
14949 8205
17969 4692
19236 12037
4955 4106
17143 19503
16597 7600
14960 19923
13695 1365
17292 8546
133 4871
8288 10255
15681 12890
13819 2457
14179 12922
11387 835
8862 7878
9818 2399
10196 5028
3666 17795
7716 17839
13011 6734
9390 10010
14566 11629
3045 10590
17705 1229
5442 6813
866 16806
1135 16347
4378 4695
1406 17460
15593 995
15011 5268
13242 3817
7220 17664
18320 7385
19780 3990
11940 9685
19751 6262
6809 12922
19828 15513
14583 6474
17107 2845
13623 6780
13739 3169
6624 13865
7489 13693
19033 10472
13260 16297
16810 1180
5105 6671
17524 13082
4404 16919
17226 14155
9373 896
12177 17375
9476 11831
10170 19876
6640 18063
13023 8825
5063 3752
1107 1355
14124 4931
11998 18144
6107 3352
13563 2825
12812 12359
19365 17737
13977 7846
10679 7872
16119 1467
14223 10707
19490 933
2 12861
8957 6737
3808 13557
12886 1996
5824 14104
4620 10937
15208 8422
16363 15158
2538 1624
14454 16872
3463 6218
4943 17924
2826 10838
13305 18166
2334 12201
8206 17255
11134 15697
16897 12422
1623 6874
8595 2332
13096 2768
4477 10906
17160 16844
15579 12792
11541 17724
12204 7360
4842 6296
10731 7009
10799 2824
7336 5978
10190 9963
8213 6042
17403 7257
12108 7910
18268 9283
18129 4321
10969 18208
16685 18717
10373 6218
4700 9593
17784 8394
142 4235
10863 3959
425 10409
18943 5110
4011 2356
13744 9422
6775 2285
5703 12730
11450 6531
9087 6957
18499 10801
18470 3023
14555 15779
6963 17427
10201 10047
19957 13878
9654 6097
19151 5153
9368 3423
3159 2849
420 3284
8120 5813
9050 16484
6597 7177
989 7602
18790 3638
8000 338
6144 17351
1515 3374
3167 19513
19536 9145
11177 11918
4304 13168
14334 13571
1738 6990
16027 18256
13355 12671
7673 18082
13473 5734
1300 10383
8151 12280
10066 17622
330 3562
836 6917
8049 3038
15853 6085
8128 7367
3 821
18009 4644
10332 7051
13723 2960
9107 4953
7502 13295
9584 18223
16239 8867
5461 358
5945 1877
2297 17591
4147 17022
4550 7236
6778 19182
2007 12040
6723 15454
3039 9809
13570 9335
6345 16413
3264 5008
10001 16729
12578 11416
164 5589
12272 5624
8566 18803
9094 18660
7775 10932
10957 19011
7543 3540
12670 12924
11393 13192
17699 4316
18385 1785
10612 5146
16577 11203
13493 13936
6851 15926
10522 3290
15285 19924
4647 9988
18901 10474
7316 7590
379 14853
7901 13711
11444 18286
11176 4303
294 4249
3765 5497
8492 18031
6436 6889
9011 275
11140 7717
6741 9364
4099 6666
15242 15628
3570 11292
12169 10181
13990 16965
3003 18368
3714 16774
6790 16509
18454 12454
14954 16627
17370 8348
19386 12433
4274 16190
5558 7551
17080 1802
4338 9898
10513 16198
1086 2857
9387 6784
17461 13925
14289 4812
18434 12654
3951 16688
16845 15627
11102 10828
8768 14699
18139 2622
14408 15068
19268 10849
7001 18844
5961 10279
15186 14496
13925 351
3346 9356
14152 9366
3572 12732
4557 13202
9768 17948
14175 13045
13652 10225
4596 9197
6838 12088
19053 15502
12912 14557
16353 6290
16158 12465
10157 17927
15545 1185
6054 150
10784 13568
7315 7740
2905 4740
15076 6577
18216 10047
11544 3459
8272 3156
15422 12228
17532 15922
324 16978
8893 171
7878 1047
676 10371
7974 10206
4861 2501
10576 8358
11248 4560
19362 10207
5215 7091
19718 8766
19367 7283
19160 11128
5903 2599
18568 871
13919 9561
15962 1132
1382 7180
5477 968
13850 12655
14249 19035
15219 3196
18436 1830
2032 6846
2239 462
3738 6020
12708 12952
4971 14020
12734 3577
4298 3102
13349 7666
16617 7560
440 11279
10864 9778
14056 11848
11031 15335
19497 11000
17801 3833
9658 19087
3141 13669
551 14113
7666 7855
17237 19873
3167 14298
17436 239
9392 18037
16981 8331
9834 7095
19333 14573
1941 17191
5551 9423
18279 14313
12694 19071
2774 18498
13417 5441
4527 6979
13856 1284
9778 5166
13274 4613
1624 3298
8343 10028
2862 14838
11558 11143
4794 3454
3486 18958
561 6464
12967 14631
8283 3590
14638 15988
1559 14502
11479 9138
5450 17954
1351 9774
6631 7489
13690 1559
3757 9465
19668 18206
9992 18388
497 17378
958 475
9532 10641
6315 14891
2324 4770
14687 16558
6766 4754
4952 5395
12048 8341
16408 14720
8571 17085
4071 7747
11338 3190
1100 14945
5723 1646
6630 1853
4568 18940
18356 15074
2983 12973
13710 5176
15841 4901
16930 9155
16836 12958
15981 18283
6786 8182
17443 19616
15965 6516
12126 5815
10727 8185
10531 12275
16012 18739
18738 8969
12456 17414
11523 13988
2508 6807
13869 7938
14336 16052
3395 19708
9976 4321
5053 16859
12437 6841
6422 12888
12264 4448
14664 16255
11176 7261
5855 11554
14470 2958
11291 1825
9441 11314
6030 16517
5785 2648
9925 8967
6049 6126
11871 8049
14284 6322
14277 2490
13779 16963
6610 17752
3863 13773
10752 7095
1887 6012
4490 10213
16488 1863
15896 15483
12547 7893
10901 7336
15559 15297
7986 13162
2423 11268
10733 13091
4915 12731
943 3978
5904 16385
1892 1015
6929 697
9827 19370
15777 11732
4230 14254
12708 3498
7365 17796
17641 4955
1185 13068
17146 13623
4770 16872
15299 11989
9493 18697
12835 5830
8432 17748
7154 2238
19467 2323
9923 2638
18164 9017
16231 8387
19382 8845
4024 11387
9764 8229
15877 19540
337 9657
14661 17379
16192 3531
8018 8152
19346 17604
18204 3521
954 13712
2621 12238
2017 16917
1715 3868
6957 13005
3637 12155
19138 6302
11001 4748
3754 1522
465 3254
10984 2290
16320 1518
771 11559
14661 3900
8899 14705
18672 4269
7158 19491
3022 14108
19407 5014
8104 15842
12644 8836
6732 934
14800 5468
70 12643
11017 6045
11044 16697
14415 15187
16202 672
19828 15439
1981 687
15536 2273
14412 15534
17692 7600
13064 6569
8659 15577
7136 16127
3916 3395
11527 372
1435 8686
3856 10441
17451 7466
8225 612
19415 14319
15495 18538
4060 16455
14302 7015
7238 2288
11667 8885
8397 1759
9962 10730
1127 10636
3763 3310
18075 12525
1011 2300
9084 11490
4825 2242
18468 7775
10024 6417
11546 15269
14528 18966
2479 17078
15990 13314
5387 18500
10962 7682
10987 11679
2856 17515
13334 17289
16061 19319
5944 13165
14979 15997
13316 6645
19928 13270
11990 8576
14868 11056
6760 10540
16201 14383
13461 5469
19349 16254
3661 19566
15471 1949
18892 2160
5234 14443
11855 12343
9299 8445
14565 5222
8489 13565
14658 7704
18804 6022
4958 14861
16139 16301
17674 7941
1340 6206
3605 2146
8115 1273
17699 12157
9840 3854
705 1890
8293 6441
6324 2380
2052 13066
11751 4941
14345 1705
13183 3642
10828 8678
13289 3550
11785 18399
13532 6893
18989 4436
5413 12765
9204 13904
14107 13239
17855 10246
6157 18007
4800 6068
17662 1449
8022 378
6236 3302
9939 8654
3696 11221
10625 10626
1304 10881
6722 6949
1687 11123
4249 9611
13121 4533
4970 8429
849 3649
4034 3639
3775 2395
7976 2376
7539 5792
10522 8639
2023 12865
13907 16322
17521 4706
3168 9791
14613 18347
5952 9289
11005 10073
14043 14818
6939 19945
13565 18417
6181 2724
1356 5313
11877 13701
14124 16256
57 5170
3042 14293
7637 8258
1535 6573
7589 8280
9499 4767
9960 2651
6177 15167
3055 16662
9497 17566
14155 1259
6966 374
7137 14042
15580 10602
19146 16824
8830 9765
19174 18486
16029 802
9298 19646
13116 4409
4307 18846
17006 4822
769 19495
11666 14036
11787 616
8059 14131
11198 13375
16942 14147
14238 5568
7178 491
13347 4726
13773 17561
17701 16743
14579 14040
11457 11206
3474 8693
13825 5163
3942 17477
6386 3488
7424 1786
11547 2222
2427 332
108 2826
14165 16326
14017 6262
17840 8568
3954 1984
3409 17523
14536 19326
12220 16233
19905 2481
10570 12953
17382 8514
4649 19377
9737 17535
6421 3622
8417 11979
19427 16868
10134 15200
8307 9759
7564 12256
5498 1399
19443 10473
13441 18948
9111 8590
1981 7072
5545 9023
9 18675
13675 15750
1802 9442
7812 16237
3693 556
5965 11735
19085 398
5366 287
19713 2737
12635 3558
12137 15095
2027 12250
2526 17157
8812 14010
2254 18740
16045 18420
8571 2684
6242 465
4029 8198
6042 9845
10713 9355
16003 16620
17069 19033
15355 4684
16301 517
18100 19016
1139 19768
19635 12761
7013 152
16673 7574
2936 8608
4594 12981
10775 19870
7190 4472
8142 6771
12933 14791
9887 10704
15919 9217
14224 7160
14423 5967
10315 10734
3537 10583
12166 6608
8914 2487
14040 13064
1018 11670
11539 2372
7751 11655
15212 17701
8557 16967
19077 18837
2211 10929
3512 11614
7686 15145
540 19729
14166 8233
10754 7534
6384 9737
3485 14267
2347 7088
9391 6395
14314 18084
11030 6682
18637 19045
12910 7866
11443 6279
794 2092
9118 4365
14348 2940
10230 17709
4199 15745
9358 654
7257 11509
1028 2484
5076 6800
19206 947
1311 12299
14281 11678
4765 13055
3992 357
2732 16797
5867 17274
16959 2370
8482 9240
11615 3073
8228 819
1381 19974
16706 7784
5062 629
18538 143
13759 18683
11881 10673
7691 11663
14355 2305
17338 10319
9064 9155
6614 13346
8412 4862
398 4956
6901 18902
8334 17028
10708 11423
12136 5566
19 10745
19285 874
11434 10644
965 7221
16329 16208
19132 8179
2375 6409
8162 9063
18250 16107
12161 76
9350 14453
13608 12051
1521 5924
10382 8149
17063 2428
12735 3037
8793 10384
14033 12755
6456 3730
5801 3508
4711 9377
9320 8683
11226 895
18218 17909
2465 8100
2783 18824
7323 1929
3783 18422
7501 18283
6317 19158
3320 18034
18342 6620
14704 3427
16622 16551
4252 19683
11957 19619
6950 6167
16363 8590
10665 7455
2454 7467
8008 13071
19840 17802
7849 19392
10596 19556
2305 2236
6386 1400
16855 6614
13143 14199
4321 9188
8648 4625
19236 895
10254 13286
11 5703
365 18028
19046 8871
18372 19206
3981 19108
17639 15265
5935 12161
6861 15022
205 2962
1905 12983
16991 916
8179 3690
4144 18456
13120 13277
17333 19763
19691 16176
18773 17465
14233 14160
13778 18169
5105 12928
13108 17140
2001 5251
18034 16883
10199 19416
9090 11866
6689 10553
15033 5558
6953 4227
3305 119
11198 11836
13726 6068
3042 6478
8587 1414
11711 9958
6937 6974
4293 779
11958 14348
3878 15361
5893 6375
15025 16929
9362 19793
13489 16706
5965 11453
6704 16079
15535 16463
2714 14840
7472 10734
18245 13066
4748 17006
1316 8133
13891 16202
5669 13144
7979 15661
13193 965
1478 15376
5828 1605
7991 19248
6022 10536
13478 5661
16496 18054
18414 2867
3054 17764
16829 4692
5619 12785
736 17511
19708 1090
19882 2587
635 1477
14129 8410
19982 17320
4700 12179
15597 5495
16423 9210
9436 8668
13535 4602
14993 834
13953 17641
10705 16761
2927 10702
17486 15222
16502 13368
12502 13556
17814 10246
9430 7695
2830 10683
10344 5619
10870 10214
8170 7100
7020 14229
16824 12830
3361 4739
1814 16823
1728 15823
9067 18021
10064 5469
2898 5456
15089 15382
16519 2954
16252 6009
6861 16951
6069 13242
11396 2353
19588 15257
13471 11863
14403 10001
11810 16656
10794 14629
3359 11848
19102 18197
7939 12192
11032 12763
6664 6401
10079 7490
4695 11873
19726 116
17706 3901
13681 15854
9803 1232
580 15505
7905 11620
6718 18736
4249 47
14136 8694
5345 17487
6179 16516
11659 10416
14739 16223
7404 11567
18651 8373
5452 11321
6495 19542
18440 11390
15567 1798
295 13864
13980 6967
1914 1753
10616 11134
10212 19431
2980 4476
757 378
18466 14556
16561 12043
9609 8260
6996 5957
9770 2966
2981 17957
13456 18406
9034 8747
469 13654
7652 8164
3248 8149
493 17672
13638 9980
8782 16873
14625 12235
5802 1129
19338 14824
2342 9898
14923 15013
17332 9173
12716 8953
12536 19386
18227 8696
19606 19880
19952 783
4576 1412
4863 19361
17360 3928
2299 9240
6551 14964
13230 19694
14171 727
6879 3846
11733 11866
19297 3267
16926 5733
8657 17573
288 8826
9755 6659
1277 17398
8002 6262
2265 11604
18163 1152
14822 17
4101 6402
11694 17000
1062 13189
7317 11475
9687 15091
16715 6641
2228 630
8775 11450
19256 3916
14951 6936
17023 8122
5280 9417
6418 8262
15188 10568
13993 4184
18940 3372
10406 8677
7764 18605
18395 14363
1621 10400
1906 18767
778 18031
18688 1330
17939 10510
12815 5601
11632 12416
14420 4178
2622 13074
14252 19604
18052 5486
2442 14119
19826 9777
4884 3091
12076 7306
7170 17934
5032 15589
6625 15425
16563 10780
12321 4623
8830 17205
7434 16910
14267 9346
19761 4535
18539 19864
16846 4424
10229 17016
591 219
5458 7126
2753 18937
11294 4820
17912 7977
4179 4054
11098 141
6410 3062
88 3253
5769 18841
2793 4556
10994 15629
91 14345
7747 17014
18482 11732
6632 6729
16175 12765
3929 335
9448 8637
2506 1790
3910 6589
1420 6092
17398 7173
3258 10181
17612 18852
7220 16838
18843 4255
9203 2817
4018 17940
2869 3510
11441 7901
6834 366
9488 19293
15089 18625
7598 12678
13040 10358
4345 19201
5057 13127
12363 1720
9891 5604
9056 11541
8316 3932
7914 9267
9110 7920
5835 6144
9573 12277
6515 8032
16749 3039
12899 2116
7096 4254
16385 11034
9005 12738
13712 2015
18585 16741
15598 2994
825 15003
17405 15086
18095 9363
3922 12961
14369 4259
12397 9773
1165 10915
4592 9449
5901 10394
12021 14199
15262 481
14273 7439
13363 19446
16558 16398
9143 13548
15745 17505
3911 18562
14359 14591
9911 15242
15974 19299
960 19184
6539 19419
1861 1536
11763 10922
4013 10634
19828 19150
9049 1015
2012 18514
8551 7393
9541 15174
125 19669
9993 13770
14585 1792
551 652
12816 17539
13286 8490
1770 10191
6489 13499
19851 7854
14402 17602
1246 18131
11757 5589
8753 15784
4649 14371
8396 6350
15996 17035
17254 10876
11536 12328
19033 18080
10614 17021
17970 15084
17761 17112
1242 4827
2755 16319
1806 16499
2691 4052
8553 11625
19763 4901
17328 13056
6729 222
13980 4206
4021 1772
8983 9229
11439 3056
519 3334
14747 11638
13423 7889
17057 9410
12357 4612
11481 14206
11593 10312
6010 15491
7905 14200
5089 4083
16616 2983
16781 7721
17855 1823
11358 2798
7520 15769
4785 9022
15517 4277
13676 9011
7664 9726
9498 11154
7623 7176
4255 13023
379 715
10613 19796
16462 17610
12277 848
1801 11412
1804 18144
10071 7228
5144 6576
7522 12385
14295 6944
10092 6046
19544 5707
6941 11813
9423 15926
5639 19968
16018 15308
17654 3820
5377 1102
2342 12544
10475 19617
14315 7192
2316 15324
19519 13695
14251 15782
6829 1206
9183 16029
9848 539
16402 17572
11070 2705
1517 18567
17792 14369
4256 2653
9815 17456
292 7599
13635 1025
7370 7500
6923 8119
7434 6862
2182 439
10739 19683
15978 19049
10263 9183
7868 11211
19497 7951
10490 15776
9626 4543
15599 7814
6130 2364
7130 18097
7747 2608
14669 10490
17688 14963
9517 12930
1527 11441
18125 15310
5867 6207
18645 6178
8145 2991
17578 6785
1149 11993
7383 14470
5376 119
18630 15982
19182 3033
10908 14844
1978 1820
17005 12286
13240 10773
15043 2043
1806 19114
7291 7803
3591 3378
7860 7292
10013 3150
2447 6929
6974 12076
3395 15257
2728 9709
3518 18083
13116 10339
1042 10202
4356 18797
4332 9857
2251 18731
804 18099
6677 13377
7038 10103
14844 3042
510 3018
13081 11246
11959 6118
14815 4363
14493 2077
13961 5584
16622 9018
17491 3948
9040 17460
5077 2374
19273 499
6118 3471
10835 6943
13708 16660
17565 19720
6722 7551
5307 690
5034 12028
11266 3875
7029 13541
17909 1035
14209 2548
19561 561
8314 8824
16107 8906
17311 679
12971 9406
12686 11870
8855 11933
7026 2651
2900 16811
19419 15039
2982 8428
6143 7345
4378 9748
5268 557
10257 9481
2356 11459
19982 5950
16008 12609
15760 1278
5964 8900
10559 5152
4611 6947
1645 8963
10204 7133
2595 10394
8856 4122
13999 19553
6743 9620
12515 18269
8898 9372
15218 1589
17315 2853
16074 3519
13805 4385
10666 7525
583 9679
5966 8027
17714 11100
10769 3532
790 18411
17595 14243
9951 18566
3765 4922
12584 4002
11585 17031
6630 2222
1411 18389
9532 2050
18164 12327
4787 15626
18722 17691
13926 11408
2158 11724
7719 13608
1175 9187
11403 11227
10432 991
14000 14649
8858 6566
19599 2654
19276 11011
9406 17914
11293 10024
12367 14489
14228 117
12822 16044
13574 14817
14143 7749
15934 10711
9996 12626
15447 18095
17069 18878
14013 19172
7923 14726
10515 7610
18774 13103
3003 19277
10438 6979
9327 19046
18634 12123
11885 1369
11337 4824
13549 6463
3481 6460
19485 17659
15107 18050
9145 4945
2192 1087
18233 6119
6598 514
14326 6653
9896 1158
19662 4034
13031 470
13827 15694
6393 5348
13540 6725
2630 7804
18716 8407
11527 8496
1486 17038
13530 2406
5382 17808
19966 16909
2312 15726
9774 242
19282 14755
15807 19266
2949 10193
14331 11152
8972 10194
18650 3486
7311 105
19492 3618
8233 2707
18642 9815
5977 12848
5126 17992
8475 654
1831 1254
6877 2442
8893 11339
11498 12111
6472 8382
6587 9573
15224 16854
2899 4298
16527 6992
16261 6828
14249 3456
17139 10461
2747 1958
6004 12864
19903 2882
17219 1169
8509 1349
19331 16441
78 3103
7091 390
6413 15082
3868 12982
3361 6916
15166 579
14119 12798
3819 8180
13104 9678
3360 17559
11819 7661
990 19221
11220 4533
19500 17562
15790 5145
1531 645
4855 6487
16945 6771
16451 742
8200 5713
6571 8335
9313 350
2234 10392
16172 8007
10952 19296
15078 9600
8632 9913
3731 3225
2150 9495
5234 370
6447 19016
10268 14572
13587 13099
14575 9913
4688 6878
15949 9617
274 7123
12854 18186
3574 12318
10694 8199
19754 9732
6531 14335
14958 17266
14947 10488
2273 7548
14655 9913
16830 5842
178 5494
15797 6294
8819 16581
10445 18054
3321 10368
13749 6320
1552 15827
14605 14368
15709 9606
12127 14246
8456 13336
3710 6057
7198 9192
13355 2941
677 12902
16332 16721
18718 5381
13478 9334
10678 10933
10812 19416
5419 12170
9206 11458
16947 14427
5812 13003
12810 11983
15329 18739
676 17974
12554 6618
8355 1732
1611 6675
7059 4932
14946 18295
5173 18692
13214 12653
11701 17232
3959 9766
18332 6470
2748 6725
12871 3267
15116 5423
2375 1938
17473 19580
19909 15644
3410 2420
4609 5634
18664 14592
4672 1467
14700 19188
9276 9762
16737 18061
4962 10817
1569 320
4453 11746
10199 13343
16742 17501
17896 18122
6756 14715
18567 9715
3582 17066
7925 14152
7707 1532
11386 19405
10089 1742
10017 13325
16557 10820
1587 17068
19041 4860
13256 16006
13702 8314
685 13578
12735 1510
17141 8603
5622 19121
6237 14762
10061 19888
19450 14000
13281 16327
10230 14946
19555 5188
10821 15613
828 16101
6682 5050
4255 17329
19415 13308
4773 10605
5904 6776
15595 10826
18258 5292
9914 3706
9495 3523
3806 1265
15733 17247
16198 17147
18397 18021
14390 19422
10815 8587
15118 3141
15515 7800
2190 11192
8534 19258
18165 14029
14275 13712
18883 196
7466 12834
18917 15710
12468 4172
11608 4215
14741 4347
12030 19465
5242 11959
16349 13195
7373 4614
13278 19039
11922 5801
3050 12410
19655 3836
13115 12514
6274 9915
18913 18996
6161 15921
11576 5349
15635 17883
5154 2305
4080 17628
3488 9963
8592 6031
8249 6993
2903 2696
11705 14106
16508 8813
1361 148
3592 2028
4572 652
17810 1546
14465 19576
16540 16354
12573 8958
19511 712
17891 7189
16926 2868
9946 614
7522 9380
11702 16446
3841 15192
9437 16052
7789 8510
5680 4216
1628 18032
8363 11875
1668 8077
3011 17426
3490 835
3758 2516
19035 19049
16358 3312
3460 5443
9164 331
7671 18917
16034 6953
14673 13662
12761 397
4121 15989
18719 12606
19544 224
12730 5107
4324 18486
5994 5311
14819 7000
5238 16770
372 3650
14145 13296
8853 12615
11666 4539
2139 7450
5862 13237
6342 12062
9765 14350
18113 11539
4490 15028
1917 10013
2791 654
9830 3560
16065 9612
17085 7305
2254 10526
3637 9348
1947 6957
11642 1832
2128 8219
10851 3581
3854 5556
16672 11779
13462 17290
621 11349
7745 13474
6285 6625
19670 14393
19742 11284
17057 7056
19172 11204
6762 2201
11812 7664
15615 17947
19164 2177
16227 2099
14654 6366
10977 5552
2360 8665
5562 13492
9041 19242
14515 13972
6157 13872
1267 3672
6771 8975
7328 17285
4049 730
4286 18381
17016 9609
7096 1459
7087 19148
16706 9771
19309 1008
4237 7379
13450 8796
19837 3933
18197 5991
17056 8914
8343 5762
1000 19828
9374 11391
9283 19485
2143 3774
17257 2987
11488 14909
6416 14738
3000 3977
15319 18108
12569 9797
10358 15283
6030 163
9183 2499
17933 8405
15326 17179
19755 18784
11199 14190
14533 1351
14252 9569
18656 9351
3893 3619
4767 2646
16559 16782
2769 15449
11505 10292
16765 19790
16394 16886
17215 14506
8253 15542
12380 3236
7334 3612
14428 9289
15424 6380
9971 3992
9867 15610
10845 4260
19567 6256
19093 12760
11661 9355
12112 1926
9222 6887
10182 3462
9291 7715
1554 6505
8411 6376
19185 6672
8674 16700
10812 19082
8839 2131
4151 2129
2526 14052
783 10789
5055 15809
18612 13975
17142 18262
15460 18673
9490 5925
12460 12489
4434 9380
9243 7216
7986 18896
18694 11160
16457 1874
17280 14046
5517 12223
3274 17378
5300 5709
16167 9563
18224 17379
17497 15975
7522 4812
1284 15299
5268 10831
16586 11465
6201 10007
14773 10094
17923 10401
7837 1900
4503 19893
6064 6837
9566 11774
1362 18250
13103 2716
2653 648
864 11028
17803 15273
12694 2479
17482 7125
17080 16227
14606 879
14285 2589
2046 7102
13993 9170
1912 4405
1293 10390
17720 7689
8831 18342
4380 16797
12671 16078
2432 5688
8369 14241
17162 17551
1942 11076
17351 543
3673 7220
18301 19961
7999 12297
19224 8784
2531 7049
13390 2676
10587 17244
2688 5687
3796 1044
18881 10104
13402 8616
386 16899
17438 18064
10379 9294
13618 12063
12440 19542
2645 7591
822 10623
17918 8557
17832 8686
12526 15774
18457 18087
17894 16191
19405 18140
4651 317
11105 18354
385 15405
10050 12133
19436 16060
12127 810
6844 5393
16481 5785
5080 6044
10594 17704
15140 15875
19960 7681
15508 19353
12042 8067
8428 19118
10846 3619
18430 12317
9822 5686
7723 1728
9270 6621
14128 10375
4362 8933
3525 9509
19038 2516
9889 15120
15460 7876
7475 4068
3002 11068
13724 9219
2943 7028
1760 12707
7758 19427
8423 13035
13707 12903
8430 5591
10888 17430
5757 12458
9114 16162
6027 10784
7457 3475
12478 14431
369 9373
11795 17416
10829 10991
11636 1496
2823 5336
8648 16789
19808 15889
5218 15373
17313 10726
5049 16404
8219 19330
14043 15497
1567 5408
15813 17405
13420 8648
13031 14884
19568 14347
3731 1382
2520 3130
8514 15670
15810 4963
9267 17814
14776 737
11929 9020
19703 6692
2887 5397
11781 19933
11327 4432
14087 1753
13566 13195
12158 15478
10219 8454
808 5060
4942 10940
12672 10873
13465 7382
9158 7745
12041 7823
10670 14183
4177 8749
17568 12093
11479 829
19131 15838
3870 5582
7927 7516
11281 4832
10773 471
15211 8736
5562 1854
12946 16732
2207 8917
17015 12158
19839 5416
9594 2612
18451 13670
18583 1411
1152 14446
7169 11278
8939 13491
11199 5435
7990 9458
14545 15161
13850 17520
7493 12668
13755 8009
5727 18112
17248 4225
15755 8679
4239 19021
11132 14039
19626 12390
17449 6006
5529 10029
6384 5839
7765 13062
15417 808
4200 17872
6224 11786
13179 9097
12050 15385
12663 15612
10037 11356
7590 3700
664 2093
2068 2853
5677 10002
17985 6763
3627 11859
4886 5315
7319 9040
7683 5539
12024 10545
16267 8959
4573 11828
17594 19267
9679 16351
18291 9696
4721 13091
10651 10379
10191 2162
800 14857
11146 2016
5180 8359
19490 8714
12157 4805
10092 2453
9292 18063
11686 4742
10050 10846
12312 18532
3659 14120
19464 328
17094 6939
5435 6652
1670 13648
8564 16493
18211 8495
9698 14077
11881 18798
10151 10081
19876 11570
15778 7454
54 19342
4161 2418
8573 13421
4051 2637
4291 13969
353 3486
10085 17757
9990 3016
4811 5680
14131 5075
3320 18886
13874 10820
9573 3892
17053 14007
8766 17534
9391 9124
16436 3337
7127 14617
5851 1268
18977 19289
14202 8586
17533 7399
5277 1090
1431 18074
19470 11310
5214 3443
13326 19266
16165 1713
12794 16175
14053 9348
11763 6832
3640 17059
9681 18289
18989 10279
19328 421
8243 9123
14948 2787
9063 12866
4913 19443
6332 75
4012 4783
10858 12812
16615 8068
11009 12584
9907 25
1369 8623
8701 13497
10875 7601
4304 1080
4817 13257
7893 17632
13730 15739
8333 2949
17310 11147
18247 14725
18588 2286
15935 8948
7977 2206
4656 4883
7389 6064
7241 1952
943 5591
17060 7784
10156 10189
13398 5905
4722 18692
477 12887
9055 14970
7932 19904
15845 13985
12153 15203
5551 2167
1632 13677
14293 7837
17504 15047
6884 15141
2223 16221
975 15400
934 12534
13400 16405
4769 9953
6690 15386
16223 15388
7616 14747
2919 18293
7680 18004
19234 1576
10302 7689
19105 975
1548 7462
16553 3550
17273 14433
5841 3014
11530 7557
15141 9644
9182 5655
19539 19803
19123 7406
17277 12235
4558 14235
15083 15393
14627 6661
19826 19289
8116 12510
14587 18470
3360 6475
3199 19709
14468 10808
18057 8184
15764 9828
2637 16341
1883 9092
9080 10356
880 11206
8144 18693
10315 11499
2354 10041
4695 6747
6787 15712
15239 19533
3469 14076
2075 2278
8598 15488
17327 13163
16107 7649
13878 11047
12977 3116
13430 7884
15046 5882
15877 6722
4166 12334
5179 4672
19084 3892
8012 10446
12109 11793
952 3435
18521 16380
17279 18182
9555 2077
4343 10743
8979 4357
499 15375
11746 19350
7405 1650
17322 13975
3564 11639
11680 15425
11804 3435
17085 13118
18145 1040
8434 2971
18967 13571
12647 8414
2525 4832
10644 15279
19669 1203
10372 93
13261 7425
7041 1463
6569 9909
5109 17858
662 4585
17420 14291
3817 16650
383 11833
10650 19197
9405 7399
8715 13003
3738 13217
6071 16657
9140 9139
5397 1101
16012 675
6380 16052
9871 12345
5925 18617
12854 9161
10109 5363
12978 1716
8358 13172
8050 11117
7274 14878
10503 13478
1732 494
19571 4258
16567 12160
13647 15879
6060 16458
16752 17715
659 9205
2272 8283
1526 18890
6686 19830
6419 13282
11792 6309
13932 8302
1039 4436
4383 10286
7043 10529
10834 3003
6806 16430
13463 835
8773 1652
4010 17179
2556 19328
17160 11952
6503 18312
16439 8935
11447 13778
10970 19274
16552 1390
17025 18551
5394 5774
5901 8590
14605 4028
8912 11296
16528 11855
8949 7409
6356 1856
2549 2137
16565 9428
2352 7870
18483 11163
2693 6616
11567 9478
16881 12022
18353 3193
8556 17835
6267 2437
6318 12247
11467 16723
19715 11001
424 4541
4354 1132
15545 8994
9946 18598
12545 9961
11279 9324
12134 3177
5624 17159
12076 6311
1971 7565
8255 6127
9156 16155
7227 3856
17700 19573
9268 16521
10508 18315
12853 4492
6832 8312
5203 1232
18507 8342
10889 843
7400 14962
15348 7816
8371 5056
5347 17403
19165 6770
1602 2898
12417 8975
15418 14341
19848 9000
16843 18965
2280 10075
32 6617
14970 18600
5437 17644
5442 9369
7642 8429
17709 8491
2682 14204
19794 9924
5771 12416
5380 7382
16732 14010
10797 10911
2779 223
6348 19896
3895 10122
13380 12776
11206 4344
4275 16874
2055 15465
18862 2492
15979 8265
11987 9555
8841 18850
18827 192
16961 16618
4427 12182
917 12173
754 4195
11010 17266
3560 5221
19672 10128
3097 14203
19796 5382
5538 6436
5511 15145
7004 11301
9775 7532
9894 7431
2723 16259
3963 4719
12637 11764
9020 12982
677 7380
4102 10629
16737 13272
3740 5321
9951 18607
8003 702
13735 9689
4632 13755
10759 7679
11845 16768
18848 6052
12553 17368
7235 14961
19359 15647
10853 15818
3413 7381
12218 4384
1029 16940
10150 10585
12430 15823
9209 1953
19615 5187
5652 251
9353 18926
19566 7134
2571 12410
1059 4264
8261 6133
19096 12748
11748 12533
17257 504
2124 17974
7578 13262
15638 19543
6545 764
4431 10259
11431 6845
7916 17365
1646 19967
7421 12903
3846 7823
18150 8993
2917 167
13395 18424
10800 13704
12395 19762
16123 13692
13352 623
16268 8853
15464 1143
4 7560
9617 2784
9996 10713
17217 10831
11288 7726
7397 16923
9049 10292
9663 14425
19682 110
292 6699
8214 19673
19299 9177
6948 3110
7842 8642
16764 11703
17361 12949
1570 5160
18583 19756
16522 1430
5559 14291
893 14687
12571 1268
4788 9758
1167 1418
15750 5143
14873 4673
3474 2999
14515 17837
16038 7259
6816 8062
8523 18029
14931 16457
175 16439
19051 13534
18421 512
13798 971
9627 19878
12656 16028
13286 13911
24 7180
14185 17381
15671 1316
14745 2340
9844 18334
11588 8217
13201 16439
9416 11290
5775 18202
9713 1455
12119 7059
12508 15856
14004 2200
3169 900
2445 11569
3560 7507
18781 8728
2912 5315
12231 8637
12792 19061
7746 5062
10349 3016
6848 12531
15155 9777
13598 11146
11439 13287
12127 13013
965 14818
18157 7468
1968 2256
4045 1378
1811 15562
12111 18816
17138 1617
9412 1559
1354 5787
386 1433
15849 10591
8108 14621
14030 13885
10909 19281
4354 16734
7123 13411
16896 5593
12180 788
11925 9602
4817 8916
19697 2431
6290 319
1135 17243
14683 5129
15976 3543
5796 3150
416 9730
11547 5191
7442 7762
18647 5484
208 9426
19779 19173
14763 5232
17422 7964
8773 11632
7171 7693
15508 15970
3266 958
8017 8596
4472 5922
9082 17607
11354 19983
8434 16406
7676 15170
802 11976
17202 3396
16188 18287
8973 13579
1838 2478
6539 3960
3588 8162
5658 14611
15669 10573
91 15008
15818 830
7536 9316
17560 13263
3520 15493
11855 5801
353 10848
13508 12862
13484 17672
19365 3487
16658 7235
8758 17014
719 18531
19806 12802
18319 5888
1748 14951
575 1873
19880 399
11797 5542
13038 10781
2428 4376
7637 5551
3183 19711
14653 6560
7922 2342
4829 18874
6487 6180
10046 1498
752 17686
10362 15542
12922 12972
9620 17533
15775 15096
13387 5876
1563 8571
17056 4590
5315 4299
15453 13676
14403 10076
1486 16181
5538 1125
12816 792
4846 18632
14589 11323
4072 4259
5074 11958
4330 6865
18494 10615
6737 5172
7492 5548
67 1181
1296 18514
14815 13820
10305 3160
18299 8731
19505 13534
3233 17654
2206 295
2619 12099
9391 2146
3244 6023
14910 16854
13591 3669
17376 6853
14115 7443
15399 1596
485 7297
14880 13788
18024 13497
10909 15313
9734 10578
2305 10169
16977 13879
7927 11880
3521 5912
4587 9172
4222 11876
13081 994
8579 14215
18048 11267
1515 12301
11295 19558
14449 14986
15806 18722
4907 7457
9393 17143
6669 4267
19269 2141
12428 685
5337 4976
17481 2878
4451 8518
1697 701
17883 4994
19125 7730
5990 1573
9494 14292
2805 15893
10960 8543
103 6668
17655 2731
1736 14284
12833 4049
12930 4096
3409 11477
15349 319
17410 428
7097 14050
16659 9601
7276 19169
8994 2332
11767 12586
15575 12081
7240 545
10652 10954
13626 19170
16228 9111
18085 16122
6211 4070
13883 13765
17624 6742
18172 3336
16818 16724
14152 100
5909 18478
5603 13519
7933 7713
8978 12216
8787 6449
16266 6259
14080 15335
12220 3336
19487 1261
3157 8202
6072 5173
7363 9523
4907 16795
14028 14964
13065 16583
10872 1671
17238 18158
6755 1119
5271 2613
3355 7371
13410 3167
14819 9687
5000 555
5145 4614
3735 7438
6839 8361
618 16216
5103 1607
5048 1335
12190 13364
16486 571
2018 10045
3216 11654
5990 7721
4086 11610
16714 17610
13095 16699
14661 12396
10357 13675
11281 18933
7132 3092
11405 381
5050 17453
12493 19978
8400 4561
5937 15078
11202 15575
18445 11185
19833 47
18290 8008
12313 5923
1462 13749
15105 14783
19864 8628
10939 18011
10719 6153
8013 17932
7682 6026
8315 17083
15323 4932
15548 4379
7926 4902
14630 19035
1193 17349
10357 813
19042 3433
10782 3595
16357 1588
17289 13547
10091 9844
9296 19770
11512 2966
14861 10580
4898 7438
8977 18065
6096 12460
18005 10287
17706 10980
14169 14240
8104 12395
16852 11326
218 14217
14204 8911
15438 8483
6198 17921
1368 10185
8090 4590
7516 17981
9782 1344
7943 3462
16165 19630
3259 618
1013 6911
9562 3940
5569 4929
1574 4568
11134 14956
2638 3056
13776 11716
18041 6322
13917 8405
12496 6359
1703 12819
17191 10718
4469 16943
6022 4357
15634 19660
17710 6675
12920 3637
4715 12361
18413 11162
14160 4673
8068 1295
8196 19577
4255 19383
19077 19227
17790 11015
16018 6056
17086 14439
3446 5568
13472 13176
14361 13374
7929 1683
6691 5128
11966 3729
7309 18045
5272 13089
14441 3532
16186 4463
12226 2877
16745 3387
17736 12023
3980 11219
15194 10530
4286 17507
19215 8487
19134 14835
10623 15392
17520 19697
14774 16056
8784 4326
9609 7477
2876 16808
12539 18768
2076 17428
8598 8733
895 12761
6178 4517
2305 18750
1255 3459
1686 15257
8568 6779
6274 5847
13041 2741
3238 18745
12499 6681
4015 17159
11933 1986
4634 5708
14219 19405
18322 8503
1039 18701
11559 2639
1442 18761
1162 19760
8827 6988
6931 12771
2586 17030
2627 12283
13848 8841
163 13667
1732 13711
5389 8175
2891 14806
103 4275
7525 15637
4751 7411
13668 16788
1316 609
15086 1291
4219 5099
715 12005
2006 14746
15057 19009
7926 2962
17502 11154
9384 632
14192 1130
2613 14743
8467 2660
9801 457
13064 19443
19973 18874
17564 6107
16730 8199
5344 3678
2363 450
10961 19086
7096 17194
7922 5699
11668 11704
11417 10194
16001 14350
8833 6212
19485 3479
18752 13565
17054 8224
14710 14306
7694 15440
11890 14402
8917 11592
14592 13228
2699 10464
17152 6795
15418 2827
19793 11629
1659 5186
18344 3376
10082 7206
14348 17678
7355 19247
5576 5717
3627 18198
19511 18612
19507 1795
4 18467
19003 15944
16034 6707
8854 17262
12917 5618
11802 184
16224 14784
19571 19270
13262 1534
16183 17368
10423 6173
12431 16587
4843 16187
4768 1288
19592 6202
1638 9541
4619 12155
17094 4612
16099 13900
15282 6804
756 5055
18136 6956
18877 18731
12025 16026
9928 18718
11032 19032
6955 7470
10550 18908
4468 14833
16278 10004
9852 1003
16660 6399
11138 18763
4567 9751
19470 11921
12738 2230
16840 18322
9943 3105
1735 3977
5834 12476
11323 11639
1615 9942
11045 1866
15146 7091
3217 8577
8041 7772
9312 10827
5218 3052
143 9669
3942 5648
9624 10719
4668 6181
1869 771
19181 11541
6978 18777
474 13898
12643 9596
13712 8179
10362 3993
17815 17715
1051 4210
3272 4223
12209 11148
2660 3797
19840 16094
15309 8959
2050 2641
9704 6084
13449 3021
10017 10540
7397 15660
9339 15763
16379 8262
10772 6876
15482 5389
13802 13090
3424 9857
4600 12392
9961 7585
16030 11317
12018 13454
17883 2961
12123 15742
14417 6765
8922 167
9295 7246
12887 9479
5267 12356
12269 15117
7622 10411
17888 15405
8627 16059
3414 3625
504 991
4105 4338
4059 7465
12226 18331
19644 7313
8072 17196
9242 4158
16940 13810
3210 15918
10167 5632
2176 15999
19674 8518
5459 12586
2416 19692
1593 1706
4606 17195
6512 5584
11037 5906
3907 3582
13091 17301
12646 5250
18547 4318
11053 10089
5723 7401
17803 10050
4268 12897
12257 11575
14750 16020
4288 16243
952 7760
8146 3003
5370 8652
3580 13758
6247 18973
15523 13859
18458 19073
11021 7641
6279 11736
18831 17820
13469 7469
19977 15807
18050 6392
8178 4638
9522 1930
18582 7619
12409 1054
13553 829
5027 8683
8300 3045
8506 7368
12716 7231
16019 44
5172 16115
9144 17345
17112 15012
6970 9491
18421 11608
15960 8265
7836 14399
1319 14653
14286 13840
15762 4860
14401 10042
4931 7159
12000 11576
10043 15571
33 12338
4718 16271
8613 15573
12715 6030
14426 12682
19548 8920
15708 9158
14299 246
18457 1743
2391 7550
10883 10509
3787 1123
19503 8412
4862 1023
18365 3259
1584 13230
8316 17222
13755 11254
15931 2171
3837 9244
18803 8774
1530 381
14137 6542
4610 19266
3447 13888
5779 7017
12476 478
17647 17858
7623 16129
3210 16944
13965 15567
18344 4597
8024 3681
7287 12635
1066 15100
4429 5163
521 2867
2078 9088
16530 433
13316 18992
4276 2717
6112 8656
19908 1206
18331 13796
11378 18612
13166 19741
8907 400
9123 7343
5194 8574
17722 13915
1384 1250
2194 13826
1018 8387
17522 17841
8682 17874
10286 11393
7488 19653
14836 7232
4025 15689
14403 11022
9019 4448
4857 9821
506 9742
4271 5880
10067 9267
19087 6165
18407 15436
7810 16409
16671 5016
16878 11842
5633 10433
12008 13113
4005 16105
4553 10421
2747 7257
12667 9197
3027 1849
10774 18694
5232 5709
15290 19916
9472 18479
2277 8816
15387 16184
16942 5927
11087 15777
13514 18671
161 16101
16185 7067
17486 18287
19482 4369
9953 11136
282 16870
4763 11203
7581 3323
10409 16333
458 10110
10978 17107
9694 7964
14812 380
441 6598
5489 7329
12018 19953
15104 3976
11961 8828
3429 10725
11316 14264
9089 13352
19385 886
19692 4039
14097 9547
15150 5179
8915 16354
15521 10771
19566 6991
868 1885
19436 15252
11685 19633
932 15633
8981 7325
15325 2593
13606 376
14679 5452
17201 18978
13141 5244
1652 11438
15736 3939
11372 11728
12835 1041
19205 11970
18205 5701
3946 5631
2478 2666
12195 14156
18337 4889
10448 17791
19780 3346
3567 14689
12528 11855
5091 12295
14261 2451
2554 3034
2493 14196
10477 1359
14389 2370
10685 14584
13791 11262
19955 7038
18774 13534
15418 9848
6098 5517
19437 8023
16945 823
817 17706
5331 2599
12230 7914
2106 18243
8855 5669
2135 7809
814 18237
1980 17810
11533 9343
6736 10665
12434 11229
17779 4894
10915 19686
17940 13608
3553 11917
7620 15551
15802 10450
5566 2075
12376 15869
13667 3907
9030 8253
7463 7009
9493 6850
5187 5086
1172 18656
6939 13948
16443 19517
1113 14960
4901 10201
19677 9705
6382 3870
6311 10680
14964 270
19245 10945
14955 14196
18159 15145
2358 11518
14151 5704
5922 16381
2960 7167
19141 1222
9577 104
17847 10889
9208 11150
13149 3692
9736 7014
6396 17293
5195 17785
14149 18314
15857 1162
6179 17002
18558 12514
7879 16088
18708 2974
18169 2249
14163 18210
18735 9992
7354 15428
16422 6971
15814 6288
10995 14782
27 15008
9836 19244
11339 3740
16039 8487
10440 16009
6274 18208
8278 9550
5413 7040
4311 16193
7633 13297
3862 7031
8626 6060
13298 15161
6016 3636
14917 12044
4507 4825
13688 3941
8133 3693
18319 10785
5115 18410
1398 11431
3294 4272
7411 14311
16309 5681
8178 3759
18614 19774
11916 1877
16071 5871
13247 10382
2539 2326
12344 1870
16820 7686
6057 5247
4269 16958
9625 14066
1698 16506
7892 1661
17754 5699
14406 9056
14268 19078
9995 13908
12898 17017
7632 3154
14772 12205
5237 13337
3225 4107
12253 403
18065 5739
9486 2072
4754 4241
6038 3155
17364 14026
8217 15780
16158 6026
7209 10303
144 12807
15181 15679
12168 3738
15573 19289
18870 313
5150 15674
10703 10712
7151 1675
7617 6312
12252 8340
2059 4244
10340 18710
18786 3067
3076 7653
16196 19100
5034 43
4011 16307
13686 6860
3899 4755
7667 15747
1961 804
15331 15416
18669 2328
13375 8644
15110 18753
16862 3581
14117 4977
16598 2347
9197 19369
11951 10629
5963 14982
9097 11911
6447 620
1325 9144
9196 4634
17037 1860
6646 11578
18391 4558
16548 10594
11571 6836
14690 8954
2121 9435
12525 12323
7849 18165
15468 4748
7636 1085
3970 319
14217 17227
19950 11904
749 723
15716 6329
1543 4099
7623 12885
11737 6526
14360 9447
14539 11913
16900 10190
8069 600
19314 17476
8165 17561
13419 11521
2286 13039
4484 2616
4686 19988
16514 9498
15983 19481
3636 67
14782 1176
14222 12724
6871 3128
14903 7268
13119 8614
19316 15820
14165 14682
1031 17281
16134 5461
18338 19254
15137 28
3968 1954
16847 18754
1848 6639
1356 15962
7316 5726
8301 11718
15844 8695
5672 5416
1333 16888
10543 1842
8364 18920
18061 534
14121 320
8614 15146
11306 6610
3473 2540
19300 8600
8256 19501
18629 10904
7300 9389
9885 16609
9694 7962
17886 13629
2439 17137
11624 14214
15971 12666
19594 5714
15034 15635
2863 5484
13013 793
7655 371
4790 18583
10422 15576
11125 3200
10008 1614
14400 7828
8427 18678
10678 18094
17133 18257
19949 5576
4288 12008
19383 12886
2337 1503
2461 10150
4504 7505
8840 11403
11959 713
8819 5240
6093 14428
6692 12716
13579 18329
4748 9494
14407 9108
2814 17717
14811 6773
9591 13180
666 9747
8977 17784
18114 919
5625 13006
975 15762
8894 7492
18503 9495
18568 2649
3977 12939
18481 2792
14973 16536
6434 9970
376 17713
16624 13827
9243 4281
17746 12429
15249 8084
15088 7100
5097 6954
12912 18388
8733 15705
14394 429
2120 1584
4555 11731
9003 5361
18136 18514
11438 8549
13854 5038
5866 10482
14690 8672
8426 2990
12929 16980
6008 13164
2231 12914
8735 12279
4723 9631
9501 11199
7522 15699
3539 14790
5364 18712
7088 1577
18750 13428
19350 401
15041 13201
8246 9669
14065 17914
2216 6012
7753 3602
8423 9195
10325 3148
18485 13231
8519 4723
7104 10599
16885 5439
14995 2605
4265 18408
17117 17159
15183 4280
14325 5237
16822 3163
5043 4143
13526 1097
4928 6686
549 14140
8951 1101
7404 15575
13032 4164
19320 1617
13768 7719
8100 14045
7789 7297
2898 12665
14488 849
14230 9049
1837 219
13037 14442
4244 6630
10547 14710
11523 3323
14582 6580
18825 19008
17698 4742
16094 5205
17721 18790
4321 9412
17525 8461
6615 2453
13514 6179
6630 6030
10157 5779
8540 17245
14560 19114
18707 8164
11486 16298
7626 4613
4905 11731
5418 17604
13497 13028
1733 4459
17057 13883
7836 1332
3266 13027
14810 14545
15206 12214
842 12444
857 5921
10092 7995
15164 17373
17407 15023
17536 14118
14315 7418
19264 144
6246 11505
8575 12352
1181 4699
16364 18287
1506 18291
8685 8280
532 2690
13980 5615
945 159
1266 1085
15869 9751
3323 15254
10687 4066
11481 18575
466 12575
13545 15333
12713 14968
3543 39
12537 11100
2755 16258
9137 6907
16150 1818
17945 4748
8145 14840
17594 137
13225 3839
2275 56
17456 646
1315 15042
782 10448
9198 5131
17640 5482
6594 599
3156 18588
4953 1940
344 3638
13125 7676
1383 1690
9344 18099
13915 18381
5631 13398
5398 6539
9836 17610
14119 8822
17110 1344
6275 17496
18562 1126
11875 18860
8412 9419
2829 5352
873 2143
18289 14285
19784 10277
4175 13489
15249 2418
7629 12835
3316 16706
19229 19050
9998 3928
8336 14492
13282 15511
5239 7342
18716 9172
17090 8889
8101 19286
4626 14315
6249 1760
4316 6539
18765 5578
18020 2927
9944 7749
6368 10951
18414 5740
1932 16560
6562 18392
7937 4896
13111 9048
12886 4693
10837 3520
11840 12761
17582 217
9873 8811
8773 10325
9444 17429
15954 8405
12760 2304
161 3797
11242 3879
14964 19393
16142 7771
4038 18575
1731 4672
15832 14508
17607 18631
16513 8424
693 15583
9822 14909
8190 17048
531 1086
3168 4028
1590 19907
12970 14413
5909 6749
13011 2437
9016 6038
8912 2060
7123 2334
10927 15884
19814 13161
8640 9846
19377 11370
6819 4178
2766 1070
3412 207
1411 5526
13195 4677
799 13169
570 1704
1505 19913
14024 11761
4027 11529
15863 3800
11239 3110
13914 818
9499 8372
3291 1211
8490 15597
3126 16281
3240 11006
305 15331
12055 16505
1850 8600
13097 13282
9766 7786
18454 6738
9611 4991
5385 14770
506 15686
1544 6821
13793 9077
16657 5417
18226 5679
1685 14743
11943 13080
17911 10946
3408 13290
17987 7770
2389 11346
3786 12287
14031 8215
11737 7730
1782 6426
4234 7884
17210 6409
13848 2008
13952 10666
19901 5240
19572 1325
6849 13494
3016 13036
375 15755
12780 83
16855 15541
4225 19206
9689 5300
11734 3132
2992 17511
12167 2324
2050 10790
9723 14631
574 10755
275 1210
19791 5958
1126 1059
10259 19075
5231 7587
18058 6391
8963 10052
9924 3358
4093 11132
4223 10611
8823 6070
18722 1355
15740 10746
14549 2042
7643 2958
15944 17515
1139 19537
12456 11285
4408 16911
7535 15932
13062 14839
1904 5850
15785 12827
1528 6109
10984 12309
14353 3009
7829 5444
9681 16278
17899 3867
538 5226
19112 17905
11931 7042
13189 16279
2467 5211
7325 6736
12116 19991
8860 4503
10010 17404
8031 11084
2867 6978
6541 2130
16394 8545
8675 1095
17094 10000
14026 17097
14641 16850
4043 17291
14927 8153
6127 7262
1250 6667
14643 8027
9615 18620
7692 11922
4677 16410
4522 10050
166 11846
9935 13347
15735 8354
8904 9011
9862 8248
14514 447
4089 7125
11929 16086
17829 5949
3476 4902
2569 6445
542 13704
18491 3536
14223 13639
13591 8858
136 2204
4883 15871
9927 4317
6885 13027
17614 4063
4684 18074
2316 19431
5750 13199
14992 17430
16460 14141
11259 13923
2928 9159
9684 4173
2131 8533
1634 11230
17378 1649
7161 16781
6482 17974
1768 3110
15860 945
10761 4263
7325 2535
13037 13272
16724 7362
15489 9424
8781 11611
1076 16861
14522 19690
5023 161
473 13540
14707 2993
8775 5407
4464 9684
3225 2025
18258 16193
14404 618
6929 3504
15806 6983
14505 12234
19856 18933
18837 773
16529 19418
17708 18986
1375 4469
2750 1902
5136 2275
9653 13917
8551 16933
15680 19678
1 9547
6173 13349
12009 12013
10532 1608
15398 18176
7583 5462
11318 434
19357 7522
17758 11696
10523 14079
7186 4451
340 11746
5194 3417
13814 4541
7780 18968
16904 7898
4124 18837
9051 1966
8929 11184
17092 11784
19833 14284
11582 18710
14470 2170
6487 11846
17870 19080
15077 6344
2191 10545
10884 1436
5718 9613
19883 261
7558 11447
14634 19801
8002 15405
4783 5928
4878 12597
17195 6063
19216 19491
1537 14402
3776 5499
3390 12378
14409 15604
217 1893
12443 15221
8868 17393
4258 3860
15624 12191
17924 3298
17726 16103
1760 3234
10321 9778
11458 16528
11530 16677
16494 17567
11425 16857
7128 3228
5738 14160
10232 6096
13286 4447
12104 3419
12039 1406
1158 1154
2125 9680
2432 7167
3232 16708
13355 7961
2129 15632
5798 3178
2186 1389
18574 6968
18008 6308
3420 1602
281 2043
19389 16269
9430 4925
8018 6034
8602 13319
4458 3168
10743 5094
7663 8304
14870 1120
296 1508
4199 17876
11734 1524
10333 10546
3981 7790
19369 7670
9480 17834
16995 19646
13059 8191
10407 11365
5273 10223
3921 8570
10582 3818
3258 2387
16231 5838
14349 11031
8545 18102
14702 8293
14004 10836
5108 1440
18122 6458
1668 14050
13573 18622
14933 17785
8534 17273
2033 6985
19874 990
500 16542
15096 5116
18112 10051
17554 597
14629 9221
12276 1274
11836 11344
12663 17494
6218 17049
10917 19805
13014 19236
7226 12638
14826 5392
16387 13882
14728 14586
7068 4383
17460 16694
3849 15309
11207 347
9410 6288
15025 8587
16464 19543
3252 6546
6785 15444
18413 6435
1345 4613
14470 13690
2038 10911
7866 3756
302 9629
2952 13828
6569 8250
15722 325
10631 13231
7370 935
13051 8914
6219 8246
13389 12563
3557 1975
16018 5805
19510 2661
524 4676
11241 190
2 9466
6728 18083
8051 6399
2865 8128
10171 8833
13251 17235
10211 2502
215 11565
1936 15661
13238 4941
14813 4488
9222 3184
752 1243
7087 11274
281 17626
3516 180
12786 17385
19964 11040
13335 14519
9524 14459
6961 19474
15971 4153
3817 18734
1057 12022
17388 10818
1139 8583
5923 17492
1591 7479
5628 11599
4937 6212
4323 17326
6016 7482
14132 5818
19674 1653
10484 10646
9374 6537
14868 13153
3506 10864
13641 17072
13564 6484
16959 1112
16492 4816
13701 11549
5559 18687
14023 13580
13400 4155
17797 5709
10381 11122
12994 10072
9816 17781
1400 18378
5498 17550
3715 5388
10718 14336
9389 19568
19841 17043
16108 177
12208 18586
17151 963
19872 19682
5799 137
17033 8493
9046 13450
17553 9638
10604 491
16563 10726
13742 19326
5168 16617
802 7850
16489 12939
11625 11230
2033 10444
17849 10198
1432 4507
4731 5523
2273 7428
14228 5309
328 9362
9286 9829
9728 5211
6601 19713
4628 4675
750 15614
15808 5646
4155 5235
9205 16968
7798 13156
2443 19105
7675 8356
3431 14922
408 10816
16352 15683
14673 6990
6042 13078
13558 13775
409 6060
17296 13244
4626 6217
19697 9402
3862 3914
19072 2818
11055 950
3075 8172
307 11280
11331 9308
19478 7261
6303 18489
12662 12415
10371 6542
19958 1560
11117 14351
9181 13813
14326 5925
296 13373
7557 12251
14160 16466
14156 6152
12619 3562
18503 1274
1616 1092
3252 13461
13169 5707
327 10578
13130 7567
4220 6671
9888 9024
12011 18355
8551 13359
10438 16211
16998 10947
2768 10601
246 2924
19767 1766
231 17399
17646 18123
18458 7894
11424 624
5811 8696
9134 8643
7440 8827
4663 3817
1028 12158
14481 17641
6905 16874
8026 3246
3836 15985
2966 3726
19707 5936
11764 11914
17132 3108
12006 9965
13775 5683
7429 11293
12693 13400
12813 3613
11554 16455
2867 7903
19977 9851
8304 14213
6906 16503
18420 8831
6363 13625
165 7277
10897 15157
7595 5906
7100 3801
8438 11616
6391 15577
4695 16542
8856 19794
6111 7795
11733 7799
9548 17875
6670 13568
19028 2026
5315 4036
11503 18287
14754 7313
17911 4382
8451 19436
16980 7787
6694 12377
18304 11391
16376 11724
15066 5749
12686 17951
10394 16267
19548 3946
10585 5331
12134 2358
7890 2977
12666 16760
14124 9152
6095 9795
4901 11079
4569 354
7622 2479
6135 3090
2511 8898
3230 2249
17258 633
9737 18455
1539 11153
733 15297
12176 6939
3107 599
4348 18119
17445 5207
15187 3711
5373 14961
11937 8493
3386 4374
200 2325
10108 9910
14886 17653
17688 19961
398 4641
17701 19011
595 19275
16352 19289
372 15610
9708 18420
139 16517
16954 6551
19135 2816
7731 19866
4412 828
10303 11812
2627 16530
13065 8761
7872 11968
1330 16760
13346 8461
4242 6120
19142 15820
3840 1091
12713 11302
16510 11117
13556 19149
9985 3960
8428 2300
1823 10578
9655 14705
13935 8724
11476 2687
2461 235
17490 5085
13482 10286
6503 19465
17951 17258
15564 4404
12180 9497
15944 8962
7579 10389
8962 15496
17817 18022
14654 7613
5463 18708
6223 16425
17843 11671
1376 616
19655 13096
12269 2933
11268 5085
8960 4186
10012 12330
890 2140
4303 17002
10751 8465
18776 14286
9566 6801
10009 6574
3719 6299
9470 15283
16709 18682
11553 14400
1781 2509
15191 14738
5848 884
1345 5141
2793 10907
15803 10516
15511 2006
5261 3855
15928 7738
11961 15130
19576 7564
12395 18073
17703 18830
13295 12279
9689 2052
9809 6411
212 4193
8455 6660
18279 6334
6144 6224
15154 1471
17083 17174
13861 9603
18698 8936
2909 19913
19513 11160
6199 2164
7049 18655
15240 59
18584 17790
13993 8193
900 16930
6073 2499
5600 8546
16769 7028
1940 19920
14729 18650
540 13343
5950 10938
1873 233
14874 17738
15798 3600
14617 11970
19320 4739
11054 19437
198 9197
17 7067
7540 17518
7384 14590
17092 11368
2927 7169
6294 9480
14806 4172
3734 9259
5311 478
10717 8880
252 13905
18814 375
3419 10771
2493 12640
4312 18723
14880 4164
16562 2741
10647 2185
7294 5952
17061 9598
10725 12650
8602 4794
13785 3736
356 11575
4987 14596
1090 18713
19224 18219
8884 13646
9681 5000
18046 13711
12990 8130
18203 1836
10863 11559
12255 2334
18581 786
18790 12816
9001 8666
5670 2450
4219 9844
19430 17658
6619 4556
19478 5619
6297 12352
6240 8036
19145 17382
6911 16499
6151 4383
5080 5737
19356 3518
18080 1390
15201 16400
8596 3252
3087 7498
13993 12650
10060 17887
8691 4044
7018 7073
525 1173
13553 4499
17723 2254
16656 9406
825 1523
5144 7363
5021 15161
6612 17582
5033 16364
9015 11193
7846 13156
6233 13387
12382 8693
3959 17820
306 16517
17747 557
15605 19618
5071 15115
474 11460
3828 8050
16163 3088
10063 7896
1328 5107
16861 5989
17790 8111
15608 807
6237 7892
16574 10039
11826 18372
18044 3457
14282 14243
2830 520
10697 19098
14953 6628
10219 18888
9589 3585
7845 15574
12202 19598
8210 498
6989 2559
6501 7877
8083 12180
12770 6313
19618 13919
1642 591
9011 13327
4445 11843
8221 19513
2423 7377
10474 18969
10408 9022
12616 14845
2300 11302
1292 7671
7560 14362
7420 14559
2296 18493
8448 8474
19652 6310
7131 19439
19283 14628
12372 15466
10462 15057
10263 15669
16165 602
8614 12060
14828 7810
5224 14550
13307 3827
16157 587
14822 14327
7823 8647
6447 6921
2991 4979
3294 13522
16601 6953
10236 11059
12576 15275
2590 6735
1755 1230
287 11355
1424 19518
17168 16643
3425 6735
15658 11608
10281 11179
10662 11544
9688 15703
6659 14608
14936 16703
19464 9284
4040 18905
15265 19831
7974 10592
52 5157
3282 3457
9796 17780
18868 9305
2840 8583
7963 2485
15276 4617
8815 3040
4374 11241
5417 11460
1899 15956
12355 19950
14600 5614
2301 18364
5884 2468
14613 18266
8138 12648
8059 19631
17919 9550
1602 1022
11900 1704
1943 6594
15315 3842
3770 15242
11937 10959
19094 8053
14890 11048
11120 5162
7117 8387
13851 4525
6966 6291
7819 19511
16319 11224
8010 14505
7303 7293
14524 12491
14250 429
4809 15657
5459 19744
12392 15752
2511 14216
16332 17099
5341 2467
3197 10162
2909 5071
5702 4677
19350 4259
947 19753
15044 275
10828 17933
9775 1411
12035 5505
7999 19952
19078 18553
6059 7041
592 4725
4847 18601
13182 13939
17726 10066
19562 1500
16140 78
11751 7393
2762 16551
9114 6592
7444 202
14401 6884
5175 1722
5807 14729
6479 11662
12134 15433
3950 19312
14597 16080
16090 10134
3977 15088
14221 14760
11305 15589
18312 13764
1878 4665
10202 11150
12951 12317
2456 3557
16088 15439
18774 1988
881 1107
4828 5563
4635 9957
2136 3233
12215 19128
3969 10593
11747 19628
5937 71
17397 12444
17948 18019
844 17048
4576 4112
13999 1543
18578 9940
12983 12210
17337 1520
17281 19446
2403 387
9589 2848
17704 13068
17985 6609
10525 19915
17321 3876
16210 6366
135 2531
18076 19115
15288 12356
13412 7025
10403 18965
128 16560
5721 8860
19473 13388
3509 4171
6749 8612
3295 14625
457 13594
1868 16923
4217 14770
12517 9292
4917 1288
11277 3334
9708 9681
12506 9649
4059 1855
7565 6071
10852 10503
17818 8513
12958 15180
117 8213
8927 13458
17930 14224
10258 18289
10361 2528
10971 19345
2143 10487
12267 2830
10867 4010
15012 13089
14787 345
3541 11861
4794 16764
18222 11810
17566 871
1614 15152
15531 16103
13073 7144
13598 19408
17762 12225
6623 14796
1655 14240
1798 16684
7543 13746
10527 18533
12551 3518
18241 12038
11347 3405
17441 7306
16874 10269
6152 1396
18260 19416
7413 15393
7696 9378
5930 11349
8808 12776
6230 2155
7174 17786
16086 18484
10680 8808
2830 12830
6997 11619
17357 7836
10208 1412
4360 8422
3181 15649
17650 10540
1953 19643
8184 9112
6850 18531
7970 1036
10307 6813
18557 2447
18849 7126
16651 11240
13580 1689
6330 11196
14275 16028
16397 5053
10265 18927
7057 5787
8203 8972
7780 12702
9734 1742
15939 3193
4462 4325
19182 16083
4508 9194
7903 19790
3950 626
2709 13043
362 11445
1008 6203
1155 8819
3768 10604
385 3274
18710 4153
1343 15933
17745 15303
19817 1685
12390 16522
14830 14151
13300 2791
11736 7298
18240 14436
17347 3696
11639 2601
3355 700
12273 14853
6378 2213
10851 3820
91 12443
17657 9409
13600 1852
17149 58
821 60
3095 16596
4356 701
18485 15124
4189 15869
15043 12621
9280 12626
5588 135
4953 18510
7479 4839
508 18015
2524 15357
18307 4180
12941 15453
19871 4915
12511 7989
16426 8937
5401 1982
19025 7840
12115 17297
5180 16174
4354 10873
3521 6219
10469 11491
14947 13391
15006 5711
12333 8849
8489 18475
16225 4683
2197 13528
13654 6554
17033 12225
14891 1567
7674 9513
15273 14890
11435 15601
8503 15296
1543 287
7156 14162
19092 8047
9021 8389
13099 11524
16336 1726
13741 4720
4118 5875
2796 8018
16779 2452
10631 13867
17922 7143
18135 5657
6397 6470
9799 6451
6278 11530
15180 8552
14154 14186
10011 14296
1852 931
4312 19140
2114 9804
3348 15240
5515 3442
19161 1411
4419 14737
996 11049
12052 9365
8330 16579
15535 31
8875 2875
11389 4140
10782 3475
684 9130
16322 1317
19122 8350
16935 14656
70 6684
18444 6425
13104 11639
9712 19585
14119 7858
10170 6381
4101 4521
12015 9046
8329 17307
2978 8617
4473 5430
864 3947
6932 156
12602 1241
16335 11099
8458 13221
9409 3907
7361 15097
19748 497
5816 13968
6698 5452
574 13245
8528 13532
14183 2813
15986 7398
15859 19702
1791 6740
14003 14231
17010 13418
16702 4704
430 18829
3960 18756
1879 3004
16582 9016
1225 18879
18983 14731
13566 4923
2444 1558
5183 3497
14600 18081
18574 13426
8677 7122
10460 4258
19531 635
5900 17825
3744 6449
18619 2049
7834 14074
12805 1318
14542 10349
12627 2208
8826 17715
1471 12737
11369 17883
10939 14063
10316 4615
12323 12125
15740 3683
14947 1736
12293 2036
12770 1231
14817 16352
18545 5371
3796 4795
18304 18554
14756 8173
2997 5750
1744 7261
18428 6932
416 8617
4243 7935
11598 7922
12278 9484
18063 4661
11887 11690
238 908
3474 10626
15307 1659
7656 6631
11698 15135
12990 8775
4815 16791
8827 7829
17974 16657
16574 17122
14585 11097
17201 10634
1248 7440
17902 7150
19686 10316
792 9451
5345 16865
16324 10729
18606 4496
11293 9225
3237 19355
16120 16901
2314 57
10830 547
12619 19866
19535 11149
13304 14765
791 5786
9467 9661
13887 15676
11663 16635
2338 9781
6429 4044
12225 14895
1091 1385
19839 16152
18246 18693
2356 11219
12400 244
1170 3944
17315 1114
461 12951
10052 18464
2684 17508
7004 881
6973 8361
4896 1291
17858 17254
10119 1488
9550 6580
1009 14011
3084 12361
18586 7404
19949 2838
16932 15785
1123 5375
8863 16823
5407 17507
14950 4241
9669 15735
7898 7379
16291 13390
6967 9849
2716 7614
11764 18019
17603 18593
16159 6810
18425 18509
16812 9279
14116 8859
2987 7413
11020 3670
15258 16376
5046 7586
16796 18539
15869 10825
16720 4386
19275 19723
17361 3650
8016 8278
11645 2732
15383 14380
10370 19896
14111 3966
5986 4314
6373 17374
1517 7266
8342 2840
11525 12555
18669 11119
2242 6145
7092 7805
909 1180
19978 15895
19906 11480
7506 17621
6550 14815
15844 16798
10197 12495
1006 7807
3562 14020
1455 4322
68 15730
16570 246
9729 14414
8492 16307
5492 1181
4879 7755
13677 15452
3775 9332
18892 10140
5590 2270
2230 5273
6188 15339
18571 14814
17835 12741
7316 14965
3493 2508
5443 14207
19960 2711
18383 5033
12195 12676
14874 11308
6163 10770
12796 1214
3871 11625
7571 14138
1060 6007
19577 3042
7134 8996
9571 18714
9277 13007
3901 4606
11857 6315
11943 11914
11765 8043
14362 3457
13420 15986
219 594
1258 13395
16212 6766
360 4617
15988 5715
320 9348
19876 10242
11390 14297
14782 14342
976 710
14663 8405
4383 10274
8359 4877
13838 15046
8004 4973
7511 15886
2097 18358
16054 19685
9439 3422
13906 14507
14769 776
12974 1893
11303 15809
8659 10782
11596 11647
6338 9549
14394 2858
18083 9124
285 9979
19278 17913
1039 18473
1856 10275
16371 926
15128 15422
15480 17363
234 3339
3734 1348
17676 14157
19051 13698
9657 8031
9461 9341
1892 18000
2751 17324
17555 4258
2557 10926
10135 8409
8943 10157
7654 8136
14292 10783
10484 13089
5330 7012
7458 17024
12478 170
2077 7866
10069 15667
9770 11999
9316 6556
4042 11377
12151 14780
862 17396
18170 10633
17379 13705
6530 2540
2931 8918
3643 3880
16955 10066
18685 6278
7260 3807
15249 5779
3898 18625
15929 16703
199 12101
1556 18022
8876 19178
11681 4448
10052 5281
6018 6052
13779 7519
2831 16280
5552 4735
3504 1981
6232 16835
583 4799
9438 4836
17816 5578
6831 9105
5283 9761
452 15465
10125 17231
17999 3168
16421 4467
9600 19264
12231 5535
16086 15071
9926 6841
162 19664
17325 4409
14280 4595
2037 5546
3402 9633
14890 12688
5180 12615
16764 16377
19045 1597
18810 18848
18600 14763
4669 927
6668 14223
14538 2191
15140 11190
12318 1765
18298 5819
6824 8027
9597 10747
3343 11510
13931 570
1860 9330
2593 16430
1428 10176
3828 19997
10721 6440
15343 16765
8972 8010
7923 12257
14413 2807
2910 15630
10587 15154
2782 5026
595 16763
5590 3374
3859 15448
8526 14682
6027 8372
5593 16052
6486 1889
13585 11407
18023 6228
12175 11562
6599 19129
15261 10270
2774 9961
3990 16274
2581 13386
15128 16546
1367 8570
13542 1839
13752 2057
18561 13635
7862 13303
981 10462
12179 11983
11943 15057
16960 17667
2950 13338
17843 606
14451 14022
3006 3113
9450 7302
16835 13586
7836 16021
9070 6810
11780 3510
1160 8859
8763 19004
13891 74
17410 5946
14143 12178
5171 17373
19834 7095
539 1454
11729 2348
14689 11274
3589 12477
14032 11473
14079 18827
871 16270
8896 6830
4206 3065
12537 32
3952 9754
5855 6548
14641 14171
11373 16228
8635 4471
17749 18299
17401 595
5550 8386
15494 2422
10558 19859
3500 19356
10611 12680
8049 17154
10582 3639
14167 16831
12152 6417
4621 18265
10506 19373
19026 9678
7597 16112
18779 17215
3730 11198
9284 10334
4493 16183
18467 8493
4157 9321
3432 12586
18064 6519
11547 12965
1094 10124
14878 8295
19608 13771
10947 13573
64 10641
14153 15728
15454 6326
2159 13476
17378 6715
15102 15375
6932 12152
12043 4451
16017 949
4979 19241
10939 16606
17153 10430
15937 9695
11525 3594
3591 14042
10172 1899
7999 13422
1070 18738
13888 6276
17467 9020
993 17315
18184 11842
7003 12466
4206 6017
10137 10934
9431 9927
195 16462
8141 15915
10960 16491
10213 8869
4217 19551
11356 18109
14160 7970
17945 19482
9931 18497
3890 17544
16064 163
287 10635
8202 19019
1854 6656
3066 4097
8917 4918
795 18412
6092 5360
4256 9964
1753 8762
5699 9801
6909 5154
196 19862
19141 14112
801 906
14775 19547
5727 2720
16996 8765
15103 10630
18195 17724
2504 1781
7736 7289
18030 9530
19779 11772
8006 16570
3458 3931
13258 11132
2247 17762
8847 9457
1214 10339
13672 4064
3437 18907
11319 11683
848 11093
8164 10294
6111 18722
5792 16324
14745 4949
2750 19954
5922 12036
190 17133
4256 7804
4719 1708
12267 15722
16224 18254
2128 9214
4536 18072
5368 3917
16860 16467
2244 3800
7608 15585
3357 11291
18119 2007
7640 13119
1957 7070
5558 17428
18034 1581
374 5562
15994 14491
4672 16473
12277 1345
3918 2937
6939 14073
11626 3225
6510 10278
2810 72
6379 14959
7317 4166
16489 16856
15613 8623
7410 15115
5929 2636
6475 15403
17582 15646
4207 19914
13427 10476
14469 6870
17125 2371
7771 1180
950 8015
4033 10418
8894 19358
6113 3722
18279 12278
8658 16171
7833 10473
2289 12018
2900 7545
10693 9579
4627 11911
14657 16336
17029 11207
17373 394
13031 2686
5157 10164
16739 10877
18900 2783
17818 5219
14237 9493
9680 15191
10197 2851
12347 7495
19886 17281
15572 6972
17643 7541
6972 9516
2795 2355
5282 15719
13598 18162
7397 15569
583 19277
3955 260
427 1142
3704 19089
15616 7856
11874 7419
1717 1093
9416 686
18538 2757
12372 12852
19593 17025
4749 14680
5401 5279
8104 9153
2058 16979
3957 5827
13618 13213
16948 201
7238 1083
10454 3132
2796 6421
10613 15957
105 9416
8278 9338
19837 1580
12166 5474
10326 18091
10451 6068
19068 4134
2224 3494
5889 8472
13110 15354
15544 3271
13241 549
3079 11256
7392 7724
8693 19625
8542 11935
4701 10637
12919 3623
14591 11367
15774 10856
17210 10081
1599 2853
7871 10096
10715 15658
1901 9798
13018 16264
10439 165
14791 761
1049 15444
6257 12218
758 18568
17388 12111
334 15242
16425 5122
12235 12607
15379 154
3923 4610
9019 7359
6485 14979
14407 7675
8651 12585
4115 12514
7495 5936
5252 12089
17121 15647
16176 4369
17353 14319
4424 7137
14128 9373
1837 13664
4064 886
8913 9902
8066 2917
7060 5196
2130 4876
2191 1282
13466 2682
4861 16725
3648 7655
12142 635
3770 16040
17163 9876
12630 12651
3837 9551
10000 3341
11724 12647
9950 15739
17871 13228
13771 170
14518 6967
9990 3432
12257 8439
15895 8157
202 10612
18481 14139
12800 13724
9567 19410
14079 3529
11401 8115
3911 6342
11049 9916
10488 5347
11865 17339
6290 10739
8888 14764
1647 15780
11298 9349
15747 6340
14487 9383
2033 2820
6735 18220
19699 16543
2115 12652
3090 12361
67 13184
418 9384
9256 19896
13337 18446
8724 16072
646 11631
14076 14008
11335 8596
859 12154
12798 18012
13966 6264
19037 15681
905 15947
6561 6086
1812 18054
1576 10119
5996 8634
5012 19538
10724 6047
9914 19315
8672 10305
3344 18694
12075 2774
12120 7353
2862 10945
7745 19475
16810 18324
17191 13271
2901 15224
15133 16923
14553 9028
2853 7755
3101 5142
15682 12303
13272 12139
13809 18331
18666 734
16195 12631
6066 5831
13912 18659
7598 18234
6157 14141
10088 6427
19094 8618
16306 7875
9992 9391
2519 19601
13616 9538
7965 11478
2928 15931
9728 17893
14492 4187
5612 10256
6389 12307
9980 13158
10182 5928
6933 9408
16120 17276
15718 8672
8854 15379
15982 1484
13600 19936
174 5344
16828 10746
7274 7645
15521 13854
13816 2570
10471 930
11920 4369
11604 15203
7024 19017
3463 17595
7119 1052
16211 16111
9983 1334
6281 5963
18477 14035
13715 3287
12021 5415
15220 8154
9181 4349
15445 3740
12064 11078
12705 8614
10045 18841
18201 19234
2318 276
15126 14209
6286 10070
18187 17152
1391 5389
14480 11722
7673 6628
2904 7462
5304 15856
8223 1007
3639 18777
19885 15776
6634 11546
14792 1170
72 3984
18090 6827
11253 16539
18806 11163
11014 12202
932 9575
19581 19944
9404 9165
1083 14434
3771 666
19974 18662
14135 7480
11979 19075
4705 8178
14522 18346
17066 17378
13859 13743
8117 4244
7342 6634
12985 16959
2311 6683
2023 13069
18449 18900
10032 15714
3856 2201
5032 4680
181 3686
14822 13100
17954 6309
2517 8359
15485 16645
15679 3148
19005 8839
11833 3922
13758 11677
14822 15075
19127 579
17438 3658
8384 19877
292 2019
15884 2800
19317 10578
4255 15594
5964 7317
2062 7413
9157 17376
12163 3079
10536 976
9059 10651
18213 14601
7301 1060
15486 13402
10509 18093
4956 18493
9740 7258
14642 7035
16767 1039
19963 12007
5800 3432
2935 1056
1330 16092
4871 8112
3216 2019
8520 7247
19520 1409
3067 89
5444 11656
14449 16554
564 1471
17323 6979
5485 5350
13914 15710
13657 17780
12906 3130
18110 17996
11436 8308
14356 3638
13402 2134
11790 19704
17494 16837
10245 16998
12421 18580
16408 2036
965 11140
2484 2508
7398 1543
1314 12018
6131 4231
14860 16102
18004 11168
7803 906
895 10946
7237 11969
5495 7248
11631 19280
2449 15345
2879 10791
13726 19751
3493 17132
19884 6028
3926 15023
9015 19559
13547 18401
16974 19022
12231 4329
7478 7188
12459 5151
6548 1175
1602 13367
1490 5446
14440 9181
9959 6207
11433 6116
6004 17841
5890 15772
6064 208
2413 16728
99 17758
18154 1935
9238 4073
14815 12294
17749 9337
4240 16741
6180 11633
3390 13232
7224 1098
3204 12198
16953 15307
5024 8693
7087 4116
4474 15881
13195 7645
6597 13844
3338 718
337 4214
1993 4305
7939 7703
5335 19469
15480 11995
3783 4969
816 17958
6095 18578
11056 1215
5156 9138
16990 18089
2837 5954
6373 12653
9814 12197
19569 18828
13043 12801
10230 2740
10518 13721
7279 5346
18009 15748
3312 4349
14515 3352
12354 2166
11472 14069
6920 9362
6735 17796
9932 2985
12595 11560
1031 16387
13108 16972
8453 8395
13988 16561
18424 10355
15029 855
4641 9907
18577 14878
7097 17512
12236 17340
12691 20000
11699 3292
14684 2026
12545 15760
1609 8310
12960 1474
11432 9054
3389 4119
12317 8889
16888 7872
9520 1228
9655 12115
15197 2697
4552 4811
3179 11113
16768 3399
4172 7672
5570 19606
950 4615
1729 14951
18449 3770
4708 7105
12449 10623
15483 6900
4391 10369
5213 8041
1541 8908
12386 18219
12063 17137
5432 3608
6112 394
3597 4350
257 7220
14820 16768
13583 10070
6596 16132
17922 5939
5007 4631
13577 14216
13929 585
8733 2913
13544 7069
4165 10336
1343 10641
3452 10201
13379 9622
8787 18759
1606 2890
6433 10674
10564 1306
15449 11200
9707 14265
19306 3011
1274 1426
16126 16430
14769 10275
4154 14891
338 10449
6100 1230
14394 2126
19901 5373
6308 1608
4218 5245
19613 15349
13285 17076
8544 10512
11826 17504
12062 9328
10676 14066
9086 11410
17432 11925
7834 12857
15505 2607
6928 15025
211 12082
3592 10765
14450 12684
10880 1740
15914 576
5706 9725
1288 8084
5483 11180
17621 1869
680 5688
6838 12888
17041 16871
4980 9378
1289 18600
19810 14443
9754 4165
5507 9139
18231 8474
10851 7249
598 13909
10251 11216
17892 12349
18502 1597
15575 16951
2534 9212
16222 8186
18704 5428
5268 7761
13616 807
11026 3082
7352 13833
16410 17847
11680 1267
9075 5892
5251 8283
19953 16552
17318 7474
11981 12195
18571 3583
3652 15352
17798 8447
12442 12159
5532 1760
10107 13986
7453 13136
12507 8122
16119 7921
9648 19671
8614 10334
7257 15450
19699 15376
8162 11395
8915 14714
9558 18122
4836 16662
5202 7801
2831 8571
19951 14627
1210 12348
1921 2917
6281 1040
3118 3113
13389 9151
8467 5835
13935 4401
16183 2046
3099 8673
3712 10804
1503 9459
17150 13832
10423 602
10772 10149
19213 11785
6817 5332
15085 5719
8802 4316
885 7769
5354 16045
1294 7706
18285 7634
8935 8959
1665 8252
1163 16213
13516 15261
5506 732
13438 13198
13840 10985
10313 19944
10697 2979
18894 4103
13374 18838
9560 4995
2528 8272
353 17468
14388 18629
16090 9965
11050 13187
3544 5108
1828 13736
18309 5393
15438 9209
3631 6783
14893 17393
10910 14090
331 10837
7577 18581
10323 17653
2524 2879
8042 19339
3010 19304
17617 15719
14250 15406
13135 9161
19589 1569
12126 14438
5425 5480
6368 17295
10832 18275
16352 15602
6355 9006
10111 6107
8743 8995
19214 6554
17187 18775
13079 5441
14880 2494
4654 18594
6236 14215
9425 777
4715 3614
14907 16661
6947 18560
17194 15187
6689 11204
14968 13834
18840 9506
3582 8932
1976 15947
2509 3994
927 6033
5160 14953
1422 1836
9083 15904
5352 246
1839 18336
18636 11588
1729 12615
3682 17967
1117 12089
12858 2317
19059 10068
8975 7409
9824 12918
10669 2892
17652 9979
14655 19876
15336 3414
14195 7396
10773 16616
18640 18176
4013 12681
9272 6187
9359 3468
11613 18492
2632 7895
16245 8417
12318 14781
5723 18695
18115 12562
4124 9140
18109 8333
3865 18644
16121 16088
19427 7619
9192 5664
10908 16982
19109 7374
11100 10625
7512 8982
14250 4707
6665 14119
10210 23
5868 5428
8605 3881
15088 1371
19440 8754
6318 15724
2531 467
18220 11019
9875 9742
7640 3062
1784 5738
14269 14451
13761 19182
357 3412
18686 7955
11919 11653
542 1870
12625 6515
2484 25
13073 8834
3031 8366
2382 18217
19336 3396
12766 3439
18065 6410
16897 7633
4136 6354
4428 13643
16978 19331
7291 11996
10693 5436
9416 16183
14166 10993
1083 18189
14238 9948
17535 458
12138 19354
12540 16102
3039 5290
