200000 10000
178643 67656
107536 162888
163943 102534
107101 12073
65387 18208
199311 34347
158327 111534
75076 59212
156373 35562
32387 7984
139931 135007
90065 174800
82234 187349
153217 132059
40714 10380
103997 114924
187712 127581
37475 178254
30026 143071
142915 185666
134663 163541
159519 98841
113831 75332
18350 156218
94311 175856
71883 99029
161254 86939
25450 183435
120239 115094
153540 113852
31244 170414
36247 170026
173407 62907
7551 69424
165816 83162
167608 93579
128194 29486
139676 103494
50608 81164
169433 164774
156531 126939
103738 99810
77349 171957
97701 56731
86400 177608
64067 102872
158417 77126
145538 163420
103480 128039
90876 85642
154095 11070
168837 124434
47139 88331
137510 193123
125279 98459
32937 173188
9672 132166
77647 70413
178018 3027
140900 112774
122237 108515
194886 171072
15344 85474
131010 168928
58602 3637
75999 116766
84954 26028
121295 109947
78182 12681
19855 185517
91590 117255
100082 144849
85238 77998
48975 121220
180159 20318
16547 157243
64989 85808
140400 111308
65078 21731
7342 84019
28972 165080
147565 150919
38901 139082
50773 79824
55325 118179
84589 190206
102104 14038
9644 109730
13801 198240
150152 52013
40602 109576
4398 190103
146738 157223
111578 153112
164733 173948
177142 138746
8974 80816
82617 132228
181878 153140
192572 135914
157376 35571
668 52186
53914 103091
110370 85444
69186 55249
109593 96215
145093 7470
16953 164703
108484 29682
191590 196769
175247 26688
54758 153109
122653 189803
4324 94297
172343 110593
170446 197059
100879 143632
17199 61999
53754 125081
136743 156553
74598 79315
197321 159867
53873 114972
159063 78678
29064 44003
116499 128421
183106 125047
52506 190579
100237 102582
28084 83960
123399 188524
150822 186524
104512 39839
60996 137493
31112 159760
2982 177880
134398 96603
37685 170201
69445 155626
132886 16017
110796 97804
78933 143805
165194 17604
135855 195175
18751 102612
60240 181426
98380 92930
176212 76759
73883 32795
83026 48824
53297 42452
43540 138432
170637 35721
103527 11094
73764 113428
9945 143433
68671 131210
13636 82237
21698 194960
126995 111273
43710 101603
149842 2034
4933 114509
15133 157622
70419 187584
71752 27110
40563 52439
36353 157195
135417 177865
185041 35919
181839 172333
15229 179378
10778 190621
66464 26503
65547 75741
28657 183513
150231 199680
31730 83636
16915 142975
100405 59924
82879 66301
163775 47017
181715 17986
3113 181084
7725 13452
129519 134131
103630 86550
177232 35810
82984 155347
74515 9868
28167 114122
96423 66454
167539 58836
79461 77214
90409 94605
24852 149364
146168 188134
79256 28775
106514 192827
78340 173979
22030 76019
10982 36948
88032 189091
72903 168055
3731 42174
136403 71699
57988 97128
92475 99544
181615 65214
191646 90391
167714 43722
92740 105175
105770 127553
5298 83762
160441 93653
179039 43754
149745 35932
22246 172932
102261 131265
13334 54417
156733 83009
137117 25637
83622 90018
102102 78795
128024 97494
15015 177815
50808 15924
46293 138772
41655 169527
176540 98147
120510 104022
50644 183509
191560 136243
30037 105674
125270 40860
66130 34123
8074 171337
180114 164864
126054 75306
78346 44648
142369 102126
37878 11055
149031 157011
138613 30410
118923 197433
125496 91965
13340 159563
39494 147871
27592 113882
158329 118330
160258 154498
75736 128363
16177 117595
879 196662
115298 124561
156387 7754
182834 153394
122552 67364
167005 79373
179316 180864
157783 59352
168429 44950
63616 199080
2879 134739
191702 159972
139671 166741
124227 67118
126143 8633
144273 80342
30953 175046
127314 18452
102354 92084
35779 145078
36454 113596
12958 25015
68226 20865
124660 113259
90178 133528
83969 100032
194566 119123
180141 1505
148818 5657
13434 15187
24584 29984
13781 171421
168688 124501
127362 84687
100183 120973
118281 169211
180015 43287
61917 101973
67582 150698
90021 154222
95917 39700
101928 32912
39892 61969
185452 192520
136385 44789
74257 33801
59558 115339
184274 114309
39143 100999
191761 81813
132275 136596
9856 125267
199621 115423
109461 107042
124290 156405
102506 62694
104558 82737
7188 101066
136915 161922
73278 161605
185023 199166
150539 65299
72936 94617
93989 3721
61908 134476
39107 36662
23879 78618
162836 109973
35138 67211
125415 109491
51196 44399
73919 145037
116620 21539
59950 12270
21101 157609
105087 87233
82593 35619
61743 100338
156666 52655
22277 165988
150007 41481
193950 74046
80696 148662
191758 102089
145598 171826
127370 172969
50161 158063
97018 19956
149734 70662
192905 1640
23636 86625
100960 180178
192578 184793
61648 50739
188975 199367
16245 134195
143888 44619
33143 55856
61765 71374
68547 135627
175059 51919
75384 9848
112445 108322
179031 34991
113706 100922
166665 95480
61261 69478
106226 188429
175044 94716
97854 82784
17132 130139
146889 20003
175672 170522
3986 64122
21841 35861
59486 33937
123899 145903
94278 191353
51183 152816
179087 125562
537 62506
172996 196700
150412 120001
23246 144496
69042 60558
94929 106080
51642 74755
21454 160728
150458 60808
144086 120370
89733 168282
43652 2774
90493 161944
132457 21651
114394 120582
80993 98881
186233 7338
32234 185957
101551 38136
14539 39685
9329 167370
69368 42288
56077 16796
40305 114786
34242 8015
137406 118084
106701 149857
93748 177889
6379 89622
126084 193430
15630 48629
175321 33045
108893 3599
7748 7179
184604 86616
53030 63300
198916 74771
184311 97649
77803 107432
33415 1357
17846 88097
73687 92321
27914 82679
107971 22768
15537 136345
50259 27793
178883 8950
22424 177019
99670 96275
76843 157723
129680 88920
81169 172337
25032 50159
88846 59388
62415 178998
32771 197233
72898 106076
7357 55710
185266 21157
126311 62877
7276 10163
180871 79337
189030 95443
179829 23001
180824 79293
145416 20908
15259 192728
95557 177348
159868 96739
86572 102309
54492 102626
30571 42625
1473 35037
145857 179050
111182 119700
131490 68398
98831 30417
25782 198211
45661 170684
163169 177081
33022 24131
80030 199030
5867 12416
190007 12027
125224 131067
96472 156309
23199 37340
48369 59496
32628 111779
88643 77527
56889 197208
80571 135628
62749 66325
79801 159214
99908 5442
19636 40911
192763 136352
129797 160778
44714 56273
161657 47570
30256 64670
124598 66191
19106 17428
80472 157273
152211 94754
66142 26861
32608 109468
181060 173790
142963 190431
125208 171731
73287 183509
134895 177618
178984 75782
95285 56875
151023 153974
55961 197792
163567 50407
20824 128631
139315 14922
18726 108176
46031 177242
11144 188205
47395 9976
86834 76672
46785 11220
162367 173672
169742 92496
31958 55087
174066 21885
68530 91888
40750 90394
109593 10452
69854 89356
152330 91877
178541 19165
137797 144950
16700 9146
195562 152956
70737 71872
99245 1745
42613 33983
69873 144644
27372 184541
185610 179904
12348 97356
13872 187975
122665 89960
195841 111064
125054 52992
7488 152660
170805 6721
197284 31662
188805 55000
182998 141011
35077 102966
139461 77071
63557 23286
118720 93893
92987 170544
98699 14308
172296 73932
21481 12616
123900 83286
137204 191498
10481 120598
126941 15811
62470 179547
19728 163635
164306 123326
143623 37448
155969 52475
79421 141330
27707 4622
193897 87426
43591 11536
70830 113440
178279 90826
137834 88122
31150 34985
15714 136234
42794 199689
155351 41430
58919 20437
27880 16638
46052 64658
107787 100834
184052 138433
134619 23142
181974 42675
420 39435
88388 55381
55909 103970
3377 114948
4893 192337
75994 52762
152415 175876
68472 89243
66295 45160
74138 79433
110825 96319
67422 191347
15464 157446
162263 48678
52210 191925
92283 77174
103233 162680
116672 17760
45510 185671
138675 153190
142857 50275
68577 29870
63592 90579
61547 100942
106557 123780
59896 71828
24667 183109
173490 189205
105298 19475
179743 77876
193581 138671
172400 2988
132412 54334
97056 974
132204 86489
111944 16650
117643 51926
187791 166671
150524 178229
82727 178079
173154 178648
184523 142354
128445 10426
172673 15487
133458 110185
72363 172936
166121 60105
37494 100165
19843 187071
64942 87745
88250 14372
134390 158126
194322 179018
91384 148402
126185 98927
122286 195442
58470 120832
98156 183219
105610 65756
52403 13548
36525 195411
125337 155683
16510 46409
121118 28013
61499 43293
20101 61157
163647 70756
169001 35989
123786 106447
159240 192689
103266 141517
102504 176146
111497 92037
160723 33982
24925 125789
54871 127187
103309 99660
5243 135873
134638 50480
172082 68217
150939 24813
173779 84428
157879 53338
18431 66996
34596 65666
182477 71188
13412 139860
178614 62197
26506 7156
4968 89273
109771 155984
122860 159948
188788 71734
31154 20130
157381 1606
107283 20455
8253 113162
81988 69339
89059 183250
83177 86539
153711 150290
130502 6262
17696 147748
1167 172923
16585 162752
107910 50534
60246 199308
177011 51357
70851 169915
170843 194384
27694 178383
119985 112859
82275 120804
173226 149340
169339 160989
80288 13408
195498 34545
113072 25697
188842 92562
171250 102352
178201 39822
67854 51008
73000 186725
7768 20608
36812 180155
114345 79048
125166 136686
72145 117982
109262 98982
156638 4656
91449 128476
114561 74221
113322 49376
130098 135330
143782 4732
36910 5304
12183 58068
112980 7337
18011 100674
154828 44694
117189 120451
160564 88653
173093 74416
191148 180935
104326 78346
24756 14315
23551 115628
46717 158295
188997 8565
189689 139252
146396 32256
71624 47281
76843 12615
176650 186213
136153 47780
92439 64764
58664 125782
199770 185801
170012 138933
143093 4777
29628 162895
90259 49721
122311 166288
119978 72660
118512 59215
80953 37109
86553 170893
7376 179949
34161 155826
136779 172113
54837 62305
49908 149087
94995 120735
29842 173129
91987 196973
197300 144740
84460 151349
176143 4578
67977 110191
23224 156785
105758 6550
192155 12228
170154 54301
10898 160564
43317 160330
162532 35697
113952 57753
186071 96761
150155 102786
177031 130676
29017 150457
33501 52371
134833 6600
192827 124198
84329 110186
102298 197864
162937 129666
94786 4357
169837 129452
18523 73455
149390 31963
125130 93447
88202 1422
34877 20258
176480 145613
135866 129634
44482 59808
165348 181271
174924 131171
14767 55342
44631 139209
194034 151499
134550 39285
45761 40351
20327 17987
112766 160434
111460 141551
24579 151617
45761 64709
105255 115807
155685 128919
85980 64198
125121 37269
171311 95405
18759 148028
1526 157483
134419 77747
144246 67891
90223 42189
155161 189108
2033 27717
106288 176900
125029 136212
178518 54866
59959 114799
129194 151258
73984 196489
162607 195269
9775 132720
100037 106569
134679 9276
95187 56154
11897 91667
189800 37685
145226 184178
111792 13216
108454 62135
40045 77235
7382 181180
12856 79253
84547 165024
20089 67763
125606 93248
183172 21419
116070 54152
147022 124499
117356 161562
140566 60720
193511 127774
138197 147984
143007 130169
191126 163959
191746 79813
35299 196533
28316 94232
15610 39279
183634 126705
160137 113365
66443 15283
60209 106947
146239 141015
158720 14788
75894 120640
15 59893
147390 160343
91183 37162
23574 186771
48503 120469
194873 111925
118827 118968
54379 167503
99673 2903
66195 17375
57304 101160
133119 185640
199832 127252
7173 64056
110011 151117
148891 147344
176160 24230
55875 164457
189078 68192
55493 18600
51088 27560
61276 68009
122802 107785
38995 147712
141829 51530
5198 19849
128555 133804
171552 60611
38863 193690
196117 162158
11434 84100
149557 27136
171475 76145
97265 176833
52260 191789
78122 152699
50860 176651
52309 193318
194306 38008
189446 25353
156335 143853
46127 171479
92239 143010
56619 173765
36008 194625
138748 26761
23044 96250
161475 113690
182719 98079
107133 9968
189027 187448
178996 170156
182358 176056
69163 30527
153053 117215
91190 104841
14373 49496
33161 42045
62019 4754
32564 192486
112228 159455
185366 68159
177417 174606
43758 41214
55720 125014
95855 126155
43529 139145
52221 113773
198143 103595
40979 180116
190461 20784
180425 26496
122618 32279
184417 40340
123186 171389
190771 152697
63600 59994
71119 28946
107659 138758
17024 142602
40357 155241
195601 1800
123528 85089
78713 60051
104283 152262
97340 12738
128642 185005
94665 43441
54263 7418
134337 75008
50564 34416
144189 21466
72867 145371
89636 78891
26331 503
170430 34101
165039 92825
156137 115106
35696 170403
118563 133793
97987 125652
155923 49883
17433 42732
65475 178357
156996 125464
69539 127626
66901 100494
8115 86495
114154 67850
4485 94918
107999 87827
29302 58960
198362 158565
102821 160512
13389 163923
17594 103303
181358 114696
81292 146373
7819 93642
1991 62590
36154 18763
145192 28347
86336 105596
121138 103489
13614 175473
41271 124235
50325 112727
77998 109350
186967 149807
49461 194452
106581 57267
74768 113425
114153 50954
49276 136260
120348 4994
134665 84278
191914 162732
43480 128239
168232 187529
164449 164243
91984 19443
37741 22410
161154 111409
9646 94742
161356 101582
143076 43250
69747 61348
178602 126809
165794 100970
52830 53739
177028 17722
67302 139768
56948 54349
93228 49455
14107 191700
76379 38383
128385 83575
1199 97601
112747 86817
115747 195387
179583 28523
123381 51002
34329 148997
65202 94811
150479 189249
132392 142813
90166 152061
36522 134524
65888 83176
61229 67950
77175 3772
162997 107623
199453 88032
89742 2598
125440 142481
190740 174760
7394 149487
110939 39807
25132 104695
76848 31052
144617 131341
105192 26371
133714 155875
102854 38717
189493 89826
145644 34681
197787 87110
69464 179725
124916 138536
56699 81577
132741 167849
124603 197934
57197 72730
1037 83589
11417 32344
6076 156533
198463 60795
109392 111067
18397 110061
129176 9175
40250 26182
43475 60587
43805 61040
175638 9214
58326 79138
159500 47303
180619 55317
77470 188040
102793 75388
170271 106495
53180 110067
57425 70034
14348 118523
145007 117379
43315 74158
179357 51606
147467 120660
34418 140481
86591 169782
23035 130170
50688 161152
114447 181879
126460 92413
35752 145494
36395 13666
107458 115383
182969 68608
15163 3234
191908 4468
31468 100931
44365 186049
93480 173176
179745 52859
55899 89272
10000 163791
104997 42334
192938 79838
170579 124786
146086 109076
79335 181221
50391 91216
9937 78160
98207 107007
193065 29518
60949 18902
140145 9837
143192 186265
112339 74863
112510 162442
83594 133993
83161 68884
199209 72671
118152 88539
8268 84232
128335 8824
98694 15908
168626 151367
27168 189451
28394 72567
12372 8050
111496 74107
44207 198031
32002 172551
175055 84205
162979 151788
84842 41156
135548 136553
118706 172890
57714 59815
15904 183526
117905 56685
7577 55523
18539 90700
119038 155970
164307 109113
127304 170544
40182 155680
83502 9330
136155 116492
82615 160003
191066 165547
121112 126498
183220 110035
73762 139439
6525 153241
133407 185002
118338 30544
66474 23204
165889 91707
135157 170269
134639 94945
68632 110830
51509 127652
55742 23741
165847 48396
176104 30619
34099 136233
2629 99786
151513 142468
92083 131376
152454 17935
199601 94531
137360 4957
191946 99340
127064 192868
55981 76038
193084 135310
31388 143707
160252 114079
183156 44594
116419 46107
57245 83643
18053 140350
13112 46259
69107 75337
22108 24497
142297 143716
82614 196118
53833 156616
51866 183530
180096 141900
15701 77503
160431 163794
147916 136016
186700 15126
42365 129211
69119 180294
52027 148501
143523 77056
49782 143776
46833 150562
74272 186243
64047 190472
199876 30354
82606 116643
105446 66828
143950 101673
13182 168679
98475 175846
27641 85053
24434 37409
17203 120614
99340 186150
12268 71512
115007 161036
78493 172105
98908 47316
19640 71469
26157 124615
16449 395
93541 63651
22936 13266
171829 7931
161914 145175
180627 45167
84882 99430
104331 40463
27042 10970
135764 159348
197854 16588
11051 131362
123164 70268
47460 6939
196644 167472
127797 98985
190534 112282
162075 163516
112525 164642
131368 88464
134072 106247
9470 18748
178122 113356
38164 166987
185331 168144
112565 143269
77948 39776
122359 57830
115509 156024
140040 185241
55957 122076
135540 94900
81612 43865
79095 11415
86105 194490
105447 16979
69809 102295
29166 177257
51136 80694
85184 48783
43189 97275
107641 145914
1214 69426
127567 75209
65139 163712
133807 77509
29465 20791
87245 176583
44270 140496
131458 78047
181291 81826
67279 138336
44140 188722
160147 112121
167743 160952
144940 3080
4272 11900
30081 115939
24874 73511
195157 74210
97304 166570
108826 116933
141168 53504
37639 29340
11953 151757
45593 50851
132804 98283
21127 149315
22637 174178
145231 181955
188735 88197
7366 20003
93239 18403
161975 71470
82746 88107
20365 143114
7407 2127
57390 197739
171867 154745
105975 194525
176966 69215
15183 70452
54246 166905
95219 141932
58380 24643
162888 99004
8338 147061
171270 69520
90554 134223
44780 10465
15865 173265
156865 6572
12153 11173
70086 61119
184071 162585
191289 89595
99720 28285
165965 13289
37654 132129
95094 2559
77703 115383
158524 33119
98991 168205
13143 150960
40142 69392
152362 32227
180997 83596
100922 183267
108292 100887
95743 62252
155221 177897
185438 38250
175489 113917
196640 186771
181505 3060
15382 102580
6088 39565
129248 180182
110293 39777
143335 198470
158884 1745
116993 58365
69622 74219
90452 195601
82249 50220
11004 100152
126998 103449
172738 172070
25986 156840
139756 179289
12236 78726
140490 69880
158374 133129
116633 39568
188745 20015
96846 120344
110388 146752
44906 149687
42659 22520
109871 124151
78929 142830
64453 59732
64738 87161
33663 41273
15459 36305
802 118502
108730 31738
56453 69453
183261 31488
175299 149695
119233 133480
112871 28912
32418 164738
123718 82636
160304 179260
35094 124160
15409 29028
55067 119213
98848 57269
180599 132810
92276 58218
116630 141103
156356 150192
173745 33909
119467 16225
161302 123079
70219 173723
166391 6938
27473 167575
116755 60567
46873 44855
133303 90788
46600 193390
69168 7024
46775 60956
197031 123078
142566 129049
128942 84986
15973 67112
76841 1095
75305 118478
75580 17360
196765 153406
53724 95594
9679 789
159874 106036
61704 109609
68773 34517
68802 23845
102047 17205
122257 71218
155962 1909
5993 183503
55601 38250
116666 92035
172678 161152
103181 646
178625 21843
66851 42000
34105 58774
74141 116836
142147 20622
104523 142986
192872 145920
41115 42892
178469 113101
101202 104592
23835 72072
189235 100442
100899 166924
149815 65258
105061 105868
188614 43956
30649 37440
43406 126637
121351 102314
2142 16371
175619 68369
8123 183138
139511 24217
189102 89515
116904 151342
117633 150014
198999 383
11755 22056
149288 23083
26277 153502
123772 128924
98209 45244
51571 43878
80145 105354
24461 60038
190248 196135
13166 113486
76663 75180
6989 196649
34311 116802
174826 193759
85131 9918
14746 146170
104411 27448
175840 57517
14390 162672
19084 171493
177558 51218
55127 196672
76010 19188
51523 87354
8639 40366
132537 133898
115772 152508
68367 159714
106824 157120
174548 185345
95991 131886
96307 145091
9652 85221
151345 15405
90372 152779
43582 134938
160587 91707
86994 85273
54131 164861
51741 13514
73333 91678
15471 44978
192761 79074
142118 183770
5542 143886
34122 176966
19900 62795
90032 156457
67041 108558
106438 13402
62902 57219
15103 154354
101510 12597
89093 21531
168762 96335
20430 121628
54376 100139
81536 108088
170278 37792
78266 96190
143611 25700
11205 42870
166470 198284
36179 39009
99231 672
46040 150089
167789 101921
154225 11848
113894 14887
46101 171649
128972 186791
160473 168991
159198 164605
107046 140162
11194 71153
147531 129909
82279 182632
199359 137894
161489 57573
27635 191290
119839 108731
140184 127693
181954 63315
63919 45078
50939 73460
157121 77741
116983 90499
102891 65498
50546 198834
4154 77264
149135 168101
173446 140389
98855 74836
47437 57207
77509 119728
174015 61683
49032 176256
199890 116091
99655 93127
187084 175711
16136 65349
57192 197970
151943 59505
81928 155857
23029 134578
177143 31335
88557 152640
190272 190929
73048 88563
190860 2176
146698 106064
99667 162075
126768 66977
28425 107998
46532 74550
119726 75043
174877 41007
31437 180650
5542 49584
166090 19657
68637 166641
116585 155958
38050 149665
105530 95591
54960 14416
40953 178990
111856 75895
153005 123880
90476 197143
67407 91886
53130 112809
165181 43655
130698 77869
12720 82331
61908 36978
154749 72950
178479 100011
27540 13107
91862 45378
127379 8028
39030 77880
193828 107091
139201 33175
95610 159200
109826 76801
197125 39097
198881 173427
126081 170794
50118 174801
45990 188709
89694 132268
47296 104986
8726 116013
26469 183340
57976 131983
156582 119220
18887 165759
2233 140212
37039 59923
106919 92034
143308 18925
181756 45385
49701 137796
100411 75686
179605 12968
60548 116286
30316 172841
42503 155895
192829 140774
33357 76247
33937 6537
79146 99782
103253 150533
195322 45169
2363 166053
143237 99964
2214 38512
87316 45178
145506 143625
83395 198797
46549 110658
156623 98186
22924 70149
179657 170768
29839 79916
36320 53608
161176 97567
28097 104921
127750 42909
170536 68608
113962 180345
76224 68656
149212 124577
100238 103491
172505 156003
132261 145332
119521 39907
197796 26310
185489 130336
1538 38432
49324 169727
42121 159275
74860 26076
168589 114314
37256 137626
197059 107672
17944 112702
179411 119314
37702 82589
85371 11413
75737 139826
152058 55523
187796 111454
168039 160420
69695 9273
164296 86415
84768 129628
21476 16275
196487 142502
163195 185093
1629 199245
77185 69564
189491 78573
66621 135708
72236 9874
130480 70057
107378 93949
63730 28267
175603 50366
178666 8581
51926 22949
133939 183182
38080 88914
176627 128950
47818 93210
8138 184416
94037 36716
31133 185231
180958 184423
54460 190259
43032 72468
9765 92617
101883 51700
132541 75005
45220 161352
50932 22111
43504 176471
54462 49387
158091 192148
144517 106408
160378 75469
159928 110434
129092 5148
107548 106353
10278 165768
88960 72596
50215 22265
21001 125803
11633 116726
4542 143536
192105 198756
176571 1343
20368 83949
80300 143745
63591 5154
159952 143076
172981 8212
23679 50670
144868 36
97332 31008
115263 26072
86168 176151
108090 104366
99312 154415
189011 17661
56707 63324
45680 164749
95877 122056
38565 178410
182630 20614
85033 169762
132359 45537
146769 20871
86687 135853
118505 197727
95886 155362
181706 102260
146478 170279
171024 50877
116539 114221
173402 193471
136682 45985
111177 135525
104665 86933
8437 36568
16745 189575
153189 105483
115704 40913
75589 170706
155858 28295
39787 94113
104998 77741
185983 136564
194566 98853
79847 8494
52660 118454
155327 74574
20848 170973
48238 160184
3721 67231
190162 33087
127655 152125
169372 79206
16133 150165
13458 97086
95729 155452
85359 69593
115522 85096
62501 167576
7630 67227
125546 50158
32931 79142
92959 120852
80372 172082
144696 54464
163034 178671
25575 179253
47645 71862
186445 111655
25075 74208
23934 110457
27739 170531
8816 187050
39079 33313
34553 135577
134545 97268
186506 191023
30465 63539
34119 87935
111076 42083
148898 198120
12804 192853
18142 122873
82607 22960
128617 1000
165499 168225
5472 11350
87894 45477
106549 126019
161851 91947
188538 3793
133280 125257
196945 12635
147400 146671
153323 95504
153721 161629
144030 92858
122395 152245
2056 8510
128714 109237
128937 135532
181882 191089
84939 93045
73577 118763
157837 162957
172722 89753
199778 158238
117018 15907
80648 71480
114553 174292
138734 115470
84538 176199
99034 158700
166840 174719
85435 85757
178684 9131
115241 18274
39231 14894
175587 5857
27034 24828
29982 109596
164132 53367
120022 173320
195450 1969
49358 53763
127030 64437
198914 52752
4061 26536
184895 139315
157590 21990
188505 147891
149547 18433
171013 153213
29767 34377
35746 185181
16663 170672
63026 11280
8351 44851
188760 93136
141514 48693
26139 121316
112508 129998
178199 24097
59210 145655
88643 141626
37876 10660
71734 62142
78790 184649
32671 29449
172885 40796
19618 48938
149362 52752
56721 33622
77102 164757
127941 53057
89276 16876
48373 67250
171573 105005
118477 111053
51795 78952
177528 35806
77627 166382
182562 169992
8926 180553
169226 45074
100049 121738
86663 157477
65481 157726
152704 194012
20190 142808
25200 184453
126695 19180
22046 193963
29515 13530
89741 178621
169898 182909
149319 192276
162316 55874
62480 108959
184792 106448
5026 31297
50610 190938
57732 45100
83528 3943
77349 12319
22989 6250
39779 190277
100771 123593
177085 39561
38015 118479
27374 176032
77697 151360
5588 170705
151293 33349
150904 84287
16079 75963
165641 138900
157665 181338
148607 2981
42142 28183
77622 93587
192458 2037
118576 175343
75246 199188
39501 78367
141347 19620
37804 99158
185817 10090
123802 114831
1872 87141
26944 193490
188521 64542
125958 141978
40474 53906
55311 71981
37604 22536
8138 80647
69241 18631
71066 131454
187457 149995
148252 171315
73070 85782
45917 101224
26009 34168
118497 79374
66196 150301
131888 138582
10267 170635
123236 117973
13917 80281
92714 164387
160784 149222
58802 64150
50334 172160
29777 49884
6323 118951
76139 88725
123654 18477
169918 106585
180495 125012
75079 39590
2685 49375
176963 26059
118277 104123
63371 45689
65171 68149
39492 35037
90801 108421
71972 161510
103715 113526
134356 23640
59374 55547
165866 81685
93986 39064
98683 17410
42865 71387
105593 80458
29614 60458
43839 145224
143218 67456
143449 150860
100177 145272
79526 36977
92766 3609
179649 90103
182645 162401
37195 149861
181066 152295
165056 36592
130860 77584
13427 91575
92986 45389
71030 194154
31986 5172
124602 34073
37499 161629
190351 83692
99609 64433
113209 189503
167895 197180
104804 5700
10344 34293
88228 108270
160275 87419
82873 53387
172013 61250
88409 122495
99879 19788
5265 31165
62293 139485
122963 185998
147396 14487
172599 83515
118631 47958
45205 116231
116878 195245
127923 91017
58145 19373
59296 151326
10724 60454
14175 139554
137902 54659
9143 54214
52482 196795
129942 167897
183346 124182
141854 155559
110042 143237
130390 28531
91185 123399
181433 146696
196381 73595
54137 74648
71282 66062
123276 55224
124487 106238
104014 120858
94184 89936
48868 11166
5964 44131
62533 79774
66452 36631
199688 19606
46182 130014
30132 126652
171072 106847
75622 16176
121284 44232
168249 46258
181287 93382
182475 61193
47958 99667
186501 94331
48201 59770
22500 1162
110834 32982
111486 28911
27582 129333
67930 113335
90609 147710
10922 103289
160112 47196
143438 134363
31733 172420
88458 47003
78157 152825
35093 48522
142575 129882
18669 119151
163027 107539
39843 171936
122945 100685
162450 137317
168150 193690
51856 62615
29111 156645
158456 35821
129637 191397
25471 186216
196639 38866
41667 116116
58570 17426
54216 152361
153595 186385
151525 47898
197722 122963
120131 10232
182763 17802
163944 5741
28808 123671
152462 73564
71654 155499
104564 68967
29986 187766
15669 151165
123986 11691
46592 55875
118788 51805
105469 144182
89182 73986
70646 68078
167806 116156
169288 70396
4323 73425
40507 139388
142072 18143
135371 168841
79848 36874
154592 115359
189124 57812
47888 97223
69064 103033
177215 187212
111958 133659
116296 24662
98064 166427
27443 69420
129253 129467
66603 2008
7196 129511
24011 109363
181258 144351
124862 112492
160300 8993
44450 164848
165161 44906
135685 123221
146434 97519
119682 150232
11672 56267
198329 161443
109668 88683
188709 43785
98967 108190
70955 117992
1942 57285
195568 180608
8428 23322
140312 74363
178870 100116
81720 74960
174907 27262
43782 72540
7171 111092
95267 93593
152809 104370
30820 58015
166921 93217
144361 172151
34852 146770
115334 57546
154326 160656
135371 132957
80753 76237
179862 115047
88843 195756
165204 114039
123930 38651
9439 181705
43488 30969
31097 73944
8525 90524
110668 141105
94874 1926
125307 7002
31768 129916
34972 114557
52125 184875
173718 72105
97553 12717
178669 138356
31155 151678
6289 99833
53234 193526
196179 93459
130507 150696
119197 188873
196014 189806
94450 44004
184369 119988
142218 106290
196345 27284
19461 97211
28792 198337
115627 199247
23892 96891
147863 166468
26066 184387
150892 68914
138499 50935
178964 60833
108985 27596
40723 167312
87154 88796
160372 11333
97352 176174
90585 3851
196307 97392
41444 129176
62340 100302
154338 144106
34968 190530
105531 76574
151442 23666
91011 62426
143466 86076
113650 118967
152296 28681
133459 85330
16314 152502
187094 108975
154377 20439
50962 59463
33180 145588
188847 72328
24153 102689
91314 80897
82648 172404
131284 96131
179030 25821
48260 154232
41837 171220
159236 43348
167228 7430
89624 190559
160904 31310
199994 9294
59915 135816
84738 34581
30242 171841
64158 187062
72261 71252
193998 6650
56487 10576
52628 94095
92785 20367
46875 134748
161721 83868
116443 133080
140774 161124
166329 94386
174880 72339
148298 7033
41920 102897
56682 121144
160598 82024
116206 61635
172601 2375
122051 149412
138093 170988
195041 85669
37540 17426
16505 23270
40017 55476
52799 173719
138069 130273
93978 65116
161151 146551
156698 5617
190291 72060
25997 172091
70810 161203
32182 57621
89353 46375
120500 38010
7987 121683
46619 162552
62782 199863
192769 35300
80907 98319
8706 198875
10957 162860
178603 95173
182790 167978
76557 32026
115959 103011
163455 108973
151732 147727
2651 7331
176497 172360
156765 131794
149659 161799
14746 129437
73134 48167
69718 140366
161652 188298
143973 199503
174235 196004
47525 44929
71463 67798
173021 90
154712 160191
168100 170205
160341 167796
41395 184892
164562 65452
103935 48489
30070 41051
172357 148140
18251 169334
191957 197188
28179 164281
123365 71477
60230 141004
18775 183384
164785 125265
6280 30948
48338 40496
137078 49233
154656 92436
154513 70558
36315 184135
80639 65880
95917 152701
143632 180280
58479 3866
150673 21618
150994 57452
77698 29353
155946 100333
163584 67660
134478 60513
161498 140491
108517 104448
53334 2955
144163 61415
78988 27906
128961 32918
193124 57907
46032 197092
162294 197371
146965 47496
39350 155559
95021 119310
139853 194644
67521 158808
158543 108941
83743 173928
196593 126601
143654 101099
185871 124341
41583 89514
32300 83762
151410 169894
86483 116992
48683 46031
8023 115207
27835 139088
103153 93704
76882 38050
19017 566
147767 117319
71864 82911
178512 27012
19991 114004
119990 120361
106095 126845
182242 68195
126953 2477
36530 192022
188237 87875
60250 135330
69128 122696
143113 128785
33353 19007
148024 157846
184645 177629
57316 152896
51651 111119
63397 147026
122308 71621
107020 42022
79524 154842
158650 54542
80733 52877
199653 43635
186700 92367
150645 132975
172580 106184
43636 23477
8750 125124
77149 185172
187143 138584
95987 83118
46687 186892
161513 174559
199562 38327
87436 155978
84501 47564
104494 121399
76779 71853
70459 170752
19604 142687
117801 194185
143435 176182
158609 111327
102889 89489
22356 148883
153542 112780
67523 186107
72071 89346
62083 134472
144040 42640
31962 143572
46191 25698
192270 159961
24211 118129
160272 15714
197785 82893
32759 157728
155353 71938
159466 87401
94534 69330
102215 8266
91184 69087
77039 93339
175311 20931
173223 185293
29182 32886
92919 173228
152681 5267
43898 6895
83293 167614
24107 194410
13697 103897
105559 91114
60783 157785
147537 167549
33020 167989
62937 163215
196365 18942
69920 12318
176001 176555
71477 108846
30466 44445
19911 196813
196588 76795
198028 41760
182079 177700
185574 34783
136930 118250
16343 86979
146406 63416
152198 96237
63501 39328
98091 198375
116312 43635
54754 143411
73586 175567
84981 11233
179309 29380
154605 135536
196368 152079
66392 138144
139449 22364
196970 199496
16024 14867
7847 171994
2770 29927
62154 176666
160157 136366
169448 55418
107904 61847
52457 61825
444 153140
45596 20678
51379 155087
133333 40223
151676 173262
84249 86056
8098 56368
10635 79153
183481 11533
96885 119711
50831 198322
85396 64837
34725 39905
176462 131295
29268 89654
175518 24730
75455 143280
73392 32412
185079 35604
178021 186177
72742 159429
11877 126335
47421 181374
6935 135894
111657 54770
61571 140836
193154 152293
80375 33426
189052 73348
181551 30434
52499 123814
143556 188146
41178 179386
137055 71599
91331 189531
163040 140401
30795 180743
17114 73541
90956 580
153954 198360
195896 122057
190397 33020
47942 158954
60412 131081
64588 143526
177204 195005
70199 192079
198803 23424
165938 17736
68699 42925
195763 75989
196334 35051
101862 21252
42161 62547
158390 125400
108614 199645
60062 74641
187296 159211
190308 153164
119001 51484
148976 190068
97979 196447
109038 77368
45747 148564
117042 193153
45113 180673
113814 193004
156064 73050
177192 145376
180405 88519
145061 96706
195781 66568
74013 12872
153244 40816
30449 54304
178639 82017
67112 31740
136351 28237
114754 103971
139437 161661
165283 65062
167019 190228
68759 30662
176331 148237
37974 165113
60129 179002
26647 52630
89935 52533
150079 3066
174516 125760
78514 97651
196237 29342
138226 58900
197677 18913
163340 46524
69608 13389
94980 454
186940 44348
29698 135137
65033 73815
411 179984
188891 52871
170771 137548
164113 31456
71607 27263
70414 100069
47002 32855
170654 190484
75784 152203
128188 167395
113558 77956
59370 165268
161828 155715
190812 37472
51488 129918
147897 133387
196442 71131
87992 116402
11992 142763
82143 66949
50219 175708
134842 130908
53663 64570
178415 56724
136425 42960
170879 164141
20033 182185
61876 13829
85794 8517
44714 195011
158009 185720
47958 85854
77281 108725
82125 48247
20765 103421
18644 3578
161224 30881
124158 37783
186287 168319
25279 9649
183810 195373
55605 167247
51479 15392
10482 48258
107020 49044
191020 176923
192775 124243
159541 54274
42813 31990
12598 114599
157466 118602
75296 13993
147362 114811
45282 155312
197682 170139
196934 53601
52030 194199
185193 131050
9670 109300
164562 36700
2181 33504
7626 125911
176352 61502
38241 89758
81789 156720
86737 98611
44894 27727
163861 92507
135185 141259
119823 101537
177015 94723
26612 176538
42624 140213
196078 15987
48849 23931
41434 138294
196260 15150
168940 109011
130570 183823
138373 50895
50297 38945
184361 150706
198377 69829
73166 28919
184260 186942
133177 56439
192094 60257
14577 58918
110493 60808
115549 120671
1810 176784
109123 198802
77507 73833
165643 164436
186175 188340
85209 138083
110565 150754
182151 121027
148427 181060
78990 77554
174663 173010
138135 83267
185638 167531
147964 175459
34405 83970
85128 156102
139520 168416
59091 47823
67399 159419
104471 30417
115839 119088
106639 21735
41000 13063
70544 169621
75594 174301
187727 54245
42208 84225
168210 88214
4446 104239
114909 7935
117565 88892
19081 31740
24188 176981
163378 174928
184614 12471
115190 111516
25305 59426
3622 138540
117760 151610
143128 95539
136812 49723
183157 164736
18906 157884
23206 53987
86582 103026
66428 145806
54840 199371
188366 160604
41982 140951
195207 94112
84323 104131
176534 139725
122778 18816
61597 33460
146556 187766
107160 101188
123481 189856
13468 12132
42389 162886
35665 124912
18494 143149
65919 182918
14010 38324
9637 84491
118149 173478
28905 153238
66507 123158
190926 57601
166673 180886
105487 549
42446 55496
155123 120190
3928 115433
70140 195548
48528 125885
186155 111480
135829 12645
73334 16573
157044 109800
136605 43954
110979 25752
26402 37586
149381 111001
166442 88231
198288 188445
8065 45169
102487 89908
14373 63002
168374 75047
39045 103100
177156 75828
109960 13455
156572 188575
173148 99460
86507 36703
70676 155314
154420 26142
50349 101798
110580 195111
62063 42505
191594 182012
190892 183138
23650 33350
1996 177697
99485 173597
26869 51708
79408 172932
119435 127624
49832 138133
139476 67584
50557 60766
157784 103917
91898 195512
156874 188113
97770 20560
92349 54709
192085 151080
159013 15935
174629 94433
154241 92833
142856 139628
44300 63575
127007 191029
163712 179767
188597 56674
16344 142234
5168 96828
152133 77300
74262 174621
53869 65236
72384 133207
30179 198776
125327 129270
48215 23877
6992 23785
79535 145667
168789 37948
182661 187271
139096 165516
74891 151712
67845 39188
160221 137250
14953 58604
18083 189756
123950 92374
95877 195933
145255 76290
93146 69326
99508 174785
80292 10511
193030 8279
124752 197369
29786 113885
115777 198065
71096 134532
99264 187946
146744 136726
74832 57964
177741 49825
56355 184652
58404 8911
171066 31491
12617 199209
166153 153404
92824 97315
41186 124697
118062 20291
98356 3697
90005 87544
112256 153692
196090 166495
182861 130936
164249 66476
121133 149479
64347 178283
189778 36734
189463 199480
107627 98221
198592 46325
55130 99956
125665 40411
28131 6315
54278 137749
163609 152910
14706 183250
45169 71310
77061 57224
138683 126973
155011 121645
44790 112750
184188 141045
11608 142798
28469 77636
173301 182795
50305 175392
121929 66202
97710 191915
189763 69570
91222 198872
88780 74651
59631 62905
13064 70134
181755 58675
181460 30140
84921 112724
8004 137247
60449 160303
73047 79192
18637 86123
29421 136951
124412 52395
114 68111
130354 106602
21849 11559
26901 16299
125636 32480
45797 186028
26516 168155
105121 185333
190169 78008
82250 124281
10593 134771
154310 101399
43421 157294
178930 134711
135021 116142
15390 191914
51065 33601
15783 139900
174315 146095
121025 92468
123558 80595
198455 30367
54420 34204
174190 86553
111038 31550
116353 107396
70764 184664
47908 4877
104219 11454
95273 141177
51576 115305
163888 107974
81246 95265
48481 48387
146902 115158
13504 11065
14179 86122
159337 188463
93454 100359
191683 363
6924 128088
102243 156167
57538 101733
143197 126000
2991 198929
156238 43
11269 14334
6398 82017
188013 107726
21840 58910
47620 185508
104911 139360
80365 61456
113170 743
2918 115512
51657 58476
96501 157369
171144 128343
150112 13624
194264 167844
77770 159354
184970 161174
59130 26205
147518 184898
40361 126440
145142 137018
30115 197502
199459 140447
43405 17692
177021 47607
143797 74186
157633 193097
158656 105892
57129 100089
128718 123798
138390 190274
64735 128776
15174 164597
97446 74019
53852 190260
15245 61032
27986 190901
137992 183781
193770 98018
91603 100863
125601 77363
199009 196996
152741 192448
103802 31306
115524 154207
155857 16494
152515 50091
110999 143922
41412 84800
15038 51980
111966 161727
183690 145633
176765 198297
133696 2295
113599 46337
70614 80313
6338 40276
165066 188402
184015 48939
178786 155500
72720 166511
1546 5338
78805 31852
73731 144804
168525 175253
25909 38872
168039 141993
6833 196338
114198 74899
59030 64921
97808 90058
84900 141957
197602 53716
74628 23397
50204 157175
37064 92047
131336 136077
107533 141411
177266 8325
52854 75750
137845 40674
149295 176993
139847 183332
122470 71189
85553 121114
167643 135106
72390 77701
156183 76298
169573 76811
177384 154730
158340 173950
133771 83767
156104 20701
11371 114638
190144 3893
37815 67345
116823 18568
86719 162651
164986 172267
59903 95106
92797 105998
154925 181652
99808 196129
25198 98193
194483 169734
198061 32867
47086 182995
70963 169748
21226 21843
160025 121434
92226 94349
23455 56877
1479 170559
59817 85752
83791 110558
60561 84569
188045 28310
16671 58343
181761 168151
82448 86435
112643 145505
128033 77714
149164 18641
199716 54509
32756 32989
15349 161279
151328 29194
141139 194038
172499 33965
254 171192
71732 157286
122498 129296
9874 154220
115222 59853
120714 159048
68401 95457
56879 135165
182703 22857
158809 33634
174999 146693
91978 144868
71602 105679
177007 105411
110388 199425
199352 14810
142117 20281
165533 130103
146355 188480
77879 187800
62748 135622
137439 196065
143923 81203
68376 96871
168931 39851
39003 11974
25365 136703
167857 95158
12803 116871
1152 30562
109552 72103
40258 4743
30704 44171
41222 64647
185177 129855
25974 163601
95184 156379
94893 121926
159768 162872
126284 162591
118060 187226
146292 130437
170254 145076
198021 169532
154133 113906
178743 145491
29017 26271
60171 82408
169873 20542
48773 160024
93714 94554
160854 31114
199734 20557
124115 153373
13037 167278
120005 107057
67586 140018
188939 196855
35216 62759
77386 127546
161929 75762
126879 198517
74334 74713
115596 185270
94288 23399
188247 179609
30519 193956
150045 124316
67633 178535
111753 19011
100425 43936
68084 43979
118003 48568
76608 47849
151597 142204
70250 77390
159 26947
115451 25250
123444 93166
130356 106843
181153 68385
153408 53377
98606 152337
124736 149077
74237 43133
153366 188589
195318 132524
72399 82453
34269 82518
177183 219
104206 70964
92386 109679
127735 46267
71961 10953
31278 158314
102152 47106
153629 97747
75607 123144
4592 2556
173826 42214
104279 83104
56429 41000
135737 198311
102807 29872
130204 182539
120542 23220
88641 184433
20571 185731
184361 161771
28584 188925
137659 192287
38969 110979
123268 12481
82965 40216
17911 178991
58241 51203
157225 146509
51110 85706
180091 133196
122354 38385
112185 89511
100069 19734
139924 53423
184944 89400
125449 104506
175922 197270
99069 101576
196099 120119
173140 59380
137741 167237
71783 161508
159617 23207
45247 65142
109326 13070
93402 50285
192510 148685
39634 176855
26340 5479
1589 128826
154339 4919
82921 95656
171091 10043
93579 118141
24664 111918
161004 73008
3572 123218
18299 178018
187559 17721
173148 54438
96148 135152
166646 36291
12927 150939
80693 136118
124554 146192
57562 89046
9989 155000
169949 125611
23720 26802
115989 20395
53898 77495
44823 74566
89142 163668
98568 79608
146975 163950
186742 141487
21664 96379
107678 14685
167521 84997
11399 185916
23618 127338
11066 62227
32092 62310
30579 81352
169545 182579
166024 133836
89879 12029
30478 96071
64234 157052
170405 192513
199419 50454
123955 187123
170932 130581
88140 69337
82009 130649
141632 197222
187825 39587
53075 83758
98159 183634
154893 167006
31593 27141
5108 34286
84569 20247
10742 100601
157443 37644
96276 11978
174800 175849
84473 83750
114784 127751
40457 188625
170458 197521
36801 61706
31530 25411
191560 116288
170359 27977
71413 15294
183997 182690
193038 113013
196911 145545
46426 11315
37652 132748
122906 182915
188986 43778
192893 98092
165588 14281
189055 194570
141014 69315
192217 11485
193399 160796
156783 41566
14699 186582
55202 43820
39006 164645
179039 71712
46833 50312
81458 92460
41806 51161
103955 127665
191195 18124
71935 106319
23607 55875
86349 164487
51267 151219
85732 48632
55104 146403
117773 68255
63320 120533
21128 95674
106302 178253
27059 114545
123530 163316
60669 107755
5877 96799
119722 83063
112665 112579
62699 166224
197436 17426
22375 35962
133447 59206
60319 127023
52040 18679
83820 66589
40579 180659
47981 182198
79087 92411
59191 54085
165931 175396
147431 89754
5249 88077
53119 190701
50816 80425
23404 128425
195807 127233
195883 112295
78267 140161
64866 3551
198609 124669
192006 43814
131526 135358
26103 186080
164177 94426
196997 55554
147993 185163
127863 144688
14696 60734
170974 130192
25898 74114
99864 105609
30035 64660
18505 90870
144915 154075
43029 138504
126967 63471
161636 151270
78413 152869
79361 98428
68778 52932
85273 10800
94086 129914
136851 114013
132552 144726
114677 42974
107527 66082
119512 23959
68097 36426
181347 48775
161583 177071
118878 73339
194902 79191
126812 121104
145248 67108
149210 185597
59950 137938
78863 74314
107669 120831
151761 22427
189622 183999
145755 8839
70 47303
188715 18117
21312 35085
94559 50490
74341 110777
135490 141494
197070 176879
54632 127419
81549 145323
181497 80540
100079 199383
153682 80377
77990 195238
4020 69186
144352 94483
28185 170739
67730 71057
33531 157264
160696 34424
61740 163133
123936 36387
174067 129409
186982 160079
37060 115582
29365 105332
124508 77226
46984 119370
79515 63085
111692 107301
132435 106320
138031 135917
65117 78931
15179 154600
173002 55571
4246 97604
82339 115324
164334 49934
37071 78163
148976 77645
106240 101507
108855 61690
6277 168107
180952 146865
21637 55692
174699 40483
100382 132342
124714 73915
17134 25341
157580 92976
199419 184296
55414 86378
183859 128250
164787 151186
90766 60938
172181 111298
46063 192534
54846 160808
139058 171719
124841 75676
117435 85791
132693 47212
21306 18850
107531 125708
78887 198818
59212 184578
55241 195043
134703 41695
19267 136126
186065 190616
189819 57573
155015 156696
173639 175886
150601 138121
40831 8972
19443 195311
16800 73706
102204 42936
43880 114201
125720 194739
3059 105257
89508 89894
117203 143855
170883 108682
78271 106725
147774 154359
158165 194888
183872 99659
56450 46838
137507 37843
18541 70681
159403 127891
109391 109370
103925 34489
110129 84647
150220 158105
148863 140302
93475 158645
135948 183698
65010 83187
136280 31358
65090 93949
186088 68020
130210 139139
37136 145359
99939 71280
180592 13554
57733 34403
166945 108249
101668 119935
4519 30088
8844 146549
167484 62953
154752 116555
81634 166445
2078 128763
104749 60856
9809 34219
193017 168454
57016 197743
55158 119268
60510 186405
182594 187810
14945 140234
133391 115546
178255 2903
22961 57202
55745 30202
125462 126383
96373 82403
104711 21026
144564 140933
7485 79074
78972 29625
113679 26796
181606 14820
194177 95704
81191 97664
165308 26282
47814 174058
170002 8635
116662 132777
161530 27850
16752 14638
173173 99949
65569 102754
169626 165112
22526 104053
171550 54665
13557 43031
113442 124919
105318 4665
43353 89403
63443 179139
4768 71140
118609 156022
71379 64476
90529 83518
189350 173924
67941 90667
191889 195691
134233 145184
49231 125639
45226 146081
47784 25521
121909 119495
31198 198541
53966 16918
182454 188729
5633 156407
87689 23689
19022 118566
94274 15980
41165 46745
102473 143538
120467 106570
188438 107715
64302 67825
109601 119907
66808 193722
9406 124727
96237 175436
61503 35788
81961 160690
32551 61349
7205 83480
9662 31557
135832 19990
72363 93420
175937 145695
153100 193269
86971 155223
5962 150533
27818 10070
93888 144213
10293 125558
56402 145733
45657 192927
140230 64788
25855 87094
54905 187547
178681 83639
77822 97895
89248 147618
192609 115138
22680 71357
99091 164998
33281 95578
101610 83494
51499 113757
50184 14675
78567 63525
5254 46838
81777 198713
15436 119413
154150 56061
88424 163489
88061 129919
59474 93851
32835 113224
143457 78949
13831 161244
10583 55840
18287 30384
86882 56529
15843 164019
20645 82347
97980 148259
61592 95320
15017 189982
193214 23517
65636 48963
96678 91884
185088 103997
40905 185163
171707 31869
65240 143049
189660 106892
153704 14722
113523 196163
102103 69404
169500 197143
136467 64241
90336 184107
155783 69239
135506 65488
34495 152939
124784 171400
74375 130468
174235 179537
163736 189910
38730 59382
74461 2971
111916 129250
140828 127249
10757 149520
22338 190750
97204 26366
158447 138812
85355 140660
112353 47073
58557 17115
132557 135918
114412 140506
104071 102782
85409 36137
172218 66759
194075 41090
89298 137610
88523 179042
20928 59736
155544 133754
18833 132729
135294 118949
55124 71272
38086 2028
160064 11379
54929 184868
71992 122249
46252 1154
117655 147377
110796 107757
14928 110371
189462 22502
102433 143246
56913 41665
2594 167564
94508 88074
97685 161639
127153 109540
109447 8532
54108 170226
8303 144901
139096 77966
73725 94828
108587 117940
140036 46143
16252 172300
76183 57144
138753 49601
42451 28693
20584 121102
178728 181888
110276 165619
129034 77497
30842 117154
14304 21009
58873 190479
21137 347
117401 28086
87034 92684
62923 139181
30581 42425
106294 147863
79885 114221
65865 93046
91486 7431
146527 66463
175894 93115
74746 118493
159164 164316
3737 177177
69640 170313
171354 110859
23394 57196
337 164474
15148 180618
75384 70180
129412 18752
71753 59834
103139 162191
91688 171312
58464 161775
20760 95100
118516 90260
136990 126039
133388 60324
165580 34660
124685 150888
104454 40091
134607 20837
79168 75074
8716 192372
67381 144091
50000 73827
116765 17130
13554 31790
40477 18421
141433 150978
96460 12842
76039 52540
63923 76439
39278 130257
157955 135417
73105 42343
199658 184851
91335 4391
182489 176300
22640 129071
57232 596
28725 3303
111378 151755
151736 17788
119850 105863
186422 48177
191907 92971
13691 82662
72741 139801
82818 33539
69160 83495
583 120561
38112 95694
148963 139246
185299 97375
117224 21432
190478 182008
55285 9950
106055 25797
4054 23368
2001 139799
43745 103265
76850 161162
46917 140714
21575 163695
54190 99044
166224 115240
45759 112912
185412 46350
155832 94445
79218 12968
73922 74300
51341 7873
80398 53418
143165 180702
134500 137839
71797 95651
138749 85411
16173 39198
108561 173229
173325 19904
101925 119875
17815 124606
185587 105875
75791 40089
45128 161780
128725 117964
129354 68103
137810 154574
6501 3731
128289 193522
32879 192660
156161 183155
129726 93076
123672 109291
140283 111561
161365 54258
154768 154962
161459 94910
37594 33074
138268 50016
74940 164470
180566 186853
151593 63006
71969 5801
178982 62736
104505 9041
125028 33180
164670 149295
199181 376
175670 154476
63322 149443
164918 94128
174090 185647
139899 20650
46513 55894
21376 156932
88293 169498
97647 144346
1454 176746
21160 177537
124150 88709
43342 6389
54006 171174
196070 196154
24912 173234
187135 151814
8111 109977
57913 123282
172136 104969
133577 175115
29584 196474
27221 181380
1671 65469
125071 15729
11186 165165
160519 175425
145029 55558
111241 1416
4332 14079
25137 64121
71485 155513
121849 149749
124693 52263
155519 196714
175520 36666
157257 100020
29742 110536
63107 89800
194249 7037
195214 162945
172882 4966
148691 11126
151469 140631
90920 112749
135212 73536
158103 197495
99865 133344
28165 89264
133742 129172
43506 47327
190294 52544
198801 10355
119472 14665
5314 24680
167166 168297
88759 88008
153719 116142
198736 164545
108523 188302
156417 136893
34703 94010
56317 165564
20056 100541
110503 64748
140843 20329
123223 149367
81667 23189
178823 78634
25790 161266
135426 11729
161548 90613
127811 121273
196414 43104
126990 60933
125364 111202
96843 110306
57792 183344
31747 31238
13811 175245
137537 146219
182492 112311
66085 119747
22597 167102
17268 55447
116660 135231
97552 49149
51932 154741
161788 37775
143762 123625
56180 36676
147312 163687
84854 8862
84660 37123
140928 164047
100265 25347
115664 11201
191862 161055
40067 152283
185962 148543
189201 107400
10433 37564
131402 83299
187333 6452
179505 22137
55510 82044
132398 117940
42021 176316
154442 139958
36907 85197
51411 175009
181215 193287
66014 171868
92108 25824
92094 158173
180596 152718
21445 131683
132524 182165
39689 34318
161532 77451
23422 110894
90519 141052
128355 18516
99285 160606
71829 57253
101140 57358
36743 100162
47030 45956
170132 85466
104349 36469
118912 51436
87092 72821
57290 122651
100056 173355
171825 66436
143178 69286
1430 16909
26262 160207
139042 94356
20898 17920
199363 15753
129484 186231
7250 117291
17877 81390
186628 41587
25729 72462
62157 143899
149433 146400
75155 37529
92130 57233
56495 135611
123542 134487
177404 167006
180554 79847
175682 93813
168588 185548
169185 68209
22435 188341
39339 55610
14120 182961
83671 88934
61188 180500
3153 114770
148780 146018
101994 132497
86630 137478
16908 194983
33257 92957
13240 18968
175931 102276
21385 115263
99326 196083
170801 88912
79740 111123
190747 161818
68829 10472
143935 83476
86409 113656
48562 124542
125403 7133
138114 32265
61417 62837
165517 4335
136779 181690
167533 12263
16456 94716
16823 41696
186359 131814
135567 33872
199972 161811
56008 3126
162981 53563
186633 51772
74847 42491
195538 38364
98177 2685
6440 137947
38199 29566
36332 54145
89317 55148
93785 6537
123333 176334
169148 50324
183677 63160
7675 26589
180991 88160
15815 14029
115766 115448
36443 151918
336 21091
26894 137063
23046 98072
70015 190361
12976 120153
15352 58634
100161 189215
129759 5051
89278 91311
33386 47658
158092 189433
191307 67101
137097 165206
157167 141114
102230 68326
129804 110377
98046 57478
168823 114309
26016 110997
143957 34043
150587 196389
72309 67940
56676 142137
127415 100346
162068 29362
153338 95149
55635 31009
172540 78264
52112 123430
186936 21824
43227 180366
156760 103214
7897 43442
112019 19578
5908 26100
172921 145241
105693 45943
190602 38327
175864 39583
29140 3792
145757 128550
115173 136127
135571 11005
98208 182201
97027 27880
118475 167767
20175 157145
28874 97339
180850 61065
27258 124234
146250 165783
152092 109767
139877 154451
194315 44710
171450 25940
27446 79638
145840 53048
194677 71831
176981 144738
156628 75614
167525 69459
149424 139041
1412 163692
125084 93358
99309 23443
78650 12903
157164 159850
14647 25837
30229 83845
35693 147788
6539 72862
194648 53850
42901 46110
88929 190890
29555 82905
160653 53779
53374 66444
66053 80775
101004 199858
27117 128807
59852 117739
23974 153270
134158 193743
156564 31812
22779 145532
87402 8968
126261 18703
163338 19979
19787 40395
171054 23493
125611 85445
39630 73668
18286 141017
196384 108716
189986 67747
147230 88574
2481 80282
15760 198437
103616 129859
151943 434
117243 90848
22910 184705
85763 44537
82230 146285
168377 37977
6277 165747
152175 131836
27816 27752
109803 34630
55567 63250
141685 151148
148678 137080
169364 163703
160848 17168
101472 155989
108308 44213
26691 192097
166916 136369
185651 68408
79457 181189
58058 86933
103253 10879
73995 156594
19770 190547
180516 124448
174979 195160
54452 140794
179226 172462
55787 21942
43902 128817
12179 190019
39333 81147
31922 179007
5252 114367
56127 7233
158454 54080
75313 114322
56527 67180
125209 26827
76243 76294
4494 79390
58898 17752
137230 59047
188010 16102
191659 114881
40246 77781
34844 104094
5578 150835
162171 50819
175870 112625
139155 110489
191543 181472
13685 62264
97004 169534
110770 197143
62898 109622
19478 159468
96896 172273
186436 26167
191713 29865
155493 197312
198081 65088
143087 47055
157075 182142
59812 180106
30467 100817
192994 42867
134003 185926
91128 39900
168372 113826
165648 48136
135074 56724
77135 174044
975 135878
143864 106540
108735 34307
23065 129847
144995 153145
188728 51247
6395 71306
54720 36688
50074 194059
85095 65023
158689 74173
94223 159054
153816 68658
176332 54709
66007 61662
26016 16448
197763 101206
33658 128127
77702 29794
93395 131198
26510 154766
128820 2885
66196 128658
30187 15014
33035 163120
131319 179461
86492 17738
86554 183805
95986 37220
98722 98026
16533 28522
72170 2935
95483 9853
37133 119926
140771 150006
61522 51055
29641 23970
12473 5218
124482 149432
36994 31345
85364 60589
121453 62863
126535 45344
33085 43976
123883 1183
71193 124979
89064 129461
85332 131646
66248 90186
12142 165659
53667 31199
73211 71178
130239 49389
103270 186040
67483 78757
196540 16785
39633 36560
168631 102520
922 36249
147270 152142
141243 18830
130715 197626
24344 193863
163024 2262
199093 107676
134490 4552
176223 144640
15823 66130
121745 117655
148184 139424
29299 134219
154642 197034
122697 107546
154149 18276
66818 24070
33497 44428
39559 86016
156610 97508
141035 97194
178684 122033
107343 30146
23414 22262
148857 115962
96750 131372
2018 19565
114747 79519
155523 73777
86494 193161
56257 18755
2182 170984
66466 84297
58215 110459
37395 184708
194006 1235
182770 68880
164433 153427
7675 80178
66960 35969
150183 178522
41234 69465
82186 47946
83669 69986
67579 125060
145791 93154
16146 51604
62332 122520
135993 125514
74672 182950
32338 68462
171447 165375
110507 152828
153631 60559
126667 155456
73334 98066
48385 81788
19006 79855
179238 30184
35068 117623
99969 47378
126398 19260
135091 163097
146441 29701
156704 128579
150196 162764
3247 2946
12169 36642
153261 73114
117981 191359
130533 143444
16507 149759
168141 93269
190253 186699
20406 37172
18224 132240
117172 120985
116933 56199
149630 25501
162791 52057
121334 98994
72414 167507
78151 617
42268 187679
48934 50376
154777 109202
54952 17494
147537 2859
182167 77985
71908 111821
197056 98667
130087 21077
130382 49103
103652 61059
161850 62794
36238 189254
101031 161815
168350 81167
120134 160299
34250 33804
53397 162051
754 88847
30590 116913
160138 197908
180381 88486
100659 168060
168474 4698
149963 142440
114126 72344
161161 41147
151836 146093
54657 148778
35350 56353
144614 106255
14670 165734
32007 58259
154292 73043
73350 39830
27587 85217
115727 23624
170327 107684
57430 8084
88980 198265
170049 65777
41599 90138
193241 71450
90485 177727
185127 191753
87217 57704
37382 138301
30298 77449
16676 56407
4236 181492
86909 128045
3311 186035
183171 79377
182580 96144
106315 110448
108790 113140
159987 189907
168067 10080
154550 108652
20833 71503
188701 126174
91768 94616
85944 38978
167577 142479
47997 63897
58624 56156
112296 83162
96694 51893
9121 84599
100418 118996
137584 25786
3993 124309
195684 19786
157077 197263
102715 135503
128672 174701
41230 188730
21069 63764
166672 127532
58488 190517
118045 141957
176246 135221
24598 15476
140897 164088
14557 161010
143414 109869
76105 179656
127463 83224
130690 169556
54658 41601
8040 49556
101405 37430
36908 126015
82206 41808
12678 180022
27135 5738
114581 157870
93534 42119
97731 8726
124787 73381
125343 165273
168800 59836
39771 154972
177711 166426
188461 53366
15934 83372
113588 66316
109575 144416
55250 131065
48454 109724
18248 68995
17186 32929
56761 22554
111514 113137
115563 112239
11939 51706
199847 165271
58903 175730
4856 92852
22208 150651
4487 39861
68512 100633
140350 182583
69671 157714
30628 13054
181112 72430
45875 89858
144486 132376
100785 93676
2568 118489
14472 51747
134573 13847
139349 156058
72006 168964
174251 118301
39301 95951
127295 118914
129657 182550
137101 104811
108227 141836
187990 131606
180154 145718
119601 66914
88202 178613
81340 83626
160304 141976
85817 72694
101337 25737
147722 189898
142815 195206
136270 27507
19572 72979
84346 170298
63249 78142
44917 109768
39507 82725
180443 55594
85162 181787
126717 132205
25071 123859
65729 4522
192478 23385
71884 195977
81774 135997
24878 51422
157671 134317
32169 118358
158176 14059
14731 61761
74180 2422
44633 161807
105295 142707
178249 104216
166184 131184
50141 67354
54777 55900
19421 194086
14368 69152
110129 11237
93633 103642
41738 134150
102898 99757
5162 190389
156672 106256
798 162207
23108 46115
11699 128001
116957 107261
87402 33055
90535 10574
122442 198289
87889 40448
45946 179038
35114 26825
156766 65857
182470 163754
111740 7165
17374 150792
171496 164606
188305 96698
134480 169804
75697 50290
113356 195151
49345 172569
11331 81463
131533 85743
8775 160805
108951 137600
34246 149368
71337 7108
111750 183532
46813 40804
151851 15545
71778 120346
194669 110220
43830 91926
125587 173488
176525 128538
87351 127255
57515 78109
86537 78212
109305 111049
105899 145798
25346 23450
8832 197243
68599 185130
27423 33742
32930 176299
23905 80232
56816 66130
89553 112344
170077 69858
141432 134689
134888 129595
23606 137002
34649 73993
122488 80766
111488 162048
9912 24542
10521 68280
84265 33398
199470 189158
105037 55049
171448 155437
59139 150851
158657 197493
16474 126484
69103 8340
188035 67274
145496 155269
132466 37469
54605 45787
160538 89887
79005 133774
88456 172111
180170 135028
110989 75734
153001 50468
169774 195781
158897 109309
3285 186050
170227 172686
69885 22123
114971 96513
118157 167251
183241 57061
24617 49752
52129 146667
57988 183073
187363 50459
128867 26447
46798 79490
14816 142074
196851 93693
33819 42680
64091 179708
169091 173505
131692 190917
191566 84620
121752 26051
5033 131499
70369 60732
171941 196726
53819 169123
36170 187813
185667 42465
124368 105668
32406 70876
185607 165367
95628 27566
19856 58212
148280 27707
102650 12572
72939 164022
187757 93086
166208 102945
19711 4605
20237 36296
45068 109467
76221 103116
73686 47402
102623 174699
25454 62858
56691 37203
147309 73752
23615 9882
70481 90609
165569 18706
60915 54863
43334 44173
163719 81105
182385 169929
170191 177338
136738 191912
155198 55976
139981 116369
163376 98274
48785 147995
23648 45789
124926 166488
170282 70219
114332 21538
145494 44748
54518 111928
90427 106259
56562 70481
171777 156690
116484 88451
160562 36757
122894 85117
42453 9721
133616 129003
181072 129864
117590 190237
47645 165416
24825 127192
192756 101182
165360 167318
119284 168807
170447 77469
28835 184458
177577 2084
133585 189965
68283 163348
189014 70753
178459 113622
10983 64224
43244 114235
10333 9748
164511 87727
106090 111161
152627 146405
181112 66509
185518 102333
116591 49747
20453 42082
63372 1795
116358 163635
55336 174232
139683 123645
24466 16551
135171 110672
27226 54724
172630 56454
135128 134817
64581 174090
73212 54508
67608 134816
184980 184758
76881 39068
112462 109156
107294 73033
161688 115141
131066 125445
77054 36740
1984 59235
140894 24998
86359 115794
121168 138156
38722 75280
20387 195490
159310 173951
27820 76398
8603 8663
98944 21008
193139 135972
172839 128959
117615 125377
19968 96573
52257 34625
14668 168424
96405 13529
145982 30746
74203 198683
176966 47595
39524 132260
143709 198048
97129 104683
29597 68409
137458 18903
109738 50568
120986 179572
140661 45817
6061 173306
55194 191208
3453 127095
194008 40717
88948 109958
68227 146887
55697 56872
10771 191731
10408 122977
194989 193211
178652 8322
125878 35943
11623 119135
112630 107485
37108 173832
202 170589
27489 88287
52082 45549
161581 92099
94707 117200
30878 7432
34825 158076
39552 66278
56958 97514
193941 49040
34378 103902
104218 155552
107930 89596
138451 166456
143310 60371
140726 99465
61431 39770
92154 74576
33487 148517
109017 52663
187719 158004
65570 115773
31271 95247
34722 135730
141610 44211
152934 127136
132644 187963
167643 121136
114903 108750
161120 168644
79666 73108
103796 108441
83587 99011
73213 1886
122278 112810
76409 166080
125927 150098
52725 160447
141386 126778
33622 123036
98112 176808
81704 105593
115417 61579
53239 127914
189084 126754
136761 14709
44281 45718
16392 102738
198910 126893
66462 102214
48821 45838
109141 96771
58831 102868
170172 28079
159011 193180
54681 175073
76390 30829
90556 144237
70438 72666
119054 156744
21575 109417
90842 156771
97538 75061
140949 186244
177536 73663
166579 95319
106448 52729
14458 176244
70043 110455
34907 96020
72320 92954
105620 176280
129711 10265
48444 46310
26522 132606
125011 54430
102859 158751
99723 124212
160814 52482
8089 30813
24411 113498
93174 49038
63211 25089
181329 123542
84092 4251
189228 2480
124384 173427
62838 81960
164500 119650
69832 167345
41216 99683
172012 13310
67045 189916
161925 170697
84126 174005
165841 30214
89661 195530
28794 51196
159160 88312
193005 22674
95148 134384
47253 29946
67705 146408
191923 153396
105601 40417
83033 153515
187512 57163
131208 160222
101853 184866
38956 44643
82643 158134
127445 90636
151277 87542
62004 165622
138234 15159
193482 98809
198863 184939
170993 78009
111690 74784
15221 176268
186002 2411
92534 4484
36203 128383
5342 183625
168517 180397
99990 154156
151793 64056
94084 47980
18225 155236
29267 199158
197589 106539
153041 128913
87634 22295
135080 47171
23583 39528
146928 70815
172805 125817
191785 40926
94884 124611
66461 88547
75940 34932
193256 31055
96827 56551
63326 29851
101406 66874
182809 154513
192272 159
140646 164257
119296 110763
119092 88805
156954 104491
193212 194318
46291 64365
173629 104814
116414 178372
75305 97030
179937 87234
154699 178891
115050 139505
175219 92189
66242 163575
103280 108538
100275 152096
125642 6070
169347 29284
164519 91049
172698 172687
90982 73673
5436 195588
50424 103527
78525 85011
630 119057
110430 53629
175024 77609
153801 64191
37875 76343
139301 96963
188413 40733
174527 41769
12668 181245
69038 13401
80996 89668
173366 74885
30296 21658
7534 104795
61506 148886
134575 42280
136858 34986
143802 9048
59465 17024
8092 133354
137010 141415
177232 102297
110347 89743
127820 63447
11193 136169
165440 161965
157677 32374
18108 152690
148221 84028
25165 30594
86141 70467
125558 50318
7257 193883
35413 34410
6465 149799
181779 86133
144279 127685
123433 65359
123828 83137
110203 137323
196660 63868
192214 149447
165329 28473
104688 188601
172610 193360
196269 2082
166234 31971
153525 133500
133800 104416
36833 96846
92908 2436
17765 46133
27325 28101
175521 32067
4213 18069
145059 176863
124517 123217
62857 137320
88179 55044
148346 138437
157608 126226
97996 143246
37662 145397
33618 87026
117676 3588
174200 66892
40264 109713
187705 128693
137712 132339
48102 42448
122003 72382
83982 179136
63560 125964
110658 19093
79789 140751
120990 120552
190689 162895
61075 45688
51042 21656
195111 178946
34431 65175
59565 56641
111823 18829
14285 168920
111287 6205
161316 142190
22702 76876
164341 118182
82479 37230
89834 140868
153125 80838
144604 169564
135827 60494
195623 183071
72754 22282
110122 78981
158784 95733
73052 159403
111430 22112
67011 61992
144030 165233
8593 1878
109949 120901
29871 92977
102928 48657
43176 153616
54226 105497
100634 76919
87807 158960
25557 104733
42094 9147
160974 100410
186197 140741
140285 138147
38575 70606
28641 70219
166277 106410
111866 199434
182450 52555
102146 195941
72620 111747
140721 92658
32591 160293
65889 180406
171170 167029
160574 184718
99253 148546
182630 135390
107818 50127
160848 62230
4808 72454
138604 150204
27250 158891
171800 79323
73703 5903
91163 84978
62697 134857
131069 61334
37561 174733
81565 192263
48689 76119
100761 186391
107339 111088
181226 83204
143505 160170
48437 152744
101982 178666
149553 47830
46469 11264
12089 109838
188984 64715
40787 175924
138698 25929
30060 143016
47852 76098
115190 53341
45138 29817
109748 145210
51520 94451
123447 105801
158069 1093
98337 18442
12254 149124
7864 147541
187868 122515
91436 181710
144448 95297
19889 156933
169792 14240
146530 32724
176225 155663
139536 7638
25921 158438
137397 114104
159086 183914
15877 198534
59309 175140
163811 7455
15779 60026
57880 102303
63924 116154
160160 58984
97316 177466
185296 87579
80365 147016
62156 101322
105153 60640
129686 125571
167171 856
70483 190889
170168 59357
122565 146544
23340 181312
171165 172446
73063 104177
35160 19204
173448 18087
51093 179793
11673 61474
134915 138823
71933 165523
43769 164770
176082 113845
54686 26802
90192 10061
185114 12857
166841 116797
137100 69551
63440 30245
85012 118611
44536 156059
116315 191481
194249 133564
191497 190910
91961 24980
41783 63713
49105 5517
138750 7801
151525 89655
111723 98604
32573 173189
138036 42000
35208 78806
13226 8269
61815 73117
38198 70735
21142 14
86403 72121
144428 50492
10234 127347
64265 76551
115458 187815
171767 18910
143667 158409
165663 175143
22795 85951
114590 34376
104605 172961
150468 26538
9159 83620
117511 153679
182860 170427
177123 130125
44346 87511
172809 140835
134753 102699
46783 93143
38177 180957
164198 111699
171312 15403
156448 177912
527 133752
196588 74176
161203 100569
32230 184405
129039 12964
34230 74241
38567 111357
97964 134964
42513 157385
47254 88365
42296 29422
173531 92975
82160 111011
184547 152929
36717 77618
43745 193639
188287 161118
46427 113795
134116 81856
4152 69619
163507 162298
109519 10912
54123 5057
148431 45383
151663 164851
113433 81564
44859 78834
199330 95723
86179 186315
63096 181649
163242 107733
7214 16474
172084 174502
68883 83702
184903 81361
147887 65619
44263 193754
98466 63606
194423 179648
106387 98053
141434 150606
74498 59027
38460 33437
160463 43968
169888 51705
86240 5296
55865 26665
89717 177592
50432 46367
164964 17768
109634 190955
134058 6043
198520 17323
50071 69191
33103 177633
95602 73705
135659 58197
50556 57837
97694 1766
64462 41017
184109 167226
79679 86630
82740 91019
80769 166867
71291 42908
66170 34546
6209 123701
22839 177214
108407 87565
10882 121609
126945 176346
141233 118301
28280 86331
169864 138613
138084 5687
118945 55781
168567 115183
31150 81077
113438 31033
159625 105446
111813 17653
38400 20246
175915 181028
71696 21098
68470 188333
79723 198469
18366 81140
89705 182492
105379 93138
13236 129075
97386 102336
174433 67009
162890 88072
50387 13147
79913 109692
190105 31834
131174 78329
58340 50467
199294 48446
59569 191183
74006 158040
67142 27261
162546 58799
160852 21663
70423 29917
54513 96737
114883 108307
167503 130062
99140 29874
155926 108730
7316 124129
156627 82379
107930 1503
83167 84856
85192 153084
39897 146472
96179 64011
174385 186308
36481 49762
5167 4155
56024 29011
196204 138796
126383 169154
93353 123791
87683 110912
190107 19884
80601 96888
94920 112597
185947 171526
180573 109131
139834 125253
102515 4953
3494 135088
38939 109634
175964 95910
93034 144329
169880 168521
53101 18732
174380 110580
125530 95835
170908 144094
166871 137450
124817 187498
111084 187642
163667 105658
21889 57537
198231 13987
116517 52212
58768 128949
144394 137545
59932 50011
133785 94391
73067 109936
5929 168896
83160 37960
115690 107745
38373 104486
64614 169020
161208 175323
36193 184539
187454 67415
110861 115696
85433 9639
133021 115611
175626 71432
79583 31014
5067 196644
157657 64145
196747 44677
43443 8944
97510 76970
161892 13849
45779 87486
14902 14045
158145 186698
134752 164847
112619 169873
171182 171013
128498 73378
43981 45358
72399 133151
15514 153225
13293 174173
85233 22743
62863 11265
52351 122432
151172 189630
129475 6981
175464 73561
38741 31226
105251 100833
117485 14874
23045 162265
163464 5288
101240 15245
1098 92500
92255 197529
78082 195471
14698 2089
163251 159391
176830 56244
14119 76742
145210 100213
51166 12957
49550 84934
158532 114874
31981 100019
80126 31631
54073 20328
160191 67520
51076 130686
121982 10869
44668 5808
196164 61499
151542 193586
99765 37226
198288 49748
157736 115759
173815 8185
74097 71442
54003 37043
129249 65649
196473 6823
26634 78415
102674 143344
15518 169445
154670 128963
4291 115857
104392 3845
108833 27904
37689 131964
143190 195417
45032 81346
148514 111391
19367 6939
156812 157382
153636 100059
93123 181109
32084 124093
159503 98088
189070 172192
131143 55818
35044 186104
51623 178891
139188 75980
107026 53164
38196 42334
118907 125862
95731 120248
87497 138706
196859 11682
6043 158786
75428 119741
46082 158845
1972 197461
52044 23198
42612 38319
199542 14647
20649 195778
94894 43044
174662 146346
80303 150975
179987 134574
88808 162502
125806 73193
76093 17595
12829 153170
49783 69884
38450 77841
111988 155859
151944 30076
85333 131278
77105 109254
89259 12282
81917 121475
140885 4114
17201 175855
193464 70205
111307 129672
108603 134905
81271 1193
27758 30316
41646 176858
89453 90365
156478 167614
95173 36822
111321 65832
134502 178067
189431 34014
161865 193281
79744 130671
13104 167228
95023 4221
98717 28109
98564 87459
64890 126730
155229 188726
24286 115650
34138 172939
94533 20280
168264 29865
26057 13457
48694 143166
164892 46840
169390 95218
81245 106001
31722 70246
2308 7451
127098 170437
48600 22605
29460 63727
30036 25690
171806 142842
139588 46011
75460 135045
70737 146390
27716 34367
98378 173654
28567 48534
162151 134921
128081 40389
22240 114292
115791 24608
15768 1432
172194 151779
191315 55051
179201 94476
181181 96756
29559 112605
131243 192087
48453 59964
57276 176595
43458 141562
77241 20106
44667 90206
35376 158472
151891 184434
113143 150647
10659 24956
55942 144109
177404 133095
115490 13690
143659 78823
116528 103184
66624 153158
42952 38709
105601 120200
86288 14775
105808 116609
199549 97505
177813 15306
60095 42233
34227 49942
3278 169046
172007 54850
78059 42442
22028 15156
95137 186649
72075 54215
186353 89386
93106 185115
10403 185148
98005 107365
125543 91537
61336 149334
178818 179653
161629 148135
153711 3000
78440 124738
143983 96546
64372 32437
81027 177153
95025 127700
181881 153722
148693 118806
78290 41781
189771 102745
142902 30720
15155 21365
175523 183033
115923 46236
165171 109302
77918 127764
115141 18471
123916 33711
3455 48570
132983 43977
197298 123037
13306 20734
129442 122275
77149 171739
98557 136246
118955 24537
186749 73352
71755 149846
43211 15133
95055 166610
197582 69956
45535 122210
42100 40571
65001 96826
122370 42174
121664 39087
107448 111462
33525 179618
131445 43208
133057 57604
180848 128020
11242 82390
153105 85998
103529 191431
140334 72339
129083 70068
195230 64291
35940 185038
179014 86645
129194 99303
113065 191888
42199 149525
177871 161059
66555 147068
182834 49588
109672 118447
197051 56698
92831 88232
127873 149612
113179 136215
33961 41730
14487 87958
52744 186240
104396 132024
94344 38215
72103 117629
151860 54861
107941 78985
99559 108117
143799 95775
78977 121783
161977 78550
124920 101539
2001 188340
193939 109765
9180 24597
176867 108896
73787 180548
151747 57971
110379 105102
59177 169951
57238 199403
134552 77664
134109 107525
63988 185574
160065 134359
197335 189960
43634 167034
111853 187132
57678 150446
131719 147880
125226 79369
191292 178628
149102 118302
141878 176273
189224 9536
108127 112396
7123 1312
190209 38112
171984 50424
197158 124805
157519 20685
139573 78978
134457 70841
12104 181759
154374 128990
11529 27710
2063 2714
69852 136754
18675 41202
56669 17234
142827 99973
148939 41172
61902 55725
7408 80732
33452 169733
25323 181847
19563 76641
137294 197611
134589 33383
112393 176833
119396 64241
112579 150248
124413 131916
57329 7564
62763 46200
148274 56042
192330 72420
35735 23338
39799 689
67004 137871
25809 187566
30720 189515
66257 9443
40641 64230
30664 73871
56907 79563
33626 5281
168578 116414
17612 194443
133041 25389
107232 127651
125785 149689
80036 136906
59439 141204
28933 176018
15078 26752
36444 36381
161998 46926
195968 188133
19336 169284
144394 190
116431 49684
136495 55785
86320 177504
108288 9290
103829 28145
60780 20060
179180 190959
36310 23579
6982 138108
132402 185026
11700 158301
82238 107390
146579 169601
107781 139913
169858 99679
84180 155551
153146 184643
102373 68525
194052 184656
64308 47165
179495 91420
83523 7793
42902 44302
107693 4502
183134 60204
71547 107828
30756 191091
149426 147835
171395 166272
142463 137175
172063 59289
16979 84148
78737 100945
29825 74303
139376 30192
136176 84516
189496 134321
100239 95071
12568 186436
170867 173615
38512 76187
37951 48045
124954 117961
134471 63499
117141 6989
8704 130491
127681 177561
44153 39967
166811 63184
109071 70397
126349 79065
69949 151236
83264 71208
22345 172200
16721 51695
81881 18443
182811 16763
162290 94434
92526 47475
195754 33773
43103 74927
159477 199370
21186 139746
111668 189157
139718 107729
192599 24946
173273 1584
40444 192068
115453 170943
130189 169393
184920 183043
167522 66518
177760 37284
41360 74642
47335 128479
49348 29642
162936 148659
10460 62270
35857 53611
158829 136890
40727 188995
11136 45547
164511 105122
99735 138907
19439 83706
23307 8100
71642 183080
172931 143669
169482 100591
118469 170006
114154 189806
167477 124240
173036 59015
65726 9563
102303 17673
32718 169991
19580 98396
198478 193286
33386 49230
1975 44257
45336 181153
166183 41782
126912 40829
188316 190630
97245 174992
5530 120756
78254 88394
42720 76344
142087 178584
83558 98517
102590 89880
125052 6946
120737 191040
186359 194169
66181 124800
165323 12034
123407 66620
109376 146247
193873 138423
49429 1452
75360 188611
100813 80226
100459 26997
175146 78517
93026 144330
94897 184610
180064 160806
165261 199058
111318 186493
106254 5251
152564 60186
65343 10887
113659 100571
80931 148118
43953 127274
190195 25607
127970 40353
156152 146980
75559 177182
166405 27733
90945 179068
26147 134491
199688 53656
17412 45577
84034 82716
51860 42115
168794 178810
234 33209
99569 89987
87652 25699
106698 119267
94362 67300
190051 31638
164052 165978
10818 79851
41486 156365
188435 103320
157891 60413
109359 144234
53206 99677
41451 58424
166416 26515
79187 176161
48445 282
90605 27264
82624 175055
144922 53352
163972 172782
193310 194282
158749 120674
193679 183596
8722 125923
160524 120475
98309 55755
83227 114648
1181 160521
102397 188737
44363 105498
128075 140020
81759 151988
53024 6897
80287 49319
120445 7602
11271 81939
69003 193801
103943 198123
127700 63437
99213 196961
138187 76510
86744 188817
127344 83836
75498 127370
149402 76396
57831 62818
133452 7534
73719 172804
71807 154663
89150 96067
100701 7273
178800 186467
113519 67743
169731 120947
103904 115263
89171 10631
168223 79331
111131 45970
113647 160487
75761 171365
22817 173660
54584 93730
26038 47083
31048 198438
187379 266
96301 164555
91835 17751
139592 41197
46779 182843
40116 135989
1386 48048
59100 131171
180888 135908
129784 144823
43862 134316
196039 181675
122296 11316
87398 87727
35447 133575
28172 20341
24747 22308
125260 162638
121990 129021
31557 148711
128805 199800
173433 22574
19711 129410
67915 113583
89871 189838
134065 87081
104784 179942
100580 2012
78550 167963
77044 106516
25337 60999
167289 182401
53628 189957
106233 176348
143397 46185
12319 183046
100646 91335
121333 29472
118801 137492
139164 43707
46981 141494
134704 199378
36990 38657
122534 196358
24269 189326
131263 45203
37753 132984
157319 198936
82910 153099
170753 39752
82921 33643
75622 33189
67068 146947
43946 76351
43334 13833
173991 191413
119312 16959
107473 47465
81749 44060
63151 86364
69280 125451
126456 110264
137736 84347
143561 38477
186199 133245
167267 33886
171538 62740
108662 5139
9865 155696
150775 9141
76065 4540
30002 4211
138745 75510
160237 126468
163135 92971
99147 190117
148379 36422
179146 91021
69592 191450
97327 3154
51 137239
101979 20476
1521 21585
168493 127435
193235 61800
94278 98148
118445 180312
148650 115334
98548 184622
82016 689
132156 191165
77743 94919
149872 84468
92811 185746
83521 130974
97020 45969
93136 4735
143879 48483
30742 18284
39661 80005
69332 736
28624 144822
176283 165482
62677 21647
63267 198844
159722 28436
71329 16032
11379 172331
199071 134209
161456 78859
69776 11210
156722 114968
141130 6637
57922 139422
195546 87043
188189 64629
40857 16346
186831 70365
51116 81265
14299 116613
96774 21787
76627 85975
108837 102575
102324 111734
109776 63689
102959 42645
118026 35539
136758 109317
94839 167267
35276 194532
104392 15775
169999 173701
163704 21126
158599 64646
24051 38340
175720 162922
152220 129154
47946 148110
2312 116199
105809 168164
74824 46349
189499 153230
60594 135387
166851 166088
188381 120725
17683 132815
123916 87007
105650 195573
101691 27331
127182 124785
24683 148235
77469 16051
49968 189869
175005 197780
127109 102776
184610 394
12145 105269
167868 115257
162148 50649
195393 101148
81098 97850
28961 22495
36919 48199
126192 139952
48835 46774
127983 177664
12688 20235
25136 125308
194166 100083
76606 190865
148280 105949
140916 100100
131561 48929
61633 188981
16749 11372
173341 83111
31031 154134
138338 106430
101719 86632
1306 154748
159051 176449
50911 122744
183039 16226
161838 120686
165681 42426
80702 64004
22331 14409
33594 102451
91377 8783
155043 7906
155711 111357
96757 47157
59414 134362
146828 73874
31340 6975
35716 117218
46471 138748
29037 158338
130582 10666
95484 180855
40001 107814
33950 114605
129958 1427
104637 146865
167592 82645
119140 67288
43202 61460
120035 78802
89022 171562
3506 115571
79414 151165
76988 74385
67960 19934
76371 141266
20885 63823
16577 86422
67506 124248
150734 55646
155162 7522
144861 45569
190437 15348
172736 50835
77168 162510
126175 170741
194472 113114
36999 103875
196505 7888
191413 199759
185250 69503
189709 47375
85051 100949
66093 40689
49106 23878
9352 138610
152321 151773
9469 53476
132875 139916
9943 94022
65473 81202
114613 169332
29661 100114
26370 163712
176865 114004
53079 185918
17278 68083
105121 147796
4176 180081
201 132128
187908 60723
16336 62667
37413 185075
91070 118492
114625 9724
47600 162969
136136 15076
39284 50487
187370 139262
87028 56281
90264 167751
35933 57153
171689 5194
39378 11216
83761 96044
14463 117049
129031 114429
12711 152616
164316 44230
142700 65704
30619 194348
125891 51508
130113 67729
189652 17195
93046 36147
125952 32806
92871 197429
2168 111425
98826 193462
142181 198786
3362 118084
14705 70180
25580 167937
112242 190956
3171 76237
87783 178718
57468 170888
4498 29703
103558 122231
9074 20316
183607 171994
75612 158726
37543 77378
186371 117733
169601 89762
131811 192204
92843 82204
193605 151463
96906 57913
141912 121668
32240 129845
78627 110534
14243 165072
5410 102736
108919 31102
28731 58228
66775 135755
113348 35866
38687 141590
105329 168793
26249 55935
38590 26765
198686 195788
83599 139597
124379 175278
46199 159644
46753 75150
173720 194575
63116 152504
597 66918
177398 195288
102536 115662
140051 174870
189410 52678
195677 151913
106359 86069
20490 33941
122981 42478
40908 73381
23436 169584
2650 178763
64827 64099
29975 38468
175498 57125
69158 76808
57160 143606
15845 121389
58061 152476
133860 130870
125697 133095
141422 53983
18475 2381
17864 96697
109967 195693
110350 110751
124300 44762
22391 113940
30270 49571
180241 111128
79672 134360
140961 168308
174173 154449
34316 124546
89749 45814
26406 181052
142827 185859
115469 56648
58046 34195
167414 92119
85572 115245
177961 68411
54738 73378
184658 186059
28496 28054
179794 162470
160375 57903
81485 85334
81805 52290
85830 56360
112563 90205
158115 145665
59704 80581
81755 43217
60974 77359
197411 67408
122301 53348
133616 8248
181445 163804
22142 71725
37008 164165
194964 38019
183629 58609
48817 112157
61700 67204
187171 137588
89392 63393
85206 21931
180131 2439
42399 93372
81849 179376
136429 16482
24462 187749
119595 110853
89641 128745
167612 107747
170992 87036
119444 6405
17653 28305
115767 119942
112703 46965
169636 184542
164901 77027
77602 78055
6723 73890
23660 162144
4777 127944
51101 57866
22234 44642
17469 193462
154981 199194
9398 175528
101656 33239
35056 196435
105068 174279
113472 83419
180099 108801
59189 115450
116625 1724
50387 87207
197612 17319
38208 185159
41379 167826
31658 27422
182598 105107
101852 177407
164711 196448
63871 129339
82420 74402
61909 78946
103733 171773
67061 15464
91444 174496
187279 149446
90173 124728
54329 56361
42740 50224
182184 34328
161323 153038
160735 187442
145279 83236
174764 134764
137438 107357
57262 122086
100521 112426
44365 106972
97971 92569
195988 88745
116792 38388
78989 45302
199446 92279
22873 88370
74991 137854
126981 89863
17617 51202
107020 50276
74906 12772
154435 141830
90230 174652
39870 191385
19917 163392
194135 180121
161607 67651
64624 176607
141440 151513
110374 13770
190310 178613
137098 30578
93085 139342
34150 190392
92988 128364
73038 45608
199602 182201
79701 1631
130196 165544
199195 125759
104540 132761
136584 197828
43394 64093
146256 84112
92715 82667
176344 38119
78995 182589
162014 193876
55762 56046
192470 77263
134873 68167
4118 190793
89572 60291
197005 171572
197025 70818
143434 115786
75104 181849
192047 107296
137943 95726
50671 119165
65657 186830
64448 133087
180068 30398
154185 80972
113307 136509
184834 183376
73194 104305
124966 28668
121625 153166
132808 70694
97184 128137
54567 74603
22622 24985
6823 193780
42554 27155
85016 40603
44518 118058
178738 5755
51125 172256
16989 44523
148021 109022
47667 100367
170771 5942
70546 118738
83599 134916
125451 52047
21436 37433
128288 103099
140529 184243
115875 93805
73183 95812
133229 178874
90938 8508
25971 13622
113217 18791
150351 16666
130033 183109
122304 58041
3091 17735
29679 199733
30927 45501
82282 5825
173268 64402
18125 24472
60243 16280
155554 61478
151989 144581
191469 151753
84073 114636
13461 81198
172773 39881
6519 171459
45495 56968
45851 12042
71785 70635
13743 27144
157145 166236
193494 144732
20443 101878
145679 33329
36409 129361
8121 123667
184383 172858
75486 192956
88208 92655
195587 21821
178730 80128
117461 149849
155099 90746
2468 154396
36054 132996
73744 59196
145558 176115
168459 42933
56664 53878
76980 23661
147708 50943
26231 7216
163372 14958
35696 186463
59717 143942
64892 194061
153061 50933
93569 83616
140150 3868
93914 83213
146985 154131
17317 3465
145554 121334
42655 121927
180978 122703
10894 60772
166523 198931
104392 175837
161970 184809
78781 24194
92125 66084
82939 114877
188374 10751
44388 73598
53953 37561
56804 131560
27807 130003
159364 101997
111290 127880
29308 116239
176589 175167
77934 149000
21491 157183
70137 79504
7011 162321
153211 193979
3344 51940
73991 15995
136396 115211
66161 102721
133905 70442
44219 84484
117293 170749
68237 190239
131449 85790
181051 75375
186764 106636
83438 113656
101515 182461
344 117912
189209 177982
98792 108379
166732 188310
193219 84783
158327 102460
50788 149714
144791 199862
145038 57115
158975 10875
193504 65104
125624 54182
19105 88382
43039 134204
54328 63991
5451 175285
124376 158340
119397 98101
170239 26549
199914 170882
19435 107623
157970 98435
180170 137552
19642 130339
80299 111011
12278 119141
169863 1072
100288 6623
36639 191841
94448 83126
27572 7419
157854 57583
28917 128795
137169 68189
149862 101825
24082 35182
85512 151796
144059 6948
61429 79365
39532 45680
150540 4445
113598 167175
42192 122567
129899 141290
27805 160233
159549 131711
175977 95830
33248 98027
27848 94292
108239 138374
188715 178517
10691 26158
183066 37682
123696 93816
175679 123499
669 4712
33400 191217
29810 92251
152140 130444
65448 46569
189798 121492
199807 168899
98970 83151
106928 12261
156500 43766
151633 147965
84524 99891
43251 71276
36143 105413
71778 89799
4203 165130
45022 114702
4751 73539
144136 107071
108985 39106
41399 20437
26320 161332
37805 169706
96201 80729
37806 122411
98433 179189
74176 46523
10045 97607
119883 73797
59246 97017
51929 182162
136092 123347
53545 188036
26084 183810
22736 173306
56444 52625
97080 50406
149710 101863
57754 155529
96502 27620
66064 93177
29723 194125
101484 41301
5409 111478
83130 165821
105267 21440
64304 134350
7644 66040
6297 133559
185387 160519
49117 140380
199988 74325
58989 154980
38065 40419
30447 34472
89160 179207
65459 162634
58625 114663
162638 156584
12659 199134
98670 146897
170700 13116
177541 79056
126542 99249
72010 131635
185152 37415
98726 39395
108939 10881
49468 120142
19452 44219
98349 56114
137228 35459
9921 161654
58002 117740
186599 856
171501 17797
105321 107657
190600 7516
60420 8501
35069 175204
113955 71759
10748 146820
148463 110787
27045 22375
134224 42167
108422 114686
1784 76098
7891 187563
61680 44108
7164 43882
74217 179291
166915 110627
73072 133673
185177 121548
198177 49042
166668 182967
12420 12449
178775 37703
185166 165694
108951 128604
48928 96263
141621 46089
182138 165534
119024 74599
74361 117902
37015 24582
58215 155491
46340 106788
41487 79544
58568 33377
6916 30546
126445 163203
60586 102862
58337 9641
42734 846
165479 119037
181809 73444
29690 123278
156819 180156
174508 190683
77263 110238
160388 124868
87255 78376
165377 166063
112227 12521
126127 28558
187798 1151
145477 169470
187040 26528
197594 97569
138053 42988
188915 123739
50081 147274
160894 172836
102472 2885
190101 84431
31006 87680
60062 68214
84663 160590
69413 89557
45691 110885
3970 36067
143278 173577
112839 127805
82265 25558
131 128923
122011 1793
20645 81866
41322 168586
13829 120849
122764 18055
11997 158851
179799 91528
130337 173743
121138 6855
168349 191137
188059 83240
51853 99305
128701 122095
144217 114025
171727 15825
151446 116761
109237 78902
188239 118307
7626 47925
186304 12462
153359 180932
47718 95052
197769 175225
154381 69963
53531 168884
74021 62953
130668 70823
8283 38234
185191 126322
165589 28003
35623 99063
167124 193532
103564 50922
156387 174788
158094 162525
151074 126918
66626 50844
111064 56828
73725 192500
109443 15989
121870 195788
156699 16394
11391 93619
45027 139579
147756 28392
5516 44341
24302 64113
24719 1951
127238 146967
158263 33127
169973 12976
23125 133432
71750 154312
87584 21785
134076 86818
49575 138192
178821 133237
181523 73901
10664 179729
7280 196819
64971 123462
193932 35938
148017 164147
132624 105189
73932 168826
155586 95157
177484 127820
190429 94241
34551 117893
8230 80881
170956 82253
121906 156760
125955 159605
123925 103135
128107 42739
88805 41928
67970 13228
168466 136183
170558 86656
109602 84745
24776 124854
68777 170614
118028 39563
19221 40134
172959 87105
1529 72625
30765 56817
182565 196780
56438 118479
25462 182373
91886 96428
72491 7962
120479 44121
138014 116473
140884 15665
4009 152537
155886 11697
17998 191727
195766 193016
153071 98626
30335 110249
154286 11059
39324 193610
139752 119165
32324 54705
110030 138065
22017 37482
58822 12567
79752 147281
45636 21378
30398 36929
127987 24019
50873 53984
82419 128591
165599 4414
37462 93770
85347 36056
30146 199581
25150 161621
83330 105544
180241 192919
58627 85682
111828 155020
40714 38618
195183 39415
89870 107251
65423 198013
148187 139596
85848 67545
95896 99761
20690 136808
4409 98614
168411 158006
12994 99718
111722 112747
90296 150738
34346 99976
144156 142493
125502 186071
169668 32912
46346 121140
23998 120734
1992 147248
56818 101250
52490 140935
30701 58873
180441 60224
55428 148716
75913 45457
82326 67221
154897 119602
35992 27837
141164 167980
125777 2549
179796 173959
54150 141964
99555 56634
176224 83586
138984 126466
131940 76039
181256 117336
81966 140563
163654 82314
111057 147135
181292 41746
131521 48199
64670 165497
157383 179272
76025 95511
27498 87359
199178 80510
124099 134950
144106 187699
100407 128331
110755 48724
134916 25850
101812 135353
189989 195319
40010 187335
44070 163621
194911 155826
187704 86814
95465 125454
53137 94281
55348 7811
1558 15089
29292 191180
11208 184501
8393 39856
104083 85090
94945 107846
90521 91361
98484 80699
32828 122557
81725 24532
172128 21517
117209 173273
9396 192637
118699 82481
95248 86862
197003 192377
124953 56361
75034 113170
143118 180447
108928 97050
68659 44541
24764 188329
105328 105858
123353 946
77111 109525
115591 159536
38998 57416
135119 129810
107662 63438
149235 153313
151531 75923
169026 115404
195833 69252
180419 114465
103937 93508
20150 170537
146402 116278
8753 146501
147698 103247
131790 15129
116347 112825
178118 19618
149352 5009
98072 64992
7144 147866
58628 156477
107036 84292
189777 151401
130456 91943
88104 149685
141233 31424
151920 68919
142694 15252
188210 54396
88088 24534
5355 61977
42088 137722
89324 52104
57135 168056
45893 199723
117220 110981
10560 39947
177768 110397
178275 193114
19677 107025
13664 12718
23243 94677
199026 190363
185581 51388
28083 75224
165940 79446
147835 117678
17110 82609
65051 66314
87316 115292
563 106403
86187 13454
141460 12968
136415 65379
176635 196546
90190 195031
108349 116304
43016 15428
172054 21684
63478 54297
115501 101538
146752 63409
154873 191739
12793 125025
102773 198251
23062 109500
173712 196561
11244 26651
118895 79636
1400 27504
20799 75921
3813 183161
114061 79914
132555 4266
41674 117457
3265 124565
157914 50915
15462 121762
188416 11402
30452 172851
151333 138838
129368 59773
77700 68820
187297 163647
63943 3747
108112 163435
165039 101176
68931 44867
42353 47036
196638 133385
177360 100865
118824 43411
37707 119617
161787 157174
101213 40088
54697 88082
18252 131170
58337 112406
86981 76784
101032 94763
35508 18974
62536 120542
175766 100712
116658 109096
150062 30822
126683 90838
32456 189720
10527 61028
116207 194817
68561 176085
63582 43594
178638 19413
6817 75818
40095 123107
157056 34280
158243 60516
30233 135283
67039 140427
87572 85785
142963 123037
85513 83362
17359 81667
66750 181340
91783 170674
180338 115337
146700 88797
87238 195278
80747 4
105666 41972
196259 139560
159599 13469
158066 7891
187396 164770
48003 133299
189073 100092
82532 141938
16019 48580
119206 151678
76927 131276
98838 153330
28173 112240
146109 44537
109627 27241
8693 97166
6609 37157
94206 131521
137444 128860
55747 127318
10664 55360
65579 151030
51051 4093
2661 65785
90938 76958
104364 40871
186449 18866
88031 1609
60524 109936
156372 174496
122412 130981
114641 85420
12010 74874
33623 129055
195142 21907
24110 192586
158219 38443
77234 161337
53833 24822
94495 108079
98139 174800
28112 126550
109209 43080
12648 32509
134014 60688
79699 125664
107426 37360
74433 131544
31922 181586
69879 48582
42064 106828
112714 50737
19195 31960
4321 76654
93239 30112
160298 182211
193808 80026
148753 99570
66246 87999
42734 57901
197300 86718
5675 162833
21657 25630
141468 6091
181908 157546
109002 49642
54367 116847
73379 55935
48408 39021
116927 64377
50530 162875
181989 34270
128977 114258
144740 169687
168104 74567
88805 104307
11997 167649
192733 159767
190379 19566
185393 169178
86816 160488
94688 100957
111040 187607
75741 171912
100763 40537
71184 2781
168721 65505
2689 52549
146465 59590
137476 98777
33418 12077
158116 150720
91485 125916
130905 183268
109999 1780
42190 59981
47249 137717
133107 189997
91685 44220
184569 125341
185432 168360
10646 115999
136577 177175
49912 114103
187499 139916
100385 192949
97666 134633
78898 92090
151388 132653
144376 53117
95279 128878
91904 23816
161057 45185
78687 144658
179432 118892
191190 51227
142788 132
9507 187060
60483 197818
123191 56736
26404 159331
193418 180919
60695 63558
185278 124437
167024 52669
92030 160194
145326 62471
111238 127582
105573 73530
163088 43055
121794 53331
52425 79976
95680 73869
172926 10184
123095 16578
156764 71445
83843 112349
95542 42827
154332 35130
87656 125699
184913 186451
40814 30864
79304 41239
114922 62118
53313 104997
165871 25960
99274 113785
21648 123887
81037 198827
160042 191397
58270 45386
46244 170626
84814 16802
84620 2537
124390 116563
67901 194246
198392 77299
166823 35308
41680 179240
24247 69658
70212 51181
159003 166852
2033 196622
49477 1149
141458 8182
87373 81294
93070 173017
126647 118129
68865 127846
142980 174283
28879 141740
10567 171739
71897 199257
184573 180448
14944 75180
127530 140527
135572 28615
153754 8523
114554 37386
114288 148825
45622 102081
189412 52148
142514 144598
20753 185500
49351 145697
167896 139876
160015 162182
176451 154291
75750 179649
35247 4954
16604 107039
78843 59449
30078 79303
98777 72023
79110 11812
167026 5676
139221 112160
118451 34842
52980 91819
41994 25847
95247 190451
96259 73268
177397 48115
88979 96840
63804 172197
134556 43260
114570 144106
113323 159970
196396 42213
81137 195543
196441 69655
11883 52199
4246 175597
53597 52841
183481 61663
151618 165783
183801 41696
165063 102949
57418 35483
87970 135279
84512 153886
145097 152007
147053 61333
169445 13803
155831 27467
142197 191356
116306 44590
192377 43180
143574 7214
96453 63924
164897 51719
161166 86844
112759 164862
60541 29821
53635 194826
72078 50104
58130 94769
33671 147524
39675 150148
147531 56795
109404 99789
91313 25871
96093 142822
54500 59068
73947 184699
116218 162265
141395 184807
79130 38876
83607 98210
156373 153054
93917 116375
16523 105204
9283 115795
80203 116722
192121 22183
68081 56484
135248 64913
14574 71461
107806 54909
135127 187721
32249 168884
74276 82834
55300 47253
139956 149860
76332 70294
150805 164504
1192 109220
117971 80639
114947 4290
160043 131499
193829 81927
137740 157816
167583 137211
30346 58389
40062 90986
26979 40987
35553 73723
90246 182763
44100 19824
26911 148664
122984 125526
131272 137670
58824 111364
167167 6882
6154 28744
91686 190443
12659 72804
183073 173863
145451 93763
92339 2190
8112 151105
147521 185960
32074 125249
162014 97406
80218 104848
120349 66042
23322 122106
76066 125460
36468 124061
162513 182552
190042 139678
154049 17657
69747 121424
77324 20050
70800 73171
158249 130316
187120 41068
178258 176471
108074 19268
11125 170007
105426 2395
118305 197241
158517 155370
195778 11889
76644 153792
169415 93006
71677 12862
172930 161077
14143 65669
41424 17469
145511 80772
172774 168418
159503 93917
113892 40641
159973 46301
24180 28763
152760 127507
151542 49559
176555 15691
136148 26328
182189 163886
84899 70058
111584 195538
25739 184980
133033 108725
40862 20601
173915 145193
42490 148761
44195 94257
138407 111861
12828 89965
79912 194871
181274 132809
181333 113990
114819 151997
142884 160692
39671 120786
86562 41895
140455 120597
158395 150521
167955 83982
154828 37810
51936 129323
179218 186066
123269 444
63689 194982
133862 105989
126636 11701
191450 54523
170085 130347
117204 1632
154824 117726
175656 145352
141407 98468
119320 145121
148643 127610
15031 74855
125684 191835
132562 1738
29501 100864
65591 72848
26758 104299
146205 146677
159681 68936
148326 107266
162259 43651
154675 118581
20348 95819
107377 14501
152415 17028
66025 713
147201 137033
3435 116334
41767 151275
138443 118895
192273 2729
188600 72425
22772 21868
63014 188903
109943 174193
81517 151694
133525 195103
50179 126862
130202 84241
18382 6132
113168 136243
18576 113272
106145 182904
22468 65960
123936 35667
65414 362
129169 123777
169663 156300
194639 33835
196184 174775
157821 100803
66526 104499
55124 183558
110066 6325
114181 192851
117575 53352
26022 4740
83501 135479
115983 41559
81403 85653
114084 137682
2754 143789
176930 90749
133897 72446
65941 144716
180891 28675
27008 131831
197147 146042
26661 144650
63563 173643
88671 31115
67493 9548
135255 168041
63879 48965
79021 149279
43211 126092
139311 890
138905 88177
151050 70595
49710 65421
71808 97478
67658 74382
48743 73006
128048 65674
99229 143080
169641 144834
85190 172766
6234 34917
191114 178030
15862 100221
142635 133892
70395 55721
2198 1280
146705 76839
6666 93414
95867 92755
110475 157
196052 103786
121352 72157
135463 96409
75013 70305
170361 60808
75245 85525
111129 118524
80225 107113
131827 146280
10767 94989
88935 160518
113354 177939
36487 190862
47665 134644
85556 111936
68632 93486
85385 186832
95170 119025
84667 58943
75210 41451
45413 139820
62799 122047
188141 62320
136353 124916
51162 135533
91819 138828
41580 131043
75800 198878
58844 118171
135855 95938
16563 188465
153781 117213
192049 106209
73518 34843
144305 114171
25247 193771
54159 2550
75838 33056
85010 173936
126934 152780
129735 143878
79202 9554
58899 156955
51653 49336
106598 76259
109308 151855
98071 180943
91749 143413
124607 196969
123589 65516
55305 127939
55968 179719
129198 58133
12741 70209
96512 85891
189655 71879
143807 19297
82052 66602
115532 185615
50796 184506
125682 138939
148803 198782
96506 182655
26279 122004
46712 129075
132587 89828
116822 155771
39629 22660
184035 76907
159993 176020
11685 26108
7652 41780
24907 56524
186827 157977
137555 15795
132255 51227
16120 144397
165330 79420
21958 101775
166388 34126
196140 199523
50691 67968
92306 12442
105870 151611
45167 39179
92886 52194
44598 15431
153479 191197
34487 167265
102132 174799
5104 185452
68056 43353
144922 47859
69695 65456
183838 138486
28146 64231
50480 139968
32433 24748
170523 93344
48493 128111
84013 19949
193171 6907
114767 31007
126135 77205
158690 34713
162840 199819
187075 117307
148447 121546
96036 30496
74362 117819
113187 99479
33153 118480
34444 175545
184538 89212
71653 56280
41509 158452
91449 10100
42884 156120
80751 189686
64643 111641
109434 48788
29086 138229
60791 26796
85664 151077
107336 149895
163124 36648
71112 45094
43091 169748
47053 70229
153786 54296
138213 100497
30982 3521
28188 135132
91265 175758
191527 35397
113244 31844
82684 134642
158523 115642
176364 48492
2802 72835
3356 115070
189252 94899
64067 7680
104624 186238
113555 33988
85225 95324
139278 100859
15388 183233
104195 161382
86239 119651
108375 53132
103574 59255
24626 1017
70026 198051
1809 110848
48008 103242
16520 6868
142634 94671
54437 124660
154363 18443
96103 137512
76851 85850
44897 46815
28926 162220
73525 5391
18269 153917
25011 136775
67539 104699
146122 88185
47543 4489
8361 178908
141693 74151
195542 68007
92435 153059
137340 70413
49302 39274
98385 30830
90503 92899
163129 41956
121751 155275
186270 57756
69630 70666
72604 9569
194256 75207
180984 26070
64513 86750
119686 40751
114805 99874
50010 83146
3889 194166
148131 195578
42911 18954
191606 110900
100378 23645
172482 197662
186543 95174
142703 176875
176564 39228
96252 151149
119732 62384
158461 74911
32244 56225
183043 175298
196765 168589
189119 157954
142317 24971
12210 96333
138423 81104
41364 51830
72583 168865
1107 24775
166872 129552
187827 45188
143374 6657
162116 48889
22026 175201
96782 156420
195595 184527
123938 169595
198805 97910
76432 85859
130567 83064
148346 21801
129172 23910
198215 72124
120623 69299
46463 119806
49338 29734
86403 156346
174818 124199
9502 110706
185642 163281
80289 128218
109650 20925
150049 53252
25473 87122
141870 190011
35692 199202
181633 100638
177554 100579
190282 53380
72383 184402
39204 97681
141614 56760
121263 14923
1248 195454
84269 1770
183104 43042
96477 193565
93880 112295
177356 13184
22774 143625
7708 80719
89736 179943
75480 14059
33218 138628
100850 199085
120611 15297
29744 174943
94533 108585
51613 33822
102580 119668
25589 26084
121026 144835
139559 66826
171820 114588
198117 135272
169950 27855
52167 113083
127894 132512
182840 102538
113657 99420
88240 170799
47296 183982
15710 192019
78350 19113
73313 16607
124200 43300
119633 156232
171629 100898
58709 60928
128874 195018
44759 85879
179150 15565
157945 122343
61671 146654
3506 144841
127221 8038
127787 113551
4049 199366
41675 88517
29966 178483
133628 146850
94190 23797
192036 27136
175655 183572
140976 58219
59960 80583
16714 114259
133034 96852
87153 82700
12326 63724
138234 24789
105267 116477
114812 4560
106276 169457
170697 136393
195092 12647
116998 119586
59769 177102
93278 29278
66494 10265
188078 190007
17384 48100
3572 184090
173334 62905
172304 186794
100790 50605
189297 81445
46464 51598
15134 106409
180389 61299
198452 189117
128390 56399
66676 47464
171648 115433
127827 48119
88183 165510
171608 15883
73603 67214
162077 83099
130153 177114
185561 183165
33585 16136
189274 95643
126979 188554
146586 161622
29096 157525
144422 855
144108 186602
162497 44212
45781 73683
93216 88822
150173 192686
179916 31182
21407 90953
173213 140873
159801 190406
113754 186564
162612 33075
142202 123980
127431 60998
199479 189349
44756 137538
129243 140902
44587 66432
72189 71713
50217 102032
38176 113712
131792 98106
69626 48426
107823 58540
133390 46306
87549 172965
93358 183254
64372 104877
130210 92499
150797 18632
165688 19185
63280 109448
136064 150220
77679 199132
44048 57782
36785 77964
42113 93610
162265 138952
114949 4797
12000 184695
99100 87231
114394 18400
154076 56535
81282 24116
108725 66472
129596 13832
197041 88952
97415 150565
40443 163659
14431 154457
178442 54775
30567 190889
168165 99212
65090 14022
142005 134544
24601 188167
56516 153237
81224 59261
16096 74602
43427 97680
18411 62558
84757 113511
73181 126053
3481 135818
14594 57840
63901 61500
18179 19897
172726 92696
12920 23675
53227 175552
166167 181347
159136 23935
154557 82467
123227 15432
116006 149073
198806 50336
136690 145056
116383 16733
199451 38232
47352 192230
38089 37435
8221 97858
163756 186391
162846 150252
49452 37915
141628 141756
53447 8408
172875 135299
168529 159487
47373 74224
11848 164882
190222 157763
82059 90900
66236 119054
62055 154229
112106 115088
187284 142081
4464 7164
57420 5844
112249 91489
150354 64309
30178 162983
128035 26703
180553 167552
193790 84506
125001 92270
42974 191509
147978 88074
61597 171582
116410 7326
29074 55859
182019 62707
55769 38927
2586 86855
126550 21660
140101 69308
68711 24439
165533 13428
166029 42831
117118 79585
54670 31265
21065 151217
67254 120829
183173 9467
116136 46150
33403 122402
72872 68304
43604 103152
97942 155138
60014 67647
34487 144714
10944 199026
67283 152069
43629 27186
159894 147709
153041 169754
134374 180876
85462 116993
176658 92074
190186 47877
25748 50115
190043 184847
124383 31854
45620 84938
109238 161711
194065 89729
13954 139457
82572 56369
183258 46473
22978 111778
21082 115803
141855 20832
113606 173125
171218 179801
127900 76811
14237 83798
199863 129877
52464 121396
81271 74278
109953 44834
93659 119169
143866 101083
106471 38874
78647 177179
183852 162755
161287 196244
97443 65741
93508 110225
153607 143993
15880 84990
11235 129946
155019 199001
83741 56884
179025 182443
144876 116312
70757 29401
191942 182713
17759 158093
136533 193296
8301 160233
11648 26504
83935 31787
57792 107672
123081 50128
174942 9130
95815 102779
35961 19208
66949 79197
143796 24699
42550 124387
136121 101777
198119 36515
138993 67276
184005 99137
10629 19095
92635 135287
107566 72138
184041 76180
5867 91560
93246 115929
25830 163848
106350 76979
75051 169631
40731 36934
126256 172635
89885 4583
70699 32501
134334 109158
86086 28850
147648 87002
179184 190783
18837 163931
81382 80929
126831 154625
135463 157477
185035 11297
145116 186321
49217 55037
156268 15607
132060 100569
54108 147000
145483 151433
69104 185262
19969 63487
188341 66930
134753 185471
62937 183677
10994 71181
114142 178325
120413 137214
117695 174779
96347 150602
14161 98903
6685 188848
6379 65005
93851 144847
7204 109371
168025 141219
197713 129269
113169 196697
77933 185993
133036 166871
150765 124319
166205 88806
187171 197952
38272 82317
88144 40546
116043 116737
4317 144163
69232 163985
183707 177838
139712 51320
13245 153942
61330 147391
169085 95353
155248 50706
51454 75366
123482 29569
15774 22499
56281 78528
176113 166356
23556 97456
1628 197364
195862 182919
116625 161612
152732 184768
180844 168733
175215 188302
115725 199971
76097 132987
15977 43081
163940 76803
140942 163249
182592 14368
189311 158696
4554 119564
3460 177196
143712 183237
1884 141211
76843 11285
147103 118517
109052 87571
161873 57847
90891 78656
170936 100995
69310 12970
110641 32822
143778 46785
178982 131341
195235 195047
45005 170590
90049 66269
103118 25730
143045 128930
139940 26173
86674 86112
180672 150075
158840 171133
155691 59486
55595 196389
77357 32913
152695 194266
193792 185592
18719 134089
53392 145562
196700 28177
96062 103469
182334 57531
130987 83844
7930 7457
162837 197193
22568 129121
84141 186074
118447 97473
188068 23674
144860 11343
24480 194992
144351 69557
13605 22147
192967 129962
33900 197715
75057 160405
113808 137951
118489 99903
59212 121677
66106 35811
194596 114423
22533 183989
147556 98663
155613 80766
102877 166322
24569 47556
48822 148379
189804 125466
157412 91259
55299 154687
144449 47434
155217 175928
126576 34592
38798 36149
179831 187873
192238 97332
142952 114751
157039 177976
192296 172631
182976 165030
50141 169705
36942 118910
158753 74365
151104 193002
172204 171703
55921 129499
129694 51416
121005 109856
31150 64188
164366 25437
198032 19088
183844 156431
71862 164134
119687 110471
185530 105052
151285 101066
189364 22738
42389 23299
172905 130809
55724 86339
116580 38471
157651 180006
124010 119015
1870 118391
62950 79573
10285 197062
117772 182770
98211 120114
59871 120749
177311 160440
28998 60012
68906 7487
23274 22216
102834 181187
17879 31519
139359 162057
72806 106527
47827 142596
104068 36855
192684 100958
42458 46190
193140 162402
149814 101850
22001 15041
159300 164631
80637 196247
38053 133594
28347 138050
89612 91113
97998 68808
65827 144856
64509 145554
162247 37359
38967 135786
166352 36195
165556 9313
132774 173972
131922 194537
81734 28876
147240 66161
115120 9349
8241 178160
104977 62143
153056 91569
73858 109582
151011 174838
61070 96658
110267 190954
156291 118524
194878 124920
30550 23326
52998 46212
194260 73113
76207 44274
52973 141198
112814 167716
126020 111601
184345 50695
6996 18894
120436 61687
1938 179326
90955 148139
44734 4547
168441 175877
190579 133585
6592 118119
166309 43901
41782 43524
52209 134136
77138 189372
92789 198060
165311 8330
130732 27176
94077 21394
40407 191327
175428 94792
199423 125412
134436 197927
162437 64110
76849 114235
74730 88508
73579 69712
136359 179035
2246 41217
22978 179083
36252 8054
77564 41589
24889 57729
1929 103960
155178 172205
162583 101074
12151 108153
84023 97733
80414 80949
147289 113405
191825 54346
147715 18026
91322 127958
148628 23526
168179 163254
45404 103975
126965 133331
24498 168414
51980 46638
155903 188018
26029 76100
159987 6609
147583 108751
155426 130113
127642 21704
83105 42505
20429 101416
108091 167016
17894 103372
56468 187535
98933 182375
91831 159815
25248 139764
33790 165620
1406 191170
18246 156361
130800 98113
50734 60097
39772 45534
8928 77023
176796 28512
90088 118937
52507 41271
49744 142367
119474 141583
30128 29406
137465 158617
81040 113184
105597 109659
136781 81825
64323 113650
182393 84581
133215 67952
131741 48960
55799 168867
164021 153930
179403 98802
68492 141385
93094 70992
46788 29312
156357 63593
78955 188898
24502 196658
123079 10430
186109 169322
103285 49997
185893 158446
46818 8598
15052 195166
163767 2539
155515 142588
126040 120970
25257 58412
88344 144500
190509 160935
133548 158479
171506 96476
139833 136081
144766 100718
9468 26007
176991 87611
60767 31734
109190 164951
176790 91242
45313 161832
41364 61549
193499 69332
157610 155332
18952 148919
51951 37763
66007 86257
26250 40796
128504 82946
166870 143718
162237 14638
151776 97438
37366 155937
18802 60254
89186 86227
105539 133795
57806 93598
4199 157267
144868 141783
84242 81323
148712 75913
58972 136578
89106 39709
73040 65722
71080 180743
25248 24499
34424 38837
187381 93325
193904 68331
179287 186326
6546 63569
88002 135050
110607 12902
153528 65676
64814 153961
171620 191476
149925 21411
195733 62254
138492 118354
46025 46363
50668 35342
77253 62224
199668 66232
171750 36747
101433 63219
68977 18293
118682 100805
43605 112043
100900 5977
25832 59632
167729 43076
106656 168257
45913 122788
145127 196641
40250 188215
196308 184799
45049 97926
535 123497
90649 77741
146289 123352
166058 166171
95574 136651
89437 15492
180444 64019
18277 83941
132771 157913
16149 141498
169179 193433
179492 104846
95992 93135
76886 121358
88127 42796
102869 190666
149378 4648
177935 166724
115695 116318
168917 103538
149997 124150
81432 155389
157338 113841
62332 134384
41851 176261
115675 126643
111032 131
59791 113641
32098 199119
173717 80817
152130 161787
77389 99669
188545 27266
14526 159723
109294 197713
147065 195646
97825 84140
34055 58856
181841 39936
86546 166350
179749 125850
153544 113693
166372 20235
140362 48805
60606 95930
160050 171951
70486 147225
114543 90410
146149 51443
134726 139906
61630 199774
10920 5425
195156 148783
20650 126354
694 8451
98259 110537
34208 19968
162391 191106
118904 15342
69928 42152
70607 1288
174416 60536
37382 95311
5085 151956
187793 68722
124978 140384
170370 27922
83274 106125
97836 9132
151989 157467
93251 99381
173876 5160
23135 3477
4510 116946
32247 4010
178748 145949
121008 130562
176970 30520
2059 8788
40610 11598
34837 183279
193118 103873
170626 191806
35787 61662
184675 70199
118512 110708
29045 152733
56123 149811
155515 45983
85528 52899
78697 36942
67060 111309
46040 21043
31179 126948
126722 69916
168331 167007
164439 115956
120799 55958
36494 81696
106857 17887
115337 189866
92222 125849
105812 138042
188736 17722
44723 94175
140044 152972
162825 133545
59057 24895
155046 60436
135262 119657
127377 41942
81787 163883
86747 170920
34704 118407
158024 46242
84157 96019
149600 55661
177160 18826
125099 39104
129124 14586
160905 147345
98293 54081
34152 41574
123281 4848
36818 44811
197368 178783
158187 114925
150167 4986
166686 83267
112051 159367
41329 14964
2723 103302
43122 83785
7060 131641
6169 195587
188048 49643
154991 184845
62153 176527
69313 50270
141750 170586
184388 197168
23541 161930
135248 107059
11431 144194
114105 12799
186178 172063
9415 141560
148577 63366
15249 58772
137233 37517
29905 175214
125618 186068
127651 30245
96773 101838
3382 185337
26007 575
37861 47827
65715 147727
127453 4791
25552 58073
181790 60729
168455 117655
57676 163464
142063 110165
34645 183836
117768 95168
37491 47438
85218 146758
59508 60519
170830 167814
14109 94970
194612 160579
176134 64608
145797 187768
164625 46936
131128 184962
164658 165801
45195 169013
167441 62061
160783 130609
122006 153557
119053 134347
23615 85404
135403 75786
184538 25088
136161 142608
82864 111446
95249 157081
80790 57450
173550 69271
8647 4215
135210 170308
187093 132065
72776 141780
85809 62690
18739 96976
27625 28700
4764 192485
113619 34879
157596 127409
67069 174579
128397 23737
34914 130218
184877 38925
75333 83018
20657 113084
38136 107868
175701 157346
122174 157072
132671 191714
183615 12217
169082 144743
168863 57280
38833 51395
1255 4116
47527 51284
78985 53460
190659 106657
15614 27190
59516 60373
151129 38957
14081 182204
2502 53900
100173 77558
194998 8696
42328 92514
20693 159984
38010 131562
21310 80033
111514 14130
124556 13889
51650 11326
26520 113092
116950 30099
49318 1720
119865 46332
90492 188856
97212 95903
42263 27696
129467 56149
168836 27844
10921 27433
122967 83202
113846 148307
148902 164212
115936 46436
17520 186506
134872 132177
128825 69606
93952 152910
123930 168450
15836 120546
180578 79331
30383 190729
189667 34343
119678 100601
32695 13273
85880 38313
116838 131017
71254 41622
48214 100955
82006 98000
188581 19859
91351 80483
174859 179156
66202 188106
55107 188711
142877 67428
42561 48171
51682 190609
198619 20541
79595 169489
137263 27235
165569 48046
133028 191088
184787 26456
46430 75728
41152 105950
98844 88889
123907 74830
139129 17618
90122 132019
69689 2830
129710 137589
65950 122398
5871 57700
91872 33782
7485 175359
6907 162073
147448 8356
144427 97376
23900 118242
188101 1301
93970 127657
9495 153915
77059 186257
166530 122212
114434 169008
49654 80343
132240 8970
26889 32756
71783 136449
52293 155084
6931 95835
181918 165168
145398 172906
101761 69249
21298 141088
50989 130543
152683 83556
74231 175322
66606 145497
131724 125125
29163 184314
15205 5308
58704 137899
136442 131387
53897 185180
52860 156070
46934 181127
126397 197411
59332 29525
49178 166511
49054 8431
56526 46706
102709 113534
14728 151571
175151 19944
28754 176156
122052 196917
60085 3954
41689 23434
95939 119266
101246 154714
183291 58030
124415 148367
173680 110428
157500 565
132709 140687
17434 124523
60441 28756
187732 107844
79220 67409
172095 190399
10356 21499
176013 2525
165440 107291
75943 91866
26765 53795
195096 1659
85330 36818
67217 72546
152528 129465
53991 124779
2018 79195
40416 81283
102404 197382
124359 17370
97765 63193
74379 5372
181169 73044
141181 189643
103919 58219
131838 79025
126986 78478
34684 114186
132609 112198
40044 75496
192750 37014
190856 66286
189781 195511
4800 150586
55800 53063
88067 165120
85664 87981
91299 167370
125104 35568
53873 154425
73730 120175
144535 132909
191114 137352
146479 45910
85223 82272
192413 160330
83441 166529
125176 103161
189724 136628
52327 140831
98975 74065
159838 147236
126196 112465
134319 136474
68098 181031
54777 66800
110622 5600
21746 102681
64800 88244
85879 138908
32057 70682
13476 157212
114904 11533
173744 81146
190956 181885
47256 1466
187961 32662
70720 13878
84613 3812
36758 183387
194024 82261
125619 150638
130058 149871
182881 126503
87725 189918
133167 77457
142555 19616
38609 68997
169993 10485
20014 140141
42082 195991
178126 11482
183723 102482
133220 118199
137292 184545
122803 105809
57473 133134
199786 165996
138735 121010
134584 111329
48891 54594
184004 59380
13261 108705
25004 131681
22827 3947
15400 64375
108510 105001
32776 150848
196782 15515
9594 150097
33893 187452
77872 6584
83421 16698
80804 51947
154860 146651
111265 54618
328 70870
33944 115388
40128 119346
169891 65438
70386 60314
156052 116778
14135 270
83623 151967
133696 182751
21768 71540
188656 93544
37024 133589
175260 1899
121218 162184
70454 176102
26709 13897
9740 140862
107693 26024
4606 128990
118116 1493
172008 96347
180020 138308
81732 50112
101237 97327
103413 25626
7735 51178
29295 69844
182065 58132
132380 121551
116397 45607
149708 122058
31927 122278
60066 169380
132705 48852
184219 34411
30291 47679
27144 21847
124285 139763
35905 9264
111798 55727
26531 85419
33475 61845
51179 117344
38642 90662
7139 180123
33392 185274
32713 95236
78558 131710
36270 151924
172074 81046
42576 42631
171819 18128
105525 114233
52580 34665
11699 151212
67726 10532
183690 143168
126476 175721
134675 81160
93927 40666
169523 29114
129952 75204
148974 28187
148954 107368
174451 146636
74542 199957
31587 127684
61472 140028
32354 167783
1352 156141
130235 24213
156590 100435
51737 123352
84290 129239
195120 71872
173346 27556
99384 46623
112064 64865
18653 170705
60665 18603
77133 11652
19810 115467
78906 194409
194754 139232
199147 37621
30240 104958
45392 183576
47801 64841
15648 49972
184064 87798
68448 189211
19432 70320
98757 156421
14061 9763
156810 65991
100751 37347
172406 186650
198541 64517
44435 3362
132537 82753
36730 32170
159914 161270
140892 31705
131423 74079
109013 75280
69901 118137
29380 178003
2616 175681
96362 154902
168407 192920
64492 42678
1022 103258
185079 190038
183973 134104
181289 28977
5395 107629
32511 166787
84811 125977
48651 63302
126523 184989
168988 144945
123139 41526
104966 154763
93361 174912
39405 14597
197081 117256
57713 116686
125992 151298
64395 90942
20595 138173
28184 55131
20338 112763
16417 61649
188369 163096
149259 115169
42032 78234
24047 189701
145990 189711
37115 82646
16691 29941
99428 70780
143661 47074
59445 57750
197745 101822
39885 122846
190426 154533
133308 59700
110983 54314
44703 22388
16154 94413
16608 29213
57050 174425
20550 35428
159868 175300
26039 194079
147791 187737
153282 167028
90231 24658
170755 167465
101446 3831
50381 80349
195143 84444
198541 8265
129251 118094
1365 27013
56037 93790
192450 25373
22412 193067
37419 86661
49885 2932
192659 191958
18600 126730
4194 36321
130039 60439
8593 138353
155370 132216
151320 27663
139450 71185
188461 53705
34707 111073
181168 14738
52447 88156
127130 47807
61044 117858
31230 124174
36362 32179
139595 183875
110126 75919
184078 144928
167160 84140
96358 50491
185137 156108
145487 172628
23902 138743
152958 178429
1790 172179
155886 7496
123223 74809
25866 150961
26404 39432
79234 65621
77350 56639
122031 83743
108847 156874
75680 18619
119973 100565
9666 120134
34664 23981
123720 88801
138291 57316
130496 66475
161427 160803
55024 23247
26574 113640
192979 1766
34240 122255
109580 48205
50919 15963
164557 56868
54382 31015
33304 51055
185463 23861
51736 21346
113469 97528
61772 158512
57676 153265
42335 9099
164805 161419
169457 89789
168063 145329
19809 42885
142167 135221
20733 28130
50174 20701
39722 38080
66096 50099
190737 101038
125659 75299
21375 39713
94081 96642
22790 46559
50462 66152
83342 187117
155458 161334
104310 51496
92497 2717
176585 72474
97126 161060
179832 56605
143201 101132
11664 146901
140205 75059
29371 27420
13354 159932
142897 129925
165090 159548
146574 142884
192318 73783
75162 128233
57267 22040
186338 60653
21587 63703
129037 118550
64737 117334
138055 65903
28687 10978
79344 43453
168347 112236
49308 52514
49709 30663
132853 38322
31211 115827
146329 64860
20443 23517
73641 45466
183304 59534
99848 57985
58480 192984
105843 6402
6898 151752
180430 111401
129978 198809
119517 63974
91869 80156
78016 121843
64534 89434
115101 173077
100046 72461
112775 106148
117579 127841
63817 139582
25638 11386
48657 3566
153795 72379
78783 122891
91048 101591
175601 187338
148402 153880
176936 58251
131590 48480
105322 405
33532 149844
197752 157151
103947 29365
30984 152113
188374 23335
94499 16209
4393 85209
83453 156059
143881 142381
76267 139274
185986 30329
70679 145907
112373 47659
154068 28064
54547 178776
81038 126625
175745 20668
49261 171059
182644 140857
123886 41001
179377 61627
54679 191761
103519 177252
27895 141507
154244 141074
77040 87020
140882 172683
122328 123579
17039 86733
15340 141952
109975 75336
76764 19895
140180 37633
137777 41524
20437 64734
35660 57124
126467 34534
187132 103290
176095 58058
2676 41591
33114 147803
17653 50837
7274 70289
161723 10709
76163 58144
133784 103515
73802 192422
136881 181889
123421 60174
125073 106584
171990 28370
4585 93714
130911 43648
56640 177108
96542 179587
139866 48277
47779 157832
17711 145831
170241 153386
158241 174742
126755 37946
32893 97562
60403 156693
12768 100377
106371 29751
184516 17324
143952 145084
84688 158835
59880 102052
95666 130720
79334 166158
190978 111475
60966 161155
110432 119360
35280 131795
67729 135963
46040 92074
19386 158127
123053 132513
152477 127804
41237 65821
62892 59666
67129 49184
175947 151329
61730 148995
168812 38800
1379 172430
168917 68942
195883 147243
142334 106734
140888 94417
57068 126170
119103 82892
170483 171360
150098 20435
46339 8659
21213 140131
62887 34941
129149 155546
90264 27240
170671 99019
66064 194665
126909 141705
36597 109124
166634 21874
37332 54442
21190 149977
136819 43820
87785 86641
6473 173528
38746 151590
127263 5564
122114 130909
8884 124537
168579 56042
58354 66098
53541 137517
6872 28111
186678 89230
59128 154605
167714 107045
135538 97790
23227 132291
152146 184705
83951 185777
19861 71662
41372 46252
36128 151855
95325 181274
69834 174957
29652 83380
133494 141925
149543 189836
79896 196227
185586 139027
175434 57556
123921 37649
186430 23430
69671 127605
13596 128881
52569 86438
53658 49052
183338 120751
185358 125312
134492 7840
59054 104491
64381 132861
59333 26219
184735 59044
98713 39525
164079 174782
165452 25913
60379 91046
13431 143043
145710 165217
15528 40386
56746 199668
147731 190134
153628 104409
195908 161054
166365 55725
27402 171749
143035 155513
93916 148770
98686 121541
197277 103353
143904 34626
182843 53399
73704 133025
121265 195421
158461 199348
45092 61425
199958 68914
192718 95791
57524 86419
95586 18724
7524 3584
40240 135339
89045 47258
153317 114342
104705 76622
26837 140738
194934 43664
114613 131843
29042 173599
76545 58984
167348 118150
75330 42681
156036 141301
51150 117695
172700 140231
22049 169835
45718 50549
149583 176785
138156 60962
49201 44296
32152 26880
29502 163790
157230 107652
125124 112657
98081 80017
73927 97738
122283 76537
941 15147
128414 73108
15101 100993
165458 151955
102677 184075
134387 25034
92367 121135
82903 55545
158043 154039
135278 171038
199269 87046
139624 104629
22113 187963
92915 31883
135455 100781
104873 78449
105956 122165
37863 36500
135789 69560
17351 14147
190693 8722
79616 136780
105402 20843
3252 101235
49349 104513
138678 199242
768 9411
56140 162657
163048 68098
125387 47806
98289 114119
149241 111195
143741 83368
100603 175369
134969 118518
150966 175089
108002 101424
127578 122263
51388 48535
38687 96913
178169 7931
139425 45468
145902 48974
71408 29529
134100 90562
67281 127296
71055 13119
3967 144236
121429 50975
102274 184876
77040 119407
172132 34066
111597 9961
82996 6959
113296 19512
92801 129217
66299 157142
132975 68909
142093 111682
74076 83600
156199 69009
58116 87669
112484 17785
152828 184388
63422 24751
149145 102628
124171 136264
62440 124053
101364 180267
25840 119893
10662 102972
164071 199996
82296 50006
171519 188065
164930 116447
27214 118660
134515 10938
138729 69091
1348 38909
30377 11486
120355 97267
62861 132296
61162 93341
143790 137570
168670 16568
84065 47714
51833 178704
164442 132846
139831 14396
153895 178726
97428 149620
115018 97563
10973 19420
166628 47666
182908 150948
120928 199294
65319 41175
49198 38461
88055 168004
166168 147966
111145 75445
99161 28312
38942 47639
93935 136074
57308 24258
52468 76402
12185 123414
128036 135614
142042 174905
132677 177470
184292 27601
166701 10415
94502 43231
193708 165766
66284 91217
185565 145472
172575 95906
169140 125490
164652 109582
5516 185794
196393 72379
89805 130296
182415 157689
185358 115187
139757 33743
34684 33032
183905 76659
154753 45300
18829 98862
53946 77479
136634 17871
110706 194029
105329 9331
100576 152410
94250 138060
62537 17724
160083 75237
122167 159311
109711 65444
23610 182101
95595 158297
79643 77166
53570 74441
8741 142194
56626 41498
82476 161439
16282 76011
134009 183781
22435 96476
124946 46261
92194 62421
56955 87607
94862 87050
197100 7278
31790 160005
197814 45851
39070 169354
51107 166259
13184 21311
157684 81490
150785 71627
54037 57336
189429 106963
7576 99913
140847 79254
67875 59865
87906 121203
66643 195366
19971 151597
142562 138836
146023 21573
141775 160371
17766 19172
76703 2978
81889 110736
81079 179700
60030 20508
125057 169788
150072 147212
25672 199097
177262 17983
35076 197224
47063 48289
68660 52847
41900 50313
127220 29198
162867 39422
147187 114278
51852 153184
182411 118463
140078 73548
14836 2972
90161 58614
80085 46608
6872 197868
100151 125517
73825 103424
199717 36887
126511 166967
47451 161909
125894 126401
178401 167739
145370 30967
84918 4146
3502 70755
137902 35604
95974 100063
182564 100398
188709 26826
189519 84238
170092 141852
66515 124008
91195 148078
19720 80107
196779 18249
161477 86189
16562 79697
59016 192916
181478 105379
31889 60042
116167 97672
52066 183687
110006 120643
155661 164378
58633 143714
55423 168764
197042 51359
4975 150350
154789 122536
80949 55481
31930 41621
180171 100969
184025 168774
39055 61222
148657 51066
37430 125678
24206 140642
117978 147155
142017 61953
120303 182708
48426 123117
116898 146270
155213 6700
159449 139257
162632 187527
199547 107676
7921 119727
165178 77720
129158 175770
89643 39390
24301 8298
19187 24410
171553 71441
50909 162764
153741 78248
103400 24166
16564 173039
47847 140765
159994 70964
195349 23457
199034 108125
169689 99763
163746 197876
93673 34967
94538 78863
83986 171069
30088 155453
146732 25259
42084 2709
88692 32338
40690 79499
101524 158606
23940 178884
108799 10928
2895 13409
53130 78663
140182 69094
87809 15935
148097 159103
144303 121965
195824 140030
81376 137739
43616 3498
109865 107826
162037 162503
91650 45115
117048 185652
162161 35810
15745 199651
16629 50811
185919 141971
62321 190688
55966 168974
43380 43691
68466 93609
43056 179508
48099 44719
151197 123333
135120 150311
105033 74939
22118 32486
134016 57901
183416 117114
10724 37786
98566 20985
94693 199087
195159 70630
161877 77522
14364 102118
141951 165802
141251 8133
138885 97705
163490 100358
166004 59139
172477 155066
151599 85566
120221 135818
2820 24664
121760 113603
57755 50775
58820 178510
187054 162261
62299 21455
196225 54385
76636 103727
199944 12029
108566 23590
100276 9331
119329 88555
19503 156538
13427 1308
71216 23999
66476 15098
82408 181013
95639 149634
133368 152900
197567 95035
118346 120989
147981 126144
22631 130335
156710 115757
180845 92986
160271 16246
87598 198043
61045 108895
119728 66063
139821 138379
143295 10507
110291 102162
21639 50611
80876 11593
83769 103219
194148 67534
195385 83463
79112 170985
20926 35772
138679 81484
68743 187718
56356 113547
183301 57315
98565 177184
181630 117160
129456 42241
126070 84161
56140 13846
68310 143486
119387 110561
159183 6296
193352 66167
172047 83097
68490 111378
186467 144531
117818 85088
164716 128618
67872 56189
119953 21049
194166 38877
116530 133551
98676 112511
189825 182931
58498 168791
183908 55385
59947 90414
31796 131247
23665 138990
178717 56988
136225 134096
78993 13303
99257 51535
193810 173704
121218 169002
55427 19490
61426 70627
1668 64326
36821 67876
451 126600
131843 29215
163272 83955
181401 1589
168331 82649
95527 179619
126169 196112
195834 90606
77332 156907
48164 94733
87420 2436
1262 28128
450 418
42785 86368
10603 195882
70037 43969
28682 170925
110773 19351
75547 196467
176140 112246
18342 48500
175971 53737
92506 42553
35770 101901
77368 49141
86224 168687
63042 129897
47898 56666
56115 151482
52507 94265
169061 104020
26325 114206
144663 67790
45000 2695
112322 168418
60846 79398
59484 55116
161731 128036
44706 136241
60685 160140
45844 68236
70723 12
56159 85083
171649 55674
21272 89936
125033 181008
181874 185438
142463 9281
159009 147714
14588 174194
82622 171458
174585 9540
32912 139110
146244 189458
67507 1433
104373 72072
162357 29489
194570 167456
98440 192740
9646 8414
180239 61620
89402 118899
72896 146643
107499 147709
63912 29651
150750 70149
105120 120425
165092 153300
67962 132249
19057 51160
47327 104677
147892 53771
32328 18100
135669 146207
65658 31600
142779 94812
54153 84505
154486 34762
91970 178944
61709 127769
108171 91241
125640 176565
185090 32448
94381 77404
43914 109262
35706 146922
175276 116061
87731 197397
105067 65107
170687 29660
126119 72885
181318 71012
13316 136241
73853 74283
59707 132679
191592 126193
133175 12109
122230 52419
13068 15621
161676 193152
96371 50862
196269 82878
39563 189665
187279 49843
9120 170594
86636 145973
98365 64177
38833 185459
169042 11555
36412 27787
185498 27610
23979 93832
181312 165582
25583 198689
157786 99742
56285 143441
145771 163253
29916 46983
22442 68822
49486 151031
324 112018
119789 149515
59127 134565
66174 93088
149602 97736
25765 26023
82031 147110
96720 162748
184706 143478
42792 1820
143319 154130
150004 76269
133863 172879
182354 50447
10083 79467
83702 195251
46161 137068
169986 133730
149885 152249
179025 90737
191664 63340
136539 186203
68607 80242
179449 31961
60160 96423
95281 174325
30462 108618
183081 196517
117697 158240
63778 107354
166979 102136
130746 119288
163108 14035
96240 40932
158228 40235
101118 103478
5581 30929
13994 116405
50131 131798
169789 159749
98164 74832
40362 182084
96374 141750
192889 186002
158560 84083
142387 63704
157968 35872
113936 186997
187602 71969
128749 113206
172493 28780
999 46848
68854 159109
159837 135957
70425 18062
104466 166834
184246 12075
97827 79918
80819 52629
64946 85261
44931 76428
55646 56907
188354 28718
148968 93274
160139 101581
175637 75406
46257 161061
23737 127505
89565 40756
6316 83603
98013 163446
30603 176353
6564 771
98155 20175
40021 131441
117580 82024
54603 1248
192724 197241
55962 18337
29289 99908
66152 21980
117429 41869
153054 172461
61934 109835
77015 65331
23558 104167
149345 186746
115528 16182
62836 176767
104598 40026
72927 142960
7983 189162
137655 122825
45738 91320
47287 23086
163645 184418
178797 145832
339 4048
150402 188565
199085 93349
132630 187141
23941 148953
99909 58799
138447 62382
145134 39234
194514 2885
21298 49760
76088 71731
81573 54272
73840 49574
128554 105510
108856 173999
121782 31659
30839 89920
164451 46683
28522 35450
167919 7790
2583 196848
1558 172767
52580 134641
105975 166618
153337 72334
185390 26550
121897 60870
10980 127849
141751 180676
80400 34666
35724 38240
162647 137672
34519 18781
181884 109897
105666 64458
113631 154540
105870 103393
138758 193730
121483 150075
102333 193970
108462 87390
52467 197252
121174 85757
178854 165814
6757 80630
155199 129411
79072 57091
33332 167547
73944 6600
170579 135379
105901 95736
36527 49467
140509 85952
199438 75512
38849 100371
22965 56967
120802 69842
176520 53253
177887 56278
54866 103007
97319 165078
128864 190600
57920 123222
8255 163325
112750 46802
120843 89142
67234 198582
82560 119615
185450 184122
33140 84974
40142 158027
67673 185003
10615 67920
76468 15800
132107 9352
23254 133359
69114 12316
70708 71979
172542 17738
111743 116440
87316 162139
119905 100604
100008 15163
90415 60890
78304 89450
