200 19900
158 193
197 16
143 183
181 96
147 176
20 162
114 5
5 178
43 3
171 86
9 183
111 196
29 44
67 137
33 41
90 42
53 166
6 117
133 30
190 65
137 91
66 158
86 22
33 154
15 30
184 118
56 101
38 149
57 50
80 155
124 20
136 157
185 101
123 31
160 3
52 17
15 143
199 162
163 25
184 137
92 197
132 105
143 146
8 87
136 108
65 154
28 10
181 75
160 114
14 77
170 121
71 100
18 112
146 189
113 182
98 194
99 103
27 194
65 11
32 188
51 200
114 94
10 22
94 174
41 34
169 117
98 181
151 189
8 181
104 115
155 38
122 63
175 43
13 188
51 121
108 126
71 138
112 121
131 49
98 36
151 18
124 110
100 29
175 152
197 96
107 190
127 179
62 40
131 94
60 104
116 80
117 105
121 124
46 175
170 185
140 188
86 151
141 169
74 156
73 29
50 140
22 148
150 89
23 197
117 26
100 58
197 82
144 98
73 92
58 11
93 1
26 74
154 135
83 23
170 130
103 104
106 156
69 40
103 95
73 45
36 167
164 195
50 169
187 53
79 195
82 165
120 16
106 47
119 165
183 161
186 135
46 127
187 162
105 177
120 127
102 51
5 46
196 60
1 58
186 118
149 98
25 172
44 120
135 83
48 123
9 43
105 126
151 198
72 113
200 134
128 163
21 66
58 44
78 171
6 196
44 15
7 149
10 139
80 198
162 94
181 162
128 82
88 137
20 96
58 159
152 88
113 84
63 130
101 91
30 89
137 129
145 135
37 102
185 16
77 34
57 41
134 171
63 19
191 46
194 82
96 162
143 139
110 90
39 106
5 150
43 111
190 146
63 96
198 165
120 2
124 114
92 71
90 14
19 6
147 61
45 175
5 39
133 114
190 125
137 119
156 181
194 96
160 176
52 70
18 178
56 1
113 112
76 124
105 97
132 190
62 32
113 2
156 36
45 24
86 173
14 190
142 115
180 162
199 134
146 14
113 193
166 85
169 183
132 77
66 191
8 115
136 8
28 110
156 91
85 107
2 80
51 183
14 41
199 23
146 161
75 13
166 164
169 192
160 56
8 194
27 174
151 193
179 27
37 89
75 154
61 67
64 169
118 28
155 2
84 164
122 83
88 95
51 85
111 89
108 98
127 198
37 42
189 136
60 157
188 74
61 180
192 13
155 179
175 188
13 49
141 124
144 160
17 182
40 81
141 146
97 128
23 120
26 140
64 119
132 54
121 10
84 122
7 49
50 54
107 43
144 63
74 176
2 181
99 61
75 74
106 76
83 66
46 58
174 111
103 63
50 137
197 54
55 184
160 86
172 78
97 98
79 54
11 25
83 51
103 140
149 89
69 12
49 184
163 75
55 41
183 20
130 128
189 109
25 110
79 167
82 137
83 160
102 76
49 80
106 3
159 31
35 5
92 82
55 94
183 133
96 21
115 182
135 38
18 77
159 172
72 30
163 169
92 193
58 81
21 75
78 20
25 136
172 41
101 157
48 103
68 106
125 7
109 139
200 162
54 13
148 66
115 157
78 135
6 160
172 184
138 120
176 187
34 57
91 8
54 188
185 195
148 49
77 117
43 173
6 51
134 4
101 127
109 183
161 186
90 192
91 185
110 135
39 185
169 18
43 58
171 1
134 151
63 55
29 99
67 176
35 128
33 96
161 43
53 109
110 118
76 130
114 77
5 138
43 75
137 2
15 33
53 158
56 174
19 34
147 89
76 17
170 90
9 88
156 153
194 68
123 86
39 141
52 90
180 23
109 87
56 29
181 105
75 149
66 138
85 158
117 10
180 134
146 114
38 44
166 113
169 147
42 163
4 159
99 46
32 117
51 147
71 44
165 167
98 138
189 33
27 138
155 113
193 166
122 4
175 114
198 177
145 59
75 134
94 102
169 77
98 125
61 103
27 59
176 134
47 52
198 192
6 128
112 129
40 190
88 40
188 110
192 105
13 85
141 96
144 140
101 14
74 69
93 167
40 77
97 172
23 156
117 33
172 55
192 152
174 24
108 21
70 153
73 139
36 25
164 86
130 66
168 145
97 29
79 101
26 19
122 51
83 94
121 151
174 139
103 35
140 47
58 182
25 118
126 128
36 104
55 156
93 73
170 50
102 153
159 98
197 187
126 19
30 111
183 120
187 125
25 74
79 187
120 72
173 66
161 140
49 124
192 6
106 103
72 171
35 33
129 36
17 197
172 126
45 136
48 180
139 79
68 63
196 116
159 128
72 58
200 79
54 126
1 98
129 85
58 117
21 111
45 15
81 188
172 13
185 6
48 3
87 33
195 180
196 155
128 107
198 108
152 97
6 140
134 81
172 156
10 67
138 28
176 167
30 6
125 156
162 134
91 20
128 26
26 168
114 143
24 91
43 137
6 31
191 17
67 31
192 80
87 192
91 133
110 163
57 21
185 72
167 104
9 154
181 23
33 12
143 195
147 4
117 84
57 25
170 175
133 57
32 174
190 170
119 192
86 11
124 186
180 68
19 62
147 117
42 101
80 176
133 74
62 96
190 53
119 113
66 127
199 32
86 122
14 199
15 170
56 57
166 2
65 189
193 96
185 119
85 178
32 34
63 87
142 43
199 78
144 40
166 157
167 3
132 5
8 11
32 145
67 144
188 132
145 150
165 91
95 158
151 152
27 150
155 93
28 197
73 79
175 22
88 104
51 28
108 27
168 190
112 94
75 162
94 66
185 121
151 9
64 145
118 68
175 135
178 169
198 44
127 158
74 194
21 37
60 69
23 51
151 126
192 117
46 144
130 80
50 111
178 56
22 137
7 33
46 3
140 124
103 54
144 7
164 109
93 60
22 120
117 182
154 160
173 132
46 114
103 71
197 61
73 48
36 140
187 40
153 104
102 133
49 15
31 139
159 70
126 15
163 3
92 107
183 92
21 161
187 153
25 38
48 193
139 26
68 140
31 24
197 24
72 199
200 28
163 144
182 156
189 184
186 83
156 167
116 144
7 35
91 23
68 19
125 94
72 86
153 191
129 177
58 9
160 162
81 152
99 42
7 176
10 148
96 136
11 181
105 18
128 119
177 186
148 122
152 125
6 104
17 89
10 103
30 98
158 183
87 119
34 97
91 112
20 60
77 61
24 183
171 56
138 131
161 98
90 184
143 182
181 111
147 179
20 163
114 2
167 12
80 126
43 2
18 157
29 43
157 22
124 111
90 43
143 39
57 162
72 136
31 129
170 131
133 29
100 192
119 164
194 29
123 161
86 23
163 73
180 88
143 84
19 90
113 75
42 89
80 156
62 28
109 55
123 30
160 4
15 142
109 31
113 36
132 106
189 135
28 11
85 86
14 82
142 7
199 50
146 186
75 96
113 181
4 44
98 195
8 39
132 114
65 10
57 135
179 62
89 20
145 114
165 127
94 175
131 163
169 116
98 178
151 188
155 57
84 129
122 60
179 175
108 127
145 3
94 62
41 178
35 12
61 175
199 111
175 155
13 12
141 87
198 8
164 136
168 75
41 195
23 87
117 104
64 108
192 81
136 196
84 103
140 145
135 194
141 168
127 3
164 31
28 24
40 5
3 155
22 149
150 94
188 133
154 21
174 80
12 91
69 134
197 81
144 99
73 67
2 65
8 106
59 144
26 75
154 132
174 195
12 42
106 157
69 23
186 77
36 160
55 196
193 50
130 189
59 1
150 184
153 68
82 162
45 46
173 121
102 161
139 169
177 126
31 111
35 104
163 63
55 117
186 132
59 126
107 175
116 69
82 53
45 191
49 132
196 61
21 55
163 140
25 193
109 50
95 80
78 57
44 121
172 70
135 82
48 124
11 64
30 188
192 102
200 135
182 92
129 157
58 45
189 11
115 52
78 168
81 132
44 8
81 100
10 136
176 144
195 140
109 94
181 161
128 83
20 97
58 156
24 100
152 89
134 25
63 141
101 90
67 70
105 159
111 145
77 33
22 57
165 71
191 41
138 167
157 73
125 99
90 156
57 77
114 38
5 149
100 21
176 37
191 190
104 80
33 52
61 22
19 9
147 60
46 94
120 36
133 113
190 98
137 118
27 106
194 97
123 77
86 51
33 165
52 71
18 179
56 2
19 118
38 182
76 125
136 186
47 103
123 58
160 32
14 191
180 163
18 194
184 166
166 74
4 113
132 78
99 53
65 101
166 97
156 84
85 106
32 106
51 182
140 22
146 158
108 23
166 165
95 65
99 130
145 27
65 22
28 158
175 89
51 39
179 26
142 146
145 94
75 157
94 139
88 81
4 151
98 86
151 192
75 166
155 5
84 165
47 19
88 32
179 139
37 41
40 195
131 44
60 158
61 179
192 14
155 178
178 113
107 157
70 35
164 172
37 186
40 82
168 39
22 198
172 194
23 123
111 33
192 189
121 9
84 123
140 181
107 42
70 178
127 39
74 177
2 178
130 127
17 14
5 148
26 60
83 69
46 59
174 108
12 127
197 53
144 79
30 116
55 187
2 37
59 188
22 32
177 9
197 198
125 170
163 74
10 26
183 23
59 45
187 80
79 166
82 134
135 144
83 163
68 181
159 30
72 176
35 4
195 26
81 105
186 152
187 193
124 39
82 25
120 156
11 31
139 34
196 17
159 175
72 31
200 84
1 5
21 74
115 99
78 21
25 143
172 42
91 93
105 89
6 13
152 6
6 161
134 106
197 19
107 131
30 43
158 124
87 78
6 88
181 133
128 63
111 68
81 113
63 161
67 34
110 132
26 186
39 184
43 61
134 148
29 98
141 128
192 174
87 172
90 112
56 192
110 119
39 9
177 53
171 145
100 9
137 1
91 151
23 129
94 34
53 157
45 157
19 37
76 18
2 198
170 91
133 85
136 199
9 95
185 94
194 69
123 105
2 18
89 169
15 81
113 19
76 97
132 147
29 122
119 29
66 139
32 7
160 76
29 63
23 188
64 17
199 101
146 115
38 45
169 146
42 160
99 81
136 37
100 79
193 52
62 10
89 75
145 169
46 7
95 165
99 190
29 85
155 112
193 165
47 70
182 97
37 124
75 185
94 103
98 122
64 182
27 58
84 185
47 55
30 160
45 151
198 193
168 116
41 138
97 26
188 111
151 85
64 37
192 106
155 158
84 40
50 72
107 121
74 66
93 166
50 151
168 3
97 163
128 56
23 159
33 53
161 9
140 89
144 28
36 26
164 87
2 150
130 67
168 146
22 93
26 16
83 97
46 87
80 19
103 34
140 40
69 94
197 41
126 129
79 69
36 105
17 199
79 21
102 158
103 179
31 150
197 47
197 186
126 16
163 102
55 12
96 67
121 183
187 124
116 14
79 186
82 106
120 73
173 65
170 102
106 100
103 67
35 32
153 166
149 40
44 178
7 62
135 5
48 181
176 122
68 56
16 69
200 112
1 97
96 161
107 68
78 113
81 179
172 14
48 4
11 136
195 183
68 79
196 132
177 24
96 127
129 197
148 103
86 50
152 98
6 141
134 86
101 1
138 29
100 128
195 68
158 88
125 155
162 135
173 54
54 153
43 136
109 165
63 197
29 156
67 30
80 162
9 79
161 69
90 165
177 51
91 132
147 150
20 136
1 75
43 25
63 42
29 70
190 43
33 3
87 176
90 84
110 19
147 7
76 167
39 45
80 34
133 56
190 171
119 195
52 136
56 75
133 131
76 54
42 98
80 177
133 73
62 97
190 58
119 112
85 192
186 195
52 63
15 181
19 174
166 3
35 112
132 119
65 188
193 103
45 148
142 40
18 10
146 87
75 71
113 136
166 146
169 142
42 132
8 12
118 187
28 87
120 67
21 173
71 19
94 176
95 153
8 155
28 198
122 25
175 17
13 150
34 196
198 146
145 38
68 163
112 95
165 43
61 138
118 69
179 195
108 171
161 164
40 155
168 80
35 58
188 115
46 145
84 76
50 108
178 57
141 131
70 107
127 110
32 52
93 138
3 190
75 83
31 4
26 197
154 62
140 125
135 48
197 124
96 60
73 166
164 75
93 59
130 39
168 142
150 34
178 33
154 161
46 115
109 186
103 70
49 183
197 13
182 144
32 105
70 44
8 24
150 157
82 191
102 186
49 14
177 81
103 3
197 158
126 12
1 163
55 16
183 95
95 123
187 152
82 78
120 101
48 194
102 21
139 29
106 88
72 200
92 27
100 149
21 17
149 76
78 34
7 34
135 105
48 81
11 39
139 106
34 156
200 108
1 77
58 22
115 91
200 74
44 37
176 25
10 149
48 32
11 180
195 147
158 37
34 15
162 56
111 15
148 123
77 171
24 9
152 126
134 50
172 129
10 100
138 49
67 109
105 162
87 118
125 191
96 171
78 153
77 60
149 159
171 59
138 128
157 100
161 97
143 177
181 110
1 66
147 178
185 107
39 64
167 15
5 176
109 159
100 114
63 78
172 16
29 42
157 21
33 47
143 38
110 47
147 35
170 128
200 180
119 167
104 132
160 150
15 24
143 87
56 103
184 28
76 90
189 83
165 20
62 29
119 84
156 194
123 17
135 17
15 137
199 156
38 26
166 47
132 107
99 24
65 152
28 4
156 113
14 83
142 4
71 102
18 110
37 100
199 62
166 190
95 108
98 192
153 14
118 135
65 9
28 187
32 190
165 126
94 172
169 123
98 179
8 183
118 54
75 131
47 126
88 69
17 63
71 132
20 128
37 52
94 63
61 174
20 73
192 35
155 169
178 74
107 176
198 9
127 189
164 137
37 133
40 119
168 76
41 194
192 82
46 173
47 63
140 146
141 167
195 94
127 2
151 27
22 170
150 95
188 134
117 24
103 21
140 97
69 133
145 144
144 100
73 66
36 82
164 111
2 94
198 57
138 60
79 92
170 54
154 133
83 25
12 43
23 11
69 22
163 81
36 161
55 199
53 143
13 22
141 33
177 125
159 37
35 107
163 62
1 143
183 163
186 133
59 113
116 70
82 50
135 60
139 57
196 62
164 134
200 57
6 26
186 116
149 96
152 188
25 178
189 134
135 77
48 125
176 2
105 124
68 112
196 77
72 115
200 136
54 39
129 156
148 168
15 89
152 43
6 186
44 9
10 137
176 145
158 1
181 160
128 84
86 12
111 35
58 157
24 101
152 90
81 20
61 66
63 140
10 24
141 151
105 158
158 144
161 156
168 38
46 166
185 22
190 4
77 32
191 40
124 29
163 7
90 157
143 149
110 88
182 71
114 39
167 51
80 91
43 97
171 180
190 144
191 185
29 14
90 12
53 184
57 189
5 37
66 53
29 191
123 76
86 48
33 164
109 113
140 180
113 118
117 40
132 184
62 57
93 100
156 38
81 85
86 163
14 188
142 113
109 2
146 12
184 167
113 199
4 114
132 79
189 170
62 136
65 100
28 104
156 85
96 36
32 107
157 55
89 110
71 74
109 147
146 159
165 129
169 198
99 133
27 160
65 21
175 88
51 38
145 93
37 71
75 156
94 136
41 28
64 171
104 120
80 87
178 159
85 105
179 138
108 92
94 27
131 47
176 195
188 68
151 48
33 44
192 15
107 151
16 36
70 32
17 180
39 55
74 47
22 199
60 14
23 122
53 161
192 190
103 132
170 162
140 182
107 45
70 179
127 38
74 190
130 124
168 183
22 182
188 170
26 61
83 68
174 109
12 120
140 5
69 121
144 64
36 118
55 186
121 158
97 96
22 14
153 182
154 153
83 53
176 27
31 189
79 75
55 43
116 43
135 147
135 16
68 182
72 177
92 44
15 62
186 153
149 19
25 29
176 79
48 138
11 30
49 167
197 148
200 85
163 171
182 69
129 79
58 95
21 73
149 132
25 142
7 106
101 155
176 46
30 153
125 5
128 129
152 7
6 166
134 107
172 186
10 173
194 114
176 189
30 40
158 125
87 73
34 55
54 178
58 177
77 115
81 112
157 173
158 140
161 184
197 199
181 53
185 50
39 187
167 70
132 199
134 149
191 76
194 160
67 178
80 144
124 33
61 8
57 104
19 133
114 75
5 136
171 144
14 194
104 77
124 144
143 30
197 40
147 91
126 24
114 26
5 25
133 84
190 31
66 25
15 80
109 85
153 33
113 18
160 24
136 87
113 5
66 136
160 77
14 152
142 77
15 193
199 100
38 34
4 86
42 161
8 17
62 164
28 76
32 119
51 149
89 74
153 4
95 164
98 136
99 161
27 140
193 164
175 124
45 110
51 2
179 121
108 49
145 57
37 123
75 184
94 100
41 120
126 70
64 183
27 61
84 186
85 183
88 61
141 13
15 85
112 131
168 117
60 163
188 104
159 43
64 38
84 41
89 44
50 73
107 120
70 12
198 81
40 79
97 162
126 107
23 158
117 47
42 177
121 36
73 33
140 90
116 68
144 29
73 137
36 27
164 80
130 64
22 82
150 7
31 10
26 17
154 74
173 158
46 84
12 28
50 171
120 155
16 103
126 134
73 26
36 106
2 6
169 132
187 14
153 146
122 131
173 47
102 159
109 172
177 52
159 108
197 185
126 17
55 15
183 122
59 72
187 127
25 72
153 3
120 74
83 190
102 110
106 101
139 163
126 96
92 48
193 30
96 51
149 55
120 185
78 51
176 123
62 72
68 57
196 118
72 60
200 113
54 124
1 96
186 44
149 152
78 118
44 66
101 191
48 5
11 139
105 52
125 41
24 46
152 99
81 195
195 71
83 161
34 91
162 132
99 116
128 28
114 141
77 23
24 93
43 139
81 92
189 117
63 196
67 1
90 162
110 161
147 153
111 200
39 95
167 106
9 152
29 69
157 48
33 2
87 179
53 79
92 155
114 111
80 35
133 39
100 46
137 60
123 135
160 139
124 180
52 137
180 70
147 119
76 55
170 60
64 78
100 189
119 115
121 31
86 120
14 197
109 57
91 172
29 189
113 62
132 112
136 115
28 33
156 110
85 176
32 36
160 105
142 41
18 11
146 84
108 30
166 147
31 128
71 170
65 44
193 23
85 33
145 148
94 177
18 192
95 152
98 172
151 154
8 156
27 104
28 199
179 85
2 88
71 163
37 31
165 42
94 64
98 31
151 11
27 25
126 56
26 127
175 129
178 167
198 34
29 101
164 150
112 175
40 156
168 81
131 103
5 116
64 2
121 87
88 136
141 130
127 105
74 103
91 40
108 80
23 162
198 102
96 133
69 160
16 52
164 116
139 137
79 123
117 180
20 4
46 112
103 65
69 49
16 67
73 54
101 84
183 41
187 42
150 146
153 110
173 19
102 187
157 194
12 151
31 117
159 64
197 157
35 78
30 80
92 101
81 114
183 94
21 175
186 128
153 31
82 79
120 102
48 195
87 1
49 158
31 26
182 146
129 6
115 173
115 45
116 146
172 92
48 82
176 103
157 189
68 29
196 106
34 157
72 88
200 109
54 88
182 13
129 183
115 90
17 130
81 158
111 143
48 33
141 110
195 146
158 42
34 12
20 79
131 69
77 170
152 127
81 47
134 51
67 108
105 161
87 113
34 127
91 114
20 62
114 177
77 59
24 185
88 129
171 58
134 194
191 55
157 99
158 196
90 134
143 176
20 173
5 191
4 87
100 115
191 132
104 118
157 20
33 46
53 163
50 15
76 196
5 192
119 166
20 144
123 163
160 151
33 159
52 109
180 90
143 86
56 104
184 29
113 73
160 174
144 184
42 71
170 16
62 2
137 169
66 65
123 16
86 132
14 161
52 28
15 136
109 29
140 170
38 27
2 170
99 27
136 111
65 159
193 66
156 114
32 64
160 117
14 80
114 48
199 44
146 184
75 98
113 171
166 191
4 46
8 41
118 132
175 71
188 129
164 32
50 197
94 173
41 39
169 122
2 135
61 60
189 103
27 116
155 59
84 131
47 121
13 185
41 132
108 121
37 51
165 163
41 176
22 66
61 173
192 36
178 75
141 85
127 188
74 8
37 132
40 120
3 12
131 67
60 107
143 63
117 118
121 115
140 147
141 166
70 84
11 173
95 106
74 155
2 172
40 7
3 157
97 38
188 135
154 19
46 29
174 86
12 85
140 98
197 95
144 101
73 65
93 30
57 134
117 171
79 95
117 136
154 130
83 24
174 193
130 6
106 155
16 175
36 162
183 13
59 3
22 24
153 74
82 160
120 19
173 119
102 167
12 187
31 105
159 36
163 33
55 119
21 195
59 112
26 87
93 119
82 51
135 63
102 54
139 56
137 72
129 98
21 52
152 189
25 177
44 123
7 1
11 66
105 99
68 113
56 83
34 161
72 116
54 36
172 43
148 169
157 128
152 44
6 187
2 19
176 146
195 142
158 6
181 175
128 85
111 34
148 24
77 78
24 102
152 91
187 21
177 173
109 124
101 88
67 72
195 31
161 147
91 94
19 108
39 150
116 133
171 38
134 174
63 28
191 43
138 165
9 99
33 89
161 12
90 154
143 148
57 83
39 103
171 183
190 145
18 150
191 184
29 13
21 166
143 5
184 74
57 188
133 127
171 196
9 33
137 116
29 190
86 49
52 65
180 62
109 112
56 4
184 57
38 180
76 127
42 59
136 188
119 59
85 135
123 60
160 34
14 189
1 169
109 1
119 151
38 7
166 72
169 180
160 22
99 55
65 123
193 46
85 104
89 109
27 79
145 195
18 83
146 156
75 14
81 27
95 67
189 26
65 20
28 152
175 91
114 107
179 28
142 144
145 92
37 70
165 17
94 137
131 129
4 145
151 194
64 172
155 7
122 94
175 200
88 34
179 141
169 75
28 56
94 24
131 46
60 152
23 4
155 180
84 22
175 185
178 111
141 121
198 106
127 80
164 174
189 149
168 41
97 133
60 15
106 94
117 74
64 74
174 3
50 53
107 44
144 50
193 82
130 125
168 184
22 183
150 120
188 171
26 58
5 195
83 71
46 57
109 195
50 132
16 124
144 65
36 119
55 181
185 69
153 181
139 187
38 65
67 26
177 15
45 150
16 139
35 185
163 76
183 17
130 159
149 66
116 52
79 160
82 132
120 47
173 91
49 85
68 183
106 14
159 24
72 178
126 69
185 25
169 199
183 134
96 40
12 94
25 28
82 23
120 158
24 14
11 17
139 36
135 115
72 1
200 86
182 90
58 92
96 135
115 101
152 153
25 141
44 95
7 101
101 154
45 90
176 47
196 162
125 4
162 14
200 165
148 77
115 18
75 41
37 107
138 103
176 190
30 41
158 98
87 72
96 146
54 179
185 192
148 60
24 66
81 119
15 71
158 141
87 57
91 186
182 10
111 183
43 63
134 138
63 48
191 79
29 96
67 181
33 101
90 126
110 117
87 195
114 72
170 182
50 135
47 71
104 78
52 182
180 99
53 155
19 39
76 12
58 144
62 75
9 93
137 144
156 148
29 130
19 165
86 93
15 83
18 149
19 148
108 55
76 99
42 31
33 32
32 25
160 78
46 168
142 82
199 103
57 140
38 35
95 22
42 174
8 18
65 71
193 10
122 144
32 136
51 148
89 73
67 115
146 128
165 164
17 75
166 199
95 167
176 129
189 62
27 143
122 74
122 3
175 127
17 117
71 190
112 53
165 53
94 101
13 169
111 1
118 127
84 187
122 114
101 111
13 193
141 12
17 6
40 161
3 55
41 136
60 188
151 87
58 20
192 108
84 42
50 70
88 173
141 157
144 143
198 86
93 164
3 68
60 19
23 153
64 86
144 30
73 136
36 4
2 148
108 70
22 83
150 4
83 99
46 85
79 151
103 92
140 42
69 92
35 196
30 121
36 107
2 7
187 1
102 156
31 144
126 22
55 14
21 138
59 75
25 79
153 2
120 75
91 125
102 111
49 113
106 98
189 119
74 31
182 183
6 45
116 191
182 31
7 56
120 186
48 183
11 61
196 119
159 141
72 61
200 114
54 125
92 160
129 170
58 112
186 45
149 167
78 119
44 67
7 73
48 6
106 90
105 59
68 73
196 134
162 18
200 193
148 97
77 133
24 47
88 170
40 104
161 180
105 196
158 94
125 153
70 14
128 29
20 27
97 137
63 199
191 18
91 134
57 26
20 138
167 101
88 143
171 110
100 88
63 84
111 184
194 133
157 15
33 1
161 52
117 113
90 191
110 17
46 194
114 108
80 36
133 38
100 47
194 52
123 134
160 140
52 138
180 71
143 125
56 77
184 2
80 179
14 32
100 190
137 140
123 119
52 57
15 183
109 56
56 60
113 61
160 33
132 113
25 117
65 178
28 34
32 37
67 190
89 52
142 46
71 124
199 75
146 85
75 121
38 79
4 75
42 130
99 79
118 185
9 179
28 81
85 32
54 181
71 13
165 88
94 182
95 155
98 173
8 157
118 40
155 94
28 192
122 39
175 19
51 97
108 22
71 162
61 136
27 24
100 17
141 48
179 197
198 35
114 127
112 160
40 157
3 19
131 102
151 123
64 3
104 84
121 86
13 118
70 105
74 100
60 55
23 189
117 2
33 200
121 199
174 59
69 175
73 164
130 37
22 127
150 32
79 122
117 179
154 175
83 127
46 113
174 170
12 98
126 163
73 53
36 143
183 40
187 45
57 194
82 189
69 95
173 18
102 184
49 12
12 144
31 116
159 67
197 156
126 50
55 18
183 89
46 123
187 154
22 42
79 152
48 196
102 11
49 157
68 143
125 172
200 31
188 168
182 147
184 113
149 74
78 32
116 147
44 144
7 28
135 107
48 83
11 89
68 30
34 154
54 89
92 132
119 186
148 150
12 73
149 187
78 83
44 39
7 173
10 147
48 34
11 182
5 13
34 13
162 54
54 200
20 72
32 71
7 194
101 35
67 189
67 111
87 112
125 189
162 169
137 157
20 63
180 56
77 58
24 186
171 61
134 195
157 98
80 167
161 103
90 135
143 179
110 66
147 180
185 105
167 9
63 72
104 119
157 19
124 106
90 54
147 37
66 70
133 26
100 195
119 161
66 47
139 132
116 32
70 198
180 91
56 105
185 165
139 75
106 49
170 17
133 171
136 129
119 86
123 19
86 133
182 199
52 29
15 139
199 158
146 38
132 85
185 32
99 26
62 146
65 158
28 6
18 121
116 13
89 16
71 96
146 185
75 101
4 47
62 193
27 198
7 167
28 181
175 70
10 39
142 181
94 146
41 38
169 121
61 59
8 185
118 52
118 21
84 140
122 59
88 71
51 125
37 50
8 83
131 53
98 32
61 172
113 196
13 9
107 178
70 58
198 15
127 191
37 131
41 192
23 80
42 200
121 114
84 98
70 85
164 26
40 8
3 156
22 168
150 93
31 3
26 39
154 16
192 195
38 94
174 87
177 145
135 47
16 17
73 64
190 23
130 9
95 27
22 27
47 185
117 151
154 131
83 27
23 49
18 116
106 152
69 20
35 156
36 163
55 193
183 12
8 29
150 191
153 73
45 43
173 118
49 40
12 180
106 43
72 151
126 46
1 141
55 118
135 62
109 144
196 56
184 99
1 15
1 62
129 97
186 114
149 110
152 190
44 116
172 65
135 79
11 69
68 114
196 79
125 127
72 117
200 138
128 167
129 146
58 40
115 57
78 175
6 184
7 145
78 15
30 50
116 198
91 32
182 35
20 108
58 155
152 92
81 10
10 6
67 75
87 20
9 113
96 160
111 146
39 145
167 92
171 25
134 175
31 64
191 42
138 162
157 70
33 88
161 3
53 21
181 64
110 94
57 82
76 154
114 37
167 45
5 146
43 99
171 182
100 16
63 108
191 187
29 12
124 142
90 10
19 10
57 195
169 113
133 126
171 199
9 32
137 123
156 177
194 124
21 8
160 180
52 66
102 166
184 58
76 120
42 56
62 63
66 162
85 134
58 59
160 35
89 195
199 130
146 10
184 169
198 163
173 167
132 73
115 6
99 54
136 12
193 45
85 119
32 109
89 108
71 68
18 80
146 157
165 143
95 66
99 135
27 162
172 199
179 31
37 69
94 142
131 128
169 85
98 85
61 95
64 173
155 6
122 92
47 28
29 64
179 140
108 94
127 194
112 153
112 69
94 25
41 147
60 153
188 70
61 176
155 183
84 23
13 45
198 107
74 45
40 85
3 107
162 39
41 174
117 73
64 75
192 176
27 68
78 196
107 47
144 51
6 97
130 122
168 185
22 180
150 121
154 116
173 184
26 172
177 189
50 133
16 125
144 66
73 124
55 180
131 16
59 177
97 102
83 55
177 14
31 191
197 195
35 184
163 79
36 199
187 85
25 114
153 37
120 48
49 84
68 176
114 41
197 57
35 9
92 46
111 58
186 167
45 160
48 140
11 16
139 39
68 199
196 28
182 91
129 77
58 93
96 152
149 130
152 154
44 88
172 37
111 132
48 27
176 32
68 86
125 3
162 15
144 165
151 168
115 21
78 139
6 164
134 105
172 180
138 100
34 53
162 126
181 130
128 50
111 65
58 191
77 113
24 67
81 118
63 162
101 123
67 39
161 190
91 189
110 139
185 48
167 64
171 5
191 78
29 127
67 180
33 100
161 47
129 110
53 105
92 8
114 73
80 57
43 79
190 178
137 6
104 79
188 169
52 183
143 24
19 38
147 93
76 13
167 166
80 200
133 82
104 51
9 92
119 105
24 147
29 129
86 82
89 174
180 19
109 83
56 33
19 151
113 16
30 167
42 28
119 30
156 4
119 97
142 83
180 130
199 102
146 110
75 92
178 197
95 17
42 175
8 19
62 170
65 70
193 9
122 145
199 26
32 137
51 151
89 72
70 129
145 174
75 45
166 196
95 166
189 61
27 142
47 67
179 123
198 181
145 63
37 121
41 126
27 101
104 125
5 131
47 48
141 11
17 5
112 133
3 54
131 13
60 189
23 43
64 56
84 43
76 166
88 174
107 122
144 128
198 87
74 65
93 163
78 33
168 6
97 160
117 45
64 87
121 42
174 28
172 115
107 11
36 5
2 149
130 94
168 149
97 17
194 143
93 5
154 72
173 156
12 30
140 43
69 91
197 22
126 132
73 24
36 148
55 152
153 144
102 157
159 110
197 167
35 84
96 70
187 113
82 105
61 198
49 112
126 102
92 50
129 56
15 5
96 53
149 53
22 36
44 173
7 59
135 6
193 194
11 60
159 140
193 108
54 114
92 161
184 127
58 113
96 164
143 134
78 116
81 176
44 60
101 189
48 7
1 128
195 184
196 135
162 19
137 100
148 98
152 101
81 193
172 152
10 79
138 24
67 114
34 89
54 156
20 36
160 195
24 95
81 82
67 3
161 90
90 160
91 153
147 155
185 76
39 89
91 53
43 26
100 89
18 161
191 98
194 130
157 14
90 83
53 77
79 199
147 8
114 109
80 37
136 135
100 40
137 34
53 59
194 53
193 78
86 15
124 182
56 78
184 3
147 121
76 49
126 29
42 97
170 58
9 120
137 179
66 123
139 178
123 118
89 138
52 58
15 182
199 181
38 165
113 28
160 29
65 177
193 100
14 168
85 190
32 38
160 107
89 59
142 47
71 127
146 82
113 141
166 145
95 117
132 1
99 78
109 22
122 181
85 47
32 149
116 19
71 12
176 179
79 137
184 147
95 154
98 170
151 148
8 158
118 41
155 81
28 193
122 36
175 18
21 186
17 80
71 157
112 82
165 40
41 90
61 135
64 149
118 88
175 131
88 27
141 47
179 196
198 32
164 144
40 158
131 105
60 65
23 79
151 122
64 4
192 73
121 85
178 52
107 102
96 42
127 107
74 101
93 135
4 99
22 141
60 48
120 91
26 192
121 198
18 13
140 120
69 174
73 171
164 118
2 121
130 34
59 136
153 195
26 115
154 172
83 126
46 118
174 171
177 197
106 165
197 10
73 52
142 12
169 143
11 19
74 36
58 74
49 3
31 119
126 51
182 103
183 88
96 98
59 86
187 157
153 29
7 45
48 197
102 8
49 156
68 136
106 71
186 63
186 106
163 148
92 22
186 95
95 84
152 163
116 156
7 31
11 88
146 180
196 84
72 90
54 94
92 133
129 181
58 21
78 80
81 156
7 172
48 35
195 148
34 10
162 55
96 153
128 75
111 8
77 168
149 129
81 45
134 49
63 149
78 25
30 102
87 115
125 188
111 121
172 38
138 143
90 132
143 178
21 113
110 67
185 104
39 125
169 24
9 186
63 75
191 134
29 39
67 140
124 107
105 93
90 55
143 35
110 50
147 36
167 153
133 25
9 11
114 102
7 66
104 135
123 165
34 195
52 111
15 101
143 80
38 142
42 69
170 30
137 175
123 18
86 154
14 167
52 30
166 34
189 131
136 17
65 157
95 23
27 77
85 82
181 164
14 86
71 99
18 109
21 99
75 100
38 104
4 40
103 2
99 106
118 154
65 14
28 182
175 65
32 177
179 2
142 186
94 147
131 167
4 191
62 188
8 186
27 118
155 61
84 141
175 54
108 123
71 129
17 55
151 41
192 38
155 170
122 110
13 8
141 83
144 185
198 12
127 190
74 54
20 21
46 30
168 79
41 199
60 101
188 18
117 116
84 99
27 7
140 141
58 147
141 164
144 200
127 15
131 59
40 9
3 159
150 82
23 192
46 35
12 87
140 28
69 130
197 93
73 71
164 106
100 62
59 148
88 23
79 89
117 150
154 128
83 26
106 153
35 159
163 82
10 30
164 11
187 72
78 178
82 158
120 21
139 173
12 181
23 20
72 152
163 35
1 140
151 67
183 188
21 193
59 114
178 66
116 65
82 49
120 132
102 52
139 58
196 57
6 86
129 96
21 50
115 139
152 191
25 183
7 3
157 184
68 115
196 72
34 191
72 118
200 139
128 184
6 9
148 171
8 110
185 12
138 65
87 59
30 51
158 4
34 46
181 173
128 87
121 81
111 44
148 26
24 104
152 93
81 9
10 7
67 74
30 66
188 47
5 12
111 157
39 144
88 134
171 24
134 172
63 30
185 55
138 163
33 95
87 132
168 25
143 150
91 193
110 95
76 155
167 44
80 94
43 98
190 151
191 186
29 11
124 143
53 133
56 151
184 76
147 64
99 41
184 85
171 198
190 102
156 178
11 43
33 185
52 67
15 121
56 6
38 170
97 200
132 187
65 200
119 53
66 163
193 35
123 62
157 41
14 131
199 189
199 125
146 11
38 5
95 60
132 74
99 57
62 143
28 107
32 110
14 50
145 193
199 18
146 154
165 142
4 12
111 107
12 147
29 89
155 104
92 72
51 43
145 82
74 175
112 11
75 145
41 1
98 82
61 94
64 174
118 17
47 31
88 36
51 88
17 24
112 154
40 199
41 146
60 154
188 71
151 77
84 10
192 2
13 44
177 139
70 39
198 104
127 82
74 42
40 86
60 9
23 119
95 196
192 177
190 179
174 1
50 51
107 46
83 87
73 146
74 189
130 123
46 73
97 57
154 117
104 176
46 63
174 112
103 58
177 153
69 102
103 40
70 193
73 99
55 183
93 96
59 176
97 101
79 61
173 200
190 84
103 139
159 117
16 141
183 19
95 195
120 49
173 89
102 65
49 75
159 26
72 180
182 169
55 85
183 128
186 164
116 165
149 125
135 29
190 121
139 38
72 3
200 88
171 17
1 25
129 76
118 139
186 23
115 103
152 155
111 41
48 28
176 33
30 156
196 172
125 2
162 12
200 167
54 6
19 76
148 79
77 159
78 136
134 110
136 175
10 168
158 96
87 74
34 50
162 127
91 15
54 177
20 1
4 7
156 150
128 190
67 38
161 189
110 136
80 99
184 50
113 124
63 50
9 102
121 110
53 104
137 185
114 70
170 180
100 53
137 5
139 141
12 24
124 147
52 176
26 171
19 41
147 92
76 14
167 161
5 6
62 73
190 2
20 5
66 20
194 65
135 167
86 83
186 199
180 28
109 82
56 34
113 23
136 90
119 25
156 5
85 153
160 64
14 159
142 80
18 34
11 73
75 95
38 33
166 106
169 150
86 169
8 20
62 171
122 158
120 63
96 110
145 173
165 162
95 161
99 162
118 194
112 28
193 185
175 121
116 97
179 122
198 170
71 184
88 154
37 120
75 189
86 194
61 98
64 138
27 62
172 112
84 197
47 51
11 76
141 10
186 141
129 108
40 163
168 120
60 190
188 107
155 146
13 80
107 125
144 129
17 149
93 162
3 70
129 45
44 28
121 41
174 29
140 85
6 74
107 10
70 146
36 6
164 83
193 85
130 95
22 81
150 26
26 28
154 73
83 101
46 91
50 166
16 90
2 5
153 151
102 146
103 175
45 145
197 166
21 18
117 44
21 136
25 77
79 134
120 77
102 109
199 27
68 149
31 35
35 36
92 51
129 63
186 184
149 52
120 188
173 174
49 192
68 36
159 143
200 116
54 115
92 162
96 165
78 117
71 43
44 61
172 10
101 188
48 56
11 140
195 187
68 75
125 38
186 28
1 107
100 159
189 132
152 102
172 153
101 13
138 25
67 117
195 72
158 92
125 151
162 131
114 136
77 20
6 16
63 193
181 22
110 164
20 148
114 27
100 90
27 129
29 66
67 147
90 80
53 76
80 38
133 36
190 175
194 50
160 142
184 4
122 101
190 62
119 76
123 9
86 127
89 137
52 59
19 178
137 59
132 115
133 198
28 60
156 105
85 189
160 108
142 44
71 126
61 71
146 83
75 123
38 77
178 200
148 146
99 113
65 33
122 178
179 41
145 137
95 133
98 171
61 21
189 64
27 109
89 98
28 194
175 29
13 146
51 99
17 87
112 76
98 26
61 134
64 150
118 89
107 200
74 19
70 34
3 21
131 104
64 5
192 74
46 149
122 112
178 53
141 191
127 106
151 31
2 199
37 46
3 162
22 130
26 193
154 58
121 197
27 21
140 121
69 173
197 120
34 68
73 170
36 58
93 55
59 139
150 38
117 177
83 1
121 182
13 89
106 162
197 9
105 163
183 42
13 26
174 104
82 187
173 16
107 195
177 85
106 53
126 48
163 6
92 96
183 91
96 99
116 110
79 154
82 74
120 105
49 147
23 42
182 16
182 145
183 200
186 92
115 174
13 53
44 146
172 95
48 85
68 24
196 85
3 28
70 46
54 95
92 134
129 180
58 18
115 95
91 87
11 168
195 151
74 37
66 64
128 76
111 11
199 53
24 13
152 66
81 44
63 148
67 81
105 166
158 184
87 114
34 122
91 119
114 172
24 188
171 63
134 193
24 156
191 48
37 99
161 101
91 7
185 111
167 11
80 115
43 121
100 126
29 38
67 143
63 5
143 34
110 51
147 39
18 15
88 177
9 10
177 138
66 45
104 136
33 156
180 37
131 165
19 97
76 86
80 145
137 174
66 92
123 21
14 164
52 31
39 65
199 152
38 30
166 35
99 28
136 18
109 66
32 67
51 161
14 87
109 171
113 168
166 178
95 104
99 109
63 79
145 117
19 35
165 122
94 144
131 166
167 43
61 57
118 10
84 142
122 57
175 49
51 127
179 178
108 116
71 128
37 48
41 181
18 147
2 146
151 40
33 40
192 39
176 137
197 111
74 138
198 13
39 59
168 48
131 68
60 102
188 19
117 115
64 97
46 177
80 40
50 12
141 163
70 75
127 14
74 134
2 171
40 10
3 158
52 68
188 130
26 37
154 30
195 13
100 59
103 17
140 29
16 5
173 155
36 94
93 27
97 88
150 194
117 149
154 129
83 29
103 102
16 162
35 158
36 173
130 182
187 75
150 189
153 79
135 171
83 138
49 46
177 113
31 106
79 143
72 153
137 90
163 34
182 194
55 112
186 129
187 184
146 57
49 191
196 58
159 182
12 52
74 14
109 51
149 108
152 128
25 182
44 118
172 67
135 73
11 71
30 161
68 124
34 188
72 119
200 140
128 185
148 180
115 59
10 181
138 78
195 115
158 5
18 39
103 144
181 172
128 40
45 18
20 110
1 184
24 105
38 138
63 136
1 123
67 77
105 130
158 148
87 22
91 83
111 156
180 5
109 105
191 84
29 146
5 83
161 1
90 153
177 41
91 192
76 148
39 96
167 47
5 144
43 101
171 168
190 148
63 110
29 10
45 60
143 6
56 152
96 11
167 188
170 96
133 124
62 82
190 103
199 198
66 49
29 187
123 64
160 182
33 184
52 76
15 120
19 125
76 122
132 164
133 141
136 191
119 52
66 160
123 49
160 37
89 193
142 117
18 63
184 171
38 58
99 56
62 140
199 157
116 10
14 51
45 8
145 192
18 78
165 141
4 13
31 68
8 200
27 164
155 107
28 155
14 132
175 100
45 114
165 30
131 130
169 91
98 83
61 93
64 175
118 22
199 120
47 30
49 119
88 37
51 91
179 142
1 145
194 78
99 25
94 31
41 145
60 155
188 64
151 76
192 3
155 137
84 17
89 40
175 186
178 106
107 144
70 36
198 105
74 43
37 165
60 10
117 87
64 77
192 178
121 12
140 178
107 33
70 183
73 145
164 56
2 143
130 120
168 187
97 11
188 166
46 60
174 113
177 179
50 131
120 151
144 68
73 98
36 114
55 182
193 39
59 179
97 100
79 60
173 199
177 12
139 47
35 186
36 193
59 32
116 55
153 43
82 131
106 13
45 131
72 181
126 72
182 174
183 131
186 165
187 196
116 166
82 18
48 142
176 83
139 89
196 30
159 170
163 175
129 67
58 91
186 20
115 102
152 156
100 112
151 129
7 102
10 198
48 29
105 92
68 80
34 192
191 113
194 158
128 133
148 72
77 158
149 122
152 11
6 154
111 159
199 43
10 169
176 177
158 97
87 69
34 51
25 132
91 14
182 36
20 2
81 116
63 172
10 56
49 199
87 58
8 116
91 191
110 137
57 3
185 54
167 66
43 48
171 7
194 188
16 25
124 61
87 171
90 125
156 168
56 197
92 159
80 59
43 65
100 54
137 4
104 177
124 172
143 26
184 105
147 95
13 1
167 160
170 68
62 78
9 66
122 19
104 192
128 139
89 172
105 57
15 92
109 81
56 35
136 91
65 171
119 24
156 6
32 28
86 195
142 81
199 96
146 108
75 94
17 101
169 149
62 168
65 68
11 163
51 153
161 179
75 47
151 44
61 183
189 59
45 173
155 119
193 184
122 14
179 125
71 187
165 50
94 104
41 124
60 200
98 119
61 97
64 139
176 135
47 50
141 9
112 135
40 164
3 56
131 15
60 191
188 100
151 80
64 58
192 111
83 123
140 199
178 14
141 154
198 85
127 113
74 79
93 161
40 51
3 73
154 39
121 40
174 34
6 96
107 13
144 17
29 123
36 7
17 85
88 14
26 29
20 120
18 4
190 59
174 141
103 89
50 167
69 89
16 91
126 138
10 105
55 154
93 67
108 177
187 2
153 150
102 147
67 88
177 40
31 157
159 104
197 165
126 21
55 11
96 88
187 115
25 76
53 44
120 78
107 177
49 118
68 150
18 117
35 39
182 138
129 62
186 185
7 53
45 130
48 170
176 127
157 161
68 37
196 114
74 10
54 112
92 163
58 127
96 166
149 164
178 102
81 182
172 11
101 187
48 57
158 50
196 129
125 37
162 17
200 196
121 74
148 108
24 50
152 103
101 12
67 116
30 8
158 93
125 150
110 131
91 106
128 16
20 38
24 161
43 143
67 5
161 88
168 16
91 155
110 165
147 157
20 149
101 110
171 99
100 91
8 90
157 12
33 6
90 81
34 136
93 127
80 39
133 35
190 172
194 51
164 200
86 13
124 176
15 3
143 126
56 80
184 5
147 123
42 111
5 121
62 106
100 185
137 177
66 121
123 8
89 136
52 4
15 176
74 157
19 181
107 164
166 4
57 67
133 197
136 119
9 157
32 56
160 109
14 120
109 198
146 80
75 122
113 131
166 151
4 54
42 129
8 49
65 32
17 57
85 45
32 151
23 196
71 14
165 69
94 181
95 132
61 20
189 95
28 195
47 97
13 145
51 98
179 89
17 86
112 84
94 68
41 88
151 7
64 151
118 94
155 192
92 165
175 141
88 29
141 45
179 198
33 143
112 163
168 85
60 67
23 73
151 116
33 58
154 126
136 1
50 105
88 140
141 190
74 99
2 196
40 47
3 165
60 50
153 58
121 196
140 122
69 172
16 40
144 125
73 169
164 112
2 119
130 32
59 138
153 193
26 113
174 169
12 60
106 163
69 61
16 71
126 166
36 138
183 37
121 164
14 13
153 114
82 184
102 191
49 1
177 84
106 50
159 76
35 114
163 9
1 166
55 111
183 90
21 171
187 159
25 40
197 5
82 75
9 49
49 146
68 138
106 69
200 2
182 150
186 93
149 87
152 165
116 158
172 88
135 100
11 90
68 25
196 86
34 153
103 107
54 92
1 64
129 139
58 19
86 33
149 184
137 96
95 36
7 174
10 158
186 42
195 150
158 46
162 53
119 145
128 77
111 10
77 166
66 31
49 10
6 98
134 55
101 32
195 39
87 13
125 186
162 164
111 14
184 41
24 189
170 108
191 51
138 141
157 127
161 100
143 188
137 178
110 65
57 59
20 169
167 10
100 127
63 117
191 128
104 122
157 16
96 5
33 34
90 53
53 175
79 194
167 155
80 3
119 162
66 42
123 167
160 171
33 147
15 103
19 96
38 140
76 87
62 6
137 173
66 93
49 43
86 152
52 24
15 148
199 155
38 31
8 94
62 145
65 147
28 1
156 78
135 139
51 160
89 21
18 107
83 170
38 110
95 107
62 11
99 108
118 152
28 176
175 67
32 179
179 4
142 184
145 116
32 2
146 199
41 43
169 126
86 181
61 56
118 11
155 63
47 5
175 48
13 181
21 197
108 117
145 5
37 63
94 32
41 180
35 15
98 63
151 43
163 47
175 161
178 71
107 183
182 162
198 51
189 153
168 49
131 71
188 44
117 114
64 98
46 182
84 109
50 13
141 162
127 9
74 135
2 168
40 11
168 192
35 23
150 80
23 194
156 70
154 31
18 6
140 30
16 20
73 69
8 81
55 173
93 26
130 4
97 95
79 91
83 28
13 56
174 197
103 97
106 135
69 17
16 163
126 194
36 174
55 194
115 160
187 74
105 6
82 156
45 40
132 2
18 99
177 112
106 22
35 110
182 195
55 115
183 190
8 48
59 116
169 25
25 4
120 134
139 60
196 59
163 178
182 114
129 102
58 68
21 48
115 141
78 3
44 119
135 72
11 70
105 103
68 125
114 151
200 141
58 55
189 10
115 58
165 187
44 6
10 178
195 114
125 71
34 44
181 171
128 41
20 111
24 106
134 19
63 139
101 68
30 64
105 125
91 82
92 176
118 106
39 146
24 153
63 24
157 67
87 134
90 102
53 18
181 77
110 93
142 128
167 46
5 159
190 149
63 105
29 9
128 164
195 194
56 153
102 95
170 97
133 123
62 83
119 134
66 14
29 186
123 67
86 53
52 77
15 123
109 108
56 8
184 61
17 124
133 140
136 160
81 35
128 153
14 129
4 146
199 127
37 113
38 59
88 109
4 127
189 165
62 141
9 77
7 148
85 116
32 96
89 113
199 12
75 2
198 150
189 22
47 13
47 168
51 45
142 148
75 147
94 141
41 7
169 90
98 80
111 5
118 23
84 163
27 39
88 38
172 182
101 20
10 110
112 156
94 28
41 144
138 110
192 4
155 136
84 18
141 117
144 167
198 110
74 40
37 164
168 45
13 200
188 48
31 23
111 32
192 179
121 19
27 26
125 142
127 45
164 57
130 121
123 121
97 10
150 124
46 61
67 99
12 117
140 2
120 98
105 180
55 177
2 63
59 178
97 123
34 131
173 198
34 194
12 196
31 184
159 119
197 192
10 27
55 38
130 155
59 35
187 86
153 42
45 12
173 87
49 73
31 73
72 182
35 10
163 193
182 175
183 130
85 67
187 199
116 167
44 196
135 31
48 143
176 84
139 88
196 31
72 5
200 90
163 174
1 31
21 84
115 105
78 31
25 145
44 91
7 97
101 134
48 30
11 98
105 67
68 81
196 174
34 193
200 169
77 157
115 22
178 24
195 123
134 108
172 183
138 99
109 4
30 45
87 68
189 45
122 17
91 1
54 183
20 3
148 56
198 95
33 134
189 89
10 57
157 182
3 199
23 101
110 142
111 179
39 182
57 7
134 142
191 75
194 189
3 95
56 198
39 7
170 178
190 177
137 11
104 178
124 173
180 111
143 101
56 181
184 106
167 163
170 69
79 41
100 134
40 46
194 95
123 111
49 128
192 132
15 95
56 36
19 152
166 25
119 27
156 7
85 167
86 192
180 141
18 32
146 109
38 39
42 170
62 169
65 91
189 35
51 152
14 12
165 160
95 163
98 133
189 58
118 192
155 118
193 191
47 76
111 69
51 9
179 124
108 46
71 186
186 51
112 41
165 49
94 105
98 116
124 86
84 199
122 126
198 59
90 174
112 184
151 83
64 59
192 96
50 66
13 78
141 153
70 1
127 112
93 160
40 52
97 165
60 47
117 42
124 115
192 159
154 64
140 87
197 67
107 12
70 144
73 140
8 57
148 13
2 144
130 93
168 152
150 24
79 98
53 185
173 153
121 152
170 154
103 88
5 199
177 161
35 200
151 3
36 151
2 3
140 51
187 5
79 19
173 42
102 144
31 156
159 107
126 26
55 10
96 89
59 79
187 114
153 6
45 112
194 4
102 99
49 117
106 110
126 101
79 35
182 139
21 7
149 50
116 187
44 168
148 181
120 190
139 68
196 115
159 137
92 188
129 174
180 87
21 104
115 69
35 51
81 181
44 63
172 4
11 142
170 64
158 51
196 130
162 46
200 197
128 98
148 109
152 104
134 72
172 155
138 7
195 74
16 155
162 129
91 109
128 17
20 39
114 134
121 191
156 147
5 104
63 195
191 30
138 150
67 4
170 45
90 175
181 20
110 170
57 30
185 81
167 97
81 60
9 131
63 80
67 167
104 31
67 149
124 66
53 74
110 21
57 143
39 43
145 71
80 24
133 34
100 43
137 39
160 128
124 177
52 150
56 81
147 122
76 44
42 108
170 57
62 56
9 125
66 118
123 11
96 78
52 5
15 179
173 107
180 198
133 196
65 182
193 121
156 107
49 37
160 110
14 121
71 120
199 71
146 81
75 125
113 130
166 148
95 118
42 142
8 50
32 168
21 172
71 9
94 186
4 198
185 46
151 145
8 129
27 111
155 82
109 3
88 111
25 41
177 184
198 148
71 158
112 85
153 28
41 95
106 123
88 30
108 161
164 147
3 23
131 106
60 92
188 9
156 127
64 7
192 76
199 92
139 17
13 114
107 91
146 104
127 20
93 132
189 171
3 164
22 128
23 185
117 14
198 84
89 4
140 123
16 41
144 126
73 168
2 116
95 31
150 36
2 72
117 191
83 3
46 117
18 120
12 61
106 160
73 57
198 66
8 25
182 56
187 33
150 151
82 185
62 172
139 130
177 75
106 51
135 14
197 152
131 173
163 8
1 165
21 170
59 107
187 158
25 47
45 84
23 75
102 15
139 19
147 168
200 3
163 153
92 17
186 90
115 176
78 36
116 159
7 30
58 76
89 82
125 87
72 93
200 146
54 93
92 128
129 138
58 16
115 149
81 145
44 35
7 169
198 26
11 170
105 27
34 9
162 50
128 78
20 84
148 1
77 165
152 68
81 34
134 52
63 150
27 161
141 86
67 83
30 101
161 138
125 185
91 73
111 122
77 54
149 158
171 49
191 50
192 147
30 174
53 61
181 104
110 70
185 109
114 61
167 5
104 82
43 123
88 92
100 120
191 131
104 123
148 144
90 50
53 174
41 58
167 154
149 185
190 73
66 43
104 138
86 46
52 106
180 39
61 39
19 99
38 141
132 194
170 29
133 151
136 133
119 82
66 90
86 153
14 170
52 25
109 24
146 34
184 145
166 33
99 30
145 49
47 116
156 79
85 95
32 69
51 163
14 85
142 14
18 104
146 181
75 25
88 123
4 43
118 153
65 3
28 177
32 180
179 7
142 185
145 107
146 196
165 120
17 65
169 125
98 77
8 189
118 8
155 62
122 80
175 51
88 75
108 118
71 130
37 62
94 33
61 168
20 74
192 57
175 160
178 68
17 194
101 6
164 183
112 192
40 125
13 123
188 45
26 176
64 99
181 179
46 183
140 136
141 161
70 73
105 195
2 169
112 102
168 193
150 81
188 156
154 28
12 82
50 157
197 90
34 65
93 25
130 5
59 169
22 31
26 82
154 143
83 31
31 199
126 195
163 87
36 175
151 49
59 6
187 77
1 153
120 24
173 114
102 88
12 176
106 23
3 60
126 82
182 192
183 185
186 143
187 186
95 122
135 58
49 189
159 176
149 106
152 130
25 180
44 112
7 124
135 75
48 115
176 56
105 102
68 126
196 75
125 123
144 161
54 57
191 21
129 150
152 49
186 56
7 141
138 76
195 117
94 198
34 45
162 86
128 42
20 104
122 27
49 57
24 107
43 185
6 79
134 16
63 138
10 2
67 79
195 2
158 154
161 150
91 85
30 17
111 158
97 135
63 27
138 174
191 109
124 27
161 7
90 103
143 147
110 98
39 98
167 41
80 81
171 170
100 28
191 167
104 87
124 138
168 12
53 130
56 154
147 69
62 80
190 101
156 141
194 120
86 74
33 190
52 78
15 122
18 170
61 48
184 62
38 169
76 116
133 139
136 161
137 200
20 168
85 130
123 51
160 39
14 134
18 61
146 6
38 56
189 164
136 48
5 188
108 84
85 115
67 168
89 112
145 198
75 5
95 78
78 47
99 139
27 166
28 149
47 171
51 44
142 149
62 142
37 65
165 28
41 6
98 81
118 20
155 26
122 91
143 65
51 93
108 90
112 157
131 21
60 149
151 78
69 159
130 88
50 95
17 174
127 95
164 171
37 163
60 4
23 112
117 85
192 180
50 46
103 62
70 181
5 119
168 189
16 108
188 160
26 7
83 74
46 66
174 119
103 55
75 133
70 196
36 124
55 176
93 125
59 181
22 59
79 62
194 61
12 197
159 118
163 115
36 195
55 33
59 34
117 131
116 49
79 175
120 52
83 168
102 68
49 72
159 7
137 93
163 192
92 42
55 86
180 120
96 45
187 198
116 160
82 16
194 22
139 91
159 148
72 6
200 91
54 106
1 30
58 89
21 83
152 158
93 95
176 36
30 131
68 82
169 35
162 11
200 170
54 5
58 200
77 156
115 25
152 13
89 19
134 109
143 83
101 22
89 170
30 18
87 71
111 77
148 57
24 71
6 43
63 174
67 43
161 178
16 137
91 177
110 143
57 1
185 52
43 50
171 121
191 74
139 155
157 38
170 31
33 120
161 35
90 123
177 44
110 126
57 114
184 197
39 6
34 74
171 150
100 48
104 179
5 120
15 41
143 100
177 174
19 42
35 90
167 162
5 3
62 76
119 101
66 19
139 190
123 110
89 178
52 34
15 94
12 128
19 155
113 20
166 30
42 24
136 93
65 169
119 26
159 51
120 45
86 193
89 35
142 87
180 142
199 98
146 106
75 80
4 92
42 171
156 59
189 200
62 174
65 90
122 157
85 23
116 23
89 76
92 118
145 162
139 144
165 175
169 36
98 130
99 167
27 130
122 12
45 109
17 104
145 51
182 105
37 101
165 48
41 98
98 117
61 127
64 141
122 127
178 189
116 124
108 190
88 17
40 166
3 58
55 89
23 39
151 82
64 60
42 2
155 151
84 55
89 51
13 77
70 6
198 75
127 115
74 77
40 53
3 75
60 40
117 41
154 37
73 179
164 94
2 145
130 90
168 153
97 21
136 55
96 10
12 26
140 39
69 71
197 18
73 28
93 65
121 13
153 148
154 199
173 41
102 145
49 27
197 163
126 27
163 111
198 159
183 112
96 90
116 21
82 101
45 111
38 105
106 111
135 124
35 41
92 14
129 60
193 29
21 6
116 132
39 68
7 55
45 128
48 172
11 48
49 197
196 124
159 136
200 119
1 122
129 173
21 119
149 162
81 180
172 77
11 129
105 62
162 47
200 198
96 44
29 80
6 132
134 73
172 148
101 10
138 4
195 77
158 67
87 107
34 85
1 120
20 32
39 196
43 129
6 23
200 133
63 194
67 7
161 94
90 172
186 52
109 30
20 151
114 22
167 96
149 160
100 69
191 110
29 95
157 10
90 95
151 156
110 26
39 42
170 151
190 82
137 38
194 49
109 74
52 151
181 52
143 120
41 36
19 70
76 45
5 103
133 178
9 124
119 73
152 33
89 142
52 6
15 178
199 177
113 48
166 58
65 181
181 192
32 58
160 111
89 63
142 51
10 131
109 196
75 124
166 149
95 113
4 133
99 114
118 178
47 122
122 177
32 169
139 20
30 198
145 142
165 67
95 134
151 144
8 130
118 45
95 25
122 32
175 30
88 112
179 91
145 31
49 196
112 86
17 51
41 94
98 25
103 52
176 188
175 143
141 43
179 200
198 36
61 143
112 165
40 130
168 87
178 144
188 10
151 118
64 24
192 77
46 152
84 75
50 103
107 90
2 194
40 17
97 192
194 165
23 184
117 13
139 131
46 11
174 60
140 116
197 101
144 127
142 74
93 52
59 140
178 173
153 199
117 190
154 168
121 187
12 62
36 180
183 39
187 32
95 34
60 172
173 13
102 189
106 48
159 78
197 135
35 116
195 18
1 164
21 169
59 106
139 134
45 83
33 18
50 1
49 144
106 67
138 13
200 4
92 18
129 24
183 197
108 139
78 37
116 152
44 141
157 167
135 102
48 72
11 92
196 80
125 86
72 94
54 82
92 129
58 17
115 32
78 84
81 144
89 77
7 168
10 156
141 109
195 152
162 51
62 26
77 164
24 16
152 69
81 33
134 53
138 56
67 82
30 106
158 191
125 184
91 72
20 196
114 171
108 166
24 191
171 48
191 61
157 125
161 122
143 190
147 187
20 171
114 58
80 118
43 122
51 101
186 13
124 103
52 196
90 51
53 173
140 31
147 40
75 188
164 177
80 5
100 200
137 66
61 128
194 21
107 69
160 173
114 20
143 92
56 110
38 130
42 65
5 91
133 150
104 61
119 45
66 91
124 23
52 26
15 150
199 149
147 196
62 151
65 145
193 68
156 72
63 93
71 95
75 24
121 62
105 23
99 110
118 158
28 178
47 150
179 6
142 190
146 197
165 103
131 171
4 187
98 74
151 180
189 97
27 74
155 49
84 137
122 68
16 62
179 183
108 119
112 114
191 183
131 56
97 2
137 57
61 167
192 58
155 174
80 70
107 169
70 63
17 193
127 186
74 50
40 126
3 114
60 97
188 46
64 100
121 117
141 160
178 13
150 86
188 157
26 32
104 76
46 39
140 24
103 44
73 75
55 175
2 89
140 58
59 168
97 93
150 193
57 183
9 17
52 180
16 165
141 119
96 179
150 176
153 76
82 154
120 25
173 113
50 160
49 35
177 118
106 20
16 145
182 193
55 77
96 2
187 189
116 77
93 118
135 53
49 188
61 35
196 37
197 2
129 100
149 105
78 1
25 187
44 113
48 200
48 116
176 57
5 26
68 127
34 187
12 39
200 143
153 129
58 53
78 176
6 189
2 16
7 140
138 77
100 152
30 55
162 87
91 39
128 43
185 174
148 38
77 72
156 154
63 181
10 3
29 132
5 101
87 19
162 198
91 84
111 153
167 91
24 155
62 110
171 28
63 26
187 37
100 165
33 83
53 16
91 197
57 85
180 16
167 40
43 102
171 173
190 155
63 107
29 7
143 3
56 155
19 17
147 68
167 185
170 111
133 121
190 106
156 142
194 121
123 69
86 75
180 4
109 106
184 63
38 174
76 117
35 72
66 174
133 138
42 17
156 61
123 50
86 186
89 198
12 182
146 7
184 174
166 66
4 121
42 180
136 86
136 49
65 125
45 4
71 67
109 140
173 79
9 98
156 9
189 20
27 185
12 123
137 62
116 101
92 68
112 15
165 27
169 88
61 90
27 86
155 29
45 95
21 192
108 91
165 159
193 126
131 20
60 150
151 73
42 199
155 138
84 28
13 40
70 27
17 173
37 162
40 90
97 159
26 149
121 17
140 173
50 10
70 170
127 47
164 59
2 138
130 119
95 20
97 8
150 114
188 161
26 4
83 77
18 3
12 119
139 61
69 98
16 114
70 197
73 103
36 125
93 124
59 180
165 161
79 57
173 196
38 70
137 61
103 135
31 186
16 129
156 183
55 32
28 115
130 153
12 109
116 50
83 171
49 79
68 189
31 75
125 119
72 184
126 79
163 195
182 173
187 13
96 46
116 161
120 164
176 86
14 10
159 151
72 7
166 172
54 107
1 29
129 64
58 102
21 82
115 138
22 46
44 85
172 34
78 2
11 100
30 128
111 94
200 171
182 86
13 81
148 75
99 155
115 24
134 98
172 177
138 97
176 180
30 19
158 100
87 70
162 123
181 141
128 55
111 76
148 58
24 72
6 40
116 150
67 42
128 196
87 55
186 34
91 176
92 141
147 130
189 32
43 53
134 140
194 187
33 127
90 120
56 200
57 113
76 187
48 22
170 176
171 137
137 9
194 42
170 100
54 59
15 40
143 103
56 183
19 45
76 10
42 118
170 67
190 6
137 154
27 96
104 195
58 54
86 87
89 177
148 124
180 24
131 148
113 11
42 25
137 77
65 168
122 46
85 165
32 31
160 68
14 99
195 172
180 143
199 93
146 107
112 51
166 110
169 154
42 168
99 89
62 175
193 12
142 199
145 161
77 149
75 32
108 13
169 43
61 13
99 166
27 133
155 72
193 189
122 13
51 11
198 174
145 50
112 43
41 97
98 114
27 50
122 124
88 4
13 66
108 191
112 186
3 61
60 186
23 38
89 104
84 48
50 64
88 179
107 113
81 53
93 190
40 54
60 41
23 151
81 25
185 169
7 197
140 81
69 181
107 14
70 150
73 178
36 2
2 110
108 71
22 85
150 30
79 108
26 24
154 85
181 151
46 95
12 27
140 32
69 70
126 137
36 145
55 151
2 1
66 58
178 95
79 29
154 196
173 40
49 26
177 45
31 158
159 85
197 162
35 91
55 4
165 188
21 148
59 65
79 130
178 84
120 81
127 128
114 144
49 107
106 108
164 158
35 40
129 51
149 48
25 194
44 170
7 54
48 173
176 114
139 70
68 32
160 62
1 121
156 145
96 185
149 161
81 171
24 179
101 184
11 128
196 140
125 34
81 70
77 191
24 53
6 133
101 9
195 76
131 19
125 147
91 111
54 145
191 9
111 96
185 31
6 20
185 180
157 152
90 173
181 18
147 158
117 69
114 23
43 17
63 82
40 78
29 94
33 27
3 66
110 27
147 15
39 37
80 26
138 160
9 18
137 37
104 144
37 105
52 144
143 123
91 17
184 8
170 39
133 177
190 34
137 182
66 116
86 115
89 141
5 33
199 176
146 60
166 59
132 127
143 145
136 122
65 180
193 127
156 101
89 62
71 122
199 65
75 127
113 128
166 138
99 117
48 190
28 175
122 190
149 78
132 157
142 163
70 158
165 66
94 184
185 194
98 167
151 147
8 131
104 112
47 98
175 25
29 33
198 138
12 135
98 22
61 130
124 83
27 30
155 197
175 142
178 94
141 42
96 144
198 37
164 157
144 113
60 94
23 74
149 73
46 153
178 49
107 93
70 99
141 29
97 199
147 28
46 8
140 117
16 43
144 112
36 38
59 143
22 113
150 58
79 64
26 124
121 186
5 198
103 126
69 58
16 186
73 63
36 181
184 77
183 38
130 174
187 35
150 149
93 109
124 165
100 196
49 6
31 114
16 102
197 134
126 52
163 10
92 124
55 104
15 54
96 103
59 109
187 144
22 43
73 27
45 82
29 192
139 21
106 64
200 5
182 149
183 196
21 25
149 84
78 42
176 30
139 98
68 4
196 81
119 135
54 83
92 130
180 92
115 35
78 85
81 151
195 155
158 45
125 198
96 61
54 194
111 23
58 129
77 163
152 70
81 32
10 108
138 57
100 142
105 170
115 198
34 118
162 163
91 75
194 45
185 2
177 33
143 185
147 186
185 115
80 119
43 125
100 122
154 119
29 34
190 45
124 96
173 23
90 48
143 46
110 55
9 134
167 148
190 79
137 65
156 171
104 140
86 44
15 96
38 131
76 82
80 183
170 27
133 149
62 5
103 142
86 159
3 117
15 145
199 148
146 32
57 191
38 18
166 39
132 83
8 65
62 148
156 73
151 47
51 165
92 125
71 94
109 167
146 179
165 149
113 172
4 21
86 167
189 15
65 1
47 145
175 76
32 182
21 183
83 191
165 102
94 148
41 40
4 164
151 183
8 191
118 14
155 48
122 69
179 182
108 112
37 60
94 39
41 185
61 166
178 46
192 59
155 161
67 28
175 162
13 3
107 168
70 60
198 1
74 51
168 52
131 72
60 98
23 110
117 127
64 101
121 116
140 138
107 57
70 79
2 167
189 166
168 195
150 87
188 158
46 36
103 13
140 25
69 141
16 23
144 92
30 32
36 90
55 174
93 23
153 162
42 146
174 200
103 98
106 130
69 30
35 130
163 89
183 10
130 178
150 177
153 83
45 37
173 112
49 34
106 21
159 45
72 157
182 198
96 3
187 188
120 137
152 169
102 41
49 179
1 48
78 142
58 67
78 6
25 186
44 114
135 69
176 58
105 100
68 120
196 181
34 184
96 140
54 63
148 176
194 200
149 126
71 29
7 143
10 177
11 200
158 9
34 43
162 84
181 168
128 44
185 173
148 39
99 137
43 187
81 12
134 22
63 180
67 49
30 71
87 18
194 148
186 47
169 45
171 31
47 169
191 80
138 172
33 82
161 5
182 5
57 84
35 127
171 172
100 30
191 161
194 199
149 107
124 132
90 20
53 128
56 156
19 16
147 71
4 129
78 10
5 45
133 120
153 62
29 183
123 68
33 188
15 68
18 168
56 11
184 192
76 118
42 34
5 28
75 144
62 33
119 48
66 188
123 53
160 57
89 197
18 59
184 175
108 38
166 67
95 59
8 125
62 176
28 96
145 196
199 9
75 7
4 9
27 184
28 151
27 85
150 100
34 4
142 155
165 26
108 3
41 4
4 152
61 89
27 41
84 174
47 26
30 34
163 166
50 44
112 70
41 149
64 132
45 163
20 116
155 141
50 93
13 39
107 148
70 24
127 89
139 49
37 161
3 81
188 51
26 146
30 73
121 16
174 10
140 174
141 195
6 102
29 37
97 15
188 162
117 196
111 61
83 76
121 129
174 117
177 183
69 97
16 115
34 90
73 102
36 126
37 16
72 122
59 183
97 120
79 56
7 77
83 61
103 134
31 165
159 112
128 27
163 117
183 110
130 150
59 36
178 81
153 47
120 54
173 84
49 78
68 190
3 35
126 76
163 194
92 36
183 159
96 47
48 130
11 22
139 93
196 26
72 8
200 93
105 140
182 93
21 81
115 106
78 98
25 150
172 35
101 131
11 103
105 64
125 29
144 166
54 27
121 70
148 84
77 154
115 27
78 141
134 99
10 85
91 161
195 83
161 199
34 79
162 120
111 79
77 107
88 185
81 104
119 96
141 145
87 54
149 109
181 61
147 133
185 58
39 179
167 126
17 131
43 52
134 141
29 121
157 36
120 172
90 121
53 115
76 180
57 20
178 32
100 50
141 172
124 168
52 189
15 43
143 102
70 82
184 109
147 99
104 26
62 114
9 70
137 153
66 17
194 90
160 26
86 84
89 176
97 59
109 77
56 39
50 48
113 10
166 28
42 6
124 47
136 95
177 109
119 20
156 2
85 164
32 16
86 146
142 85
18 31
144 53
135 128
4 94
132 43
99 88
136 46
28 68
32 143
51 157
14 19
142 196
145 160
74 186
169 42
151 142
99 169
27 132
193 188
47 73
175 4
161 54
51 10
63 113
198 175
114 85
144 10
165 62
41 96
39 85
98 115
61 125
27 53
9 68
47 62
178 187
198 62
74 199
112 187
40 168
168 125
131 115
23 33
151 108
64 62
192 99
121 67
66 34
87 131
107 112
70 4
198 73
168 128
93 189
40 55
3 77
97 186
60 42
23 150
73 95
154 35
192 146
170 172
140 82
69 180
103 53
73 177
36 3
164 88
2 111
101 196
168 155
194 179
57 168
26 25
69 101
173 150
50 163
16 95
126 142
36 146
124 198
2 30
150 142
79 28
154 197
49 25
103 170
126 25
163 17
103 129
25 80
79 141
82 99
120 82
31 46
197 27
35 43
182 142
129 50
114 110
66 38
22 37
117 70
120 193
104 141
11 50
139 121
68 33
196 126
72 36
54 116
182 57
21 117
115 70
78 126
81 170
7 70
111 104
11 131
195 190
158 54
196 141
125 33
162 45
137 107
180 34
24 54
81 59
192 200
5 126
34 83
91 110
54 150
111 99
86 70
44 132
43 131
38 128
46 111
191 27
67 9
143 164
181 17
57 35
20 145
39 87
171 103
190 193
18 158
29 93
139 62
33 26
90 93
53 87
111 16
110 24
147 14
80 27
133 47
190 80
137 36
14 196
104 145
123 159
86 1
33 139
180 78
19 72
122 24
35 65
170 36
133 176
42 40
190 35
15 188
199 179
186 88
113 54
133 193
65 139
28 57
32 60
71 117
199 64
146 76
75 126
113 135
126 39
8 53
118 176
28 168
122 191
85 41
179 44
137 87
165 65
86 188
41 51
4 193
61 16
8 132
118 35
47 109
175 24
21 185
198 139
145 29
112 72
41 92
35 11
61 129
118 82
13 30
156 195
108 156
49 71
74 28
112 167
168 89
131 111
188 4
192 79
121 95
84 85
13 111
96 43
127 17
74 111
28 29
40 19
1 197
150 72
154 7
121 200
140 118
16 44
105 164
73 173
36 39
130 60
150 59
153 197
83 4
38 73
113 143
106 175
69 57
16 187
130 175
150 170
82 180
102 179
49 5
31 125
159 72
132 140
126 53
1 186
99 77
25 44
51 139
82 71
120 110
38 98
49 150
106 65
120 198
200 6
163 154
182 106
183 199
186 89
115 181
78 43
21 41
44 143
172 84
78 53
11 94
68 5
196 82
72 64
92 131
129 143
148 157
115 34
184 30
44 30
7 170
10 154
138 87
125 197
21 85
128 65
111 22
148 12
77 162
78 197
145 149
75 37
63 147
10 109
67 84
30 104
158 189
161 143
125 182
91 74
20 198
99 183
191 63
157 123
125 102
161 120
90 142
143 184
21 112
57 63
185 114
167 6
169 31
43 124
171 67
100 123
47 191
104 126
124 97
110 52
139 28
167 151
170 137
190 76
119 190
156 164
194 19
86 45
52 117
15 99
143 94
41 47
184 37
17 120
42 79
133 148
169 131
119 47
99 86
123 40
86 156
105 39
199 151
146 33
88 105
177 182
8 66
62 149
65 151
193 90
85 92
51 164
89 25
142 13
71 89
109 166
113 163
166 183
4 22
99 10
115 23
118 156
47 144
179 8
193 76
165 101
94 149
13 177
169 98
151 182
155 51
84 139
122 66
88 78
51 66
108 113
37 59
17 54
131 58
60 140
98 59
151 39
91 43
155 160
13 2
107 171
179 107
108 128
127 164
164 178
112 195
168 53
60 99
188 40
117 126
64 102
192 171
46 186
84 105
27 6
50 9
148 18
107 56
70 76
127 53
74 131
2 164
3 133
22 163
188 159
26 46
181 128
103 12
197 71
144 93
195 50
36 91
55 169
59 170
150 199
117 144
103 157
31 192
96 157
36 172
115 191
27 97
130 179
187 78
138 40
120 27
83 145
198 176
49 33
177 116
106 18
35 18
163 41
1 134
55 79
183 186
186 138
149 6
116 79
69 99
87 31
139 48
159 189
200 34
182 118
162 178
78 7
172 56
135 68
48 118
68 121
23 50
72 124
54 60
164 12
148 177
37 140
115 62
78 182
71 160
185 19
138 75
195 118
158 14
34 40
91 57
185 172
148 32
43 186
6 66
63 183
157 174
195 7
158 153
87 45
91 86
111 155
39 142
147 129
24 157
13 120
171 30
74 30
63 4
138 173
67 193
124 22
161 4
28 39
143 156
91 199
110 97
122 93
114 92
43 88
171 175
190 153
29 5
33 194
139 55
143 13
147 70
167 187
170 109
133 103
190 104
137 124
33 179
135 7
114 17
109 104
56 12
19 128
132 161
53 62
62 38
55 45
119 51
71 36
85 143
86 184
89 196
180 181
18 56
184 176
38 63
166 64
4 123
42 178
33 122
65 115
28 97
20 187
32 100
51 128
89 117
145 187
199 8
144 35
4 10
99 140
104 7
47 180
175 99
179 100
142 152
145 84
74 172
112 1
165 25
151 5
14 52
82 115
118 107
155 31
84 175
122 102
88 42
51 94
179 149
108 85
22 25
131 22
25 73
104 108
155 140
170 181
104 180
178 103
12 77
144 155
198 98
74 84
168 17
97 157
60 7
2 122
26 147
140 175
16 8
141 194
144 42
73 148
127 41
2 136
130 117
168 160
97 14
150 112
44 169
26 2
154 127
194 47
121 128
174 122
30 22
50 188
16 116
126 147
73 101
36 127
2 59
50 181
22 62
177 200
147 56
173 194
12 192
58 163
197 34
183 105
62 150
187 106
53 152
120 55
173 83
170 123
68 191
31 53
126 77
92 37
135 33
116 163
44 192
82 15
135 27
48 131
190 126
139 92
159 145
72 9
200 94
54 105
182 82
16 66
21 80
115 109
25 149
44 87
172 28
101 130
48 18
176 39
30 134
68 93
125 28
162 6
148 85
86 63
78 146
6 159
38 153
172 179
101 19
176 182
195 82
158 106
161 198
34 76
137 149
128 9
20 15
114 158
77 106
24 74
43 166
6 46
101 100
157 178
80 175
87 49
103 184
185 57
39 178
134 130
63 56
191 119
104 39
157 35
103 1
124 58
110 125
57 119
76 181
114 64
80 48
171 139
190 181
18 144
191 196
139 140
80 132
124 169
180 107
143 97
56 185
147 98
42 116
170 65
9 69
119 102
172 58
194 91
123 99
180 26
173 111
38 200
132 133
8 68
75 132
136 64
65 174
66 129
85 163
160 70
92 100
15 200
199 95
153 32
153 53
113 154
95 30
132 20
99 91
62 173
122 152
85 20
32 128
51 156
89 81
169 28
83 180
165 172
94 194
169 41
151 137
99 168
134 96
122 11
175 7
51 13
17 109
37 98
165 61
41 103
60 197
98 112
64 128
118 119
47 57
178 184
141 4
198 63
40 169
3 63
131 114
60 180
23 32
151 111
64 63
132 66
149 121
67 45
88 181
107 115
198 78
93 188
40 56
3 76
97 185
60 43
31 27
117 54
184 44
140 83
70 148
36 12
164 89
2 108
130 89
95 19
22 107
150 28
117 167
154 83
118 121
46 93
174 150
12 21
140 34
197 31
72 108
73 1
55 145
93 94
79 31
102 148
49 24
177 35
197 160
186 80
55 6
25 87
82 96
45 108
152 160
21 128
109 152
31 41
35 42
129 49
186 66
75 8
116 135
135 127
176 116
50 168
34 142
139 175
200 122
190 11
92 184
96 187
149 175
78 127
81 169
44 59
7 65
48 62
11 130
158 55
26 1
125 32
92 173
148 105
77 189
24 55
152 108
23 145
134 76
195 78
45 198
91 97
54 151
20 35
193 197
23 41
24 166
81 75
191 26
138 146
170 75
12 150
90 171
53 37
91 158
110 174
147 160
185 85
39 86
167 29
43 19
196 182
63 92
191 107
29 92
67 153
124 94
131 180
147 17
80 28
190 81
123 158
160 132
52 146
180 79
143 69
56 85
184 10
99 200
5 100
165 23
9 97
137 180
66 114
15 191
199 178
146 58
166 57
136 124
28 58
156 103
152 52
14 125
71 116
61 70
38 71
95 114
42 138
8 54
109 153
122 188
145 131
115 143
41 50
169 5
61 47
8 133
118 32
155 86
47 108
78 155
13 140
179 92
108 14
145 28
41 67
9 122
151 2
27 16
109 39
141 40
127 131
74 29
41 71
17 157
168 90
60 88
23 68
151 115
64 27
122 113
141 185
70 97
73 195
127 16
106 125
2 193
22 132
150 73
136 71
154 4
46 14
174 67
7 192
140 119
16 45
73 172
59 129
97 54
150 56
153 196
26 122
83 7
46 121
174 178
12 57
9 2
126 171
73 61
36 183
151 53
183 32
130 172
178 88
153 117
102 176
49 4
31 124
159 75
197 132
35 121
163 12
92 126
55 106
183 81
21 182
108 153
187 146
45 80
127 143
102 3
139 23
106 78
105 133
182 107
21 39
17 25
189 30
116 155
172 85
153 149
11 81
139 100
196 83
125 83
72 65
200 150
182 26
115 37
81 149
44 31
7 165
138 84
11 174
158 19
188 1
125 196
162 78
50 69
111 17
58 143
13 79
6 103
63 146
10 106
67 87
195 42
158 162
161 142
162 161
91 77
20 199
114 166
77 50
24 130
104 197
171 53
134 187
191 62
161 127
53 57
181 116
110 74
147 188
167 1
5 166
63 112
191 143
104 127
124 98
52 199
90 62
56 130
100 109
170 118
16 51
190 77
156 165
104 142
187 46
33 150
15 98
143 89
56 113
140 185
38 129
170 25
136 137
119 46
86 157
14 174
109 20
70 190
38 16
166 37
118 53
53 30
189 156
194 142
32 89
89 24
142 18
18 100
146 177
165 147
38 99
95 86
2 182
124 51
118 157
9 181
47 147
32 200
179 11
39 31
94 154
41 46
151 177
189 126
118 12
155 50
175 63
88 79
67 139
17 53
112 117
94 37
131 61
98 56
61 164
64 200
7 23
155 163
175 172
178 64
173 191
127 167
74 49
112 196
3 119
41 200
167 193
23 104
26 188
170 72
192 172
141 97
50 6
83 59
177 132
70 77
81 125
74 128
2 165
130 110
168 197
154 24
46 42
142 198
12 78
69 139
16 9
173 154
55 168
93 21
130 1
59 173
22 19
26 94
154 139
83 35
13 112
137 64
106 128
69 28
16 152
35 132
153 200
36 171
183 4
130 176
59 26
187 65
150 183
153 81
82 153
120 28
173 110
102 92
106 19
59 73
35 21
183 181
51 31
187 190
120 139
16 34
102 47
5 44
196 32
86 30
163 185
1 54
86 20
115 144
152 134
25 184
44 108
172 57
45 197
176 60
34 182
72 125
54 61
58 48
115 1
6 176
172 200
176 139
30 58
158 15
196 198
103 147
91 56
128 46
185 179
148 33
77 69
43 189
6 67
67 51
161 170
135 153
181 39
185 28
180 6
167 84
24 158
6 91
42 70
134 167
63 7
138 170
67 192
33 80
87 157
91 198
157 154
39 30
167 37
80 85
190 158
137 18
191 163
104 91
107 172
53 142
184 83
147 73
170 106
62 84
156 137
194 116
116 46
52 74
15 70
177 67
184 194
38 173
42 32
58 165
136 165
65 193
100 3
86 185
14 138
180 182
199 122
166 65
4 100
42 179
8 127
62 182
28 98
122 133
51 131
89 116
71 60
109 137
146 149
165 183
4 11
31 71
189 17
27 186
155 97
47 183
175 98
51 48
21 178
91 45
58 186
37 77
75 150
41 10
61 87
64 165
27 43
155 30
84 168
122 103
178 149
179 148
92 87
112 145
8 89
131 25
60 145
61 200
192 25
50 91
178 100
141 112
144 156
198 99
74 85
37 175
117 81
54 49
121 22
104 194
140 168
107 39
144 43
73 155
127 40
74 164
130 114
150 113
31 9
154 124
173 176
121 135
174 123
103 51
135 37
96 55
93 121
169 135
97 126
153 188
47 199
83 63
199 45
103 128
31 167
1 46
55 61
183 104
130 184
187 109
79 171
82 125
172 116
173 82
68 184
106 119
120 189
163 196
55 82
183 153
120 111
44 193
120 167
48 132
176 73
196 4
200 95
54 110
182 83
129 69
58 101
21 95
149 138
25 148
172 29
10 192
11 153
30 135
135 95
162 7
54 25
77 152
115 29
152 17
134 97
128 66
10 83
138 108
176 183
195 85
158 107
165 44
162 118
91 4
54 136
114 159
81 110
63 170
157 177
161 182
91 181
110 147
111 190
39 173
115 66
43 54
171 125
134 131
63 59
191 118
197 142
67 188
161 39
90 71
61 2
115 161
114 65
170 191
190 186
137 14
52 191
162 124
143 96
19 46
76 5
170 78
133 90
190 5
47 83
66 111
123 98
86 106
89 182
15 90
18 138
113 8
42 4
136 65
119 22
27 117
85 162
64 6
101 198
199 94
113 153
169 159
132 21
8 27
65 94
122 61
177 31
32 129
89 80
105 3
165 171
95 174
151 136
118 197
155 77
193 178
122 8
51 12
179 67
17 108
108 120
98 113
61 123
27 55
122 123
178 185
198 60
54 52
112 189
40 170
3 62
178 148
60 181
111 29
121 65
84 51
88 182
70 122
17 142
10 77
74 73
3 79
192 148
69 178
144 23
164 90
93 44
130 86
178 177
150 29
79 105
117 166
154 80
83 106
174 151
103 87
69 67
16 81
126 140
52 128
19 93
103 26
2 28
198 52
187 24
79 30
154 195
102 149
139 157
177 34
126 31
55 1
96 94
13 11
116 17
153 9
82 97
111 103
15 36
102 100
49 104
68 156
106 107
35 45
194 24
92 10
129 48
186 67
149 61
53 14
25 199
7 51
120 195
176 117
139 123
68 35
125 78
72 38
200 123
128 200
182 63
96 188
149 174
44 52
172 1
185 4
11 133
158 52
125 63
162 43
148 106
77 188
24 56
6 120
134 77
10 119
14 140
67 122
30 114
162 154
111 109
24 167
13 65
6 11
157 149
164 19
89 133
53 36
91 145
147 163
20 147
39 81
167 28
198 71
171 89
190 199
63 95
191 106
194 154
67 152
124 95
90 91
53 85
54 67
99 36
57 31
170 147
33 72
137 42
107 65
160 133
33 137
192 153
15 9
53 198
56 86
184 11
38 154
42 105
80 172
100 167
119 188
123 14
89 146
52 2
15 190
164 24
146 59
19 187
113 52
166 62
132 122
136 125
28 59
29 157
169 72
160 99
142 55
18 1
67 183
38 68
95 125
132 9
121 131
8 55
65 58
28 170
122 189
32 173
179 46
107 104
94 191
41 49
4 195
98 162
151 172
99 199
27 98
155 41
122 44
88 116
179 95
198 137
70 141
94 78
41 66
22 79
151 29
27 19
155 198
107 193
37 150
40 134
3 26
131 81
60 89
23 71
64 28
50 99
88 146
141 184
70 102
73 194
127 19
93 159
40 21
46 65
97 196
22 96
117 9
154 5
46 15
140 112
197 97
73 83
36 33
164 126
93 48
130 58
12 173
22 116
150 57
79 77
26 123
154 180
83 6
100 42
174 179
106 173
69 39
126 168
183 35
130 173
150 168
153 116
82 178
173 9
102 177
139 185
177 78
106 60
159 74
163 15
92 127
55 101
198 114
117 137
25 50
56 124
120 112
26 121
139 22
31 12
163 156
182 104
129 28
186 103
115 183
172 86
135 98
48 76
5 30
68 7
34 147
88 188
182 27
129 141
106 154
115 36
81 148
93 85
7 164
11 161
158 16
96 145
34 2
162 79
83 60
128 67
185 150
66 28
152 73
81 37
63 157
53 42
67 86
195 45
34 117
162 190
91 76
184 42
77 49
171 52
134 184
157 121
124 12
161 126
147 191
185 112
80 105
5 165
43 126
171 69
9 162
63 115
191 142
139 149
170 80
90 63
53 169
110 58
147 44
167 145
133 1
190 114
119 184
156 166
104 143
160 161
33 149
15 109
56 114
19 102
38 134
76 77
80 136
133 146
136 138
119 41
66 87
123 42
160 16
142 96
15 146
199 145
146 31
166 90
132 94
66 80
99 5
17 60
65 149
28 31
85 90
32 90
51 166
88 76
160 2
71 91
199 38
146 174
75 28
38 96
66 143
99 146
118 146
65 6
28 142
47 146
175 73
179 10
142 130
145 110
165 99
45 132
4 167
98 70
61 50
8 162
27 78
87 196
122 64
88 80
51 68
179 187
112 118
94 42
131 60
60 142
98 57
12 112
155 162
84 4
9 106
144 177
182 163
127 166
74 62
37 138
40 98
87 191
60 125
188 42
64 120
192 173
84 107
89 57
107 58
144 192
74 129
12 92
130 111
168 198
22 161
150 106
156 71
154 25
132 38
174 92
103 14
49 187
69 138
197 69
144 95
182 132
36 69
22 16
150 197
26 95
154 136
181 117
14 93
69 27
16 153
163 90
130 177
150 180
153 80
122 150
135 160
173 109
102 93
49 39
177 106
159 46
72 128
126 87
163 43
55 73
99 112
187 177
95 162
7 43
48 153
135 20
196 33
200 36
1 53
129 120
58 78
186 123
4 19
25 191
44 109
176 109
11 124
57 190
196 176
34 183
128 176
6 177
134 122
7 136
138 73
176 140
96 169
196 199
162 83
128 47
72 46
58 160
77 68
24 112
43 188
145 136
134 21
63 177
10 15
67 50
161 169
95 10
181 38
111 165
39 136
167 87
171 16
189 196
63 6
191 93
138 171
157 93
36 136
87 156
143 158
181 87
76 147
114 90
92 142
80 86
100 25
137 17
191 162
29 3
128 165
33 192
53 141
56 159
19 21
147 72
8 128
170 107
133 101
62 85
190 110
119 156
29 180
58 42
52 75
18 167
56 14
19 130
108 52
76 113
193 132
11 37
4 162
136 166
65 192
78 169
123 54
86 190
14 139
180 183
199 117
38 61
166 70
4 101
42 176
99 33
136 53
65 113
47 193
85 126
32 102
51 130
89 123
71 63
18 73
77 153
165 182
29 181
177 29
170 134
189 16
28 146
175 109
19 12
142 158
37 76
75 137
94 119
41 9
4 155
108 184
17 48
27 42
84 169
47 39
178 146
141 30
179 151
108 87
10 82
112 146
17 41
131 24
188 95
61 199
140 177
50 88
13 36
141 111
17 161
127 90
6 112
40 94
3 82
178 134
60 1
23 143
117 80
20 98
192 137
140 169
107 38
125 141
101 62
74 165
2 134
168 162
22 77
150 118
117 193
154 125
83 81
46 71
177 180
50 186
69 110
16 118
126 145
73 107
6 85
2 57
59 200
22 60
153 131
111 78
177 5
31 166
16 133
69 93
163 118
194 161
187 108
116 62
153 44
135 132
173 81
102 121
68 185
106 116
110 196
113 151
92 39
81 111
149 24
178 124
116 173
44 194
135 21
48 133
141 72
68 200
196 5
159 147
72 11
144 180
54 111
182 80
58 98
21 94
25 155
16 33
7 95
101 128
48 20
105 69
68 95
188 8
125 26
74 61
128 156
148 87
78 144
6 157
134 102
172 173
105 4
138 109
5 55
195 84
158 104
161 196
3 123
181 137
54 137
111 72
24 76
78 112
67 46
87 51
74 70
102 46
57 4
185 63
39 172
42 86
134 128
111 191
29 118
67 191
124 52
87 160
168 31
110 3
57 117
76 183
114 126
80 50
43 70
100 61
191 198
104 184
124 171
15 52
143 99
56 187
50 2
147 100
76 6
93 133
80 193
33 90
115 150
9 75
137 158
194 89
89 181
15 165
199 200
166 19
42 5
29 120
79 5
119 17
66 159
85 161
32 19
160 88
142 88
199 89
146 103
75 87
38 89
166 98
42 148
8 28
9 142
28 71
122 166
85 18
89 87
145 165
34 101
165 170
94 192
95 169
61 9
99 170
27 153
193 177
175 1
7 120
51 15
108 36
164 43
37 96
165 59
41 101
60 199
98 14
189 111
100 22
122 120
149 1
178 182
141 2
168 96
131 116
60 182
188 99
64 49
103 19
121 64
50 124
178 9
107 117
70 123
198 76
74 118
97 191
23 147
154 46
100 51
174 37
4 115
69 177
144 8
73 182
36 14
164 91
2 106
130 87
46 83
22 105
117 165
154 81
194 40
121 162
174 148
12 23
14 48
69 66
177 160
126 141
140 44
187 27
150 141
153 159
102 138
103 167
159 81
21 144
59 69
187 136
25 85
79 142
82 94
120 85
29 196
102 101
49 111
68 157
31 43
103 125
126 111
182 141
21 1
25 198
44 166
7 50
120 196
48 161
139 122
197 8
72 39
1 125
129 160
58 6
21 114
149 173
81 175
101 164
11 132
105 33
162 40
128 120
184 19
160 178
24 57
6 121
134 66
172 145
138 1
67 125
105 178
87 102
125 175
54 149
20 45
102 154
81 73
29 154
177 49
91 144
110 172
147 162
184 56
114 19
165 54
171 88
100 66
150 178
194 155
157 5
33 31
53 84
110 31
147 19
39 33
190 87
137 41
104 148
123 144
160 134
52 156
15 8
1 85
56 87
19 77
113 90
76 42
160 12
170 35
133 189
62 109
9 103
119 68
45 31
186 193
109 46
146 56
19 186
166 63
126 49
132 123
136 126
193 115
156 97
49 36
32 63
160 100
92 97
146 75
75 115
38 69
166 142
42 136
62 194
118 183
157 143
122 186
120 69
124 34
142 167
71 7
75 192
94 188
41 48
169 11
98 163
189 88
118 38
193 157
151 33
51 107
179 94
17 79
145 18
37 4
99 17
94 79
41 65
98 18
106 126
175 138
13 27
107 192
127 141
37 149
95 51
131 80
60 90
26 166
14 44
84 80
50 96
88 147
127 18
189 113
99 52
3 170
150 79
106 42
117 8
154 2
16 47
73 82
93 15
22 117
79 76
117 185
154 181
83 9
189 167
174 176
19 111
16 190
92 16
189 197
153 123
82 179
135 191
38 124
139 184
12 138
106 61
159 53
35 123
163 14
92 120
96 123
115 177
187 148
116 118
120 113
102 1
139 9
31 15
163 159
1 40
129 19
183 192
186 100
149 80
78 46
78 192
7 22
7 25
176 18
139 102
137 98
34 144
200 152
148 152
149 193
78 89
81 139
122 197
10 153
78 8
11 160
125 194
162 76
54 198
20 82
77 95
24 21
152 74
81 36
134 46
63 156
169 196
67 89
195 44
87 10
34 114
78 59
96 173
111 128
114 164
77 48
24 132
171 55
134 185
191 56
138 180
157 120
33 74
90 141
143 133
110 72
147 190
20 176
114 55
189 54
43 113
171 68
63 114
33 59
143 42
56 132
110 59
115 94
119 187
66 37
194 110
123 188
86 32
52 112
15 108
143 91
56 115
112 8
76 78
35 105
5 70
133 145
62 9
66 84
123 45
160 17
142 97
131 158
184 151
38 22
8 69
62 152
65 148
193 95
66 199
85 89
51 169
142 16
109 163
113 160
178 194
4 17
75 179
118 147
65 5
28 143
7 133
175 72
179 13
145 109
165 98
94 152
131 174
169 103
98 71
61 49
83 147
27 65
84 150
122 65
175 57
13 174
51 71
30 62
37 56
131 63
60 143
98 54
61 162
192 63
155 165
84 5
27 52
175 174
88 192
141 74
108 131
74 63
112 198
40 99
17 27
131 76
117 123
91 60
84 116
50 4
161 71
107 61
144 193
105 194
127 54
151 21
2 163
130 108
168 199
150 107
26 45
174 93
12 72
140 21
197 68
55 170
2 82
130 31
59 175
22 17
79 32
26 92
161 171
181 157
102 195
103 158
69 26
126 197
105 165
81 6
183 6
187 67
150 181
99 101
45 33
173 108
102 82
139 164
12 174
106 17
2 58
72 129
126 84
55 72
186 137
198 16
82 38
45 178
48 154
102 45
139 53
72 16
195 10
1 52
129 127
58 79
149 116
178 110
25 190
44 110
172 59
11 127
105 104
68 100
196 177
125 117
72 127
161 195
106 57
115 3
78 181
7 139
176 141
30 56
196 192
34 39
185 177
31 5
24 113
13 74
88 162
101 77
67 53
195 8
161 168
185 34
171 19
63 1
191 92
138 168
67 194
87 159
143 153
57 88
76 140
39 24
5 152
43 93
100 26
29 2
124 128
52 165
168 13
53 140
179 65
19 20
121 8
170 104
133 100
194 174
9 46
156 139
29 179
52 84
180 1
109 101
184 196
38 163
76 114
33 84
136 167
66 184
161 31
160 61
14 136
199 116
184 179
50 52
132 51
143 155
99 32
65 112
28 124
47 192
85 125
32 103
14 59
71 62
109 135
146 147
165 181
95 180
189 47
9 184
47 177
179 105
142 159
101 118
112 4
165 6
98 107
27 45
170 199
47 38
88 45
67 142
179 150
17 23
112 147
40 176
41 153
151 68
124 101
50 89
13 35
107 136
198 97
37 173
97 146
60 2
23 142
50 40
107 25
144 45
74 162
93 198
130 112
168 163
97 3
150 119
93 8
1 19
154 122
83 80
46 68
103 45
50 187
69 109
16 119
126 150
2 54
22 12
173 63
103 130
35 162
163 121
87 52
183 106
130 146
187 111
116 63
79 181
120 58
83 174
139 192
68 186
16 80
72 189
126 112
182 166
186 173
149 39
116 174
120 169
11 10
170 86
1 16
86 41
149 136
106 75
44 82
7 94
11 155
105 68
68 88
196 149
162 5
95 72
54 31
148 80
77 150
115 31
148 139
172 174
101 16
138 106
87 93
34 75
162 116
181 136
54 142
20 10
114 157
41 78
24 77
43 155
81 108
67 17
87 50
181 57
147 137
185 62
39 175
43 40
171 127
103 83
191 112
104 42
157 32
33 114
90 69
181 147
184 198
39 60
80 51
160 8
171 140
190 184
137 12
152 174
194 39
135 180
124 164
180 118
56 188
19 48
76 7
35 93
80 194
133 88
62 118
9 74
119 99
86 104
89 180
15 164
177 70
19 161
166 16
132 128
136 67
65 163
66 156
85 160
120 46
16 196
18 27
146 100
113 159
169 157
87 133
99 92
118 168
65 92
193 7
122 167
14 23
142 200
75 39
94 193
98 156
151 138
189 51
155 79
193 176
120 83
194 11
17 98
37 111
41 100
60 192
156 17
64 131
27 9
122 121
2 174
108 180
34 86
189 129
168 97
131 119
60 183
23 61
121 71
50 125
178 6
107 116
92 40
198 77
74 119
93 185
3 177
60 38
23 146
117 51
154 47
192 150
121 48
199 77
22 28
140 78
107 5
73 181
74 198
93 42
130 84
168 159
22 110
150 19
79 107
117 164
173 146
121 161
103 81
69 65
16 83
126 178
73 6
36 158
55 146
28 126
160 7
95 12
187 26
79 24
154 193
173 35
139 159
103 166
31 133
159 80
197 173
35 94
163 21
183 78
96 80
59 68
25 84
153 15
78 70
113 175
49 110
21 196
106 105
1 195
129 54
74 114
149 59
116 130
172 108
48 162
176 119
109 133
196 122
34 141
72 40
1 4
129 167
58 7
186 48
149 172
78 66
81 174
44 54
172 3
101 163
11 135
195 162
196 137
148 116
95 182
152 111
81 63
134 67
172 146
101 52
67 124
195 51
125 174
91 98
20 46
178 36
81 72
63 200
191 7
138 145
143 160
186 53
21 11
57 39
185 90
39 83
95 157
43 20
171 91
100 67
191 148
194 152
67 154
128 172
124 89
1 82
39 32
170 145
9 21
104 149
86 5
124 200
180 74
143 70
56 88
184 13
38 152
76 43
42 87
170 32
136 144
190 39
119 71
66 113
98 76
89 144
15 184
199 175
125 134
19 189
113 42
132 100
193 114
27 72
85 68
160 101
89 1
71 113
146 72
38 122
166 143
195 60
64 124
99 120
28 164
78 133
32 175
128 102
179 48
142 164
75 195
94 189
98 160
189 87
118 39
193 156
122 42
13 137
17 78
145 17
37 3
131 194
98 19
61 157
118 86
2 107
178 91
141 37
127 140
37 148
40 136
168 93
131 83
195 35
23 65
117 102
185 158
121 99
84 81
50 97
88 148
107 80
70 100
40 23
150 76
117 23
154 3
46 13
174 70
140 114
69 148
128 48
58 142
61 169
2 79
59 130
97 75
54 23
117 184
154 178
46 124
103 117
106 171
16 191
41 159
130 171
108 175
187 38
153 122
82 176
135 190
33 195
67 94
12 139
106 58
159 52
35 122
105 151
1 190
183 82
152 8
187 151
25 48
111 98
159 197
104 93
200 10
163 158
1 47
129 18
186 101
149 95
152 173
25 161
44 139
7 17
135 92
48 78
176 19
67 37
68 1
96 12
125 80
72 68
54 84
1 88
115 38
178 96
44 26
7 166
10 134
87 62
195 158
158 22
3 112
128 69
46 141
111 18
148 8
77 94
6 90
63 159
101 40
138 34
157 198
105 173
158 161
23 109
91 78
20 194
114 165
77 47
24 133
13 124
169 172
191 59
141 88
157 119
124 14
161 124
90 138
143 132
110 73
147 193
20 177
114 52
168 58
5 163
152 132
47 93
100 103
66 59
104 98
124 125
53 183
147 46
171 3
167 147
170 117
133 15
190 112
137 68
20 146
194 111
123 191
54 21
33 171
143 90
19 104
113 69
42 75
5 69
133 144
88 89
119 43
66 85
103 198
86 144
14 173
164 5
162 100
99 7
190 198
66 196
87 175
51 168
71 85
109 162
75 30
95 83
99 148
65 4
47 156
175 75
157 7
179 12
188 131
145 108
74 160
112 25
151 178
189 123
118 3
155 55
84 151
122 78
175 56
51 70
70 134
80 120
41 188
155 164
84 6
25 3
175 169
178 127
141 73
144 179
198 122
50 156
3 120
131 79
57 147
117 122
124 123
121 127
185 166
140 135
122 82
74 143
145 22
130 109
168 200
97 36
26 42
154 103
174 98
177 142
50 148
16 12
73 77
55 165
2 83
97 87
2 91
83 36
103 153
16 105
178 62
35 137
183 1
130 143
59 31
187 66
116 36
120 31
83 149
102 83
139 167
31 93
159 40
72 130
1 154
186 150
112 22
25 12
120 142
49 182
159 185
72 17
1 11
15 14
21 56
156 190
152 137
7 117
135 64
176 63
105 111
196 178
125 116
72 96
128 178
58 63
115 2
78 186
108 163
10 186
138 119
196 193
34 36
91 61
128 33
139 18
185 176
58 174
24 114
134 11
63 179
101 76
158 157
87 41
162 192
133 191
39 138
167 81
171 18
134 154
157 91
87 158
53 26
181 85
57 95
76 141
114 88
167 38
43 92
100 27
137 23
194 192
80 128
33 198
90 17
143 9
56 161
19 23
147 74
167 183
136 178
62 91
9 45
119 158
194 115
123 91
86 77
33 183
180 2
18 165
56 16
19 132
76 115
35 75
42 47
66 175
42 30
65 198
119 15
66 185
85 139
147 144
89 200
142 66
18 52
146 1
184 180
166 68
169 160
132 60
99 35
62 181
193 58
47 195
120 60
89 121
145 191
199 4
146 144
75 58
99 176
155 98
199 137
51 53
145 72
13 19
169 66
61 84
118 111
29 75
84 171
88 46
141 28
179 153
193 125
131 66
185 189
188 89
151 71
84 26
178 99
107 139
144 159
17 167
189 147
168 21
97 145
117 94
64 70
174 15
135 59
168 164
22 67
188 191
154 123
121 132
174 126
177 170
49 190
16 104
2 55
136 29
97 115
79 7
156 192
83 192
31 160
120 171
45 179
35 165
163 120
183 101
4 51
187 110
116 56
153 50
135 134
83 177
49 65
106 114
159 12
72 190
126 113
182 167
129 41
183 154
186 170
82 11
45 149
176 76
139 80
159 157
72 13
200 66
54 109
1 23
129 90
58 96
21 92
149 151
78 103
25 153
7 89
152 129
11 154
105 75
68 89
196 150
162 2
182 87
189 4
115 30
78 150
6 147
101 31
138 107
99 63
30 21
158 110
34 72
162 117
91 25
128 13
20 11
114 154
77 102
6 34
101 96
58 187
128 197
161 75
110 150
147 136
185 61
39 174
63 36
104 43
67 161
177 23
33 113
110 1
76 177
39 63
133 54
171 143
100 63
191 192
194 36
80 7
180 119
143 109
19 51
99 196
80 195
133 71
62 119
190 8
126 62
66 106
194 87
123 103
132 176
94 6
109 72
56 44
19 160
113 13
198 50
132 129
119 19
66 157
152 48
32 21
54 29
89 36
105 45
18 24
38 95
88 115
169 156
132 16
99 95
28 65
122 164
85 16
32 132
14 20
145 155
148 3
198 136
12 32
95 171
189 50
27 155
17 18
193 183
47 84
175 3
179 68
198 160
145 52
37 110
165 57
94 81
41 107
185 133
118 75
88 10
108 181
112 176
168 98
131 118
23 60
64 51
192 120
46 135
104 46
13 70
107 119
108 196
74 116
125 165
3 176
13 194
170 196
117 50
121 55
174 43
7 196
140 79
107 4
70 136
73 180
66 48
164 69
2 104
3 193
97 46
150 16
79 106
83 111
174 154
106 180
69 64
16 84
126 179
73 5
2 27
150 131
153 157
177 39
106 199
159 83
197 172
126 2
183 73
96 81
79 136
162 125
102 27
49 109
68 159
31 21
164 159
126 109
182 131
21 15
88 199
25 196
44 160
7 44
20 49
48 163
11 41
139 124
200 1
196 123
3 27
72 41
200 126
182 50
129 166
96 191
149 171
152 193
44 55
101 162
195 165
151 74
162 38
128 122
81 69
148 117
24 59
152 112
81 62
10 114
138 15
67 127
30 113
158 74
3 126
110 195
111 110
24 170
81 79
191 6
161 87
143 163
57 38
39 82
167 25
63 88
191 151
194 153
124 90
90 38
147 21
114 96
170 158
133 42
137 47
131 55
104 150
123 146
86 26
180 75
53 195
56 89
113 88
76 36
57 44
170 33
185 103
101 135
192 154
52 13
15 187
199 174
146 54
113 41
49 47
120 123
132 101
28 54
19 92
91 195
32 49
160 102
18 124
75 117
113 186
197 99
95 126
8 58
118 181
65 63
122 184
85 52
179 51
71 1
76 142
75 194
41 54
95 143
151 169
189 86
27 103
155 42
13 136
135 44
179 160
17 77
110 6
112 77
131 197
151 30
100 19
175 148
13 25
141 36
198 31
140 77
191 33
40 137
168 94
128 188
60 84
23 64
117 101
192 68
121 98
84 82
88 149
107 83
132 156
73 199
74 104
93 156
30 129
193 123
174 71
140 115
197 110
144 118
73 80
36 44
2 76
59 133
97 74
92 70
79 78
26 70
154 179
83 11
46 125
12 53
106 168
126 175
79 66
36 179
140 41
117 187
150 175
153 121
82 177
120 4
102 180
49 56
12 132
159 55
35 125
108 24
55 102
183 173
96 125
59 99
187 150
116 112
46 172
106 74
159 196
103 120
163 129
182 111
183 194
160 146
115 184
78 44
25 160
93 71
33 132
48 79
11 85
105 114
125 111
54 85
182 30
129 130
156 140
44 27
10 135
138 80
195 129
34 1
103 151
128 70
20 92
148 9
160 183
24 23
152 76
81 26
113 86
101 87
138 35
67 91
158 166
161 130
34 112
162 189
20 195
180 58
77 46
24 134
171 41
122 5
29 149
124 15
90 139
143 135
110 78
57 66
20 178
114 53
80 109
171 70
100 96
63 124
191 139
104 99
124 126
90 58
143 52
119 88
110 57
57 179
5 51
133 14
119 181
66 35
29 173
123 190
86 38
163 161
56 117
19 107
76 72
106 63
170 5
136 141
119 42
66 82
123 47
86 145
15 159
166 89
126 58
132 89
49 45
99 6
62 158
193 93
66 197
85 103
51 171
88 150
142 22
199 35
79 133
13 130
48 24
95 82
160 38
189 9
118 145
28 137
47 159
96 121
142 129
145 99
112 26
41 18
169 101
8 165
27 67
155 54
18 60
51 73
1 156
37 38
8 85
131 33
98 52
84 7
175 168
88 194
107 174
186 144
17 186
164 191
95 62
131 78
149 188
188 37
26 184
192 160
18 25
140 128
144 195
146 98
127 48
74 140
2 161
92 93
188 148
154 100
113 157
174 99
89 14
140 23
69 119
144 82
73 76
36 64
93 17
59 161
97 86
153 164
117 155
102 193
109 179
177 30
106 140
69 24
35 136
1 42
130 140
59 30
187 69
82 149
135 157
83 148
113 176
139 166
177 111
135 4
92 94
55 74
48 182
186 151
4 33
25 19
45 176
48 156
102 35
49 181
49 195
72 18
200 39
163 189
1 10
21 71
149 114
152 138
25 188
44 104
172 53
7 20
168 196
176 48
105 110
34 178
72 97
200 182
128 179
48 75
120 121
134 121
176 16
195 125
34 37
162 110
181 178
198 131
20 112
43 177
6 71
31 69
138 199
105 136
158 130
87 40
162 193
21 109
111 166
176 53
104 48
67 196
198 183
124 19
87 153
90 111
53 25
12 113
57 94
47 111
114 89
167 33
5 134
43 95
171 162
9 195
191 175
33 197
176 1
143 8
184 87
76 29
5 23
62 88
190 109
119 153
156 133
194 112
86 66
33 182
52 86
56 17
19 135
113 96
76 108
189 115
62 43
119 14
85 138
32 10
160 63
199 118
146 126
38 48
4 96
132 61
4 157
189 188
62 186
65 118
193 57
122 129
85 123
32 121
51 135
199 7
146 145
75 61
13 190
169 48
99 179
193 170
47 179
175 110
51 52
34 5
142 157
172 32
41 106
165 4
17 59
193 41
98 105
64 185
27 47
122 90
47 32
178 145
141 27
112 71
94 5
131 29
188 90
151 70
64 40
155 131
13 33
141 108
70 18
17 166
74 81
37 171
3 87
23 136
26 156
64 71
192 140
50 38
107 27
70 173
73 159
36 21
164 34
2 133
130 78
168 165
22 64
188 184
46 74
187 107
177 169
197 38
1 192
189 195
131 18
108 182
97 114
3 196
111 25
103 188
31 163
159 126
30 105
55 57
183 100
130 144
184 136
187 97
116 57
79 183
186 41
135 129
173 78
102 124
68 164
31 48
72 191
35 53
163 200
182 164
129 40
183 149
186 171
198 21
44 189
135 22
48 184
11 12
139 83
188 126
159 156
1 22
6 29
186 5
96 148
78 100
7 88
111 134
11 157
195 200
196 151
125 23
93 111
148 82
24 32
152 21
30 26
76 107
23 90
34 73
162 114
128 14
111 85
114 155
6 35
10 46
67 19
110 151
185 60
97 153
198 67
43 42
191 114
124 55
143 167
57 27
170 187
13 96
171 142
73 15
191 195
104 187
80 124
76 145
52 187
114 28
143 108
19 50
147 105
76 1
140 64
5 11
133 70
29 106
190 9
137 131
66 107
194 84
123 102
157 85
86 117
52 42
18 134
56 45
19 163
166 22
136 69
100 95
119 18
66 154
85 174
160 91
89 43
142 95
161 193
199 90
144 54
75 72
38 92
16 97
95 5
42 147
35 97
65 82
193 5
85 31
32 133
89 9
194 190
8 96
98 154
61 6
27 154
47 87
175 2
179 71
71 173
37 109
75 182
94 86
119 194
60 194
61 119
64 133
27 11
177 159
198 48
164 70
40 174
3 34
23 63
64 52
192 121
46 132
2 90
178 4
141 144
108 197
127 123
93 183
3 179
97 188
23 172
154 45
174 118
109 158
1 90
140 72
69 190
107 7
144 11
73 187
36 9
74 196
93 40
130 82
168 129
150 17
67 169
83 110
121 167
12 18
106 181
173 144
73 4
93 89
130 197
150 128
131 35
173 33
102 137
139 145
177 38
159 82
197 171
153 184
163 23
55 29
183 72
59 70
187 141
116 29
153 13
105 83
106 87
28 49
200 16
75 16
1 193
129 52
126 176
21 14
66 39
45 77
29 35
7 47
135 122
194 16
176 105
198 189
68 47
72 42
200 127
54 78
1 114
148 135
21 127
149 170
81 172
2 24
7 188
190 22
48 74
158 56
196 139
125 59
94 134
119 148
128 123
180 35
152 113
6 124
101 50
34 98
67 126
30 118
158 75
87 99
34 109
162 150
110 192
20 40
6 15
191 1
138 159
67 15
161 86
16 143
53 32
181 27
110 179
57 37
39 77
182 7
100 77
63 91
104 8
67 156
5 88
90 39
103 160
110 34
120 136
182 74
133 41
29 200
160 153
180 84
143 64
38 158
35 64
42 85
170 46
136 146
119 65
123 2
86 138
56 59
109 43
182 158
19 191
113 40
132 102
136 174
136 97
65 141
193 112
159 57
120 51
142 59
71 115
18 125
75 116
113 185
97 147
99 122
118 138
65 62
32 161
179 50
92 76
75 197
94 163
169 8
61 42
118 37
155 45
193 146
122 40
175 38
13 135
108 11
94 50
131 196
126 73
151 25
27 23
18 46
175 151
25 61
108 154
127 142
117 152
8 67
168 95
131 85
23 67
64 16
121 97
84 83
55 113
13 105
107 82
70 90
74 105
150 66
12 106
174 68
140 108
197 109
36 45
93 12
104 52
59 132
97 73
150 61
117 134
38 78
25 156
103 119
69 35
73 32
36 188
29 161
150 172
153 120
146 22
173 5
49 63
12 133
106 56
197 143
35 124
199 69
55 97
44 161
187 169
116 113
120 116
102 4
31 8
200 12
21 34
149 93
78 45
44 133
7 19
48 64
11 84
109 128
72 70
200 155
54 42
1 94
58 25
93 131
78 92
81 136
44 20
10 132
138 81
195 128
158 20
96 155
10 12
185 154
71 18
134 45
63 153
101 86
138 32
67 90
195 17
158 167
161 129
125 176
162 186
91 64
165 137
95 64
114 163
99 182
24 135
171 40
191 37
157 117
33 79
161 114
10 199
53 4
96 176
110 79
57 65
185 116
39 113
167 60
43 114
171 185
9 166
191 138
29 59
123 192
128 161
124 127
30 130
149 192
56 135
92 146
147 48
14 45
49 105
170 115
133 13
9 55
137 74
156 162
194 109
123 177
33 169
15 105
131 172
184 43
38 186
197 37
80 140
133 158
71 196
111 70
119 37
78 165
199 141
184 154
173 188
8 161
62 159
130 10
28 27
156 64
85 102
11 101
14 34
199 34
165 158
198 147
11 95
4 131
99 150
65 26
47 158
175 85
179 14
195 139
145 98
112 27
112 80
94 159
131 147
169 100
98 66
61 78
189 121
27 66
155 9
118 97
175 58
13 171
51 72
27 91
131 32
98 53
192 50
176 178
178 125
107 161
175 101
164 184
37 182
40 102
97 139
60 121
23 103
26 185
185 161
192 161
121 125
50 3
101 54
120 141
170 184
130 107
3 139
22 165
46 47
174 96
12 75
140 16
197 65
144 83
73 115
36 65
8 193
93 16
130 26
59 160
97 85
66 89
79 45
26 91
154 148
83 38
103 155
106 141
69 7
35 139
183 3
187 68
116 38
153 84
102 81
12 169
106 28
72 132
35 24
30 91
92 95
55 69
187 181
195 62
82 37
120 144
139 54
196 45
3 16
111 116
200 40
163 188
1 9
129 124
148 200
21 70
149 113
152 139
124 60
44 105
7 119
135 66
48 108
176 49
30 172
196 188
34 179
72 98
128 180
81 78
58 61
78 184
7 132
185 18
138 117
11 193
158 112
196 195
168 54
162 111
181 177
124 8
191 85
148 46
24 116
43 176
6 68
63 189
138 196
157 168
105 143
161 173
181 34
167 83
13 119
64 103
177 68
194 175
157 89
87 152
181 83
57 93
114 86
5 133
43 94
190 131
137 21
153 115
104 64
90 31
53 137
56 163
184 88
26 153
167 177
170 87
33 70
190 18
119 152
66 4
29 176
123 93
160 193
15 77
109 98
184 199
38 166
76 109
42 45
136 170
119 9
66 183
85 137
32 11
160 48
14 143
142 64
180 179
18 50
146 127
184 182
38 49
26 194
95 32
132 62
19 49
136 57
9 138
28 127
122 142
85 122
14 62
145 189
18 69
165 178
139 30
27 177
80 103
47 178
51 55
6 92
145 78
37 72
75 141
41 13
98 102
64 186
118 109
84 181
122 96
88 48
141 26
108 83
116 119
40 179
94 10
131 28
188 91
61 195
192 30
58 179
50 84
178 97
141 107
198 100
63 165
74 94
37 170
40 66
3 86
60 29
169 181
26 157
64 88
100 55
140 165
18 29
107 26
70 162
73 158
164 35
2 130
168 166
188 185
154 121
83 85
46 75
174 124
177 168
16 106
73 111
36 101
119 121
97 113
2 84
173 60
112 75
31 162
159 121
197 182
35 167
163 122
91 38
130 145
25 125
120 61
104 151
5 57
68 165
35 52
129 47
186 168
149 36
93 112
195 175
45 147
11 15
72 15
182 84
21 90
78 101
25 159
11 156
105 73
68 91
196 144
125 22
177 26
77 147
24 33
78 148
6 145
138 105
176 172
195 88
158 108
125 135
128 15
111 84
114 152
136 158
43 156
6 32
109 117
34 151
157 140
181 6
110 148
147 138
19 117
151 139
38 179
96 31
104 45
12 99
33 119
161 58
90 64
137 191
110 7
57 121
167 196
80 54
133 52
171 129
137 49
191 194
123 136
11 183
124 167
52 132
180 113
184 116
147 104
42 126
5 10
96 147
100 136
137 130
29 148
135 161
61 51
89 185
15 161
18 135
56 46
38 194
166 23
126 13
65 160
85 173
18 22
153 52
38 93
4 69
31 80
99 65
122 162
85 30
120 65
14 26
145 153
176 75
165 86
94 196
126 86
61 5
27 157
193 181
122 21
175 13
198 166
71 172
37 108
94 87
98 10
61 118
64 134
118 73
186 139
198 49
127 149
112 178
40 175
168 100
60 178
64 53
42 193
46 133
84 56
50 120
88 187
107 105
70 127
17 129
32 50
97 179
117 48
154 42
121 53
69 189
107 6
36 10
164 71
2 102
168 130
97 44
150 22
26 96
154 93
132 40
121 166
109 188
103 82
197 25
36 153
2 25
187 31
153 99
102 142
49 18
103 163
31 134
35 67
55 28
183 75
21 156
187 140
71 78
79 138
11 3
120 89
20 180
102 25
109 151
106 84
3 99
200 17
182 129
57 131
8 59
149 56
116 141
44 162
172 111
120 200
176 106
139 126
68 40
125 73
72 43
200 96
129 164
96 177
78 65
44 49
11 38
48 52
159 90
195 167
125 58
77 183
24 61
6 125
101 49
30 200
195 52
158 72
87 98
135 71
30 94
91 103
110 193
20 41
114 188
77 8
24 172
81 77
138 156
67 14
37 200
90 181
53 47
91 148
110 176
57 36
185 95
114 15
99 164
165 75
171 92
137 92
172 22
29 86
157 1
124 84
57 149
170 156
133 40
190 91
86 24
33 140
53 193
184 16
38 159
76 38
42 82
5 110
84 152
62 17
190 42
66 76
123 5
160 9
180 196
109 42
19 190
17 105
193 119
160 120
142 56
71 114
199 57
146 71
75 119
38 121
88 120
95 120
8 60
27 200
65 61
89 31
7 137
85 50
124 53
179 53
180 21
71 3
198 141
41 52
169 15
151 171
8 139
27 121
155 44
75 155
122 41
13 134
51 111
198 130
71 144
112 79
105 197
98 46
61 154
185 136
118 85
148 4
107 196
108 155
127 137
74 7
37 145
168 64
23 66
26 162
67 199
192 70
46 161
84 92
50 28
13 104
54 172
70 91
74 150
132 34
40 26
150 67
117 20
154 14
99 107
118 84
69 145
16 35
73 86
157 46
164 123
2 74
130 55
108 189
150 50
79 72
83 13
174 180
188 72
69 34
16 178
126 173
73 39
81 2
130 166
187 59
153 127
82 175
135 187
173 4
141 35
12 134
31 122
159 49
16 193
126 60
139 37
92 116
183 175
21 176
59 101
120 117
102 5
49 143
1 44
186 96
115 186
44 134
7 18
135 89
48 65
11 87
105 112
68 12
125 109
72 71
200 156
128 169
92 154
148 164
101 108
115 43
78 93
81 143
10 133
138 94
10 13
195 131
158 21
34 31
162 72
185 153
148 11
111 195
24 25
152 78
6 89
63 152
111 154
138 33
157 195
195 16
177 163
3 101
144 131
77 44
24 136
138 176
157 116
188 63
53 3
18 93
57 64
185 123
5 160
43 117
9 165
63 126
191 181
29 58
124 120
90 56
143 54
56 136
57 177
170 112
119 183
66 33
29 171
50 146
160 166
76 100
18 62
15 104
56 119
19 109
76 74
80 141
128 90
136 143
154 36
185 106
123 33
160 21
142 101
146 24
38 10
62 61
62 156
65 104
28 20
156 65
85 101
51 173
14 35
142 20
18 94
146 171
75 19
38 101
4 29
189 7
65 25
142 135
114 93
37 83
131 146
153 21
8 167
29 41
47 14
175 197
88 85
67 138
37 36
94 47
41 161
112 115
98 50
151 60
155 185
84 1
115 125
88 196
83 64
17 184
114 118
74 59
37 181
23 102
26 134
64 125
194 197
46 189
80 42
124 100
70 71
127 50
164 8
2 191
140 9
3 138
22 186
150 111
115 145
26 41
174 97
177 131
140 17
197 72
144 84
36 66
55 166
2 46
22 21
22 8
153 170
26 88
154 149
77 175
79 128
53 6
183 2
66 56
59 16
116 39
93 103
45 29
173 104
49 90
12 170
159 21
72 133
35 27
163 46
1 159
55 68
189 110
186 149
57 72
187 180
116 86
82 34
120 145
48 158
102 33
5 43
196 46
159 186
79 52
1 8
184 120
186 4
149 112
152 140
116 197
44 106
7 118
101 151
48 109
30 173
68 96
34 176
72 99
83 49
54 55
148 184
115 7
78 185
6 170
134 127
172 198
10 185
138 114
11 192
195 127
34 35
162 108
181 176
128 36
185 181
148 47
86 78
43 179
6 69
10 8
138 197
190 50
195 12
158 128
161 172
181 33
171 23
109 103
191 88
104 50
157 88
5 81
33 106
87 155
90 109
181 82
57 174
76 136
170 197
136 128
100 6
137 20
191 169
124 156
92 34
19 24
76 31
1 185
5 21
3 182
137 101
66 5
139 189
123 92
33 180
52 80
15 76
18 160
56 19
19 137
113 102
76 110
111 80
62 39
136 171
160 137
119 8
66 180
85 136
120 42
86 179
21 150
142 65
16 192
18 51
146 124
184 183
38 54
166 123
95 35
42 189
8 101
136 58
199 159
122 143
25 106
51 137
89 126
71 58
18 66
165 177
95 176
106 5
62 200
189 128
175 104
120 79
51 54
108 61
145 77
54 184
193 111
94 120
131 142
4 128
61 81
64 187
118 98
155 20
122 97
88 49
92 80
30 49
112 151
40 180
60 175
188 84
64 42
84 37
13 95
70 16
127 65
74 95
37 169
40 67
3 89
60 30
23 138
117 91
64 89
192 142
174 18
140 166
70 163
36 23
164 44
93 194
168 167
188 186
154 70
173 170
121 137
178 131
12 104
50 183
135 36
16 107
186 70
93 115
71 97
153 134
47 198
132 30
177 56
159 120
140 129
183 102
186 198
38 178
187 99
25 124
79 177
45 1
83 178
49 70
31 50
159 9
72 161
35 55
182 186
129 46
186 169
115 197
116 170
45 146
11 14
68 53
159 158
200 69
54 96
182 85
129 95
108 32
149 148
25 158
172 27
101 139
48 9
30 137
162 1
186 12
54 19
148 92
77 146
115 158
152 23
6 150
101 28
21 105
30 24
105 113
34 71
162 112
54 130
164 188
111 87
24 81
134 43
13 90
67 21
9 116
181 5
147 141
20 133
39 171
167 118
24 192
171 115
63 33
191 124
194 176
67 162
161 57
110 4
76 172
114 123
167 199
80 55
133 51
190 188
137 48
148 155
105 20
19 52
147 107
42 127
5 9
133 68
62 122
119 127
29 147
86 108
89 184
175 9
15 160
18 132
56 47
112 2
38 195
42 14
62 197
65 167
193 106
148 64
177 2
89 41
142 93
18 23
131 136
165 196
198 154
169 129
118 172
65 80
193 27
152 3
32 135
14 27
30 195
145 152
112 39
94 197
95 148
61 4
155 67
193 180
122 18
175 12
198 167
131 193
112 36
41 104
29 84
61 117
47 36
141 61
60 179
23 57
151 100
20 93
50 121
13 67
141 142
70 124
74 115
93 181
40 63
3 181
60 34
23 174
154 43
91 54
121 52
69 188
144 13
36 11
164 64
91 47
168 131
79 119
19 192
83 112
121 165
103 77
106 179
16 87
126 182
73 10
10 23
130 195
150 134
153 98
82 200
173 31
139 147
103 162
106 194
197 169
7 52
30 82
55 31
96 84
59 88
187 143
25 88
153 19
45 101
8 51
49 98
63 164
39 197
200 18
1 199
129 10
96 195
149 71
116 142
44 163
172 104
179 19
11 42
110 199
164 138
129 187
148 129
21 125
13 37
81 162
7 190
48 53
11 187
125 57
70 30
121 72
148 112
81 51
134 71
93 88
101 48
138 10
195 55
188 16
34 107
162 148
91 102
26 183
114 189
24 173
81 76
191 3
161 84
181 25
110 177
20 153
114 12
167 26
43 8
9 136
63 69
191 144
104 10
124 85
53 95
50 17
147 22
170 157
133 23
9 25
137 44
29 198
107 64
86 25
15 23
56 92
113 93
76 39
5 109
133 184
136 148
100 173
119 67
66 77
160 10
52 8
15 132
19 193
166 48
132 96
136 99
65 131
193 118
20 179
85 64
141 193
160 121
89 5
142 57
71 109
199 56
146 68
4 58
99 124
118 136
28 160
47 132
32 163
179 52
23 198
145 132
165 73
41 59
169 14
98 188
61 40
8 140
118 59
122 54
88 122
179 165
108 5
132 23
94 48
41 68
61 153
192 40
175 145
178 87
107 199
198 18
127 136
74 4
165 174
60 87
147 13
26 163
64 18
192 71
100 14
115 129
50 29
141 178
70 88
73 196
127 25
164 21
93 153
40 27
12 97
22 159
22 97
16 42
29 22
46 17
126 81
140 110
69 144
197 107
73 85
164 100
93 10
97 79
150 51
2 95
117 132
154 190
83 12
170 61
103 113
106 151
69 33
16 179
35 145
36 190
130 167
153 126
82 172
173 3
102 171
5 50
177 64
106 38
197 141
126 61
1 178
183 174
86 2
116 115
120 118
190 118
49 142
122 52
106 73
159 193
200 14
129 22
126 181
66 32
152 177
22 63
7 13
176 23
68 13
196 90
34 173
103 101
200 157
182 29
148 165
115 42
152 32
44 22
138 95
190 27
158 26
92 195
162 73
173 193
128 89
11 44
62 138
77 90
81 31
134 35
10 21
138 46
67 92
105 145
56 118
162 184
185 9
77 43
178 76
79 18
124 10
161 112
52 88
53 2
181 125
110 77
57 71
185 122
39 115
167 62
5 175
171 187
100 99
163 119
29 57
123 194
150 190
90 57
100 130
56 137
110 60
170 113
136 142
190 116
119 182
194 107
45 44
86 37
33 175
15 107
18 189
56 120
184 45
38 184
76 75
42 55
119 39
66 81
22 193
123 32
86 148
142 106
15 152
199 143
146 25
153 45
166 92
42 198
99 11
62 157
28 21
66 192
85 100
89 97
142 21
71 81
18 95
75 18
166 175
4 30
156 14
118 148
65 24
193 195
47 152
199 39
108 74
112 29
131 149
169 106
61 76
8 168
67 133
47 9
175 196
88 86
179 129
140 142
37 35
94 44
180 132
8 120
151 63
192 52
155 184
18 43
88 197
107 163
70 53
198 126
74 56
16 29
3 124
22 200
23 97
26 135
86 21
121 3
140 131
65 105
107 48
144 198
164 9
2 188
164 145
3 141
22 187
26 54
113 194
174 102
103 4
49 186
197 79
144 85
182 133
36 67
55 161
2 47
59 162
97 107
37 146
153 169
26 89
83 40
102 196
177 19
45 152
16 159
96 198
163 64
59 19
187 70
25 103
135 158
173 103
49 89
159 20
35 26
55 71
183 178
187 183
116 87
82 35
120 146
48 159
102 38
139 40
196 47
62 144
92 200
129 114
96 139
5 22
152 141
25 129
7 113
101 150
48 110
11 114
30 146
68 97
196 190
125 112
72 100
200 185
128 182
148 185
189 104
78 190
6 171
134 124
7 134
131 159
11 195
125 69
91 49
128 37
20 115
148 40
115 108
43 178
81 123
134 15
101 72
195 15
158 129
87 37
91 174
92 178
185 37
39 134
167 77
43 195
171 22
63 12
17 169
29 108
148 140
87 154
101 129
53 102
111 186
170 194
114 50
171 167
184 135
122 6
191 168
104 66
126 30
128 166
124 157
52 162
90 29
56 165
133 111
36 196
66 2
29 142
86 65
109 96
56 20
19 136
38 164
193 155
4 163
62 46
66 181
78 174
32 13
128 155
14 141
152 71
180 189
199 115
146 125
166 120
169 164
44 10
15 199
99 39
65 75
32 124
51 136
89 125
145 179
108 18
169 79
145 24
155 102
47 15
78 147
179 108
108 62
112 57
94 121
169 70
98 100
61 80
111 7
27 32
155 23
84 183
47 45
74 181
179 157
108 77
101 18
37 199
40 181
60 168
188 85
61 193
64 43
91 33
155 132
53 132
178 31
141 105
198 90
127 64
74 92
37 168
112 106
3 88
97 149
117 90
185 164
192 143
161 197
140 167
164 45
2 128
130 77
108 68
22 71
150 8
154 71
181 138
121 136
160 191
12 105
140 54
128 10
73 109
36 103
55 133
112 143
22 54
93 7
153 133
173 58
173 151
31 172
197 180
125 167
23 22
96 73
198 39
187 98
25 67
135 130
173 75
68 167
31 61
159 8
74 17
177 158
30 92
92 61
6 47
96 56
149 34
13 60
120 174
176 64
1 3
200 70
157 94
182 42
58 108
149 147
78 107
172 20
101 138
68 69
23 72
125 20
162 30
54 16
152 24
6 151
87 48
30 25
87 88
125 133
162 113
70 8
54 131
111 86
24 82
43 158
6 38
10 45
157 138
161 79
98 62
57 14
20 134
167 113
178 51
9 147
104 47
90 78
57 127
76 173
114 120
170 166
190 189
137 55
194 32
96 190
180 115
56 65
19 55
147 106
42 124
190 12
137 128
66 102
194 83
107 62
86 109
89 191
52 53
109 68
113 1
132 141
53 22
28 46
156 27
85 171
32 41
14 105
180 145
199 87
75 77
113 146
166 100
95 6
132 28
8 2
65 87
28 93
122 160
3 130
71 25
53 113
8 145
27 159
155 66
193 139
47 80
179 72
198 164
37 106
75 171
94 85
61 116
64 152
118 79
100 23
197 102
141 60
63 109
198 55
112 180
40 145
3 39
60 76
188 121
64 55
192 124
46 139
50 118
178 3
45 133
70 125
93 180
40 32
3 180
97 177
60 35
93 53
117 62
154 40
100 60
174 47
140 75
16 14
16 57
70 140
73 184
36 52
164 65
130 81
168 132
22 99
150 20
154 91
83 115
46 101
174 158
36 155
2 23
187 17
9 30
49 16
106 195
126 6
163 24
96 85
59 91
187 142
22 20
153 18
82 88
45 100
29 195
49 97
31 17
81 97
200 19
126 118
92 1
129 9
160 158
149 70
172 105
48 167
176 108
68 42
196 103
34 134
72 45
200 98
182 54
148 130
21 124
115 81
81 161
7 185
101 174
48 54
11 186
105 43
158 63
125 56
162 34
153 142
185 131
121 180
113 82
172 143
10 126
138 11
100 131
195 54
87 124
34 104
91 121
78 9
27 131
77 6
32 92
18 177
138 154
157 110
90 179
53 45
91 150
110 182
57 42
20 154
39 78
167 21
194 149
33 17
119 92
110 33
147 25
80 20
133 22
190 89
137 83
39 169
104 154
123 150
160 156
33 130
52 154
15 22
12 140
19 83
76 32
80 163
133 167
62 23
119 66
159 79
123 7
86 137
96 64
15 135
109 40
184 129
113 45
166 49
35 117
132 97
132 134
65 130
109 38
161 78
85 79
125 192
92 98
199 59
146 69
113 190
4 59
97 175
8 62
65 51
28 161
90 26
45 121
51 192
179 55
142 118
165 72
94 166
131 184
95 139
98 189
151 165
8 141
155 46
199 131
122 55
13 132
51 113
179 164
108 6
37 14
189 142
94 49
106 121
151 26
136 102
113 198
13 21
141 32
127 139
74 5
168 66
131 86
60 80
188 29
117 97
64 19
93 56
84 94
13 102
141 177
127 24
164 22
77 121
189 169
22 156
150 65
88 135
174 75
140 111
135 45
197 106
144 106
73 84
28 105
59 153
97 78
26 66
154 191
42 151
136 38
174 186
103 112
73 37
36 191
130 164
150 163
173 2
102 168
49 60
177 71
31 100
120 181
197 140
126 34
163 52
1 177
55 98
28 70
21 190
59 103
136 26
25 59
82 60
120 119
20 122
49 141
139 77
163 133
129 21
186 110
149 90
152 178
25 164
7 12
135 91
48 67
176 8
105 118
68 14
196 91
34 170
72 73
200 158
128 171
182 18
129 134
77 200
4 2
78 163
81 141
11 93
101 194
138 92
195 133
182 45
68 26
152 80
81 30
134 32
63 154
138 47
178 7
105 144
161 134
45 192
162 185
39 157
77 42
149 156
20 200
134 179
191 38
33 76
90 151
61 10
181 124
182 6
57 70
20 190
114 49
167 57
5 174
7 82
123 197
33 61
131 186
104 1
147 53
170 126
9 52
119 177
66 63
29 169
123 178
33 174
15 106
18 186
56 121
184 46
38 185
170 1
133 155
136 177
119 38
156 44
86 149
14 182
142 107
41 3
38 8
39 79
132 69
9 73
189 148
62 130
47 118
85 99
142 26
71 80
61 64
80 76
178 195
95 94
189 5
118 149
28 133
47 155
32 192
125 200
142 133
112 30
165 108
198 134
41 22
4 174
98 65
189 118
27 71
155 10
47 8
51 77
17 45
37 12
94 45
60 133
98 48
61 188
64 192
192 53
155 187
84 3
175 180
13 57
141 68
144 168
17 190
164 187
37 179
40 105
135 9
60 116
23 96
26 132
192 164
46 195
84 114
50 62
144 199
195 67
127 60
74 136
2 189
130 102
3 140
22 184
150 109
188 144
26 55
154 96
174 103
103 7
140 19
73 112
101 47
2 44
130 25
108 186
97 106
189 13
79 46
154 147
83 43
103 110
16 144
35 140
163 67
183 28
130 136
187 89
111 95
102 84
177 99
31 88
126 94
92 90
55 70
183 141
149 13
187 182
25 23
82 32
48 144
49 169
196 40
72 22
200 43
30 78
182 79
129 113
58 73
186 2
115 152
25 128
44 100
7 112
101 149
48 111
87 43
120 32
68 98
125 15
200 186
58 56
115 9
152 61
7 129
197 80
176 131
195 97
91 48
54 164
185 187
148 41
77 125
13 73
81 122
63 190
10 54
138 195
67 59
30 77
158 134
54 171
3 104
194 100
181 47
46 165
43 194
171 9
134 159
29 107
67 200
33 104
43 193
53 101
181 80
39 22
80 77
178 37
171 166
190 134
137 26
39 163
143 20
56 166
184 91
147 81
5 19
62 192
29 110
9 80
119 149
194 76
123 94
160 196
89 162
52 82
180 15
164 16
86 191
113 100
132 170
136 173
85 150
86 177
180 190
199 114
146 122
184 185
38 52
169 171
132 57
8 103
136 60
100 110
28 122
122 141
85 7
125 137
14 61
188 142
109 129
165 191
166 200
80 169
189 41
155 121
27 84
161 49
51 56
198 185
145 67
169 69
98 101
29 36
155 22
80 74
47 44
105 169
141 23
179 156
40 182
94 9
131 1
60 169
57 128
151 66
64 44
192 17
9 194
84 39
76 164
50 83
13 93
70 22
17 154
74 93
12 125
3 91
60 24
188 197
26 152
192 128
161 45
174 16
107 31
70 161
73 131
36 17
199 105
93 192
130 74
168 169
97 5
13 43
188 180
154 68
173 168
121 143
103 43
140 55
16 109
55 132
70 195
59 193
153 132
143 11
173 57
80 4
177 62
31 175
159 122
123 131
35 168
163 127
55 53
183 96
96 74
59 62
79 179
82 117
173 74
49 68
76 30
31 60
159 11
92 62
129 44
183 145
96 57
116 180
44 185
82 4
120 175
176 65
139 87
159 152
200 71
1 106
129 93
58 109
118 83
148 186
44 72
68 70
13 92
83 52
128 147
152 25
6 148
134 89
143 93
101 26
176 175
195 93
158 83
125 132
103 137
95 87
54 128
121 103
43 145
101 107
18 97
87 200
197 196
91 141
110 155
111 198
39 165
43 46
187 63
9 146
18 163
191 126
49 31
67 164
33 116
87 185
90 79
88 144
57 126
39 58
86 100
170 167
133 49
105 58
100 36
104 191
123 141
52 135
15 61
136 47
137 172
59 47
35 92
42 125
80 184
133 66
62 120
9 76
199 191
66 103
199 193
38 193
166 10
132 142
61 17
193 104
156 20
85 170
160 95
21 145
199 86
113 145
166 101
95 1
42 159
156 53
99 66
187 137
163 54
141 149
14 25
145 158
165 83
12 152
169 16
86 178
151 128
8 146
27 158
155 69
122 16
175 14
13 159
21 188
108 35
71 169
193 98
165 36
94 90
41 110
61 115
64 153
27 15
198 194
88 15
141 59
108 178
127 150
112 181
40 146
168 103
31 40
151 102
64 8
84 59
50 119
88 190
17 134
74 113
93 179
169 166
154 41
121 58
174 44
86 35
69 186
116 91
144 15
73 191
164 66
2 101
130 46
168 133
97 33
79 113
174 159
103 79
135 35
197 6
126 180
73 8
36 132
193 56
130 193
4 78
64 65
150 132
82 198
109 169
177 90
31 131
126 7
163 27
55 25
104 62
20 121
59 90
116 25
153 17
45 99
102 28
49 96
68 132
31 16
92 2
186 75
149 69
71 59
44 157
172 106
17 155
1 17
199 6
68 43
196 96
34 135
176 24
62 147
1 27
1 118
96 180
78 68
101 173
21 72
185 130
148 114
77 180
81 49
172 136
10 127
138 8
67 98
158 79
87 127
34 105
162 146
1 126
20 52
6 3
191 13
157 109
161 106
90 176
143 174
189 56
147 171
185 92
48 26
167 20
43 10
100 73
11 110
191 146
194 146
157 30
54 47
109 79
151 158
1 81
57 154
133 21
190 94
119 172
194 5
86 31
33 129
52 155
180 80
143 76
19 82
113 83
42 81
115 47
133 166
136 150
9 104
137 163
181 197
123 6
86 142
89 154
180 199
199 165
146 51
19 195
132 98
189 143
65 129
27 75
160 123
142 63
71 111
199 58
146 66
75 104
108 25
99 126
71 167
65 50
47 134
85 63
98 176
142 174
68 104
94 167
131 187
98 186
151 164
8 142
118 57
172 187
175 34
88 124
179 167
108 7
145 11
112 66
41 74
98 45
61 151
47 35
13 20
141 95
108 150
81 57
3 22
54 160
26 161
64 20
46 164
27 5
140 153
58 149
107 86
70 94
127 27
93 151
40 29
170 114
188 58
46 23
174 72
69 158
164 102
2 73
130 50
59 152
97 77
154 188
16 181
73 36
36 184
41 158
130 165
187 60
97 80
153 124
82 170
45 54
102 169
49 51
103 192
172 117
159 50
197 139
126 35
30 87
55 125
21 189
59 102
187 173
82 61
45 71
102 56
49 140
196 53
159 195
163 132
129 20
198 3
152 179
7 15
165 169
176 9
30 180
196 68
34 171
72 74
200 159
54 46
182 19
129 133
58 37
37 143
115 44
152 34
101 193
176 152
30 199
34 26
121 83
111 24
77 88
108 40
63 133
138 44
157 192
67 11
158 171
23 200
62 69
185 15
39 156
77 41
88 132
171 44
185 49
161 82
124 4
161 118
168 23
147 199
8 71
43 118
9 170
63 123
181 31
33 60
184 64
147 52
117 92
167 137
170 127
9 59
137 78
66 60
123 181
160 185
52 127
15 117
109 122
56 122
184 47
38 190
76 69
132 183
143 141
104 63
81 135
156 45
123 34
160 40
14 183
30 127
15 154
109 11
50 39
38 9
99 13
62 131
65 109
28 23
156 92
43 133
114 47
109 156
144 32
75 20
4 24
99 186
99 154
29 91
65 30
28 134
35 194
32 193
142 138
74 161
112 31
165 107
131 151
169 104
98 94
151 200
8 170
118 5
155 13
13 167
51 76
179 131
17 44
112 110
41 166
61 187
64 193
192 54
155 186
178 121
141 67
144 169
127 174
74 38
40 106
168 63
64 112
64 126
16 21
107 50
127 63
18 103
121 138
150 98
154 97
29 17
46 51
174 100
177 128
50 142
69 114
12 111
144 87
10 102
36 77
55 163
93 108
29 104
22 40
153 175
83 42
177 17
18 19
69 3
2 105
49 29
59 21
116 34
153 88
135 152
83 155
177 98
31 91
103 69
35 28
92 91
183 140
96 30
149 12
50 147
45 171
48 145
102 36
139 42
196 41
159 167
200 44
163 160
182 76
58 86
186 3
115 155
152 143
25 135
44 101
133 110
194 102
11 116
72 102
200 187
58 57
6 169
88 21
172 193
10 164
138 113
11 197
30 35
34 62
162 107
15 116
77 124
152 10
109 121
31 13
138 192
160 119
103 191
181 46
39 128
43 197
171 8
134 156
63 14
191 69
194 171
9 96
124 40
90 104
96 14
39 17
170 192
43 82
171 153
100 1
29 27
5 78
124 159
52 172
177 92
56 167
19 29
147 80
55 56
5 18
136 179
9 87
137 106
156 130
194 77
135 165
86 71
89 161
180 8
18 159
56 22
76 105
35 74
132 171
66 172
62 44
66 179
85 149
32 15
160 52
142 68
180 191
199 109
38 53
165 34
169 170
132 58
28 111
189 183
193 60
122 138
45 2
51 138
18 65
83 179
165 190
189 40
47 190
175 117
51 59
108 56
145 66
37 116
75 129
94 127
169 68
61 110
64 190
27 34
45 3
122 108
178 138
193 99
188 87
156 96
64 45
155 134
49 154
178 29
141 103
70 23
198 88
74 90
97 171
60 25
23 135
117 88
64 92
192 129
50 35
120 135
107 30
144 36
73 130
36 18
164 47
130 75
168 170
97 4
26 8
83 89
121 142
174 128
50 178
16 110
73 19
21 69
55 135
2 49
22 52
153 139
83 198
177 61
31 174
159 101
35 171
55 52
28 77
149 79
187 100
27 196
79 178
82 114
45 126
83 183
68 161
31 63
159 10
72 164
126 123
182 185
129 35
183 144
99 118
187 175
82 5
45 143
48 189
176 66
68 48
196 13
159 155
1 105
30 110
186 39
78 105
81 187
44 73
7 87
101 136
48 12
105 77
162 28
128 148
77 143
24 37
101 25
95 49
30 31
158 80
87 90
125 131
162 143
181 145
128 3
20 17
193 192
24 84
81 101
103 28
54 68
161 77
91 140
110 152
147 142
185 71
167 115
24 195
43 33
171 116
176 22
29 78
157 57
137 150
53 120
39 53
170 164
190 163
104 160
92 23
124 163
93 36
180 125
143 107
56 67
112 16
8 134
80 185
133 65
100 180
137 134
118 33
194 81
15 173
199 192
56 50
38 198
166 11
42 13
169 111
145 56
28 40
32 43
160 80
89 46
142 32
199 81
37 122
38 81
13 139
169 134
42 156
8 4
65 85
193 24
118 26
85 26
32 154
89 95
145 157
95 145
98 151
61 1
189 76
155 68
193 137
47 82
152 22
13 158
179 74
108 28
71 168
37 104
112 74
41 109
20 67
118 77
27 60
88 16
141 58
112 182
17 35
131 124
23 58
151 97
64 9
192 126
46 137
84 68
188 52
107 109
198 68
127 102
6 106
93 178
104 25
97 183
117 60
154 54
180 43
174 45
140 69
166 132
74 193
2 98
130 47
168 134
97 32
150 42
117 173
83 117
174 156
12 15
188 76
16 74
21 68
105 189
81 14
93 84
24 58
82 199
154 200
173 28
49 22
12 158
185 108
159 89
126 4
183 71
96 87
162 172
187 128
116 26
120 93
102 29
49 103
106 80
145 129
72 192
200 21
1 196
129 15
186 72
115 162
144 14
44 158
7 42
20 50
11 47
139 114
68 20
168 91
72 47
144 170
128 193
1 117
58 14
149 181
78 69
7 187
101 172
48 40
67 18
158 61
188 6
162 32
185 129
148 115
77 179
24 1
13 82
6 113
134 58
7 200
101 61
67 101
195 56
158 76
34 102
20 53
114 184
77 4
81 65
191 12
157 108
23 98
181 102
110 180
57 40
20 164
13 109
171 80
185 67
29 82
107 94
9 108
53 92
147 27
181 174
170 152
190 95
137 81
104 156
123 168
86 28
124 199
52 100
15 16
56 95
184 20
38 147
57 51
170 43
33 92
62 21
190 46
137 162
66 72
123 25
160 13
89 153
52 11
199 164
10 91
113 35
132 99
99 16
29 114
193 75
156 121
85 77
160 124
89 10
71 110
18 118
146 67
75 107
113 188
166 134
99 97
28 163
122 194
32 166
145 121
165 118
41 56
169 115
61 37
189 80
27 125
122 53
88 125
179 166
17 71
145 10
112 67
192 43
149 91
175 146
16 46
107 184
198 17
127 181
74 3
37 157
40 143
168 68
131 88
18 140
188 31
117 111
64 21
121 100
84 88
140 154
13 100
177 135
70 95
2 21
74 146
3 146
150 71
57 156
117 16
174 73
103 29
69 157
16 39
144 108
36 42
164 103
2 70
104 124
79 84
26 64
154 189
83 17
170 133
103 114
69 46
35 146
149 3
36 185
183 58
130 162
117 186
82 171
135 183
49 50
31 102
159 61
20 29
126 32
176 38
92 112
126 135
96 115
59 121
80 53
116 126
45 70
194 31
102 57
196 54
159 194
200 49
163 135
1 32
129 107
115 190
172 79
120 26
48 69
176 10
105 116
128 173
92 150
181 95
66 15
152 35
6 194
101 192
29 185
176 153
195 135
28 45
148 23
24 29
152 82
63 132
138 45
67 65
105 150
158 168
87 2
162 183
119 124
39 159
134 177
63 21
191 32
138 188
138 112
170 20
124 5
161 117
53 15
110 80
185 127
39 108
5 172
9 169
119 63
191 177
123 199
33 51
90 4
56 140
184 65
147 55
35 85
170 124
119 179
156 191
49 59
123 180
160 186
33 172
180 53
18 184
56 123
41 162
31 127
80 129
62 35
62 49
113 3
156 46
45 25
160 41
96 69
14 9
180 164
49 149
119 54
184 159
38 14
166 83
42 197
62 128
65 108
28 16
32 83
14 39
142 24
109 155
146 167
165 153
166 162
74 139
27 168
65 29
28 135
47 165
179 21
145 101
37 95
94 128
4 168
98 95
181 139
189 116
27 89
199 126
47 10
175 193
13 166
51 79
108 100
99 23
94 19
41 165
23 13
61 186
192 55
84 13
13 55
141 66
70 40
17 188
127 169
74 39
37 177
40 107
188 35
64 113
192 166
140 190
107 53
144 57
92 49
164 52
49 17
99 58
3 142
129 57
154 110
12 64
50 143
30 84
197 76
144 72
8 137
193 33
20 24
169 130
97 104
153 174
154 145
199 48
177 16
69 2
16 146
35 142
146 188
183 30
59 20
187 91
82 143
135 155
102 74
12 166
159 17
21 38
186 145
116 82
135 40
48 146
196 42
200 45
1 12
182 77
129 119
115 154
152 144
116 193
44 102
172 51
101 147
48 97
176 54
30 145
72 103
200 188
54 11
148 68
4 15
78 189
100 125
134 115
7 131
11 196
195 99
158 117
34 63
181 188
54 186
20 126
148 43
24 121
43 183
6 57
10 52
138 193
157 163
158 132
81 29
181 45
114 192
167 78
134 157
11 119
105 186
194 168
157 84
90 105
151 135
110 108
114 83
5 128
43 85
171 152
100 2
137 24
104 69
16 30
52 173
53 148
56 168
184 93
76 27
169 118
133 108
136 192
9 86
47 86
156 131
89 160
52 92
180 9
151 162
56 23
112 14
62 45
172 127
58 198
86 183
142 69
18 47
131 132
38 42
42 185
115 11
145 42
28 116
32 127
51 141
14 3
6 174
146 139
75 51
169 58
99 185
27 180
155 123
27 87
175 116
51 58
179 113
108 57
112 60
165 14
131 23
82 124
98 99
64 191
27 37
141 21
17 15
71 141
112 139
40 184
2 31
131 3
60 171
188 80
151 92
64 46
50 81
178 26
141 102
70 20
127 77
93 173
40 71
23 134
117 39
64 93
192 130
121 28
174 22
140 162
69 196
107 17
144 37
73 129
36 19
74 170
2 159
21 155
22 90
188 182
117 200
111 63
173 166
46 76
26 78
103 37
69 85
126 158
93 79
108 183
79 12
177 60
54 159
105 175
6 198
96 76
59 48
187 103
116 7
79 189
182 47
120 66
173 72
102 118
49 122
68 162
31 62
15 25
183 147
186 181
149 47
109 95
44 187
45 142
181 194
72 52
182 41
129 83
186 36
115 118
81 186
44 74
7 86
48 13
11 147
192 122
196 157
125 17
128 149
38 144
24 38
152 27
6 138
91 163
176 161
30 28
87 85
182 135
181 144
54 134
20 18
77 31
24 85
43 147
6 37
101 105
161 76
181 1
57 19
39 167
167 114
24 196
171 119
100 87
63 45
191 120
194 140
157 56
161 61
53 71
57 124
114 119
147 152
80 43
33 75
100 38
104 101
185 77
124 188
15 63
143 106
184 121
147 111
76 63
198 129
5 117
29 105
190 51
137 133
85 199
86 96
15 172
18 128
140 172
166 8
42 10
136 75
74 22
32 44
160 81
89 45
142 33
199 80
144 55
75 78
191 99
166 155
169 133
132 31
47 105
8 5
118 160
65 84
28 88
122 175
32 155
14 31
120 35
71 26
169 22
151 130
27 144
155 71
193 136
122 30
13 157
51 22
71 171
90 82
75 172
94 88
41 108
98 7
64 155
104 96
178 175
141 57
113 158
168 105
117 198
9 53
23 53
151 96
64 10
192 127
121 79
13 127
107 108
173 180
108 195
127 97
74 127
3 185
60 62
23 170
117 59
90 18
195 171
69 184
16 60
70 131
130 104
36 55
181 14
93 34
130 44
168 135
97 39
93 2
26 109
154 166
83 116
190 169
17 12
197 4
173 143
73 14
93 83
46 103
187 18
150 154
143 22
49 21
31 141
197 149
109 70
163 29
19 28
59 92
25 92
79 145
82 87
45 97
102 18
49 102
68 134
106 81
16 86
182 154
57 151
186 73
115 165
116 138
44 159
7 37
176 111
139 117
72 80
200 101
54 64
182 53
129 191
148 141
21 121
149 180
78 74
81 166
44 46
7 186
101 171
11 191
122 58
158 34
125 53
137 105
111 6
180 44
77 178
132 3
81 55
134 59
10 125
138 54
30 120
162 144
111 119
19 105
6 1
143 128
190 56
115 41
161 104
90 190
143 168
181 101
147 173
3 195
114 8
167 22
5 183
18 156
104 14
157 28
5 71
33 22
110 36
57 152
194 108
108 54
190 92
137 80
104 157
123 171
160 159
15 19
143 78
83 133
19 84
14 166
76 35
5 105
133 164
187 105
9 110
137 161
70 137
160 14
113 34
166 52
132 108
8 82
136 103
65 135
28 13
156 122
85 76
45 11
160 125
14 72
71 105
109 182
146 64
166 135
4 38
194 196
122 195
85 61
32 167
51 197
179 56
142 172
94 165
41 63
169 114
160 53
61 36
136 116
118 63
155 35
193 148
47 113
175 44
88 126
51 114
186 134
198 135
145 9
119 100
94 52
194 144
178 198
3 44
199 108
141 93
37 156
189 155
3 4
131 91
23 89
26 175
183 157
84 89
45 65
186 163
73 200
127 5
164 17
193 88
8 98
46 21
78 14
177 154
69 156
92 7
93 6
59 154
22 2
150 55
79 87
117 128
154 186
181 182
14 94
16 183
186 76
73 42
8 86
193 51
130 163
59 11
187 62
150 166
153 66
82 168
120 11
102 175
12 131
106 34
197 137
126 33
163 57
1 182
55 127
59 120
165 146
116 127
82 59
135 199
102 62
49 130
135 117
200 50
163 134
182 102
129 106
21 44
115 133
152 181
7 9
135 84
48 70
11 74
30 186
34 169
200 129
1 80
129 155
148 161
77 197
149 200
78 166
6 195
7 158
10 142
138 91
176 154
30 197
158 30
34 24
162 69
91 41
128 93
111 26
148 16
152 83
81 19
10 17
78 28
67 64
195 23
158 169
87 29
181 200
111 139
39 158
44 84
24 141
10 33
171 46
134 182
191 35
138 189
197 103
143 140
181 121
57 75
20 185
167 58
171 191
9 168
63 101
191 176
29 53
123 198
128 162
124 117
105 66
90 5
53 191
56 141
57 180
189 66
5 60
133 119
9 57
137 76
156 184
29 166
58 47
86 57
180 54
109 120
41 45
19 112
38 188
193 37
42 51
5 77
133 152
136 180
119 35
61 63
123 36
86 168
180 165
109 9
146 21
184 160
38 15
153 138
136 3
28 17
156 94
198 69
148 74
51 176
89 101
71 77
109 154
146 164
75 22
17 81
95 91
4 140
99 156
27 171
175 83
32 195
145 100
112 17
109 25
94 129
4 169
8 172
155 15
84 159
175 192
88 90
179 133
17 34
112 96
94 16
41 164
62 66
151 59
64 195
192 8
155 188
84 14
175 177
107 167
70 41
17 179
127 168
151 10
168 33
60 119
26 131
111 38
192 167
121 7
84 125
118 91
140 191
148 28
107 52
70 184
10 112
74 183
41 190
168 176
22 191
150 96
115 89
26 50
174 106
12 65
18 166
16 4
144 73
104 110
36 79
55 189
97 111
20 12
83 44
10 72
103 145
31 180
69 1
16 147
59 23
187 90
153 94
71 143
120 39
173 99
102 75
49 93
176 200
4 79
72 138
126 93
107 154
55 67
183 142
186 158
25 20
82 31
135 43
12 100
176 88
196 43
200 46
182 66
129 118
58 84
149 123
78 19
104 54
7 109
101 146
105 87
196 186
72 104
93 41
6 12
115 10
13 91
6 175
134 112
7 130
10 162
138 127
11 199
30 33
144 150
54 187
111 62
148 52
157 25
43 182
81 127
134 3
10 53
157 162
157 144
23 107
118 2
91 162
111 175
167 73
178 55
171 10
63 8
191 71
194 169
157 83
33 109
161 16
90 118
110 109
57 103
114 80
80 64
181 21
190 133
137 31
104 70
52 174
90 25
143 17
56 169
19 31
147 82
167 175
133 107
62 67
9 85
137 104
20 152
86 69
89 167
180 10
109 92
9 196
113 25
7 14
167 27
194 186
66 177
85 147
86 180
117 66
18 44
38 43
166 124
4 111
122 119
189 181
65 79
28 117
85 4
32 112
89 65
3 135
11 185
75 50
169 57
53 117
27 183
155 122
175 119
179 112
198 188
112 61
165 13
137 69
6 82
118 103
100 107
84 179
122 106
111 64
141 20
108 73
37 195
40 185
131 2
60 164
151 95
64 47
192 20
84 34
50 78
178 27
141 101
151 132
74 88
168 29
97 169
188 192
117 38
192 131
190 182
50 33
69 195
83 88
73 128
191 155
74 171
168 172
22 91
12 84
26 22
173 165
177 162
50 176
69 84
16 96
73 17
55 129
2 15
89 90
59 194
187 9
79 15
83 200
9 26
103 181
159 103
52 197
163 96
183 125
96 77
121 176
79 188
45 124
83 185
49 121
181 26
126 121
182 191
183 146
186 178
115 200
116 183
2 14
120 178
139 72
68 50
196 15
159 133
72 53
119 142
92 168
129 82
108 88
66 54
44 75
7 81
101 182
194 99
105 51
30 169
54 20
148 89
77 141
78 158
6 139
113 94
172 167
10 70
138 19
30 29
158 86
87 84
125 129
181 159
54 135
111 82
78 67
43 146
81 91
194 92
80 161
87 197
91 142
57 18
20 130
89 22
171 118
100 80
170 146
9 107
124 78
161 60
143 196
147 1
76 169
114 116
80 44
100 39
119 197
104 162
123 142
124 189
52 130
180 127
177 87
56 69
76 56
86 139
170 53
8 95
62 127
100 182
69 183
132 181
89 131
52 49
15 175
109 64
56 52
38 196
132 137
65 186
193 109
139 165
32 45
25 64
14 109
180 157
199 83
146 93
38 87
166 152
181 107
160 46
8 6
28 89
122 172
32 156
14 28
145 147
165 80
127 43
151 157
8 149
155 70
47 92
175 11
51 25
179 76
198 152
145 44
61 192
94 89
41 83
98 4
118 67
197 117
79 117
178 172
143 12
102 14
198 43
127 147
53 129
112 168
4 119
188 117
151 99
121 78
59 167
178 63
141 137
70 113
93 176
40 36
97 181
60 63
106 70
121 63
174 51
140 71
135 49
197 114
96 59
36 48
93 33
168 136
22 103
170 49
26 106
83 119
121 168
174 162
12 9
69 72
197 3
126 187
99 90
32 104
93 82
8 23
129 5
150 155
153 101
136 44
173 26
139 150
177 95
159 91
91 11
35 73
92 110
71 2
183 65
96 105
187 130
25 35
153 22
152 162
31 29
72 194
182 116
182 155
53 5
21 23
115 164
116 139
198 140
172 93
11 33
68 22
200 102
54 65
92 140
129 190
58 12
81 165
7 181
101 170
48 42
195 173
125 52
162 62
128 114
185 135
148 125
77 177
24 3
152 120
81 54
134 56
172 139
10 122
138 55
195 58
158 178
87 120
34 100
21 101
20 55
149 144
160 67
161 111
62 4
53 41
181 100
147 172
20 166
114 9
198 195
80 121
14 150
109 132
100 116
191 159
194 145
94 160
125 118
90 46
190 75
69 51
80 8
133 18
160 23
9 28
47 79
124 193
42 50
143 73
56 97
113 80
68 64
189 84
170 41
8 99
136 153
190 44
156 196
123 27
180 194
19 196
169 82
189 140
71 181
65 134
193 73
156 123
85 75
160 126
142 2
109 181
146 65
75 109
88 121
4 39
8 34
118 141
65 55
28 189
85 60
32 184
51 196
4 108
142 173
145 127
94 170
41 62
4 182
98 185
151 161
8 177
118 60
155 34
84 132
47 112
175 47
88 127
179 168
198 132
71 142
37 10
94 53
157 43
61 148
111 9
175 156
178 80
107 186
164 131
168 70
131 90
60 108
168 104
50 22
13 98
141 173
70 93
164 18
93 148
22 144
150 69
134 48
117 30
154 8
174 79
103 31
140 107
148 34
197 86
144 110
73 88
36 84
164 97
2 68
59 157
79 86
117 143
174 190
103 108
35 148
73 41
36 187
137 95
130 160
59 10
150 167
153 65
49 48
12 188
106 35
16 199
126 38
8 100
96 117
59 123
187 174
25 63
82 56
45 68
157 172
188 102
1 38
129 105
21 43
115 128
152 182
111 127
44 124
135 87
48 71
11 77
30 187
114 174
200 130
128 175
115 49
152 37
44 19
7 153
10 143
6 75
74 32
181 166
20 100
148 17
21 47
178 12
81 18
134 36
63 134
101 95
138 43
195 22
137 143
91 89
111 138
39 153
189 27
25 97
157 78
111 39
90 147
110 86
57 74
39 110
80 101
84 38
100 104
191 179
124 118
184 67
57 187
5 59
133 118
60 159
9 56
137 115
156 185
29 165
123 182
86 62
33 162
14 180
15 118
109 119
19 115
38 189
76 64
170 13
133 135
62 55
9 144
119 34
66 170
123 39
160 43
14 186
142 111
180 166
109 8
146 18
38 12
4 116
132 65
53 28
189 144
29 77
28 18
156 95
142 30
18 88
189 1
65 19
87 187
51 32
179 23
142 137
39 25
37 93
172 72
131 152
4 170
98 93
151 197
8 173
118 24
155 14
5 153
47 20
13 164
179 132
108 102
112 97
131 41
188 78
151 58
64 196
192 9
190 159
27 46
178 116
107 166
144 172
17 178
39 52
164 167
168 34
117 65
64 115
104 92
46 199
140 184
107 55
70 185
22 188
150 97
188 172
26 51
190 160
12 66
50 141
69 127
197 74
144 74
73 116
55 188
2 40
130 21
59 185
154 159
170 142
177 22
31 183
35 176
184 84
8 32
130 132
187 93
116 45
82 141
45 23
83 156
177 103
19 69
159 19
35 1
92 86
55 66
183 137
96 17
149 9
167 181
82 28
135 42
104 134
11 24
49 173
72 26
200 47
182 67
129 117
58 85
96 128
115 156
152 146
116 195
172 45
11 105
105 86
68 110
125 11
72 105
200 190
54 9
15 26
115 13
6 172
134 113
194 117
11 198
195 101
34 61
91 52
128 58
136 30
111 57
35 197
24 123
69 13
67 63
158 138
54 152
181 43
131 36
39 189
167 72
134 147
63 11
191 70
157 82
33 108
87 145
90 119
53 97
181 92
53 164
5 142
161 139
171 154
190 138
104 71
45 57
52 175
15 37
53 146
56 170
184 95
35 88
167 174
133 106
42 33
9 84
137 111
156 157
123 82
86 90
170 79
15 74
18 154
19 143
19 169
42 20
62 36
110 64
119 6
156 12
120 43
160 55
21 149
142 75
180 186
173 95
166 125
4 104
42 167
18 16
8 107
132 136
104 196
193 49
122 137
85 3
51 143
14 1
1 179
146 137
75 53
98 142
45 61
47 187
175 118
51 60
179 115
108 59
71 193
112 62
165 12
126 65
102 96
118 100
18 54
88 55
141 19
17 13
37 194
40 186
94 13
41 135
60 165
188 82
151 94
136 16
42 112
50 79
88 166
141 100
15 100
17 158
127 79
93 171
168 30
80 22
117 37
42 15
174 20
70 165
182 136
74 168
2 157
130 70
165 192
117 93
26 23
62 183
173 164
46 82
174 135
12 102
50 177
135 39
197 46
126 156
73 16
107 88
2 12
187 8
12 74
139 32
197 191
163 99
55 49
183 124
99 68
104 22
25 70
104 116
102 116
31 56
21 33
30 190
193 31
186 179
149 92
96 83
145 185
44 181
120 179
31 84
176 69
109 136
196 8
159 132
72 54
200 75
92 192
92 169
129 81
96 172
115 120
78 108
81 184
44 68
172 17
172 83
48 15
11 149
34 159
68 66
65 15
81 107
105 41
129 194
148 90
109 131
24 40
152 29
6 136
134 93
172 160
10 71
138 16
176 163
195 65
125 128
181 158
182 59
99 142
24 87
43 149
7 105
157 133
161 66
47 170
91 129
167 108
24 198
9 150
194 138
157 54
33 8
90 75
53 69
110 14
57 130
131 77
170 163
133 61
137 58
104 163
123 129
124 190
52 131
15 57
143 116
56 70
184 123
147 113
76 57
87 193
5 115
62 124
9 112
119 117
125 47
86 102
14 195
195 188
151 185
56 53
42 8
136 77
65 185
28 43
156 16
32 46
14 114
180 158
146 90
4 76
8 7
118 166
28 90
122 173
11 171
89 92
151 24
37 23
95 146
61 30
189 73
27 146
155 89
193 142
47 95
175 10
100 140
51 24
198 153
165 32
41 82
98 5
151 13
64 157
118 64
95 4
176 186
152 105
88 19
141 55
198 40
194 162
40 150
3 42
131 97
60 73
188 118
192 113
46 140
84 71
50 115
13 125
107 110
127 99
74 125
40 37
3 187
97 180
23 164
151 176
154 53
91 9
170 76
174 48
33 67
69 166
197 113
144 3
30 14
151 46
93 32
168 137
97 37
150 41
79 125
154 164
46 110
92 196
103 75
106 189
58 178
16 77
126 184
155 171
93 81
170 120
150 152
153 100
173 25
49 11
12 153
31 143
3 52
197 147
126 11
30 83
1 168
151 69
96 106
59 94
187 133
25 34
79 147
120 96
87 6
49 100
68 128
200 24
170 148
129 12
186 87
188 11
151 146
172 102
135 114
176 97
139 119
188 116
125 66
72 82
200 103
54 70
1 74
81 86
58 13
115 84
78 72
81 164
44 40
7 180
105 46
158 32
156 41
148 126
77 176
6 116
172 132
10 123
16 10
67 102
105 191
158 179
87 123
125 164
91 124
110 200
68 158
111 113
114 183
30 179
88 128
6 7
111 171
138 135
157 105
192 84
168 19
143 170
181 99
147 175
114 6
167 16
17 132
43 14
108 34
100 117
29 47
33 20
90 47
53 89
110 42
57 158
26 145
170 135
133 17
190 66
194 1
161 113
86 19
33 133
70 101
15 29
143 72
160 131
15 75
5 87
133 162
62 24
100 171
119 89
66 71
13 88
89 158
109 35
19 199
113 32
166 42
147 194
8 84
193 72
5 41
141 192
160 127
71 107
109 180
38 112
4 32
151 75
8 35
118 130
153 71
28 190
122 193
85 59
51 199
142 178
164 39
94 171
41 61
169 112
98 182
8 178
155 37
51 116
179 171
17 68
71 137
37 9
94 58
153 155
151 17
192 46
13 16
107 189
164 140
40 114
60 109
2 99
9 200
140 149
13 97
107 74
173 175
127 7
74 145
20 197
150 90
188 137
117 29
174 76
103 30
69 154
197 85
144 111
79 115
75 99
164 98
93 4
130 14
10 48
97 65
150 53
26 79
174 191
12 46
106 145
69 43
35 151
73 40
36 164
55 200
59 13
187 48
97 90
79 198
82 166
45 50
173 125
102 173
12 189
31 99
35 100
163 59
92 115
55 143
96 118
25 62
135 193
139 2
53 19
200 52
1 37
126 186
21 42
152 183
97 125
44 125
7 11
135 86
176 13
105 121
68 11
34 167
200 131
54 34
182 23
184 7
78 164
6 193
44 12
10 140
176 156
14 8
34 22
137 108
128 95
157 175
77 84
24 96
152 85
6 80
134 37
194 71
67 66
105 155
158 175
161 153
12 194
91 88
111 149
171 32
138 187
33 71
161 10
90 144
110 87
185 124
15 87
167 52
80 102
171 177
9 174
191 178
29 51
80 12
90 3
53 189
56 143
57 186
5 58
133 117
9 63
137 114
156 186
29 164
123 73
160 189
33 161
52 123
15 113
18 183
184 51
113 115
42 49
170 10
133 134
62 52
137 195
66 171
139 170
123 38
25 121
142 108
180 167
199 133
146 19
38 13
166 86
4 117
42 192
99 49
193 84
156 88
120 57
89 107
71 79
18 89
165 134
166 161
169 195
99 158
27 173
28 130
175 93
32 197
145 90
75 153
94 135
4 171
98 90
184 60
8 174
27 90
155 1
47 23
13 163
179 135
17 32
127 197
94 22
131 40
126 115
156 100
64 197
186 130
178 117
164 160
37 190
3 98
152 164
60 113
23 127
26 129
64 116
84 127
14 126
50 59
120 131
144 60
127 59
164 55
193 83
168 178
150 102
83 65
199 70
12 67
50 138
184 100
197 73
92 28
2 41
130 18
59 184
177 21
69 15
16 149
35 179
41 141
130 133
187 92
25 105
153 92
82 138
45 22
173 97
199 29
106 4
182 127
1 144
96 18
165 157
116 93
172 100
142 70
113 164
49 172
184 96
125 114
21 51
163 164
92 198
129 116
58 82
186 15
115 159
25 139
78 60
11 104
30 148
72 106
200 191
54 14
58 197
115 12
152 2
6 173
134 118
172 189
138 125
34 58
91 55
128 59
142 162
111 56
148 54
24 124
43 168
6 60
176 4
101 114
157 160
128 194
158 139
87 35
181 42
110 128
39 188
167 75
133 165
43 57
171 12
134 144
63 10
194 167
157 81
90 116
96 182
110 115
57 101
76 135
114 78
5 141
43 86
171 157
137 29
29 23
37 151
54 37
124 155
180 101
53 145
19 33
147 84
76 22
167 169
170 95
136 195
196 148
119 144
156 158
89 165
52 95
155 85
18 155
56 26
19 142
113 31
136 82
119 1
156 13
85 145
32 3
160 72
14 151
142 72
18 42
95 40
42 164
89 102
189 179
136 33
65 77
28 119
118 6
85 2
32 114
14 6
146 134
16 50
169 63
98 143
189 36
27 137
122 77
51 63
179 114
17 115
145 70
37 112
37 25
94 99
188 150
4 143
98 126
20 71
47 43
13 199
141 18
108 75
10 80
112 142
41 134
60 166
188 83
151 89
64 33
192 22
155 154
50 76
88 167
141 99
30 23
164 196
3 94
178 132
60 21
117 36
192 133
121 33
174 21
124 65
140 93
69 193
125 139
36 30
74 169
199 33
168 174
97 24
188 177
26 20
173 163
121 146
174 132
103 38
50 174
69 82
16 98
126 157
195 59
36 109
61 190
93 76
194 164
20 9
179 69
103 183
168 114
197 190
35 175
55 48
183 127
96 79
187 120
25 69
82 110
45 122
83 187
93 77
49 127
106 120
72 168
126 127
182 189
129 39
149 44
45 139
48 177
176 70
159 135
92 170
58 118
21 98
115 123
78 109
81 191
44 69
172 18
127 173
157 176
122 89
196 152
162 24
128 104
129 193
152 30
81 200
10 68
138 17
176 164
30 3
158 84
125 159
162 139
91 19
128 7
111 92
39 88
24 88
6 24
191 20
181 58
75 54
161 65
91 128
20 140
167 111
24 199
43 37
171 104
100 82
194 139
141 188
161 50
143 198
110 15
147 3
76 171
170 160
147 32
190 167
119 199
2 77
104 164
52 140
15 56
143 119
56 71
19 61
42 102
170 51
62 125
190 54
137 138
66 96
123 113
86 103
89 129
199 188
56 54
19 170
178 180
166 15
42 9
143 151
28 36
66 147
160 84
14 115
142 36
180 159
18 14
146 91
113 148
169 138
42 152
33 115
28 91
122 170
85 38
161 38
147 200
39 102
90 68
169 27
61 29
8 151
27 149
155 88
80 93
13 154
51 27
179 78
198 158
145 34
37 20
41 81
40 178
61 142
64 158
88 20
141 54
198 41
168 108
131 96
60 74
64 13
104 83
121 76
84 64
50 112
178 61
70 119
145 12
40 38
22 138
60 57
23 167
154 50
121 61
174 49
140 65
197 112
144 4
36 50
130 43
46 81
190 185
150 46
79 124
154 165
173 135
121 174
16 78
42 41
2 17
182 168
187 23
153 107
12 89
139 136
177 93
31 142
126 8
163 30
20 193
78 123
25 33
79 146
194 3
102 17
68 129
106 92
103 127
200 25
79 44
92 31
129 3
44 154
172 103
190 97
68 16
34 128
72 83
200 104
54 71
182 8
144 132
58 10
149 177
78 73
42 114
44 41
7 183
101 168
48 44
11 176
5 14
158 33
12 108
162 60
128 116
111 3
148 127
86 54
24 5
81 52
134 62
172 133
138 53
190 10
105 190
87 122
125 163
91 127
111 112
114 180
165 11
6 4
99 172
138 132
80 166
161 109
90 189
143 181
110 184
147 174
20 160
114 7
167 19
80 123
43 1
159 99
104 113
67 135
90 44
53 88
119 95
110 43
147 31
168 119
100 197
33 37
194 30
123 172
25 96
124 195
52 96
15 28
143 75
184 24
38 151
76 94
86 140
195 170
133 161
137 166
156 198
120 34
160 1
52 23
15 141
199 160
83 150
19 198
126 55
99 20
136 106
156 117
14 79
18 114
75 111
38 113
166 186
95 96
98 196
8 36
27 192
65 53
28 191
41 152
145 125
33 57
169 119
98 183
151 163
27 113
84 134
175 41
88 65
179 170
108 124
145 14
37 8
189 141
111 108
61 146
13 15
108 147
127 177
40 115
3 9
188 27
26 170
46 169
84 100
197 59
140 150
88 159
141 171
70 83
11 117
127 6
32 72
154 22
12 88
140 101
69 153
73 94
36 86
143 131
93 3
130 15
59 159
79 80
26 76
8 76
174 188
12 47
139 41
35 150
182 148
22 35
130 190
59 12
187 51
150 165
79 193
82 167
83 130
102 162
139 180
177 121
120 182
1 139
30 54
21 184
187 160
116 122
176 120
120 125
152 167
102 61
196 50
1 36
129 111
186 104
115 130
152 184
25 174
44 126
176 14
30 185
196 65
125 101
196 93
200 132
54 35
182 20
28 188
115 51
152 39
71 35
4 71
138 70
105 9
158 29
34 23
162 64
91 42
1 99
20 102
58 145
189 25
101 93
105 154
158 172
161 152
62 13
162 179
186 33
111 148
39 155
24 144
134 181
191 44
138 184
124 1
105 108
53 11
110 84
24 165
76 156
167 55
5 168
171 176
63 102
191 189
124 112
53 188
56 144
147 59
167 132
4 181
171 193
137 113
156 187
123 72
86 60
105 55
180 49
18 180
56 127
184 52
113 114
157 92
42 62
80 133
136 183
23 157
123 57
86 175
14 184
142 109
109 6
26 190
184 163
113 195
166 87
4 118
132 67
5 7
99 48
65 96
122 50
156 89
32 87
51 181
89 106
145 200
18 86
146 163
75 11
13 129
4 5
99 129
179 25
142 143
145 89
37 91
75 152
17 70
41 24
169 83
8 175
88 138
84 154
47 22
13 162
169 3
127 196
94 23
23 9
61 182
64 198
155 177
105 60
107 152
144 174
17 176
127 85
37 189
40 111
168 36
60 114
23 126
64 117
192 186
24 44
84 120
54 166
144 61
139 52
164 48
130 96
88 8
150 103
149 198
173 190
46 52
174 105
50 139
16 7
144 76
73 122
55 190
2 38
29 32
97 108
153 178
181 155
69 14
35 178
105 171
81 4
59 40
187 95
79 165
82 139
45 21
172 44
102 78
177 101
31 70
159 29
34 121
1 151
55 92
183 139
186 157
149 23
116 94
24 90
45 166
48 150
11 26
49 163
196 22
159 162
72 28
161 200
105 142
194 15
58 83
21 77
149 120
78 22
44 98
172 47
40 112
30 149
169 179
168 69
72 107
200 160
58 194
115 15
78 129
195 103
87 77
164 175
181 184
128 60
111 59
148 55
77 119
24 125
43 171
81 124
134 6
136 28
101 113
157 191
87 34
111 168
39 191
167 74
43 56
134 145
63 53
104 58
157 80
33 98
113 140
53 111
57 153
57 100
114 79
80 67
43 73
190 136
104 73
63 13
52 169
143 18
184 97
147 87
76 23
53 60
133 104
62 70
9 90
194 70
152 58
15 84
18 152
56 27
19 145
136 83
66 140
14 148
142 73
39 121
199 104
38 46
166 115
169 173
132 39
99 44
65 76
5 185
181 24
136 152
89 70
71 50
146 135
75 55
166 194
57 92
4 72
99 189
27 136
155 127
195 25
47 69
51 62
108 53
112 48
165 10
41 116
4 136
98 127
61 105
64 179
118 122
1 116
141 17
17 3
37 192
188 108
151 88
64 34
155 157
178 22
141 98
144 138
127 73
164 197
93 169
40 75
97 40
23 130
143 47
64 81
192 134
174 26
140 94
69 192
107 21
144 25
36 31
74 18
97 31
150 3
188 178
26 21
154 78
83 92
46 80
174 133
103 33
50 175
197 44
126 130
73 22
93 75
187 10
97 67
79 8
23 169
104 166
195 149
31 149
159 96
35 174
183 126
21 143
187 123
79 185
120 70
173 68
102 106
31 58
200 184
35 63
145 123
7 61
135 8
48 178
176 71
170 84
181 32
196 10
72 56
1 108
129 87
58 119
186 32
115 122
172 19
101 179
9 82
105 48
68 76
125 45
162 25
128 105
148 100
156 135
152 31
6 142
134 83
10 69
138 30
176 165
105 193
87 81
162 136
91 18
128 24
20 30
17 82
6 25
191 23
67 29
161 64
185 74
180 13
167 110
43 36
132 195
100 83
109 97
191 100
194 136
157 52
33 14
87 183
90 73
143 193
110 12
147 2
165 87
39 48
136 134
190 164
119 198
104 165
45 52
92 175
124 184
149 72
180 122
143 118
147 115
76 59
42 103
133 76
100 177
66 97
185 196
123 112
116 53
14 193
52 60
15 168
109 61
65 191
28 37
85 180
135 141
142 37
180 152
199 76
75 66
113 139
166 159
35 98
8 9
65 40
122 171
85 37
32 159
92 113
96 7
92 5
165 93
169 26
160 49
61 28
189 71
27 148
193 140
47 89
175 20
45 106
17 94
145 33
193 97
75 160
41 80
126 74
151 15
118 70
199 112
175 133
178 171
25 56
198 46
112 171
40 152
168 109
131 99
60 75
188 112
151 124
64 14
192 115
46 146
89 48
50 113
45 69
107 96
127 109
74 123
40 39
3 189
60 58
154 51
174 54
16 48
70 135
73 161
36 51
97 84
93 62
189 186
168 139
22 122
26 105
173 134
174 161
177 195
16 79
113 121
36 130
169 136
150 158
42 134
12 155
197 145
126 9
1 39
55 23
96 108
116 103
79 157
82 83
45 93
102 22
139 24
68 130
106 93
200 26
92 24
129 2
28 85
186 85
149 103
145 188
88 163
135 108
78 55
11 34
139 105
34 129
72 84
200 105
128 198
182 9
148 137
3 116
149 176
44 42
1 135
10 150
48 45
125 49
21 87
185 132
148 120
77 174
169 54
152 123
81 43
78 24
67 104
30 124
185 147
34 99
158 11
91 126
111 115
114 181
77 63
88 168
7 100
148 132
199 195
158 192
53 54
96 189
110 185
147 177
185 102
39 71
5 179
104 114
53 167
110 40
147 30
76 200
8 153
80 11
119 170
104 129
123 175
33 155
52 97
180 94
53 200
56 100
113 85
76 95
5 85
136 156
176 197
152 36
123 28
86 128
15 140
199 163
85 19
112 56
135 172
189 137
65 155
99 93
118 9
85 72
67 113
142 1
71 101
109 178
41 12
75 110
113 183
166 187
98 197
118 128
142 176
145 124
165 113
94 169
131 161
4 177
98 180
61 32
88 66
51 118
179 173
108 125
71 139
37 55
94 56
41 76
30 90
61 145
95 105
149 163
47 34
66 194
3 8
131 95
60 111
188 20
117 106
192 95
46 174
118 71
140 151
141 170
127 1
40 3
22 151
188 139
12 154
154 23
46 25
174 82
103 24
140 102
197 83
144 97
36 87
164 108
2 67
130 12
59 158
22 6
79 83
185 199
83 20
174 189
12 40
106 159
69 41
35 153
36 166
96 35
130 191
59 15
176 101
82 164
135 178
173 123
49 53
177 120
106 46
128 23
163 61
92 77
55 123
21 199
59 124
187 163
116 123
120 126
102 50
139 4
3 47
182 122
27 195
131 98
149 99
152 185
44 127
172 68
135 80
48 122
11 78
157 185
68 117
41 64
54 32
148 173
77 193
178 30
49 58
112 33
96 91
176 158
105 8
158 2
31 108
34 20
162 65
181 163
128 81
20 103
58 158
77 82
24 98
81 23
134 27
144 154
67 68
161 159
1 152
162 176
185 17
77 35
63 16
138 185
124 2
168 24
120 10
110 85
46 180
76 157
160 148
167 54
43 108
9 172
63 97
181 30
33 54
26 154
57 32
5 56
137 112
156 180
29 162
86 61
180 50
109 116
76 67
80 134
62 58
60 59
157 42
14 185
93 39
18 196
146 17
38 3
166 84
169 176
132 76
62 133
9 133
28 109
185 126
87 169
51 180
14 40
144 33
165 132
169 193
3 92
99 128
27 175
65 16
28 156
47 160
175 95
17 37
145 88
74 174
37 90
165 21
94 133
131 157
4 149
98 88
61 68
69 163
118 31
100 111
84 155
47 17
13 161
17 38
144 6
40 193
94 20
131 42
60 156
188 73
155 176
170 183
102 26
175 189
178 115
144 175
198 118
71 123
60 115
23 121
135 137
136 163
192 187
121 11
84 121
95 28
127 37
164 49
130 97
168 180
22 179
97 58
173 189
46 53
103 60
50 136
69 124
197 55
144 77
73 121
36 75
2 39
130 16
59 186
147 54
9 22
177 11
31 176
197 36
16 151
35 181
163 72
55 46
187 94
116 40
79 164
135 150
194 10
102 79
31 65
159 28
103 68
35 2
79 37
1 150
55 95
183 138
116 95
82 27
120 154
45 180
49 162
159 173
72 29
119 178
119 126
182 70
58 80
21 76
149 135
78 23
25 137
172 40
101 158
48 102
11 106
105 91
123 183
54 12
184 12
86 147
78 134
134 116
172 191
138 123
100 155
30 37
142 154
181 135
54 191
20 123
148 48
164 50
187 41
63 167
101 112
194 64
157 190
80 173
161 187
90 195
91 166
185 45
167 69
43 59
171 14
113 125
104 59
157 47
76 71
161 20
53 110
110 113
39 15
5 139
171 159
190 137
137 3
29 21
124 149
52 170
180 103
143 29
56 173
184 98
76 16
170 93
62 54
136 197
190 24
119 146
29 134
135 164
86 89
189 92
199 54
19 144
113 29
76 103
136 84
67 148
156 15
32 5
14 149
1 173
180 133
18 40
146 117
153 55
166 112
95 42
42 162
99 47
62 161
193 54
135 131
14 4
146 132
165 184
166 195
189 34
118 200
155 126
199 139
122 7
175 115
51 1
179 116
17 113
145 68
37 126
94 97
41 123
106 113
64 180
81 133
88 58
186 140
108 69
112 128
3 51
131 6
60 160
23 44
177 36
155 156
18 37
139 27
178 23
25 10
74 68
40 76
45 140
31 25
64 82
192 135
140 95
45 183
107 20
144 26
36 24
147 120
149 35
97 30
188 179
26 18
163 179
121 144
131 39
177 166
50 172
69 80
126 131
36 111
32 84
2 11
15 149
79 11
173 50
102 104
159 179
31 148
120 173
105 122
126 18
163 100
55 50
59 55
187 122
116 12
79 184
82 108
68 175
126 125
129 37
96 48
149 42
44 176
45 137
11 57
139 76
68 62
159 129
200 78
54 121
92 164
129 86
58 116
96 175
149 155
78 115
81 189
172 12
101 178
48 2
11 150
195 181
139 104
162 22
105 146
129 199
148 101
24 43
104 121
118 179
172 163
10 66
138 31
176 166
195 66
158 90
91 21
20 31
114 142
77 26
115 114
43 150
81 95
157 130
54 69
30 164
90 167
91 130
92 136
147 148
185 73
167 105
58 138
7 90
194 137
67 173
124 74
10 75
110 13
147 5
76 165
80 32
133 58
137 63
194 56
86 10
52 142
15 58
56 73
147 114
26 138
5 112
62 99
190 52
66 126
85 194
148 183
14 198
52 61
15 171
108 51
169 110
136 112
28 38
156 19
152 50
58 50
128 145
14 113
180 153
75 69
38 75
95 14
132 4
181 131
65 47
193 18
122 168
85 36
101 121
108 8
95 159
189 70
71 148
155 90
176 136
47 88
175 23
108 26
71 166
165 45
61 140
27 4
175 132
88 22
141 52
179 193
108 169
127 159
40 153
168 110
109 192
60 68
23 48
151 127
64 15
192 116
121 82
51 185
37 47
3 188
22 136
157 33
23 161
121 195
96 138
58 164
70 132
73 160
36 60
130 41
108 66
22 123
150 44
117 183
173 133
121 172
174 166
177 194
69 52
197 15
30 125
103 194
183 44
182 44
178 90
150 159
153 105
173 22
139 138
31 136
159 71
197 144
34 96
101 66
55 22
41 143
21 162
139 142
116 96
29 197
82 80
45 92
48 192
49 153
188 106
72 198
163 145
129 1
186 82
115 168
44 148
135 111
48 95
176 100
95 191
68 18
89 192
200 106
128 199
1 79
129 178
148 138
149 191
107 123
44 43
7 177
48 46
11 178
106 104
162 58
125 122
20 76
148 121
77 173
24 7
152 124
134 60
7 198
101 39
67 107
105 188
109 123
125 161
162 173
91 113
121 92
20 51
114 178
77 62
24 182
171 57
38 120
191 10
138 130
